policy_training_condition,policy_training_seed,tag,environment_steps,value
nominal,5,rollout/ep_rew_mean,8192,66.26668548583984
nominal,5,rollout/ep_rew_mean,16384,58.63314437866211
nominal,5,rollout/ep_rew_mean,24576,92.05046844482422
nominal,5,rollout/ep_rew_mean,32768,88.76327514648438
nominal,5,rollout/ep_rew_mean,40960,119.51594543457031
nominal,5,rollout/ep_rew_mean,49152,102.47344207763672
nominal,5,rollout/ep_rew_mean,57344,104.18275451660156
nominal,5,rollout/ep_rew_mean,65536,139.3522186279297
nominal,5,rollout/ep_rew_mean,73728,161.67230224609375
nominal,5,rollout/ep_rew_mean,81920,159.99073791503906
nominal,5,rollout/ep_rew_mean,90112,144.01388549804688
nominal,5,rollout/ep_rew_mean,98304,142.2928466796875
nominal,5,rollout/ep_rew_mean,106496,178.85784912109375
nominal,5,rollout/ep_rew_mean,114688,185.19297790527344
nominal,5,rollout/ep_rew_mean,122880,217.70346069335938
nominal,5,rollout/ep_rew_mean,131072,192.19613647460938
nominal,5,rollout/ep_rew_mean,139264,187.30751037597656
nominal,5,rollout/ep_rew_mean,147456,178.2374725341797
nominal,5,rollout/ep_rew_mean,155648,196.2755889892578
nominal,5,rollout/ep_rew_mean,163840,183.26771545410156
nominal,5,rollout/ep_rew_mean,172032,198.4379425048828
nominal,5,rollout/ep_rew_mean,180224,239.06590270996094
nominal,5,rollout/ep_rew_mean,188416,201.2063751220703
nominal,5,rollout/ep_rew_mean,196608,189.79739379882812
nominal,5,rollout/ep_rew_mean,204800,226.84286499023438
nominal,5,rollout/ep_rew_mean,212992,251.02064514160156
nominal,5,rollout/ep_rew_mean,221184,235.6775360107422
nominal,5,rollout/ep_rew_mean,229376,210.20294189453125
nominal,5,rollout/ep_rew_mean,237568,239.09463500976562
nominal,5,rollout/ep_rew_mean,245760,252.32962036132812
nominal,5,rollout/ep_rew_mean,253952,288.7888488769531
nominal,5,rollout/ep_rew_mean,262144,226.5534210205078
nominal,5,rollout/ep_rew_mean,270336,157.77890014648438
nominal,5,rollout/ep_rew_mean,278528,198.28587341308594
nominal,5,rollout/ep_rew_mean,286720,235.3394012451172
nominal,5,rollout/ep_rew_mean,294912,255.54119873046875
nominal,5,rollout/ep_rew_mean,303104,204.54043579101562
nominal,5,rollout/ep_rew_mean,311296,190.69564819335938
nominal,5,rollout/ep_rew_mean,319488,221.6753692626953
nominal,5,rollout/ep_rew_mean,327680,212.39462280273438
nominal,5,rollout/ep_rew_mean,335872,250.66639709472656
nominal,5,rollout/ep_rew_mean,344064,302.6723327636719
nominal,5,rollout/ep_rew_mean,352256,329.4166259765625
nominal,5,rollout/ep_rew_mean,360448,375.1445617675781
nominal,5,rollout/ep_rew_mean,368640,318.0487365722656
nominal,5,rollout/ep_rew_mean,376832,332.82220458984375
nominal,5,rollout/ep_rew_mean,385024,289.0295715332031
nominal,5,rollout/ep_rew_mean,393216,313.7747802734375
nominal,5,rollout/ep_rew_mean,401408,345.7659606933594
nominal,5,rollout/ep_rew_mean,409600,327.4168701171875
nominal,5,rollout/ep_rew_mean,417792,356.4007263183594
nominal,5,rollout/ep_rew_mean,425984,348.9239501953125
nominal,5,rollout/ep_rew_mean,434176,361.65771484375
nominal,5,rollout/ep_rew_mean,442368,354.1879577636719
nominal,5,rollout/ep_rew_mean,450560,324.4671630859375
nominal,5,rollout/ep_rew_mean,458752,328.2225036621094
nominal,5,rollout/ep_rew_mean,466944,295.6050109863281
nominal,5,rollout/ep_rew_mean,475136,314.42645263671875
nominal,5,rollout/ep_rew_mean,483328,349.3556823730469
nominal,5,rollout/ep_rew_mean,491520,358.3526916503906
nominal,5,rollout/ep_rew_mean,499712,384.47003173828125
nominal,5,rollout/ep_rew_mean,507904,341.2745361328125
nominal,5,rollout/ep_rew_mean,516096,329.9930114746094
nominal,5,rollout/ep_rew_mean,524288,335.532470703125
nominal,5,rollout/ep_rew_mean,532480,321.59954833984375
nominal,5,rollout/ep_rew_mean,540672,277.36260986328125
nominal,5,rollout/ep_rew_mean,548864,297.38818359375
nominal,5,rollout/ep_rew_mean,557056,323.3761901855469
nominal,5,rollout/ep_rew_mean,565248,343.84234619140625
nominal,5,rollout/ep_rew_mean,573440,396.2377014160156
nominal,5,rollout/ep_rew_mean,581632,421.6470642089844
nominal,5,rollout/ep_rew_mean,589824,404.0290832519531
nominal,5,rollout/ep_rew_mean,598016,395.0648193359375
nominal,5,rollout/ep_rew_mean,606208,442.7845458984375
nominal,5,rollout/ep_rew_mean,614400,412.7021484375
nominal,5,rollout/ep_rew_mean,622592,400.25927734375
nominal,5,rollout/ep_rew_mean,630784,421.83966064453125
nominal,5,rollout/ep_rew_mean,638976,436.4159240722656
nominal,5,rollout/ep_rew_mean,647168,428.1634521484375
nominal,5,rollout/ep_rew_mean,655360,453.2549743652344
nominal,5,rollout/ep_rew_mean,663552,460.7305908203125
nominal,5,rollout/ep_rew_mean,671744,420.6974792480469
nominal,5,rollout/ep_rew_mean,679936,357.44610595703125
nominal,5,rollout/ep_rew_mean,688128,330.6531066894531
nominal,5,rollout/ep_rew_mean,696320,325.9967956542969
nominal,5,rollout/ep_rew_mean,704512,351.1005859375
nominal,5,rollout/ep_rew_mean,712704,426.1505432128906
nominal,5,rollout/ep_rew_mean,720896,423.3061218261719
nominal,5,rollout/ep_rew_mean,729088,421.20361328125
nominal,5,rollout/ep_rew_mean,737280,477.93865966796875
nominal,5,rollout/ep_rew_mean,745472,458.0201721191406
nominal,5,rollout/ep_rew_mean,753664,514.0262451171875
nominal,5,rollout/ep_rew_mean,761856,473.7330627441406
nominal,5,rollout/ep_rew_mean,770048,526.668701171875
nominal,5,rollout/ep_rew_mean,778240,470.97113037109375
nominal,5,rollout/ep_rew_mean,786432,467.7572021484375
nominal,5,rollout/ep_rew_mean,794624,473.12054443359375
nominal,5,rollout/ep_rew_mean,802816,446.3258361816406
nominal,5,rollout/ep_rew_mean,811008,450.79119873046875
nominal,5,rollout/ep_rew_mean,819200,344.1888427734375
nominal,5,rollout/ep_rew_mean,827392,376.96746826171875
nominal,5,rollout/ep_rew_mean,835584,406.0686340332031
nominal,5,rollout/ep_rew_mean,843776,371.8536376953125
nominal,5,rollout/ep_rew_mean,851968,345.0499267578125
nominal,5,rollout/ep_rew_mean,860160,313.7197265625
nominal,5,rollout/ep_rew_mean,868352,316.7342224121094
nominal,5,rollout/ep_rew_mean,876544,331.07049560546875
nominal,5,rollout/ep_rew_mean,884736,332.78985595703125
nominal,5,rollout/ep_rew_mean,892928,403.5664367675781
nominal,5,rollout/ep_rew_mean,901120,454.6691589355469
nominal,5,rollout/ep_rew_mean,909312,445.017333984375
nominal,5,rollout/ep_rew_mean,917504,462.7290344238281
nominal,5,rollout/ep_rew_mean,925696,424.6298522949219
nominal,5,rollout/ep_rew_mean,933888,414.1993408203125
nominal,5,rollout/ep_rew_mean,942080,436.2683410644531
nominal,5,rollout/ep_rew_mean,950272,476.437255859375
nominal,5,rollout/ep_rew_mean,958464,497.2013854980469
nominal,5,rollout/ep_rew_mean,966656,511.89208984375
nominal,5,rollout/ep_rew_mean,974848,480.9931335449219
nominal,5,rollout/ep_rew_mean,983040,498.6400146484375
nominal,5,rollout/ep_rew_mean,991232,411.7134094238281
nominal,5,rollout/ep_rew_mean,999424,468.451904296875
nominal,5,rollout/ep_rew_mean,1007616,498.3740234375
nominal,5,rollout/ep_rew_mean,1015808,496.8418273925781
nominal,5,rollout/ep_rew_mean,1024000,523.1807250976562
nominal,5,rollout/ep_rew_mean,1032192,546.8566284179688
nominal,5,rollout/ep_rew_mean,1040384,544.2201538085938
nominal,5,rollout/ep_rew_mean,1048576,519.6749267578125
nominal,5,rollout/ep_rew_mean,1056768,544.2051391601562
nominal,5,rollout/ep_rew_mean,1064960,528.5774536132812
nominal,5,rollout/ep_rew_mean,1073152,524.1879272460938
nominal,5,rollout/ep_rew_mean,1081344,487.9158935546875
nominal,5,rollout/ep_rew_mean,1089536,477.2126159667969
nominal,5,rollout/ep_rew_mean,1097728,496.1519470214844
nominal,5,rollout/ep_rew_mean,1105920,510.2042541503906
nominal,5,rollout/ep_rew_mean,1114112,526.6810302734375
nominal,5,rollout/ep_rew_mean,1122304,548.7222900390625
nominal,5,rollout/ep_rew_mean,1130496,605.4597778320312
nominal,5,rollout/ep_rew_mean,1138688,613.9628295898438
nominal,5,rollout/ep_rew_mean,1146880,648.2363891601562
nominal,5,rollout/ep_rew_mean,1155072,627.4273681640625
nominal,5,rollout/ep_rew_mean,1163264,593.034423828125
nominal,5,rollout/ep_rew_mean,1171456,605.016845703125
nominal,5,rollout/ep_rew_mean,1179648,582.7076416015625
nominal,5,rollout/ep_rew_mean,1187840,570.1047973632812
nominal,5,rollout/ep_rew_mean,1196032,623.468505859375
nominal,5,rollout/ep_rew_mean,1204224,660.8440551757812
nominal,5,rollout/ep_rew_mean,1212416,704.3375854492188
nominal,5,rollout/ep_rew_mean,1220608,702.7225952148438
nominal,5,rollout/ep_rew_mean,1228800,744.7579956054688
nominal,5,rollout/ep_rew_mean,1236992,717.3505859375
nominal,5,rollout/ep_rew_mean,1245184,731.646728515625
nominal,5,rollout/ep_rew_mean,1253376,710.9066162109375
nominal,5,rollout/ep_rew_mean,1261568,674.9622802734375
nominal,5,rollout/ep_rew_mean,1269760,642.621337890625
nominal,5,rollout/ep_rew_mean,1277952,600.0502319335938
nominal,5,rollout/ep_rew_mean,1286144,594.1862182617188
nominal,5,rollout/ep_rew_mean,1294336,610.0513305664062
nominal,5,rollout/ep_rew_mean,1302528,637.998046875
nominal,5,rollout/ep_rew_mean,1310720,643.8491821289062
nominal,5,rollout/ep_rew_mean,1318912,593.1602172851562
nominal,5,rollout/ep_rew_mean,1327104,636.25341796875
nominal,5,rollout/ep_rew_mean,1335296,588.49609375
nominal,5,rollout/ep_rew_mean,1343488,577.0708618164062
nominal,5,rollout/ep_rew_mean,1351680,584.10009765625
nominal,5,rollout/ep_rew_mean,1359872,614.1681518554688
nominal,5,rollout/ep_rew_mean,1368064,665.5613403320312
nominal,5,rollout/ep_rew_mean,1376256,706.7998657226562
nominal,5,rollout/ep_rew_mean,1384448,732.3541870117188
nominal,5,rollout/ep_rew_mean,1392640,785.5680541992188
nominal,5,rollout/ep_rew_mean,1400832,795.6074829101562
nominal,5,rollout/ep_rew_mean,1409024,702.9625244140625
nominal,5,rollout/ep_rew_mean,1417216,708.9642944335938
nominal,5,rollout/ep_rew_mean,1425408,612.8041381835938
nominal,5,rollout/ep_rew_mean,1433600,592.4647216796875
nominal,5,rollout/ep_rew_mean,1441792,571.70068359375
nominal,5,rollout/ep_rew_mean,1449984,564.0097045898438
nominal,5,rollout/ep_rew_mean,1458176,598.7548828125
nominal,5,rollout/ep_rew_mean,1466368,633.1260986328125
nominal,5,rollout/ep_rew_mean,1474560,612.8465576171875
nominal,5,rollout/ep_rew_mean,1482752,614.9408569335938
nominal,5,rollout/ep_rew_mean,1490944,631.4237670898438
nominal,5,rollout/ep_rew_mean,1499136,582.2960815429688
nominal,5,rollout/ep_rew_mean,1507328,572.2858276367188
nominal,5,rollout/ep_rew_mean,1515520,585.2382202148438
nominal,5,rollout/ep_rew_mean,1523712,633.3182373046875
nominal,5,rollout/ep_rew_mean,1531904,649.1300048828125
nominal,5,rollout/ep_rew_mean,1540096,671.5213623046875
nominal,5,rollout/ep_rew_mean,1548288,726.3240356445312
nominal,5,rollout/ep_rew_mean,1556480,792.7548217773438
nominal,5,rollout/ep_rew_mean,1564672,830.1803588867188
nominal,5,rollout/ep_rew_mean,1572864,846.6414184570312
nominal,5,rollout/ep_rew_mean,1581056,862.302978515625
nominal,5,rollout/ep_rew_mean,1589248,791.0244750976562
nominal,5,rollout/ep_rew_mean,1597440,798.9312744140625
nominal,5,rollout/ep_rew_mean,1605632,764.8196411132812
nominal,5,rollout/ep_rew_mean,1613824,771.786376953125
nominal,5,rollout/ep_rew_mean,1622016,736.89306640625
nominal,5,rollout/ep_rew_mean,1630208,712.5844116210938
nominal,5,rollout/ep_rew_mean,1638400,789.5496215820312
nominal,5,rollout/ep_rew_mean,1646592,774.1343383789062
nominal,5,rollout/ep_rew_mean,1654784,760.7554931640625
nominal,5,rollout/ep_rew_mean,1662976,779.6101684570312
nominal,5,rollout/ep_rew_mean,1671168,753.2445068359375
nominal,5,rollout/ep_rew_mean,1679360,721.6278076171875
nominal,5,rollout/ep_rew_mean,1687552,792.2197875976562
nominal,5,rollout/ep_rew_mean,1695744,754.1112670898438
nominal,5,rollout/ep_rew_mean,1703936,760.256103515625
nominal,5,rollout/ep_rew_mean,1712128,741.9541015625
nominal,5,rollout/ep_rew_mean,1720320,754.8772583007812
nominal,5,rollout/ep_rew_mean,1728512,823.7484130859375
nominal,5,rollout/ep_rew_mean,1736704,785.6170043945312
nominal,5,rollout/ep_rew_mean,1744896,831.3623657226562
nominal,5,rollout/ep_rew_mean,1753088,851.8988037109375
nominal,5,rollout/ep_rew_mean,1761280,829.7883911132812
nominal,5,rollout/ep_rew_mean,1769472,811.1211547851562
nominal,5,rollout/ep_rew_mean,1777664,795.6453857421875
nominal,5,rollout/ep_rew_mean,1785856,817.8477783203125
nominal,5,rollout/ep_rew_mean,1794048,807.8766479492188
nominal,5,rollout/ep_rew_mean,1802240,810.693603515625
nominal,5,rollout/ep_rew_mean,1810432,851.578369140625
nominal,5,rollout/ep_rew_mean,1818624,858.6348876953125
nominal,5,rollout/ep_rew_mean,1826816,850.1372680664062
nominal,5,rollout/ep_rew_mean,1835008,853.5194091796875
nominal,5,rollout/ep_rew_mean,1843200,909.025634765625
nominal,5,rollout/ep_rew_mean,1851392,955.739501953125
nominal,5,rollout/ep_rew_mean,1859584,944.8511962890625
nominal,5,rollout/ep_rew_mean,1867776,874.865234375
nominal,5,rollout/ep_rew_mean,1875968,917.3435668945312
nominal,5,rollout/ep_rew_mean,1884160,928.85595703125
nominal,5,rollout/ep_rew_mean,1892352,884.2383422851562
nominal,5,rollout/ep_rew_mean,1900544,802.4228515625
nominal,5,rollout/ep_rew_mean,1908736,854.6887817382812
nominal,5,rollout/ep_rew_mean,1916928,865.9879760742188
nominal,5,rollout/ep_rew_mean,1925120,865.546142578125
nominal,5,rollout/ep_rew_mean,1933312,916.8079223632812
nominal,5,rollout/ep_rew_mean,1941504,921.19140625
nominal,5,rollout/ep_rew_mean,1949696,976.2139892578125
nominal,5,rollout/ep_rew_mean,1957888,1028.30322265625
nominal,5,rollout/ep_rew_mean,1966080,931.6463012695312
nominal,5,rollout/ep_rew_mean,1974272,981.0618896484375
nominal,5,rollout/ep_rew_mean,1982464,988.9152221679688
nominal,5,rollout/ep_rew_mean,1990656,970.6292114257812
nominal,5,rollout/ep_rew_mean,1998848,894.8369750976562
nominal,5,rollout/ep_rew_mean,2007040,890.1185302734375
nominal,5,rollout/ep_rew_mean,2015232,883.6049194335938
nominal,5,rollout/ep_rew_mean,2023424,872.3042602539062
nominal,5,rollout/ep_rew_mean,2031616,844.2935180664062
nominal,5,rollout/ep_rew_mean,2039808,776.6177368164062
nominal,5,rollout/ep_rew_mean,2048000,818.8837890625
nominal,5,rollout/ep_rew_mean,2056192,771.093505859375
nominal,5,rollout/ep_rew_mean,2064384,788.0369262695312
nominal,5,rollout/ep_rew_mean,2072576,740.8974609375
nominal,5,rollout/ep_rew_mean,2080768,749.6265869140625
nominal,5,rollout/ep_rew_mean,2088960,765.0928955078125
nominal,5,rollout/ep_rew_mean,2097152,747.8800048828125
nominal,5,rollout/ep_rew_mean,2105344,751.3888549804688
nominal,5,rollout/ep_rew_mean,2113536,819.9906616210938
nominal,5,rollout/ep_rew_mean,2121728,836.7410278320312
nominal,5,rollout/ep_rew_mean,2129920,877.2091064453125
nominal,5,rollout/ep_rew_mean,2138112,912.630126953125
nominal,5,rollout/ep_rew_mean,2146304,949.9237060546875
nominal,5,rollout/ep_rew_mean,2154496,1001.048583984375
nominal,5,rollout/ep_rew_mean,2162688,1045.0228271484375
nominal,5,rollout/ep_rew_mean,2170880,1064.4267578125
nominal,5,rollout/ep_rew_mean,2179072,1025.8638916015625
nominal,5,rollout/ep_rew_mean,2187264,1118.6790771484375
nominal,5,rollout/ep_rew_mean,2195456,1064.2259521484375
nominal,5,rollout/ep_rew_mean,2203648,1077.2159423828125
nominal,5,rollout/ep_rew_mean,2211840,1039.3936767578125
nominal,5,rollout/ep_rew_mean,2220032,1037.0322265625
nominal,5,rollout/ep_rew_mean,2228224,1006.4124755859375
nominal,5,rollout/ep_rew_mean,2236416,1024.4495849609375
nominal,5,rollout/ep_rew_mean,2244608,1039.6578369140625
nominal,5,rollout/ep_rew_mean,2252800,1030.6029052734375
nominal,5,rollout/ep_rew_mean,2260992,1071.99853515625
nominal,5,rollout/ep_rew_mean,2269184,1108.124755859375
nominal,5,rollout/ep_rew_mean,2277376,1104.9927978515625
nominal,5,rollout/ep_rew_mean,2285568,1145.017822265625
nominal,5,rollout/ep_rew_mean,2293760,1167.444091796875
nominal,5,rollout/ep_rew_mean,2301952,1157.6558837890625
nominal,5,rollout/ep_rew_mean,2310144,1125.5843505859375
nominal,5,rollout/ep_rew_mean,2318336,1122.3387451171875
nominal,5,rollout/ep_rew_mean,2326528,1090.4793701171875
nominal,5,rollout/ep_rew_mean,2334720,1055.161865234375
nominal,5,rollout/ep_rew_mean,2342912,1000.6901245117188
nominal,5,rollout/ep_rew_mean,2351104,957.9948120117188
nominal,5,rollout/ep_rew_mean,2359296,900.7054443359375
nominal,5,rollout/ep_rew_mean,2367488,907.2318725585938
nominal,5,rollout/ep_rew_mean,2375680,904.2750244140625
nominal,5,rollout/ep_rew_mean,2383872,859.7335815429688
nominal,5,rollout/ep_rew_mean,2392064,899.7698364257812
nominal,5,rollout/ep_rew_mean,2400256,898.876220703125
nominal,5,rollout/ep_rew_mean,2408448,936.5298461914062
nominal,5,rollout/ep_rew_mean,2416640,969.6102905273438
nominal,5,rollout/ep_rew_mean,2424832,1009.2368774414062
nominal,5,rollout/ep_rew_mean,2433024,992.5217895507812
nominal,5,rollout/ep_rew_mean,2441216,943.8184814453125
nominal,5,rollout/ep_rew_mean,2449408,936.38671875
nominal,5,rollout/ep_rew_mean,2457600,989.0667724609375
nominal,5,rollout/ep_rew_mean,2465792,972.174072265625
nominal,5,rollout/ep_rew_mean,2473984,959.4351806640625
nominal,5,rollout/ep_rew_mean,2482176,910.1731567382812
nominal,5,rollout/ep_rew_mean,2490368,981.5005493164062
nominal,5,rollout/ep_rew_mean,2498560,1041.729248046875
nominal,5,rollout/ep_rew_mean,2506752,1054.2237548828125
nominal,5,rollout/ep_rew_mean,2514944,1047.437744140625
nominal,5,rollout/ep_rew_mean,2523136,1066.0120849609375
nominal,5,rollout/ep_rew_mean,2531328,1090.15869140625
nominal,5,rollout/ep_rew_mean,2539520,1156.48828125
nominal,5,rollout/ep_rew_mean,2547712,1149.5335693359375
nominal,5,rollout/ep_rew_mean,2555904,1071.8050537109375
nominal,5,rollout/ep_rew_mean,2564096,1089.5528564453125
nominal,5,rollout/ep_rew_mean,2572288,1133.9368896484375
nominal,5,rollout/ep_rew_mean,2580480,1150.28759765625
nominal,5,rollout/ep_rew_mean,2588672,1147.7435302734375
nominal,5,rollout/ep_rew_mean,2596864,1183.2745361328125
nominal,5,rollout/ep_rew_mean,2605056,1196.133544921875
nominal,5,rollout/ep_rew_mean,2613248,1236.4212646484375
nominal,5,rollout/ep_rew_mean,2621440,1253.915771484375
nominal,5,rollout/ep_rew_mean,2629632,1259.2503662109375
nominal,5,rollout/ep_rew_mean,2637824,1259.6685791015625
nominal,5,rollout/ep_rew_mean,2646016,1271.5068359375
nominal,5,rollout/ep_rew_mean,2654208,1277.2596435546875
nominal,5,rollout/ep_rew_mean,2662400,1232.5771484375
nominal,5,rollout/ep_rew_mean,2670592,1230.9830322265625
nominal,5,rollout/ep_rew_mean,2678784,1165.6240234375
nominal,5,rollout/ep_rew_mean,2686976,1146.9786376953125
nominal,5,rollout/ep_rew_mean,2695168,1178.8367919921875
nominal,5,rollout/ep_rew_mean,2703360,1172.1893310546875
nominal,5,rollout/ep_rew_mean,2711552,1128.8074951171875
nominal,5,rollout/ep_rew_mean,2719744,1098.2562255859375
nominal,5,rollout/ep_rew_mean,2727936,1095.813232421875
nominal,5,rollout/ep_rew_mean,2736128,1112.8214111328125
nominal,5,rollout/ep_rew_mean,2744320,1133.168212890625
nominal,5,rollout/ep_rew_mean,2752512,1056.680908203125
nominal,5,rollout/ep_rew_mean,2760704,1025.4169921875
nominal,5,rollout/ep_rew_mean,2768896,994.8449096679688
nominal,5,rollout/ep_rew_mean,2777088,931.9410400390625
nominal,5,rollout/ep_rew_mean,2785280,967.5942993164062
nominal,5,rollout/ep_rew_mean,2793472,1027.7333984375
nominal,5,rollout/ep_rew_mean,2801664,1053.0897216796875
nominal,5,rollout/ep_rew_mean,2809856,1082.860107421875
nominal,5,rollout/ep_rew_mean,2818048,1115.634765625
nominal,5,rollout/ep_rew_mean,2826240,1120.2921142578125
nominal,5,rollout/ep_rew_mean,2834432,1132.1961669921875
nominal,5,rollout/ep_rew_mean,2842624,1201.456787109375
nominal,5,rollout/ep_rew_mean,2850816,1139.1048583984375
nominal,5,rollout/ep_rew_mean,2859008,1104.162353515625
nominal,5,rollout/ep_rew_mean,2867200,1082.8516845703125
nominal,5,rollout/ep_rew_mean,2875392,1091.32568359375
nominal,5,rollout/ep_rew_mean,2883584,1130.586181640625
nominal,5,rollout/ep_rew_mean,2891776,1163.86572265625
nominal,5,rollout/ep_rew_mean,2899968,1116.0235595703125
nominal,5,rollout/ep_rew_mean,2908160,1149.360107421875
nominal,5,rollout/ep_rew_mean,2916352,1165.995849609375
nominal,5,rollout/ep_rew_mean,2924544,1211.0748291015625
nominal,5,rollout/ep_rew_mean,2932736,1216.5177001953125
nominal,5,rollout/ep_rew_mean,2940928,1179.4305419921875
nominal,5,rollout/ep_rew_mean,2949120,1185.3994140625
nominal,5,rollout/ep_rew_mean,2957312,1149.635498046875
nominal,5,rollout/ep_rew_mean,2965504,1086.6656494140625
nominal,5,rollout/ep_rew_mean,2973696,1148.523193359375
nominal,5,rollout/ep_rew_mean,2981888,1134.995361328125
nominal,5,rollout/ep_rew_mean,2990080,1140.75
nominal,5,rollout/ep_rew_mean,2998272,1143.4549560546875
nominal,5,rollout/ep_rew_mean,3006464,1180.4188232421875
nominal,5,rollout/ep_rew_mean,3014656,1176.6680908203125
nominal,5,rollout/ep_rew_mean,3022848,1245.271484375
nominal,5,rollout/ep_rew_mean,3031040,1276.676025390625
nominal,5,rollout/ep_rew_mean,3039232,1246.35693359375
nominal,5,rollout/ep_rew_mean,3047424,1296.1669921875
nominal,5,rollout/ep_rew_mean,3055616,1303.184326171875
nominal,5,rollout/ep_rew_mean,3063808,1319.3994140625
nominal,5,rollout/ep_rew_mean,3072000,1290.1058349609375
nominal,5,rollout/ep_rew_mean,3080192,1331.5897216796875
nominal,5,rollout/ep_rew_mean,3088384,1327.9805908203125
nominal,5,rollout/ep_rew_mean,3096576,1351.6290283203125
nominal,5,rollout/ep_rew_mean,3104768,1335.087158203125
nominal,5,rollout/ep_rew_mean,3112960,1318.845703125
nominal,5,rollout/ep_rew_mean,3121152,1280.1396484375
nominal,5,rollout/ep_rew_mean,3129344,1313.12841796875
nominal,5,rollout/ep_rew_mean,3137536,1331.89892578125
nominal,5,rollout/ep_rew_mean,3145728,1262.7515869140625
nominal,5,rollout/ep_rew_mean,3153920,1176.086669921875
nominal,5,rollout/ep_rew_mean,3162112,1134.6322021484375
nominal,5,rollout/ep_rew_mean,3170304,1096.59228515625
nominal,5,rollout/ep_rew_mean,3178496,1096.314697265625
nominal,5,rollout/ep_rew_mean,3186688,1036.8302001953125
nominal,5,rollout/ep_rew_mean,3194880,978.2213134765625
nominal,5,rollout/ep_rew_mean,3203072,1006.1700439453125
nominal,5,rollout/ep_rew_mean,3211264,1009.8765258789062
nominal,5,rollout/ep_rew_mean,3219456,1100.3232421875
nominal,5,rollout/ep_rew_mean,3227648,1147.421142578125
nominal,5,rollout/ep_rew_mean,3235840,1173.8470458984375
nominal,5,rollout/ep_rew_mean,3244032,1191.837158203125
nominal,5,rollout/ep_rew_mean,3252224,1297.1260986328125
nominal,5,rollout/ep_rew_mean,3260416,1347.708251953125
nominal,5,rollout/ep_rew_mean,3268608,1333.9727783203125
nominal,5,rollout/ep_rew_mean,3276800,1361.888916015625
nominal,5,rollout/ep_rew_mean,3284992,1380.291015625
nominal,5,rollout/ep_rew_mean,3293184,1329.36767578125
nominal,5,rollout/ep_rew_mean,3301376,1353.580078125
nominal,5,rollout/ep_rew_mean,3309568,1430.443603515625
nominal,5,rollout/ep_rew_mean,3317760,1335.759765625
nominal,5,rollout/ep_rew_mean,3325952,1339.46435546875
nominal,5,rollout/ep_rew_mean,3334144,1366.9796142578125
nominal,5,rollout/ep_rew_mean,3342336,1395.135498046875
nominal,5,rollout/ep_rew_mean,3350528,1421.5970458984375
nominal,5,rollout/ep_rew_mean,3358720,1393.3214111328125
nominal,5,rollout/ep_rew_mean,3366912,1403.489990234375
nominal,5,rollout/ep_rew_mean,3375104,1355.30078125
nominal,5,rollout/ep_rew_mean,3383296,1384.2994384765625
nominal,5,rollout/ep_rew_mean,3391488,1391.6531982421875
nominal,5,rollout/ep_rew_mean,3399680,1358.1455078125
nominal,5,rollout/ep_rew_mean,3407872,1343.576416015625
nominal,5,rollout/ep_rew_mean,3416064,1336.3656005859375
nominal,5,rollout/ep_rew_mean,3424256,1372.2301025390625
nominal,5,rollout/ep_rew_mean,3432448,1379.15576171875
nominal,5,rollout/ep_rew_mean,3440640,1394.425537109375
nominal,5,rollout/ep_rew_mean,3448832,1416.9765625
nominal,5,rollout/ep_rew_mean,3457024,1372.937744140625
nominal,5,rollout/ep_rew_mean,3465216,1399.860107421875
nominal,5,rollout/ep_rew_mean,3473408,1399.1614990234375
nominal,5,rollout/ep_rew_mean,3481600,1366.6912841796875
nominal,5,rollout/ep_rew_mean,3489792,1358.583251953125
nominal,5,rollout/ep_rew_mean,3497984,1334.16064453125
nominal,5,rollout/ep_rew_mean,3506176,1367.9447021484375
nominal,5,rollout/ep_rew_mean,3514368,1356.968505859375
nominal,5,rollout/ep_rew_mean,3522560,1402.518798828125
nominal,5,rollout/ep_rew_mean,3530752,1360.59228515625
nominal,5,rollout/ep_rew_mean,3538944,1382.7406005859375
nominal,5,rollout/ep_rew_mean,3547136,1376.9268798828125
nominal,5,rollout/ep_rew_mean,3555328,1341.6422119140625
nominal,5,rollout/ep_rew_mean,3563520,1302.2166748046875
nominal,5,rollout/ep_rew_mean,3571712,1291.2606201171875
nominal,5,rollout/ep_rew_mean,3579904,1303.9393310546875
nominal,5,rollout/ep_rew_mean,3588096,1272.62353515625
nominal,5,rollout/ep_rew_mean,3596288,1293.9278564453125
nominal,5,rollout/ep_rew_mean,3604480,1242.182373046875
nominal,5,rollout/ep_rew_mean,3612672,1273.101318359375
nominal,5,rollout/ep_rew_mean,3620864,1326.0091552734375
nominal,5,rollout/ep_rew_mean,3629056,1368.3848876953125
nominal,5,rollout/ep_rew_mean,3637248,1347.09130859375
nominal,5,rollout/ep_rew_mean,3645440,1351.614013671875
nominal,5,rollout/ep_rew_mean,3653632,1259.306396484375
nominal,5,rollout/ep_rew_mean,3661824,1354.0576171875
nominal,5,rollout/ep_rew_mean,3670016,1357.9019775390625
nominal,5,rollout/ep_rew_mean,3678208,1324.3380126953125
nominal,5,rollout/ep_rew_mean,3686400,1308.5645751953125
nominal,5,rollout/ep_rew_mean,3694592,1360.745361328125
nominal,5,rollout/ep_rew_mean,3702784,1332.260498046875
nominal,5,rollout/ep_rew_mean,3710976,1348.5943603515625
nominal,5,rollout/ep_rew_mean,3719168,1398.881103515625
nominal,5,rollout/ep_rew_mean,3727360,1357.5718994140625
nominal,5,rollout/ep_rew_mean,3735552,1343.4398193359375
nominal,5,rollout/ep_rew_mean,3743744,1404.7752685546875
nominal,5,rollout/ep_rew_mean,3751936,1349.281982421875
nominal,5,rollout/ep_rew_mean,3760128,1337.1480712890625
nominal,5,rollout/ep_rew_mean,3768320,1452.6697998046875
nominal,5,rollout/ep_rew_mean,3776512,1440.7109375
nominal,5,rollout/ep_rew_mean,3784704,1423.9608154296875
nominal,5,rollout/ep_rew_mean,3792896,1457.5654296875
nominal,5,rollout/ep_rew_mean,3801088,1466.068603515625
nominal,5,rollout/ep_rew_mean,3809280,1440.87890625
nominal,5,rollout/ep_rew_mean,3817472,1513.7064208984375
nominal,5,rollout/ep_rew_mean,3825664,1536.9287109375
nominal,5,rollout/ep_rew_mean,3833856,1470.9752197265625
nominal,5,rollout/ep_rew_mean,3842048,1523.4111328125
nominal,5,rollout/ep_rew_mean,3850240,1549.5511474609375
nominal,5,rollout/ep_rew_mean,3858432,1593.3709716796875
nominal,5,rollout/ep_rew_mean,3866624,1528.284912109375
nominal,5,rollout/ep_rew_mean,3874816,1546.531005859375
nominal,5,rollout/ep_rew_mean,3883008,1552.4501953125
nominal,5,rollout/ep_rew_mean,3891200,1532.7061767578125
nominal,5,rollout/ep_rew_mean,3899392,1548.034912109375
nominal,5,rollout/ep_rew_mean,3907584,1532.36181640625
nominal,5,rollout/ep_rew_mean,3915776,1539.61083984375
nominal,5,rollout/ep_rew_mean,3923968,1558.2113037109375
nominal,5,rollout/ep_rew_mean,3932160,1535.773681640625
nominal,5,rollout/ep_rew_mean,3940352,1512.6156005859375
nominal,5,rollout/ep_rew_mean,3948544,1527.370849609375
nominal,5,rollout/ep_rew_mean,3956736,1498.328369140625
nominal,5,rollout/ep_rew_mean,3964928,1480.7176513671875
nominal,5,rollout/ep_rew_mean,3973120,1513.3267822265625
nominal,5,rollout/ep_rew_mean,3981312,1534.3707275390625
nominal,5,rollout/ep_rew_mean,3989504,1545.3560791015625
nominal,5,rollout/ep_rew_mean,3997696,1573.626708984375
nominal,5,rollout/ep_rew_mean,4005888,1552.28955078125
nominal,5,rollout/ep_rew_mean,4014080,1598.858154296875
nominal,5,rollout/ep_rew_mean,4022272,1583.6656494140625
nominal,5,rollout/ep_rew_mean,4030464,1655.1663818359375
nominal,5,rollout/ep_rew_mean,4038656,1648.22607421875
nominal,5,rollout/ep_rew_mean,4046848,1666.5084228515625
nominal,5,rollout/ep_rew_mean,4055040,1691.9561767578125
nominal,5,rollout/ep_rew_mean,4063232,1668.6439208984375
nominal,5,rollout/ep_rew_mean,4071424,1653.323486328125
nominal,5,rollout/ep_rew_mean,4079616,1651.143310546875
nominal,5,rollout/ep_rew_mean,4087808,1656.6383056640625
nominal,5,rollout/ep_rew_mean,4096000,1701.8946533203125
nominal,5,rollout/ep_rew_mean,4104192,1703.237548828125
nominal,5,rollout/ep_rew_mean,4112384,1700.8905029296875
nominal,5,rollout/ep_rew_mean,4120576,1723.0936279296875
nominal,5,rollout/ep_rew_mean,4128768,1728.43359375
nominal,5,rollout/ep_rew_mean,4136960,1717.338134765625
nominal,5,rollout/ep_rew_mean,4145152,1740.2852783203125
nominal,5,rollout/ep_rew_mean,4153344,1767.411865234375
nominal,5,rollout/ep_rew_mean,4161536,1822.0533447265625
nominal,5,rollout/ep_rew_mean,4169728,1803.9178466796875
nominal,5,rollout/ep_rew_mean,4177920,1830.040283203125
nominal,5,rollout/ep_rew_mean,4186112,1850.58837890625
nominal,5,rollout/ep_rew_mean,4194304,1838.413818359375
nominal,5,rollout/ep_rew_mean,4202496,1784.2982177734375
nominal,5,rollout/ep_rew_mean,4210688,1815.5067138671875
nominal,5,rollout/ep_rew_mean,4218880,1818.8809814453125
nominal,5,rollout/ep_rew_mean,4227072,1761.7698974609375
nominal,5,rollout/ep_rew_mean,4235264,1632.4732666015625
nominal,5,rollout/ep_rew_mean,4243456,1553.7919921875
nominal,5,rollout/ep_rew_mean,4251648,1570.7032470703125
nominal,5,rollout/ep_rew_mean,4259840,1594.13134765625
nominal,5,rollout/ep_rew_mean,4268032,1605.54833984375
nominal,5,rollout/ep_rew_mean,4276224,1663.709228515625
nominal,5,rollout/ep_rew_mean,4284416,1722.8828125
nominal,5,rollout/ep_rew_mean,4292608,1675.453369140625
nominal,5,rollout/ep_rew_mean,4300800,1696.25732421875
nominal,5,rollout/ep_rew_mean,4308992,1733.7098388671875
nominal,5,rollout/ep_rew_mean,4317184,1800.1854248046875
nominal,5,rollout/ep_rew_mean,4325376,1827.943359375
nominal,5,rollout/ep_rew_mean,4333568,1899.2049560546875
nominal,5,rollout/ep_rew_mean,4341760,1906.3585205078125
nominal,5,rollout/ep_rew_mean,4349952,1817.5660400390625
nominal,5,rollout/ep_rew_mean,4358144,1830.5860595703125
nominal,5,rollout/ep_rew_mean,4366336,1833.405517578125
nominal,5,rollout/ep_rew_mean,4374528,1892.990478515625
nominal,5,rollout/ep_rew_mean,4382720,1968.7384033203125
nominal,5,rollout/ep_rew_mean,4390912,2027.245361328125
nominal,5,rollout/ep_rew_mean,4399104,1910.3426513671875
nominal,5,rollout/ep_rew_mean,4407296,1852.892822265625
nominal,5,rollout/ep_rew_mean,4415488,1815.822265625
nominal,5,rollout/ep_rew_mean,4423680,1859.74951171875
nominal,5,rollout/ep_rew_mean,4431872,1793.3828125
nominal,5,rollout/ep_rew_mean,4440064,1803.41650390625
nominal,5,rollout/ep_rew_mean,4448256,1713.9078369140625
nominal,5,rollout/ep_rew_mean,4456448,1650.899169921875
nominal,5,rollout/ep_rew_mean,4464640,1704.7982177734375
nominal,5,rollout/ep_rew_mean,4472832,1714.8773193359375
nominal,5,rollout/ep_rew_mean,4481024,1718.423828125
nominal,5,rollout/ep_rew_mean,4489216,1703.692626953125
nominal,5,rollout/ep_rew_mean,4497408,1691.6998291015625
nominal,5,rollout/ep_rew_mean,4505600,1749.772216796875
nominal,5,rollout/ep_rew_mean,4513792,1682.8143310546875
nominal,5,rollout/ep_rew_mean,4521984,1746.5830078125
nominal,5,rollout/ep_rew_mean,4530176,1798.48583984375
nominal,5,rollout/ep_rew_mean,4538368,1830.1912841796875
nominal,5,rollout/ep_rew_mean,4546560,1837.038818359375
nominal,5,rollout/ep_rew_mean,4554752,1805.4351806640625
nominal,5,rollout/ep_rew_mean,4562944,1884.84814453125
nominal,5,rollout/ep_rew_mean,4571136,1860.874755859375
nominal,5,rollout/ep_rew_mean,4579328,1814.1864013671875
nominal,5,rollout/ep_rew_mean,4587520,1869.3597412109375
nominal,5,rollout/ep_rew_mean,4595712,1893.2374267578125
nominal,5,rollout/ep_rew_mean,4603904,1869.298828125
nominal,5,rollout/ep_rew_mean,4612096,1781.27587890625
nominal,5,rollout/ep_rew_mean,4620288,1799.27978515625
nominal,5,rollout/ep_rew_mean,4628480,1830.457763671875
nominal,5,rollout/ep_rew_mean,4636672,1870.9388427734375
nominal,5,rollout/ep_rew_mean,4644864,1902.7723388671875
nominal,5,rollout/ep_rew_mean,4653056,1959.45556640625
nominal,5,rollout/ep_rew_mean,4661248,2013.662109375
nominal,5,rollout/ep_rew_mean,4669440,1948.0592041015625
nominal,5,rollout/ep_rew_mean,4677632,1923.12451171875
nominal,5,rollout/ep_rew_mean,4685824,1970.57861328125
nominal,5,rollout/ep_rew_mean,4694016,2008.8765869140625
nominal,5,rollout/ep_rew_mean,4702208,1957.5845947265625
nominal,5,rollout/ep_rew_mean,4710400,1916.060791015625
nominal,5,rollout/ep_rew_mean,4718592,1771.0594482421875
nominal,5,rollout/ep_rew_mean,4726784,1853.55859375
nominal,5,rollout/ep_rew_mean,4734976,1848.7957763671875
nominal,5,rollout/ep_rew_mean,4743168,1864.832763671875
nominal,5,rollout/ep_rew_mean,4751360,1881.3790283203125
nominal,5,rollout/ep_rew_mean,4759552,1885.70703125
nominal,5,rollout/ep_rew_mean,4767744,1907.084228515625
nominal,5,rollout/ep_rew_mean,4775936,1942.5999755859375
nominal,5,rollout/ep_rew_mean,4784128,1971.79345703125
nominal,5,rollout/ep_rew_mean,4792320,1992.4150390625
nominal,5,rollout/ep_rew_mean,4800512,1937.6712646484375
nominal,5,rollout/ep_rew_mean,4808704,1856.1607666015625
nominal,5,rollout/ep_rew_mean,4816896,1867.65380859375
nominal,5,rollout/ep_rew_mean,4825088,1914.58544921875
nominal,5,rollout/ep_rew_mean,4833280,1868.376708984375
nominal,5,rollout/ep_rew_mean,4841472,1818.8822021484375
nominal,5,rollout/ep_rew_mean,4849664,1819.600830078125
nominal,5,rollout/ep_rew_mean,4857856,1788.8306884765625
nominal,5,rollout/ep_rew_mean,4866048,1889.172119140625
nominal,5,rollout/ep_rew_mean,4874240,1925.8536376953125
nominal,5,rollout/ep_rew_mean,4882432,1968.3924560546875
nominal,5,rollout/ep_rew_mean,4890624,2072.990478515625
nominal,5,rollout/ep_rew_mean,4898816,2046.687255859375
nominal,5,rollout/ep_rew_mean,4907008,2065.568359375
nominal,5,rollout/ep_rew_mean,4915200,2108.22216796875
nominal,5,rollout/ep_rew_mean,4923392,2150.21142578125
nominal,5,rollout/ep_rew_mean,4931584,2148.88818359375
nominal,5,rollout/ep_rew_mean,4939776,2171.6953125
nominal,5,rollout/ep_rew_mean,4947968,2133.8544921875
nominal,5,rollout/ep_rew_mean,4956160,2062.99560546875
nominal,5,rollout/ep_rew_mean,4964352,2040.5279541015625
nominal,5,rollout/ep_rew_mean,4972544,2077.3583984375
nominal,5,rollout/ep_rew_mean,4980736,2078.27685546875
nominal,5,rollout/ep_rew_mean,4988928,2098.509765625
nominal,5,rollout/ep_rew_mean,4997120,2102.557373046875
nominal,5,rollout/ep_rew_mean,5005312,2048.660400390625
nominal,5,rollout/ep_len_mean,8192,74.02999877929688
nominal,5,rollout/ep_len_mean,16384,67.62999725341797
nominal,5,rollout/ep_len_mean,24576,105.87999725341797
nominal,5,rollout/ep_len_mean,32768,94.77999877929688
nominal,5,rollout/ep_len_mean,40960,121.88999938964844
nominal,5,rollout/ep_len_mean,49152,109.69000244140625
nominal,5,rollout/ep_len_mean,57344,107.87999725341797
nominal,5,rollout/ep_len_mean,65536,142.88999938964844
nominal,5,rollout/ep_len_mean,73728,165.1699981689453
nominal,5,rollout/ep_len_mean,81920,167.07000732421875
nominal,5,rollout/ep_len_mean,90112,149.3800048828125
nominal,5,rollout/ep_len_mean,98304,141.22999572753906
nominal,5,rollout/ep_len_mean,106496,176.72000122070312
nominal,5,rollout/ep_len_mean,114688,189.64999389648438
nominal,5,rollout/ep_len_mean,122880,217.66000366210938
nominal,5,rollout/ep_len_mean,131072,191.2899932861328
nominal,5,rollout/ep_len_mean,139264,182.5500030517578
nominal,5,rollout/ep_len_mean,147456,171.2899932861328
nominal,5,rollout/ep_len_mean,155648,190.07000732421875
nominal,5,rollout/ep_len_mean,163840,175.63999938964844
nominal,5,rollout/ep_len_mean,172032,191.77000427246094
nominal,5,rollout/ep_len_mean,180224,230.38999938964844
nominal,5,rollout/ep_len_mean,188416,191.1300048828125
nominal,5,rollout/ep_len_mean,196608,178.91000366210938
nominal,5,rollout/ep_len_mean,204800,215.32000732421875
nominal,5,rollout/ep_len_mean,212992,239.82000732421875
nominal,5,rollout/ep_len_mean,221184,225.97000122070312
nominal,5,rollout/ep_len_mean,229376,197.69000244140625
nominal,5,rollout/ep_len_mean,237568,223.83999633789062
nominal,5,rollout/ep_len_mean,245760,233.52999877929688
nominal,5,rollout/ep_len_mean,253952,269.4100036621094
nominal,5,rollout/ep_len_mean,262144,210.0800018310547
nominal,5,rollout/ep_len_mean,270336,147.88999938964844
nominal,5,rollout/ep_len_mean,278528,184.07000732421875
nominal,5,rollout/ep_len_mean,286720,218.7100067138672
nominal,5,rollout/ep_len_mean,294912,236.77999877929688
nominal,5,rollout/ep_len_mean,303104,188.91000366210938
nominal,5,rollout/ep_len_mean,311296,175.25999450683594
nominal,5,rollout/ep_len_mean,319488,201.92999267578125
nominal,5,rollout/ep_len_mean,327680,195.22000122070312
nominal,5,rollout/ep_len_mean,335872,229.47000122070312
nominal,5,rollout/ep_len_mean,344064,276.5
nominal,5,rollout/ep_len_mean,352256,300.5299987792969
nominal,5,rollout/ep_len_mean,360448,338.2300109863281
nominal,5,rollout/ep_len_mean,368640,286.95001220703125
nominal,5,rollout/ep_len_mean,376832,298.8599853515625
nominal,5,rollout/ep_len_mean,385024,262.1000061035156
nominal,5,rollout/ep_len_mean,393216,281.9200134277344
nominal,5,rollout/ep_len_mean,401408,306.2799987792969
nominal,5,rollout/ep_len_mean,409600,283.75
nominal,5,rollout/ep_len_mean,417792,306.1300048828125
nominal,5,rollout/ep_len_mean,425984,301.3999938964844
nominal,5,rollout/ep_len_mean,434176,312.8299865722656
nominal,5,rollout/ep_len_mean,442368,308.5199890136719
nominal,5,rollout/ep_len_mean,450560,282.57000732421875
nominal,5,rollout/ep_len_mean,458752,286.7300109863281
nominal,5,rollout/ep_len_mean,466944,257.55999755859375
nominal,5,rollout/ep_len_mean,475136,272.7799987792969
nominal,5,rollout/ep_len_mean,483328,300.2099914550781
nominal,5,rollout/ep_len_mean,491520,306.05999755859375
nominal,5,rollout/ep_len_mean,499712,327.8999938964844
nominal,5,rollout/ep_len_mean,507904,290.3999938964844
nominal,5,rollout/ep_len_mean,516096,281.9200134277344
nominal,5,rollout/ep_len_mean,524288,287.1300048828125
nominal,5,rollout/ep_len_mean,532480,275.3900146484375
nominal,5,rollout/ep_len_mean,540672,237.3800048828125
nominal,5,rollout/ep_len_mean,548864,253.7100067138672
nominal,5,rollout/ep_len_mean,557056,274.4100036621094
nominal,5,rollout/ep_len_mean,565248,292.3800048828125
nominal,5,rollout/ep_len_mean,573440,334.32000732421875
nominal,5,rollout/ep_len_mean,581632,352.67999267578125
nominal,5,rollout/ep_len_mean,589824,337.54998779296875
nominal,5,rollout/ep_len_mean,598016,329.260009765625
nominal,5,rollout/ep_len_mean,606208,365.7099914550781
nominal,5,rollout/ep_len_mean,614400,339.4200134277344
nominal,5,rollout/ep_len_mean,622592,327.3999938964844
nominal,5,rollout/ep_len_mean,630784,342.45001220703125
nominal,5,rollout/ep_len_mean,638976,351.8699951171875
nominal,5,rollout/ep_len_mean,647168,343.45001220703125
nominal,5,rollout/ep_len_mean,655360,361.54998779296875
nominal,5,rollout/ep_len_mean,663552,365.8900146484375
nominal,5,rollout/ep_len_mean,671744,335.0799865722656
nominal,5,rollout/ep_len_mean,679936,284.9100036621094
nominal,5,rollout/ep_len_mean,688128,263.3500061035156
nominal,5,rollout/ep_len_mean,696320,257.7200012207031
nominal,5,rollout/ep_len_mean,704512,277.4200134277344
nominal,5,rollout/ep_len_mean,712704,336.1700134277344
nominal,5,rollout/ep_len_mean,720896,334.05999755859375
nominal,5,rollout/ep_len_mean,729088,331.8800048828125
nominal,5,rollout/ep_len_mean,737280,377.42999267578125
nominal,5,rollout/ep_len_mean,745472,358.989990234375
nominal,5,rollout/ep_len_mean,753664,403.0199890136719
nominal,5,rollout/ep_len_mean,761856,370.5299987792969
nominal,5,rollout/ep_len_mean,770048,413.05999755859375
nominal,5,rollout/ep_len_mean,778240,367.3900146484375
nominal,5,rollout/ep_len_mean,786432,365.7200012207031
nominal,5,rollout/ep_len_mean,794624,369.6199951171875
nominal,5,rollout/ep_len_mean,802816,346.9100036621094
nominal,5,rollout/ep_len_mean,811008,351.6400146484375
nominal,5,rollout/ep_len_mean,819200,268.6199951171875
nominal,5,rollout/ep_len_mean,827392,294.5199890136719
nominal,5,rollout/ep_len_mean,835584,317.6700134277344
nominal,5,rollout/ep_len_mean,843776,291.9100036621094
nominal,5,rollout/ep_len_mean,851968,268.69000244140625
nominal,5,rollout/ep_len_mean,860160,243.27999877929688
nominal,5,rollout/ep_len_mean,868352,244.4499969482422
nominal,5,rollout/ep_len_mean,876544,253.99000549316406
nominal,5,rollout/ep_len_mean,884736,255.10000610351562
nominal,5,rollout/ep_len_mean,892928,309.1099853515625
nominal,5,rollout/ep_len_mean,901120,348.44000244140625
nominal,5,rollout/ep_len_mean,909312,339.8800048828125
nominal,5,rollout/ep_len_mean,917504,353.5199890136719
nominal,5,rollout/ep_len_mean,925696,323.1099853515625
nominal,5,rollout/ep_len_mean,933888,313.6300048828125
nominal,5,rollout/ep_len_mean,942080,331.7099914550781
nominal,5,rollout/ep_len_mean,950272,362.4700012207031
nominal,5,rollout/ep_len_mean,958464,376.6199951171875
nominal,5,rollout/ep_len_mean,966656,387.92999267578125
nominal,5,rollout/ep_len_mean,974848,366.6499938964844
nominal,5,rollout/ep_len_mean,983040,377.1400146484375
nominal,5,rollout/ep_len_mean,991232,312.510009765625
nominal,5,rollout/ep_len_mean,999424,356.6199951171875
nominal,5,rollout/ep_len_mean,1007616,376.6000061035156
nominal,5,rollout/ep_len_mean,1015808,374.989990234375
nominal,5,rollout/ep_len_mean,1024000,395.32000732421875
nominal,5,rollout/ep_len_mean,1032192,413.29998779296875
nominal,5,rollout/ep_len_mean,1040384,410.5
nominal,5,rollout/ep_len_mean,1048576,392.9599914550781
nominal,5,rollout/ep_len_mean,1056768,410.8900146484375
nominal,5,rollout/ep_len_mean,1064960,399.0199890136719
nominal,5,rollout/ep_len_mean,1073152,395.1499938964844
nominal,5,rollout/ep_len_mean,1081344,368.7799987792969
nominal,5,rollout/ep_len_mean,1089536,360.6700134277344
nominal,5,rollout/ep_len_mean,1097728,372.2200012207031
nominal,5,rollout/ep_len_mean,1105920,381.94000244140625
nominal,5,rollout/ep_len_mean,1114112,393.2699890136719
nominal,5,rollout/ep_len_mean,1122304,407.510009765625
nominal,5,rollout/ep_len_mean,1130496,446.45001220703125
nominal,5,rollout/ep_len_mean,1138688,452.6300048828125
nominal,5,rollout/ep_len_mean,1146880,476.75
nominal,5,rollout/ep_len_mean,1155072,460.0400085449219
nominal,5,rollout/ep_len_mean,1163264,436.5299987792969
nominal,5,rollout/ep_len_mean,1171456,447.0799865722656
nominal,5,rollout/ep_len_mean,1179648,432.29998779296875
nominal,5,rollout/ep_len_mean,1187840,422.3900146484375
nominal,5,rollout/ep_len_mean,1196032,459.17999267578125
nominal,5,rollout/ep_len_mean,1204224,484.1300048828125
nominal,5,rollout/ep_len_mean,1212416,513.3099975585938
nominal,5,rollout/ep_len_mean,1220608,507.2799987792969
nominal,5,rollout/ep_len_mean,1228800,536.0499877929688
nominal,5,rollout/ep_len_mean,1236992,514.469970703125
nominal,5,rollout/ep_len_mean,1245184,522.219970703125
nominal,5,rollout/ep_len_mean,1253376,505.2799987792969
nominal,5,rollout/ep_len_mean,1261568,477.42999267578125
nominal,5,rollout/ep_len_mean,1269760,455.260009765625
nominal,5,rollout/ep_len_mean,1277952,421.75
nominal,5,rollout/ep_len_mean,1286144,419.3699951171875
nominal,5,rollout/ep_len_mean,1294336,430.3800048828125
nominal,5,rollout/ep_len_mean,1302528,451.1700134277344
nominal,5,rollout/ep_len_mean,1310720,454.80999755859375
nominal,5,rollout/ep_len_mean,1318912,422.9700012207031
nominal,5,rollout/ep_len_mean,1327104,455.0299987792969
nominal,5,rollout/ep_len_mean,1335296,420.8500061035156
nominal,5,rollout/ep_len_mean,1343488,414.260009765625
nominal,5,rollout/ep_len_mean,1351680,418.8399963378906
nominal,5,rollout/ep_len_mean,1359872,436.3999938964844
nominal,5,rollout/ep_len_mean,1368064,472.57000732421875
nominal,5,rollout/ep_len_mean,1376256,501.20001220703125
nominal,5,rollout/ep_len_mean,1384448,515.6799926757812
nominal,5,rollout/ep_len_mean,1392640,549.9199829101562
nominal,5,rollout/ep_len_mean,1400832,553.22998046875
nominal,5,rollout/ep_len_mean,1409024,486.20001220703125
nominal,5,rollout/ep_len_mean,1417216,487.57000732421875
nominal,5,rollout/ep_len_mean,1425408,421.57000732421875
nominal,5,rollout/ep_len_mean,1433600,406.54998779296875
nominal,5,rollout/ep_len_mean,1441792,393.6700134277344
nominal,5,rollout/ep_len_mean,1449984,388.7799987792969
nominal,5,rollout/ep_len_mean,1458176,409.70001220703125
nominal,5,rollout/ep_len_mean,1466368,427.8399963378906
nominal,5,rollout/ep_len_mean,1474560,414.6300048828125
nominal,5,rollout/ep_len_mean,1482752,411.42999267578125
nominal,5,rollout/ep_len_mean,1490944,419.19000244140625
nominal,5,rollout/ep_len_mean,1499136,383.8800048828125
nominal,5,rollout/ep_len_mean,1507328,375.69000244140625
nominal,5,rollout/ep_len_mean,1515520,384.2699890136719
nominal,5,rollout/ep_len_mean,1523712,416.79998779296875
nominal,5,rollout/ep_len_mean,1531904,426.55999755859375
nominal,5,rollout/ep_len_mean,1540096,442.5199890136719
nominal,5,rollout/ep_len_mean,1548288,476.8500061035156
nominal,5,rollout/ep_len_mean,1556480,521.5599975585938
nominal,5,rollout/ep_len_mean,1564672,545.4400024414062
nominal,5,rollout/ep_len_mean,1572864,554.030029296875
nominal,5,rollout/ep_len_mean,1581056,563.6199951171875
nominal,5,rollout/ep_len_mean,1589248,517.9199829101562
nominal,5,rollout/ep_len_mean,1597440,523.6199951171875
nominal,5,rollout/ep_len_mean,1605632,499.8399963378906
nominal,5,rollout/ep_len_mean,1613824,502.9700012207031
nominal,5,rollout/ep_len_mean,1622016,480.95001220703125
nominal,5,rollout/ep_len_mean,1630208,465.69000244140625
nominal,5,rollout/ep_len_mean,1638400,514.2999877929688
nominal,5,rollout/ep_len_mean,1646592,502.75
nominal,5,rollout/ep_len_mean,1654784,494.5799865722656
nominal,5,rollout/ep_len_mean,1662976,505.25
nominal,5,rollout/ep_len_mean,1671168,487.3599853515625
nominal,5,rollout/ep_len_mean,1679360,464.9700012207031
nominal,5,rollout/ep_len_mean,1687552,510.2099914550781
nominal,5,rollout/ep_len_mean,1695744,485.5799865722656
nominal,5,rollout/ep_len_mean,1703936,487.79998779296875
nominal,5,rollout/ep_len_mean,1712128,476.6700134277344
nominal,5,rollout/ep_len_mean,1720320,484.55999755859375
nominal,5,rollout/ep_len_mean,1728512,528.6900024414062
nominal,5,rollout/ep_len_mean,1736704,500.20001220703125
nominal,5,rollout/ep_len_mean,1744896,527.1099853515625
nominal,5,rollout/ep_len_mean,1753088,536.4099731445312
nominal,5,rollout/ep_len_mean,1761280,521.1500244140625
nominal,5,rollout/ep_len_mean,1769472,507.010009765625
nominal,5,rollout/ep_len_mean,1777664,496.19000244140625
nominal,5,rollout/ep_len_mean,1785856,510.69000244140625
nominal,5,rollout/ep_len_mean,1794048,505.6400146484375
nominal,5,rollout/ep_len_mean,1802240,506.510009765625
nominal,5,rollout/ep_len_mean,1810432,532.72998046875
nominal,5,rollout/ep_len_mean,1818624,536.9500122070312
nominal,5,rollout/ep_len_mean,1826816,532.0599975585938
nominal,5,rollout/ep_len_mean,1835008,535.3400268554688
nominal,5,rollout/ep_len_mean,1843200,569.22998046875
nominal,5,rollout/ep_len_mean,1851392,597.0800170898438
nominal,5,rollout/ep_len_mean,1859584,593.1799926757812
nominal,5,rollout/ep_len_mean,1867776,550.9600219726562
nominal,5,rollout/ep_len_mean,1875968,575.469970703125
nominal,5,rollout/ep_len_mean,1884160,580.4199829101562
nominal,5,rollout/ep_len_mean,1892352,550.75
nominal,5,rollout/ep_len_mean,1900544,499.8299865722656
nominal,5,rollout/ep_len_mean,1908736,531.780029296875
nominal,5,rollout/ep_len_mean,1916928,535.5700073242188
nominal,5,rollout/ep_len_mean,1925120,533.469970703125
nominal,5,rollout/ep_len_mean,1933312,563.8900146484375
nominal,5,rollout/ep_len_mean,1941504,567.27001953125
nominal,5,rollout/ep_len_mean,1949696,601.510009765625
nominal,5,rollout/ep_len_mean,1957888,634.5900268554688
nominal,5,rollout/ep_len_mean,1966080,572.8699951171875
nominal,5,rollout/ep_len_mean,1974272,603.4600219726562
nominal,5,rollout/ep_len_mean,1982464,609.4199829101562
nominal,5,rollout/ep_len_mean,1990656,596.7100219726562
nominal,5,rollout/ep_len_mean,1998848,550.75
nominal,5,rollout/ep_len_mean,2007040,543.6599731445312
nominal,5,rollout/ep_len_mean,2015232,539.47998046875
nominal,5,rollout/ep_len_mean,2023424,530.1199951171875
nominal,5,rollout/ep_len_mean,2031616,511.07000732421875
nominal,5,rollout/ep_len_mean,2039808,470.8900146484375
nominal,5,rollout/ep_len_mean,2048000,494.1400146484375
nominal,5,rollout/ep_len_mean,2056192,465.42999267578125
nominal,5,rollout/ep_len_mean,2064384,476.19000244140625
nominal,5,rollout/ep_len_mean,2072576,451.1400146484375
nominal,5,rollout/ep_len_mean,2080768,454.3999938964844
nominal,5,rollout/ep_len_mean,2088960,464.6600036621094
nominal,5,rollout/ep_len_mean,2097152,454.92999267578125
nominal,5,rollout/ep_len_mean,2105344,456.010009765625
nominal,5,rollout/ep_len_mean,2113536,498.8800048828125
nominal,5,rollout/ep_len_mean,2121728,507.5400085449219
nominal,5,rollout/ep_len_mean,2129920,531.8599853515625
nominal,5,rollout/ep_len_mean,2138112,553.0700073242188
nominal,5,rollout/ep_len_mean,2146304,573.1699829101562
nominal,5,rollout/ep_len_mean,2154496,601.27001953125
nominal,5,rollout/ep_len_mean,2162688,629.6500244140625
nominal,5,rollout/ep_len_mean,2170880,639.9600219726562
nominal,5,rollout/ep_len_mean,2179072,616.5599975585938
nominal,5,rollout/ep_len_mean,2187264,668.6400146484375
nominal,5,rollout/ep_len_mean,2195456,638.2100219726562
nominal,5,rollout/ep_len_mean,2203648,646.2999877929688
nominal,5,rollout/ep_len_mean,2211840,626.0599975585938
nominal,5,rollout/ep_len_mean,2220032,623.780029296875
nominal,5,rollout/ep_len_mean,2228224,606.0900268554688
nominal,5,rollout/ep_len_mean,2236416,619.0800170898438
nominal,5,rollout/ep_len_mean,2244608,629.0
nominal,5,rollout/ep_len_mean,2252800,624.7999877929688
nominal,5,rollout/ep_len_mean,2260992,646.3200073242188
nominal,5,rollout/ep_len_mean,2269184,665.1799926757812
nominal,5,rollout/ep_len_mean,2277376,659.969970703125
nominal,5,rollout/ep_len_mean,2285568,681.469970703125
nominal,5,rollout/ep_len_mean,2293760,692.9600219726562
nominal,5,rollout/ep_len_mean,2301952,682.510009765625
nominal,5,rollout/ep_len_mean,2310144,662.8699951171875
nominal,5,rollout/ep_len_mean,2318336,655.5999755859375
nominal,5,rollout/ep_len_mean,2326528,637.7999877929688
nominal,5,rollout/ep_len_mean,2334720,615.0800170898438
nominal,5,rollout/ep_len_mean,2342912,581.97998046875
nominal,5,rollout/ep_len_mean,2351104,554.3300170898438
nominal,5,rollout/ep_len_mean,2359296,518.3800048828125
nominal,5,rollout/ep_len_mean,2367488,519.9000244140625
nominal,5,rollout/ep_len_mean,2375680,513.7000122070312
nominal,5,rollout/ep_len_mean,2383872,487.6400146484375
nominal,5,rollout/ep_len_mean,2392064,509.19000244140625
nominal,5,rollout/ep_len_mean,2400256,507.2200012207031
nominal,5,rollout/ep_len_mean,2408448,527.3400268554688
nominal,5,rollout/ep_len_mean,2416640,543.72998046875
nominal,5,rollout/ep_len_mean,2424832,566.5900268554688
nominal,5,rollout/ep_len_mean,2433024,556.3699951171875
nominal,5,rollout/ep_len_mean,2441216,530.8699951171875
nominal,5,rollout/ep_len_mean,2449408,526.3599853515625
nominal,5,rollout/ep_len_mean,2457600,553.8099975585938
nominal,5,rollout/ep_len_mean,2465792,544.52001953125
nominal,5,rollout/ep_len_mean,2473984,537.1500244140625
nominal,5,rollout/ep_len_mean,2482176,509.92999267578125
nominal,5,rollout/ep_len_mean,2490368,550.2899780273438
nominal,5,rollout/ep_len_mean,2498560,583.1099853515625
nominal,5,rollout/ep_len_mean,2506752,591.02001953125
nominal,5,rollout/ep_len_mean,2514944,585.969970703125
nominal,5,rollout/ep_len_mean,2523136,595.8699951171875
nominal,5,rollout/ep_len_mean,2531328,606.7999877929688
nominal,5,rollout/ep_len_mean,2539520,642.6699829101562
nominal,5,rollout/ep_len_mean,2547712,638.5599975585938
nominal,5,rollout/ep_len_mean,2555904,593.1699829101562
nominal,5,rollout/ep_len_mean,2564096,599.8900146484375
nominal,5,rollout/ep_len_mean,2572288,621.8900146484375
nominal,5,rollout/ep_len_mean,2580480,630.5499877929688
nominal,5,rollout/ep_len_mean,2588672,629.6799926757812
nominal,5,rollout/ep_len_mean,2596864,647.75
nominal,5,rollout/ep_len_mean,2605056,652.3900146484375
nominal,5,rollout/ep_len_mean,2613248,670.1300048828125
nominal,5,rollout/ep_len_mean,2621440,676.8099975585938
nominal,5,rollout/ep_len_mean,2629632,680.1400146484375
nominal,5,rollout/ep_len_mean,2637824,678.0
nominal,5,rollout/ep_len_mean,2646016,682.010009765625
nominal,5,rollout/ep_len_mean,2654208,682.1500244140625
nominal,5,rollout/ep_len_mean,2662400,657.3699951171875
nominal,5,rollout/ep_len_mean,2670592,654.719970703125
nominal,5,rollout/ep_len_mean,2678784,619.6099853515625
nominal,5,rollout/ep_len_mean,2686976,609.5
nominal,5,rollout/ep_len_mean,2695168,626.6500244140625
nominal,5,rollout/ep_len_mean,2703360,623.1699829101562
nominal,5,rollout/ep_len_mean,2711552,598.72998046875
nominal,5,rollout/ep_len_mean,2719744,582.75
nominal,5,rollout/ep_len_mean,2727936,580.6199951171875
nominal,5,rollout/ep_len_mean,2736128,590.1900024414062
nominal,5,rollout/ep_len_mean,2744320,602.510009765625
nominal,5,rollout/ep_len_mean,2752512,561.4000244140625
nominal,5,rollout/ep_len_mean,2760704,546.3099975585938
nominal,5,rollout/ep_len_mean,2768896,530.9600219726562
nominal,5,rollout/ep_len_mean,2777088,496.82000732421875
nominal,5,rollout/ep_len_mean,2785280,516.969970703125
nominal,5,rollout/ep_len_mean,2793472,547.9500122070312
nominal,5,rollout/ep_len_mean,2801664,558.8099975585938
nominal,5,rollout/ep_len_mean,2809856,572.3699951171875
nominal,5,rollout/ep_len_mean,2818048,585.9099731445312
nominal,5,rollout/ep_len_mean,2826240,589.3300170898438
nominal,5,rollout/ep_len_mean,2834432,595.9400024414062
nominal,5,rollout/ep_len_mean,2842624,631.239990234375
nominal,5,rollout/ep_len_mean,2850816,595.47998046875
nominal,5,rollout/ep_len_mean,2859008,572.02001953125
nominal,5,rollout/ep_len_mean,2867200,560.6900024414062
nominal,5,rollout/ep_len_mean,2875392,565.4600219726562
nominal,5,rollout/ep_len_mean,2883584,582.5499877929688
nominal,5,rollout/ep_len_mean,2891776,597.22998046875
nominal,5,rollout/ep_len_mean,2899968,569.4099731445312
nominal,5,rollout/ep_len_mean,2908160,585.9299926757812
nominal,5,rollout/ep_len_mean,2916352,593.9000244140625
nominal,5,rollout/ep_len_mean,2924544,617.2000122070312
nominal,5,rollout/ep_len_mean,2932736,619.3099975585938
nominal,5,rollout/ep_len_mean,2940928,599.6500244140625
nominal,5,rollout/ep_len_mean,2949120,603.6300048828125
nominal,5,rollout/ep_len_mean,2957312,584.969970703125
nominal,5,rollout/ep_len_mean,2965504,553.2999877929688
nominal,5,rollout/ep_len_mean,2973696,585.3400268554688
nominal,5,rollout/ep_len_mean,2981888,579.6500244140625
nominal,5,rollout/ep_len_mean,2990080,580.4199829101562
nominal,5,rollout/ep_len_mean,2998272,581.7100219726562
nominal,5,rollout/ep_len_mean,3006464,600.530029296875
nominal,5,rollout/ep_len_mean,3014656,599.239990234375
nominal,5,rollout/ep_len_mean,3022848,636.0900268554688
nominal,5,rollout/ep_len_mean,3031040,649.969970703125
nominal,5,rollout/ep_len_mean,3039232,636.3599853515625
nominal,5,rollout/ep_len_mean,3047424,662.7100219726562
nominal,5,rollout/ep_len_mean,3055616,666.3300170898438
nominal,5,rollout/ep_len_mean,3063808,675.1799926757812
nominal,5,rollout/ep_len_mean,3072000,659.5
nominal,5,rollout/ep_len_mean,3080192,680.1400146484375
nominal,5,rollout/ep_len_mean,3088384,676.5900268554688
nominal,5,rollout/ep_len_mean,3096576,687.8300170898438
nominal,5,rollout/ep_len_mean,3104768,678.260009765625
nominal,5,rollout/ep_len_mean,3112960,667.530029296875
nominal,5,rollout/ep_len_mean,3121152,647.3400268554688
nominal,5,rollout/ep_len_mean,3129344,661.989990234375
nominal,5,rollout/ep_len_mean,3137536,669.3099975585938
nominal,5,rollout/ep_len_mean,3145728,629.27001953125
nominal,5,rollout/ep_len_mean,3153920,584.1500244140625
nominal,5,rollout/ep_len_mean,3162112,561.010009765625
nominal,5,rollout/ep_len_mean,3170304,542.8900146484375
nominal,5,rollout/ep_len_mean,3178496,540.8099975585938
nominal,5,rollout/ep_len_mean,3186688,510.989990234375
nominal,5,rollout/ep_len_mean,3194880,482.510009765625
nominal,5,rollout/ep_len_mean,3203072,497.5299987792969
nominal,5,rollout/ep_len_mean,3211264,500.5799865722656
nominal,5,rollout/ep_len_mean,3219456,546.469970703125
nominal,5,rollout/ep_len_mean,3227648,569.52001953125
nominal,5,rollout/ep_len_mean,3235840,583.02001953125
nominal,5,rollout/ep_len_mean,3244032,594.6500244140625
nominal,5,rollout/ep_len_mean,3252224,646.5599975585938
nominal,5,rollout/ep_len_mean,3260416,671.5599975585938
nominal,5,rollout/ep_len_mean,3268608,664.8200073242188
nominal,5,rollout/ep_len_mean,3276800,677.8099975585938
nominal,5,rollout/ep_len_mean,3284992,684.4000244140625
nominal,5,rollout/ep_len_mean,3293184,655.97998046875
nominal,5,rollout/ep_len_mean,3301376,668.1099853515625
nominal,5,rollout/ep_len_mean,3309568,704.8800048828125
nominal,5,rollout/ep_len_mean,3317760,657.8200073242188
nominal,5,rollout/ep_len_mean,3325952,658.3900146484375
nominal,5,rollout/ep_len_mean,3334144,670.4099731445312
nominal,5,rollout/ep_len_mean,3342336,682.4000244140625
nominal,5,rollout/ep_len_mean,3350528,696.1400146484375
nominal,5,rollout/ep_len_mean,3358720,683.9199829101562
nominal,5,rollout/ep_len_mean,3366912,686.5399780273438
nominal,5,rollout/ep_len_mean,3375104,662.6799926757812
nominal,5,rollout/ep_len_mean,3383296,675.4600219726562
nominal,5,rollout/ep_len_mean,3391488,679.4099731445312
nominal,5,rollout/ep_len_mean,3399680,663.1099853515625
nominal,5,rollout/ep_len_mean,3407872,657.280029296875
nominal,5,rollout/ep_len_mean,3416064,654.0
nominal,5,rollout/ep_len_mean,3424256,671.3900146484375
nominal,5,rollout/ep_len_mean,3432448,674.3800048828125
nominal,5,rollout/ep_len_mean,3440640,681.5599975585938
nominal,5,rollout/ep_len_mean,3448832,692.2000122070312
nominal,5,rollout/ep_len_mean,3457024,670.9199829101562
nominal,5,rollout/ep_len_mean,3465216,683.1400146484375
nominal,5,rollout/ep_len_mean,3473408,681.7999877929688
nominal,5,rollout/ep_len_mean,3481600,665.5999755859375
nominal,5,rollout/ep_len_mean,3489792,660.719970703125
nominal,5,rollout/ep_len_mean,3497984,650.8200073242188
nominal,5,rollout/ep_len_mean,3506176,668.27001953125
nominal,5,rollout/ep_len_mean,3514368,663.010009765625
nominal,5,rollout/ep_len_mean,3522560,683.1099853515625
nominal,5,rollout/ep_len_mean,3530752,663.0599975585938
nominal,5,rollout/ep_len_mean,3538944,673.02001953125
nominal,5,rollout/ep_len_mean,3547136,671.4400024414062
nominal,5,rollout/ep_len_mean,3555328,651.22998046875
nominal,5,rollout/ep_len_mean,3563520,626.8200073242188
nominal,5,rollout/ep_len_mean,3571712,619.489990234375
nominal,5,rollout/ep_len_mean,3579904,623.3800048828125
nominal,5,rollout/ep_len_mean,3588096,607.9600219726562
nominal,5,rollout/ep_len_mean,3596288,615.5900268554688
nominal,5,rollout/ep_len_mean,3604480,587.7899780273438
nominal,5,rollout/ep_len_mean,3612672,600.5999755859375
nominal,5,rollout/ep_len_mean,3620864,625.47998046875
nominal,5,rollout/ep_len_mean,3629056,642.4199829101562
nominal,5,rollout/ep_len_mean,3637248,629.2000122070312
nominal,5,rollout/ep_len_mean,3645440,627.780029296875
nominal,5,rollout/ep_len_mean,3653632,580.8099975585938
nominal,5,rollout/ep_len_mean,3661824,621.47998046875
nominal,5,rollout/ep_len_mean,3670016,620.5999755859375
nominal,5,rollout/ep_len_mean,3678208,601.6199951171875
nominal,5,rollout/ep_len_mean,3686400,594.760009765625
nominal,5,rollout/ep_len_mean,3694592,619.9400024414062
nominal,5,rollout/ep_len_mean,3702784,607.47998046875
nominal,5,rollout/ep_len_mean,3710976,617.3800048828125
nominal,5,rollout/ep_len_mean,3719168,641.3200073242188
nominal,5,rollout/ep_len_mean,3727360,623.9299926757812
nominal,5,rollout/ep_len_mean,3735552,617.0399780273438
nominal,5,rollout/ep_len_mean,3743744,643.489990234375
nominal,5,rollout/ep_len_mean,3751936,615.22998046875
nominal,5,rollout/ep_len_mean,3760128,607.22998046875
nominal,5,rollout/ep_len_mean,3768320,659.6900024414062
nominal,5,rollout/ep_len_mean,3776512,652.4500122070312
nominal,5,rollout/ep_len_mean,3784704,644.3400268554688
nominal,5,rollout/ep_len_mean,3792896,657.6900024414062
nominal,5,rollout/ep_len_mean,3801088,663.5800170898438
nominal,5,rollout/ep_len_mean,3809280,657.5700073242188
nominal,5,rollout/ep_len_mean,3817472,692.1699829101562
nominal,5,rollout/ep_len_mean,3825664,704.239990234375
nominal,5,rollout/ep_len_mean,3833856,672.2100219726562
nominal,5,rollout/ep_len_mean,3842048,695.72998046875
nominal,5,rollout/ep_len_mean,3850240,705.0
nominal,5,rollout/ep_len_mean,3858432,724.760009765625
nominal,5,rollout/ep_len_mean,3866624,694.010009765625
nominal,5,rollout/ep_len_mean,3874816,701.4600219726562
nominal,5,rollout/ep_len_mean,3883008,700.9099731445312
nominal,5,rollout/ep_len_mean,3891200,692.2100219726562
nominal,5,rollout/ep_len_mean,3899392,698.719970703125
nominal,5,rollout/ep_len_mean,3907584,692.22998046875
nominal,5,rollout/ep_len_mean,3915776,697.469970703125
nominal,5,rollout/ep_len_mean,3923968,707.0700073242188
nominal,5,rollout/ep_len_mean,3932160,694.6099853515625
nominal,5,rollout/ep_len_mean,3940352,684.5800170898438
nominal,5,rollout/ep_len_mean,3948544,689.739990234375
nominal,5,rollout/ep_len_mean,3956736,675.530029296875
nominal,5,rollout/ep_len_mean,3964928,666.8200073242188
nominal,5,rollout/ep_len_mean,3973120,681.8800048828125
nominal,5,rollout/ep_len_mean,3981312,689.780029296875
nominal,5,rollout/ep_len_mean,3989504,692.510009765625
nominal,5,rollout/ep_len_mean,3997696,703.72998046875
nominal,5,rollout/ep_len_mean,4005888,694.469970703125
nominal,5,rollout/ep_len_mean,4014080,713.7999877929688
nominal,5,rollout/ep_len_mean,4022272,707.530029296875
nominal,5,rollout/ep_len_mean,4030464,736.77001953125
nominal,5,rollout/ep_len_mean,4038656,731.239990234375
nominal,5,rollout/ep_len_mean,4046848,736.4400024414062
nominal,5,rollout/ep_len_mean,4055040,747.1900024414062
nominal,5,rollout/ep_len_mean,4063232,733.5499877929688
nominal,5,rollout/ep_len_mean,4071424,727.0999755859375
nominal,5,rollout/ep_len_mean,4079616,727.5499877929688
nominal,5,rollout/ep_len_mean,4087808,727.3800048828125
nominal,5,rollout/ep_len_mean,4096000,743.1300048828125
nominal,5,rollout/ep_len_mean,4104192,740.6699829101562
nominal,5,rollout/ep_len_mean,4112384,736.219970703125
nominal,5,rollout/ep_len_mean,4120576,743.780029296875
nominal,5,rollout/ep_len_mean,4128768,744.6099853515625
nominal,5,rollout/ep_len_mean,4136960,739.719970703125
nominal,5,rollout/ep_len_mean,4145152,745.5399780273438
nominal,5,rollout/ep_len_mean,4153344,751.7000122070312
nominal,5,rollout/ep_len_mean,4161536,770.9600219726562
nominal,5,rollout/ep_len_mean,4169728,763.4199829101562
nominal,5,rollout/ep_len_mean,4177920,771.5499877929688
nominal,5,rollout/ep_len_mean,4186112,777.780029296875
nominal,5,rollout/ep_len_mean,4194304,771.0900268554688
nominal,5,rollout/ep_len_mean,4202496,741.4500122070312
nominal,5,rollout/ep_len_mean,4210688,752.030029296875
nominal,5,rollout/ep_len_mean,4218880,752.2100219726562
nominal,5,rollout/ep_len_mean,4227072,729.3400268554688
nominal,5,rollout/ep_len_mean,4235264,678.4600219726562
nominal,5,rollout/ep_len_mean,4243456,643.9600219726562
nominal,5,rollout/ep_len_mean,4251648,655.22998046875
nominal,5,rollout/ep_len_mean,4259840,663.3499755859375
nominal,5,rollout/ep_len_mean,4268032,670.6099853515625
nominal,5,rollout/ep_len_mean,4276224,696.1699829101562
nominal,5,rollout/ep_len_mean,4284416,716.6900024414062
nominal,5,rollout/ep_len_mean,4292608,695.739990234375
nominal,5,rollout/ep_len_mean,4300800,703.0700073242188
nominal,5,rollout/ep_len_mean,4308992,714.4099731445312
nominal,5,rollout/ep_len_mean,4317184,743.760009765625
nominal,5,rollout/ep_len_mean,4325376,752.8900146484375
nominal,5,rollout/ep_len_mean,4333568,780.8699951171875
nominal,5,rollout/ep_len_mean,4341760,784.489990234375
nominal,5,rollout/ep_len_mean,4349952,747.2100219726562
nominal,5,rollout/ep_len_mean,4358144,752.0900268554688
nominal,5,rollout/ep_len_mean,4366336,752.0900268554688
nominal,5,rollout/ep_len_mean,4374528,775.489990234375
nominal,5,rollout/ep_len_mean,4382720,804.9299926757812
nominal,5,rollout/ep_len_mean,4390912,827.6900024414062
nominal,5,rollout/ep_len_mean,4399104,776.4199829101562
nominal,5,rollout/ep_len_mean,4407296,755.3099975585938
nominal,5,rollout/ep_len_mean,4415488,736.47998046875
nominal,5,rollout/ep_len_mean,4423680,751.6400146484375
nominal,5,rollout/ep_len_mean,4431872,726.1099853515625
nominal,5,rollout/ep_len_mean,4440064,726.8300170898438
nominal,5,rollout/ep_len_mean,4448256,690.219970703125
nominal,5,rollout/ep_len_mean,4456448,667.97998046875
nominal,5,rollout/ep_len_mean,4464640,686.510009765625
nominal,5,rollout/ep_len_mean,4472832,692.6799926757812
nominal,5,rollout/ep_len_mean,4481024,693.1799926757812
nominal,5,rollout/ep_len_mean,4489216,688.2999877929688
nominal,5,rollout/ep_len_mean,4497408,681.72998046875
nominal,5,rollout/ep_len_mean,4505600,705.3099975585938
nominal,5,rollout/ep_len_mean,4513792,677.22998046875
nominal,5,rollout/ep_len_mean,4521984,702.9199829101562
nominal,5,rollout/ep_len_mean,4530176,724.3800048828125
nominal,5,rollout/ep_len_mean,4538368,737.9199829101562
nominal,5,rollout/ep_len_mean,4546560,737.1799926757812
nominal,5,rollout/ep_len_mean,4554752,724.739990234375
nominal,5,rollout/ep_len_mean,4562944,754.2999877929688
nominal,5,rollout/ep_len_mean,4571136,747.8499755859375
nominal,5,rollout/ep_len_mean,4579328,727.010009765625
nominal,5,rollout/ep_len_mean,4587520,749.0399780273438
nominal,5,rollout/ep_len_mean,4595712,756.530029296875
nominal,5,rollout/ep_len_mean,4603904,744.2100219726562
nominal,5,rollout/ep_len_mean,4612096,705.719970703125
nominal,5,rollout/ep_len_mean,4620288,712.8200073242188
nominal,5,rollout/ep_len_mean,4628480,729.219970703125
nominal,5,rollout/ep_len_mean,4636672,747.6900024414062
nominal,5,rollout/ep_len_mean,4644864,754.3499755859375
nominal,5,rollout/ep_len_mean,4653056,773.3300170898438
nominal,5,rollout/ep_len_mean,4661248,794.6199951171875
nominal,5,rollout/ep_len_mean,4669440,767.3900146484375
nominal,5,rollout/ep_len_mean,4677632,756.3099975585938
nominal,5,rollout/ep_len_mean,4685824,780.0800170898438
nominal,5,rollout/ep_len_mean,4694016,790.280029296875
nominal,5,rollout/ep_len_mean,4702208,769.5800170898438
nominal,5,rollout/ep_len_mean,4710400,747.27001953125
nominal,5,rollout/ep_len_mean,4718592,692.0700073242188
nominal,5,rollout/ep_len_mean,4726784,725.1799926757812
nominal,5,rollout/ep_len_mean,4734976,721.3800048828125
nominal,5,rollout/ep_len_mean,4743168,728.969970703125
nominal,5,rollout/ep_len_mean,4751360,734.72998046875
nominal,5,rollout/ep_len_mean,4759552,732.469970703125
nominal,5,rollout/ep_len_mean,4767744,741.239990234375
nominal,5,rollout/ep_len_mean,4775936,749.8900146484375
nominal,5,rollout/ep_len_mean,4784128,765.7000122070312
nominal,5,rollout/ep_len_mean,4792320,774.8300170898438
nominal,5,rollout/ep_len_mean,4800512,748.27001953125
nominal,5,rollout/ep_len_mean,4808704,715.010009765625
nominal,5,rollout/ep_len_mean,4816896,716.8499755859375
nominal,5,rollout/ep_len_mean,4825088,736.1599731445312
nominal,5,rollout/ep_len_mean,4833280,718.25
nominal,5,rollout/ep_len_mean,4841472,698.280029296875
nominal,5,rollout/ep_len_mean,4849664,696.4299926757812
nominal,5,rollout/ep_len_mean,4857856,681.1599731445312
nominal,5,rollout/ep_len_mean,4866048,717.2000122070312
nominal,5,rollout/ep_len_mean,4874240,732.75
nominal,5,rollout/ep_len_mean,4882432,750.1699829101562
nominal,5,rollout/ep_len_mean,4890624,789.6400146484375
nominal,5,rollout/ep_len_mean,4898816,776.989990234375
nominal,5,rollout/ep_len_mean,4907008,783.219970703125
nominal,5,rollout/ep_len_mean,4915200,798.2000122070312
nominal,5,rollout/ep_len_mean,4923392,817.8200073242188
nominal,5,rollout/ep_len_mean,4931584,820.8300170898438
nominal,5,rollout/ep_len_mean,4939776,829.25
nominal,5,rollout/ep_len_mean,4947968,818.8099975585938
nominal,5,rollout/ep_len_mean,4956160,788.52001953125
nominal,5,rollout/ep_len_mean,4964352,782.1900024414062
nominal,5,rollout/ep_len_mean,4972544,797.9299926757812
nominal,5,rollout/ep_len_mean,4980736,802.030029296875
nominal,5,rollout/ep_len_mean,4988928,807.77001953125
nominal,5,rollout/ep_len_mean,4997120,808.52001953125
nominal,5,rollout/ep_len_mean,5005312,784.719970703125
nominal,5,train/approx_kl,16384,0.017430732026696205
nominal,5,train/approx_kl,24576,0.01900359056890011
nominal,5,train/approx_kl,32768,0.018406903371214867
nominal,5,train/approx_kl,40960,0.025232689455151558
nominal,5,train/approx_kl,49152,0.01946776732802391
nominal,5,train/approx_kl,57344,0.019177241250872612
nominal,5,train/approx_kl,65536,0.019098445773124695
nominal,5,train/approx_kl,73728,0.019716762006282806
nominal,5,train/approx_kl,81920,0.019546784460544586
nominal,5,train/approx_kl,90112,0.01932634226977825
nominal,5,train/approx_kl,98304,0.01925589330494404
nominal,5,train/approx_kl,106496,0.010559181682765484
nominal,5,train/approx_kl,114688,0.01935749314725399
nominal,5,train/approx_kl,122880,0.01196245662868023
nominal,5,train/approx_kl,131072,0.019939124584197998
nominal,5,train/approx_kl,139264,0.020722365006804466
nominal,5,train/approx_kl,147456,0.02022259682416916
nominal,5,train/approx_kl,155648,0.020315799862146378
nominal,5,train/approx_kl,163840,0.023287784308195114
nominal,5,train/approx_kl,172032,0.020124157890677452
nominal,5,train/approx_kl,180224,0.02386254258453846
nominal,5,train/approx_kl,188416,0.019839199259877205
nominal,5,train/approx_kl,196608,0.022183408960700035
nominal,5,train/approx_kl,204800,0.022312765941023827
nominal,5,train/approx_kl,212992,0.02257939986884594
nominal,5,train/approx_kl,221184,0.019696474075317383
nominal,5,train/approx_kl,229376,0.011476773768663406
nominal,5,train/approx_kl,237568,0.012136953882873058
nominal,5,train/approx_kl,245760,0.021631449460983276
nominal,5,train/approx_kl,253952,0.011454016901552677
nominal,5,train/approx_kl,262144,0.022780757397413254
nominal,5,train/approx_kl,270336,0.021262165158987045
nominal,5,train/approx_kl,278528,0.007901549339294434
nominal,5,train/approx_kl,286720,0.012951435521245003
nominal,5,train/approx_kl,294912,0.02111140824854374
nominal,5,train/approx_kl,303104,0.011234702542424202
nominal,5,train/approx_kl,311296,0.01301279105246067
nominal,5,train/approx_kl,319488,0.013152443803846836
nominal,5,train/approx_kl,327680,0.013936108909547329
nominal,5,train/approx_kl,335872,0.012161273509263992
nominal,5,train/approx_kl,344064,0.013322319835424423
nominal,5,train/approx_kl,352256,0.01597139984369278
nominal,5,train/approx_kl,360448,0.013550912961363792
nominal,5,train/approx_kl,368640,0.02249436266720295
nominal,5,train/approx_kl,376832,0.014877852983772755
nominal,5,train/approx_kl,385024,0.013802658766508102
nominal,5,train/approx_kl,393216,0.014014055021107197
nominal,5,train/approx_kl,401408,0.014125734567642212
nominal,5,train/approx_kl,409600,0.010439415462315083
nominal,5,train/approx_kl,417792,0.024321505799889565
nominal,5,train/approx_kl,425984,0.02300157956779003
nominal,5,train/approx_kl,434176,0.012165844440460205
nominal,5,train/approx_kl,442368,0.021692747250199318
nominal,5,train/approx_kl,450560,0.009188123978674412
nominal,5,train/approx_kl,458752,0.0153157077729702
nominal,5,train/approx_kl,466944,0.011448998004198074
nominal,5,train/approx_kl,475136,0.014657367952167988
nominal,5,train/approx_kl,483328,0.014071175828576088
nominal,5,train/approx_kl,491520,0.010549473576247692
nominal,5,train/approx_kl,499712,0.012823394499719143
nominal,5,train/approx_kl,507904,0.014331559650599957
nominal,5,train/approx_kl,516096,0.012776178307831287
nominal,5,train/approx_kl,524288,0.013292642310261726
nominal,5,train/approx_kl,532480,0.011969714425504208
nominal,5,train/approx_kl,540672,0.01012858934700489
nominal,5,train/approx_kl,548864,0.012143053114414215
nominal,5,train/approx_kl,557056,0.01126474142074585
nominal,5,train/approx_kl,565248,0.012289673089981079
nominal,5,train/approx_kl,573440,0.013451636768877506
nominal,5,train/approx_kl,581632,0.011582506820559502
nominal,5,train/approx_kl,589824,0.013532000593841076
nominal,5,train/approx_kl,598016,0.01389058493077755
nominal,5,train/approx_kl,606208,0.00885024107992649
nominal,5,train/approx_kl,614400,0.014048722572624683
nominal,5,train/approx_kl,622592,0.013451166450977325
nominal,5,train/approx_kl,630784,0.012739204801619053
nominal,5,train/approx_kl,638976,0.013928421773016453
nominal,5,train/approx_kl,647168,0.014429440721869469
nominal,5,train/approx_kl,655360,0.012639355845749378
nominal,5,train/approx_kl,663552,0.012968435883522034
nominal,5,train/approx_kl,671744,0.014294665306806564
nominal,5,train/approx_kl,679936,0.013415408320724964
nominal,5,train/approx_kl,688128,0.01245793979614973
nominal,5,train/approx_kl,696320,0.014119007624685764
nominal,5,train/approx_kl,704512,0.013536795973777771
nominal,5,train/approx_kl,712704,0.015582921914756298
nominal,5,train/approx_kl,720896,0.012704494409263134
nominal,5,train/approx_kl,729088,0.014907900243997574
nominal,5,train/approx_kl,737280,0.006986269727349281
nominal,5,train/approx_kl,745472,0.014133074320852757
nominal,5,train/approx_kl,753664,0.01167787704616785
nominal,5,train/approx_kl,761856,0.013409272767603397
nominal,5,train/approx_kl,770048,0.012665510177612305
nominal,5,train/approx_kl,778240,0.012097898870706558
nominal,5,train/approx_kl,786432,0.012099678628146648
nominal,5,train/approx_kl,794624,0.013625970110297203
nominal,5,train/approx_kl,802816,0.009965727105736732
nominal,5,train/approx_kl,811008,0.012521613389253616
nominal,5,train/approx_kl,819200,0.014361578971147537
nominal,5,train/approx_kl,827392,0.014617744833230972
nominal,5,train/approx_kl,835584,0.011984672397375107
nominal,5,train/approx_kl,843776,0.01371724158525467
nominal,5,train/approx_kl,851968,0.014263971708714962
nominal,5,train/approx_kl,860160,0.014813365414738655
nominal,5,train/approx_kl,868352,0.01413721963763237
nominal,5,train/approx_kl,876544,0.012931464239954948
nominal,5,train/approx_kl,884736,0.011326487176120281
nominal,5,train/approx_kl,892928,0.012759676203131676
nominal,5,train/approx_kl,901120,0.015280118212103844
nominal,5,train/approx_kl,909312,0.013290579430758953
nominal,5,train/approx_kl,917504,0.013793442398309708
nominal,5,train/approx_kl,925696,0.011425318196415901
nominal,5,train/approx_kl,933888,0.01255207508802414
nominal,5,train/approx_kl,942080,0.012534329667687416
nominal,5,train/approx_kl,950272,0.011430925689637661
nominal,5,train/approx_kl,958464,0.014606990851461887
nominal,5,train/approx_kl,966656,0.01350353006273508
nominal,5,train/approx_kl,974848,0.012454402633011341
nominal,5,train/approx_kl,983040,0.014700425788760185
nominal,5,train/approx_kl,991232,0.012109543196856976
nominal,5,train/approx_kl,999424,0.01290767453610897
nominal,5,train/approx_kl,1007616,0.011518091894686222
nominal,5,train/approx_kl,1015808,0.014574323780834675
nominal,5,train/approx_kl,1024000,0.013597355224192142
nominal,5,train/approx_kl,1032192,0.012611009180545807
nominal,5,train/approx_kl,1040384,0.013475610874593258
nominal,5,train/approx_kl,1048576,0.015660716220736504
nominal,5,train/approx_kl,1056768,0.00952751561999321
nominal,5,train/approx_kl,1064960,0.015447703190147877
nominal,5,train/approx_kl,1073152,0.01155340950936079
nominal,5,train/approx_kl,1081344,0.00871273223310709
nominal,5,train/approx_kl,1089536,0.013829064555466175
nominal,5,train/approx_kl,1097728,0.014643236994743347
nominal,5,train/approx_kl,1105920,0.013044350780546665
nominal,5,train/approx_kl,1114112,0.01351507380604744
nominal,5,train/approx_kl,1122304,0.013101073913276196
nominal,5,train/approx_kl,1130496,0.010457834228873253
nominal,5,train/approx_kl,1138688,0.013493575155735016
nominal,5,train/approx_kl,1146880,0.01538059487938881
nominal,5,train/approx_kl,1155072,0.011793328449130058
nominal,5,train/approx_kl,1163264,0.014027939178049564
nominal,5,train/approx_kl,1171456,0.014159728772938251
nominal,5,train/approx_kl,1179648,0.013533097691833973
nominal,5,train/approx_kl,1187840,0.012780294753611088
nominal,5,train/approx_kl,1196032,0.011163594201207161
nominal,5,train/approx_kl,1204224,0.015390758402645588
nominal,5,train/approx_kl,1212416,0.011501669883728027
nominal,5,train/approx_kl,1220608,0.015401961281895638
nominal,5,train/approx_kl,1228800,0.012049360200762749
nominal,5,train/approx_kl,1236992,0.011063036508858204
nominal,5,train/approx_kl,1245184,0.015173880383372307
nominal,5,train/approx_kl,1253376,0.012002036906778812
nominal,5,train/approx_kl,1261568,0.010350212454795837
nominal,5,train/approx_kl,1269760,0.0119209298864007
nominal,5,train/approx_kl,1277952,0.016254911199212074
nominal,5,train/approx_kl,1286144,0.014900419861078262
nominal,5,train/approx_kl,1294336,0.012140675447881222
nominal,5,train/approx_kl,1302528,0.00659561064094305
nominal,5,train/approx_kl,1310720,0.008837609551846981
nominal,5,train/approx_kl,1318912,0.01172801572829485
nominal,5,train/approx_kl,1327104,0.012366726994514465
nominal,5,train/approx_kl,1335296,0.012292981147766113
nominal,5,train/approx_kl,1343488,0.01467366237193346
nominal,5,train/approx_kl,1351680,0.012083601206541061
nominal,5,train/approx_kl,1359872,0.014429178088903427
nominal,5,train/approx_kl,1368064,0.010835515335202217
nominal,5,train/approx_kl,1376256,0.013044582679867744
nominal,5,train/approx_kl,1384448,0.01308718603104353
nominal,5,train/approx_kl,1392640,0.011052797548472881
nominal,5,train/approx_kl,1400832,0.01365677174180746
nominal,5,train/approx_kl,1409024,0.011287061497569084
nominal,5,train/approx_kl,1417216,0.013647995889186859
nominal,5,train/approx_kl,1425408,0.008686663582921028
nominal,5,train/approx_kl,1433600,0.014247207902371883
nominal,5,train/approx_kl,1441792,0.03803640231490135
nominal,5,train/approx_kl,1449984,0.013690026476979256
nominal,5,train/approx_kl,1458176,0.013985096476972103
nominal,5,train/approx_kl,1466368,0.013588640838861465
nominal,5,train/approx_kl,1474560,0.014278557151556015
nominal,5,train/approx_kl,1482752,0.014596245251595974
nominal,5,train/approx_kl,1490944,0.011461700312793255
nominal,5,train/approx_kl,1499136,0.011866949498653412
nominal,5,train/approx_kl,1507328,0.013302557170391083
nominal,5,train/approx_kl,1515520,0.014539020135998726
nominal,5,train/approx_kl,1523712,0.011957189068198204
nominal,5,train/approx_kl,1531904,0.013003608211874962
nominal,5,train/approx_kl,1540096,0.011089573614299297
nominal,5,train/approx_kl,1548288,0.01207741815596819
nominal,5,train/approx_kl,1556480,0.014373128302395344
nominal,5,train/approx_kl,1564672,0.015490066260099411
nominal,5,train/approx_kl,1572864,0.011189304292201996
nominal,5,train/approx_kl,1581056,0.014019458554685116
nominal,5,train/approx_kl,1589248,0.009526197798550129
nominal,5,train/approx_kl,1597440,0.01137637160718441
nominal,5,train/approx_kl,1605632,0.015411502681672573
nominal,5,train/approx_kl,1613824,0.012698343023657799
nominal,5,train/approx_kl,1622016,0.013720481656491756
nominal,5,train/approx_kl,1630208,0.016285365447402
nominal,5,train/approx_kl,1638400,0.01476841326802969
nominal,5,train/approx_kl,1646592,0.012676344253122807
nominal,5,train/approx_kl,1654784,0.011162171140313148
nominal,5,train/approx_kl,1662976,0.012263321317732334
nominal,5,train/approx_kl,1671168,0.01242592092603445
nominal,5,train/approx_kl,1679360,0.011777007952332497
nominal,5,train/approx_kl,1687552,0.01471879705786705
nominal,5,train/approx_kl,1695744,0.015150840394198895
nominal,5,train/approx_kl,1703936,0.011081863194704056
nominal,5,train/approx_kl,1712128,0.0147864343598485
nominal,5,train/approx_kl,1720320,0.010948489420115948
nominal,5,train/approx_kl,1728512,0.014137224294245243
nominal,5,train/approx_kl,1736704,0.026003601029515266
nominal,5,train/approx_kl,1744896,0.013316323049366474
nominal,5,train/approx_kl,1753088,0.01189447846263647
nominal,5,train/approx_kl,1761280,0.011242601089179516
nominal,5,train/approx_kl,1769472,0.012695670127868652
nominal,5,train/approx_kl,1777664,0.0140933096408844
nominal,5,train/approx_kl,1785856,0.013395548798143864
nominal,5,train/approx_kl,1794048,0.014496848918497562
nominal,5,train/approx_kl,1802240,0.016145184636116028
nominal,5,train/approx_kl,1810432,0.016064703464508057
nominal,5,train/approx_kl,1818624,0.014864162541925907
nominal,5,train/approx_kl,1826816,0.012774799019098282
nominal,5,train/approx_kl,1835008,0.014154648408293724
nominal,5,train/approx_kl,1843200,0.011790263466536999
nominal,5,train/approx_kl,1851392,0.011432848870754242
nominal,5,train/approx_kl,1859584,0.012129937298595905
nominal,5,train/approx_kl,1867776,0.011404018849134445
nominal,5,train/approx_kl,1875968,0.01409284956753254
nominal,5,train/approx_kl,1884160,0.013633466325700283
nominal,5,train/approx_kl,1892352,0.0132451755926013
nominal,5,train/approx_kl,1900544,0.016155444085597992
nominal,5,train/approx_kl,1908736,0.012751455418765545
nominal,5,train/approx_kl,1916928,0.010987257584929466
nominal,5,train/approx_kl,1925120,0.011481387540698051
nominal,5,train/approx_kl,1933312,0.01277841441333294
nominal,5,train/approx_kl,1941504,0.011972127482295036
nominal,5,train/approx_kl,1949696,0.010725926607847214
nominal,5,train/approx_kl,1957888,0.010412909090518951
nominal,5,train/approx_kl,1966080,0.012995044700801373
nominal,5,train/approx_kl,1974272,0.010381605476140976
nominal,5,train/approx_kl,1982464,0.01105725858360529
nominal,5,train/approx_kl,1990656,0.009674173779785633
nominal,5,train/approx_kl,1998848,0.015232003293931484
nominal,5,train/approx_kl,2007040,0.013937794603407383
nominal,5,train/approx_kl,2015232,0.014617581851780415
nominal,5,train/approx_kl,2023424,0.01249220222234726
nominal,5,train/approx_kl,2031616,0.01325251255184412
nominal,5,train/approx_kl,2039808,0.014956344850361347
nominal,5,train/approx_kl,2048000,0.014571716077625751
nominal,5,train/approx_kl,2056192,0.010683397762477398
nominal,5,train/approx_kl,2064384,0.013887063600122929
nominal,5,train/approx_kl,2072576,0.009684061631560326
nominal,5,train/approx_kl,2080768,0.012930145487189293
nominal,5,train/approx_kl,2088960,0.01564684510231018
nominal,5,train/approx_kl,2097152,0.01323421485722065
nominal,5,train/approx_kl,2105344,0.014892962761223316
nominal,5,train/approx_kl,2113536,0.011180948466062546
nominal,5,train/approx_kl,2121728,0.007861434482038021
nominal,5,train/approx_kl,2129920,0.011337473057210445
nominal,5,train/approx_kl,2138112,0.013566657900810242
nominal,5,train/approx_kl,2146304,0.01645548827946186
nominal,5,train/approx_kl,2154496,0.013391123153269291
nominal,5,train/approx_kl,2162688,0.014371436089277267
nominal,5,train/approx_kl,2170880,0.014092567376792431
nominal,5,train/approx_kl,2179072,0.012508782558143139
nominal,5,train/approx_kl,2187264,0.009124869480729103
nominal,5,train/approx_kl,2195456,0.013482526876032352
nominal,5,train/approx_kl,2203648,0.012940051034092903
nominal,5,train/approx_kl,2211840,0.011511997319757938
nominal,5,train/approx_kl,2220032,0.013448541052639484
nominal,5,train/approx_kl,2228224,0.014886431396007538
nominal,5,train/approx_kl,2236416,0.014276073314249516
nominal,5,train/approx_kl,2244608,0.014152027666568756
nominal,5,train/approx_kl,2252800,0.012386996299028397
nominal,5,train/approx_kl,2260992,0.012343287467956543
nominal,5,train/approx_kl,2269184,0.011156786233186722
nominal,5,train/approx_kl,2277376,0.012963956221938133
nominal,5,train/approx_kl,2285568,0.013039941899478436
nominal,5,train/approx_kl,2293760,0.014534521847963333
nominal,5,train/approx_kl,2301952,0.011469741351902485
nominal,5,train/approx_kl,2310144,0.012191305868327618
nominal,5,train/approx_kl,2318336,0.012506826780736446
nominal,5,train/approx_kl,2326528,0.010883198119699955
nominal,5,train/approx_kl,2334720,0.013157653622329235
nominal,5,train/approx_kl,2342912,0.012850162573158741
nominal,5,train/approx_kl,2351104,0.011687355116009712
nominal,5,train/approx_kl,2359296,0.010160873644053936
nominal,5,train/approx_kl,2367488,0.01525307260453701
nominal,5,train/approx_kl,2375680,0.01249324344098568
nominal,5,train/approx_kl,2383872,0.01241932064294815
nominal,5,train/approx_kl,2392064,0.012346262112259865
nominal,5,train/approx_kl,2400256,0.013139360584318638
nominal,5,train/approx_kl,2408448,0.012708017602562904
nominal,5,train/approx_kl,2416640,0.01065530814230442
nominal,5,train/approx_kl,2424832,0.009809565730392933
nominal,5,train/approx_kl,2433024,0.012700374238193035
nominal,5,train/approx_kl,2441216,0.012035680003464222
nominal,5,train/approx_kl,2449408,0.010506115853786469
nominal,5,train/approx_kl,2457600,0.011603652499616146
nominal,5,train/approx_kl,2465792,0.013171203434467316
nominal,5,train/approx_kl,2473984,0.0109303779900074
nominal,5,train/approx_kl,2482176,0.009627742692828178
nominal,5,train/approx_kl,2490368,0.013175548054277897
nominal,5,train/approx_kl,2498560,0.011166555806994438
nominal,5,train/approx_kl,2506752,0.013146797195076942
nominal,5,train/approx_kl,2514944,0.012685471214354038
nominal,5,train/approx_kl,2523136,0.01306823454797268
nominal,5,train/approx_kl,2531328,0.009851527400314808
nominal,5,train/approx_kl,2539520,0.010808495804667473
nominal,5,train/approx_kl,2547712,0.010495011694729328
nominal,5,train/approx_kl,2555904,0.011260977946221828
nominal,5,train/approx_kl,2564096,0.011959885247051716
nominal,5,train/approx_kl,2572288,0.013090444728732109
nominal,5,train/approx_kl,2580480,0.013446466065943241
nominal,5,train/approx_kl,2588672,0.010700264014303684
nominal,5,train/approx_kl,2596864,0.015111502259969711
nominal,5,train/approx_kl,2605056,0.01505984365940094
nominal,5,train/approx_kl,2613248,0.024355817586183548
nominal,5,train/approx_kl,2621440,0.012380840256810188
nominal,5,train/approx_kl,2629632,0.011044945567846298
nominal,5,train/approx_kl,2637824,0.014236191287636757
nominal,5,train/approx_kl,2646016,0.014879075810313225
nominal,5,train/approx_kl,2654208,0.011420714668929577
nominal,5,train/approx_kl,2662400,0.014705286361277103
nominal,5,train/approx_kl,2670592,0.012734516523778439
nominal,5,train/approx_kl,2678784,0.026220032945275307
nominal,5,train/approx_kl,2686976,0.011584373190999031
nominal,5,train/approx_kl,2695168,0.012952390126883984
nominal,5,train/approx_kl,2703360,0.011827925220131874
nominal,5,train/approx_kl,2711552,0.014471321366727352
nominal,5,train/approx_kl,2719744,0.009817912243306637
nominal,5,train/approx_kl,2727936,0.011558513157069683
nominal,5,train/approx_kl,2736128,0.011611387133598328
nominal,5,train/approx_kl,2744320,0.013121730647981167
nominal,5,train/approx_kl,2752512,0.01223601121455431
nominal,5,train/approx_kl,2760704,0.012240898795425892
nominal,5,train/approx_kl,2768896,0.013819491490721703
nominal,5,train/approx_kl,2777088,0.012938035652041435
nominal,5,train/approx_kl,2785280,0.010069328360259533
nominal,5,train/approx_kl,2793472,0.009678573347628117
nominal,5,train/approx_kl,2801664,0.009700627066195011
nominal,5,train/approx_kl,2809856,0.013151519000530243
nominal,5,train/approx_kl,2818048,0.0125929219648242
nominal,5,train/approx_kl,2826240,0.012702655978500843
nominal,5,train/approx_kl,2834432,0.014170043170452118
nominal,5,train/approx_kl,2842624,0.010467853397130966
nominal,5,train/approx_kl,2850816,0.027048712596297264
nominal,5,train/approx_kl,2859008,0.014348250813782215
nominal,5,train/approx_kl,2867200,0.01552921999245882
nominal,5,train/approx_kl,2875392,0.009390921331942081
nominal,5,train/approx_kl,2883584,0.010465982370078564
nominal,5,train/approx_kl,2891776,0.013730121776461601
nominal,5,train/approx_kl,2899968,0.008888204582035542
nominal,5,train/approx_kl,2908160,0.012289231643080711
nominal,5,train/approx_kl,2916352,0.013375901617109776
nominal,5,train/approx_kl,2924544,0.01482019480317831
nominal,5,train/approx_kl,2932736,0.009948628954589367
nominal,5,train/approx_kl,2940928,0.015222803689539433
nominal,5,train/approx_kl,2949120,0.012495597824454308
nominal,5,train/approx_kl,2957312,0.013774557039141655
nominal,5,train/approx_kl,2965504,0.012259594164788723
nominal,5,train/approx_kl,2973696,0.014054925180971622
nominal,5,train/approx_kl,2981888,0.024503570050001144
nominal,5,train/approx_kl,2990080,0.010184230282902718
nominal,5,train/approx_kl,2998272,0.011421115137636662
nominal,5,train/approx_kl,3006464,0.01121730636805296
nominal,5,train/approx_kl,3014656,0.011866400949656963
nominal,5,train/approx_kl,3022848,0.009806339628994465
nominal,5,train/approx_kl,3031040,0.03486838936805725
nominal,5,train/approx_kl,3039232,0.012413346208631992
nominal,5,train/approx_kl,3047424,0.013736897148191929
nominal,5,train/approx_kl,3055616,0.025467844679951668
nominal,5,train/approx_kl,3063808,0.00934944860637188
nominal,5,train/approx_kl,3072000,0.013912612572312355
nominal,5,train/approx_kl,3080192,0.013057147152721882
nominal,5,train/approx_kl,3088384,0.013305851258337498
nominal,5,train/approx_kl,3096576,0.014327646233141422
nominal,5,train/approx_kl,3104768,0.022847594693303108
nominal,5,train/approx_kl,3112960,0.011807629838585854
nominal,5,train/approx_kl,3121152,0.011434315703809261
nominal,5,train/approx_kl,3129344,0.014116591773927212
nominal,5,train/approx_kl,3137536,0.012881345115602016
nominal,5,train/approx_kl,3145728,0.012575415894389153
nominal,5,train/approx_kl,3153920,0.015256961807608604
nominal,5,train/approx_kl,3162112,0.011596264317631721
nominal,5,train/approx_kl,3170304,0.011488428339362144
nominal,5,train/approx_kl,3178496,0.013725810684263706
nominal,5,train/approx_kl,3186688,0.012203240767121315
nominal,5,train/approx_kl,3194880,0.01332934945821762
nominal,5,train/approx_kl,3203072,0.012706348672509193
nominal,5,train/approx_kl,3211264,0.009770173579454422
nominal,5,train/approx_kl,3219456,0.011357992887496948
nominal,5,train/approx_kl,3227648,0.01503051072359085
nominal,5,train/approx_kl,3235840,0.011687125079333782
nominal,5,train/approx_kl,3244032,0.010831397958099842
nominal,5,train/approx_kl,3252224,0.013007363304495811
nominal,5,train/approx_kl,3260416,0.012066341005265713
nominal,5,train/approx_kl,3268608,0.0152298454195261
nominal,5,train/approx_kl,3276800,0.01402316428720951
nominal,5,train/approx_kl,3284992,0.010154210962355137
nominal,5,train/approx_kl,3293184,0.012892093509435654
nominal,5,train/approx_kl,3301376,0.011450633406639099
nominal,5,train/approx_kl,3309568,0.011863979510962963
nominal,5,train/approx_kl,3317760,0.011827891692519188
nominal,5,train/approx_kl,3325952,0.010546691715717316
nominal,5,train/approx_kl,3334144,0.01255771890282631
nominal,5,train/approx_kl,3342336,0.010088885203003883
nominal,5,train/approx_kl,3350528,0.013970562256872654
nominal,5,train/approx_kl,3358720,0.013171877712011337
nominal,5,train/approx_kl,3366912,0.010494008660316467
nominal,5,train/approx_kl,3375104,0.010627125389873981
nominal,5,train/approx_kl,3383296,0.012629574164748192
nominal,5,train/approx_kl,3391488,0.010901219211518764
nominal,5,train/approx_kl,3399680,0.010440059006214142
nominal,5,train/approx_kl,3407872,0.012832818552851677
nominal,5,train/approx_kl,3416064,0.020068814978003502
nominal,5,train/approx_kl,3424256,0.013566207140684128
nominal,5,train/approx_kl,3432448,0.011714254505932331
nominal,5,train/approx_kl,3440640,0.011494935490190983
nominal,5,train/approx_kl,3448832,0.0113076725974679
nominal,5,train/approx_kl,3457024,0.012619510293006897
nominal,5,train/approx_kl,3465216,0.008956498466432095
nominal,5,train/approx_kl,3473408,0.013315160758793354
nominal,5,train/approx_kl,3481600,0.014204313047230244
nominal,5,train/approx_kl,3489792,0.013322800397872925
nominal,5,train/approx_kl,3497984,0.012656117789447308
nominal,5,train/approx_kl,3506176,0.012982138432562351
nominal,5,train/approx_kl,3514368,0.0144546739757061
nominal,5,train/approx_kl,3522560,0.012054533697664738
nominal,5,train/approx_kl,3530752,0.011966685764491558
nominal,5,train/approx_kl,3538944,0.010238933376967907
nominal,5,train/approx_kl,3547136,0.010689881630241871
nominal,5,train/approx_kl,3555328,0.012513034045696259
nominal,5,train/approx_kl,3563520,0.012934288941323757
nominal,5,train/approx_kl,3571712,0.02388671040534973
nominal,5,train/approx_kl,3579904,0.03465797007083893
nominal,5,train/approx_kl,3588096,0.009323502890765667
nominal,5,train/approx_kl,3596288,0.011816885322332382
nominal,5,train/approx_kl,3604480,0.008380417712032795
nominal,5,train/approx_kl,3612672,0.014233235269784927
nominal,5,train/approx_kl,3620864,0.011856863275170326
nominal,5,train/approx_kl,3629056,0.020287394523620605
nominal,5,train/approx_kl,3637248,0.01457845140248537
nominal,5,train/approx_kl,3645440,0.013564547523856163
nominal,5,train/approx_kl,3653632,0.013345111161470413
nominal,5,train/approx_kl,3661824,0.01098102331161499
nominal,5,train/approx_kl,3670016,0.012462669983506203
nominal,5,train/approx_kl,3678208,0.012668710201978683
nominal,5,train/approx_kl,3686400,0.011954838410019875
nominal,5,train/approx_kl,3694592,0.011515229940414429
nominal,5,train/approx_kl,3702784,0.012184021063148975
nominal,5,train/approx_kl,3710976,0.012701312080025673
nominal,5,train/approx_kl,3719168,0.018438342958688736
nominal,5,train/approx_kl,3727360,0.009073341265320778
nominal,5,train/approx_kl,3735552,0.012636423110961914
nominal,5,train/approx_kl,3743744,0.01414730679243803
nominal,5,train/approx_kl,3751936,0.012929914519190788
nominal,5,train/approx_kl,3760128,0.013064983300864697
nominal,5,train/approx_kl,3768320,0.013740005902945995
nominal,5,train/approx_kl,3776512,0.010902095586061478
nominal,5,train/approx_kl,3784704,0.02307499758899212
nominal,5,train/approx_kl,3792896,0.014710526913404465
nominal,5,train/approx_kl,3801088,0.01301403995603323
nominal,5,train/approx_kl,3809280,0.02344241924583912
nominal,5,train/approx_kl,3817472,0.01423821970820427
nominal,5,train/approx_kl,3825664,0.010141519829630852
nominal,5,train/approx_kl,3833856,0.013044031336903572
nominal,5,train/approx_kl,3842048,0.010726789012551308
nominal,5,train/approx_kl,3850240,0.012119745835661888
nominal,5,train/approx_kl,3858432,0.010311908088624477
nominal,5,train/approx_kl,3866624,0.011361522600054741
nominal,5,train/approx_kl,3874816,0.01242102775722742
nominal,5,train/approx_kl,3883008,0.010607898235321045
nominal,5,train/approx_kl,3891200,0.014574012719094753
nominal,5,train/approx_kl,3899392,0.010960050858557224
nominal,5,train/approx_kl,3907584,0.020817410200834274
nominal,5,train/approx_kl,3915776,0.012196828611195087
nominal,5,train/approx_kl,3923968,0.021001778542995453
nominal,5,train/approx_kl,3932160,0.012860652059316635
nominal,5,train/approx_kl,3940352,0.03370310738682747
nominal,5,train/approx_kl,3948544,0.01153294462710619
nominal,5,train/approx_kl,3956736,0.011922121047973633
nominal,5,train/approx_kl,3964928,0.011164183728396893
nominal,5,train/approx_kl,3973120,0.01369850616902113
nominal,5,train/approx_kl,3981312,0.02226114831864834
nominal,5,train/approx_kl,3989504,0.013621409423649311
nominal,5,train/approx_kl,3997696,0.011216165497899055
nominal,5,train/approx_kl,4005888,0.013121059164404869
nominal,5,train/approx_kl,4014080,0.012711789458990097
nominal,5,train/approx_kl,4022272,0.012532033957540989
nominal,5,train/approx_kl,4030464,0.013937589712440968
nominal,5,train/approx_kl,4038656,0.013100932352244854
nominal,5,train/approx_kl,4046848,0.012796720489859581
nominal,5,train/approx_kl,4055040,0.013308919034898281
nominal,5,train/approx_kl,4063232,0.01637071557343006
nominal,5,train/approx_kl,4071424,0.014316372573375702
nominal,5,train/approx_kl,4079616,0.01346211601048708
nominal,5,train/approx_kl,4087808,0.011341049335896969
nominal,5,train/approx_kl,4096000,0.013480891473591328
nominal,5,train/approx_kl,4104192,0.011884975247085094
nominal,5,train/approx_kl,4112384,0.014436143450438976
nominal,5,train/approx_kl,4120576,0.009430776350200176
nominal,5,train/approx_kl,4128768,0.00937756709754467
nominal,5,train/approx_kl,4136960,0.01354286726564169
nominal,5,train/approx_kl,4145152,0.011297410354018211
nominal,5,train/approx_kl,4153344,0.01284243818372488
nominal,5,train/approx_kl,4161536,0.011283937841653824
nominal,5,train/approx_kl,4169728,0.01766807585954666
nominal,5,train/approx_kl,4177920,0.013327782042324543
nominal,5,train/approx_kl,4186112,0.011682369746267796
nominal,5,train/approx_kl,4194304,0.011332075111567974
nominal,5,train/approx_kl,4202496,0.012595814652740955
nominal,5,train/approx_kl,4210688,0.014413652010262012
nominal,5,train/approx_kl,4218880,0.013968418352305889
nominal,5,train/approx_kl,4227072,0.015273192897439003
nominal,5,train/approx_kl,4235264,0.01855958066880703
nominal,5,train/approx_kl,4243456,0.020946135744452477
nominal,5,train/approx_kl,4251648,0.015378668904304504
nominal,5,train/approx_kl,4259840,0.00850264634937048
nominal,5,train/approx_kl,4268032,0.015234334394335747
nominal,5,train/approx_kl,4276224,0.019839979708194733
nominal,5,train/approx_kl,4284416,0.022339938208460808
nominal,5,train/approx_kl,4292608,0.02570476196706295
nominal,5,train/approx_kl,4300800,0.011220765300095081
nominal,5,train/approx_kl,4308992,0.020792612805962563
nominal,5,train/approx_kl,4317184,0.009499446488916874
nominal,5,train/approx_kl,4325376,0.010252642445266247
nominal,5,train/approx_kl,4333568,0.017777133733034134
nominal,5,train/approx_kl,4341760,0.020165398716926575
nominal,5,train/approx_kl,4349952,0.013087947852909565
nominal,5,train/approx_kl,4358144,0.019298475235700607
nominal,5,train/approx_kl,4366336,0.030680101364850998
nominal,5,train/approx_kl,4374528,0.0114241112023592
nominal,5,train/approx_kl,4382720,0.021778395399451256
nominal,5,train/approx_kl,4390912,0.021344594657421112
nominal,5,train/approx_kl,4399104,0.013950436376035213
nominal,5,train/approx_kl,4407296,0.011291489005088806
nominal,5,train/approx_kl,4415488,0.021533723920583725
nominal,5,train/approx_kl,4423680,0.011480054818093777
nominal,5,train/approx_kl,4431872,0.015371119603514671
nominal,5,train/approx_kl,4440064,0.020526211708784103
nominal,5,train/approx_kl,4448256,0.020978208631277084
nominal,5,train/approx_kl,4456448,0.012875737622380257
nominal,5,train/approx_kl,4464640,0.013633250258862972
nominal,5,train/approx_kl,4472832,0.012063851580023766
nominal,5,train/approx_kl,4481024,0.019720254465937614
nominal,5,train/approx_kl,4489216,0.013454042375087738
nominal,5,train/approx_kl,4497408,0.011975505389273167
nominal,5,train/approx_kl,4505600,0.012826161459088326
nominal,5,train/approx_kl,4513792,0.03413133695721626
nominal,5,train/approx_kl,4521984,0.01127522625029087
nominal,5,train/approx_kl,4530176,0.021899389103055
nominal,5,train/approx_kl,4538368,0.019428016617894173
nominal,5,train/approx_kl,4546560,0.01856440305709839
nominal,5,train/approx_kl,4554752,0.014417409896850586
nominal,5,train/approx_kl,4562944,0.019937442615628242
nominal,5,train/approx_kl,4571136,0.019527101889252663
nominal,5,train/approx_kl,4579328,0.01170799694955349
nominal,5,train/approx_kl,4587520,0.013893368653953075
nominal,5,train/approx_kl,4595712,0.019904129207134247
nominal,5,train/approx_kl,4603904,0.008967586793005466
nominal,5,train/approx_kl,4612096,0.012292968109250069
nominal,5,train/approx_kl,4620288,0.012166526168584824
nominal,5,train/approx_kl,4628480,0.01877845637500286
nominal,5,train/approx_kl,4636672,0.0189850814640522
nominal,5,train/approx_kl,4644864,0.018585361540317535
nominal,5,train/approx_kl,4653056,0.019385769963264465
nominal,5,train/approx_kl,4661248,0.022589873522520065
nominal,5,train/approx_kl,4669440,0.019492752850055695
nominal,5,train/approx_kl,4677632,0.0204523503780365
nominal,5,train/approx_kl,4685824,0.018746109679341316
nominal,5,train/approx_kl,4694016,0.02221248485147953
nominal,5,train/approx_kl,4702208,0.020127275958657265
nominal,5,train/approx_kl,4710400,0.01996292546391487
nominal,5,train/approx_kl,4718592,0.0248368252068758
nominal,5,train/approx_kl,4726784,0.011614297516644001
nominal,5,train/approx_kl,4734976,0.020353728905320168
nominal,5,train/approx_kl,4743168,0.012997955083847046
nominal,5,train/approx_kl,4751360,0.018205557018518448
nominal,5,train/approx_kl,4759552,0.02001413330435753
nominal,5,train/approx_kl,4767744,0.02508886344730854
nominal,5,train/approx_kl,4775936,0.011406516656279564
nominal,5,train/approx_kl,4784128,0.019525164738297462
nominal,5,train/approx_kl,4792320,0.019662335515022278
nominal,5,train/approx_kl,4800512,0.019993269816040993
nominal,5,train/approx_kl,4808704,0.012441783212125301
nominal,5,train/approx_kl,4816896,0.011548679322004318
nominal,5,train/approx_kl,4825088,0.01877320371568203
nominal,5,train/approx_kl,4833280,0.010575519874691963
nominal,5,train/approx_kl,4841472,0.020816512405872345
nominal,5,train/approx_kl,4849664,0.01935323141515255
nominal,5,train/approx_kl,4857856,0.018456121906638145
nominal,5,train/approx_kl,4866048,0.012240924872457981
nominal,5,train/approx_kl,4874240,0.017438378185033798
nominal,5,train/approx_kl,4882432,0.016226205974817276
nominal,5,train/approx_kl,4890624,0.008791370317339897
nominal,5,train/approx_kl,4898816,0.019069740548729897
nominal,5,train/approx_kl,4907008,0.020829562097787857
nominal,5,train/approx_kl,4915200,0.018982289358973503
nominal,5,train/approx_kl,4923392,0.01274173241108656
nominal,5,train/approx_kl,4931584,0.01747862435877323
nominal,5,train/approx_kl,4939776,0.018380973488092422
nominal,5,train/approx_kl,4947968,0.018395451828837395
nominal,5,train/approx_kl,4956160,0.009535633027553558
nominal,5,train/approx_kl,4964352,0.02094125747680664
nominal,5,train/approx_kl,4972544,0.011436736211180687
nominal,5,train/approx_kl,4980736,0.01775684580206871
nominal,5,train/approx_kl,4988928,0.018274296075105667
nominal,5,train/approx_kl,4997120,0.018986020237207413
nominal,5,train/approx_kl,5005312,0.01796671934425831
nominal,5,train/clip_fraction,16384,0.17067648470401764
nominal,5,train/clip_fraction,24576,0.19224241375923157
nominal,5,train/clip_fraction,32768,0.2039811611175537
nominal,5,train/clip_fraction,40960,0.20306536555290222
nominal,5,train/clip_fraction,49152,0.1802455335855484
nominal,5,train/clip_fraction,57344,0.16764937341213226
nominal,5,train/clip_fraction,65536,0.20662499964237213
nominal,5,train/clip_fraction,73728,0.19112318754196167
nominal,5,train/clip_fraction,81920,0.1977817416191101
nominal,5,train/clip_fraction,90112,0.18244759738445282
nominal,5,train/clip_fraction,98304,0.1941964328289032
nominal,5,train/clip_fraction,106496,0.15234375
nominal,5,train/clip_fraction,114688,0.19182854890823364
nominal,5,train/clip_fraction,122880,0.1675502210855484
nominal,5,train/clip_fraction,131072,0.171875
nominal,5,train/clip_fraction,139264,0.21349431574344635
nominal,5,train/clip_fraction,147456,0.20414958894252777
nominal,5,train/clip_fraction,155648,0.1808035671710968
nominal,5,train/clip_fraction,163840,0.1922348439693451
nominal,5,train/clip_fraction,172032,0.17957261204719543
nominal,5,train/clip_fraction,180224,0.18499523401260376
nominal,5,train/clip_fraction,188416,0.19840604066848755
nominal,5,train/clip_fraction,196608,0.2106073945760727
nominal,5,train/clip_fraction,204800,0.203125
nominal,5,train/clip_fraction,212992,0.21152052283287048
nominal,5,train/clip_fraction,221184,0.1820419579744339
nominal,5,train/clip_fraction,229376,0.15275734663009644
nominal,5,train/clip_fraction,237568,0.17049632966518402
nominal,5,train/clip_fraction,245760,0.2188541740179062
nominal,5,train/clip_fraction,253952,0.16015625
nominal,5,train/clip_fraction,262144,0.2220279723405838
nominal,5,train/clip_fraction,270336,0.19114191830158234
nominal,5,train/clip_fraction,278528,0.09992732852697372
nominal,5,train/clip_fraction,286720,0.1850852221250534
nominal,5,train/clip_fraction,294912,0.22807592153549194
nominal,5,train/clip_fraction,303104,0.15349264442920685
nominal,5,train/clip_fraction,311296,0.18437500298023224
nominal,5,train/clip_fraction,319488,0.1780931055545807
nominal,5,train/clip_fraction,327680,0.19501201808452606
nominal,5,train/clip_fraction,335872,0.16387194395065308
nominal,5,train/clip_fraction,344064,0.18060661852359772
nominal,5,train/clip_fraction,352256,0.21663135290145874
nominal,5,train/clip_fraction,360448,0.18637242913246155
nominal,5,train/clip_fraction,368640,0.22562965750694275
nominal,5,train/clip_fraction,376832,0.19879332184791565
nominal,5,train/clip_fraction,385024,0.18877550959587097
nominal,5,train/clip_fraction,393216,0.19558823108673096
nominal,5,train/clip_fraction,401408,0.19523948431015015
nominal,5,train/clip_fraction,409600,0.1431361585855484
nominal,5,train/clip_fraction,417792,0.2253449708223343
nominal,5,train/clip_fraction,425984,0.2055027186870575
nominal,5,train/clip_fraction,434176,0.169921875
nominal,5,train/clip_fraction,442368,0.23125000298023224
nominal,5,train/clip_fraction,450560,0.12420550733804703
nominal,5,train/clip_fraction,458752,0.2083333283662796
nominal,5,train/clip_fraction,466944,0.14692163467407227
nominal,5,train/clip_fraction,475136,0.198369562625885
nominal,5,train/clip_fraction,483328,0.19682016968727112
nominal,5,train/clip_fraction,491520,0.14626024663448334
nominal,5,train/clip_fraction,499712,0.17844203114509583
nominal,5,train/clip_fraction,507904,0.19389881193637848
nominal,5,train/clip_fraction,516096,0.1709134578704834
nominal,5,train/clip_fraction,524288,0.1890120953321457
nominal,5,train/clip_fraction,532480,0.15720663964748383
nominal,5,train/clip_fraction,540672,0.13671875
nominal,5,train/clip_fraction,548864,0.16737288236618042
nominal,5,train/clip_fraction,557056,0.15187500417232513
nominal,5,train/clip_fraction,565248,0.16718749701976776
nominal,5,train/clip_fraction,573440,0.1936848908662796
nominal,5,train/clip_fraction,581632,0.15789473056793213
nominal,5,train/clip_fraction,589824,0.19086021184921265
nominal,5,train/clip_fraction,598016,0.1935586780309677
nominal,5,train/clip_fraction,606208,0.10891544073820114
nominal,5,train/clip_fraction,614400,0.20279255509376526
nominal,5,train/clip_fraction,622592,0.1852678507566452
nominal,5,train/clip_fraction,630784,0.17276278138160706
nominal,5,train/clip_fraction,638976,0.20176629722118378
nominal,5,train/clip_fraction,647168,0.2025061845779419
nominal,5,train/clip_fraction,655360,0.1784539520740509
nominal,5,train/clip_fraction,663552,0.18309295177459717
nominal,5,train/clip_fraction,671744,0.2029605209827423
nominal,5,train/clip_fraction,679936,0.19072690606117249
nominal,5,train/clip_fraction,688128,0.17162297666072845
nominal,5,train/clip_fraction,696320,0.20048701763153076
nominal,5,train/clip_fraction,704512,0.1875
nominal,5,train/clip_fraction,712704,0.21488402783870697
nominal,5,train/clip_fraction,720896,0.17354166507720947
nominal,5,train/clip_fraction,729088,0.204353928565979
nominal,5,train/clip_fraction,737280,0.07950367778539658
nominal,5,train/clip_fraction,745472,0.1924913227558136
nominal,5,train/clip_fraction,753664,0.15801411867141724
nominal,5,train/clip_fraction,761856,0.19052419066429138
nominal,5,train/clip_fraction,770048,0.17115384340286255
nominal,5,train/clip_fraction,778240,0.1631355881690979
nominal,5,train/clip_fraction,786432,0.1654929518699646
nominal,5,train/clip_fraction,794624,0.18813344836235046
nominal,5,train/clip_fraction,802816,0.1294642835855484
nominal,5,train/clip_fraction,811008,0.16538915038108826
nominal,5,train/clip_fraction,819200,0.18584279716014862
nominal,5,train/clip_fraction,827392,0.18458333611488342
nominal,5,train/clip_fraction,835584,0.1640625
nominal,5,train/clip_fraction,843776,0.18976151943206787
nominal,5,train/clip_fraction,851968,0.19393382966518402
nominal,5,train/clip_fraction,860160,0.2068101465702057
nominal,5,train/clip_fraction,868352,0.19193673133850098
nominal,5,train/clip_fraction,876544,0.18333333730697632
nominal,5,train/clip_fraction,884736,0.15079365670681
nominal,5,train/clip_fraction,892928,0.17671655118465424
nominal,5,train/clip_fraction,901120,0.21641355752944946
nominal,5,train/clip_fraction,909312,0.18189102411270142
nominal,5,train/clip_fraction,917504,0.18557098507881165
nominal,5,train/clip_fraction,925696,0.15790720283985138
nominal,5,train/clip_fraction,933888,0.1707589328289032
nominal,5,train/clip_fraction,942080,0.16281703114509583
nominal,5,train/clip_fraction,950272,0.15095765888690948
nominal,5,train/clip_fraction,958464,0.19751602411270142
nominal,5,train/clip_fraction,966656,0.1918402761220932
nominal,5,train/clip_fraction,974848,0.17403845489025116
nominal,5,train/clip_fraction,983040,0.2139705866575241
nominal,5,train/clip_fraction,991232,0.16298076510429382
nominal,5,train/clip_fraction,999424,0.1767314225435257
nominal,5,train/clip_fraction,1007616,0.15448112785816193
nominal,5,train/clip_fraction,1015808,0.203125
nominal,5,train/clip_fraction,1024000,0.19659514725208282
nominal,5,train/clip_fraction,1032192,0.17236328125
nominal,5,train/clip_fraction,1040384,0.18885870277881622
nominal,5,train/clip_fraction,1048576,0.2228190153837204
nominal,5,train/clip_fraction,1056768,0.12286932021379471
nominal,5,train/clip_fraction,1064960,0.21101190149784088
nominal,5,train/clip_fraction,1073152,0.15158991515636444
nominal,5,train/clip_fraction,1081344,0.11825284361839294
nominal,5,train/clip_fraction,1089536,0.19810956716537476
nominal,5,train/clip_fraction,1097728,0.19603924453258514
nominal,5,train/clip_fraction,1105920,0.19006529450416565
nominal,5,train/clip_fraction,1114112,0.19053171575069427
nominal,5,train/clip_fraction,1122304,0.17790570855140686
nominal,5,train/clip_fraction,1130496,0.1453683078289032
nominal,5,train/clip_fraction,1138688,0.1901727020740509
nominal,5,train/clip_fraction,1146880,0.21169355511665344
nominal,5,train/clip_fraction,1155072,0.16167092323303223
nominal,5,train/clip_fraction,1163264,0.18976151943206787
nominal,5,train/clip_fraction,1171456,0.1945503056049347
nominal,5,train/clip_fraction,1179648,0.1916920691728592
nominal,5,train/clip_fraction,1187840,0.17397387325763702
nominal,5,train/clip_fraction,1196032,0.15463362634181976
nominal,5,train/clip_fraction,1204224,0.2094029039144516
nominal,5,train/clip_fraction,1212416,0.1536458283662796
nominal,5,train/clip_fraction,1220608,0.21699891984462738
nominal,5,train/clip_fraction,1228800,0.1666666716337204
nominal,5,train/clip_fraction,1236992,0.15372984111309052
nominal,5,train/clip_fraction,1245184,0.21292613446712494
nominal,5,train/clip_fraction,1253376,0.16229166090488434
nominal,5,train/clip_fraction,1261568,0.1279560774564743
nominal,5,train/clip_fraction,1269760,0.1640625
nominal,5,train/clip_fraction,1277952,0.2149832546710968
nominal,5,train/clip_fraction,1286144,0.19828124344348907
nominal,5,train/clip_fraction,1294336,0.17216435074806213
nominal,5,train/clip_fraction,1302528,0.08056640625
nominal,5,train/clip_fraction,1310720,0.11338140815496445
nominal,5,train/clip_fraction,1318912,0.15597587823867798
nominal,5,train/clip_fraction,1327104,0.16421568393707275
nominal,5,train/clip_fraction,1335296,0.15156249701976776
nominal,5,train/clip_fraction,1343488,0.20428240299224854
nominal,5,train/clip_fraction,1351680,0.16640624403953552
nominal,5,train/clip_fraction,1359872,0.19829252362251282
nominal,5,train/clip_fraction,1368064,0.14594414830207825
nominal,5,train/clip_fraction,1376256,0.17607276141643524
nominal,5,train/clip_fraction,1384448,0.1777871549129486
nominal,5,train/clip_fraction,1392640,0.15181903541088104
nominal,5,train/clip_fraction,1400832,0.17788460850715637
nominal,5,train/clip_fraction,1409024,0.15420082211494446
nominal,5,train/clip_fraction,1417216,0.1769886314868927
nominal,5,train/clip_fraction,1425408,0.1158854141831398
nominal,5,train/clip_fraction,1433600,0.18616615235805511
nominal,5,train/clip_fraction,1441792,0.23389050364494324
nominal,5,train/clip_fraction,1449984,0.18730469048023224
nominal,5,train/clip_fraction,1458176,0.18447066843509674
nominal,5,train/clip_fraction,1466368,0.19013157486915588
nominal,5,train/clip_fraction,1474560,0.1945503056049347
nominal,5,train/clip_fraction,1482752,0.19913563132286072
nominal,5,train/clip_fraction,1490944,0.150390625
nominal,5,train/clip_fraction,1499136,0.16153846681118011
nominal,5,train/clip_fraction,1507328,0.18670886754989624
nominal,5,train/clip_fraction,1515520,0.20541487634181976
nominal,5,train/clip_fraction,1523712,0.16614583134651184
nominal,5,train/clip_fraction,1531904,0.1817956417798996
nominal,5,train/clip_fraction,1540096,0.14128988981246948
nominal,5,train/clip_fraction,1548288,0.1595982164144516
nominal,5,train/clip_fraction,1556480,0.19687500596046448
nominal,5,train/clip_fraction,1564672,0.21156753599643707
nominal,5,train/clip_fraction,1572864,0.14261363446712494
nominal,5,train/clip_fraction,1581056,0.1886635571718216
nominal,5,train/clip_fraction,1589248,0.13826650381088257
nominal,5,train/clip_fraction,1597440,0.15343238413333893
nominal,5,train/clip_fraction,1605632,0.2149057537317276
nominal,5,train/clip_fraction,1613824,0.16845703125
nominal,5,train/clip_fraction,1622016,0.19298987090587616
nominal,5,train/clip_fraction,1630208,0.22083333134651184
nominal,5,train/clip_fraction,1638400,0.2088414579629898
nominal,5,train/clip_fraction,1646592,0.1695205420255661
nominal,5,train/clip_fraction,1654784,0.1452205926179886
nominal,5,train/clip_fraction,1662976,0.1599576324224472
nominal,5,train/clip_fraction,1671168,0.1673177033662796
nominal,5,train/clip_fraction,1679360,0.15515351295471191
nominal,5,train/clip_fraction,1687552,0.18497242033481598
nominal,5,train/clip_fraction,1695744,0.2121340036392212
nominal,5,train/clip_fraction,1703936,0.14799527823925018
nominal,5,train/clip_fraction,1712128,0.20234374701976776
nominal,5,train/clip_fraction,1720320,0.1389627605676651
nominal,5,train/clip_fraction,1728512,0.1892361044883728
nominal,5,train/clip_fraction,1736704,0.21516203880310059
nominal,5,train/clip_fraction,1744896,0.1820913404226303
nominal,5,train/clip_fraction,1753088,0.16693037748336792
nominal,5,train/clip_fraction,1761280,0.1450471729040146
nominal,5,train/clip_fraction,1769472,0.1779513955116272
nominal,5,train/clip_fraction,1777664,0.1825086772441864
nominal,5,train/clip_fraction,1785856,0.17812499403953552
nominal,5,train/clip_fraction,1794048,0.20244565606117249
nominal,5,train/clip_fraction,1802240,0.21631307899951935
nominal,5,train/clip_fraction,1810432,0.21979166567325592
nominal,5,train/clip_fraction,1818624,0.20297330617904663
nominal,5,train/clip_fraction,1826816,0.16299715638160706
nominal,5,train/clip_fraction,1835008,0.17992424964904785
nominal,5,train/clip_fraction,1843200,0.1569940447807312
nominal,5,train/clip_fraction,1851392,0.15823863446712494
nominal,5,train/clip_fraction,1859584,0.1647028625011444
nominal,5,train/clip_fraction,1867776,0.16086065769195557
nominal,5,train/clip_fraction,1875968,0.18474264442920685
nominal,5,train/clip_fraction,1884160,0.17573052644729614
nominal,5,train/clip_fraction,1892352,0.181640625
nominal,5,train/clip_fraction,1900544,0.21051746606826782
nominal,5,train/clip_fraction,1908736,0.1693750023841858
nominal,5,train/clip_fraction,1916928,0.15274783968925476
nominal,5,train/clip_fraction,1925120,0.15482954680919647
nominal,5,train/clip_fraction,1933312,0.18161526322364807
nominal,5,train/clip_fraction,1941504,0.15767045319080353
nominal,5,train/clip_fraction,1949696,0.14512711763381958
nominal,5,train/clip_fraction,1957888,0.13998724520206451
nominal,5,train/clip_fraction,1966080,0.18281249701976776
nominal,5,train/clip_fraction,1974272,0.13569079339504242
nominal,5,train/clip_fraction,1982464,0.14830508828163147
nominal,5,train/clip_fraction,1990656,0.12180397659540176
nominal,5,train/clip_fraction,1998848,0.2158106416463852
nominal,5,train/clip_fraction,2007040,0.17459239065647125
nominal,5,train/clip_fraction,2015232,0.19412878155708313
nominal,5,train/clip_fraction,2023424,0.1640625
nominal,5,train/clip_fraction,2031616,0.17557565867900848
nominal,5,train/clip_fraction,2039808,0.20545212924480438
nominal,5,train/clip_fraction,2048000,0.19775390625
nominal,5,train/clip_fraction,2056192,0.1355229616165161
nominal,5,train/clip_fraction,2064384,0.18856534361839294
nominal,5,train/clip_fraction,2072576,0.1283482164144516
nominal,5,train/clip_fraction,2080768,0.16761364042758942
nominal,5,train/clip_fraction,2088960,0.20579954981803894
nominal,5,train/clip_fraction,2097152,0.1840277761220932
nominal,5,train/clip_fraction,2105344,0.20546874403953552
nominal,5,train/clip_fraction,2113536,0.13863031566143036
nominal,5,train/clip_fraction,2121728,0.09765625
nominal,5,train/clip_fraction,2129920,0.15520833432674408
nominal,5,train/clip_fraction,2138112,0.18454861640930176
nominal,5,train/clip_fraction,2146304,0.2167585790157318
nominal,5,train/clip_fraction,2154496,0.18189102411270142
nominal,5,train/clip_fraction,2162688,0.19388440251350403
nominal,5,train/clip_fraction,2170880,0.18422378599643707
nominal,5,train/clip_fraction,2179072,0.15807291865348816
nominal,5,train/clip_fraction,2187264,0.12172964960336685
nominal,5,train/clip_fraction,2195456,0.18524305522441864
nominal,5,train/clip_fraction,2203648,0.16961050033569336
nominal,5,train/clip_fraction,2211840,0.15413135290145874
nominal,5,train/clip_fraction,2220032,0.1829044073820114
nominal,5,train/clip_fraction,2228224,0.20358911156654358
nominal,5,train/clip_fraction,2236416,0.1922200471162796
nominal,5,train/clip_fraction,2244608,0.19705882668495178
nominal,5,train/clip_fraction,2252800,0.1626984179019928
nominal,5,train/clip_fraction,2260992,0.16441231966018677
nominal,5,train/clip_fraction,2269184,0.14087702333927155
nominal,5,train/clip_fraction,2277376,0.1848272979259491
nominal,5,train/clip_fraction,2285568,0.172607421875
nominal,5,train/clip_fraction,2293760,0.20094937086105347
nominal,5,train/clip_fraction,2301952,0.15546874701976776
nominal,5,train/clip_fraction,2310144,0.16915760934352875
nominal,5,train/clip_fraction,2318336,0.165283203125
nominal,5,train/clip_fraction,2326528,0.13786764442920685
nominal,5,train/clip_fraction,2334720,0.1848272979259491
nominal,5,train/clip_fraction,2342912,0.1726371943950653
nominal,5,train/clip_fraction,2351104,0.148681640625
nominal,5,train/clip_fraction,2359296,0.1369977742433548
nominal,5,train/clip_fraction,2367488,0.19904890656471252
nominal,5,train/clip_fraction,2375680,0.16611842811107635
nominal,5,train/clip_fraction,2383872,0.17380401492118835
nominal,5,train/clip_fraction,2392064,0.15833333134651184
nominal,5,train/clip_fraction,2400256,0.17240168154239655
nominal,5,train/clip_fraction,2408448,0.16796875
nominal,5,train/clip_fraction,2416640,0.1378205120563507
nominal,5,train/clip_fraction,2424832,0.12656250596046448
nominal,5,train/clip_fraction,2433024,0.17259615659713745
nominal,5,train/clip_fraction,2441216,0.15454545617103577
nominal,5,train/clip_fraction,2449408,0.134765625
nominal,5,train/clip_fraction,2457600,0.1616847813129425
nominal,5,train/clip_fraction,2465792,0.18383488059043884
nominal,5,train/clip_fraction,2473984,0.14413265883922577
nominal,5,train/clip_fraction,2482176,0.12632979452610016
nominal,5,train/clip_fraction,2490368,0.18157894909381866
nominal,5,train/clip_fraction,2498560,0.140625
nominal,5,train/clip_fraction,2506752,0.1836993247270584
nominal,5,train/clip_fraction,2514944,0.1575520783662796
nominal,5,train/clip_fraction,2523136,0.17988280951976776
nominal,5,train/clip_fraction,2531328,0.1285860687494278
nominal,5,train/clip_fraction,2539520,0.1329365074634552
nominal,5,train/clip_fraction,2547712,0.1422526091337204
nominal,5,train/clip_fraction,2555904,0.1559709757566452
nominal,5,train/clip_fraction,2564096,0.15909090638160706
nominal,5,train/clip_fraction,2572288,0.18072916567325592
nominal,5,train/clip_fraction,2580480,0.18865740299224854
nominal,5,train/clip_fraction,2588672,0.14895834028720856
nominal,5,train/clip_fraction,2596864,0.20606617629528046
nominal,5,train/clip_fraction,2605056,0.20632101595401764
nominal,5,train/clip_fraction,2613248,0.2231971174478531
nominal,5,train/clip_fraction,2621440,0.16417571902275085
nominal,5,train/clip_fraction,2629632,0.15118837356567383
nominal,5,train/clip_fraction,2637824,0.19736044108867645
nominal,5,train/clip_fraction,2646016,0.20160061120986938
nominal,5,train/clip_fraction,2654208,0.1462862342596054
nominal,5,train/clip_fraction,2662400,0.19892939925193787
nominal,5,train/clip_fraction,2670592,0.17033179104328156
nominal,5,train/clip_fraction,2678784,0.2144230753183365
nominal,5,train/clip_fraction,2686976,0.1569010466337204
nominal,5,train/clip_fraction,2695168,0.18384739756584167
nominal,5,train/clip_fraction,2703360,0.15962837636470795
nominal,5,train/clip_fraction,2711552,0.20132742822170258
nominal,5,train/clip_fraction,2719744,0.13124999403953552
nominal,5,train/clip_fraction,2727936,0.16393442451953888
nominal,5,train/clip_fraction,2736128,0.14989407360553741
nominal,5,train/clip_fraction,2744320,0.1736505627632141
nominal,5,train/clip_fraction,2752512,0.1652083396911621
nominal,5,train/clip_fraction,2760704,0.15435606241226196
nominal,5,train/clip_fraction,2768896,0.19211648404598236
nominal,5,train/clip_fraction,2777088,0.17343750596046448
nominal,5,train/clip_fraction,2785280,0.1391369104385376
nominal,5,train/clip_fraction,2793472,0.1304086595773697
nominal,5,train/clip_fraction,2801664,0.130859375
nominal,5,train/clip_fraction,2809856,0.171875
nominal,5,train/clip_fraction,2818048,0.16540178656578064
nominal,5,train/clip_fraction,2826240,0.1655016392469406
nominal,5,train/clip_fraction,2834432,0.19257812201976776
nominal,5,train/clip_fraction,2842624,0.13920454680919647
nominal,5,train/clip_fraction,2850816,0.21886926889419556
nominal,5,train/clip_fraction,2859008,0.19567087292671204
nominal,5,train/clip_fraction,2867200,0.20192307233810425
nominal,5,train/clip_fraction,2875392,0.13049767911434174
nominal,5,train/clip_fraction,2883584,0.140625
nominal,5,train/clip_fraction,2891776,0.19034090638160706
nominal,5,train/clip_fraction,2899968,0.1168619766831398
nominal,5,train/clip_fraction,2908160,0.15625
nominal,5,train/clip_fraction,2916352,0.18486446142196655
nominal,5,train/clip_fraction,2924544,0.20283830165863037
nominal,5,train/clip_fraction,2932736,0.13116776943206787
nominal,5,train/clip_fraction,2940928,0.20457175374031067
nominal,5,train/clip_fraction,2949120,0.1738591343164444
nominal,5,train/clip_fraction,2957312,0.18941885232925415
nominal,5,train/clip_fraction,2965504,0.16380208730697632
nominal,5,train/clip_fraction,2973696,0.1931612342596054
nominal,5,train/clip_fraction,2981888,0.21908967196941376
nominal,5,train/clip_fraction,2990080,0.13267044723033905
nominal,5,train/clip_fraction,2998272,0.16153168678283691
nominal,5,train/clip_fraction,3006464,0.14751838147640228
nominal,5,train/clip_fraction,3014656,0.16746795177459717
nominal,5,train/clip_fraction,3022848,0.12784090638160706
nominal,5,train/clip_fraction,3031040,0.21305717527866364
nominal,5,train/clip_fraction,3039232,0.16994863748550415
nominal,5,train/clip_fraction,3047424,0.18306326866149902
nominal,5,train/clip_fraction,3055616,0.23377403616905212
nominal,5,train/clip_fraction,3063808,0.1294642835855484
nominal,5,train/clip_fraction,3072000,0.1934988796710968
nominal,5,train/clip_fraction,3080192,0.171875
nominal,5,train/clip_fraction,3088384,0.18731831014156342
nominal,5,train/clip_fraction,3096576,0.19389881193637848
nominal,5,train/clip_fraction,3104768,0.21622242033481598
nominal,5,train/clip_fraction,3112960,0.16300153732299805
nominal,5,train/clip_fraction,3121152,0.15823063254356384
nominal,5,train/clip_fraction,3129344,0.1907670497894287
nominal,5,train/clip_fraction,3137536,0.17240767180919647
nominal,5,train/clip_fraction,3145728,0.17228618264198303
nominal,5,train/clip_fraction,3153920,0.20445884764194489
nominal,5,train/clip_fraction,3162112,0.15969279408454895
nominal,5,train/clip_fraction,3170304,0.1556919664144516
nominal,5,train/clip_fraction,3178496,0.1882530152797699
nominal,5,train/clip_fraction,3186688,0.15955105423927307
nominal,5,train/clip_fraction,3194880,0.17984068393707275
nominal,5,train/clip_fraction,3203072,0.1763392835855484
nominal,5,train/clip_fraction,3211264,0.13136574625968933
nominal,5,train/clip_fraction,3219456,0.15347781777381897
nominal,5,train/clip_fraction,3227648,0.20283019542694092
nominal,5,train/clip_fraction,3235840,0.15267856419086456
nominal,5,train/clip_fraction,3244032,0.1494869440793991
nominal,5,train/clip_fraction,3252224,0.18395619094371796
nominal,5,train/clip_fraction,3260416,0.156982421875
nominal,5,train/clip_fraction,3268608,0.21069587767124176
nominal,5,train/clip_fraction,3276800,0.1913154125213623
nominal,5,train/clip_fraction,3284992,0.1378348171710968
nominal,5,train/clip_fraction,3293184,0.18312500417232513
nominal,5,train/clip_fraction,3301376,0.15625
nominal,5,train/clip_fraction,3309568,0.16750000417232513
nominal,5,train/clip_fraction,3317760,0.16317246854305267
nominal,5,train/clip_fraction,3325952,0.14402173459529877
nominal,5,train/clip_fraction,3334144,0.17260174453258514
nominal,5,train/clip_fraction,3342336,0.1354166716337204
nominal,5,train/clip_fraction,3350528,0.19504915177822113
nominal,5,train/clip_fraction,3358720,0.18936966359615326
nominal,5,train/clip_fraction,3366912,0.14436140656471252
nominal,5,train/clip_fraction,3375104,0.151611328125
nominal,5,train/clip_fraction,3383296,0.16720779240131378
nominal,5,train/clip_fraction,3391488,0.1460336595773697
nominal,5,train/clip_fraction,3399680,0.13891267776489258
nominal,5,train/clip_fraction,3407872,0.17066271603107452
nominal,5,train/clip_fraction,3416064,0.19594907760620117
nominal,5,train/clip_fraction,3424256,0.17702414095401764
nominal,5,train/clip_fraction,3432448,0.16355518996715546
nominal,5,train/clip_fraction,3440640,0.15544180572032928
nominal,5,train/clip_fraction,3448832,0.14862805604934692
nominal,5,train/clip_fraction,3457024,0.17220744490623474
nominal,5,train/clip_fraction,3465216,0.11141304671764374
nominal,5,train/clip_fraction,3473408,0.17674513161182404
nominal,5,train/clip_fraction,3481600,0.1890285313129425
nominal,5,train/clip_fraction,3489792,0.18578296899795532
nominal,5,train/clip_fraction,3497984,0.17286184430122375
nominal,5,train/clip_fraction,3506176,0.1752232164144516
nominal,5,train/clip_fraction,3514368,0.203125
nominal,5,train/clip_fraction,3522560,0.16271552443504333
nominal,5,train/clip_fraction,3530752,0.1684027761220932
nominal,5,train/clip_fraction,3538944,0.12968750298023224
nominal,5,train/clip_fraction,3547136,0.14780405163764954
nominal,5,train/clip_fraction,3555328,0.1688012331724167
nominal,5,train/clip_fraction,3563520,0.17290295660495758
nominal,5,train/clip_fraction,3571712,0.21274909377098083
nominal,5,train/clip_fraction,3579904,0.2007025182247162
nominal,5,train/clip_fraction,3588096,0.12850765883922577
nominal,5,train/clip_fraction,3596288,0.16497564315795898
nominal,5,train/clip_fraction,3604480,0.10995370149612427
nominal,5,train/clip_fraction,3612672,0.18574999272823334
nominal,5,train/clip_fraction,3620864,0.1591796875
nominal,5,train/clip_fraction,3629056,0.21562500298023224
nominal,5,train/clip_fraction,3637248,0.19355468451976776
nominal,5,train/clip_fraction,3645440,0.18684209883213043
nominal,5,train/clip_fraction,3653632,0.17834052443504333
nominal,5,train/clip_fraction,3661824,0.14403408765792847
nominal,5,train/clip_fraction,3670016,0.1683872789144516
nominal,5,train/clip_fraction,3678208,0.1642795205116272
nominal,5,train/clip_fraction,3686400,0.16177591681480408
nominal,5,train/clip_fraction,3694592,0.1557459682226181
nominal,5,train/clip_fraction,3702784,0.16490709781646729
nominal,5,train/clip_fraction,3710976,0.1693314015865326
nominal,5,train/clip_fraction,3719168,0.19653178751468658
nominal,5,train/clip_fraction,3727360,0.11573093384504318
nominal,5,train/clip_fraction,3735552,0.16901881992816925
nominal,5,train/clip_fraction,3743744,0.19586074352264404
nominal,5,train/clip_fraction,3751936,0.17804783582687378
nominal,5,train/clip_fraction,3760128,0.1744791716337204
nominal,5,train/clip_fraction,3768320,0.18823014199733734
nominal,5,train/clip_fraction,3776512,0.15406249463558197
nominal,5,train/clip_fraction,3784704,0.2123991996049881
nominal,5,train/clip_fraction,3792896,0.20353618264198303
nominal,5,train/clip_fraction,3801088,0.17544643580913544
nominal,5,train/clip_fraction,3809280,0.20892518758773804
nominal,5,train/clip_fraction,3817472,0.19053398072719574
nominal,5,train/clip_fraction,3825664,0.13401442766189575
nominal,5,train/clip_fraction,3833856,0.1787014603614807
nominal,5,train/clip_fraction,3842048,0.14319029450416565
nominal,5,train/clip_fraction,3850240,0.16763393580913544
nominal,5,train/clip_fraction,3858432,0.1397569477558136
nominal,5,train/clip_fraction,3866624,0.15257352590560913
nominal,5,train/clip_fraction,3874816,0.16501913964748383
nominal,5,train/clip_fraction,3883008,0.1508246511220932
nominal,5,train/clip_fraction,3891200,0.20713496208190918
nominal,5,train/clip_fraction,3899392,0.1495535671710968
nominal,5,train/clip_fraction,3907584,0.20345744490623474
nominal,5,train/clip_fraction,3915776,0.1695926934480667
nominal,5,train/clip_fraction,3923968,0.1989728957414627
nominal,5,train/clip_fraction,3932160,0.1822916716337204
nominal,5,train/clip_fraction,3940352,0.2016715109348297
nominal,5,train/clip_fraction,3948544,0.15645833313465118
nominal,5,train/clip_fraction,3956736,0.16825810074806213
nominal,5,train/clip_fraction,3964928,0.15388257801532745
nominal,5,train/clip_fraction,3973120,0.19038228690624237
nominal,5,train/clip_fraction,3981312,0.20084397494792938
nominal,5,train/clip_fraction,3989504,0.1823890209197998
nominal,5,train/clip_fraction,3997696,0.14678029716014862
nominal,5,train/clip_fraction,4005888,0.18352754414081573
nominal,5,train/clip_fraction,4014080,0.1771460771560669
nominal,5,train/clip_fraction,4022272,0.17170698940753937
nominal,5,train/clip_fraction,4030464,0.19598598778247833
nominal,5,train/clip_fraction,4038656,0.17023026943206787
nominal,5,train/clip_fraction,4046848,0.1822400987148285
nominal,5,train/clip_fraction,4055040,0.18310073018074036
nominal,5,train/clip_fraction,4063232,0.22887499630451202
nominal,5,train/clip_fraction,4071424,0.1934223771095276
nominal,5,train/clip_fraction,4079616,0.1805555522441864
nominal,5,train/clip_fraction,4087808,0.15353260934352875
nominal,5,train/clip_fraction,4096000,0.1852678507566452
nominal,5,train/clip_fraction,4104192,0.1716269850730896
nominal,5,train/clip_fraction,4112384,0.20216557383537292
nominal,5,train/clip_fraction,4120576,0.11869517713785172
nominal,5,train/clip_fraction,4128768,0.12373992055654526
nominal,5,train/clip_fraction,4136960,0.19648130238056183
nominal,5,train/clip_fraction,4145152,0.154296875
nominal,5,train/clip_fraction,4153344,0.17850378155708313
nominal,5,train/clip_fraction,4161536,0.16701388359069824
nominal,5,train/clip_fraction,4169728,0.19358766078948975
nominal,5,train/clip_fraction,4177920,0.1831507682800293
nominal,5,train/clip_fraction,4186112,0.16485507786273956
nominal,5,train/clip_fraction,4194304,0.16015625
nominal,5,train/clip_fraction,4202496,0.17808735370635986
nominal,5,train/clip_fraction,4210688,0.20095916092395782
nominal,5,train/clip_fraction,4218880,0.18933823704719543
nominal,5,train/clip_fraction,4227072,0.21260246634483337
nominal,5,train/clip_fraction,4235264,0.1955711990594864
nominal,5,train/clip_fraction,4243456,0.21464982628822327
nominal,5,train/clip_fraction,4251648,0.2097107470035553
nominal,5,train/clip_fraction,4259840,0.11540570110082626
nominal,5,train/clip_fraction,4268032,0.21500515937805176
nominal,5,train/clip_fraction,4276224,0.21821120381355286
nominal,5,train/clip_fraction,4284416,0.19440670311450958
nominal,5,train/clip_fraction,4292608,0.20912590622901917
nominal,5,train/clip_fraction,4300800,0.15671642124652863
nominal,5,train/clip_fraction,4308992,0.2182707041501999
nominal,5,train/clip_fraction,4317184,0.1276041716337204
nominal,5,train/clip_fraction,4325376,0.13339552283287048
nominal,5,train/clip_fraction,4333568,0.19471807777881622
nominal,5,train/clip_fraction,4341760,0.2088155895471573
nominal,5,train/clip_fraction,4349952,0.1838592290878296
nominal,5,train/clip_fraction,4358144,0.19937093555927277
nominal,5,train/clip_fraction,4366336,0.18774224817752838
nominal,5,train/clip_fraction,4374528,0.15756776928901672
nominal,5,train/clip_fraction,4382720,0.18600642681121826
nominal,5,train/clip_fraction,4390912,0.21780620515346527
nominal,5,train/clip_fraction,4399104,0.1919642835855484
nominal,5,train/clip_fraction,4407296,0.15580357611179352
nominal,5,train/clip_fraction,4415488,0.19206205010414124
nominal,5,train/clip_fraction,4423680,0.15794427692890167
nominal,5,train/clip_fraction,4431872,0.20939961075782776
nominal,5,train/clip_fraction,4440064,0.17980587482452393
nominal,5,train/clip_fraction,4448256,0.19546979665756226
nominal,5,train/clip_fraction,4456448,0.171875
nominal,5,train/clip_fraction,4464640,0.19123341143131256
nominal,5,train/clip_fraction,4472832,0.16642099618911743
nominal,5,train/clip_fraction,4481024,0.20258928835391998
nominal,5,train/clip_fraction,4489216,0.19037829339504242
nominal,5,train/clip_fraction,4497408,0.16484375298023224
nominal,5,train/clip_fraction,4505600,0.17269736528396606
nominal,5,train/clip_fraction,4513792,0.17017926275730133
nominal,5,train/clip_fraction,4521984,0.1540178507566452
nominal,5,train/clip_fraction,4530176,0.1994190663099289
nominal,5,train/clip_fraction,4538368,0.20147447288036346
nominal,5,train/clip_fraction,4546560,0.20580904185771942
nominal,5,train/clip_fraction,4554752,0.1916830688714981
nominal,5,train/clip_fraction,4562944,0.24215182662010193
nominal,5,train/clip_fraction,4571136,0.1940184086561203
nominal,5,train/clip_fraction,4579328,0.16207386553287506
nominal,5,train/clip_fraction,4587520,0.1951121836900711
nominal,5,train/clip_fraction,4595712,0.18954741954803467
nominal,5,train/clip_fraction,4603904,0.11896307021379471
nominal,5,train/clip_fraction,4612096,0.16525135934352875
nominal,5,train/clip_fraction,4620288,0.16659627854824066
nominal,5,train/clip_fraction,4628480,0.21912381052970886
nominal,5,train/clip_fraction,4636672,0.21426281332969666
nominal,5,train/clip_fraction,4644864,0.2123750001192093
nominal,5,train/clip_fraction,4653056,0.22147700190544128
nominal,5,train/clip_fraction,4661248,0.20601852238178253
nominal,5,train/clip_fraction,4669440,0.20592351257801056
nominal,5,train/clip_fraction,4677632,0.22265625
nominal,5,train/clip_fraction,4685824,0.2292906790971756
nominal,5,train/clip_fraction,4694016,0.19557467103004456
nominal,5,train/clip_fraction,4702208,0.19017551839351654
nominal,5,train/clip_fraction,4710400,0.19237659871578217
nominal,5,train/clip_fraction,4718592,0.1832490861415863
nominal,5,train/clip_fraction,4726784,0.15273436903953552
nominal,5,train/clip_fraction,4734976,0.22667571902275085
nominal,5,train/clip_fraction,4743168,0.1800537109375
nominal,5,train/clip_fraction,4751360,0.2022569477558136
nominal,5,train/clip_fraction,4759552,0.1982421875
nominal,5,train/clip_fraction,4767744,0.17426049709320068
nominal,5,train/clip_fraction,4775936,0.16346153616905212
nominal,5,train/clip_fraction,4784128,0.225949227809906
nominal,5,train/clip_fraction,4792320,0.2013711780309677
nominal,5,train/clip_fraction,4800512,0.22362013161182404
nominal,5,train/clip_fraction,4808704,0.17263349890708923
nominal,5,train/clip_fraction,4816896,0.1617647111415863
nominal,5,train/clip_fraction,4825088,0.20920531451702118
nominal,5,train/clip_fraction,4833280,0.14427083730697632
nominal,5,train/clip_fraction,4841472,0.21808862686157227
nominal,5,train/clip_fraction,4849664,0.2026699036359787
nominal,5,train/clip_fraction,4857856,0.18035714328289032
nominal,5,train/clip_fraction,4866048,0.17213326692581177
nominal,5,train/clip_fraction,4874240,0.20098213851451874
nominal,5,train/clip_fraction,4882432,0.17463235557079315
nominal,5,train/clip_fraction,4890624,0.11775362491607666
nominal,5,train/clip_fraction,4898816,0.21151244640350342
nominal,5,train/clip_fraction,4907008,0.16755318641662598
nominal,5,train/clip_fraction,4915200,0.17167721688747406
nominal,5,train/clip_fraction,4923392,0.1796875
nominal,5,train/clip_fraction,4931584,0.1671784669160843
nominal,5,train/clip_fraction,4939776,0.18081647157669067
nominal,5,train/clip_fraction,4947968,0.1667751669883728
nominal,5,train/clip_fraction,4956160,0.12479440867900848
nominal,5,train/clip_fraction,4964352,0.21630068123340607
nominal,5,train/clip_fraction,4972544,0.1625928282737732
nominal,5,train/clip_fraction,4980736,0.2061987668275833
nominal,5,train/clip_fraction,4988928,0.20081017911434174
nominal,5,train/clip_fraction,4997120,0.2012832760810852
nominal,5,train/clip_fraction,5005312,0.19395661354064941
nominal,6,rollout/ep_rew_mean,8192,81.14789581298828
nominal,6,rollout/ep_rew_mean,16384,74.28199768066406
nominal,6,rollout/ep_rew_mean,24576,98.73697662353516
nominal,6,rollout/ep_rew_mean,32768,104.8091812133789
nominal,6,rollout/ep_rew_mean,40960,135.12664794921875
nominal,6,rollout/ep_rew_mean,49152,109.8056411743164
nominal,6,rollout/ep_rew_mean,57344,85.10807037353516
nominal,6,rollout/ep_rew_mean,65536,140.11683654785156
nominal,6,rollout/ep_rew_mean,73728,137.0157928466797
nominal,6,rollout/ep_rew_mean,81920,75.55847930908203
nominal,6,rollout/ep_rew_mean,90112,85.95657348632812
nominal,6,rollout/ep_rew_mean,98304,91.92192077636719
nominal,6,rollout/ep_rew_mean,106496,114.30052185058594
nominal,6,rollout/ep_rew_mean,114688,119.20973205566406
nominal,6,rollout/ep_rew_mean,122880,135.93788146972656
nominal,6,rollout/ep_rew_mean,131072,175.95419311523438
nominal,6,rollout/ep_rew_mean,139264,206.23989868164062
nominal,6,rollout/ep_rew_mean,147456,181.28062438964844
nominal,6,rollout/ep_rew_mean,155648,123.2117691040039
nominal,6,rollout/ep_rew_mean,163840,145.9011688232422
nominal,6,rollout/ep_rew_mean,172032,181.3287353515625
nominal,6,rollout/ep_rew_mean,180224,202.4580535888672
nominal,6,rollout/ep_rew_mean,188416,238.22189331054688
nominal,6,rollout/ep_rew_mean,196608,251.59091186523438
nominal,6,rollout/ep_rew_mean,204800,257.4197998046875
nominal,6,rollout/ep_rew_mean,212992,219.57833862304688
nominal,6,rollout/ep_rew_mean,221184,209.3924560546875
nominal,6,rollout/ep_rew_mean,229376,192.7771453857422
nominal,6,rollout/ep_rew_mean,237568,202.47972106933594
nominal,6,rollout/ep_rew_mean,245760,227.00927734375
nominal,6,rollout/ep_rew_mean,253952,182.655517578125
nominal,6,rollout/ep_rew_mean,262144,209.4015350341797
nominal,6,rollout/ep_rew_mean,270336,199.9254608154297
nominal,6,rollout/ep_rew_mean,278528,236.4568634033203
nominal,6,rollout/ep_rew_mean,286720,237.6600799560547
nominal,6,rollout/ep_rew_mean,294912,283.6937255859375
nominal,6,rollout/ep_rew_mean,303104,300.8248596191406
nominal,6,rollout/ep_rew_mean,311296,286.43109130859375
nominal,6,rollout/ep_rew_mean,319488,255.54554748535156
nominal,6,rollout/ep_rew_mean,327680,247.0402069091797
nominal,6,rollout/ep_rew_mean,335872,225.19448852539062
nominal,6,rollout/ep_rew_mean,344064,255.33860778808594
nominal,6,rollout/ep_rew_mean,352256,265.1531677246094
nominal,6,rollout/ep_rew_mean,360448,245.5631561279297
nominal,6,rollout/ep_rew_mean,368640,225.2190704345703
nominal,6,rollout/ep_rew_mean,376832,189.7023162841797
nominal,6,rollout/ep_rew_mean,385024,185.24346923828125
nominal,6,rollout/ep_rew_mean,393216,240.38027954101562
nominal,6,rollout/ep_rew_mean,401408,277.02862548828125
nominal,6,rollout/ep_rew_mean,409600,316.4665222167969
nominal,6,rollout/ep_rew_mean,417792,342.48980712890625
nominal,6,rollout/ep_rew_mean,425984,341.23504638671875
nominal,6,rollout/ep_rew_mean,434176,357.7426452636719
nominal,6,rollout/ep_rew_mean,442368,343.6221008300781
nominal,6,rollout/ep_rew_mean,450560,374.921142578125
nominal,6,rollout/ep_rew_mean,458752,352.42645263671875
nominal,6,rollout/ep_rew_mean,466944,360.543212890625
nominal,6,rollout/ep_rew_mean,475136,379.8407897949219
nominal,6,rollout/ep_rew_mean,483328,331.920654296875
nominal,6,rollout/ep_rew_mean,491520,354.681884765625
nominal,6,rollout/ep_rew_mean,499712,354.814697265625
nominal,6,rollout/ep_rew_mean,507904,385.8883056640625
nominal,6,rollout/ep_rew_mean,516096,405.8426208496094
nominal,6,rollout/ep_rew_mean,524288,383.41278076171875
nominal,6,rollout/ep_rew_mean,532480,414.11578369140625
nominal,6,rollout/ep_rew_mean,540672,380.9964294433594
nominal,6,rollout/ep_rew_mean,548864,399.0899658203125
nominal,6,rollout/ep_rew_mean,557056,382.9052429199219
nominal,6,rollout/ep_rew_mean,565248,354.9917297363281
nominal,6,rollout/ep_rew_mean,573440,398.60870361328125
nominal,6,rollout/ep_rew_mean,581632,394.3448181152344
nominal,6,rollout/ep_rew_mean,589824,389.300048828125
nominal,6,rollout/ep_rew_mean,598016,400.089599609375
nominal,6,rollout/ep_rew_mean,606208,400.3080749511719
nominal,6,rollout/ep_rew_mean,614400,440.4717102050781
nominal,6,rollout/ep_rew_mean,622592,473.82183837890625
nominal,6,rollout/ep_rew_mean,630784,489.2620849609375
nominal,6,rollout/ep_rew_mean,638976,520.9193115234375
nominal,6,rollout/ep_rew_mean,647168,558.2529907226562
nominal,6,rollout/ep_rew_mean,655360,568.5115356445312
nominal,6,rollout/ep_rew_mean,663552,582.9024658203125
nominal,6,rollout/ep_rew_mean,671744,604.300048828125
nominal,6,rollout/ep_rew_mean,679936,578.3681030273438
nominal,6,rollout/ep_rew_mean,688128,563.7871704101562
nominal,6,rollout/ep_rew_mean,696320,587.4335327148438
nominal,6,rollout/ep_rew_mean,704512,557.6746215820312
nominal,6,rollout/ep_rew_mean,712704,470.7965393066406
nominal,6,rollout/ep_rew_mean,720896,477.9931640625
nominal,6,rollout/ep_rew_mean,729088,443.4017028808594
nominal,6,rollout/ep_rew_mean,737280,409.3423156738281
nominal,6,rollout/ep_rew_mean,745472,434.063232421875
nominal,6,rollout/ep_rew_mean,753664,477.6601257324219
nominal,6,rollout/ep_rew_mean,761856,487.5724182128906
nominal,6,rollout/ep_rew_mean,770048,532.1864013671875
nominal,6,rollout/ep_rew_mean,778240,602.709716796875
nominal,6,rollout/ep_rew_mean,786432,609.7598876953125
nominal,6,rollout/ep_rew_mean,794624,573.1726684570312
nominal,6,rollout/ep_rew_mean,802816,560.6864624023438
nominal,6,rollout/ep_rew_mean,811008,566.9129028320312
nominal,6,rollout/ep_rew_mean,819200,558.6277465820312
nominal,6,rollout/ep_rew_mean,827392,563.0626831054688
nominal,6,rollout/ep_rew_mean,835584,589.6417846679688
nominal,6,rollout/ep_rew_mean,843776,585.6441650390625
nominal,6,rollout/ep_rew_mean,851968,520.7713012695312
nominal,6,rollout/ep_rew_mean,860160,492.3605041503906
nominal,6,rollout/ep_rew_mean,868352,441.8253479003906
nominal,6,rollout/ep_rew_mean,876544,419.15533447265625
nominal,6,rollout/ep_rew_mean,884736,472.7964782714844
nominal,6,rollout/ep_rew_mean,892928,514.5621337890625
nominal,6,rollout/ep_rew_mean,901120,519.5505981445312
nominal,6,rollout/ep_rew_mean,909312,557.7630615234375
nominal,6,rollout/ep_rew_mean,917504,598.8513793945312
nominal,6,rollout/ep_rew_mean,925696,626.7628784179688
nominal,6,rollout/ep_rew_mean,933888,585.6641845703125
nominal,6,rollout/ep_rew_mean,942080,610.0408935546875
nominal,6,rollout/ep_rew_mean,950272,583.436767578125
nominal,6,rollout/ep_rew_mean,958464,556.1146850585938
nominal,6,rollout/ep_rew_mean,966656,533.55615234375
nominal,6,rollout/ep_rew_mean,974848,582.9859619140625
nominal,6,rollout/ep_rew_mean,983040,575.70556640625
nominal,6,rollout/ep_rew_mean,991232,611.8703002929688
nominal,6,rollout/ep_rew_mean,999424,654.792236328125
nominal,6,rollout/ep_rew_mean,1007616,676.6881713867188
nominal,6,rollout/ep_rew_mean,1015808,688.7552490234375
nominal,6,rollout/ep_rew_mean,1024000,726.5465087890625
nominal,6,rollout/ep_rew_mean,1032192,781.3444213867188
nominal,6,rollout/ep_rew_mean,1040384,728.3156127929688
nominal,6,rollout/ep_rew_mean,1048576,730.711181640625
nominal,6,rollout/ep_rew_mean,1056768,711.2076416015625
nominal,6,rollout/ep_rew_mean,1064960,760.5777587890625
nominal,6,rollout/ep_rew_mean,1073152,764.8331298828125
nominal,6,rollout/ep_rew_mean,1081344,681.9805297851562
nominal,6,rollout/ep_rew_mean,1089536,721.5213012695312
nominal,6,rollout/ep_rew_mean,1097728,722.2393798828125
nominal,6,rollout/ep_rew_mean,1105920,772.241455078125
nominal,6,rollout/ep_rew_mean,1114112,752.921630859375
nominal,6,rollout/ep_rew_mean,1122304,767.5140380859375
nominal,6,rollout/ep_rew_mean,1130496,751.1918334960938
nominal,6,rollout/ep_rew_mean,1138688,798.500244140625
nominal,6,rollout/ep_rew_mean,1146880,820.870361328125
nominal,6,rollout/ep_rew_mean,1155072,841.3626708984375
nominal,6,rollout/ep_rew_mean,1163264,848.5401000976562
nominal,6,rollout/ep_rew_mean,1171456,880.215576171875
nominal,6,rollout/ep_rew_mean,1179648,833.4183959960938
nominal,6,rollout/ep_rew_mean,1187840,838.2360229492188
nominal,6,rollout/ep_rew_mean,1196032,842.3903198242188
nominal,6,rollout/ep_rew_mean,1204224,856.5078735351562
nominal,6,rollout/ep_rew_mean,1212416,809.6898193359375
nominal,6,rollout/ep_rew_mean,1220608,792.5977172851562
nominal,6,rollout/ep_rew_mean,1228800,791.594482421875
nominal,6,rollout/ep_rew_mean,1236992,821.541748046875
nominal,6,rollout/ep_rew_mean,1245184,861.16015625
nominal,6,rollout/ep_rew_mean,1253376,847.74951171875
nominal,6,rollout/ep_rew_mean,1261568,804.0722045898438
nominal,6,rollout/ep_rew_mean,1269760,893.1655883789062
nominal,6,rollout/ep_rew_mean,1277952,914.6157836914062
nominal,6,rollout/ep_rew_mean,1286144,913.8634643554688
nominal,6,rollout/ep_rew_mean,1294336,945.2639770507812
nominal,6,rollout/ep_rew_mean,1302528,891.8552856445312
nominal,6,rollout/ep_rew_mean,1310720,876.3124389648438
nominal,6,rollout/ep_rew_mean,1318912,894.3378295898438
nominal,6,rollout/ep_rew_mean,1327104,922.1987915039062
nominal,6,rollout/ep_rew_mean,1335296,887.8335571289062
nominal,6,rollout/ep_rew_mean,1343488,892.7461547851562
nominal,6,rollout/ep_rew_mean,1351680,862.241943359375
nominal,6,rollout/ep_rew_mean,1359872,916.5162353515625
nominal,6,rollout/ep_rew_mean,1368064,940.8901977539062
nominal,6,rollout/ep_rew_mean,1376256,935.737060546875
nominal,6,rollout/ep_rew_mean,1384448,952.6669311523438
nominal,6,rollout/ep_rew_mean,1392640,983.1985473632812
nominal,6,rollout/ep_rew_mean,1400832,1034.8544921875
nominal,6,rollout/ep_rew_mean,1409024,1016.3477172851562
nominal,6,rollout/ep_rew_mean,1417216,1013.9459838867188
nominal,6,rollout/ep_rew_mean,1425408,980.71337890625
nominal,6,rollout/ep_rew_mean,1433600,958.3406982421875
nominal,6,rollout/ep_rew_mean,1441792,988.0181274414062
nominal,6,rollout/ep_rew_mean,1449984,1017.431640625
nominal,6,rollout/ep_rew_mean,1458176,962.3225708007812
nominal,6,rollout/ep_rew_mean,1466368,897.4183959960938
nominal,6,rollout/ep_rew_mean,1474560,939.5357055664062
nominal,6,rollout/ep_rew_mean,1482752,975.0676879882812
nominal,6,rollout/ep_rew_mean,1490944,995.2005004882812
nominal,6,rollout/ep_rew_mean,1499136,1038.6046142578125
nominal,6,rollout/ep_rew_mean,1507328,1011.5819091796875
nominal,6,rollout/ep_rew_mean,1515520,1025.5758056640625
nominal,6,rollout/ep_rew_mean,1523712,1046.396728515625
nominal,6,rollout/ep_rew_mean,1531904,1083.876708984375
nominal,6,rollout/ep_rew_mean,1540096,1099.8211669921875
nominal,6,rollout/ep_rew_mean,1548288,1131.67919921875
nominal,6,rollout/ep_rew_mean,1556480,1148.232421875
nominal,6,rollout/ep_rew_mean,1564672,1158.3653564453125
nominal,6,rollout/ep_rew_mean,1572864,1127.951416015625
nominal,6,rollout/ep_rew_mean,1581056,1052.6024169921875
nominal,6,rollout/ep_rew_mean,1589248,1031.515625
nominal,6,rollout/ep_rew_mean,1597440,1092.4168701171875
nominal,6,rollout/ep_rew_mean,1605632,1014.0401611328125
nominal,6,rollout/ep_rew_mean,1613824,972.9244995117188
nominal,6,rollout/ep_rew_mean,1622016,880.8782958984375
nominal,6,rollout/ep_rew_mean,1630208,828.7459716796875
nominal,6,rollout/ep_rew_mean,1638400,708.3462524414062
nominal,6,rollout/ep_rew_mean,1646592,718.74462890625
nominal,6,rollout/ep_rew_mean,1654784,776.7372436523438
nominal,6,rollout/ep_rew_mean,1662976,777.017333984375
nominal,6,rollout/ep_rew_mean,1671168,809.5997924804688
nominal,6,rollout/ep_rew_mean,1679360,863.7640991210938
nominal,6,rollout/ep_rew_mean,1687552,897.4725952148438
nominal,6,rollout/ep_rew_mean,1695744,926.1100463867188
nominal,6,rollout/ep_rew_mean,1703936,943.6334838867188
nominal,6,rollout/ep_rew_mean,1712128,964.7935791015625
nominal,6,rollout/ep_rew_mean,1720320,1011.546142578125
nominal,6,rollout/ep_rew_mean,1728512,990.5257568359375
nominal,6,rollout/ep_rew_mean,1736704,991.1091918945312
nominal,6,rollout/ep_rew_mean,1744896,921.2994384765625
nominal,6,rollout/ep_rew_mean,1753088,948.5867309570312
nominal,6,rollout/ep_rew_mean,1761280,910.2332153320312
nominal,6,rollout/ep_rew_mean,1769472,941.8330078125
nominal,6,rollout/ep_rew_mean,1777664,943.8194580078125
nominal,6,rollout/ep_rew_mean,1785856,993.4414672851562
nominal,6,rollout/ep_rew_mean,1794048,972.83642578125
nominal,6,rollout/ep_rew_mean,1802240,1053.2703857421875
nominal,6,rollout/ep_rew_mean,1810432,1088.322021484375
nominal,6,rollout/ep_rew_mean,1818624,1104.56298828125
nominal,6,rollout/ep_rew_mean,1826816,1062.7518310546875
nominal,6,rollout/ep_rew_mean,1835008,1063.561767578125
nominal,6,rollout/ep_rew_mean,1843200,1066.226806640625
nominal,6,rollout/ep_rew_mean,1851392,1106.4375
nominal,6,rollout/ep_rew_mean,1859584,1152.7073974609375
nominal,6,rollout/ep_rew_mean,1867776,1149.9847412109375
nominal,6,rollout/ep_rew_mean,1875968,1133.3455810546875
nominal,6,rollout/ep_rew_mean,1884160,1083.9705810546875
nominal,6,rollout/ep_rew_mean,1892352,1178.1424560546875
nominal,6,rollout/ep_rew_mean,1900544,1058.534423828125
nominal,6,rollout/ep_rew_mean,1908736,1101.0115966796875
nominal,6,rollout/ep_rew_mean,1916928,1072.3544921875
nominal,6,rollout/ep_rew_mean,1925120,1035.62109375
nominal,6,rollout/ep_rew_mean,1933312,1114.622802734375
nominal,6,rollout/ep_rew_mean,1941504,1160.3787841796875
nominal,6,rollout/ep_rew_mean,1949696,1187.06787109375
nominal,6,rollout/ep_rew_mean,1957888,1186.4140625
nominal,6,rollout/ep_rew_mean,1966080,1204.69091796875
nominal,6,rollout/ep_rew_mean,1974272,1285.190185546875
nominal,6,rollout/ep_rew_mean,1982464,1289.300048828125
nominal,6,rollout/ep_rew_mean,1990656,1340.7755126953125
nominal,6,rollout/ep_rew_mean,1998848,1332.451904296875
nominal,6,rollout/ep_rew_mean,2007040,1346.0001220703125
nominal,6,rollout/ep_rew_mean,2015232,1315.7711181640625
nominal,6,rollout/ep_rew_mean,2023424,1318.302734375
nominal,6,rollout/ep_rew_mean,2031616,1339.091796875
nominal,6,rollout/ep_rew_mean,2039808,1377.869140625
nominal,6,rollout/ep_rew_mean,2048000,1355.450439453125
nominal,6,rollout/ep_rew_mean,2056192,1305.927490234375
nominal,6,rollout/ep_rew_mean,2064384,1311.0517578125
nominal,6,rollout/ep_rew_mean,2072576,1305.6300048828125
nominal,6,rollout/ep_rew_mean,2080768,1289.737548828125
nominal,6,rollout/ep_rew_mean,2088960,1323.4263916015625
nominal,6,rollout/ep_rew_mean,2097152,1338.896240234375
nominal,6,rollout/ep_rew_mean,2105344,1267.2764892578125
nominal,6,rollout/ep_rew_mean,2113536,1269.4210205078125
nominal,6,rollout/ep_rew_mean,2121728,1228.6259765625
nominal,6,rollout/ep_rew_mean,2129920,1263.01708984375
nominal,6,rollout/ep_rew_mean,2138112,1252.5069580078125
nominal,6,rollout/ep_rew_mean,2146304,1216.287841796875
nominal,6,rollout/ep_rew_mean,2154496,1167.894287109375
nominal,6,rollout/ep_rew_mean,2162688,1168.7017822265625
nominal,6,rollout/ep_rew_mean,2170880,1134.5115966796875
nominal,6,rollout/ep_rew_mean,2179072,1133.9029541015625
nominal,6,rollout/ep_rew_mean,2187264,1143.7423095703125
nominal,6,rollout/ep_rew_mean,2195456,1168.572265625
nominal,6,rollout/ep_rew_mean,2203648,1171.7520751953125
nominal,6,rollout/ep_rew_mean,2211840,1252.34033203125
nominal,6,rollout/ep_rew_mean,2220032,1220.818359375
nominal,6,rollout/ep_rew_mean,2228224,1238.8350830078125
nominal,6,rollout/ep_rew_mean,2236416,1270.21435546875
nominal,6,rollout/ep_rew_mean,2244608,1289.7962646484375
nominal,6,rollout/ep_rew_mean,2252800,1255.26318359375
nominal,6,rollout/ep_rew_mean,2260992,1264.3223876953125
nominal,6,rollout/ep_rew_mean,2269184,1308.179443359375
nominal,6,rollout/ep_rew_mean,2277376,1279.029296875
nominal,6,rollout/ep_rew_mean,2285568,1367.3572998046875
nominal,6,rollout/ep_rew_mean,2293760,1344.166015625
nominal,6,rollout/ep_rew_mean,2301952,1352.06640625
nominal,6,rollout/ep_rew_mean,2310144,1401.6895751953125
nominal,6,rollout/ep_rew_mean,2318336,1409.9654541015625
nominal,6,rollout/ep_rew_mean,2326528,1451.5003662109375
nominal,6,rollout/ep_rew_mean,2334720,1507.020751953125
nominal,6,rollout/ep_rew_mean,2342912,1452.5823974609375
nominal,6,rollout/ep_rew_mean,2351104,1395.5142822265625
nominal,6,rollout/ep_rew_mean,2359296,1432.3739013671875
nominal,6,rollout/ep_rew_mean,2367488,1405.0770263671875
nominal,6,rollout/ep_rew_mean,2375680,1296.16748046875
nominal,6,rollout/ep_rew_mean,2383872,1310.3311767578125
nominal,6,rollout/ep_rew_mean,2392064,1260.016845703125
nominal,6,rollout/ep_rew_mean,2400256,1263.9140625
nominal,6,rollout/ep_rew_mean,2408448,1284.8453369140625
nominal,6,rollout/ep_rew_mean,2416640,1286.1917724609375
nominal,6,rollout/ep_rew_mean,2424832,1270.1595458984375
nominal,6,rollout/ep_rew_mean,2433024,1337.28076171875
nominal,6,rollout/ep_rew_mean,2441216,1358.05712890625
nominal,6,rollout/ep_rew_mean,2449408,1374.059814453125
nominal,6,rollout/ep_rew_mean,2457600,1395.1318359375
nominal,6,rollout/ep_rew_mean,2465792,1385.5052490234375
nominal,6,rollout/ep_rew_mean,2473984,1419.0338134765625
nominal,6,rollout/ep_rew_mean,2482176,1354.96533203125
nominal,6,rollout/ep_rew_mean,2490368,1334.326904296875
nominal,6,rollout/ep_rew_mean,2498560,1328.1929931640625
nominal,6,rollout/ep_rew_mean,2506752,1370.4600830078125
nominal,6,rollout/ep_rew_mean,2514944,1364.3143310546875
nominal,6,rollout/ep_rew_mean,2523136,1399.505615234375
nominal,6,rollout/ep_rew_mean,2531328,1395.5599365234375
nominal,6,rollout/ep_rew_mean,2539520,1378.3148193359375
nominal,6,rollout/ep_rew_mean,2547712,1381.30712890625
nominal,6,rollout/ep_rew_mean,2555904,1436.25341796875
nominal,6,rollout/ep_rew_mean,2564096,1455.2794189453125
nominal,6,rollout/ep_rew_mean,2572288,1426.6009521484375
nominal,6,rollout/ep_rew_mean,2580480,1400.2677001953125
nominal,6,rollout/ep_rew_mean,2588672,1447.167236328125
nominal,6,rollout/ep_rew_mean,2596864,1395.9486083984375
nominal,6,rollout/ep_rew_mean,2605056,1445.4163818359375
nominal,6,rollout/ep_rew_mean,2613248,1404.7830810546875
nominal,6,rollout/ep_rew_mean,2621440,1358.1180419921875
nominal,6,rollout/ep_rew_mean,2629632,1409.7462158203125
nominal,6,rollout/ep_rew_mean,2637824,1375.3231201171875
nominal,6,rollout/ep_rew_mean,2646016,1404.2110595703125
nominal,6,rollout/ep_rew_mean,2654208,1385.92578125
nominal,6,rollout/ep_rew_mean,2662400,1375.89306640625
nominal,6,rollout/ep_rew_mean,2670592,1362.7454833984375
nominal,6,rollout/ep_rew_mean,2678784,1397.5841064453125
nominal,6,rollout/ep_rew_mean,2686976,1431.150634765625
nominal,6,rollout/ep_rew_mean,2695168,1456.3427734375
nominal,6,rollout/ep_rew_mean,2703360,1456.032470703125
nominal,6,rollout/ep_rew_mean,2711552,1498.816162109375
nominal,6,rollout/ep_rew_mean,2719744,1453.79443359375
nominal,6,rollout/ep_rew_mean,2727936,1476.654296875
nominal,6,rollout/ep_rew_mean,2736128,1522.9208984375
nominal,6,rollout/ep_rew_mean,2744320,1493.4456787109375
nominal,6,rollout/ep_rew_mean,2752512,1434.2978515625
nominal,6,rollout/ep_rew_mean,2760704,1459.03662109375
nominal,6,rollout/ep_rew_mean,2768896,1502.133056640625
nominal,6,rollout/ep_rew_mean,2777088,1487.49462890625
nominal,6,rollout/ep_rew_mean,2785280,1478.95751953125
nominal,6,rollout/ep_rew_mean,2793472,1522.941162109375
nominal,6,rollout/ep_rew_mean,2801664,1520.7423095703125
nominal,6,rollout/ep_rew_mean,2809856,1524.2020263671875
nominal,6,rollout/ep_rew_mean,2818048,1563.510986328125
nominal,6,rollout/ep_rew_mean,2826240,1647.4454345703125
nominal,6,rollout/ep_rew_mean,2834432,1682.6788330078125
nominal,6,rollout/ep_rew_mean,2842624,1615.4390869140625
nominal,6,rollout/ep_rew_mean,2850816,1652.4652099609375
nominal,6,rollout/ep_rew_mean,2859008,1639.53955078125
nominal,6,rollout/ep_rew_mean,2867200,1628.2313232421875
nominal,6,rollout/ep_rew_mean,2875392,1623.66552734375
nominal,6,rollout/ep_rew_mean,2883584,1634.945068359375
nominal,6,rollout/ep_rew_mean,2891776,1619.85546875
nominal,6,rollout/ep_rew_mean,2899968,1600.8504638671875
nominal,6,rollout/ep_rew_mean,2908160,1532.338623046875
nominal,6,rollout/ep_rew_mean,2916352,1538.2874755859375
nominal,6,rollout/ep_rew_mean,2924544,1452.8004150390625
nominal,6,rollout/ep_rew_mean,2932736,1468.86962890625
nominal,6,rollout/ep_rew_mean,2940928,1492.5966796875
nominal,6,rollout/ep_rew_mean,2949120,1541.2618408203125
nominal,6,rollout/ep_rew_mean,2957312,1457.2796630859375
nominal,6,rollout/ep_rew_mean,2965504,1443.0037841796875
nominal,6,rollout/ep_rew_mean,2973696,1438.112548828125
nominal,6,rollout/ep_rew_mean,2981888,1459.253662109375
nominal,6,rollout/ep_rew_mean,2990080,1479.611572265625
nominal,6,rollout/ep_rew_mean,2998272,1505.9415283203125
nominal,6,rollout/ep_rew_mean,3006464,1507.8404541015625
nominal,6,rollout/ep_rew_mean,3014656,1528.0501708984375
nominal,6,rollout/ep_rew_mean,3022848,1532.5181884765625
nominal,6,rollout/ep_rew_mean,3031040,1579.2340087890625
nominal,6,rollout/ep_rew_mean,3039232,1604.2843017578125
nominal,6,rollout/ep_rew_mean,3047424,1626.157958984375
nominal,6,rollout/ep_rew_mean,3055616,1618.757568359375
nominal,6,rollout/ep_rew_mean,3063808,1585.620849609375
nominal,6,rollout/ep_rew_mean,3072000,1628.2186279296875
nominal,6,rollout/ep_rew_mean,3080192,1575.8795166015625
nominal,6,rollout/ep_rew_mean,3088384,1569.9732666015625
nominal,6,rollout/ep_rew_mean,3096576,1570.9285888671875
nominal,6,rollout/ep_rew_mean,3104768,1614.75537109375
nominal,6,rollout/ep_rew_mean,3112960,1636.4139404296875
nominal,6,rollout/ep_rew_mean,3121152,1640.0635986328125
nominal,6,rollout/ep_rew_mean,3129344,1703.82177734375
nominal,6,rollout/ep_rew_mean,3137536,1702.56884765625
nominal,6,rollout/ep_rew_mean,3145728,1800.112548828125
nominal,6,rollout/ep_rew_mean,3153920,1770.6015625
nominal,6,rollout/ep_rew_mean,3162112,1857.8935546875
nominal,6,rollout/ep_rew_mean,3170304,1876.4288330078125
nominal,6,rollout/ep_rew_mean,3178496,1882.120361328125
nominal,6,rollout/ep_rew_mean,3186688,1852.607666015625
nominal,6,rollout/ep_rew_mean,3194880,1803.6722412109375
nominal,6,rollout/ep_rew_mean,3203072,1765.138671875
nominal,6,rollout/ep_rew_mean,3211264,1748.1221923828125
nominal,6,rollout/ep_rew_mean,3219456,1757.286865234375
nominal,6,rollout/ep_rew_mean,3227648,1760.1650390625
nominal,6,rollout/ep_rew_mean,3235840,1728.386474609375
nominal,6,rollout/ep_rew_mean,3244032,1710.609375
nominal,6,rollout/ep_rew_mean,3252224,1669.002685546875
nominal,6,rollout/ep_rew_mean,3260416,1669.510986328125
nominal,6,rollout/ep_rew_mean,3268608,1704.9495849609375
nominal,6,rollout/ep_rew_mean,3276800,1686.4697265625
nominal,6,rollout/ep_rew_mean,3284992,1697.9482421875
nominal,6,rollout/ep_rew_mean,3293184,1718.71826171875
nominal,6,rollout/ep_rew_mean,3301376,1694.689208984375
nominal,6,rollout/ep_rew_mean,3309568,1721.0631103515625
nominal,6,rollout/ep_rew_mean,3317760,1800.5660400390625
nominal,6,rollout/ep_rew_mean,3325952,1808.815673828125
nominal,6,rollout/ep_rew_mean,3334144,1813.695068359375
nominal,6,rollout/ep_rew_mean,3342336,1817.7509765625
nominal,6,rollout/ep_rew_mean,3350528,1808.244873046875
nominal,6,rollout/ep_rew_mean,3358720,1775.0703125
nominal,6,rollout/ep_rew_mean,3366912,1734.748779296875
nominal,6,rollout/ep_rew_mean,3375104,1742.3331298828125
nominal,6,rollout/ep_rew_mean,3383296,1666.1142578125
nominal,6,rollout/ep_rew_mean,3391488,1553.93359375
nominal,6,rollout/ep_rew_mean,3399680,1535.4241943359375
nominal,6,rollout/ep_rew_mean,3407872,1534.439453125
nominal,6,rollout/ep_rew_mean,3416064,1526.330810546875
nominal,6,rollout/ep_rew_mean,3424256,1572.685302734375
nominal,6,rollout/ep_rew_mean,3432448,1561.560791015625
nominal,6,rollout/ep_rew_mean,3440640,1634.678466796875
nominal,6,rollout/ep_rew_mean,3448832,1658.89453125
nominal,6,rollout/ep_rew_mean,3457024,1704.63037109375
nominal,6,rollout/ep_rew_mean,3465216,1768.0401611328125
nominal,6,rollout/ep_rew_mean,3473408,1803.9749755859375
nominal,6,rollout/ep_rew_mean,3481600,1860.9119873046875
nominal,6,rollout/ep_rew_mean,3489792,1841.31103515625
nominal,6,rollout/ep_rew_mean,3497984,1852.0347900390625
nominal,6,rollout/ep_rew_mean,3506176,1885.2144775390625
nominal,6,rollout/ep_rew_mean,3514368,1907.1904296875
nominal,6,rollout/ep_rew_mean,3522560,1868.9034423828125
nominal,6,rollout/ep_rew_mean,3530752,1766.7025146484375
nominal,6,rollout/ep_rew_mean,3538944,1717.643798828125
nominal,6,rollout/ep_rew_mean,3547136,1719.59130859375
nominal,6,rollout/ep_rew_mean,3555328,1673.435791015625
nominal,6,rollout/ep_rew_mean,3563520,1659.9586181640625
nominal,6,rollout/ep_rew_mean,3571712,1631.4830322265625
nominal,6,rollout/ep_rew_mean,3579904,1577.756103515625
nominal,6,rollout/ep_rew_mean,3588096,1586.3167724609375
nominal,6,rollout/ep_rew_mean,3596288,1617.0296630859375
nominal,6,rollout/ep_rew_mean,3604480,1691.52197265625
nominal,6,rollout/ep_rew_mean,3612672,1763.2735595703125
nominal,6,rollout/ep_rew_mean,3620864,1814.149169921875
nominal,6,rollout/ep_rew_mean,3629056,1825.45654296875
nominal,6,rollout/ep_rew_mean,3637248,1877.4920654296875
nominal,6,rollout/ep_rew_mean,3645440,1905.1788330078125
nominal,6,rollout/ep_rew_mean,3653632,1919.8123779296875
nominal,6,rollout/ep_rew_mean,3661824,1952.505126953125
nominal,6,rollout/ep_rew_mean,3670016,1992.430908203125
nominal,6,rollout/ep_rew_mean,3678208,1987.925537109375
nominal,6,rollout/ep_rew_mean,3686400,1902.94580078125
nominal,6,rollout/ep_rew_mean,3694592,1853.070068359375
nominal,6,rollout/ep_rew_mean,3702784,1821.6932373046875
nominal,6,rollout/ep_rew_mean,3710976,1741.1309814453125
nominal,6,rollout/ep_rew_mean,3719168,1699.01025390625
nominal,6,rollout/ep_rew_mean,3727360,1697.09716796875
nominal,6,rollout/ep_rew_mean,3735552,1619.603271484375
nominal,6,rollout/ep_rew_mean,3743744,1628.723876953125
nominal,6,rollout/ep_rew_mean,3751936,1697.4931640625
nominal,6,rollout/ep_rew_mean,3760128,1720.525146484375
nominal,6,rollout/ep_rew_mean,3768320,1764.914794921875
nominal,6,rollout/ep_rew_mean,3776512,1798.72412109375
nominal,6,rollout/ep_rew_mean,3784704,1799.7823486328125
nominal,6,rollout/ep_rew_mean,3792896,1826.9439697265625
nominal,6,rollout/ep_rew_mean,3801088,1860.909912109375
nominal,6,rollout/ep_rew_mean,3809280,1862.73193359375
nominal,6,rollout/ep_rew_mean,3817472,1875.12451171875
nominal,6,rollout/ep_rew_mean,3825664,1878.4599609375
nominal,6,rollout/ep_rew_mean,3833856,1816.3135986328125
nominal,6,rollout/ep_rew_mean,3842048,1812.94970703125
nominal,6,rollout/ep_rew_mean,3850240,1813.9447021484375
nominal,6,rollout/ep_rew_mean,3858432,1840.480224609375
nominal,6,rollout/ep_rew_mean,3866624,1902.6968994140625
nominal,6,rollout/ep_rew_mean,3874816,1890.216064453125
nominal,6,rollout/ep_rew_mean,3883008,1872.5933837890625
nominal,6,rollout/ep_rew_mean,3891200,1895.126220703125
nominal,6,rollout/ep_rew_mean,3899392,1893.006103515625
nominal,6,rollout/ep_rew_mean,3907584,1846.7008056640625
nominal,6,rollout/ep_rew_mean,3915776,1837.5364990234375
nominal,6,rollout/ep_rew_mean,3923968,1771.8590087890625
nominal,6,rollout/ep_rew_mean,3932160,1804.6773681640625
nominal,6,rollout/ep_rew_mean,3940352,1782.4046630859375
nominal,6,rollout/ep_rew_mean,3948544,1750.8404541015625
nominal,6,rollout/ep_rew_mean,3956736,1791.8282470703125
nominal,6,rollout/ep_rew_mean,3964928,1805.0390625
nominal,6,rollout/ep_rew_mean,3973120,1825.1475830078125
nominal,6,rollout/ep_rew_mean,3981312,1851.41845703125
nominal,6,rollout/ep_rew_mean,3989504,1874.6585693359375
nominal,6,rollout/ep_rew_mean,3997696,1915.6337890625
nominal,6,rollout/ep_rew_mean,4005888,1906.0513916015625
nominal,6,rollout/ep_rew_mean,4014080,1877.3895263671875
nominal,6,rollout/ep_rew_mean,4022272,1894.9560546875
nominal,6,rollout/ep_rew_mean,4030464,1901.31494140625
nominal,6,rollout/ep_rew_mean,4038656,1931.0567626953125
nominal,6,rollout/ep_rew_mean,4046848,1964.1107177734375
nominal,6,rollout/ep_rew_mean,4055040,1904.4027099609375
nominal,6,rollout/ep_rew_mean,4063232,1929.05224609375
nominal,6,rollout/ep_rew_mean,4071424,1922.0386962890625
nominal,6,rollout/ep_rew_mean,4079616,1873.2364501953125
nominal,6,rollout/ep_rew_mean,4087808,1936.9073486328125
nominal,6,rollout/ep_rew_mean,4096000,1972.3692626953125
nominal,6,rollout/ep_rew_mean,4104192,1937.355712890625
nominal,6,rollout/ep_rew_mean,4112384,1930.003662109375
nominal,6,rollout/ep_rew_mean,4120576,1913.2467041015625
nominal,6,rollout/ep_rew_mean,4128768,1929.0760498046875
nominal,6,rollout/ep_rew_mean,4136960,1974.70849609375
nominal,6,rollout/ep_rew_mean,4145152,2005.3795166015625
nominal,6,rollout/ep_rew_mean,4153344,2052.97705078125
nominal,6,rollout/ep_rew_mean,4161536,2051.5849609375
nominal,6,rollout/ep_rew_mean,4169728,2043.2010498046875
nominal,6,rollout/ep_rew_mean,4177920,2008.7496337890625
nominal,6,rollout/ep_rew_mean,4186112,2066.6787109375
nominal,6,rollout/ep_rew_mean,4194304,2015.60302734375
nominal,6,rollout/ep_rew_mean,4202496,2041.228271484375
nominal,6,rollout/ep_rew_mean,4210688,2059.25537109375
nominal,6,rollout/ep_rew_mean,4218880,2050.543212890625
nominal,6,rollout/ep_rew_mean,4227072,2058.409912109375
nominal,6,rollout/ep_rew_mean,4235264,2021.7733154296875
nominal,6,rollout/ep_rew_mean,4243456,2021.1156005859375
nominal,6,rollout/ep_rew_mean,4251648,2033.1756591796875
nominal,6,rollout/ep_rew_mean,4259840,2048.21484375
nominal,6,rollout/ep_rew_mean,4268032,2082.030029296875
nominal,6,rollout/ep_rew_mean,4276224,2090.327392578125
nominal,6,rollout/ep_rew_mean,4284416,2077.330810546875
nominal,6,rollout/ep_rew_mean,4292608,2046.24462890625
nominal,6,rollout/ep_rew_mean,4300800,1931.837158203125
nominal,6,rollout/ep_rew_mean,4308992,1925.044677734375
nominal,6,rollout/ep_rew_mean,4317184,1984.24658203125
nominal,6,rollout/ep_rew_mean,4325376,1956.3712158203125
nominal,6,rollout/ep_rew_mean,4333568,1923.829345703125
nominal,6,rollout/ep_rew_mean,4341760,1931.5997314453125
nominal,6,rollout/ep_rew_mean,4349952,1948.8983154296875
nominal,6,rollout/ep_rew_mean,4358144,1939.303466796875
nominal,6,rollout/ep_rew_mean,4366336,1975.95703125
nominal,6,rollout/ep_rew_mean,4374528,1994.776611328125
nominal,6,rollout/ep_rew_mean,4382720,2002.5904541015625
nominal,6,rollout/ep_rew_mean,4390912,2027.5977783203125
nominal,6,rollout/ep_rew_mean,4399104,2051.46923828125
nominal,6,rollout/ep_rew_mean,4407296,2070.656005859375
nominal,6,rollout/ep_rew_mean,4415488,2077.2529296875
nominal,6,rollout/ep_rew_mean,4423680,2066.21826171875
nominal,6,rollout/ep_rew_mean,4431872,2088.199951171875
nominal,6,rollout/ep_rew_mean,4440064,2108.88232421875
nominal,6,rollout/ep_rew_mean,4448256,2069.26171875
nominal,6,rollout/ep_rew_mean,4456448,2084.863037109375
nominal,6,rollout/ep_rew_mean,4464640,2117.720947265625
nominal,6,rollout/ep_rew_mean,4472832,2145.24658203125
nominal,6,rollout/ep_rew_mean,4481024,2104.97314453125
nominal,6,rollout/ep_rew_mean,4489216,2107.6279296875
nominal,6,rollout/ep_rew_mean,4497408,2122.6396484375
nominal,6,rollout/ep_rew_mean,4505600,2107.2890625
nominal,6,rollout/ep_rew_mean,4513792,2102.809326171875
nominal,6,rollout/ep_rew_mean,4521984,2071.63671875
nominal,6,rollout/ep_rew_mean,4530176,2105.81591796875
nominal,6,rollout/ep_rew_mean,4538368,2127.98388671875
nominal,6,rollout/ep_rew_mean,4546560,2135.660888671875
nominal,6,rollout/ep_rew_mean,4554752,2101.627685546875
nominal,6,rollout/ep_rew_mean,4562944,2105.779052734375
nominal,6,rollout/ep_rew_mean,4571136,2079.19091796875
nominal,6,rollout/ep_rew_mean,4579328,2112.34814453125
nominal,6,rollout/ep_rew_mean,4587520,2160.0009765625
nominal,6,rollout/ep_rew_mean,4595712,2155.761474609375
nominal,6,rollout/ep_rew_mean,4603904,2169.76220703125
nominal,6,rollout/ep_rew_mean,4612096,2235.276611328125
nominal,6,rollout/ep_rew_mean,4620288,2212.868408203125
nominal,6,rollout/ep_rew_mean,4628480,2232.447265625
nominal,6,rollout/ep_rew_mean,4636672,2225.207763671875
nominal,6,rollout/ep_rew_mean,4644864,2251.517578125
nominal,6,rollout/ep_rew_mean,4653056,2262.401611328125
nominal,6,rollout/ep_rew_mean,4661248,2223.97314453125
nominal,6,rollout/ep_rew_mean,4669440,2239.420166015625
nominal,6,rollout/ep_rew_mean,4677632,2243.1064453125
nominal,6,rollout/ep_rew_mean,4685824,2143.604248046875
nominal,6,rollout/ep_rew_mean,4694016,2138.90234375
nominal,6,rollout/ep_rew_mean,4702208,2193.5361328125
nominal,6,rollout/ep_rew_mean,4710400,2193.77783203125
nominal,6,rollout/ep_rew_mean,4718592,2171.8896484375
nominal,6,rollout/ep_rew_mean,4726784,2189.636962890625
nominal,6,rollout/ep_rew_mean,4734976,2217.76318359375
nominal,6,rollout/ep_rew_mean,4743168,2126.970703125
nominal,6,rollout/ep_rew_mean,4751360,2112.849609375
nominal,6,rollout/ep_rew_mean,4759552,2214.511474609375
nominal,6,rollout/ep_rew_mean,4767744,2221.065673828125
nominal,6,rollout/ep_rew_mean,4775936,2186.27880859375
nominal,6,rollout/ep_rew_mean,4784128,2101.513916015625
nominal,6,rollout/ep_rew_mean,4792320,2135.054443359375
nominal,6,rollout/ep_rew_mean,4800512,2116.738525390625
nominal,6,rollout/ep_rew_mean,4808704,2106.776123046875
nominal,6,rollout/ep_rew_mean,4816896,2081.91748046875
nominal,6,rollout/ep_rew_mean,4825088,2111.312744140625
nominal,6,rollout/ep_rew_mean,4833280,2086.494140625
nominal,6,rollout/ep_rew_mean,4841472,2150.9326171875
nominal,6,rollout/ep_rew_mean,4849664,2170.4560546875
nominal,6,rollout/ep_rew_mean,4857856,2182.260009765625
nominal,6,rollout/ep_rew_mean,4866048,2214.376220703125
nominal,6,rollout/ep_rew_mean,4874240,2213.19384765625
nominal,6,rollout/ep_rew_mean,4882432,2172.257568359375
nominal,6,rollout/ep_rew_mean,4890624,2219.912841796875
nominal,6,rollout/ep_rew_mean,4898816,2310.116943359375
nominal,6,rollout/ep_rew_mean,4907008,2303.9521484375
nominal,6,rollout/ep_rew_mean,4915200,2262.25341796875
nominal,6,rollout/ep_rew_mean,4923392,2161.822265625
nominal,6,rollout/ep_rew_mean,4931584,2083.180419921875
nominal,6,rollout/ep_rew_mean,4939776,2055.090576171875
nominal,6,rollout/ep_rew_mean,4947968,1947.2681884765625
nominal,6,rollout/ep_rew_mean,4956160,1960.010009765625
nominal,6,rollout/ep_rew_mean,4964352,1921.9801025390625
nominal,6,rollout/ep_rew_mean,4972544,1924.236572265625
nominal,6,rollout/ep_rew_mean,4980736,1871.7149658203125
nominal,6,rollout/ep_rew_mean,4988928,1916.052734375
nominal,6,rollout/ep_rew_mean,4997120,1843.4295654296875
nominal,6,rollout/ep_rew_mean,5005312,1885.0458984375
nominal,6,rollout/ep_len_mean,8192,87.85869598388672
nominal,6,rollout/ep_len_mean,16384,83.44999694824219
nominal,6,rollout/ep_len_mean,24576,108.23999786376953
nominal,6,rollout/ep_len_mean,32768,111.16000366210938
nominal,6,rollout/ep_len_mean,40960,141.1199951171875
nominal,6,rollout/ep_len_mean,49152,113.2300033569336
nominal,6,rollout/ep_len_mean,57344,88.19999694824219
nominal,6,rollout/ep_len_mean,65536,147.74000549316406
nominal,6,rollout/ep_len_mean,73728,141.63999938964844
nominal,6,rollout/ep_len_mean,81920,76.95999908447266
nominal,6,rollout/ep_len_mean,90112,85.19999694824219
nominal,6,rollout/ep_len_mean,98304,96.75
nominal,6,rollout/ep_len_mean,106496,120.11000061035156
nominal,6,rollout/ep_len_mean,114688,120.83000183105469
nominal,6,rollout/ep_len_mean,122880,136.58999633789062
nominal,6,rollout/ep_len_mean,131072,174.8800048828125
nominal,6,rollout/ep_len_mean,139264,203.07000732421875
nominal,6,rollout/ep_len_mean,147456,175.1199951171875
nominal,6,rollout/ep_len_mean,155648,120.70999908447266
nominal,6,rollout/ep_len_mean,163840,140.7899932861328
nominal,6,rollout/ep_len_mean,172032,175.02999877929688
nominal,6,rollout/ep_len_mean,180224,196.1199951171875
nominal,6,rollout/ep_len_mean,188416,229.02000427246094
nominal,6,rollout/ep_len_mean,196608,240.61000061035156
nominal,6,rollout/ep_len_mean,204800,246.97000122070312
nominal,6,rollout/ep_len_mean,212992,210.6300048828125
nominal,6,rollout/ep_len_mean,221184,194.1699981689453
nominal,6,rollout/ep_len_mean,229376,178.58999633789062
nominal,6,rollout/ep_len_mean,237568,188.85000610351562
nominal,6,rollout/ep_len_mean,245760,214.6300048828125
nominal,6,rollout/ep_len_mean,253952,174.0
nominal,6,rollout/ep_len_mean,262144,197.39999389648438
nominal,6,rollout/ep_len_mean,270336,183.5500030517578
nominal,6,rollout/ep_len_mean,278528,214.86000061035156
nominal,6,rollout/ep_len_mean,286720,214.6199951171875
nominal,6,rollout/ep_len_mean,294912,256.3800048828125
nominal,6,rollout/ep_len_mean,303104,270.9800109863281
nominal,6,rollout/ep_len_mean,311296,257.3500061035156
nominal,6,rollout/ep_len_mean,319488,227.7100067138672
nominal,6,rollout/ep_len_mean,327680,222.1699981689453
nominal,6,rollout/ep_len_mean,335872,201.00999450683594
nominal,6,rollout/ep_len_mean,344064,231.47000122070312
nominal,6,rollout/ep_len_mean,352256,238.8000030517578
nominal,6,rollout/ep_len_mean,360448,219.16000366210938
nominal,6,rollout/ep_len_mean,368640,192.22000122070312
nominal,6,rollout/ep_len_mean,376832,162.5800018310547
nominal,6,rollout/ep_len_mean,385024,163.27000427246094
nominal,6,rollout/ep_len_mean,393216,210.74000549316406
nominal,6,rollout/ep_len_mean,401408,242.27000427246094
nominal,6,rollout/ep_len_mean,409600,276.8399963378906
nominal,6,rollout/ep_len_mean,417792,297.6099853515625
nominal,6,rollout/ep_len_mean,425984,296.510009765625
nominal,6,rollout/ep_len_mean,434176,305.44000244140625
nominal,6,rollout/ep_len_mean,442368,292.32000732421875
nominal,6,rollout/ep_len_mean,450560,316.5299987792969
nominal,6,rollout/ep_len_mean,458752,298.760009765625
nominal,6,rollout/ep_len_mean,466944,303.510009765625
nominal,6,rollout/ep_len_mean,475136,317.94000244140625
nominal,6,rollout/ep_len_mean,483328,274.19000244140625
nominal,6,rollout/ep_len_mean,491520,295.3800048828125
nominal,6,rollout/ep_len_mean,499712,292.1600036621094
nominal,6,rollout/ep_len_mean,507904,312.6099853515625
nominal,6,rollout/ep_len_mean,516096,328.1199951171875
nominal,6,rollout/ep_len_mean,524288,304.17999267578125
nominal,6,rollout/ep_len_mean,532480,331.07000732421875
nominal,6,rollout/ep_len_mean,540672,303.9700012207031
nominal,6,rollout/ep_len_mean,548864,319.5199890136719
nominal,6,rollout/ep_len_mean,557056,305.25
nominal,6,rollout/ep_len_mean,565248,285.7900085449219
nominal,6,rollout/ep_len_mean,573440,321.17999267578125
nominal,6,rollout/ep_len_mean,581632,318.8299865722656
nominal,6,rollout/ep_len_mean,589824,314.7200012207031
nominal,6,rollout/ep_len_mean,598016,321.5199890136719
nominal,6,rollout/ep_len_mean,606208,322.3299865722656
nominal,6,rollout/ep_len_mean,614400,352.6700134277344
nominal,6,rollout/ep_len_mean,622592,377.3500061035156
nominal,6,rollout/ep_len_mean,630784,392.6000061035156
nominal,6,rollout/ep_len_mean,638976,417.760009765625
nominal,6,rollout/ep_len_mean,647168,447.1700134277344
nominal,6,rollout/ep_len_mean,655360,457.0299987792969
nominal,6,rollout/ep_len_mean,663552,468.260009765625
nominal,6,rollout/ep_len_mean,671744,485.3800048828125
nominal,6,rollout/ep_len_mean,679936,461.3800048828125
nominal,6,rollout/ep_len_mean,688128,446.30999755859375
nominal,6,rollout/ep_len_mean,696320,461.2900085449219
nominal,6,rollout/ep_len_mean,704512,437.17999267578125
nominal,6,rollout/ep_len_mean,712704,365.44000244140625
nominal,6,rollout/ep_len_mean,720896,372.2300109863281
nominal,6,rollout/ep_len_mean,729088,346.6099853515625
nominal,6,rollout/ep_len_mean,737280,318.3599853515625
nominal,6,rollout/ep_len_mean,745472,339.3399963378906
nominal,6,rollout/ep_len_mean,753664,371.4200134277344
nominal,6,rollout/ep_len_mean,761856,377.8500061035156
nominal,6,rollout/ep_len_mean,770048,411.4200134277344
nominal,6,rollout/ep_len_mean,778240,464.9700012207031
nominal,6,rollout/ep_len_mean,786432,468.82000732421875
nominal,6,rollout/ep_len_mean,794624,439.05999755859375
nominal,6,rollout/ep_len_mean,802816,428.55999755859375
nominal,6,rollout/ep_len_mean,811008,429.9599914550781
nominal,6,rollout/ep_len_mean,819200,423.2099914550781
nominal,6,rollout/ep_len_mean,827392,425.0899963378906
nominal,6,rollout/ep_len_mean,835584,444.510009765625
nominal,6,rollout/ep_len_mean,843776,439.3900146484375
nominal,6,rollout/ep_len_mean,851968,393.3299865722656
nominal,6,rollout/ep_len_mean,860160,371.20001220703125
nominal,6,rollout/ep_len_mean,868352,330.1099853515625
nominal,6,rollout/ep_len_mean,876544,313.2799987792969
nominal,6,rollout/ep_len_mean,884736,350.92999267578125
nominal,6,rollout/ep_len_mean,892928,381.2699890136719
nominal,6,rollout/ep_len_mean,901120,383.7300109863281
nominal,6,rollout/ep_len_mean,909312,411.0
nominal,6,rollout/ep_len_mean,917504,439.1099853515625
nominal,6,rollout/ep_len_mean,925696,457.17999267578125
nominal,6,rollout/ep_len_mean,933888,425.32000732421875
nominal,6,rollout/ep_len_mean,942080,441.6600036621094
nominal,6,rollout/ep_len_mean,950272,423.57000732421875
nominal,6,rollout/ep_len_mean,958464,402.30999755859375
nominal,6,rollout/ep_len_mean,966656,386.2099914550781
nominal,6,rollout/ep_len_mean,974848,420.8399963378906
nominal,6,rollout/ep_len_mean,983040,415.69000244140625
nominal,6,rollout/ep_len_mean,991232,441.0899963378906
nominal,6,rollout/ep_len_mean,999424,471.2900085449219
nominal,6,rollout/ep_len_mean,1007616,486.6000061035156
nominal,6,rollout/ep_len_mean,1015808,493.67999267578125
nominal,6,rollout/ep_len_mean,1024000,521.5499877929688
nominal,6,rollout/ep_len_mean,1032192,560.0599975585938
nominal,6,rollout/ep_len_mean,1040384,521.2999877929688
nominal,6,rollout/ep_len_mean,1048576,523.010009765625
nominal,6,rollout/ep_len_mean,1056768,509.1099853515625
nominal,6,rollout/ep_len_mean,1064960,542.2100219726562
nominal,6,rollout/ep_len_mean,1073152,546.2000122070312
nominal,6,rollout/ep_len_mean,1081344,484.79998779296875
nominal,6,rollout/ep_len_mean,1089536,513.4400024414062
nominal,6,rollout/ep_len_mean,1097728,511.7799987792969
nominal,6,rollout/ep_len_mean,1105920,546.3200073242188
nominal,6,rollout/ep_len_mean,1114112,532.97998046875
nominal,6,rollout/ep_len_mean,1122304,541.3499755859375
nominal,6,rollout/ep_len_mean,1130496,528.0700073242188
nominal,6,rollout/ep_len_mean,1138688,560.4099731445312
nominal,6,rollout/ep_len_mean,1146880,573.6300048828125
nominal,6,rollout/ep_len_mean,1155072,585.4500122070312
nominal,6,rollout/ep_len_mean,1163264,587.9099731445312
nominal,6,rollout/ep_len_mean,1171456,606.739990234375
nominal,6,rollout/ep_len_mean,1179648,574.4000244140625
nominal,6,rollout/ep_len_mean,1187840,577.8400268554688
nominal,6,rollout/ep_len_mean,1196032,579.510009765625
nominal,6,rollout/ep_len_mean,1204224,587.7999877929688
nominal,6,rollout/ep_len_mean,1212416,556.4299926757812
nominal,6,rollout/ep_len_mean,1220608,542.8599853515625
nominal,6,rollout/ep_len_mean,1228800,538.989990234375
nominal,6,rollout/ep_len_mean,1236992,556.3300170898438
nominal,6,rollout/ep_len_mean,1245184,577.3800048828125
nominal,6,rollout/ep_len_mean,1253376,565.5399780273438
nominal,6,rollout/ep_len_mean,1261568,533.030029296875
nominal,6,rollout/ep_len_mean,1269760,588.8200073242188
nominal,6,rollout/ep_len_mean,1277952,601.6900024414062
nominal,6,rollout/ep_len_mean,1286144,602.3900146484375
nominal,6,rollout/ep_len_mean,1294336,623.1900024414062
nominal,6,rollout/ep_len_mean,1302528,589.7999877929688
nominal,6,rollout/ep_len_mean,1310720,577.5
nominal,6,rollout/ep_len_mean,1318912,586.3300170898438
nominal,6,rollout/ep_len_mean,1327104,603.239990234375
nominal,6,rollout/ep_len_mean,1335296,579.8900146484375
nominal,6,rollout/ep_len_mean,1343488,579.0
nominal,6,rollout/ep_len_mean,1351680,556.9500122070312
nominal,6,rollout/ep_len_mean,1359872,588.5399780273438
nominal,6,rollout/ep_len_mean,1368064,603.1300048828125
nominal,6,rollout/ep_len_mean,1376256,598.4500122070312
nominal,6,rollout/ep_len_mean,1384448,608.5499877929688
nominal,6,rollout/ep_len_mean,1392640,627.7000122070312
nominal,6,rollout/ep_len_mean,1400832,659.6799926757812
nominal,6,rollout/ep_len_mean,1409024,645.7999877929688
nominal,6,rollout/ep_len_mean,1417216,643.3400268554688
nominal,6,rollout/ep_len_mean,1425408,623.1900024414062
nominal,6,rollout/ep_len_mean,1433600,608.719970703125
nominal,6,rollout/ep_len_mean,1441792,625.5399780273438
nominal,6,rollout/ep_len_mean,1449984,642.3800048828125
nominal,6,rollout/ep_len_mean,1458176,604.0
nominal,6,rollout/ep_len_mean,1466368,563.3400268554688
nominal,6,rollout/ep_len_mean,1474560,588.2899780273438
nominal,6,rollout/ep_len_mean,1482752,610.6799926757812
nominal,6,rollout/ep_len_mean,1490944,622.2899780273438
nominal,6,rollout/ep_len_mean,1499136,647.3800048828125
nominal,6,rollout/ep_len_mean,1507328,630.2000122070312
nominal,6,rollout/ep_len_mean,1515520,638.6400146484375
nominal,6,rollout/ep_len_mean,1523712,652.010009765625
nominal,6,rollout/ep_len_mean,1531904,673.4299926757812
nominal,6,rollout/ep_len_mean,1540096,680.9299926757812
nominal,6,rollout/ep_len_mean,1548288,697.3099975585938
nominal,6,rollout/ep_len_mean,1556480,702.5399780273438
nominal,6,rollout/ep_len_mean,1564672,704.7899780273438
nominal,6,rollout/ep_len_mean,1572864,682.3599853515625
nominal,6,rollout/ep_len_mean,1581056,630.9000244140625
nominal,6,rollout/ep_len_mean,1589248,616.989990234375
nominal,6,rollout/ep_len_mean,1597440,650.5900268554688
nominal,6,rollout/ep_len_mean,1605632,600.75
nominal,6,rollout/ep_len_mean,1613824,574.1799926757812
nominal,6,rollout/ep_len_mean,1622016,517.8099975585938
nominal,6,rollout/ep_len_mean,1630208,485.6300048828125
nominal,6,rollout/ep_len_mean,1638400,413.0400085449219
nominal,6,rollout/ep_len_mean,1646592,418.9800109863281
nominal,6,rollout/ep_len_mean,1654784,451.44000244140625
nominal,6,rollout/ep_len_mean,1662976,452.6199951171875
nominal,6,rollout/ep_len_mean,1671168,473.7200012207031
nominal,6,rollout/ep_len_mean,1679360,506.20001220703125
nominal,6,rollout/ep_len_mean,1687552,524.5
nominal,6,rollout/ep_len_mean,1695744,542.5800170898438
nominal,6,rollout/ep_len_mean,1703936,554.3400268554688
nominal,6,rollout/ep_len_mean,1712128,567.0
nominal,6,rollout/ep_len_mean,1720320,592.7899780273438
nominal,6,rollout/ep_len_mean,1728512,579.9000244140625
nominal,6,rollout/ep_len_mean,1736704,578.969970703125
nominal,6,rollout/ep_len_mean,1744896,540.5900268554688
nominal,6,rollout/ep_len_mean,1753088,554.6400146484375
nominal,6,rollout/ep_len_mean,1761280,530.8099975585938
nominal,6,rollout/ep_len_mean,1769472,548.8699951171875
nominal,6,rollout/ep_len_mean,1777664,552.5900268554688
nominal,6,rollout/ep_len_mean,1785856,579.72998046875
nominal,6,rollout/ep_len_mean,1794048,568.9000244140625
nominal,6,rollout/ep_len_mean,1802240,614.4400024414062
nominal,6,rollout/ep_len_mean,1810432,633.5700073242188
nominal,6,rollout/ep_len_mean,1818624,640.7100219726562
nominal,6,rollout/ep_len_mean,1826816,617.27001953125
nominal,6,rollout/ep_len_mean,1835008,615.5499877929688
nominal,6,rollout/ep_len_mean,1843200,615.8300170898438
nominal,6,rollout/ep_len_mean,1851392,638.0599975585938
nominal,6,rollout/ep_len_mean,1859584,663.2000122070312
nominal,6,rollout/ep_len_mean,1867776,661.9299926757812
nominal,6,rollout/ep_len_mean,1875968,651.5800170898438
nominal,6,rollout/ep_len_mean,1884160,624.8699951171875
nominal,6,rollout/ep_len_mean,1892352,676.3900146484375
nominal,6,rollout/ep_len_mean,1900544,610.0499877929688
nominal,6,rollout/ep_len_mean,1908736,632.760009765625
nominal,6,rollout/ep_len_mean,1916928,616.5599975585938
nominal,6,rollout/ep_len_mean,1925120,595.4299926757812
nominal,6,rollout/ep_len_mean,1933312,637.1699829101562
nominal,6,rollout/ep_len_mean,1941504,662.6400146484375
nominal,6,rollout/ep_len_mean,1949696,676.47998046875
nominal,6,rollout/ep_len_mean,1957888,676.3499755859375
nominal,6,rollout/ep_len_mean,1966080,682.9299926757812
nominal,6,rollout/ep_len_mean,1974272,728.0999755859375
nominal,6,rollout/ep_len_mean,1982464,728.280029296875
nominal,6,rollout/ep_len_mean,1990656,754.5
nominal,6,rollout/ep_len_mean,1998848,748.469970703125
nominal,6,rollout/ep_len_mean,2007040,755.5599975585938
nominal,6,rollout/ep_len_mean,2015232,739.5900268554688
nominal,6,rollout/ep_len_mean,2023424,738.97998046875
nominal,6,rollout/ep_len_mean,2031616,748.3099975585938
nominal,6,rollout/ep_len_mean,2039808,768.4000244140625
nominal,6,rollout/ep_len_mean,2048000,754.5599975585938
nominal,6,rollout/ep_len_mean,2056192,723.0499877929688
nominal,6,rollout/ep_len_mean,2064384,724.8699951171875
nominal,6,rollout/ep_len_mean,2072576,719.9199829101562
nominal,6,rollout/ep_len_mean,2080768,708.8900146484375
nominal,6,rollout/ep_len_mean,2088960,721.2000122070312
nominal,6,rollout/ep_len_mean,2097152,728.9299926757812
nominal,6,rollout/ep_len_mean,2105344,690.1599731445312
nominal,6,rollout/ep_len_mean,2113536,689.3300170898438
nominal,6,rollout/ep_len_mean,2121728,667.1699829101562
nominal,6,rollout/ep_len_mean,2129920,686.4600219726562
nominal,6,rollout/ep_len_mean,2138112,680.02001953125
nominal,6,rollout/ep_len_mean,2146304,658.239990234375
nominal,6,rollout/ep_len_mean,2154496,631.9000244140625
nominal,6,rollout/ep_len_mean,2162688,634.4299926757812
nominal,6,rollout/ep_len_mean,2170880,614.1500244140625
nominal,6,rollout/ep_len_mean,2179072,611.1799926757812
nominal,6,rollout/ep_len_mean,2187264,614.6400146484375
nominal,6,rollout/ep_len_mean,2195456,626.5999755859375
nominal,6,rollout/ep_len_mean,2203648,628.4099731445312
nominal,6,rollout/ep_len_mean,2211840,669.02001953125
nominal,6,rollout/ep_len_mean,2220032,651.030029296875
nominal,6,rollout/ep_len_mean,2228224,658.1599731445312
nominal,6,rollout/ep_len_mean,2236416,675.6300048828125
nominal,6,rollout/ep_len_mean,2244608,685.0700073242188
nominal,6,rollout/ep_len_mean,2252800,666.1799926757812
nominal,6,rollout/ep_len_mean,2260992,668.7899780273438
nominal,6,rollout/ep_len_mean,2269184,690.2999877929688
nominal,6,rollout/ep_len_mean,2277376,674.280029296875
nominal,6,rollout/ep_len_mean,2285568,721.3599853515625
nominal,6,rollout/ep_len_mean,2293760,707.3300170898438
nominal,6,rollout/ep_len_mean,2301952,708.510009765625
nominal,6,rollout/ep_len_mean,2310144,732.2899780273438
nominal,6,rollout/ep_len_mean,2318336,735.780029296875
nominal,6,rollout/ep_len_mean,2326528,755.1799926757812
nominal,6,rollout/ep_len_mean,2334720,782.5800170898438
nominal,6,rollout/ep_len_mean,2342912,753.3300170898438
nominal,6,rollout/ep_len_mean,2351104,721.4500122070312
nominal,6,rollout/ep_len_mean,2359296,739.5499877929688
nominal,6,rollout/ep_len_mean,2367488,722.6599731445312
nominal,6,rollout/ep_len_mean,2375680,667.1300048828125
nominal,6,rollout/ep_len_mean,2383872,674.989990234375
nominal,6,rollout/ep_len_mean,2392064,649.8800048828125
nominal,6,rollout/ep_len_mean,2400256,653.1199951171875
nominal,6,rollout/ep_len_mean,2408448,662.9299926757812
nominal,6,rollout/ep_len_mean,2416640,662.8200073242188
nominal,6,rollout/ep_len_mean,2424832,652.9500122070312
nominal,6,rollout/ep_len_mean,2433024,688.8599853515625
nominal,6,rollout/ep_len_mean,2441216,698.47998046875
nominal,6,rollout/ep_len_mean,2449408,707.739990234375
nominal,6,rollout/ep_len_mean,2457600,718.3200073242188
nominal,6,rollout/ep_len_mean,2465792,711.75
nominal,6,rollout/ep_len_mean,2473984,728.0599975585938
nominal,6,rollout/ep_len_mean,2482176,694.7000122070312
nominal,6,rollout/ep_len_mean,2490368,684.3300170898438
nominal,6,rollout/ep_len_mean,2498560,681.4199829101562
nominal,6,rollout/ep_len_mean,2506752,702.5999755859375
nominal,6,rollout/ep_len_mean,2514944,697.8900146484375
nominal,6,rollout/ep_len_mean,2523136,713.75
nominal,6,rollout/ep_len_mean,2531328,708.3900146484375
nominal,6,rollout/ep_len_mean,2539520,698.2100219726562
nominal,6,rollout/ep_len_mean,2547712,700.2100219726562
nominal,6,rollout/ep_len_mean,2555904,728.1300048828125
nominal,6,rollout/ep_len_mean,2564096,737.5499877929688
nominal,6,rollout/ep_len_mean,2572288,721.1099853515625
nominal,6,rollout/ep_len_mean,2580480,706.97998046875
nominal,6,rollout/ep_len_mean,2588672,729.5599975585938
nominal,6,rollout/ep_len_mean,2596864,705.260009765625
nominal,6,rollout/ep_len_mean,2605056,729.6300048828125
nominal,6,rollout/ep_len_mean,2613248,709.6099853515625
nominal,6,rollout/ep_len_mean,2621440,685.4199829101562
nominal,6,rollout/ep_len_mean,2629632,711.5999755859375
nominal,6,rollout/ep_len_mean,2637824,693.7999877929688
nominal,6,rollout/ep_len_mean,2646016,708.2899780273438
nominal,6,rollout/ep_len_mean,2654208,697.9000244140625
nominal,6,rollout/ep_len_mean,2662400,692.530029296875
nominal,6,rollout/ep_len_mean,2670592,685.219970703125
nominal,6,rollout/ep_len_mean,2678784,702.4600219726562
nominal,6,rollout/ep_len_mean,2686976,720.1900024414062
nominal,6,rollout/ep_len_mean,2695168,732.1900024414062
nominal,6,rollout/ep_len_mean,2703360,731.8599853515625
nominal,6,rollout/ep_len_mean,2711552,751.8599853515625
nominal,6,rollout/ep_len_mean,2719744,728.6199951171875
nominal,6,rollout/ep_len_mean,2727936,738.760009765625
nominal,6,rollout/ep_len_mean,2736128,761.1099853515625
nominal,6,rollout/ep_len_mean,2744320,746.7000122070312
nominal,6,rollout/ep_len_mean,2752512,715.280029296875
nominal,6,rollout/ep_len_mean,2760704,726.530029296875
nominal,6,rollout/ep_len_mean,2768896,745.9099731445312
nominal,6,rollout/ep_len_mean,2777088,736.1599731445312
nominal,6,rollout/ep_len_mean,2785280,729.7899780273438
nominal,6,rollout/ep_len_mean,2793472,749.4500122070312
nominal,6,rollout/ep_len_mean,2801664,748.3400268554688
nominal,6,rollout/ep_len_mean,2809856,748.3400268554688
nominal,6,rollout/ep_len_mean,2818048,765.3900146484375
nominal,6,rollout/ep_len_mean,2826240,804.8099975585938
nominal,6,rollout/ep_len_mean,2834432,821.4299926757812
nominal,6,rollout/ep_len_mean,2842624,785.5399780273438
nominal,6,rollout/ep_len_mean,2850816,802.02001953125
nominal,6,rollout/ep_len_mean,2859008,794.02001953125
nominal,6,rollout/ep_len_mean,2867200,787.719970703125
nominal,6,rollout/ep_len_mean,2875392,784.739990234375
nominal,6,rollout/ep_len_mean,2883584,788.3499755859375
nominal,6,rollout/ep_len_mean,2891776,779.3900146484375
nominal,6,rollout/ep_len_mean,2899968,771.3300170898438
nominal,6,rollout/ep_len_mean,2908160,736.4500122070312
nominal,6,rollout/ep_len_mean,2916352,740.8499755859375
nominal,6,rollout/ep_len_mean,2924544,699.1599731445312
nominal,6,rollout/ep_len_mean,2932736,707.8599853515625
nominal,6,rollout/ep_len_mean,2940928,718.3900146484375
nominal,6,rollout/ep_len_mean,2949120,740.6799926757812
nominal,6,rollout/ep_len_mean,2957312,700.6300048828125
nominal,6,rollout/ep_len_mean,2965504,692.3800048828125
nominal,6,rollout/ep_len_mean,2973696,688.4400024414062
nominal,6,rollout/ep_len_mean,2981888,698.3300170898438
nominal,6,rollout/ep_len_mean,2990080,705.3300170898438
nominal,6,rollout/ep_len_mean,2998272,717.6400146484375
nominal,6,rollout/ep_len_mean,3006464,717.3499755859375
nominal,6,rollout/ep_len_mean,3014656,725.4099731445312
nominal,6,rollout/ep_len_mean,3022848,726.0599975585938
nominal,6,rollout/ep_len_mean,3031040,746.5499877929688
nominal,6,rollout/ep_len_mean,3039232,756.3400268554688
nominal,6,rollout/ep_len_mean,3047424,766.2999877929688
nominal,6,rollout/ep_len_mean,3055616,761.72998046875
nominal,6,rollout/ep_len_mean,3063808,744.4500122070312
nominal,6,rollout/ep_len_mean,3072000,762.5900268554688
nominal,6,rollout/ep_len_mean,3080192,736.75
nominal,6,rollout/ep_len_mean,3088384,733.8099975585938
nominal,6,rollout/ep_len_mean,3096576,734.3300170898438
nominal,6,rollout/ep_len_mean,3104768,754.260009765625
nominal,6,rollout/ep_len_mean,3112960,763.6099853515625
nominal,6,rollout/ep_len_mean,3121152,763.6099853515625
nominal,6,rollout/ep_len_mean,3129344,792.5999755859375
nominal,6,rollout/ep_len_mean,3137536,790.5499877929688
nominal,6,rollout/ep_len_mean,3145728,834.7100219726562
nominal,6,rollout/ep_len_mean,3153920,819.6199951171875
nominal,6,rollout/ep_len_mean,3162112,859.469970703125
nominal,6,rollout/ep_len_mean,3170304,866.4000244140625
nominal,6,rollout/ep_len_mean,3178496,866.5499877929688
nominal,6,rollout/ep_len_mean,3186688,852.760009765625
nominal,6,rollout/ep_len_mean,3194880,828.1199951171875
nominal,6,rollout/ep_len_mean,3203072,810.3200073242188
nominal,6,rollout/ep_len_mean,3211264,799.1599731445312
nominal,6,rollout/ep_len_mean,3219456,800.9299926757812
nominal,6,rollout/ep_len_mean,3227648,800.5800170898438
nominal,6,rollout/ep_len_mean,3235840,785.0700073242188
nominal,6,rollout/ep_len_mean,3244032,777.6799926757812
nominal,6,rollout/ep_len_mean,3252224,757.9600219726562
nominal,6,rollout/ep_len_mean,3260416,759.8900146484375
nominal,6,rollout/ep_len_mean,3268608,775.8499755859375
nominal,6,rollout/ep_len_mean,3276800,768.9299926757812
nominal,6,rollout/ep_len_mean,3284992,774.8699951171875
nominal,6,rollout/ep_len_mean,3293184,784.7899780273438
nominal,6,rollout/ep_len_mean,3301376,774.6400146484375
nominal,6,rollout/ep_len_mean,3309568,786.010009765625
nominal,6,rollout/ep_len_mean,3317760,819.8200073242188
nominal,6,rollout/ep_len_mean,3325952,821.280029296875
nominal,6,rollout/ep_len_mean,3334144,824.22998046875
nominal,6,rollout/ep_len_mean,3342336,821.239990234375
nominal,6,rollout/ep_len_mean,3350528,816.72998046875
nominal,6,rollout/ep_len_mean,3358720,798.97998046875
nominal,6,rollout/ep_len_mean,3366912,779.9000244140625
nominal,6,rollout/ep_len_mean,3375104,783.760009765625
nominal,6,rollout/ep_len_mean,3383296,749.6099853515625
nominal,6,rollout/ep_len_mean,3391488,701.02001953125
nominal,6,rollout/ep_len_mean,3399680,691.4299926757812
nominal,6,rollout/ep_len_mean,3407872,690.7999877929688
nominal,6,rollout/ep_len_mean,3416064,685.9500122070312
nominal,6,rollout/ep_len_mean,3424256,706.5800170898438
nominal,6,rollout/ep_len_mean,3432448,702.8099975585938
nominal,6,rollout/ep_len_mean,3440640,735.3200073242188
nominal,6,rollout/ep_len_mean,3448832,744.4600219726562
nominal,6,rollout/ep_len_mean,3457024,763.9199829101562
nominal,6,rollout/ep_len_mean,3465216,791.4299926757812
nominal,6,rollout/ep_len_mean,3473408,807.1300048828125
nominal,6,rollout/ep_len_mean,3481600,831.8099975585938
nominal,6,rollout/ep_len_mean,3489792,822.4400024414062
nominal,6,rollout/ep_len_mean,3497984,826.8800048828125
nominal,6,rollout/ep_len_mean,3506176,839.8800048828125
nominal,6,rollout/ep_len_mean,3514368,848.2100219726562
nominal,6,rollout/ep_len_mean,3522560,829.52001953125
nominal,6,rollout/ep_len_mean,3530752,781.7100219726562
nominal,6,rollout/ep_len_mean,3538944,757.6400146484375
nominal,6,rollout/ep_len_mean,3547136,757.97998046875
nominal,6,rollout/ep_len_mean,3555328,736.27001953125
nominal,6,rollout/ep_len_mean,3563520,727.989990234375
nominal,6,rollout/ep_len_mean,3571712,715.1500244140625
nominal,6,rollout/ep_len_mean,3579904,692.0399780273438
nominal,6,rollout/ep_len_mean,3588096,691.6500244140625
nominal,6,rollout/ep_len_mean,3596288,706.6400146484375
nominal,6,rollout/ep_len_mean,3604480,739.27001953125
nominal,6,rollout/ep_len_mean,3612672,769.510009765625
nominal,6,rollout/ep_len_mean,3620864,789.8499755859375
nominal,6,rollout/ep_len_mean,3629056,794.75
nominal,6,rollout/ep_len_mean,3637248,817.2899780273438
nominal,6,rollout/ep_len_mean,3645440,828.469970703125
nominal,6,rollout/ep_len_mean,3653632,834.219970703125
nominal,6,rollout/ep_len_mean,3661824,846.47998046875
nominal,6,rollout/ep_len_mean,3670016,864.4299926757812
nominal,6,rollout/ep_len_mean,3678208,860.2000122070312
nominal,6,rollout/ep_len_mean,3686400,822.030029296875
nominal,6,rollout/ep_len_mean,3694592,800.02001953125
nominal,6,rollout/ep_len_mean,3702784,785.6300048828125
nominal,6,rollout/ep_len_mean,3710976,747.8200073242188
nominal,6,rollout/ep_len_mean,3719168,727.1799926757812
nominal,6,rollout/ep_len_mean,3727360,725.8300170898438
nominal,6,rollout/ep_len_mean,3735552,688.719970703125
nominal,6,rollout/ep_len_mean,3743744,690.9600219726562
nominal,6,rollout/ep_len_mean,3751936,720.4299926757812
nominal,6,rollout/ep_len_mean,3760128,728.6300048828125
nominal,6,rollout/ep_len_mean,3768320,747.4500122070312
nominal,6,rollout/ep_len_mean,3776512,762.6300048828125
nominal,6,rollout/ep_len_mean,3784704,763.260009765625
nominal,6,rollout/ep_len_mean,3792896,774.5999755859375
nominal,6,rollout/ep_len_mean,3801088,789.219970703125
nominal,6,rollout/ep_len_mean,3809280,789.0999755859375
nominal,6,rollout/ep_len_mean,3817472,794.6699829101562
nominal,6,rollout/ep_len_mean,3825664,795.5700073242188
nominal,6,rollout/ep_len_mean,3833856,769.6599731445312
nominal,6,rollout/ep_len_mean,3842048,768.0399780273438
nominal,6,rollout/ep_len_mean,3850240,765.739990234375
nominal,6,rollout/ep_len_mean,3858432,776.0499877929688
nominal,6,rollout/ep_len_mean,3866624,801.6199951171875
nominal,6,rollout/ep_len_mean,3874816,795.5900268554688
nominal,6,rollout/ep_len_mean,3883008,787.739990234375
nominal,6,rollout/ep_len_mean,3891200,795.8099975585938
nominal,6,rollout/ep_len_mean,3899392,793.0800170898438
nominal,6,rollout/ep_len_mean,3907584,773.6900024414062
nominal,6,rollout/ep_len_mean,3915776,770.0900268554688
nominal,6,rollout/ep_len_mean,3923968,741.52001953125
nominal,6,rollout/ep_len_mean,3932160,754.97998046875
nominal,6,rollout/ep_len_mean,3940352,747.3699951171875
nominal,6,rollout/ep_len_mean,3948544,735.0999755859375
nominal,6,rollout/ep_len_mean,3956736,749.7899780273438
nominal,6,rollout/ep_len_mean,3964928,753.7899780273438
nominal,6,rollout/ep_len_mean,3973120,761.760009765625
nominal,6,rollout/ep_len_mean,3981312,773.6900024414062
nominal,6,rollout/ep_len_mean,3989504,781.1599731445312
nominal,6,rollout/ep_len_mean,3997696,798.0700073242188
nominal,6,rollout/ep_len_mean,4005888,792.9600219726562
nominal,6,rollout/ep_len_mean,4014080,776.75
nominal,6,rollout/ep_len_mean,4022272,783.5700073242188
nominal,6,rollout/ep_len_mean,4030464,784.9600219726562
nominal,6,rollout/ep_len_mean,4038656,796.8599853515625
nominal,6,rollout/ep_len_mean,4046848,809.25
nominal,6,rollout/ep_len_mean,4055040,784.6500244140625
nominal,6,rollout/ep_len_mean,4063232,791.8900146484375
nominal,6,rollout/ep_len_mean,4071424,788.3800048828125
nominal,6,rollout/ep_len_mean,4079616,766.8300170898438
nominal,6,rollout/ep_len_mean,4087808,794.1099853515625
nominal,6,rollout/ep_len_mean,4096000,810.0499877929688
nominal,6,rollout/ep_len_mean,4104192,791.8300170898438
nominal,6,rollout/ep_len_mean,4112384,789.4500122070312
nominal,6,rollout/ep_len_mean,4120576,781.3699951171875
nominal,6,rollout/ep_len_mean,4128768,788.7999877929688
nominal,6,rollout/ep_len_mean,4136960,806.1500244140625
nominal,6,rollout/ep_len_mean,4145152,818.989990234375
nominal,6,rollout/ep_len_mean,4153344,837.5599975585938
nominal,6,rollout/ep_len_mean,4161536,837.6900024414062
nominal,6,rollout/ep_len_mean,4169728,829.6599731445312
nominal,6,rollout/ep_len_mean,4177920,814.469970703125
nominal,6,rollout/ep_len_mean,4186112,836.4000244140625
nominal,6,rollout/ep_len_mean,4194304,812.7999877929688
nominal,6,rollout/ep_len_mean,4202496,820.5399780273438
nominal,6,rollout/ep_len_mean,4210688,824.8099975585938
nominal,6,rollout/ep_len_mean,4218880,821.5999755859375
nominal,6,rollout/ep_len_mean,4227072,821.3699951171875
nominal,6,rollout/ep_len_mean,4235264,802.4299926757812
nominal,6,rollout/ep_len_mean,4243456,800.8200073242188
nominal,6,rollout/ep_len_mean,4251648,804.0399780273438
nominal,6,rollout/ep_len_mean,4259840,806.989990234375
nominal,6,rollout/ep_len_mean,4268032,821.780029296875
nominal,6,rollout/ep_len_mean,4276224,825.1699829101562
nominal,6,rollout/ep_len_mean,4284416,818.0499877929688
nominal,6,rollout/ep_len_mean,4292608,804.6799926757812
nominal,6,rollout/ep_len_mean,4300800,757.260009765625
nominal,6,rollout/ep_len_mean,4308992,753.239990234375
nominal,6,rollout/ep_len_mean,4317184,777.219970703125
nominal,6,rollout/ep_len_mean,4325376,766.760009765625
nominal,6,rollout/ep_len_mean,4333568,756.1300048828125
nominal,6,rollout/ep_len_mean,4341760,756.6400146484375
nominal,6,rollout/ep_len_mean,4349952,762.6199951171875
nominal,6,rollout/ep_len_mean,4358144,760.97998046875
nominal,6,rollout/ep_len_mean,4366336,772.280029296875
nominal,6,rollout/ep_len_mean,4374528,780.22998046875
nominal,6,rollout/ep_len_mean,4382720,784.9199829101562
nominal,6,rollout/ep_len_mean,4390912,795.3200073242188
nominal,6,rollout/ep_len_mean,4399104,801.3699951171875
nominal,6,rollout/ep_len_mean,4407296,805.1099853515625
nominal,6,rollout/ep_len_mean,4415488,804.8300170898438
nominal,6,rollout/ep_len_mean,4423680,797.72998046875
nominal,6,rollout/ep_len_mean,4431872,801.3900146484375
nominal,6,rollout/ep_len_mean,4440064,805.1500244140625
nominal,6,rollout/ep_len_mean,4448256,790.25
nominal,6,rollout/ep_len_mean,4456448,795.3300170898438
nominal,6,rollout/ep_len_mean,4464640,805.3699951171875
nominal,6,rollout/ep_len_mean,4472832,814.3900146484375
nominal,6,rollout/ep_len_mean,4481024,803.3499755859375
nominal,6,rollout/ep_len_mean,4489216,805.3800048828125
nominal,6,rollout/ep_len_mean,4497408,810.9600219726562
nominal,6,rollout/ep_len_mean,4505600,806.6699829101562
nominal,6,rollout/ep_len_mean,4513792,809.8200073242188
nominal,6,rollout/ep_len_mean,4521984,797.7100219726562
nominal,6,rollout/ep_len_mean,4530176,808.4000244140625
nominal,6,rollout/ep_len_mean,4538368,819.1099853515625
nominal,6,rollout/ep_len_mean,4546560,824.010009765625
nominal,6,rollout/ep_len_mean,4554752,807.1199951171875
nominal,6,rollout/ep_len_mean,4562944,807.9000244140625
nominal,6,rollout/ep_len_mean,4571136,795.4099731445312
nominal,6,rollout/ep_len_mean,4579328,803.4199829101562
nominal,6,rollout/ep_len_mean,4587520,821.1199951171875
nominal,6,rollout/ep_len_mean,4595712,814.8599853515625
nominal,6,rollout/ep_len_mean,4603904,815.989990234375
nominal,6,rollout/ep_len_mean,4612096,838.3900146484375
nominal,6,rollout/ep_len_mean,4620288,828.3900146484375
nominal,6,rollout/ep_len_mean,4628480,832.3599853515625
nominal,6,rollout/ep_len_mean,4636672,829.530029296875
nominal,6,rollout/ep_len_mean,4644864,833.780029296875
nominal,6,rollout/ep_len_mean,4653056,837.530029296875
nominal,6,rollout/ep_len_mean,4661248,820.4400024414062
nominal,6,rollout/ep_len_mean,4669440,821.22998046875
nominal,6,rollout/ep_len_mean,4677632,820.6500244140625
nominal,6,rollout/ep_len_mean,4685824,785.8800048828125
nominal,6,rollout/ep_len_mean,4694016,782.6599731445312
nominal,6,rollout/ep_len_mean,4702208,795.510009765625
nominal,6,rollout/ep_len_mean,4710400,789.739990234375
nominal,6,rollout/ep_len_mean,4718592,781.0399780273438
nominal,6,rollout/ep_len_mean,4726784,784.4199829101562
nominal,6,rollout/ep_len_mean,4734976,792.3400268554688
nominal,6,rollout/ep_len_mean,4743168,765.030029296875
nominal,6,rollout/ep_len_mean,4751360,762.0599975585938
nominal,6,rollout/ep_len_mean,4759552,797.4000244140625
nominal,6,rollout/ep_len_mean,4767744,798.25
nominal,6,rollout/ep_len_mean,4775936,789.1099853515625
nominal,6,rollout/ep_len_mean,4784128,763.4000244140625
nominal,6,rollout/ep_len_mean,4792320,777.5999755859375
nominal,6,rollout/ep_len_mean,4800512,769.6500244140625
nominal,6,rollout/ep_len_mean,4808704,762.6199951171875
nominal,6,rollout/ep_len_mean,4816896,751.6900024414062
nominal,6,rollout/ep_len_mean,4825088,753.7100219726562
nominal,6,rollout/ep_len_mean,4833280,745.1300048828125
nominal,6,rollout/ep_len_mean,4841472,771.8499755859375
nominal,6,rollout/ep_len_mean,4849664,778.7999877929688
nominal,6,rollout/ep_len_mean,4857856,776.260009765625
nominal,6,rollout/ep_len_mean,4866048,786.1799926757812
nominal,6,rollout/ep_len_mean,4874240,783.5
nominal,6,rollout/ep_len_mean,4882432,770.0399780273438
nominal,6,rollout/ep_len_mean,4890624,784.9600219726562
nominal,6,rollout/ep_len_mean,4898816,820.010009765625
nominal,6,rollout/ep_len_mean,4907008,820.6500244140625
nominal,6,rollout/ep_len_mean,4915200,802.22998046875
nominal,6,rollout/ep_len_mean,4923392,762.8900146484375
nominal,6,rollout/ep_len_mean,4931584,734.2100219726562
nominal,6,rollout/ep_len_mean,4939776,721.8499755859375
nominal,6,rollout/ep_len_mean,4947968,677.780029296875
nominal,6,rollout/ep_len_mean,4956160,684.5999755859375
nominal,6,rollout/ep_len_mean,4964352,667.4000244140625
nominal,6,rollout/ep_len_mean,4972544,666.8800048828125
nominal,6,rollout/ep_len_mean,4980736,652.5399780273438
nominal,6,rollout/ep_len_mean,4988928,666.280029296875
nominal,6,rollout/ep_len_mean,4997120,636.8300170898438
nominal,6,rollout/ep_len_mean,5005312,656.4500122070312
nominal,6,train/approx_kl,16384,0.012820306234061718
nominal,6,train/approx_kl,24576,0.02059313654899597
nominal,6,train/approx_kl,32768,0.01806323044002056
nominal,6,train/approx_kl,40960,0.018598895519971848
nominal,6,train/approx_kl,49152,0.018485646694898605
nominal,6,train/approx_kl,57344,0.015243700705468655
nominal,6,train/approx_kl,65536,0.01738864742219448
nominal,6,train/approx_kl,73728,0.018800368532538414
nominal,6,train/approx_kl,81920,0.01972828432917595
nominal,6,train/approx_kl,90112,0.01867552287876606
nominal,6,train/approx_kl,98304,0.019527357071638107
nominal,6,train/approx_kl,106496,0.01828806847333908
nominal,6,train/approx_kl,114688,0.015792647376656532
nominal,6,train/approx_kl,122880,0.021751780062913895
nominal,6,train/approx_kl,131072,0.02198917418718338
nominal,6,train/approx_kl,139264,0.020432911813259125
nominal,6,train/approx_kl,147456,0.020331259816884995
nominal,6,train/approx_kl,155648,0.022654421627521515
nominal,6,train/approx_kl,163840,0.010642686858773232
nominal,6,train/approx_kl,172032,0.02153281308710575
nominal,6,train/approx_kl,180224,0.019347945228219032
nominal,6,train/approx_kl,188416,0.020136458799242973
nominal,6,train/approx_kl,196608,0.011890697292983532
nominal,6,train/approx_kl,204800,0.021675551310181618
nominal,6,train/approx_kl,212992,0.018711624667048454
nominal,6,train/approx_kl,221184,0.019798265770077705
nominal,6,train/approx_kl,229376,0.02220633439719677
nominal,6,train/approx_kl,237568,0.012174968607723713
nominal,6,train/approx_kl,245760,0.013428162783384323
nominal,6,train/approx_kl,253952,0.023419540375471115
nominal,6,train/approx_kl,262144,0.020724227651953697
nominal,6,train/approx_kl,270336,0.02027515135705471
nominal,6,train/approx_kl,278528,0.01192380115389824
nominal,6,train/approx_kl,286720,0.019726593047380447
nominal,6,train/approx_kl,294912,0.012537593021988869
nominal,6,train/approx_kl,303104,0.010971516370773315
nominal,6,train/approx_kl,311296,0.012775386683642864
nominal,6,train/approx_kl,319488,0.02117128111422062
nominal,6,train/approx_kl,327680,0.012961779721081257
nominal,6,train/approx_kl,335872,0.019950728863477707
nominal,6,train/approx_kl,344064,0.013159654103219509
nominal,6,train/approx_kl,352256,0.013127930462360382
nominal,6,train/approx_kl,360448,0.012569651007652283
nominal,6,train/approx_kl,368640,0.013435779139399529
nominal,6,train/approx_kl,376832,0.012981121428310871
nominal,6,train/approx_kl,385024,0.013235700316727161
nominal,6,train/approx_kl,393216,0.014212407171726227
nominal,6,train/approx_kl,401408,0.013112188316881657
nominal,6,train/approx_kl,409600,0.012793228961527348
nominal,6,train/approx_kl,417792,0.023315245285630226
nominal,6,train/approx_kl,425984,0.013239332474768162
nominal,6,train/approx_kl,434176,0.01430425327271223
nominal,6,train/approx_kl,442368,0.010965423658490181
nominal,6,train/approx_kl,450560,0.014173755422234535
nominal,6,train/approx_kl,458752,0.012498106807470322
nominal,6,train/approx_kl,466944,0.011303665116429329
nominal,6,train/approx_kl,475136,0.014633328653872013
nominal,6,train/approx_kl,483328,0.01223659422248602
nominal,6,train/approx_kl,491520,0.013079344294965267
nominal,6,train/approx_kl,499712,0.02599371038377285
nominal,6,train/approx_kl,507904,0.013586809858679771
nominal,6,train/approx_kl,516096,0.013378358446061611
nominal,6,train/approx_kl,524288,0.00956890918314457
nominal,6,train/approx_kl,532480,0.010955913923680782
nominal,6,train/approx_kl,540672,0.0121384859085083
nominal,6,train/approx_kl,548864,0.011654212139546871
nominal,6,train/approx_kl,557056,0.014984198845922947
nominal,6,train/approx_kl,565248,0.013554499484598637
nominal,6,train/approx_kl,573440,0.012415599077939987
nominal,6,train/approx_kl,581632,0.009372754953801632
nominal,6,train/approx_kl,589824,0.014844912104308605
nominal,6,train/approx_kl,598016,0.013937137089669704
nominal,6,train/approx_kl,606208,0.013352158479392529
nominal,6,train/approx_kl,614400,0.012845299206674099
nominal,6,train/approx_kl,622592,0.014799595810472965
nominal,6,train/approx_kl,630784,0.014050071127712727
nominal,6,train/approx_kl,638976,0.013441174291074276
nominal,6,train/approx_kl,647168,0.014081201516091824
nominal,6,train/approx_kl,655360,0.012138978578150272
nominal,6,train/approx_kl,663552,0.013306736946105957
nominal,6,train/approx_kl,671744,0.015292875468730927
nominal,6,train/approx_kl,679936,0.016250861808657646
nominal,6,train/approx_kl,688128,0.013460461050271988
nominal,6,train/approx_kl,696320,0.013439025729894638
nominal,6,train/approx_kl,704512,0.010734090581536293
nominal,6,train/approx_kl,712704,0.012321882881224155
nominal,6,train/approx_kl,720896,0.012627897784113884
nominal,6,train/approx_kl,729088,0.01428796537220478
nominal,6,train/approx_kl,737280,0.012398820370435715
nominal,6,train/approx_kl,745472,0.013824529014527798
nominal,6,train/approx_kl,753664,0.012869738042354584
nominal,6,train/approx_kl,761856,0.012951500713825226
nominal,6,train/approx_kl,770048,0.012850119732320309
nominal,6,train/approx_kl,778240,0.010809323750436306
nominal,6,train/approx_kl,786432,0.01048179343342781
nominal,6,train/approx_kl,794624,0.013218902051448822
nominal,6,train/approx_kl,802816,0.016529090702533722
nominal,6,train/approx_kl,811008,0.010682809166610241
nominal,6,train/approx_kl,819200,0.012027719989418983
nominal,6,train/approx_kl,827392,0.01125718280673027
nominal,6,train/approx_kl,835584,0.009988175705075264
nominal,6,train/approx_kl,843776,0.01405725535005331
nominal,6,train/approx_kl,851968,0.01079163234680891
nominal,6,train/approx_kl,860160,0.009049125015735626
nominal,6,train/approx_kl,868352,0.014018257148563862
nominal,6,train/approx_kl,876544,0.014590132050216198
nominal,6,train/approx_kl,884736,0.013453450053930283
nominal,6,train/approx_kl,892928,0.011319917626678944
nominal,6,train/approx_kl,901120,0.010874726809561253
nominal,6,train/approx_kl,909312,0.01094338484108448
nominal,6,train/approx_kl,917504,0.007592023815959692
nominal,6,train/approx_kl,925696,0.013288196176290512
nominal,6,train/approx_kl,933888,0.013944973237812519
nominal,6,train/approx_kl,942080,0.013723175972700119
nominal,6,train/approx_kl,950272,0.0152285723015666
nominal,6,train/approx_kl,958464,0.01550197135657072
nominal,6,train/approx_kl,966656,0.01021711528301239
nominal,6,train/approx_kl,974848,0.012240237556397915
nominal,6,train/approx_kl,983040,0.014416060410439968
nominal,6,train/approx_kl,991232,0.013117910362780094
nominal,6,train/approx_kl,999424,0.01164325699210167
nominal,6,train/approx_kl,1007616,0.00967178400605917
nominal,6,train/approx_kl,1015808,0.02738197147846222
nominal,6,train/approx_kl,1024000,0.01377390418201685
nominal,6,train/approx_kl,1032192,0.013015671633183956
nominal,6,train/approx_kl,1040384,0.013995721936225891
nominal,6,train/approx_kl,1048576,0.01294318214058876
nominal,6,train/approx_kl,1056768,0.012251284904778004
nominal,6,train/approx_kl,1064960,0.013004944659769535
nominal,6,train/approx_kl,1073152,0.011989312246441841
nominal,6,train/approx_kl,1081344,0.013742550276219845
nominal,6,train/approx_kl,1089536,0.011036185547709465
nominal,6,train/approx_kl,1097728,0.011430823244154453
nominal,6,train/approx_kl,1105920,0.014658071100711823
nominal,6,train/approx_kl,1114112,0.014817326329648495
nominal,6,train/approx_kl,1122304,0.013866712339222431
nominal,6,train/approx_kl,1130496,0.016932900995016098
nominal,6,train/approx_kl,1138688,0.01225685328245163
nominal,6,train/approx_kl,1146880,0.01101226732134819
nominal,6,train/approx_kl,1155072,0.01624952256679535
nominal,6,train/approx_kl,1163264,0.013178233057260513
nominal,6,train/approx_kl,1171456,0.013850966468453407
nominal,6,train/approx_kl,1179648,0.015599585138261318
nominal,6,train/approx_kl,1187840,0.009955793619155884
nominal,6,train/approx_kl,1196032,0.010979076847434044
nominal,6,train/approx_kl,1204224,0.011422095820307732
nominal,6,train/approx_kl,1212416,0.013952639885246754
nominal,6,train/approx_kl,1220608,0.011367551051080227
nominal,6,train/approx_kl,1228800,0.01422122586518526
nominal,6,train/approx_kl,1236992,0.013707528822124004
nominal,6,train/approx_kl,1245184,0.013844308443367481
nominal,6,train/approx_kl,1253376,0.010001364164054394
nominal,6,train/approx_kl,1261568,0.011931114830076694
nominal,6,train/approx_kl,1269760,0.01240414660423994
nominal,6,train/approx_kl,1277952,0.011900090612471104
nominal,6,train/approx_kl,1286144,0.012177632190287113
nominal,6,train/approx_kl,1294336,0.012138430029153824
nominal,6,train/approx_kl,1302528,0.013915863819420338
nominal,6,train/approx_kl,1310720,0.011727290228009224
nominal,6,train/approx_kl,1318912,0.013793821446597576
nominal,6,train/approx_kl,1327104,0.01496418658643961
nominal,6,train/approx_kl,1335296,0.014010008424520493
nominal,6,train/approx_kl,1343488,0.011568821035325527
nominal,6,train/approx_kl,1351680,0.011897738091647625
nominal,6,train/approx_kl,1359872,0.010304251685738564
nominal,6,train/approx_kl,1368064,0.015107582323253155
nominal,6,train/approx_kl,1376256,0.010062129236757755
nominal,6,train/approx_kl,1384448,0.01442692894488573
nominal,6,train/approx_kl,1392640,0.014014551416039467
nominal,6,train/approx_kl,1400832,0.012932376004755497
nominal,6,train/approx_kl,1409024,0.013938355259597301
nominal,6,train/approx_kl,1417216,0.013242957182228565
nominal,6,train/approx_kl,1425408,0.010570104233920574
nominal,6,train/approx_kl,1433600,0.01179507002234459
nominal,6,train/approx_kl,1441792,0.013060393743216991
nominal,6,train/approx_kl,1449984,0.010612423531711102
nominal,6,train/approx_kl,1458176,0.013107492588460445
nominal,6,train/approx_kl,1466368,0.013306032866239548
nominal,6,train/approx_kl,1474560,0.012751973234117031
nominal,6,train/approx_kl,1482752,0.011981538496911526
nominal,6,train/approx_kl,1490944,0.013976393267512321
nominal,6,train/approx_kl,1499136,0.012682437896728516
nominal,6,train/approx_kl,1507328,0.014861343428492546
nominal,6,train/approx_kl,1515520,0.009534746408462524
nominal,6,train/approx_kl,1523712,0.013895254582166672
nominal,6,train/approx_kl,1531904,0.011110774241387844
nominal,6,train/approx_kl,1540096,0.013482150621712208
nominal,6,train/approx_kl,1548288,0.02501443773508072
nominal,6,train/approx_kl,1556480,0.013999802060425282
nominal,6,train/approx_kl,1564672,0.012792539782822132
nominal,6,train/approx_kl,1572864,0.015323870815336704
nominal,6,train/approx_kl,1581056,0.012452354654669762
nominal,6,train/approx_kl,1589248,0.011102496646344662
nominal,6,train/approx_kl,1597440,0.014934253878891468
nominal,6,train/approx_kl,1605632,0.011636537499725819
nominal,6,train/approx_kl,1613824,0.009814118035137653
nominal,6,train/approx_kl,1622016,0.009669243358075619
nominal,6,train/approx_kl,1630208,0.012169653549790382
nominal,6,train/approx_kl,1638400,0.011858315207064152
nominal,6,train/approx_kl,1646592,0.011641615070402622
nominal,6,train/approx_kl,1654784,0.02182655967772007
nominal,6,train/approx_kl,1662976,0.013627514243125916
nominal,6,train/approx_kl,1671168,0.010045518167316914
nominal,6,train/approx_kl,1679360,0.013651338405907154
nominal,6,train/approx_kl,1687552,0.01296145562082529
nominal,6,train/approx_kl,1695744,0.012067250907421112
nominal,6,train/approx_kl,1703936,0.013074847869575024
nominal,6,train/approx_kl,1712128,0.013642207719385624
nominal,6,train/approx_kl,1720320,0.025188418105244637
nominal,6,train/approx_kl,1728512,0.014670593664050102
nominal,6,train/approx_kl,1736704,0.010255982168018818
nominal,6,train/approx_kl,1744896,0.012423243373632431
nominal,6,train/approx_kl,1753088,0.013228409923613071
nominal,6,train/approx_kl,1761280,0.011707073077559471
nominal,6,train/approx_kl,1769472,0.011298947036266327
nominal,6,train/approx_kl,1777664,0.014330320060253143
nominal,6,train/approx_kl,1785856,0.015330223366618156
nominal,6,train/approx_kl,1794048,0.011531624011695385
nominal,6,train/approx_kl,1802240,0.012162419967353344
nominal,6,train/approx_kl,1810432,0.01285205502063036
nominal,6,train/approx_kl,1818624,0.011430582962930202
nominal,6,train/approx_kl,1826816,0.011132833547890186
nominal,6,train/approx_kl,1835008,0.013710503466427326
nominal,6,train/approx_kl,1843200,0.015352933667600155
nominal,6,train/approx_kl,1851392,0.013876061886548996
nominal,6,train/approx_kl,1859584,0.016225451603531837
nominal,6,train/approx_kl,1867776,0.014513939619064331
nominal,6,train/approx_kl,1875968,0.01232328824698925
nominal,6,train/approx_kl,1884160,0.011999135836958885
nominal,6,train/approx_kl,1892352,0.010608440265059471
nominal,6,train/approx_kl,1900544,0.015252449549734592
nominal,6,train/approx_kl,1908736,0.013189087621867657
nominal,6,train/approx_kl,1916928,0.01269836351275444
nominal,6,train/approx_kl,1925120,0.01255919598042965
nominal,6,train/approx_kl,1933312,0.014679471030831337
nominal,6,train/approx_kl,1941504,0.009099798277020454
nominal,6,train/approx_kl,1949696,0.00932555552572012
nominal,6,train/approx_kl,1957888,0.009540717117488384
nominal,6,train/approx_kl,1966080,0.01330510713160038
nominal,6,train/approx_kl,1974272,0.014451476745307446
nominal,6,train/approx_kl,1982464,0.011144465766847134
nominal,6,train/approx_kl,1990656,0.013837202452123165
nominal,6,train/approx_kl,1998848,0.0124350655823946
nominal,6,train/approx_kl,2007040,0.013540227897465229
nominal,6,train/approx_kl,2015232,0.01405227743089199
nominal,6,train/approx_kl,2023424,0.016879504546523094
nominal,6,train/approx_kl,2031616,0.01351846382021904
nominal,6,train/approx_kl,2039808,0.013484886847436428
nominal,6,train/approx_kl,2048000,0.01257252786308527
nominal,6,train/approx_kl,2056192,0.011900180950760841
nominal,6,train/approx_kl,2064384,0.011458039283752441
nominal,6,train/approx_kl,2072576,0.0115708839148283
nominal,6,train/approx_kl,2080768,0.011822693981230259
nominal,6,train/approx_kl,2088960,0.010695727542042732
nominal,6,train/approx_kl,2097152,0.01117534190416336
nominal,6,train/approx_kl,2105344,0.013389788568019867
nominal,6,train/approx_kl,2113536,0.013328087516129017
nominal,6,train/approx_kl,2121728,0.011397269554436207
nominal,6,train/approx_kl,2129920,0.013382070697844028
nominal,6,train/approx_kl,2138112,0.012212191708385944
nominal,6,train/approx_kl,2146304,0.011250607669353485
nominal,6,train/approx_kl,2154496,0.010290941223502159
nominal,6,train/approx_kl,2162688,0.012239427305758
nominal,6,train/approx_kl,2170880,0.013721027411520481
nominal,6,train/approx_kl,2179072,0.009052548557519913
nominal,6,train/approx_kl,2187264,0.014571096748113632
nominal,6,train/approx_kl,2195456,0.010882887057960033
nominal,6,train/approx_kl,2203648,0.013276942074298859
nominal,6,train/approx_kl,2211840,0.013397659175097942
nominal,6,train/approx_kl,2220032,0.013868633657693863
nominal,6,train/approx_kl,2228224,0.012299277819693089
nominal,6,train/approx_kl,2236416,0.012157340534031391
nominal,6,train/approx_kl,2244608,0.011727012693881989
nominal,6,train/approx_kl,2252800,0.012421895749866962
nominal,6,train/approx_kl,2260992,0.013153735548257828
nominal,6,train/approx_kl,2269184,0.011276069097220898
nominal,6,train/approx_kl,2277376,0.012813679873943329
nominal,6,train/approx_kl,2285568,0.01036136969923973
nominal,6,train/approx_kl,2293760,0.015163186006247997
nominal,6,train/approx_kl,2301952,0.009789740666747093
nominal,6,train/approx_kl,2310144,0.01230184081941843
nominal,6,train/approx_kl,2318336,0.014191251248121262
nominal,6,train/approx_kl,2326528,0.013492853380739689
nominal,6,train/approx_kl,2334720,0.012927434407174587
nominal,6,train/approx_kl,2342912,0.011823520995676517
nominal,6,train/approx_kl,2351104,0.010033218190073967
nominal,6,train/approx_kl,2359296,0.014838824979960918
nominal,6,train/approx_kl,2367488,0.011737920343875885
nominal,6,train/approx_kl,2375680,0.01277349703013897
nominal,6,train/approx_kl,2383872,0.011004166677594185
nominal,6,train/approx_kl,2392064,0.01300546620041132
nominal,6,train/approx_kl,2400256,0.014503449201583862
nominal,6,train/approx_kl,2408448,0.01255055982619524
nominal,6,train/approx_kl,2416640,0.012563257478177547
nominal,6,train/approx_kl,2424832,0.012692572548985481
nominal,6,train/approx_kl,2433024,0.011552941985428333
nominal,6,train/approx_kl,2441216,0.010347092524170876
nominal,6,train/approx_kl,2449408,0.013612213544547558
nominal,6,train/approx_kl,2457600,0.011542821303009987
nominal,6,train/approx_kl,2465792,0.011908512562513351
nominal,6,train/approx_kl,2473984,0.014787436462938786
nominal,6,train/approx_kl,2482176,0.01220786850899458
nominal,6,train/approx_kl,2490368,0.010722734965384007
nominal,6,train/approx_kl,2498560,0.012225532904267311
nominal,6,train/approx_kl,2506752,0.011598097160458565
nominal,6,train/approx_kl,2514944,0.013173568062484264
nominal,6,train/approx_kl,2523136,0.01042711827903986
nominal,6,train/approx_kl,2531328,0.012797248549759388
nominal,6,train/approx_kl,2539520,0.008844674564898014
nominal,6,train/approx_kl,2547712,0.012860103510320187
nominal,6,train/approx_kl,2555904,0.012457690201699734
nominal,6,train/approx_kl,2564096,0.011426248587667942
nominal,6,train/approx_kl,2572288,0.01259519625455141
nominal,6,train/approx_kl,2580480,0.010981220752000809
nominal,6,train/approx_kl,2588672,0.012668123468756676
nominal,6,train/approx_kl,2596864,0.01301218569278717
nominal,6,train/approx_kl,2605056,0.010424962267279625
nominal,6,train/approx_kl,2613248,0.012281057424843311
nominal,6,train/approx_kl,2621440,0.011367570608854294
nominal,6,train/approx_kl,2629632,0.009092266671359539
nominal,6,train/approx_kl,2637824,0.012636620551347733
nominal,6,train/approx_kl,2646016,0.011984379030764103
nominal,6,train/approx_kl,2654208,0.012294980697333813
nominal,6,train/approx_kl,2662400,0.015360178425908089
nominal,6,train/approx_kl,2670592,0.013812042772769928
nominal,6,train/approx_kl,2678784,0.013628444634377956
nominal,6,train/approx_kl,2686976,0.013912341557443142
nominal,6,train/approx_kl,2695168,0.010686843656003475
nominal,6,train/approx_kl,2703360,0.01359202153980732
nominal,6,train/approx_kl,2711552,0.012284384109079838
nominal,6,train/approx_kl,2719744,0.014114897698163986
nominal,6,train/approx_kl,2727936,0.013030446134507656
nominal,6,train/approx_kl,2736128,0.011720322072505951
nominal,6,train/approx_kl,2744320,0.01499217376112938
nominal,6,train/approx_kl,2752512,0.010569758713245392
nominal,6,train/approx_kl,2760704,0.01203471701592207
nominal,6,train/approx_kl,2768896,0.014477450400590897
nominal,6,train/approx_kl,2777088,0.0129463579505682
nominal,6,train/approx_kl,2785280,0.011219077743589878
nominal,6,train/approx_kl,2793472,0.013531247153878212
nominal,6,train/approx_kl,2801664,0.011791775934398174
nominal,6,train/approx_kl,2809856,0.014393978752195835
nominal,6,train/approx_kl,2818048,0.023035071790218353
nominal,6,train/approx_kl,2826240,0.021783223375678062
nominal,6,train/approx_kl,2834432,0.02515777386724949
nominal,6,train/approx_kl,2842624,0.010696357116103172
nominal,6,train/approx_kl,2850816,0.014873300679028034
nominal,6,train/approx_kl,2859008,0.012050801888108253
nominal,6,train/approx_kl,2867200,0.014675506390631199
nominal,6,train/approx_kl,2875392,0.013183029368519783
nominal,6,train/approx_kl,2883584,0.009881267324090004
nominal,6,train/approx_kl,2891776,0.014440331608057022
nominal,6,train/approx_kl,2899968,0.011395333334803581
nominal,6,train/approx_kl,2908160,0.010793468914926052
nominal,6,train/approx_kl,2916352,0.007486124522984028
nominal,6,train/approx_kl,2924544,0.01174541562795639
nominal,6,train/approx_kl,2932736,0.012034643441438675
nominal,6,train/approx_kl,2940928,0.01291214395314455
nominal,6,train/approx_kl,2949120,0.011934136040508747
nominal,6,train/approx_kl,2957312,0.012596167623996735
nominal,6,train/approx_kl,2965504,0.00999656692147255
nominal,6,train/approx_kl,2973696,0.014268111437559128
nominal,6,train/approx_kl,2981888,0.01309724897146225
nominal,6,train/approx_kl,2990080,0.014135479927062988
nominal,6,train/approx_kl,2998272,0.016106195747852325
nominal,6,train/approx_kl,3006464,0.009261139668524265
nominal,6,train/approx_kl,3014656,0.015391931869089603
nominal,6,train/approx_kl,3022848,0.014182005077600479
nominal,6,train/approx_kl,3031040,0.009096775203943253
nominal,6,train/approx_kl,3039232,0.013131273910403252
nominal,6,train/approx_kl,3047424,0.013655489310622215
nominal,6,train/approx_kl,3055616,0.011068194173276424
nominal,6,train/approx_kl,3063808,0.01332017034292221
nominal,6,train/approx_kl,3072000,0.010518575087189674
nominal,6,train/approx_kl,3080192,0.011336163617670536
nominal,6,train/approx_kl,3088384,0.010799111798405647
nominal,6,train/approx_kl,3096576,0.01181860826909542
nominal,6,train/approx_kl,3104768,0.012626346200704575
nominal,6,train/approx_kl,3112960,0.009046383202075958
nominal,6,train/approx_kl,3121152,0.01273404061794281
nominal,6,train/approx_kl,3129344,0.012932984158396721
nominal,6,train/approx_kl,3137536,0.010091885924339294
nominal,6,train/approx_kl,3145728,0.014020164497196674
nominal,6,train/approx_kl,3153920,0.0146536435931921
nominal,6,train/approx_kl,3162112,0.012650854885578156
nominal,6,train/approx_kl,3170304,0.012573124840855598
nominal,6,train/approx_kl,3178496,0.012354203499853611
nominal,6,train/approx_kl,3186688,0.012258860282599926
nominal,6,train/approx_kl,3194880,0.011247701942920685
nominal,6,train/approx_kl,3203072,0.011907137930393219
nominal,6,train/approx_kl,3211264,0.02411581017076969
nominal,6,train/approx_kl,3219456,0.03097066655755043
nominal,6,train/approx_kl,3227648,0.011639697477221489
nominal,6,train/approx_kl,3235840,0.006767413578927517
nominal,6,train/approx_kl,3244032,0.013570737093687057
nominal,6,train/approx_kl,3252224,0.013827797025442123
nominal,6,train/approx_kl,3260416,0.01400153711438179
nominal,6,train/approx_kl,3268608,0.0139347855001688
nominal,6,train/approx_kl,3276800,0.02357642725110054
nominal,6,train/approx_kl,3284992,0.013328121043741703
nominal,6,train/approx_kl,3293184,0.011967957019805908
nominal,6,train/approx_kl,3301376,0.012448543682694435
nominal,6,train/approx_kl,3309568,0.011233652010560036
nominal,6,train/approx_kl,3317760,0.011749542318284512
nominal,6,train/approx_kl,3325952,0.010691283270716667
nominal,6,train/approx_kl,3334144,0.012951631098985672
nominal,6,train/approx_kl,3342336,0.012870931066572666
nominal,6,train/approx_kl,3350528,0.010065414942800999
nominal,6,train/approx_kl,3358720,0.013946307823061943
nominal,6,train/approx_kl,3366912,0.010123837739229202
nominal,6,train/approx_kl,3375104,0.013107881881296635
nominal,6,train/approx_kl,3383296,0.013430029153823853
nominal,6,train/approx_kl,3391488,0.014163726940751076
nominal,6,train/approx_kl,3399680,0.01660216599702835
nominal,6,train/approx_kl,3407872,0.011768314987421036
nominal,6,train/approx_kl,3416064,0.01344409491866827
nominal,6,train/approx_kl,3424256,0.011540609411895275
nominal,6,train/approx_kl,3432448,0.012491587549448013
nominal,6,train/approx_kl,3440640,0.014193311333656311
nominal,6,train/approx_kl,3448832,0.014421419240534306
nominal,6,train/approx_kl,3457024,0.013681896030902863
nominal,6,train/approx_kl,3465216,0.012492944486439228
nominal,6,train/approx_kl,3473408,0.014561356976628304
nominal,6,train/approx_kl,3481600,0.016272658482193947
nominal,6,train/approx_kl,3489792,0.013675973750650883
nominal,6,train/approx_kl,3497984,0.015368608757853508
nominal,6,train/approx_kl,3506176,0.012799237854778767
nominal,6,train/approx_kl,3514368,0.024987095966935158
nominal,6,train/approx_kl,3522560,0.02053334191441536
nominal,6,train/approx_kl,3530752,0.012800121679902077
nominal,6,train/approx_kl,3538944,0.011376938782632351
nominal,6,train/approx_kl,3547136,0.011226450093090534
nominal,6,train/approx_kl,3555328,0.0105962622910738
nominal,6,train/approx_kl,3563520,0.013928337953984737
nominal,6,train/approx_kl,3571712,0.014184524305164814
nominal,6,train/approx_kl,3579904,0.01235295832157135
nominal,6,train/approx_kl,3588096,0.008138139732182026
nominal,6,train/approx_kl,3596288,0.01215316355228424
nominal,6,train/approx_kl,3604480,0.011836123652756214
nominal,6,train/approx_kl,3612672,0.015568163245916367
nominal,6,train/approx_kl,3620864,0.022348886355757713
nominal,6,train/approx_kl,3629056,0.015652120113372803
nominal,6,train/approx_kl,3637248,0.012434566393494606
nominal,6,train/approx_kl,3645440,0.013517956249415874
nominal,6,train/approx_kl,3653632,0.01208614744246006
nominal,6,train/approx_kl,3661824,0.01052591111510992
nominal,6,train/approx_kl,3670016,0.012912512756884098
nominal,6,train/approx_kl,3678208,0.013153869658708572
nominal,6,train/approx_kl,3686400,0.010245207697153091
nominal,6,train/approx_kl,3694592,0.011978819966316223
nominal,6,train/approx_kl,3702784,0.008332553319633007
nominal,6,train/approx_kl,3710976,0.008726171217858791
nominal,6,train/approx_kl,3719168,0.014422685839235783
nominal,6,train/approx_kl,3727360,0.011597305536270142
nominal,6,train/approx_kl,3735552,0.030245531350374222
nominal,6,train/approx_kl,3743744,0.010244134813547134
nominal,6,train/approx_kl,3751936,0.023523831740021706
nominal,6,train/approx_kl,3760128,0.02279464341700077
nominal,6,train/approx_kl,3768320,0.011898997239768505
nominal,6,train/approx_kl,3776512,0.014249157160520554
nominal,6,train/approx_kl,3784704,0.020107511430978775
nominal,6,train/approx_kl,3792896,0.01051211729645729
nominal,6,train/approx_kl,3801088,0.01118721067905426
nominal,6,train/approx_kl,3809280,0.014133763499557972
nominal,6,train/approx_kl,3817472,0.0129670649766922
nominal,6,train/approx_kl,3825664,0.014602265320718288
nominal,6,train/approx_kl,3833856,0.02097919024527073
nominal,6,train/approx_kl,3842048,0.007990875281393528
nominal,6,train/approx_kl,3850240,0.00821351446211338
nominal,6,train/approx_kl,3858432,0.01159818097949028
nominal,6,train/approx_kl,3866624,0.012570793740451336
nominal,6,train/approx_kl,3874816,0.03582741692662239
nominal,6,train/approx_kl,3883008,0.010726537555456161
nominal,6,train/approx_kl,3891200,0.01185600459575653
nominal,6,train/approx_kl,3899392,0.010020876303315163
nominal,6,train/approx_kl,3907584,0.013950787484645844
nominal,6,train/approx_kl,3915776,0.028191998600959778
nominal,6,train/approx_kl,3923968,0.012333589605987072
nominal,6,train/approx_kl,3932160,0.0140404487028718
nominal,6,train/approx_kl,3940352,0.01277548260986805
nominal,6,train/approx_kl,3948544,0.021841371431946754
nominal,6,train/approx_kl,3956736,0.012328071519732475
nominal,6,train/approx_kl,3964928,0.014455724507570267
nominal,6,train/approx_kl,3973120,0.012536846101284027
nominal,6,train/approx_kl,3981312,0.020332418382167816
nominal,6,train/approx_kl,3989504,0.023575667291879654
nominal,6,train/approx_kl,3997696,0.025333646684885025
nominal,6,train/approx_kl,4005888,0.020634658634662628
nominal,6,train/approx_kl,4014080,0.026905693113803864
nominal,6,train/approx_kl,4022272,0.01473433617502451
nominal,6,train/approx_kl,4030464,0.012770398519933224
nominal,6,train/approx_kl,4038656,0.012054183520376682
nominal,6,train/approx_kl,4046848,0.012541561387479305
nominal,6,train/approx_kl,4055040,0.010424588806927204
nominal,6,train/approx_kl,4063232,0.024275805801153183
nominal,6,train/approx_kl,4071424,0.01160429883748293
nominal,6,train/approx_kl,4079616,0.012922970578074455
nominal,6,train/approx_kl,4087808,0.014994264580309391
nominal,6,train/approx_kl,4096000,0.022912539541721344
nominal,6,train/approx_kl,4104192,0.013530553318560123
nominal,6,train/approx_kl,4112384,0.013798004016280174
nominal,6,train/approx_kl,4120576,0.019390394911170006
nominal,6,train/approx_kl,4128768,0.020895956084132195
nominal,6,train/approx_kl,4136960,0.011246326379477978
nominal,6,train/approx_kl,4145152,0.02315428853034973
nominal,6,train/approx_kl,4153344,0.023093206807971
nominal,6,train/approx_kl,4161536,0.02117091417312622
nominal,6,train/approx_kl,4169728,0.02551043964922428
nominal,6,train/approx_kl,4177920,0.0220462866127491
nominal,6,train/approx_kl,4186112,0.024478081613779068
nominal,6,train/approx_kl,4194304,0.022641051560640335
nominal,6,train/approx_kl,4202496,0.01275734230875969
nominal,6,train/approx_kl,4210688,0.020846020430326462
nominal,6,train/approx_kl,4218880,0.019976936280727386
nominal,6,train/approx_kl,4227072,0.02124204859137535
nominal,6,train/approx_kl,4235264,0.012835480272769928
nominal,6,train/approx_kl,4243456,0.026678074151277542
nominal,6,train/approx_kl,4251648,0.019686218351125717
nominal,6,train/approx_kl,4259840,0.011935555376112461
nominal,6,train/approx_kl,4268032,0.01355594489723444
nominal,6,train/approx_kl,4276224,0.018472004681825638
nominal,6,train/approx_kl,4284416,0.021538766101002693
nominal,6,train/approx_kl,4292608,0.02181895077228546
nominal,6,train/approx_kl,4300800,0.011695598252117634
nominal,6,train/approx_kl,4308992,0.014146045781672001
nominal,6,train/approx_kl,4317184,0.011893060989677906
nominal,6,train/approx_kl,4325376,0.00839904323220253
nominal,6,train/approx_kl,4333568,0.01127526443451643
nominal,6,train/approx_kl,4341760,0.011635837145149708
nominal,6,train/approx_kl,4349952,0.011540579609572887
nominal,6,train/approx_kl,4358144,0.023290086537599564
nominal,6,train/approx_kl,4366336,0.01367932464927435
nominal,6,train/approx_kl,4374528,0.011451883241534233
nominal,6,train/approx_kl,4382720,0.011767172254621983
nominal,6,train/approx_kl,4390912,0.011104663833975792
nominal,6,train/approx_kl,4399104,0.02462085150182247
nominal,6,train/approx_kl,4407296,0.01860097050666809
nominal,6,train/approx_kl,4415488,0.010894306935369968
nominal,6,train/approx_kl,4423680,0.013719855807721615
nominal,6,train/approx_kl,4431872,0.014331764541566372
nominal,6,train/approx_kl,4440064,0.010723138228058815
nominal,6,train/approx_kl,4448256,0.011014510877430439
nominal,6,train/approx_kl,4456448,0.007813068106770515
nominal,6,train/approx_kl,4464640,0.013246982358396053
nominal,6,train/approx_kl,4472832,0.012854250147938728
nominal,6,train/approx_kl,4481024,0.01898055709898472
nominal,6,train/approx_kl,4489216,0.024675937369465828
nominal,6,train/approx_kl,4497408,0.020541274920105934
nominal,6,train/approx_kl,4505600,0.01268916018307209
nominal,6,train/approx_kl,4513792,0.022871050983667374
nominal,6,train/approx_kl,4521984,0.02142988331615925
nominal,6,train/approx_kl,4530176,0.019991112872958183
nominal,6,train/approx_kl,4538368,0.009473880752921104
nominal,6,train/approx_kl,4546560,0.02274278923869133
nominal,6,train/approx_kl,4554752,0.018552860245108604
nominal,6,train/approx_kl,4562944,0.012969114817678928
nominal,6,train/approx_kl,4571136,0.01953860931098461
nominal,6,train/approx_kl,4579328,0.023140229284763336
nominal,6,train/approx_kl,4587520,0.019692368805408478
nominal,6,train/approx_kl,4595712,0.014346501789987087
nominal,6,train/approx_kl,4603904,0.028400545939803123
nominal,6,train/approx_kl,4612096,0.01066652126610279
nominal,6,train/approx_kl,4620288,0.02013915404677391
nominal,6,train/approx_kl,4628480,0.013572409749031067
nominal,6,train/approx_kl,4636672,0.013099044561386108
nominal,6,train/approx_kl,4644864,0.011478021740913391
nominal,6,train/approx_kl,4653056,0.010095002129673958
nominal,6,train/approx_kl,4661248,0.011843954212963581
nominal,6,train/approx_kl,4669440,0.010860375128686428
nominal,6,train/approx_kl,4677632,0.022461755201220512
nominal,6,train/approx_kl,4685824,0.013839758932590485
nominal,6,train/approx_kl,4694016,0.011360752396285534
nominal,6,train/approx_kl,4702208,0.010403387248516083
nominal,6,train/approx_kl,4710400,0.02118567004799843
nominal,6,train/approx_kl,4718592,0.011934258975088596
nominal,6,train/approx_kl,4726784,0.020744821056723595
nominal,6,train/approx_kl,4734976,0.013384105637669563
nominal,6,train/approx_kl,4743168,0.0221503097563982
nominal,6,train/approx_kl,4751360,0.014136306941509247
nominal,6,train/approx_kl,4759552,0.01277549471706152
nominal,6,train/approx_kl,4767744,0.022356973960995674
nominal,6,train/approx_kl,4775936,0.012869644910097122
nominal,6,train/approx_kl,4784128,0.019493093714118004
nominal,6,train/approx_kl,4792320,0.01445862278342247
nominal,6,train/approx_kl,4800512,0.01138894259929657
nominal,6,train/approx_kl,4808704,0.03324583172798157
nominal,6,train/approx_kl,4816896,0.014777446165680885
nominal,6,train/approx_kl,4825088,0.009253635071218014
nominal,6,train/approx_kl,4833280,0.012827649712562561
nominal,6,train/approx_kl,4841472,0.009562156163156033
nominal,6,train/approx_kl,4849664,0.020194288343191147
nominal,6,train/approx_kl,4857856,0.01977025344967842
nominal,6,train/approx_kl,4866048,0.010778357274830341
nominal,6,train/approx_kl,4874240,0.01380783412605524
nominal,6,train/approx_kl,4882432,0.020190292969346046
nominal,6,train/approx_kl,4890624,0.010842789895832539
nominal,6,train/approx_kl,4898816,0.012769361026585102
nominal,6,train/approx_kl,4907008,0.019060280174016953
nominal,6,train/approx_kl,4915200,0.011442787013947964
nominal,6,train/approx_kl,4923392,0.01176461298018694
nominal,6,train/approx_kl,4931584,0.013903171755373478
nominal,6,train/approx_kl,4939776,0.021658306941390038
nominal,6,train/approx_kl,4947968,0.013959677889943123
nominal,6,train/approx_kl,4956160,0.01530444249510765
nominal,6,train/approx_kl,4964352,0.01907450519502163
nominal,6,train/approx_kl,4972544,0.009945843368768692
nominal,6,train/approx_kl,4980736,0.011725269258022308
nominal,6,train/approx_kl,4988928,0.019111990928649902
nominal,6,train/approx_kl,4997120,0.015180619433522224
nominal,6,train/approx_kl,5005312,0.011468500830233097
nominal,6,train/clip_fraction,16384,0.13145379722118378
nominal,6,train/clip_fraction,24576,0.2109195441007614
nominal,6,train/clip_fraction,32768,0.1727386862039566
nominal,6,train/clip_fraction,40960,0.1935344785451889
nominal,6,train/clip_fraction,49152,0.19217415153980255
nominal,6,train/clip_fraction,57344,0.16482676565647125
nominal,6,train/clip_fraction,65536,0.16657021641731262
nominal,6,train/clip_fraction,73728,0.17893144488334656
nominal,6,train/clip_fraction,81920,0.195219486951828
nominal,6,train/clip_fraction,90112,0.20921939611434937
nominal,6,train/clip_fraction,98304,0.1814236044883728
nominal,6,train/clip_fraction,106496,0.1779513955116272
nominal,6,train/clip_fraction,114688,0.17894616723060608
nominal,6,train/clip_fraction,122880,0.1818387657403946
nominal,6,train/clip_fraction,131072,0.17369981110095978
nominal,6,train/clip_fraction,139264,0.2005062848329544
nominal,6,train/clip_fraction,147456,0.194423645734787
nominal,6,train/clip_fraction,155648,0.1632339060306549
nominal,6,train/clip_fraction,163840,0.13907797634601593
nominal,6,train/clip_fraction,172032,0.1969401091337204
nominal,6,train/clip_fraction,180224,0.2247488796710968
nominal,6,train/clip_fraction,188416,0.21212635934352875
nominal,6,train/clip_fraction,196608,0.16480977833271027
nominal,6,train/clip_fraction,204800,0.18773147463798523
nominal,6,train/clip_fraction,212992,0.2004825323820114
nominal,6,train/clip_fraction,221184,0.22685185074806213
nominal,6,train/clip_fraction,229376,0.19547413289546967
nominal,6,train/clip_fraction,237568,0.16672207415103912
nominal,6,train/clip_fraction,245760,0.1829819232225418
nominal,6,train/clip_fraction,253952,0.19474637508392334
nominal,6,train/clip_fraction,262144,0.20493951439857483
nominal,6,train/clip_fraction,270336,0.1967516392469406
nominal,6,train/clip_fraction,278528,0.16856971383094788
nominal,6,train/clip_fraction,286720,0.21135355532169342
nominal,6,train/clip_fraction,294912,0.17170138657093048
nominal,6,train/clip_fraction,303104,0.1540178507566452
nominal,6,train/clip_fraction,311296,0.18352754414081573
nominal,6,train/clip_fraction,319488,0.20561593770980835
nominal,6,train/clip_fraction,327680,0.17440475523471832
nominal,6,train/clip_fraction,335872,0.21127231419086456
nominal,6,train/clip_fraction,344064,0.18573588132858276
nominal,6,train/clip_fraction,352256,0.1823979616165161
nominal,6,train/clip_fraction,360448,0.1785714328289032
nominal,6,train/clip_fraction,368640,0.18920454382896423
nominal,6,train/clip_fraction,376832,0.18150252103805542
nominal,6,train/clip_fraction,385024,0.18141447007656097
nominal,6,train/clip_fraction,393216,0.19819079339504242
nominal,6,train/clip_fraction,401408,0.17372311651706696
nominal,6,train/clip_fraction,409600,0.177526593208313
nominal,6,train/clip_fraction,417792,0.2119360864162445
nominal,6,train/clip_fraction,425984,0.1838592290878296
nominal,6,train/clip_fraction,434176,0.1971558928489685
nominal,6,train/clip_fraction,442368,0.1507352888584137
nominal,6,train/clip_fraction,450560,0.19627976417541504
nominal,6,train/clip_fraction,458752,0.1756249964237213
nominal,6,train/clip_fraction,466944,0.1570870578289032
nominal,6,train/clip_fraction,475136,0.2034313678741455
nominal,6,train/clip_fraction,483328,0.16521139442920685
nominal,6,train/clip_fraction,491520,0.18313953280448914
nominal,6,train/clip_fraction,499712,0.2185150384902954
nominal,6,train/clip_fraction,507904,0.18882979452610016
nominal,6,train/clip_fraction,516096,0.18252059817314148
nominal,6,train/clip_fraction,524288,0.12372449040412903
nominal,6,train/clip_fraction,532480,0.1484375
nominal,6,train/clip_fraction,540672,0.16748046875
nominal,6,train/clip_fraction,548864,0.15520833432674408
nominal,6,train/clip_fraction,557056,0.19806985557079315
nominal,6,train/clip_fraction,565248,0.19021739065647125
nominal,6,train/clip_fraction,573440,0.17083333432674408
nominal,6,train/clip_fraction,581632,0.1216517835855484
nominal,6,train/clip_fraction,589824,0.2026263326406479
nominal,6,train/clip_fraction,598016,0.191021129488945
nominal,6,train/clip_fraction,606208,0.1845332235097885
nominal,6,train/clip_fraction,614400,0.17471590638160706
nominal,6,train/clip_fraction,622592,0.20246011018753052
nominal,6,train/clip_fraction,630784,0.19597138464450836
nominal,6,train/clip_fraction,638976,0.19918224215507507
nominal,6,train/clip_fraction,647168,0.1927083283662796
nominal,6,train/clip_fraction,655360,0.1618114411830902
nominal,6,train/clip_fraction,663552,0.18168218433856964
nominal,6,train/clip_fraction,671744,0.2145182341337204
nominal,6,train/clip_fraction,679936,0.22420400381088257
nominal,6,train/clip_fraction,688128,0.18475507199764252
nominal,6,train/clip_fraction,696320,0.17120295763015747
nominal,6,train/clip_fraction,704512,0.14562499523162842
nominal,6,train/clip_fraction,712704,0.168212890625
nominal,6,train/clip_fraction,720896,0.16025641560554504
nominal,6,train/clip_fraction,729088,0.2005814015865326
nominal,6,train/clip_fraction,737280,0.1647135466337204
nominal,6,train/clip_fraction,745472,0.18866822123527527
nominal,6,train/clip_fraction,753664,0.171875
nominal,6,train/clip_fraction,761856,0.18217720091342926
nominal,6,train/clip_fraction,770048,0.17828525602817535
nominal,6,train/clip_fraction,778240,0.1432291716337204
nominal,6,train/clip_fraction,786432,0.14700254797935486
nominal,6,train/clip_fraction,794624,0.1792140156030655
nominal,6,train/clip_fraction,802816,0.22958669066429138
nominal,6,train/clip_fraction,811008,0.14232337474822998
nominal,6,train/clip_fraction,819200,0.173828125
nominal,6,train/clip_fraction,827392,0.15148304402828217
nominal,6,train/clip_fraction,835584,0.13506944477558136
nominal,6,train/clip_fraction,843776,0.19086021184921265
nominal,6,train/clip_fraction,851968,0.13625000417232513
nominal,6,train/clip_fraction,860160,0.1148897036910057
nominal,6,train/clip_fraction,868352,0.18770833313465118
nominal,6,train/clip_fraction,876544,0.2011471539735794
nominal,6,train/clip_fraction,884736,0.18209876120090485
nominal,6,train/clip_fraction,892928,0.15510110557079315
nominal,6,train/clip_fraction,901120,0.15546874701976776
nominal,6,train/clip_fraction,909312,0.14873798191547394
nominal,6,train/clip_fraction,917504,0.09218750149011612
nominal,6,train/clip_fraction,925696,0.17666666209697723
nominal,6,train/clip_fraction,933888,0.18597561120986938
nominal,6,train/clip_fraction,942080,0.19066455960273743
nominal,6,train/clip_fraction,950272,0.21521739661693573
nominal,6,train/clip_fraction,958464,0.20656250417232513
nominal,6,train/clip_fraction,966656,0.1379716992378235
nominal,6,train/clip_fraction,974848,0.1547475904226303
nominal,6,train/clip_fraction,983040,0.18909801542758942
nominal,6,train/clip_fraction,991232,0.18437500298023224
nominal,6,train/clip_fraction,999424,0.1517857164144516
nominal,6,train/clip_fraction,1007616,0.13179348409175873
nominal,6,train/clip_fraction,1015808,0.2208646684885025
nominal,6,train/clip_fraction,1024000,0.18291667103767395
nominal,6,train/clip_fraction,1032192,0.1825367659330368
nominal,6,train/clip_fraction,1040384,0.1959005445241928
nominal,6,train/clip_fraction,1048576,0.1664772778749466
nominal,6,train/clip_fraction,1056768,0.16360294818878174
nominal,6,train/clip_fraction,1064960,0.16033653914928436
nominal,6,train/clip_fraction,1073152,0.1597222238779068
nominal,6,train/clip_fraction,1081344,0.1997767835855484
nominal,6,train/clip_fraction,1089536,0.14460784196853638
nominal,6,train/clip_fraction,1097728,0.15294471383094788
nominal,6,train/clip_fraction,1105920,0.2068452388048172
nominal,6,train/clip_fraction,1114112,0.20505401492118835
nominal,6,train/clip_fraction,1122304,0.17627641558647156
nominal,6,train/clip_fraction,1130496,0.23271571099758148
nominal,6,train/clip_fraction,1138688,0.16534514725208282
nominal,6,train/clip_fraction,1146880,0.1466836780309677
nominal,6,train/clip_fraction,1155072,0.22294560074806213
nominal,6,train/clip_fraction,1163264,0.18087121844291687
nominal,6,train/clip_fraction,1171456,0.19769737124443054
nominal,6,train/clip_fraction,1179648,0.21495752036571503
nominal,6,train/clip_fraction,1187840,0.13032670319080353
nominal,6,train/clip_fraction,1196032,0.15041977167129517
nominal,6,train/clip_fraction,1204224,0.15519067645072937
nominal,6,train/clip_fraction,1212416,0.188430055975914
nominal,6,train/clip_fraction,1220608,0.14539195597171783
nominal,6,train/clip_fraction,1228800,0.19206957519054413
nominal,6,train/clip_fraction,1236992,0.1871744841337204
nominal,6,train/clip_fraction,1245184,0.1835029125213623
nominal,6,train/clip_fraction,1253376,0.12187500298023224
nominal,6,train/clip_fraction,1261568,0.16674107313156128
nominal,6,train/clip_fraction,1269760,0.16980698704719543
nominal,6,train/clip_fraction,1277952,0.16634614765644073
nominal,6,train/clip_fraction,1286144,0.1607990562915802
nominal,6,train/clip_fraction,1294336,0.1624504029750824
nominal,6,train/clip_fraction,1302528,0.18882042169570923
nominal,6,train/clip_fraction,1310720,0.15251865983009338
nominal,6,train/clip_fraction,1318912,0.1821691244840622
nominal,6,train/clip_fraction,1327104,0.20454545319080353
nominal,6,train/clip_fraction,1335296,0.19013798236846924
nominal,6,train/clip_fraction,1343488,0.1507161408662796
nominal,6,train/clip_fraction,1351680,0.16195102035999298
nominal,6,train/clip_fraction,1359872,0.12980769574642181
nominal,6,train/clip_fraction,1368064,0.2114955335855484
nominal,6,train/clip_fraction,1376256,0.12863372266292572
nominal,6,train/clip_fraction,1384448,0.1974431872367859
nominal,6,train/clip_fraction,1392640,0.18411459028720856
nominal,6,train/clip_fraction,1400832,0.17583955824375153
nominal,6,train/clip_fraction,1409024,0.2004522979259491
nominal,6,train/clip_fraction,1417216,0.171875
nominal,6,train/clip_fraction,1425408,0.14128988981246948
nominal,6,train/clip_fraction,1433600,0.14886364340782166
nominal,6,train/clip_fraction,1441792,0.17232142388820648
nominal,6,train/clip_fraction,1449984,0.14281250536441803
nominal,6,train/clip_fraction,1458176,0.17741934955120087
nominal,6,train/clip_fraction,1466368,0.1821489781141281
nominal,6,train/clip_fraction,1474560,0.16905738413333893
nominal,6,train/clip_fraction,1482752,0.16657839715480804
nominal,6,train/clip_fraction,1490944,0.18950892984867096
nominal,6,train/clip_fraction,1499136,0.16510416567325592
nominal,6,train/clip_fraction,1507328,0.2038602977991104
nominal,6,train/clip_fraction,1515520,0.12119932472705841
nominal,6,train/clip_fraction,1523712,0.19105114042758942
nominal,6,train/clip_fraction,1531904,0.1484375
nominal,6,train/clip_fraction,1540096,0.18359375
nominal,6,train/clip_fraction,1548288,0.22060751914978027
nominal,6,train/clip_fraction,1556480,0.1915838122367859
nominal,6,train/clip_fraction,1564672,0.1822916716337204
nominal,6,train/clip_fraction,1572864,0.204985111951828
nominal,6,train/clip_fraction,1581056,0.17007210850715637
nominal,6,train/clip_fraction,1589248,0.1484375
nominal,6,train/clip_fraction,1597440,0.2080393135547638
nominal,6,train/clip_fraction,1605632,0.15998134016990662
nominal,6,train/clip_fraction,1613824,0.12968750298023224
nominal,6,train/clip_fraction,1622016,0.12580819427967072
nominal,6,train/clip_fraction,1630208,0.16429227590560913
nominal,6,train/clip_fraction,1638400,0.15941722691059113
nominal,6,train/clip_fraction,1646592,0.1551496535539627
nominal,6,train/clip_fraction,1654784,0.215485081076622
nominal,6,train/clip_fraction,1662976,0.18827351927757263
nominal,6,train/clip_fraction,1671168,0.1376953125
nominal,6,train/clip_fraction,1679360,0.1836419701576233
nominal,6,train/clip_fraction,1687552,0.1827799528837204
nominal,6,train/clip_fraction,1695744,0.16329225897789001
nominal,6,train/clip_fraction,1703936,0.17557565867900848
nominal,6,train/clip_fraction,1712128,0.1875
nominal,6,train/clip_fraction,1720320,0.21552957594394684
nominal,6,train/clip_fraction,1728512,0.1927083283662796
nominal,6,train/clip_fraction,1736704,0.125
nominal,6,train/clip_fraction,1744896,0.17067307233810425
nominal,6,train/clip_fraction,1753088,0.17872807383537292
nominal,6,train/clip_fraction,1761280,0.1616477221250534
nominal,6,train/clip_fraction,1769472,0.14709052443504333
nominal,6,train/clip_fraction,1777664,0.18978658318519592
nominal,6,train/clip_fraction,1785856,0.20929276943206787
nominal,6,train/clip_fraction,1794048,0.1602909415960312
nominal,6,train/clip_fraction,1802240,0.17264661192893982
nominal,6,train/clip_fraction,1810432,0.17033179104328156
nominal,6,train/clip_fraction,1818624,0.15300707519054413
nominal,6,train/clip_fraction,1826816,0.15005387365818024
nominal,6,train/clip_fraction,1835008,0.1733630895614624
nominal,6,train/clip_fraction,1843200,0.21144481003284454
nominal,6,train/clip_fraction,1851392,0.18914473056793213
nominal,6,train/clip_fraction,1859584,0.22175000607967377
nominal,6,train/clip_fraction,1867776,0.20614346861839294
nominal,6,train/clip_fraction,1875968,0.15881849825382233
nominal,6,train/clip_fraction,1884160,0.1617288887500763
nominal,6,train/clip_fraction,1892352,0.14008620381355286
nominal,6,train/clip_fraction,1900544,0.21402311325073242
nominal,6,train/clip_fraction,1908736,0.18062500655651093
nominal,6,train/clip_fraction,1916928,0.17240466177463531
nominal,6,train/clip_fraction,1925120,0.17109374701976776
nominal,6,train/clip_fraction,1933312,0.20404411852359772
nominal,6,train/clip_fraction,1941504,0.112351194024086
nominal,6,train/clip_fraction,1949696,0.12997159361839294
nominal,6,train/clip_fraction,1957888,0.12047697603702545
nominal,6,train/clip_fraction,1966080,0.18135246634483337
nominal,6,train/clip_fraction,1974272,0.1880580335855484
nominal,6,train/clip_fraction,1982464,0.140625
nominal,6,train/clip_fraction,1990656,0.19048455357551575
nominal,6,train/clip_fraction,1998848,0.16848959028720856
nominal,6,train/clip_fraction,2007040,0.17763157188892365
nominal,6,train/clip_fraction,2015232,0.1863839328289032
nominal,6,train/clip_fraction,2023424,0.236328125
nominal,6,train/clip_fraction,2031616,0.1902083307504654
nominal,6,train/clip_fraction,2039808,0.18662382662296295
nominal,6,train/clip_fraction,2048000,0.1711566150188446
nominal,6,train/clip_fraction,2056192,0.15625
nominal,6,train/clip_fraction,2064384,0.1517857164144516
nominal,6,train/clip_fraction,2072576,0.1507352888584137
nominal,6,train/clip_fraction,2080768,0.1546556055545807
nominal,6,train/clip_fraction,2088960,0.1395089328289032
nominal,6,train/clip_fraction,2097152,0.14391447603702545
nominal,6,train/clip_fraction,2105344,0.18886718153953552
nominal,6,train/clip_fraction,2113536,0.18337911367416382
nominal,6,train/clip_fraction,2121728,0.15549394488334656
nominal,6,train/clip_fraction,2129920,0.167119562625885
nominal,6,train/clip_fraction,2138112,0.1647518426179886
nominal,6,train/clip_fraction,2146304,0.14681604504585266
nominal,6,train/clip_fraction,2154496,0.13523706793785095
nominal,6,train/clip_fraction,2162688,0.17160087823867798
nominal,6,train/clip_fraction,2170880,0.1904296875
nominal,6,train/clip_fraction,2179072,0.10582386702299118
nominal,6,train/clip_fraction,2187264,0.185546875
nominal,6,train/clip_fraction,2195456,0.14859068393707275
nominal,6,train/clip_fraction,2203648,0.1844135820865631
nominal,6,train/clip_fraction,2211840,0.18347537517547607
nominal,6,train/clip_fraction,2220032,0.19637784361839294
nominal,6,train/clip_fraction,2228224,0.16796875
nominal,6,train/clip_fraction,2236416,0.14861111342906952
nominal,6,train/clip_fraction,2244608,0.1578824669122696
nominal,6,train/clip_fraction,2252800,0.16490384936332703
nominal,6,train/clip_fraction,2260992,0.18371212482452393
nominal,6,train/clip_fraction,2269184,0.14087702333927155
nominal,6,train/clip_fraction,2277376,0.16452205181121826
nominal,6,train/clip_fraction,2285568,0.14004629850387573
nominal,6,train/clip_fraction,2293760,0.2071368247270584
nominal,6,train/clip_fraction,2301952,0.11796875298023224
nominal,6,train/clip_fraction,2310144,0.17006340622901917
nominal,6,train/clip_fraction,2318336,0.19099506735801697
nominal,6,train/clip_fraction,2326528,0.18523550033569336
nominal,6,train/clip_fraction,2334720,0.17770832777023315
nominal,6,train/clip_fraction,2342912,0.15966796875
nominal,6,train/clip_fraction,2351104,0.1325334757566452
nominal,6,train/clip_fraction,2359296,0.1930379718542099
nominal,6,train/clip_fraction,2367488,0.16552734375
nominal,6,train/clip_fraction,2375680,0.1623263955116272
nominal,6,train/clip_fraction,2383872,0.1483134925365448
nominal,6,train/clip_fraction,2392064,0.1748046875
nominal,6,train/clip_fraction,2400256,0.1935369372367859
nominal,6,train/clip_fraction,2408448,0.16837283968925476
nominal,6,train/clip_fraction,2416640,0.17123287916183472
nominal,6,train/clip_fraction,2424832,0.17390422523021698
nominal,6,train/clip_fraction,2433024,0.15413135290145874
nominal,6,train/clip_fraction,2441216,0.14028532803058624
nominal,6,train/clip_fraction,2449408,0.18887867033481598
nominal,6,train/clip_fraction,2457600,0.15496926009655
nominal,6,train/clip_fraction,2465792,0.16525423526763916
nominal,6,train/clip_fraction,2473984,0.2034313678741455
nominal,6,train/clip_fraction,2482176,0.1706250011920929
nominal,6,train/clip_fraction,2490368,0.1309267282485962
nominal,6,train/clip_fraction,2498560,0.1655016392469406
nominal,6,train/clip_fraction,2506752,0.15956439077854156
nominal,6,train/clip_fraction,2514944,0.1749526560306549
nominal,6,train/clip_fraction,2523136,0.12860576808452606
nominal,6,train/clip_fraction,2531328,0.17126622796058655
nominal,6,train/clip_fraction,2539520,0.111328125
nominal,6,train/clip_fraction,2547712,0.18102678656578064
nominal,6,train/clip_fraction,2555904,0.16898147761821747
nominal,6,train/clip_fraction,2564096,0.1550000011920929
nominal,6,train/clip_fraction,2572288,0.16614583134651184
nominal,6,train/clip_fraction,2580480,0.15460526943206787
nominal,6,train/clip_fraction,2588672,0.1770833283662796
nominal,6,train/clip_fraction,2596864,0.1584821492433548
nominal,6,train/clip_fraction,2605056,0.13235294818878174
nominal,6,train/clip_fraction,2613248,0.15600961446762085
nominal,6,train/clip_fraction,2621440,0.14943182468414307
nominal,6,train/clip_fraction,2629632,0.1200132966041565
nominal,6,train/clip_fraction,2637824,0.1723484843969345
nominal,6,train/clip_fraction,2646016,0.1576450914144516
nominal,6,train/clip_fraction,2654208,0.1614583283662796
nominal,6,train/clip_fraction,2662400,0.21452206373214722
nominal,6,train/clip_fraction,2670592,0.18530701100826263
nominal,6,train/clip_fraction,2678784,0.1877170205116272
nominal,6,train/clip_fraction,2686976,0.19124118983745575
nominal,6,train/clip_fraction,2695168,0.13625000417232513
nominal,6,train/clip_fraction,2703360,0.17095588147640228
nominal,6,train/clip_fraction,2711552,0.1665239781141281
nominal,6,train/clip_fraction,2719744,0.17886513471603394
nominal,6,train/clip_fraction,2727936,0.17761948704719543
nominal,6,train/clip_fraction,2736128,0.1640625
nominal,6,train/clip_fraction,2744320,0.2097739428281784
nominal,6,train/clip_fraction,2752512,0.12653186917304993
nominal,6,train/clip_fraction,2760704,0.1576206088066101
nominal,6,train/clip_fraction,2768896,0.20123106241226196
nominal,6,train/clip_fraction,2777088,0.17552083730697632
nominal,6,train/clip_fraction,2785280,0.13750000298023224
nominal,6,train/clip_fraction,2793472,0.1875
nominal,6,train/clip_fraction,2801664,0.1630859375
nominal,6,train/clip_fraction,2809856,0.1941964328289032
nominal,6,train/clip_fraction,2818048,0.20905566215515137
nominal,6,train/clip_fraction,2826240,0.2305772602558136
nominal,6,train/clip_fraction,2834432,0.2167528122663498
nominal,6,train/clip_fraction,2842624,0.14513221383094788
nominal,6,train/clip_fraction,2850816,0.1917782723903656
nominal,6,train/clip_fraction,2859008,0.17109374701976776
nominal,6,train/clip_fraction,2867200,0.1942771077156067
nominal,6,train/clip_fraction,2875392,0.17776639759540558
nominal,6,train/clip_fraction,2883584,0.12775735557079315
nominal,6,train/clip_fraction,2891776,0.19795767962932587
nominal,6,train/clip_fraction,2899968,0.14427083730697632
nominal,6,train/clip_fraction,2908160,0.13401442766189575
nominal,6,train/clip_fraction,2916352,0.09603658318519592
nominal,6,train/clip_fraction,2924544,0.1506696492433548
nominal,6,train/clip_fraction,2932736,0.1465517282485962
nominal,6,train/clip_fraction,2940928,0.17282196879386902
nominal,6,train/clip_fraction,2949120,0.15650202333927155
nominal,6,train/clip_fraction,2957312,0.17949219048023224
nominal,6,train/clip_fraction,2965504,0.13648897409439087
nominal,6,train/clip_fraction,2973696,0.18769778311252594
nominal,6,train/clip_fraction,2981888,0.17255434393882751
nominal,6,train/clip_fraction,2990080,0.18535156548023224
nominal,6,train/clip_fraction,2998272,0.21137972176074982
nominal,6,train/clip_fraction,3006464,0.1116536483168602
nominal,6,train/clip_fraction,3014656,0.21280570328235626
nominal,6,train/clip_fraction,3022848,0.1979687511920929
nominal,6,train/clip_fraction,3031040,0.10694444179534912
nominal,6,train/clip_fraction,3039232,0.18858292698860168
nominal,6,train/clip_fraction,3047424,0.1875
nominal,6,train/clip_fraction,3055616,0.140869140625
nominal,6,train/clip_fraction,3063808,0.18240870535373688
nominal,6,train/clip_fraction,3072000,0.14178240299224854
nominal,6,train/clip_fraction,3080192,0.15709459781646729
nominal,6,train/clip_fraction,3088384,0.1427951455116272
nominal,6,train/clip_fraction,3096576,0.16237330436706543
nominal,6,train/clip_fraction,3104768,0.17248179018497467
nominal,6,train/clip_fraction,3112960,0.1201171875
nominal,6,train/clip_fraction,3121152,0.17626549303531647
nominal,6,train/clip_fraction,3129344,0.17784926295280457
nominal,6,train/clip_fraction,3137536,0.13432016968727112
nominal,6,train/clip_fraction,3145728,0.1791193187236786
nominal,6,train/clip_fraction,3153920,0.2013726681470871
nominal,6,train/clip_fraction,3162112,0.16833119094371796
nominal,6,train/clip_fraction,3170304,0.171875
nominal,6,train/clip_fraction,3178496,0.16895604133605957
nominal,6,train/clip_fraction,3186688,0.166015625
nominal,6,train/clip_fraction,3194880,0.14640410244464874
nominal,6,train/clip_fraction,3203072,0.1651785671710968
nominal,6,train/clip_fraction,3211264,0.19856294989585876
nominal,6,train/clip_fraction,3219456,0.2096657007932663
nominal,6,train/clip_fraction,3227648,0.1610991358757019
nominal,6,train/clip_fraction,3235840,0.08554687350988388
nominal,6,train/clip_fraction,3244032,0.1701388955116272
nominal,6,train/clip_fraction,3252224,0.18443627655506134
nominal,6,train/clip_fraction,3260416,0.18915928900241852
nominal,6,train/clip_fraction,3268608,0.1808956116437912
nominal,6,train/clip_fraction,3276800,0.20459692180156708
nominal,6,train/clip_fraction,3284992,0.1887499988079071
nominal,6,train/clip_fraction,3293184,0.16272865235805511
nominal,6,train/clip_fraction,3301376,0.1694171279668808
nominal,6,train/clip_fraction,3309568,0.15030810236930847
nominal,6,train/clip_fraction,3317760,0.15890957415103912
nominal,6,train/clip_fraction,3325952,0.14991554617881775
nominal,6,train/clip_fraction,3334144,0.17271959781646729
nominal,6,train/clip_fraction,3342336,0.16317471861839294
nominal,6,train/clip_fraction,3350528,0.1335616409778595
nominal,6,train/clip_fraction,3358720,0.1903582364320755
nominal,6,train/clip_fraction,3366912,0.1265943944454193
nominal,6,train/clip_fraction,3375104,0.1715029776096344
nominal,6,train/clip_fraction,3383296,0.1832074224948883
nominal,6,train/clip_fraction,3391488,0.1850961595773697
nominal,6,train/clip_fraction,3399680,0.21643517911434174
nominal,6,train/clip_fraction,3407872,0.1650390625
nominal,6,train/clip_fraction,3416064,0.1857638955116272
nominal,6,train/clip_fraction,3424256,0.15739889442920685
nominal,6,train/clip_fraction,3432448,0.17043821513652802
nominal,6,train/clip_fraction,3440640,0.19681766629219055
nominal,6,train/clip_fraction,3448832,0.20015625655651093
nominal,6,train/clip_fraction,3457024,0.18030427396297455
nominal,6,train/clip_fraction,3465216,0.1703869104385376
nominal,6,train/clip_fraction,3473408,0.20037615299224854
nominal,6,train/clip_fraction,3481600,0.213994562625885
nominal,6,train/clip_fraction,3489792,0.18329326808452606
nominal,6,train/clip_fraction,3497984,0.216796875
nominal,6,train/clip_fraction,3506176,0.17142857611179352
nominal,6,train/clip_fraction,3514368,0.19170673191547394
nominal,6,train/clip_fraction,3522560,0.20150862634181976
nominal,6,train/clip_fraction,3530752,0.1778441071510315
nominal,6,train/clip_fraction,3538944,0.14000000059604645
nominal,6,train/clip_fraction,3547136,0.1453683078289032
nominal,6,train/clip_fraction,3555328,0.13805970549583435
nominal,6,train/clip_fraction,3563520,0.18520642817020416
nominal,6,train/clip_fraction,3571712,0.19020432233810425
nominal,6,train/clip_fraction,3579904,0.16021126508712769
nominal,6,train/clip_fraction,3588096,0.09952445328235626
nominal,6,train/clip_fraction,3596288,0.15555037558078766
nominal,6,train/clip_fraction,3604480,0.1684027761220932
nominal,6,train/clip_fraction,3612672,0.21181955933570862
nominal,6,train/clip_fraction,3620864,0.22416257858276367
nominal,6,train/clip_fraction,3629056,0.2123015820980072
nominal,6,train/clip_fraction,3637248,0.17145270109176636
nominal,6,train/clip_fraction,3645440,0.1895604431629181
nominal,6,train/clip_fraction,3653632,0.1692708283662796
nominal,6,train/clip_fraction,3661824,0.14270833134651184
nominal,6,train/clip_fraction,3670016,0.16986386477947235
nominal,6,train/clip_fraction,3678208,0.17913509905338287
nominal,6,train/clip_fraction,3686400,0.1259920597076416
nominal,6,train/clip_fraction,3694592,0.1550864428281784
nominal,6,train/clip_fraction,3702784,0.10374999791383743
nominal,6,train/clip_fraction,3710976,0.1145833358168602
nominal,6,train/clip_fraction,3719168,0.1882621943950653
nominal,6,train/clip_fraction,3727360,0.15398184955120087
nominal,6,train/clip_fraction,3735552,0.20937499403953552
nominal,6,train/clip_fraction,3743744,0.1254529058933258
nominal,6,train/clip_fraction,3751936,0.20357142388820648
nominal,6,train/clip_fraction,3760128,0.20483577251434326
nominal,6,train/clip_fraction,3768320,0.1625339686870575
nominal,6,train/clip_fraction,3776512,0.1955948770046234
nominal,6,train/clip_fraction,3784704,0.21959206461906433
nominal,6,train/clip_fraction,3792896,0.14144736528396606
nominal,6,train/clip_fraction,3801088,0.1600215584039688
nominal,6,train/clip_fraction,3809280,0.19556452333927155
nominal,6,train/clip_fraction,3817472,0.17118819057941437
nominal,6,train/clip_fraction,3825664,0.19994212687015533
nominal,6,train/clip_fraction,3833856,0.19944196939468384
nominal,6,train/clip_fraction,3842048,0.10339095443487167
nominal,6,train/clip_fraction,3850240,0.109375
nominal,6,train/clip_fraction,3858432,0.16747573018074036
nominal,6,train/clip_fraction,3866624,0.17925824224948883
nominal,6,train/clip_fraction,3874816,0.18580426275730133
nominal,6,train/clip_fraction,3883008,0.14001622796058655
nominal,6,train/clip_fraction,3891200,0.15424107015132904
nominal,6,train/clip_fraction,3899392,0.13011853396892548
nominal,6,train/clip_fraction,3907584,0.1849888414144516
nominal,6,train/clip_fraction,3915776,0.20476973056793213
nominal,6,train/clip_fraction,3923968,0.16526442766189575
nominal,6,train/clip_fraction,3932160,0.18213383853435516
nominal,6,train/clip_fraction,3940352,0.18028846383094788
nominal,6,train/clip_fraction,3948544,0.1971476525068283
nominal,6,train/clip_fraction,3956736,0.16875000298023224
nominal,6,train/clip_fraction,3964928,0.1933283656835556
nominal,6,train/clip_fraction,3973120,0.1694078892469406
nominal,6,train/clip_fraction,3981312,0.21727071702480316
nominal,6,train/clip_fraction,3989504,0.23136645555496216
nominal,6,train/clip_fraction,3997696,0.18485577404499054
nominal,6,train/clip_fraction,4005888,0.1813616007566452
nominal,6,train/clip_fraction,4014080,0.2203584611415863
nominal,6,train/clip_fraction,4022272,0.19506047666072845
nominal,6,train/clip_fraction,4030464,0.1765792965888977
nominal,6,train/clip_fraction,4038656,0.16783088445663452
nominal,6,train/clip_fraction,4046848,0.17066140472888947
nominal,6,train/clip_fraction,4055040,0.13671875
nominal,6,train/clip_fraction,4063232,0.20255887508392334
nominal,6,train/clip_fraction,4071424,0.1671006977558136
nominal,6,train/clip_fraction,4079616,0.17563101649284363
nominal,6,train/clip_fraction,4087808,0.19904279708862305
nominal,6,train/clip_fraction,4096000,0.20473790168762207
nominal,6,train/clip_fraction,4104192,0.18802520632743835
nominal,6,train/clip_fraction,4112384,0.18519176542758942
nominal,6,train/clip_fraction,4120576,0.2050551474094391
nominal,6,train/clip_fraction,4128768,0.20864985883235931
nominal,6,train/clip_fraction,4136960,0.15608015656471252
nominal,6,train/clip_fraction,4145152,0.18865740299224854
nominal,6,train/clip_fraction,4153344,0.18864889442920685
nominal,6,train/clip_fraction,4161536,0.2143092155456543
nominal,6,train/clip_fraction,4169728,0.19976851344108582
nominal,6,train/clip_fraction,4177920,0.22099743783473969
nominal,6,train/clip_fraction,4186112,0.19085648655891418
nominal,6,train/clip_fraction,4194304,0.21754807233810425
nominal,6,train/clip_fraction,4202496,0.1714409738779068
nominal,6,train/clip_fraction,4210688,0.19175170361995697
nominal,6,train/clip_fraction,4218880,0.19980736076831818
nominal,6,train/clip_fraction,4227072,0.19572916626930237
nominal,6,train/clip_fraction,4235264,0.1769111603498459
nominal,6,train/clip_fraction,4243456,0.19454887509346008
nominal,6,train/clip_fraction,4251648,0.19838710129261017
nominal,6,train/clip_fraction,4259840,0.15948933362960815
nominal,6,train/clip_fraction,4268032,0.18789725005626678
nominal,6,train/clip_fraction,4276224,0.17418204247951508
nominal,6,train/clip_fraction,4284416,0.1967555731534958
nominal,6,train/clip_fraction,4292608,0.2045990526676178
nominal,6,train/clip_fraction,4300800,0.16268382966518402
nominal,6,train/clip_fraction,4308992,0.17626953125
nominal,6,train/clip_fraction,4317184,0.15927419066429138
nominal,6,train/clip_fraction,4325376,0.09789540618658066
nominal,6,train/clip_fraction,4333568,0.1446940153837204
nominal,6,train/clip_fraction,4341760,0.16655585169792175
nominal,6,train/clip_fraction,4349952,0.15222293138504028
nominal,6,train/clip_fraction,4358144,0.21518456935882568
nominal,6,train/clip_fraction,4366336,0.18586190044879913
nominal,6,train/clip_fraction,4374528,0.1552353948354721
nominal,6,train/clip_fraction,4382720,0.1505281627178192
nominal,6,train/clip_fraction,4390912,0.14935064315795898
nominal,6,train/clip_fraction,4399104,0.20792411267757416
nominal,6,train/clip_fraction,4407296,0.22213084995746613
nominal,6,train/clip_fraction,4415488,0.1510416716337204
nominal,6,train/clip_fraction,4423680,0.1879340261220932
nominal,6,train/clip_fraction,4431872,0.1906856745481491
nominal,6,train/clip_fraction,4440064,0.14914773404598236
nominal,6,train/clip_fraction,4448256,0.1445833295583725
nominal,6,train/clip_fraction,4456448,0.10213414579629898
nominal,6,train/clip_fraction,4464640,0.1755601465702057
nominal,6,train/clip_fraction,4472832,0.1691645383834839
nominal,6,train/clip_fraction,4481024,0.19541016221046448
nominal,6,train/clip_fraction,4489216,0.1797437071800232
nominal,6,train/clip_fraction,4497408,0.21904480457305908
nominal,6,train/clip_fraction,4505600,0.17392417788505554
nominal,6,train/clip_fraction,4513792,0.1929580420255661
nominal,6,train/clip_fraction,4521984,0.17979753017425537
nominal,6,train/clip_fraction,4530176,0.20505136251449585
nominal,6,train/clip_fraction,4538368,0.12530048191547394
nominal,6,train/clip_fraction,4546560,0.20408818125724792
nominal,6,train/clip_fraction,4554752,0.18988186120986938
nominal,6,train/clip_fraction,4562944,0.18400734663009644
nominal,6,train/clip_fraction,4571136,0.199382483959198
nominal,6,train/clip_fraction,4579328,0.20858828723430634
nominal,6,train/clip_fraction,4587520,0.20435209572315216
nominal,6,train/clip_fraction,4595712,0.18796874582767487
nominal,6,train/clip_fraction,4603904,0.18678435683250427
nominal,6,train/clip_fraction,4612096,0.14175452291965485
nominal,6,train/clip_fraction,4620288,0.19795334339141846
nominal,6,train/clip_fraction,4628480,0.1871337890625
nominal,6,train/clip_fraction,4636672,0.1787109375
nominal,6,train/clip_fraction,4644864,0.1532118022441864
nominal,6,train/clip_fraction,4653056,0.1336805522441864
nominal,6,train/clip_fraction,4661248,0.16105769574642181
nominal,6,train/clip_fraction,4669440,0.14768144488334656
nominal,6,train/clip_fraction,4677632,0.19413219392299652
nominal,6,train/clip_fraction,4685824,0.18278302252292633
nominal,6,train/clip_fraction,4694016,0.13463541865348816
nominal,6,train/clip_fraction,4702208,0.13456156849861145
nominal,6,train/clip_fraction,4710400,0.20383986830711365
nominal,6,train/clip_fraction,4718592,0.16107536852359772
nominal,6,train/clip_fraction,4726784,0.1852022111415863
nominal,6,train/clip_fraction,4734976,0.18735119700431824
nominal,6,train/clip_fraction,4743168,0.20793269574642181
nominal,6,train/clip_fraction,4751360,0.192798912525177
nominal,6,train/clip_fraction,4759552,0.1734813153743744
nominal,6,train/clip_fraction,4767744,0.21072916686534882
nominal,6,train/clip_fraction,4775936,0.17114825546741486
nominal,6,train/clip_fraction,4784128,0.19240784645080566
nominal,6,train/clip_fraction,4792320,0.19361978769302368
nominal,6,train/clip_fraction,4800512,0.16096697747707367
nominal,6,train/clip_fraction,4808704,0.1782945692539215
nominal,6,train/clip_fraction,4816896,0.20273438096046448
nominal,6,train/clip_fraction,4825088,0.12533244490623474
nominal,6,train/clip_fraction,4833280,0.17803898453712463
nominal,6,train/clip_fraction,4841472,0.12524038553237915
nominal,6,train/clip_fraction,4849664,0.20500752329826355
nominal,6,train/clip_fraction,4857856,0.1904362440109253
nominal,6,train/clip_fraction,4866048,0.1423611044883728
nominal,6,train/clip_fraction,4874240,0.17662183940410614
nominal,6,train/clip_fraction,4882432,0.22479838132858276
nominal,6,train/clip_fraction,4890624,0.14861111342906952
nominal,6,train/clip_fraction,4898816,0.184523805975914
nominal,6,train/clip_fraction,4907008,0.20465116202831268
nominal,6,train/clip_fraction,4915200,0.14906609058380127
nominal,6,train/clip_fraction,4923392,0.15625
nominal,6,train/clip_fraction,4931584,0.1831597238779068
nominal,6,train/clip_fraction,4939776,0.2218967080116272
nominal,6,train/clip_fraction,4947968,0.1876220703125
nominal,6,train/clip_fraction,4956160,0.21329365670681
nominal,6,train/clip_fraction,4964352,0.18872207403182983
nominal,6,train/clip_fraction,4972544,0.13303571939468384
nominal,6,train/clip_fraction,4980736,0.1622694730758667
nominal,6,train/clip_fraction,4988928,0.1733333319425583
nominal,6,train/clip_fraction,4997120,0.20422148704528809
nominal,6,train/clip_fraction,5005312,0.16038602590560913
nominal,7,rollout/ep_rew_mean,8192,81.5240478515625
nominal,7,rollout/ep_rew_mean,16384,76.70084381103516
nominal,7,rollout/ep_rew_mean,24576,67.05377960205078
nominal,7,rollout/ep_rew_mean,32768,76.84097290039062
nominal,7,rollout/ep_rew_mean,40960,85.22288513183594
nominal,7,rollout/ep_rew_mean,49152,126.41801452636719
nominal,7,rollout/ep_rew_mean,57344,124.4063720703125
nominal,7,rollout/ep_rew_mean,65536,114.49198913574219
nominal,7,rollout/ep_rew_mean,73728,151.4777069091797
nominal,7,rollout/ep_rew_mean,81920,78.65185546875
nominal,7,rollout/ep_rew_mean,90112,108.04136657714844
nominal,7,rollout/ep_rew_mean,98304,134.36573791503906
nominal,7,rollout/ep_rew_mean,106496,163.4315643310547
nominal,7,rollout/ep_rew_mean,114688,132.43251037597656
nominal,7,rollout/ep_rew_mean,122880,125.94129180908203
nominal,7,rollout/ep_rew_mean,131072,177.19967651367188
nominal,7,rollout/ep_rew_mean,139264,181.3424072265625
nominal,7,rollout/ep_rew_mean,147456,218.3547821044922
nominal,7,rollout/ep_rew_mean,155648,225.56150817871094
nominal,7,rollout/ep_rew_mean,163840,259.20465087890625
nominal,7,rollout/ep_rew_mean,172032,212.6214599609375
nominal,7,rollout/ep_rew_mean,180224,192.03919982910156
nominal,7,rollout/ep_rew_mean,188416,214.7745819091797
nominal,7,rollout/ep_rew_mean,196608,243.40663146972656
nominal,7,rollout/ep_rew_mean,204800,300.57763671875
nominal,7,rollout/ep_rew_mean,212992,227.07923889160156
nominal,7,rollout/ep_rew_mean,221184,208.68946838378906
nominal,7,rollout/ep_rew_mean,229376,208.48117065429688
nominal,7,rollout/ep_rew_mean,237568,199.00888061523438
nominal,7,rollout/ep_rew_mean,245760,186.70948791503906
nominal,7,rollout/ep_rew_mean,253952,198.43910217285156
nominal,7,rollout/ep_rew_mean,262144,213.1195526123047
nominal,7,rollout/ep_rew_mean,270336,286.23321533203125
nominal,7,rollout/ep_rew_mean,278528,237.62294006347656
nominal,7,rollout/ep_rew_mean,286720,196.6619873046875
nominal,7,rollout/ep_rew_mean,294912,220.7242889404297
nominal,7,rollout/ep_rew_mean,303104,265.8987121582031
nominal,7,rollout/ep_rew_mean,311296,319.0631408691406
nominal,7,rollout/ep_rew_mean,319488,296.0211486816406
nominal,7,rollout/ep_rew_mean,327680,255.7755584716797
nominal,7,rollout/ep_rew_mean,335872,221.90187072753906
nominal,7,rollout/ep_rew_mean,344064,235.32769775390625
nominal,7,rollout/ep_rew_mean,352256,286.20721435546875
nominal,7,rollout/ep_rew_mean,360448,311.10919189453125
nominal,7,rollout/ep_rew_mean,368640,385.69964599609375
nominal,7,rollout/ep_rew_mean,376832,416.78533935546875
nominal,7,rollout/ep_rew_mean,385024,409.7911376953125
nominal,7,rollout/ep_rew_mean,393216,432.1510925292969
nominal,7,rollout/ep_rew_mean,401408,396.95623779296875
nominal,7,rollout/ep_rew_mean,409600,420.4537048339844
nominal,7,rollout/ep_rew_mean,417792,424.853271484375
nominal,7,rollout/ep_rew_mean,425984,370.0793151855469
nominal,7,rollout/ep_rew_mean,434176,405.6625671386719
nominal,7,rollout/ep_rew_mean,442368,378.5142822265625
nominal,7,rollout/ep_rew_mean,450560,359.59112548828125
nominal,7,rollout/ep_rew_mean,458752,318.2433776855469
nominal,7,rollout/ep_rew_mean,466944,354.7101745605469
nominal,7,rollout/ep_rew_mean,475136,355.00006103515625
nominal,7,rollout/ep_rew_mean,483328,394.4267272949219
nominal,7,rollout/ep_rew_mean,491520,409.1217346191406
nominal,7,rollout/ep_rew_mean,499712,386.59161376953125
nominal,7,rollout/ep_rew_mean,507904,356.9684143066406
nominal,7,rollout/ep_rew_mean,516096,328.08837890625
nominal,7,rollout/ep_rew_mean,524288,371.1509704589844
nominal,7,rollout/ep_rew_mean,532480,365.5677185058594
nominal,7,rollout/ep_rew_mean,540672,358.8038024902344
nominal,7,rollout/ep_rew_mean,548864,363.1883850097656
nominal,7,rollout/ep_rew_mean,557056,419.7818908691406
nominal,7,rollout/ep_rew_mean,565248,392.9162292480469
nominal,7,rollout/ep_rew_mean,573440,388.48345947265625
nominal,7,rollout/ep_rew_mean,581632,344.5657653808594
nominal,7,rollout/ep_rew_mean,589824,357.1793212890625
nominal,7,rollout/ep_rew_mean,598016,399.6458740234375
nominal,7,rollout/ep_rew_mean,606208,411.01336669921875
nominal,7,rollout/ep_rew_mean,614400,407.4847717285156
nominal,7,rollout/ep_rew_mean,622592,339.4451599121094
nominal,7,rollout/ep_rew_mean,630784,359.43402099609375
nominal,7,rollout/ep_rew_mean,638976,290.5648498535156
nominal,7,rollout/ep_rew_mean,647168,321.89898681640625
nominal,7,rollout/ep_rew_mean,655360,311.4245910644531
nominal,7,rollout/ep_rew_mean,663552,337.7193298339844
nominal,7,rollout/ep_rew_mean,671744,401.7007141113281
nominal,7,rollout/ep_rew_mean,679936,404.93927001953125
nominal,7,rollout/ep_rew_mean,688128,443.64056396484375
nominal,7,rollout/ep_rew_mean,696320,485.1698913574219
nominal,7,rollout/ep_rew_mean,704512,480.0306701660156
nominal,7,rollout/ep_rew_mean,712704,479.213623046875
nominal,7,rollout/ep_rew_mean,720896,447.1366271972656
nominal,7,rollout/ep_rew_mean,729088,418.8963928222656
nominal,7,rollout/ep_rew_mean,737280,439.19384765625
nominal,7,rollout/ep_rew_mean,745472,318.5616455078125
nominal,7,rollout/ep_rew_mean,753664,368.63922119140625
nominal,7,rollout/ep_rew_mean,761856,330.3039855957031
nominal,7,rollout/ep_rew_mean,770048,360.2908020019531
nominal,7,rollout/ep_rew_mean,778240,439.7529602050781
nominal,7,rollout/ep_rew_mean,786432,471.94891357421875
nominal,7,rollout/ep_rew_mean,794624,481.79412841796875
nominal,7,rollout/ep_rew_mean,802816,498.7841491699219
nominal,7,rollout/ep_rew_mean,811008,530.6895751953125
nominal,7,rollout/ep_rew_mean,819200,521.2059326171875
nominal,7,rollout/ep_rew_mean,827392,523.0123291015625
nominal,7,rollout/ep_rew_mean,835584,466.56353759765625
nominal,7,rollout/ep_rew_mean,843776,458.53515625
nominal,7,rollout/ep_rew_mean,851968,405.1047668457031
nominal,7,rollout/ep_rew_mean,860160,405.6889953613281
nominal,7,rollout/ep_rew_mean,868352,382.15911865234375
nominal,7,rollout/ep_rew_mean,876544,402.4725646972656
nominal,7,rollout/ep_rew_mean,884736,460.1517333984375
nominal,7,rollout/ep_rew_mean,892928,479.9261779785156
nominal,7,rollout/ep_rew_mean,901120,509.63818359375
nominal,7,rollout/ep_rew_mean,909312,488.176513671875
nominal,7,rollout/ep_rew_mean,917504,446.81243896484375
nominal,7,rollout/ep_rew_mean,925696,432.2400817871094
nominal,7,rollout/ep_rew_mean,933888,465.07696533203125
nominal,7,rollout/ep_rew_mean,942080,513.9721069335938
nominal,7,rollout/ep_rew_mean,950272,580.4464721679688
nominal,7,rollout/ep_rew_mean,958464,596.2348022460938
nominal,7,rollout/ep_rew_mean,966656,640.6906127929688
nominal,7,rollout/ep_rew_mean,974848,644.8777465820312
nominal,7,rollout/ep_rew_mean,983040,601.618896484375
nominal,7,rollout/ep_rew_mean,991232,604.9149780273438
nominal,7,rollout/ep_rew_mean,999424,593.4278564453125
nominal,7,rollout/ep_rew_mean,1007616,546.997314453125
nominal,7,rollout/ep_rew_mean,1015808,536.24462890625
nominal,7,rollout/ep_rew_mean,1024000,498.7148132324219
nominal,7,rollout/ep_rew_mean,1032192,494.3699035644531
nominal,7,rollout/ep_rew_mean,1040384,509.4010925292969
nominal,7,rollout/ep_rew_mean,1048576,551.8975830078125
nominal,7,rollout/ep_rew_mean,1056768,591.76416015625
nominal,7,rollout/ep_rew_mean,1064960,575.7247924804688
nominal,7,rollout/ep_rew_mean,1073152,570.513671875
nominal,7,rollout/ep_rew_mean,1081344,573.8677978515625
nominal,7,rollout/ep_rew_mean,1089536,603.0531616210938
nominal,7,rollout/ep_rew_mean,1097728,546.666259765625
nominal,7,rollout/ep_rew_mean,1105920,566.9295654296875
nominal,7,rollout/ep_rew_mean,1114112,553.3150024414062
nominal,7,rollout/ep_rew_mean,1122304,573.0440063476562
nominal,7,rollout/ep_rew_mean,1130496,562.864013671875
nominal,7,rollout/ep_rew_mean,1138688,582.0017700195312
nominal,7,rollout/ep_rew_mean,1146880,646.9204711914062
nominal,7,rollout/ep_rew_mean,1155072,636.3079223632812
nominal,7,rollout/ep_rew_mean,1163264,676.1441650390625
nominal,7,rollout/ep_rew_mean,1171456,681.0294799804688
nominal,7,rollout/ep_rew_mean,1179648,707.3370361328125
nominal,7,rollout/ep_rew_mean,1187840,729.976806640625
nominal,7,rollout/ep_rew_mean,1196032,711.1986694335938
nominal,7,rollout/ep_rew_mean,1204224,672.1207275390625
nominal,7,rollout/ep_rew_mean,1212416,605.1373291015625
nominal,7,rollout/ep_rew_mean,1220608,578.7907104492188
nominal,7,rollout/ep_rew_mean,1228800,545.319091796875
nominal,7,rollout/ep_rew_mean,1236992,531.6654052734375
nominal,7,rollout/ep_rew_mean,1245184,516.959716796875
nominal,7,rollout/ep_rew_mean,1253376,521.5863647460938
nominal,7,rollout/ep_rew_mean,1261568,576.7228393554688
nominal,7,rollout/ep_rew_mean,1269760,548.1520385742188
nominal,7,rollout/ep_rew_mean,1277952,576.2659301757812
nominal,7,rollout/ep_rew_mean,1286144,508.8934631347656
nominal,7,rollout/ep_rew_mean,1294336,517.60693359375
nominal,7,rollout/ep_rew_mean,1302528,485.62060546875
nominal,7,rollout/ep_rew_mean,1310720,512.9972534179688
nominal,7,rollout/ep_rew_mean,1318912,532.4838256835938
nominal,7,rollout/ep_rew_mean,1327104,590.4948120117188
nominal,7,rollout/ep_rew_mean,1335296,576.8564453125
nominal,7,rollout/ep_rew_mean,1343488,641.6723022460938
nominal,7,rollout/ep_rew_mean,1351680,678.2869873046875
nominal,7,rollout/ep_rew_mean,1359872,741.4930419921875
nominal,7,rollout/ep_rew_mean,1368064,737.4901123046875
nominal,7,rollout/ep_rew_mean,1376256,767.2217407226562
nominal,7,rollout/ep_rew_mean,1384448,734.2161254882812
nominal,7,rollout/ep_rew_mean,1392640,724.7693481445312
nominal,7,rollout/ep_rew_mean,1400832,677.1497192382812
nominal,7,rollout/ep_rew_mean,1409024,653.7066650390625
nominal,7,rollout/ep_rew_mean,1417216,607.6810302734375
nominal,7,rollout/ep_rew_mean,1425408,669.0839233398438
nominal,7,rollout/ep_rew_mean,1433600,654.2808227539062
nominal,7,rollout/ep_rew_mean,1441792,661.91796875
nominal,7,rollout/ep_rew_mean,1449984,638.0241088867188
nominal,7,rollout/ep_rew_mean,1458176,582.9495239257812
nominal,7,rollout/ep_rew_mean,1466368,552.7221069335938
nominal,7,rollout/ep_rew_mean,1474560,619.1536865234375
nominal,7,rollout/ep_rew_mean,1482752,635.1123657226562
nominal,7,rollout/ep_rew_mean,1490944,660.1748657226562
nominal,7,rollout/ep_rew_mean,1499136,699.3309326171875
nominal,7,rollout/ep_rew_mean,1507328,748.5164794921875
nominal,7,rollout/ep_rew_mean,1515520,782.093994140625
nominal,7,rollout/ep_rew_mean,1523712,787.9201049804688
nominal,7,rollout/ep_rew_mean,1531904,759.8068237304688
nominal,7,rollout/ep_rew_mean,1540096,781.8421020507812
nominal,7,rollout/ep_rew_mean,1548288,762.4823608398438
nominal,7,rollout/ep_rew_mean,1556480,785.9290771484375
nominal,7,rollout/ep_rew_mean,1564672,813.2769165039062
nominal,7,rollout/ep_rew_mean,1572864,805.4508666992188
nominal,7,rollout/ep_rew_mean,1581056,811.5643310546875
nominal,7,rollout/ep_rew_mean,1589248,853.5554809570312
nominal,7,rollout/ep_rew_mean,1597440,876.4497680664062
nominal,7,rollout/ep_rew_mean,1605632,872.813232421875
nominal,7,rollout/ep_rew_mean,1613824,920.742919921875
nominal,7,rollout/ep_rew_mean,1622016,928.1236572265625
nominal,7,rollout/ep_rew_mean,1630208,882.5316772460938
nominal,7,rollout/ep_rew_mean,1638400,901.7252807617188
nominal,7,rollout/ep_rew_mean,1646592,959.2809448242188
nominal,7,rollout/ep_rew_mean,1654784,877.4680786132812
nominal,7,rollout/ep_rew_mean,1662976,813.7523193359375
nominal,7,rollout/ep_rew_mean,1671168,764.2549438476562
nominal,7,rollout/ep_rew_mean,1679360,764.3203125
nominal,7,rollout/ep_rew_mean,1687552,853.1288452148438
nominal,7,rollout/ep_rew_mean,1695744,806.7443237304688
nominal,7,rollout/ep_rew_mean,1703936,828.0318603515625
nominal,7,rollout/ep_rew_mean,1712128,826.1195068359375
nominal,7,rollout/ep_rew_mean,1720320,892.254638671875
nominal,7,rollout/ep_rew_mean,1728512,926.1434936523438
nominal,7,rollout/ep_rew_mean,1736704,916.8859252929688
nominal,7,rollout/ep_rew_mean,1744896,844.312744140625
nominal,7,rollout/ep_rew_mean,1753088,835.0842895507812
nominal,7,rollout/ep_rew_mean,1761280,852.0523071289062
nominal,7,rollout/ep_rew_mean,1769472,773.115966796875
nominal,7,rollout/ep_rew_mean,1777664,736.4305419921875
nominal,7,rollout/ep_rew_mean,1785856,721.6341552734375
nominal,7,rollout/ep_rew_mean,1794048,794.216796875
nominal,7,rollout/ep_rew_mean,1802240,812.2493286132812
nominal,7,rollout/ep_rew_mean,1810432,812.9114379882812
nominal,7,rollout/ep_rew_mean,1818624,852.3368530273438
nominal,7,rollout/ep_rew_mean,1826816,879.6607055664062
nominal,7,rollout/ep_rew_mean,1835008,889.9259643554688
nominal,7,rollout/ep_rew_mean,1843200,871.0839233398438
nominal,7,rollout/ep_rew_mean,1851392,870.0546264648438
nominal,7,rollout/ep_rew_mean,1859584,834.0147705078125
nominal,7,rollout/ep_rew_mean,1867776,855.018798828125
nominal,7,rollout/ep_rew_mean,1875968,864.1368408203125
nominal,7,rollout/ep_rew_mean,1884160,925.7233276367188
nominal,7,rollout/ep_rew_mean,1892352,940.741943359375
nominal,7,rollout/ep_rew_mean,1900544,955.512939453125
nominal,7,rollout/ep_rew_mean,1908736,1018.7572021484375
nominal,7,rollout/ep_rew_mean,1916928,970.5769653320312
nominal,7,rollout/ep_rew_mean,1925120,928.6946411132812
nominal,7,rollout/ep_rew_mean,1933312,873.5425415039062
nominal,7,rollout/ep_rew_mean,1941504,868.6451416015625
nominal,7,rollout/ep_rew_mean,1949696,811.6257934570312
nominal,7,rollout/ep_rew_mean,1957888,798.6427001953125
nominal,7,rollout/ep_rew_mean,1966080,819.787109375
nominal,7,rollout/ep_rew_mean,1974272,874.49755859375
nominal,7,rollout/ep_rew_mean,1982464,901.1875
nominal,7,rollout/ep_rew_mean,1990656,897.8711547851562
nominal,7,rollout/ep_rew_mean,1998848,893.89013671875
nominal,7,rollout/ep_rew_mean,2007040,928.8023681640625
nominal,7,rollout/ep_rew_mean,2015232,952.7297973632812
nominal,7,rollout/ep_rew_mean,2023424,979.7644653320312
nominal,7,rollout/ep_rew_mean,2031616,975.0866088867188
nominal,7,rollout/ep_rew_mean,2039808,961.8880004882812
nominal,7,rollout/ep_rew_mean,2048000,962.881103515625
nominal,7,rollout/ep_rew_mean,2056192,1034.794921875
nominal,7,rollout/ep_rew_mean,2064384,1002.5466918945312
nominal,7,rollout/ep_rew_mean,2072576,1034.0631103515625
nominal,7,rollout/ep_rew_mean,2080768,1074.2257080078125
nominal,7,rollout/ep_rew_mean,2088960,1062.456298828125
nominal,7,rollout/ep_rew_mean,2097152,1081.5054931640625
nominal,7,rollout/ep_rew_mean,2105344,1096.2159423828125
nominal,7,rollout/ep_rew_mean,2113536,1168.1221923828125
nominal,7,rollout/ep_rew_mean,2121728,1104.1494140625
nominal,7,rollout/ep_rew_mean,2129920,1098.2911376953125
nominal,7,rollout/ep_rew_mean,2138112,1087.828369140625
nominal,7,rollout/ep_rew_mean,2146304,1075.5345458984375
nominal,7,rollout/ep_rew_mean,2154496,1024.7529296875
nominal,7,rollout/ep_rew_mean,2162688,1076.03857421875
nominal,7,rollout/ep_rew_mean,2170880,1076.8756103515625
nominal,7,rollout/ep_rew_mean,2179072,1073.477294921875
nominal,7,rollout/ep_rew_mean,2187264,1096.09521484375
nominal,7,rollout/ep_rew_mean,2195456,1079.7447509765625
nominal,7,rollout/ep_rew_mean,2203648,1125.4906005859375
nominal,7,rollout/ep_rew_mean,2211840,1140.62890625
nominal,7,rollout/ep_rew_mean,2220032,1177.4698486328125
nominal,7,rollout/ep_rew_mean,2228224,1168.8377685546875
nominal,7,rollout/ep_rew_mean,2236416,1137.563232421875
nominal,7,rollout/ep_rew_mean,2244608,1110.629150390625
nominal,7,rollout/ep_rew_mean,2252800,1075.9547119140625
nominal,7,rollout/ep_rew_mean,2260992,1037.8138427734375
nominal,7,rollout/ep_rew_mean,2269184,1009.567626953125
nominal,7,rollout/ep_rew_mean,2277376,964.0642700195312
nominal,7,rollout/ep_rew_mean,2285568,928.8277587890625
nominal,7,rollout/ep_rew_mean,2293760,958.3065185546875
nominal,7,rollout/ep_rew_mean,2301952,989.2017211914062
nominal,7,rollout/ep_rew_mean,2310144,1031.1968994140625
nominal,7,rollout/ep_rew_mean,2318336,1083.759521484375
nominal,7,rollout/ep_rew_mean,2326528,1124.8214111328125
nominal,7,rollout/ep_rew_mean,2334720,1128.5413818359375
nominal,7,rollout/ep_rew_mean,2342912,1151.6668701171875
nominal,7,rollout/ep_rew_mean,2351104,1240.1248779296875
nominal,7,rollout/ep_rew_mean,2359296,1277.772216796875
nominal,7,rollout/ep_rew_mean,2367488,1225.98974609375
nominal,7,rollout/ep_rew_mean,2375680,1244.10205078125
nominal,7,rollout/ep_rew_mean,2383872,1284.4544677734375
nominal,7,rollout/ep_rew_mean,2392064,1266.45556640625
nominal,7,rollout/ep_rew_mean,2400256,1311.1925048828125
nominal,7,rollout/ep_rew_mean,2408448,1312.17041015625
nominal,7,rollout/ep_rew_mean,2416640,1332.5416259765625
nominal,7,rollout/ep_rew_mean,2424832,1312.5521240234375
nominal,7,rollout/ep_rew_mean,2433024,1277.7830810546875
nominal,7,rollout/ep_rew_mean,2441216,1246.2208251953125
nominal,7,rollout/ep_rew_mean,2449408,1220.4755859375
nominal,7,rollout/ep_rew_mean,2457600,1201.683837890625
nominal,7,rollout/ep_rew_mean,2465792,1212.7901611328125
nominal,7,rollout/ep_rew_mean,2473984,1199.6295166015625
nominal,7,rollout/ep_rew_mean,2482176,1154.9150390625
nominal,7,rollout/ep_rew_mean,2490368,1147.2818603515625
nominal,7,rollout/ep_rew_mean,2498560,1188.7867431640625
nominal,7,rollout/ep_rew_mean,2506752,1275.8084716796875
nominal,7,rollout/ep_rew_mean,2514944,1238.676025390625
nominal,7,rollout/ep_rew_mean,2523136,1251.40869140625
nominal,7,rollout/ep_rew_mean,2531328,1216.049560546875
nominal,7,rollout/ep_rew_mean,2539520,1251.2322998046875
nominal,7,rollout/ep_rew_mean,2547712,1244.0469970703125
nominal,7,rollout/ep_rew_mean,2555904,1303.83154296875
nominal,7,rollout/ep_rew_mean,2564096,1247.76611328125
nominal,7,rollout/ep_rew_mean,2572288,1245.056640625
nominal,7,rollout/ep_rew_mean,2580480,1209.9400634765625
nominal,7,rollout/ep_rew_mean,2588672,1206.0234375
nominal,7,rollout/ep_rew_mean,2596864,1264.26953125
nominal,7,rollout/ep_rew_mean,2605056,1267.3543701171875
nominal,7,rollout/ep_rew_mean,2613248,1318.076416015625
nominal,7,rollout/ep_rew_mean,2621440,1278.5665283203125
nominal,7,rollout/ep_rew_mean,2629632,1325.1080322265625
nominal,7,rollout/ep_rew_mean,2637824,1330.7822265625
nominal,7,rollout/ep_rew_mean,2646016,1309.9517822265625
nominal,7,rollout/ep_rew_mean,2654208,1327.2767333984375
nominal,7,rollout/ep_rew_mean,2662400,1327.384033203125
nominal,7,rollout/ep_rew_mean,2670592,1339.0882568359375
nominal,7,rollout/ep_rew_mean,2678784,1322.1397705078125
nominal,7,rollout/ep_rew_mean,2686976,1343.489501953125
nominal,7,rollout/ep_rew_mean,2695168,1339.0831298828125
nominal,7,rollout/ep_rew_mean,2703360,1329.2166748046875
nominal,7,rollout/ep_rew_mean,2711552,1348.7265625
nominal,7,rollout/ep_rew_mean,2719744,1367.1507568359375
nominal,7,rollout/ep_rew_mean,2727936,1428.48583984375
nominal,7,rollout/ep_rew_mean,2736128,1349.745361328125
nominal,7,rollout/ep_rew_mean,2744320,1351.257080078125
nominal,7,rollout/ep_rew_mean,2752512,1308.555908203125
nominal,7,rollout/ep_rew_mean,2760704,1292.436279296875
nominal,7,rollout/ep_rew_mean,2768896,1375.9368896484375
nominal,7,rollout/ep_rew_mean,2777088,1387.0355224609375
nominal,7,rollout/ep_rew_mean,2785280,1447.8865966796875
nominal,7,rollout/ep_rew_mean,2793472,1443.3177490234375
nominal,7,rollout/ep_rew_mean,2801664,1408.650390625
nominal,7,rollout/ep_rew_mean,2809856,1447.0135498046875
nominal,7,rollout/ep_rew_mean,2818048,1430.15576171875
nominal,7,rollout/ep_rew_mean,2826240,1440.90087890625
nominal,7,rollout/ep_rew_mean,2834432,1464.8397216796875
nominal,7,rollout/ep_rew_mean,2842624,1444.946533203125
nominal,7,rollout/ep_rew_mean,2850816,1445.7227783203125
nominal,7,rollout/ep_rew_mean,2859008,1374.687255859375
nominal,7,rollout/ep_rew_mean,2867200,1362.273681640625
nominal,7,rollout/ep_rew_mean,2875392,1365.21337890625
nominal,7,rollout/ep_rew_mean,2883584,1399.094970703125
nominal,7,rollout/ep_rew_mean,2891776,1427.9376220703125
nominal,7,rollout/ep_rew_mean,2899968,1449.006591796875
nominal,7,rollout/ep_rew_mean,2908160,1429.9298095703125
nominal,7,rollout/ep_rew_mean,2916352,1408.7666015625
nominal,7,rollout/ep_rew_mean,2924544,1441.0103759765625
nominal,7,rollout/ep_rew_mean,2932736,1455.1854248046875
nominal,7,rollout/ep_rew_mean,2940928,1463.0150146484375
nominal,7,rollout/ep_rew_mean,2949120,1542.66357421875
nominal,7,rollout/ep_rew_mean,2957312,1513.8504638671875
nominal,7,rollout/ep_rew_mean,2965504,1495.063720703125
nominal,7,rollout/ep_rew_mean,2973696,1537.89990234375
nominal,7,rollout/ep_rew_mean,2981888,1558.08642578125
nominal,7,rollout/ep_rew_mean,2990080,1552.2423095703125
nominal,7,rollout/ep_rew_mean,2998272,1534.0811767578125
nominal,7,rollout/ep_rew_mean,3006464,1543.3204345703125
nominal,7,rollout/ep_rew_mean,3014656,1529.560302734375
nominal,7,rollout/ep_rew_mean,3022848,1520.0623779296875
nominal,7,rollout/ep_rew_mean,3031040,1507.0936279296875
nominal,7,rollout/ep_rew_mean,3039232,1497.5296630859375
nominal,7,rollout/ep_rew_mean,3047424,1379.18212890625
nominal,7,rollout/ep_rew_mean,3055616,1418.4310302734375
nominal,7,rollout/ep_rew_mean,3063808,1415.7947998046875
nominal,7,rollout/ep_rew_mean,3072000,1437.987060546875
nominal,7,rollout/ep_rew_mean,3080192,1432.8349609375
nominal,7,rollout/ep_rew_mean,3088384,1411.23046875
nominal,7,rollout/ep_rew_mean,3096576,1413.452880859375
nominal,7,rollout/ep_rew_mean,3104768,1457.55029296875
nominal,7,rollout/ep_rew_mean,3112960,1451.804443359375
nominal,7,rollout/ep_rew_mean,3121152,1482.7734375
nominal,7,rollout/ep_rew_mean,3129344,1488.7928466796875
nominal,7,rollout/ep_rew_mean,3137536,1441.26220703125
nominal,7,rollout/ep_rew_mean,3145728,1468.4578857421875
nominal,7,rollout/ep_rew_mean,3153920,1518.260498046875
nominal,7,rollout/ep_rew_mean,3162112,1584.1083984375
nominal,7,rollout/ep_rew_mean,3170304,1584.33740234375
nominal,7,rollout/ep_rew_mean,3178496,1571.64208984375
nominal,7,rollout/ep_rew_mean,3186688,1625.1478271484375
nominal,7,rollout/ep_rew_mean,3194880,1608.284912109375
nominal,7,rollout/ep_rew_mean,3203072,1582.7796630859375
nominal,7,rollout/ep_rew_mean,3211264,1624.87109375
nominal,7,rollout/ep_rew_mean,3219456,1685.5728759765625
nominal,7,rollout/ep_rew_mean,3227648,1627.8643798828125
nominal,7,rollout/ep_rew_mean,3235840,1593.34814453125
nominal,7,rollout/ep_rew_mean,3244032,1542.5482177734375
nominal,7,rollout/ep_rew_mean,3252224,1538.7449951171875
nominal,7,rollout/ep_rew_mean,3260416,1484.5040283203125
nominal,7,rollout/ep_rew_mean,3268608,1526.449951171875
nominal,7,rollout/ep_rew_mean,3276800,1549.2952880859375
nominal,7,rollout/ep_rew_mean,3284992,1547.758056640625
nominal,7,rollout/ep_rew_mean,3293184,1485.0662841796875
nominal,7,rollout/ep_rew_mean,3301376,1504.754150390625
nominal,7,rollout/ep_rew_mean,3309568,1471.4453125
nominal,7,rollout/ep_rew_mean,3317760,1532.9710693359375
nominal,7,rollout/ep_rew_mean,3325952,1554.23828125
nominal,7,rollout/ep_rew_mean,3334144,1607.7882080078125
nominal,7,rollout/ep_rew_mean,3342336,1564.8280029296875
nominal,7,rollout/ep_rew_mean,3350528,1557.9176025390625
nominal,7,rollout/ep_rew_mean,3358720,1559.1854248046875
nominal,7,rollout/ep_rew_mean,3366912,1559.7606201171875
nominal,7,rollout/ep_rew_mean,3375104,1604.5440673828125
nominal,7,rollout/ep_rew_mean,3383296,1646.3621826171875
nominal,7,rollout/ep_rew_mean,3391488,1670.7239990234375
nominal,7,rollout/ep_rew_mean,3399680,1653.177001953125
nominal,7,rollout/ep_rew_mean,3407872,1666.3597412109375
nominal,7,rollout/ep_rew_mean,3416064,1627.2479248046875
nominal,7,rollout/ep_rew_mean,3424256,1639.9422607421875
nominal,7,rollout/ep_rew_mean,3432448,1620.014892578125
nominal,7,rollout/ep_rew_mean,3440640,1618.9615478515625
nominal,7,rollout/ep_rew_mean,3448832,1590.310302734375
nominal,7,rollout/ep_rew_mean,3457024,1595.1661376953125
nominal,7,rollout/ep_rew_mean,3465216,1589.497314453125
nominal,7,rollout/ep_rew_mean,3473408,1594.032470703125
nominal,7,rollout/ep_rew_mean,3481600,1590.603515625
nominal,7,rollout/ep_rew_mean,3489792,1617.979248046875
nominal,7,rollout/ep_rew_mean,3497984,1650.770751953125
nominal,7,rollout/ep_rew_mean,3506176,1677.412109375
nominal,7,rollout/ep_rew_mean,3514368,1699.4879150390625
nominal,7,rollout/ep_rew_mean,3522560,1748.495361328125
nominal,7,rollout/ep_rew_mean,3530752,1771.228271484375
nominal,7,rollout/ep_rew_mean,3538944,1739.998291015625
nominal,7,rollout/ep_rew_mean,3547136,1712.9208984375
nominal,7,rollout/ep_rew_mean,3555328,1744.1947021484375
nominal,7,rollout/ep_rew_mean,3563520,1663.76416015625
nominal,7,rollout/ep_rew_mean,3571712,1671.21923828125
nominal,7,rollout/ep_rew_mean,3579904,1650.0106201171875
nominal,7,rollout/ep_rew_mean,3588096,1630.9149169921875
nominal,7,rollout/ep_rew_mean,3596288,1679.9281005859375
nominal,7,rollout/ep_rew_mean,3604480,1625.8148193359375
nominal,7,rollout/ep_rew_mean,3612672,1666.608642578125
nominal,7,rollout/ep_rew_mean,3620864,1674.272216796875
nominal,7,rollout/ep_rew_mean,3629056,1701.77294921875
nominal,7,rollout/ep_rew_mean,3637248,1736.8995361328125
nominal,7,rollout/ep_rew_mean,3645440,1817.995361328125
nominal,7,rollout/ep_rew_mean,3653632,1852.0965576171875
nominal,7,rollout/ep_rew_mean,3661824,1805.2633056640625
nominal,7,rollout/ep_rew_mean,3670016,1799.430908203125
nominal,7,rollout/ep_rew_mean,3678208,1819.310791015625
nominal,7,rollout/ep_rew_mean,3686400,1820.70947265625
nominal,7,rollout/ep_rew_mean,3694592,1839.281982421875
nominal,7,rollout/ep_rew_mean,3702784,1799.4676513671875
nominal,7,rollout/ep_rew_mean,3710976,1735.724609375
nominal,7,rollout/ep_rew_mean,3719168,1688.528564453125
nominal,7,rollout/ep_rew_mean,3727360,1684.34912109375
nominal,7,rollout/ep_rew_mean,3735552,1711.4404296875
nominal,7,rollout/ep_rew_mean,3743744,1736.04248046875
nominal,7,rollout/ep_rew_mean,3751936,1749.13525390625
nominal,7,rollout/ep_rew_mean,3760128,1750.29541015625
nominal,7,rollout/ep_rew_mean,3768320,1690.630615234375
nominal,7,rollout/ep_rew_mean,3776512,1714.5589599609375
nominal,7,rollout/ep_rew_mean,3784704,1783.8165283203125
nominal,7,rollout/ep_rew_mean,3792896,1835.3321533203125
nominal,7,rollout/ep_rew_mean,3801088,1843.676513671875
nominal,7,rollout/ep_rew_mean,3809280,1836.624755859375
nominal,7,rollout/ep_rew_mean,3817472,1814.04150390625
nominal,7,rollout/ep_rew_mean,3825664,1771.299560546875
nominal,7,rollout/ep_rew_mean,3833856,1766.4420166015625
nominal,7,rollout/ep_rew_mean,3842048,1801.8359375
nominal,7,rollout/ep_rew_mean,3850240,1881.729736328125
nominal,7,rollout/ep_rew_mean,3858432,1815.44580078125
nominal,7,rollout/ep_rew_mean,3866624,1784.318359375
nominal,7,rollout/ep_rew_mean,3874816,1801.3565673828125
nominal,7,rollout/ep_rew_mean,3883008,1849.864501953125
nominal,7,rollout/ep_rew_mean,3891200,1796.6529541015625
nominal,7,rollout/ep_rew_mean,3899392,1803.6451416015625
nominal,7,rollout/ep_rew_mean,3907584,1845.04931640625
nominal,7,rollout/ep_rew_mean,3915776,1834.20458984375
nominal,7,rollout/ep_rew_mean,3923968,1842.0657958984375
nominal,7,rollout/ep_rew_mean,3932160,1817.2637939453125
nominal,7,rollout/ep_rew_mean,3940352,1823.008056640625
nominal,7,rollout/ep_rew_mean,3948544,1843.3875732421875
nominal,7,rollout/ep_rew_mean,3956736,1826.0947265625
nominal,7,rollout/ep_rew_mean,3964928,1846.9796142578125
nominal,7,rollout/ep_rew_mean,3973120,1864.766845703125
nominal,7,rollout/ep_rew_mean,3981312,1880.40869140625
nominal,7,rollout/ep_rew_mean,3989504,1903.0504150390625
nominal,7,rollout/ep_rew_mean,3997696,1921.40283203125
nominal,7,rollout/ep_rew_mean,4005888,1928.315185546875
nominal,7,rollout/ep_rew_mean,4014080,1886.219482421875
nominal,7,rollout/ep_rew_mean,4022272,1940.4854736328125
nominal,7,rollout/ep_rew_mean,4030464,1926.17822265625
nominal,7,rollout/ep_rew_mean,4038656,1917.7542724609375
nominal,7,rollout/ep_rew_mean,4046848,1873.8148193359375
nominal,7,rollout/ep_rew_mean,4055040,1917.703125
nominal,7,rollout/ep_rew_mean,4063232,1948.43701171875
nominal,7,rollout/ep_rew_mean,4071424,1929.9736328125
nominal,7,rollout/ep_rew_mean,4079616,1879.6375732421875
nominal,7,rollout/ep_rew_mean,4087808,1903.7574462890625
nominal,7,rollout/ep_rew_mean,4096000,1931.794921875
nominal,7,rollout/ep_rew_mean,4104192,1961.3414306640625
nominal,7,rollout/ep_rew_mean,4112384,1925.79541015625
nominal,7,rollout/ep_rew_mean,4120576,1936.097900390625
nominal,7,rollout/ep_rew_mean,4128768,1950.7642822265625
nominal,7,rollout/ep_rew_mean,4136960,1970.08056640625
nominal,7,rollout/ep_rew_mean,4145152,1993.0399169921875
nominal,7,rollout/ep_rew_mean,4153344,2020.4385986328125
nominal,7,rollout/ep_rew_mean,4161536,2066.468994140625
nominal,7,rollout/ep_rew_mean,4169728,2107.927978515625
nominal,7,rollout/ep_rew_mean,4177920,2121.8759765625
nominal,7,rollout/ep_rew_mean,4186112,2111.4677734375
nominal,7,rollout/ep_rew_mean,4194304,2107.704345703125
nominal,7,rollout/ep_rew_mean,4202496,2128.437744140625
nominal,7,rollout/ep_rew_mean,4210688,2110.631591796875
nominal,7,rollout/ep_rew_mean,4218880,2141.02392578125
nominal,7,rollout/ep_rew_mean,4227072,2131.90966796875
nominal,7,rollout/ep_rew_mean,4235264,2101.823486328125
nominal,7,rollout/ep_rew_mean,4243456,2104.1025390625
nominal,7,rollout/ep_rew_mean,4251648,2047.240966796875
nominal,7,rollout/ep_rew_mean,4259840,2079.222900390625
nominal,7,rollout/ep_rew_mean,4268032,2052.43603515625
nominal,7,rollout/ep_rew_mean,4276224,2006.5989990234375
nominal,7,rollout/ep_rew_mean,4284416,2025.8258056640625
nominal,7,rollout/ep_rew_mean,4292608,1992.5987548828125
nominal,7,rollout/ep_rew_mean,4300800,2054.59423828125
nominal,7,rollout/ep_rew_mean,4308992,2041.9073486328125
nominal,7,rollout/ep_rew_mean,4317184,2073.508056640625
nominal,7,rollout/ep_rew_mean,4325376,2058.758056640625
nominal,7,rollout/ep_rew_mean,4333568,2010.00048828125
nominal,7,rollout/ep_rew_mean,4341760,2025.07080078125
nominal,7,rollout/ep_rew_mean,4349952,2074.685546875
nominal,7,rollout/ep_rew_mean,4358144,2004.30712890625
nominal,7,rollout/ep_rew_mean,4366336,1996.0914306640625
nominal,7,rollout/ep_rew_mean,4374528,2037.5430908203125
nominal,7,rollout/ep_rew_mean,4382720,2026.3636474609375
nominal,7,rollout/ep_rew_mean,4390912,2050.55126953125
nominal,7,rollout/ep_rew_mean,4399104,2033.831787109375
nominal,7,rollout/ep_rew_mean,4407296,2033.708740234375
nominal,7,rollout/ep_rew_mean,4415488,2049.8017578125
nominal,7,rollout/ep_rew_mean,4423680,2033.970458984375
nominal,7,rollout/ep_rew_mean,4431872,2018.9384765625
nominal,7,rollout/ep_rew_mean,4440064,2070.2353515625
nominal,7,rollout/ep_rew_mean,4448256,2093.6240234375
nominal,7,rollout/ep_rew_mean,4456448,2097.587158203125
nominal,7,rollout/ep_rew_mean,4464640,2123.395263671875
nominal,7,rollout/ep_rew_mean,4472832,2139.074951171875
nominal,7,rollout/ep_rew_mean,4481024,2155.24169921875
nominal,7,rollout/ep_rew_mean,4489216,2157.31689453125
nominal,7,rollout/ep_rew_mean,4497408,2181.0400390625
nominal,7,rollout/ep_rew_mean,4505600,2153.262451171875
nominal,7,rollout/ep_rew_mean,4513792,2214.266357421875
nominal,7,rollout/ep_rew_mean,4521984,2228.583740234375
nominal,7,rollout/ep_rew_mean,4530176,2218.044921875
nominal,7,rollout/ep_rew_mean,4538368,2239.90478515625
nominal,7,rollout/ep_rew_mean,4546560,2233.6162109375
nominal,7,rollout/ep_rew_mean,4554752,2215.471923828125
nominal,7,rollout/ep_rew_mean,4562944,2188.398681640625
nominal,7,rollout/ep_rew_mean,4571136,2145.49560546875
nominal,7,rollout/ep_rew_mean,4579328,2093.96875
nominal,7,rollout/ep_rew_mean,4587520,2156.474365234375
nominal,7,rollout/ep_rew_mean,4595712,2165.282958984375
nominal,7,rollout/ep_rew_mean,4603904,2185.298828125
nominal,7,rollout/ep_rew_mean,4612096,2156.937744140625
nominal,7,rollout/ep_rew_mean,4620288,2132.587646484375
nominal,7,rollout/ep_rew_mean,4628480,2166.558837890625
nominal,7,rollout/ep_rew_mean,4636672,2196.85498046875
nominal,7,rollout/ep_rew_mean,4644864,2199.991455078125
nominal,7,rollout/ep_rew_mean,4653056,2188.77685546875
nominal,7,rollout/ep_rew_mean,4661248,2203.119384765625
nominal,7,rollout/ep_rew_mean,4669440,2244.0849609375
nominal,7,rollout/ep_rew_mean,4677632,2168.80859375
nominal,7,rollout/ep_rew_mean,4685824,2171.1171875
nominal,7,rollout/ep_rew_mean,4694016,2113.500732421875
nominal,7,rollout/ep_rew_mean,4702208,2181.41552734375
nominal,7,rollout/ep_rew_mean,4710400,2208.944091796875
nominal,7,rollout/ep_rew_mean,4718592,2178.4765625
nominal,7,rollout/ep_rew_mean,4726784,2160.333740234375
nominal,7,rollout/ep_rew_mean,4734976,2147.693359375
nominal,7,rollout/ep_rew_mean,4743168,2184.75732421875
nominal,7,rollout/ep_rew_mean,4751360,2169.52490234375
nominal,7,rollout/ep_rew_mean,4759552,2157.978515625
nominal,7,rollout/ep_rew_mean,4767744,2154.3857421875
nominal,7,rollout/ep_rew_mean,4775936,2162.802490234375
nominal,7,rollout/ep_rew_mean,4784128,2136.013427734375
nominal,7,rollout/ep_rew_mean,4792320,2134.43310546875
nominal,7,rollout/ep_rew_mean,4800512,2178.12255859375
nominal,7,rollout/ep_rew_mean,4808704,2174.656982421875
nominal,7,rollout/ep_rew_mean,4816896,2167.848388671875
nominal,7,rollout/ep_rew_mean,4825088,2187.3818359375
nominal,7,rollout/ep_rew_mean,4833280,2220.433349609375
nominal,7,rollout/ep_rew_mean,4841472,2237.464599609375
nominal,7,rollout/ep_rew_mean,4849664,2242.658447265625
nominal,7,rollout/ep_rew_mean,4857856,2210.933837890625
nominal,7,rollout/ep_rew_mean,4866048,2219.228271484375
nominal,7,rollout/ep_rew_mean,4874240,2209.271484375
nominal,7,rollout/ep_rew_mean,4882432,2183.171875
nominal,7,rollout/ep_rew_mean,4890624,2191.614990234375
nominal,7,rollout/ep_rew_mean,4898816,2161.9609375
nominal,7,rollout/ep_rew_mean,4907008,2150.30810546875
nominal,7,rollout/ep_rew_mean,4915200,2082.138671875
nominal,7,rollout/ep_rew_mean,4923392,2096.206787109375
nominal,7,rollout/ep_rew_mean,4931584,2092.90625
nominal,7,rollout/ep_rew_mean,4939776,2120.15576171875
nominal,7,rollout/ep_rew_mean,4947968,2151.40869140625
nominal,7,rollout/ep_rew_mean,4956160,2106.912109375
nominal,7,rollout/ep_rew_mean,4964352,2140.7958984375
nominal,7,rollout/ep_rew_mean,4972544,2124.295166015625
nominal,7,rollout/ep_rew_mean,4980736,2137.84814453125
nominal,7,rollout/ep_rew_mean,4988928,2190.060302734375
nominal,7,rollout/ep_rew_mean,4997120,2217.27294921875
nominal,7,rollout/ep_rew_mean,5005312,2262.525146484375
nominal,7,rollout/ep_len_mean,8192,93.27059173583984
nominal,7,rollout/ep_len_mean,16384,84.7699966430664
nominal,7,rollout/ep_len_mean,24576,71.12000274658203
nominal,7,rollout/ep_len_mean,32768,87.05999755859375
nominal,7,rollout/ep_len_mean,40960,89.41999816894531
nominal,7,rollout/ep_len_mean,49152,130.8300018310547
nominal,7,rollout/ep_len_mean,57344,135.5500030517578
nominal,7,rollout/ep_len_mean,65536,118.97000122070312
nominal,7,rollout/ep_len_mean,73728,154.72999572753906
nominal,7,rollout/ep_len_mean,81920,78.12999725341797
nominal,7,rollout/ep_len_mean,90112,109.69999694824219
nominal,7,rollout/ep_len_mean,98304,135.38999938964844
nominal,7,rollout/ep_len_mean,106496,162.0
nominal,7,rollout/ep_len_mean,114688,130.1999969482422
nominal,7,rollout/ep_len_mean,122880,120.23999786376953
nominal,7,rollout/ep_len_mean,131072,175.10000610351562
nominal,7,rollout/ep_len_mean,139264,177.9499969482422
nominal,7,rollout/ep_len_mean,147456,211.14999389648438
nominal,7,rollout/ep_len_mean,155648,215.35000610351562
nominal,7,rollout/ep_len_mean,163840,249.77999877929688
nominal,7,rollout/ep_len_mean,172032,201.30999755859375
nominal,7,rollout/ep_len_mean,180224,180.50999450683594
nominal,7,rollout/ep_len_mean,188416,202.9499969482422
nominal,7,rollout/ep_len_mean,196608,229.39999389648438
nominal,7,rollout/ep_len_mean,204800,281.3900146484375
nominal,7,rollout/ep_len_mean,212992,210.77999877929688
nominal,7,rollout/ep_len_mean,221184,197.13999938964844
nominal,7,rollout/ep_len_mean,229376,193.63999938964844
nominal,7,rollout/ep_len_mean,237568,187.0800018310547
nominal,7,rollout/ep_len_mean,245760,174.16000366210938
nominal,7,rollout/ep_len_mean,253952,185.3300018310547
nominal,7,rollout/ep_len_mean,262144,194.25
nominal,7,rollout/ep_len_mean,270336,256.3599853515625
nominal,7,rollout/ep_len_mean,278528,212.1199951171875
nominal,7,rollout/ep_len_mean,286720,175.00999450683594
nominal,7,rollout/ep_len_mean,294912,198.27000427246094
nominal,7,rollout/ep_len_mean,303104,240.91000366210938
nominal,7,rollout/ep_len_mean,311296,291.2200012207031
nominal,7,rollout/ep_len_mean,319488,271.25
nominal,7,rollout/ep_len_mean,327680,233.89999389648438
nominal,7,rollout/ep_len_mean,335872,205.64999389648438
nominal,7,rollout/ep_len_mean,344064,211.9600067138672
nominal,7,rollout/ep_len_mean,352256,257.82000732421875
nominal,7,rollout/ep_len_mean,360448,279.6300048828125
nominal,7,rollout/ep_len_mean,368640,345.8900146484375
nominal,7,rollout/ep_len_mean,376832,372.1499938964844
nominal,7,rollout/ep_len_mean,385024,362.8399963378906
nominal,7,rollout/ep_len_mean,393216,382.4200134277344
nominal,7,rollout/ep_len_mean,401408,348.6000061035156
nominal,7,rollout/ep_len_mean,409600,370.6700134277344
nominal,7,rollout/ep_len_mean,417792,372.6099853515625
nominal,7,rollout/ep_len_mean,425984,323.07000732421875
nominal,7,rollout/ep_len_mean,434176,349.4700012207031
nominal,7,rollout/ep_len_mean,442368,322.5199890136719
nominal,7,rollout/ep_len_mean,450560,304.5299987792969
nominal,7,rollout/ep_len_mean,458752,268.57000732421875
nominal,7,rollout/ep_len_mean,466944,296.30999755859375
nominal,7,rollout/ep_len_mean,475136,295.3999938964844
nominal,7,rollout/ep_len_mean,483328,324.2799987792969
nominal,7,rollout/ep_len_mean,491520,336.0400085449219
nominal,7,rollout/ep_len_mean,499712,316.010009765625
nominal,7,rollout/ep_len_mean,507904,291.25
nominal,7,rollout/ep_len_mean,516096,271.739990234375
nominal,7,rollout/ep_len_mean,524288,306.0899963378906
nominal,7,rollout/ep_len_mean,532480,302.67999267578125
nominal,7,rollout/ep_len_mean,540672,296.239990234375
nominal,7,rollout/ep_len_mean,548864,301.2900085449219
nominal,7,rollout/ep_len_mean,557056,345.010009765625
nominal,7,rollout/ep_len_mean,565248,323.57000732421875
nominal,7,rollout/ep_len_mean,573440,318.8800048828125
nominal,7,rollout/ep_len_mean,581632,281.0899963378906
nominal,7,rollout/ep_len_mean,589824,288.7699890136719
nominal,7,rollout/ep_len_mean,598016,321.44000244140625
nominal,7,rollout/ep_len_mean,606208,328.95001220703125
nominal,7,rollout/ep_len_mean,614400,328.010009765625
nominal,7,rollout/ep_len_mean,622592,275.3699951171875
nominal,7,rollout/ep_len_mean,630784,292.1300048828125
nominal,7,rollout/ep_len_mean,638976,234.83999633789062
nominal,7,rollout/ep_len_mean,647168,258.739990234375
nominal,7,rollout/ep_len_mean,655360,246.32000732421875
nominal,7,rollout/ep_len_mean,663552,265.3999938964844
nominal,7,rollout/ep_len_mean,671744,314.2300109863281
nominal,7,rollout/ep_len_mean,679936,313.92999267578125
nominal,7,rollout/ep_len_mean,688128,344.42999267578125
nominal,7,rollout/ep_len_mean,696320,373.5299987792969
nominal,7,rollout/ep_len_mean,704512,369.0199890136719
nominal,7,rollout/ep_len_mean,712704,370.0799865722656
nominal,7,rollout/ep_len_mean,720896,342.82000732421875
nominal,7,rollout/ep_len_mean,729088,323.3599853515625
nominal,7,rollout/ep_len_mean,737280,338.79998779296875
nominal,7,rollout/ep_len_mean,745472,247.17999267578125
nominal,7,rollout/ep_len_mean,753664,284.0
nominal,7,rollout/ep_len_mean,761856,254.17999267578125
nominal,7,rollout/ep_len_mean,770048,274.2699890136719
nominal,7,rollout/ep_len_mean,778240,333.7699890136719
nominal,7,rollout/ep_len_mean,786432,355.8699951171875
nominal,7,rollout/ep_len_mean,794624,361.1000061035156
nominal,7,rollout/ep_len_mean,802816,372.0799865722656
nominal,7,rollout/ep_len_mean,811008,395.760009765625
nominal,7,rollout/ep_len_mean,819200,387.1700134277344
nominal,7,rollout/ep_len_mean,827392,388.6499938964844
nominal,7,rollout/ep_len_mean,835584,349.6199951171875
nominal,7,rollout/ep_len_mean,843776,342.80999755859375
nominal,7,rollout/ep_len_mean,851968,305.6000061035156
nominal,7,rollout/ep_len_mean,860160,306.3299865722656
nominal,7,rollout/ep_len_mean,868352,290.5400085449219
nominal,7,rollout/ep_len_mean,876544,305.9700012207031
nominal,7,rollout/ep_len_mean,884736,345.95001220703125
nominal,7,rollout/ep_len_mean,892928,358.0299987792969
nominal,7,rollout/ep_len_mean,901120,376.6499938964844
nominal,7,rollout/ep_len_mean,909312,360.7300109863281
nominal,7,rollout/ep_len_mean,917504,331.8900146484375
nominal,7,rollout/ep_len_mean,925696,323.3399963378906
nominal,7,rollout/ep_len_mean,933888,346.7099914550781
nominal,7,rollout/ep_len_mean,942080,385.29998779296875
nominal,7,rollout/ep_len_mean,950272,433.9599914550781
nominal,7,rollout/ep_len_mean,958464,444.9200134277344
nominal,7,rollout/ep_len_mean,966656,476.4100036621094
nominal,7,rollout/ep_len_mean,974848,480.0400085449219
nominal,7,rollout/ep_len_mean,983040,448.9800109863281
nominal,7,rollout/ep_len_mean,991232,448.9100036621094
nominal,7,rollout/ep_len_mean,999424,441.44000244140625
nominal,7,rollout/ep_len_mean,1007616,408.55999755859375
nominal,7,rollout/ep_len_mean,1015808,399.4200134277344
nominal,7,rollout/ep_len_mean,1024000,374.19000244140625
nominal,7,rollout/ep_len_mean,1032192,368.6000061035156
nominal,7,rollout/ep_len_mean,1040384,376.8900146484375
nominal,7,rollout/ep_len_mean,1048576,407.5
nominal,7,rollout/ep_len_mean,1056768,433.6000061035156
nominal,7,rollout/ep_len_mean,1064960,422.5
nominal,7,rollout/ep_len_mean,1073152,418.3999938964844
nominal,7,rollout/ep_len_mean,1081344,421.7799987792969
nominal,7,rollout/ep_len_mean,1089536,440.69000244140625
nominal,7,rollout/ep_len_mean,1097728,399.4800109863281
nominal,7,rollout/ep_len_mean,1105920,411.6199951171875
nominal,7,rollout/ep_len_mean,1114112,400.55999755859375
nominal,7,rollout/ep_len_mean,1122304,414.510009765625
nominal,7,rollout/ep_len_mean,1130496,406.1099853515625
nominal,7,rollout/ep_len_mean,1138688,419.32000732421875
nominal,7,rollout/ep_len_mean,1146880,462.42999267578125
nominal,7,rollout/ep_len_mean,1155072,454.44000244140625
nominal,7,rollout/ep_len_mean,1163264,481.260009765625
nominal,7,rollout/ep_len_mean,1171456,482.95001220703125
nominal,7,rollout/ep_len_mean,1179648,500.0299987792969
nominal,7,rollout/ep_len_mean,1187840,514.0700073242188
nominal,7,rollout/ep_len_mean,1196032,500.3399963378906
nominal,7,rollout/ep_len_mean,1204224,473.8500061035156
nominal,7,rollout/ep_len_mean,1212416,426.69000244140625
nominal,7,rollout/ep_len_mean,1220608,406.1300048828125
nominal,7,rollout/ep_len_mean,1228800,382.9200134277344
nominal,7,rollout/ep_len_mean,1236992,373.989990234375
nominal,7,rollout/ep_len_mean,1245184,365.2200012207031
nominal,7,rollout/ep_len_mean,1253376,369.5199890136719
nominal,7,rollout/ep_len_mean,1261568,407.3399963378906
nominal,7,rollout/ep_len_mean,1269760,388.1300048828125
nominal,7,rollout/ep_len_mean,1277952,402.739990234375
nominal,7,rollout/ep_len_mean,1286144,355.3699951171875
nominal,7,rollout/ep_len_mean,1294336,361.7699890136719
nominal,7,rollout/ep_len_mean,1302528,339.739990234375
nominal,7,rollout/ep_len_mean,1310720,358.80999755859375
nominal,7,rollout/ep_len_mean,1318912,371.0799865722656
nominal,7,rollout/ep_len_mean,1327104,408.3399963378906
nominal,7,rollout/ep_len_mean,1335296,395.2699890136719
nominal,7,rollout/ep_len_mean,1343488,435.42999267578125
nominal,7,rollout/ep_len_mean,1351680,457.79998779296875
nominal,7,rollout/ep_len_mean,1359872,498.760009765625
nominal,7,rollout/ep_len_mean,1368064,497.9599914550781
nominal,7,rollout/ep_len_mean,1376256,517.0700073242188
nominal,7,rollout/ep_len_mean,1384448,495.260009765625
nominal,7,rollout/ep_len_mean,1392640,492.44000244140625
nominal,7,rollout/ep_len_mean,1400832,461.3699951171875
nominal,7,rollout/ep_len_mean,1409024,444.70001220703125
nominal,7,rollout/ep_len_mean,1417216,413.44000244140625
nominal,7,rollout/ep_len_mean,1425408,453.7300109863281
nominal,7,rollout/ep_len_mean,1433600,441.95001220703125
nominal,7,rollout/ep_len_mean,1441792,445.9700012207031
nominal,7,rollout/ep_len_mean,1449984,432.4800109863281
nominal,7,rollout/ep_len_mean,1458176,396.1700134277344
nominal,7,rollout/ep_len_mean,1466368,378.5199890136719
nominal,7,rollout/ep_len_mean,1474560,423.5400085449219
nominal,7,rollout/ep_len_mean,1482752,434.5799865722656
nominal,7,rollout/ep_len_mean,1490944,448.44000244140625
nominal,7,rollout/ep_len_mean,1499136,472.2900085449219
nominal,7,rollout/ep_len_mean,1507328,502.8900146484375
nominal,7,rollout/ep_len_mean,1515520,524.0599975585938
nominal,7,rollout/ep_len_mean,1523712,530.219970703125
nominal,7,rollout/ep_len_mean,1531904,507.7799987792969
nominal,7,rollout/ep_len_mean,1540096,522.5
nominal,7,rollout/ep_len_mean,1548288,508.010009765625
nominal,7,rollout/ep_len_mean,1556480,523.4400024414062
nominal,7,rollout/ep_len_mean,1564672,540.5399780273438
nominal,7,rollout/ep_len_mean,1572864,530.5399780273438
nominal,7,rollout/ep_len_mean,1581056,531.8900146484375
nominal,7,rollout/ep_len_mean,1589248,557.6500244140625
nominal,7,rollout/ep_len_mean,1597440,573.0700073242188
nominal,7,rollout/ep_len_mean,1605632,572.8200073242188
nominal,7,rollout/ep_len_mean,1613824,599.3599853515625
nominal,7,rollout/ep_len_mean,1622016,602.6699829101562
nominal,7,rollout/ep_len_mean,1630208,574.3900146484375
nominal,7,rollout/ep_len_mean,1638400,584.489990234375
nominal,7,rollout/ep_len_mean,1646592,620.22998046875
nominal,7,rollout/ep_len_mean,1654784,564.489990234375
nominal,7,rollout/ep_len_mean,1662976,523.8800048828125
nominal,7,rollout/ep_len_mean,1671168,495.2200012207031
nominal,7,rollout/ep_len_mean,1679360,494.6199951171875
nominal,7,rollout/ep_len_mean,1687552,548.4400024414062
nominal,7,rollout/ep_len_mean,1695744,520.5999755859375
nominal,7,rollout/ep_len_mean,1703936,534.8400268554688
nominal,7,rollout/ep_len_mean,1712128,534.010009765625
nominal,7,rollout/ep_len_mean,1720320,575.4000244140625
nominal,7,rollout/ep_len_mean,1728512,593.1799926757812
nominal,7,rollout/ep_len_mean,1736704,588.489990234375
nominal,7,rollout/ep_len_mean,1744896,542.5700073242188
nominal,7,rollout/ep_len_mean,1753088,535.5499877929688
nominal,7,rollout/ep_len_mean,1761280,542.6099853515625
nominal,7,rollout/ep_len_mean,1769472,492.6300048828125
nominal,7,rollout/ep_len_mean,1777664,469.67999267578125
nominal,7,rollout/ep_len_mean,1785856,456.70001220703125
nominal,7,rollout/ep_len_mean,1794048,498.7799987792969
nominal,7,rollout/ep_len_mean,1802240,506.3900146484375
nominal,7,rollout/ep_len_mean,1810432,507.2099914550781
nominal,7,rollout/ep_len_mean,1818624,528.8099975585938
nominal,7,rollout/ep_len_mean,1826816,545.4000244140625
nominal,7,rollout/ep_len_mean,1835008,553.3400268554688
nominal,7,rollout/ep_len_mean,1843200,544.4099731445312
nominal,7,rollout/ep_len_mean,1851392,545.1500244140625
nominal,7,rollout/ep_len_mean,1859584,523.260009765625
nominal,7,rollout/ep_len_mean,1867776,535.2100219726562
nominal,7,rollout/ep_len_mean,1875968,540.5499877929688
nominal,7,rollout/ep_len_mean,1884160,577.260009765625
nominal,7,rollout/ep_len_mean,1892352,585.5599975585938
nominal,7,rollout/ep_len_mean,1900544,589.4500122070312
nominal,7,rollout/ep_len_mean,1908736,627.030029296875
nominal,7,rollout/ep_len_mean,1916928,595.02001953125
nominal,7,rollout/ep_len_mean,1925120,568.1400146484375
nominal,7,rollout/ep_len_mean,1933312,534.739990234375
nominal,7,rollout/ep_len_mean,1941504,531.1699829101562
nominal,7,rollout/ep_len_mean,1949696,499.1400146484375
nominal,7,rollout/ep_len_mean,1957888,490.5299987792969
nominal,7,rollout/ep_len_mean,1966080,505.3399963378906
nominal,7,rollout/ep_len_mean,1974272,542.6500244140625
nominal,7,rollout/ep_len_mean,1982464,557.4500122070312
nominal,7,rollout/ep_len_mean,1990656,556.3400268554688
nominal,7,rollout/ep_len_mean,1998848,553.1400146484375
nominal,7,rollout/ep_len_mean,2007040,573.219970703125
nominal,7,rollout/ep_len_mean,2015232,587.9099731445312
nominal,7,rollout/ep_len_mean,2023424,602.4600219726562
nominal,7,rollout/ep_len_mean,2031616,596.6799926757812
nominal,7,rollout/ep_len_mean,2039808,585.7000122070312
nominal,7,rollout/ep_len_mean,2048000,584.6900024414062
nominal,7,rollout/ep_len_mean,2056192,623.6300048828125
nominal,7,rollout/ep_len_mean,2064384,601.8599853515625
nominal,7,rollout/ep_len_mean,2072576,616.9600219726562
nominal,7,rollout/ep_len_mean,2080768,640.1099853515625
nominal,7,rollout/ep_len_mean,2088960,631.2999877929688
nominal,7,rollout/ep_len_mean,2097152,640.9000244140625
nominal,7,rollout/ep_len_mean,2105344,647.8599853515625
nominal,7,rollout/ep_len_mean,2113536,687.8200073242188
nominal,7,rollout/ep_len_mean,2121728,649.02001953125
nominal,7,rollout/ep_len_mean,2129920,643.6500244140625
nominal,7,rollout/ep_len_mean,2138112,634.8300170898438
nominal,7,rollout/ep_len_mean,2146304,626.030029296875
nominal,7,rollout/ep_len_mean,2154496,594.1599731445312
nominal,7,rollout/ep_len_mean,2162688,623.1300048828125
nominal,7,rollout/ep_len_mean,2170880,621.6599731445312
nominal,7,rollout/ep_len_mean,2179072,616.8499755859375
nominal,7,rollout/ep_len_mean,2187264,628.9400024414062
nominal,7,rollout/ep_len_mean,2195456,619.719970703125
nominal,7,rollout/ep_len_mean,2203648,648.2899780273438
nominal,7,rollout/ep_len_mean,2211840,654.5499877929688
nominal,7,rollout/ep_len_mean,2220032,676.5599975585938
nominal,7,rollout/ep_len_mean,2228224,672.3699951171875
nominal,7,rollout/ep_len_mean,2236416,656.2000122070312
nominal,7,rollout/ep_len_mean,2244608,644.780029296875
nominal,7,rollout/ep_len_mean,2252800,627.22998046875
nominal,7,rollout/ep_len_mean,2260992,603.4400024414062
nominal,7,rollout/ep_len_mean,2269184,587.4500122070312
nominal,7,rollout/ep_len_mean,2277376,560.7899780273438
nominal,7,rollout/ep_len_mean,2285568,541.6799926757812
nominal,7,rollout/ep_len_mean,2293760,555.5700073242188
nominal,7,rollout/ep_len_mean,2301952,571.6199951171875
nominal,7,rollout/ep_len_mean,2310144,591.97998046875
nominal,7,rollout/ep_len_mean,2318336,620.4600219726562
nominal,7,rollout/ep_len_mean,2326528,645.3699951171875
nominal,7,rollout/ep_len_mean,2334720,647.9000244140625
nominal,7,rollout/ep_len_mean,2342912,658.47998046875
nominal,7,rollout/ep_len_mean,2351104,706.27001953125
nominal,7,rollout/ep_len_mean,2359296,726.0
nominal,7,rollout/ep_len_mean,2367488,696.1400146484375
nominal,7,rollout/ep_len_mean,2375680,705.9400024414062
nominal,7,rollout/ep_len_mean,2383872,727.9199829101562
nominal,7,rollout/ep_len_mean,2392064,715.1300048828125
nominal,7,rollout/ep_len_mean,2400256,735.9500122070312
nominal,7,rollout/ep_len_mean,2408448,736.52001953125
nominal,7,rollout/ep_len_mean,2416640,748.25
nominal,7,rollout/ep_len_mean,2424832,736.260009765625
nominal,7,rollout/ep_len_mean,2433024,713.0900268554688
nominal,7,rollout/ep_len_mean,2441216,693.760009765625
nominal,7,rollout/ep_len_mean,2449408,676.989990234375
nominal,7,rollout/ep_len_mean,2457600,669.4299926757812
nominal,7,rollout/ep_len_mean,2465792,675.1699829101562
nominal,7,rollout/ep_len_mean,2473984,667.5700073242188
nominal,7,rollout/ep_len_mean,2482176,642.530029296875
nominal,7,rollout/ep_len_mean,2490368,639.239990234375
nominal,7,rollout/ep_len_mean,2498560,662.5999755859375
nominal,7,rollout/ep_len_mean,2506752,710.6900024414062
nominal,7,rollout/ep_len_mean,2514944,689.5499877929688
nominal,7,rollout/ep_len_mean,2523136,691.530029296875
nominal,7,rollout/ep_len_mean,2531328,673.8800048828125
nominal,7,rollout/ep_len_mean,2539520,690.8599853515625
nominal,7,rollout/ep_len_mean,2547712,685.239990234375
nominal,7,rollout/ep_len_mean,2555904,715.6500244140625
nominal,7,rollout/ep_len_mean,2564096,682.0399780273438
nominal,7,rollout/ep_len_mean,2572288,678.5999755859375
nominal,7,rollout/ep_len_mean,2580480,655.739990234375
nominal,7,rollout/ep_len_mean,2588672,653.8200073242188
nominal,7,rollout/ep_len_mean,2596864,681.5999755859375
nominal,7,rollout/ep_len_mean,2605056,681.9500122070312
nominal,7,rollout/ep_len_mean,2613248,706.97998046875
nominal,7,rollout/ep_len_mean,2621440,684.530029296875
nominal,7,rollout/ep_len_mean,2629632,708.0
nominal,7,rollout/ep_len_mean,2637824,709.1400146484375
nominal,7,rollout/ep_len_mean,2646016,695.9500122070312
nominal,7,rollout/ep_len_mean,2654208,704.6099853515625
nominal,7,rollout/ep_len_mean,2662400,702.5900268554688
nominal,7,rollout/ep_len_mean,2670592,706.1300048828125
nominal,7,rollout/ep_len_mean,2678784,696.2100219726562
nominal,7,rollout/ep_len_mean,2686976,704.780029296875
nominal,7,rollout/ep_len_mean,2695168,701.6799926757812
nominal,7,rollout/ep_len_mean,2703360,694.9000244140625
nominal,7,rollout/ep_len_mean,2711552,705.9400024414062
nominal,7,rollout/ep_len_mean,2719744,712.6799926757812
nominal,7,rollout/ep_len_mean,2727936,744.739990234375
nominal,7,rollout/ep_len_mean,2736128,704.1699829101562
nominal,7,rollout/ep_len_mean,2744320,704.6799926757812
nominal,7,rollout/ep_len_mean,2752512,682.6099853515625
nominal,7,rollout/ep_len_mean,2760704,671.8300170898438
nominal,7,rollout/ep_len_mean,2768896,713.27001953125
nominal,7,rollout/ep_len_mean,2777088,717.6400146484375
nominal,7,rollout/ep_len_mean,2785280,746.239990234375
nominal,7,rollout/ep_len_mean,2793472,741.6300048828125
nominal,7,rollout/ep_len_mean,2801664,722.0900268554688
nominal,7,rollout/ep_len_mean,2809856,740.5800170898438
nominal,7,rollout/ep_len_mean,2818048,730.8099975585938
nominal,7,rollout/ep_len_mean,2826240,734.5499877929688
nominal,7,rollout/ep_len_mean,2834432,746.4400024414062
nominal,7,rollout/ep_len_mean,2842624,736.0800170898438
nominal,7,rollout/ep_len_mean,2850816,735.1500244140625
nominal,7,rollout/ep_len_mean,2859008,700.02001953125
nominal,7,rollout/ep_len_mean,2867200,691.4000244140625
nominal,7,rollout/ep_len_mean,2875392,693.1799926757812
nominal,7,rollout/ep_len_mean,2883584,709.3300170898438
nominal,7,rollout/ep_len_mean,2891776,719.8900146484375
nominal,7,rollout/ep_len_mean,2899968,729.0700073242188
nominal,7,rollout/ep_len_mean,2908160,717.4099731445312
nominal,7,rollout/ep_len_mean,2916352,704.969970703125
nominal,7,rollout/ep_len_mean,2924544,718.969970703125
nominal,7,rollout/ep_len_mean,2932736,724.75
nominal,7,rollout/ep_len_mean,2940928,729.1300048828125
nominal,7,rollout/ep_len_mean,2949120,767.3099975585938
nominal,7,rollout/ep_len_mean,2957312,752.3099975585938
nominal,7,rollout/ep_len_mean,2965504,742.8099975585938
nominal,7,rollout/ep_len_mean,2973696,761.469970703125
nominal,7,rollout/ep_len_mean,2981888,772.030029296875
nominal,7,rollout/ep_len_mean,2990080,767.9500122070312
nominal,7,rollout/ep_len_mean,2998272,757.280029296875
nominal,7,rollout/ep_len_mean,3006464,760.3699951171875
nominal,7,rollout/ep_len_mean,3014656,752.8400268554688
nominal,7,rollout/ep_len_mean,3022848,746.02001953125
nominal,7,rollout/ep_len_mean,3031040,737.3200073242188
nominal,7,rollout/ep_len_mean,3039232,730.72998046875
nominal,7,rollout/ep_len_mean,3047424,672.2000122070312
nominal,7,rollout/ep_len_mean,3055616,690.0700073242188
nominal,7,rollout/ep_len_mean,3063808,688.1199951171875
nominal,7,rollout/ep_len_mean,3072000,697.1599731445312
nominal,7,rollout/ep_len_mean,3080192,693.4500122070312
nominal,7,rollout/ep_len_mean,3088384,680.4000244140625
nominal,7,rollout/ep_len_mean,3096576,679.9400024414062
nominal,7,rollout/ep_len_mean,3104768,701.3699951171875
nominal,7,rollout/ep_len_mean,3112960,696.760009765625
nominal,7,rollout/ep_len_mean,3121152,708.6199951171875
nominal,7,rollout/ep_len_mean,3129344,710.1500244140625
nominal,7,rollout/ep_len_mean,3137536,686.6500244140625
nominal,7,rollout/ep_len_mean,3145728,699.719970703125
nominal,7,rollout/ep_len_mean,3153920,723.760009765625
nominal,7,rollout/ep_len_mean,3162112,754.0599975585938
nominal,7,rollout/ep_len_mean,3170304,754.7999877929688
nominal,7,rollout/ep_len_mean,3178496,747.8499755859375
nominal,7,rollout/ep_len_mean,3186688,773.2000122070312
nominal,7,rollout/ep_len_mean,3194880,765.3699951171875
nominal,7,rollout/ep_len_mean,3203072,753.0
nominal,7,rollout/ep_len_mean,3211264,772.6300048828125
nominal,7,rollout/ep_len_mean,3219456,800.989990234375
nominal,7,rollout/ep_len_mean,3227648,771.0700073242188
nominal,7,rollout/ep_len_mean,3235840,752.6099853515625
nominal,7,rollout/ep_len_mean,3244032,727.6599731445312
nominal,7,rollout/ep_len_mean,3252224,724.9000244140625
nominal,7,rollout/ep_len_mean,3260416,699.1199951171875
nominal,7,rollout/ep_len_mean,3268608,717.9299926757812
nominal,7,rollout/ep_len_mean,3276800,727.8099975585938
nominal,7,rollout/ep_len_mean,3284992,726.1599731445312
nominal,7,rollout/ep_len_mean,3293184,696.0499877929688
nominal,7,rollout/ep_len_mean,3301376,704.5800170898438
nominal,7,rollout/ep_len_mean,3309568,690.280029296875
nominal,7,rollout/ep_len_mean,3317760,717.6900024414062
nominal,7,rollout/ep_len_mean,3325952,728.6900024414062
nominal,7,rollout/ep_len_mean,3334144,754.8699951171875
nominal,7,rollout/ep_len_mean,3342336,735.4199829101562
nominal,7,rollout/ep_len_mean,3350528,732.510009765625
nominal,7,rollout/ep_len_mean,3358720,733.1699829101562
nominal,7,rollout/ep_len_mean,3366912,734.6599731445312
nominal,7,rollout/ep_len_mean,3375104,757.6799926757812
nominal,7,rollout/ep_len_mean,3383296,775.8099975585938
nominal,7,rollout/ep_len_mean,3391488,787.030029296875
nominal,7,rollout/ep_len_mean,3399680,778.4299926757812
nominal,7,rollout/ep_len_mean,3407872,781.6199951171875
nominal,7,rollout/ep_len_mean,3416064,761.3599853515625
nominal,7,rollout/ep_len_mean,3424256,763.469970703125
nominal,7,rollout/ep_len_mean,3432448,752.47998046875
nominal,7,rollout/ep_len_mean,3440640,749.3800048828125
nominal,7,rollout/ep_len_mean,3448832,733.510009765625
nominal,7,rollout/ep_len_mean,3457024,733.4199829101562
nominal,7,rollout/ep_len_mean,3465216,728.8900146484375
nominal,7,rollout/ep_len_mean,3473408,729.6599731445312
nominal,7,rollout/ep_len_mean,3481600,726.1199951171875
nominal,7,rollout/ep_len_mean,3489792,740.3400268554688
nominal,7,rollout/ep_len_mean,3497984,756.2000122070312
nominal,7,rollout/ep_len_mean,3506176,769.1199951171875
nominal,7,rollout/ep_len_mean,3514368,779.0
nominal,7,rollout/ep_len_mean,3522560,800.8200073242188
nominal,7,rollout/ep_len_mean,3530752,812.0399780273438
nominal,7,rollout/ep_len_mean,3538944,798.2100219726562
nominal,7,rollout/ep_len_mean,3547136,784.6599731445312
nominal,7,rollout/ep_len_mean,3555328,799.0399780273438
nominal,7,rollout/ep_len_mean,3563520,761.9299926757812
nominal,7,rollout/ep_len_mean,3571712,763.3800048828125
nominal,7,rollout/ep_len_mean,3579904,753.0
nominal,7,rollout/ep_len_mean,3588096,743.530029296875
nominal,7,rollout/ep_len_mean,3596288,764.6199951171875
nominal,7,rollout/ep_len_mean,3604480,738.6699829101562
nominal,7,rollout/ep_len_mean,3612672,756.9000244140625
nominal,7,rollout/ep_len_mean,3620864,760.530029296875
nominal,7,rollout/ep_len_mean,3629056,773.239990234375
nominal,7,rollout/ep_len_mean,3637248,789.3599853515625
nominal,7,rollout/ep_len_mean,3645440,825.8499755859375
nominal,7,rollout/ep_len_mean,3653632,841.010009765625
nominal,7,rollout/ep_len_mean,3661824,818.9400024414062
nominal,7,rollout/ep_len_mean,3670016,816.9299926757812
nominal,7,rollout/ep_len_mean,3678208,825.6500244140625
nominal,7,rollout/ep_len_mean,3686400,826.0499877929688
nominal,7,rollout/ep_len_mean,3694592,832.1199951171875
nominal,7,rollout/ep_len_mean,3702784,814.0999755859375
nominal,7,rollout/ep_len_mean,3710976,784.260009765625
nominal,7,rollout/ep_len_mean,3719168,761.2000122070312
nominal,7,rollout/ep_len_mean,3727360,758.6400146484375
nominal,7,rollout/ep_len_mean,3735552,769.3900146484375
nominal,7,rollout/ep_len_mean,3743744,777.469970703125
nominal,7,rollout/ep_len_mean,3751936,782.0800170898438
nominal,7,rollout/ep_len_mean,3760128,781.6599731445312
nominal,7,rollout/ep_len_mean,3768320,753.47998046875
nominal,7,rollout/ep_len_mean,3776512,763.6199951171875
nominal,7,rollout/ep_len_mean,3784704,792.969970703125
nominal,7,rollout/ep_len_mean,3792896,814.1300048828125
nominal,7,rollout/ep_len_mean,3801088,817.0900268554688
nominal,7,rollout/ep_len_mean,3809280,812.8699951171875
nominal,7,rollout/ep_len_mean,3817472,802.780029296875
nominal,7,rollout/ep_len_mean,3825664,783.510009765625
nominal,7,rollout/ep_len_mean,3833856,781.5700073242188
nominal,7,rollout/ep_len_mean,3842048,795.969970703125
nominal,7,rollout/ep_len_mean,3850240,831.5
nominal,7,rollout/ep_len_mean,3858432,802.5399780273438
nominal,7,rollout/ep_len_mean,3866624,789.1199951171875
nominal,7,rollout/ep_len_mean,3874816,797.25
nominal,7,rollout/ep_len_mean,3883008,819.010009765625
nominal,7,rollout/ep_len_mean,3891200,795.6699829101562
nominal,7,rollout/ep_len_mean,3899392,799.8200073242188
nominal,7,rollout/ep_len_mean,3907584,818.8099975585938
nominal,7,rollout/ep_len_mean,3915776,814.5399780273438
nominal,7,rollout/ep_len_mean,3923968,818.4199829101562
nominal,7,rollout/ep_len_mean,3932160,805.739990234375
nominal,7,rollout/ep_len_mean,3940352,807.5
nominal,7,rollout/ep_len_mean,3948544,815.469970703125
nominal,7,rollout/ep_len_mean,3956736,806.510009765625
nominal,7,rollout/ep_len_mean,3964928,815.02001953125
nominal,7,rollout/ep_len_mean,3973120,823.0599975585938
nominal,7,rollout/ep_len_mean,3981312,829.1099853515625
nominal,7,rollout/ep_len_mean,3989504,836.739990234375
nominal,7,rollout/ep_len_mean,3997696,842.4099731445312
nominal,7,rollout/ep_len_mean,4005888,844.4099731445312
nominal,7,rollout/ep_len_mean,4014080,825.8400268554688
nominal,7,rollout/ep_len_mean,4022272,847.3800048828125
nominal,7,rollout/ep_len_mean,4030464,839.0800170898438
nominal,7,rollout/ep_len_mean,4038656,833.22998046875
nominal,7,rollout/ep_len_mean,4046848,812.47998046875
nominal,7,rollout/ep_len_mean,4055040,827.6599731445312
nominal,7,rollout/ep_len_mean,4063232,839.1799926757812
nominal,7,rollout/ep_len_mean,4071424,829.8699951171875
nominal,7,rollout/ep_len_mean,4079616,807.5
nominal,7,rollout/ep_len_mean,4087808,815.25
nominal,7,rollout/ep_len_mean,4096000,826.25
nominal,7,rollout/ep_len_mean,4104192,837.0599975585938
nominal,7,rollout/ep_len_mean,4112384,821.0900268554688
nominal,7,rollout/ep_len_mean,4120576,823.989990234375
nominal,7,rollout/ep_len_mean,4128768,829.8499755859375
nominal,7,rollout/ep_len_mean,4136960,838.6400146484375
nominal,7,rollout/ep_len_mean,4145152,847.47998046875
nominal,7,rollout/ep_len_mean,4153344,858.2000122070312
nominal,7,rollout/ep_len_mean,4161536,876.5399780273438
nominal,7,rollout/ep_len_mean,4169728,892.739990234375
nominal,7,rollout/ep_len_mean,4177920,898.469970703125
nominal,7,rollout/ep_len_mean,4186112,892.3800048828125
nominal,7,rollout/ep_len_mean,4194304,890.8300170898438
nominal,7,rollout/ep_len_mean,4202496,899.219970703125
nominal,7,rollout/ep_len_mean,4210688,891.780029296875
nominal,7,rollout/ep_len_mean,4218880,903.6900024414062
nominal,7,rollout/ep_len_mean,4227072,898.3900146484375
nominal,7,rollout/ep_len_mean,4235264,885.27001953125
nominal,7,rollout/ep_len_mean,4243456,885.27001953125
nominal,7,rollout/ep_len_mean,4251648,861.7000122070312
nominal,7,rollout/ep_len_mean,4259840,874.6799926757812
nominal,7,rollout/ep_len_mean,4268032,862.8099975585938
nominal,7,rollout/ep_len_mean,4276224,843.5499877929688
nominal,7,rollout/ep_len_mean,4284416,851.3300170898438
nominal,7,rollout/ep_len_mean,4292608,836.0999755859375
nominal,7,rollout/ep_len_mean,4300800,862.1099853515625
nominal,7,rollout/ep_len_mean,4308992,855.25
nominal,7,rollout/ep_len_mean,4317184,867.6699829101562
nominal,7,rollout/ep_len_mean,4325376,858.9000244140625
nominal,7,rollout/ep_len_mean,4333568,836.9299926757812
nominal,7,rollout/ep_len_mean,4341760,841.9400024414062
nominal,7,rollout/ep_len_mean,4349952,861.0800170898438
nominal,7,rollout/ep_len_mean,4358144,829.8800048828125
nominal,7,rollout/ep_len_mean,4366336,824.5
nominal,7,rollout/ep_len_mean,4374528,838.9500122070312
nominal,7,rollout/ep_len_mean,4382720,832.0599975585938
nominal,7,rollout/ep_len_mean,4390912,841.0599975585938
nominal,7,rollout/ep_len_mean,4399104,833.02001953125
nominal,7,rollout/ep_len_mean,4407296,831.97998046875
nominal,7,rollout/ep_len_mean,4415488,837.4500122070312
nominal,7,rollout/ep_len_mean,4423680,828.8699951171875
nominal,7,rollout/ep_len_mean,4431872,821.510009765625
nominal,7,rollout/ep_len_mean,4440064,842.0800170898438
nominal,7,rollout/ep_len_mean,4448256,851.0399780273438
nominal,7,rollout/ep_len_mean,4456448,852.6099853515625
nominal,7,rollout/ep_len_mean,4464640,863.4000244140625
nominal,7,rollout/ep_len_mean,4472832,869.469970703125
nominal,7,rollout/ep_len_mean,4481024,874.780029296875
nominal,7,rollout/ep_len_mean,4489216,874.989990234375
nominal,7,rollout/ep_len_mean,4497408,884.6799926757812
nominal,7,rollout/ep_len_mean,4505600,874.02001953125
nominal,7,rollout/ep_len_mean,4513792,898.3400268554688
nominal,7,rollout/ep_len_mean,4521984,904.6199951171875
nominal,7,rollout/ep_len_mean,4530176,899.6500244140625
nominal,7,rollout/ep_len_mean,4538368,907.7000122070312
nominal,7,rollout/ep_len_mean,4546560,903.9199829101562
nominal,7,rollout/ep_len_mean,4554752,895.0900268554688
nominal,7,rollout/ep_len_mean,4562944,883.8699951171875
nominal,7,rollout/ep_len_mean,4571136,865.0399780273438
nominal,7,rollout/ep_len_mean,4579328,843.5499877929688
nominal,7,rollout/ep_len_mean,4587520,868.8400268554688
nominal,7,rollout/ep_len_mean,4595712,870.77001953125
nominal,7,rollout/ep_len_mean,4603904,878.5999755859375
nominal,7,rollout/ep_len_mean,4612096,864.8499755859375
nominal,7,rollout/ep_len_mean,4620288,854.4500122070312
nominal,7,rollout/ep_len_mean,4628480,867.4299926757812
nominal,7,rollout/ep_len_mean,4636672,879.2899780273438
nominal,7,rollout/ep_len_mean,4644864,880.9199829101562
nominal,7,rollout/ep_len_mean,4653056,875.6199951171875
nominal,7,rollout/ep_len_mean,4661248,880.0800170898438
nominal,7,rollout/ep_len_mean,4669440,895.5700073242188
nominal,7,rollout/ep_len_mean,4677632,864.27001953125
nominal,7,rollout/ep_len_mean,4685824,864.27001953125
nominal,7,rollout/ep_len_mean,4694016,841.5399780273438
nominal,7,rollout/ep_len_mean,4702208,869.1099853515625
nominal,7,rollout/ep_len_mean,4710400,878.6400146484375
nominal,7,rollout/ep_len_mean,4718592,865.5
nominal,7,rollout/ep_len_mean,4726784,856.8599853515625
nominal,7,rollout/ep_len_mean,4734976,851.5700073242188
nominal,7,rollout/ep_len_mean,4743168,866.8599853515625
nominal,7,rollout/ep_len_mean,4751360,858.9199829101562
nominal,7,rollout/ep_len_mean,4759552,853.6799926757812
nominal,7,rollout/ep_len_mean,4767744,851.510009765625
nominal,7,rollout/ep_len_mean,4775936,852.9000244140625
nominal,7,rollout/ep_len_mean,4784128,840.6300048828125
nominal,7,rollout/ep_len_mean,4792320,838.6699829101562
nominal,7,rollout/ep_len_mean,4800512,856.4400024414062
nominal,7,rollout/ep_len_mean,4808704,853.489990234375
nominal,7,rollout/ep_len_mean,4816896,850.1900024414062
nominal,7,rollout/ep_len_mean,4825088,857.1599731445312
nominal,7,rollout/ep_len_mean,4833280,870.0399780273438
nominal,7,rollout/ep_len_mean,4841472,876.760009765625
nominal,7,rollout/ep_len_mean,4849664,878.2999877929688
nominal,7,rollout/ep_len_mean,4857856,864.6900024414062
nominal,7,rollout/ep_len_mean,4866048,867.6300048828125
nominal,7,rollout/ep_len_mean,4874240,861.989990234375
nominal,7,rollout/ep_len_mean,4882432,851.9299926757812
nominal,7,rollout/ep_len_mean,4890624,854.8800048828125
nominal,7,rollout/ep_len_mean,4898816,842.2899780273438
nominal,7,rollout/ep_len_mean,4907008,837.9299926757812
nominal,7,rollout/ep_len_mean,4915200,810.3499755859375
nominal,7,rollout/ep_len_mean,4923392,814.6500244140625
nominal,7,rollout/ep_len_mean,4931584,813.1599731445312
nominal,7,rollout/ep_len_mean,4939776,823.9000244140625
nominal,7,rollout/ep_len_mean,4947968,836.6500244140625
nominal,7,rollout/ep_len_mean,4956160,818.8900146484375
nominal,7,rollout/ep_len_mean,4964352,830.7999877929688
nominal,7,rollout/ep_len_mean,4972544,823.530029296875
nominal,7,rollout/ep_len_mean,4980736,828.4600219726562
nominal,7,rollout/ep_len_mean,4988928,847.0
nominal,7,rollout/ep_len_mean,4997120,856.1799926757812
nominal,7,rollout/ep_len_mean,5005312,873.02001953125
nominal,7,train/approx_kl,16384,0.015834983438253403
nominal,7,train/approx_kl,24576,0.01461466308683157
nominal,7,train/approx_kl,32768,0.01808464154601097
nominal,7,train/approx_kl,40960,0.018457956612110138
nominal,7,train/approx_kl,49152,0.020653504878282547
nominal,7,train/approx_kl,57344,0.01999245211482048
nominal,7,train/approx_kl,65536,0.016380980610847473
nominal,7,train/approx_kl,73728,0.01944723166525364
nominal,7,train/approx_kl,81920,0.02024172618985176
nominal,7,train/approx_kl,90112,0.018302174285054207
nominal,7,train/approx_kl,98304,0.011972527951002121
nominal,7,train/approx_kl,106496,0.02094917744398117
nominal,7,train/approx_kl,114688,0.020783113315701485
nominal,7,train/approx_kl,122880,0.01958763599395752
nominal,7,train/approx_kl,131072,0.017660966143012047
nominal,7,train/approx_kl,139264,0.020293526351451874
nominal,7,train/approx_kl,147456,0.021037977188825607
nominal,7,train/approx_kl,155648,0.020794948562979698
nominal,7,train/approx_kl,163840,0.021488701924681664
nominal,7,train/approx_kl,172032,0.02092578448355198
nominal,7,train/approx_kl,180224,0.02063853107392788
nominal,7,train/approx_kl,188416,0.02521626092493534
nominal,7,train/approx_kl,196608,0.02892250381410122
nominal,7,train/approx_kl,204800,0.02204817533493042
nominal,7,train/approx_kl,212992,0.023029394447803497
nominal,7,train/approx_kl,221184,0.013510379008948803
nominal,7,train/approx_kl,229376,0.012503023259341717
nominal,7,train/approx_kl,237568,0.007959513925015926
nominal,7,train/approx_kl,245760,0.019708536565303802
nominal,7,train/approx_kl,253952,0.012292158789932728
nominal,7,train/approx_kl,262144,0.01950828544795513
nominal,7,train/approx_kl,270336,0.013573712669312954
nominal,7,train/approx_kl,278528,0.023454267531633377
nominal,7,train/approx_kl,286720,0.01396835409104824
nominal,7,train/approx_kl,294912,0.013328330591320992
nominal,7,train/approx_kl,303104,0.011069395579397678
nominal,7,train/approx_kl,311296,0.024809719994664192
nominal,7,train/approx_kl,319488,0.014001147821545601
nominal,7,train/approx_kl,327680,0.014698072336614132
nominal,7,train/approx_kl,335872,0.012619788758456707
nominal,7,train/approx_kl,344064,0.015119382180273533
nominal,7,train/approx_kl,352256,0.0214368999004364
nominal,7,train/approx_kl,360448,0.010501236654818058
nominal,7,train/approx_kl,368640,0.010987686924636364
nominal,7,train/approx_kl,376832,0.021727105602622032
nominal,7,train/approx_kl,385024,0.013756700791418552
nominal,7,train/approx_kl,393216,0.013698268681764603
nominal,7,train/approx_kl,401408,0.013808448798954487
nominal,7,train/approx_kl,409600,0.022871840745210648
nominal,7,train/approx_kl,417792,0.009436010383069515
nominal,7,train/approx_kl,425984,0.014192847535014153
nominal,7,train/approx_kl,434176,0.014058859087526798
nominal,7,train/approx_kl,442368,0.011707553640007973
nominal,7,train/approx_kl,450560,0.013126032426953316
nominal,7,train/approx_kl,458752,0.022904276847839355
nominal,7,train/approx_kl,466944,0.009226388297975063
nominal,7,train/approx_kl,475136,0.013778231106698513
nominal,7,train/approx_kl,483328,0.012068884447216988
nominal,7,train/approx_kl,491520,0.013977195136249065
nominal,7,train/approx_kl,499712,0.01140162255614996
nominal,7,train/approx_kl,507904,0.010763173922896385
nominal,7,train/approx_kl,516096,0.0214616060256958
nominal,7,train/approx_kl,524288,0.022762859240174294
nominal,7,train/approx_kl,532480,0.013055318035185337
nominal,7,train/approx_kl,540672,0.010347098112106323
nominal,7,train/approx_kl,548864,0.012964294292032719
nominal,7,train/approx_kl,557056,0.012306748889386654
nominal,7,train/approx_kl,565248,0.010020188987255096
nominal,7,train/approx_kl,573440,0.012905631214380264
nominal,7,train/approx_kl,581632,0.013440373353660107
nominal,7,train/approx_kl,589824,0.012530448846518993
nominal,7,train/approx_kl,598016,0.013373959809541702
nominal,7,train/approx_kl,606208,0.014319023117423058
nominal,7,train/approx_kl,614400,0.009805732406675816
nominal,7,train/approx_kl,622592,0.014791637659072876
nominal,7,train/approx_kl,630784,0.021702954545617104
nominal,7,train/approx_kl,638976,0.01255116332322359
nominal,7,train/approx_kl,647168,0.026626398786902428
nominal,7,train/approx_kl,655360,0.013335421681404114
nominal,7,train/approx_kl,663552,0.011987163685262203
nominal,7,train/approx_kl,671744,0.009740903973579407
nominal,7,train/approx_kl,679936,0.022654511034488678
nominal,7,train/approx_kl,688128,0.013952992856502533
nominal,7,train/approx_kl,696320,0.010683700442314148
nominal,7,train/approx_kl,704512,0.012606900185346603
nominal,7,train/approx_kl,712704,0.012771467678248882
nominal,7,train/approx_kl,720896,0.014075412414968014
nominal,7,train/approx_kl,729088,0.015626562759280205
nominal,7,train/approx_kl,737280,0.01389375515282154
nominal,7,train/approx_kl,745472,0.010088256560266018
nominal,7,train/approx_kl,753664,0.010649003088474274
nominal,7,train/approx_kl,761856,0.0272934939712286
nominal,7,train/approx_kl,770048,0.013346122577786446
nominal,7,train/approx_kl,778240,0.014008899219334126
nominal,7,train/approx_kl,786432,0.010678552091121674
nominal,7,train/approx_kl,794624,0.01586807891726494
nominal,7,train/approx_kl,802816,0.009363616816699505
nominal,7,train/approx_kl,811008,0.024604730308055878
nominal,7,train/approx_kl,819200,0.014718538150191307
nominal,7,train/approx_kl,827392,0.012990975752472878
nominal,7,train/approx_kl,835584,0.013145084492862225
nominal,7,train/approx_kl,843776,0.013873697258532047
nominal,7,train/approx_kl,851968,0.01500703301280737
nominal,7,train/approx_kl,860160,0.012869778089225292
nominal,7,train/approx_kl,868352,0.011763956397771835
nominal,7,train/approx_kl,876544,0.013018248602747917
nominal,7,train/approx_kl,884736,0.008661382831633091
nominal,7,train/approx_kl,892928,0.010701564140617847
nominal,7,train/approx_kl,901120,0.011990534141659737
nominal,7,train/approx_kl,909312,0.013314410112798214
nominal,7,train/approx_kl,917504,0.00949813425540924
nominal,7,train/approx_kl,925696,0.01124731358140707
nominal,7,train/approx_kl,933888,0.013313568197190762
nominal,7,train/approx_kl,942080,0.013479563407599926
nominal,7,train/approx_kl,950272,0.01551050040870905
nominal,7,train/approx_kl,958464,0.012547149322926998
nominal,7,train/approx_kl,966656,0.012358485721051693
nominal,7,train/approx_kl,974848,0.012821938842535019
nominal,7,train/approx_kl,983040,0.012231149710714817
nominal,7,train/approx_kl,991232,0.014661476947367191
nominal,7,train/approx_kl,999424,0.014267513528466225
nominal,7,train/approx_kl,1007616,0.010095612145960331
nominal,7,train/approx_kl,1015808,0.013781488873064518
nominal,7,train/approx_kl,1024000,0.013284798711538315
nominal,7,train/approx_kl,1032192,0.014482183381915092
nominal,7,train/approx_kl,1040384,0.005787054542452097
nominal,7,train/approx_kl,1048576,0.011989439837634563
nominal,7,train/approx_kl,1056768,0.0160834901034832
nominal,7,train/approx_kl,1064960,0.010687275789678097
nominal,7,train/approx_kl,1073152,0.010987562127411366
nominal,7,train/approx_kl,1081344,0.012991477735340595
nominal,7,train/approx_kl,1089536,0.010022015310823917
nominal,7,train/approx_kl,1097728,0.015104187652468681
nominal,7,train/approx_kl,1105920,0.013210705481469631
nominal,7,train/approx_kl,1114112,0.013745936565101147
nominal,7,train/approx_kl,1122304,0.012685614638030529
nominal,7,train/approx_kl,1130496,0.01006555836647749
nominal,7,train/approx_kl,1138688,0.014762038365006447
nominal,7,train/approx_kl,1146880,0.011858031153678894
nominal,7,train/approx_kl,1155072,0.007998856715857983
nominal,7,train/approx_kl,1163264,0.011726327240467072
nominal,7,train/approx_kl,1171456,0.01315818540751934
nominal,7,train/approx_kl,1179648,0.013624502345919609
nominal,7,train/approx_kl,1187840,0.011343875899910927
nominal,7,train/approx_kl,1196032,0.013529417105019093
nominal,7,train/approx_kl,1204224,0.013372588902711868
nominal,7,train/approx_kl,1212416,0.01186627708375454
nominal,7,train/approx_kl,1220608,0.01263713650405407
nominal,7,train/approx_kl,1228800,0.012140443548560143
nominal,7,train/approx_kl,1236992,0.014417380094528198
nominal,7,train/approx_kl,1245184,0.013749852776527405
nominal,7,train/approx_kl,1253376,0.013907752931118011
nominal,7,train/approx_kl,1261568,0.012078458443284035
nominal,7,train/approx_kl,1269760,0.012495642527937889
nominal,7,train/approx_kl,1277952,0.01220519095659256
nominal,7,train/approx_kl,1286144,0.010536429472267628
nominal,7,train/approx_kl,1294336,0.013912714086472988
nominal,7,train/approx_kl,1302528,0.009049435146152973
nominal,7,train/approx_kl,1310720,0.012623150832951069
nominal,7,train/approx_kl,1318912,0.011201959103345871
nominal,7,train/approx_kl,1327104,0.016879938542842865
nominal,7,train/approx_kl,1335296,0.013649585656821728
nominal,7,train/approx_kl,1343488,0.010257929563522339
nominal,7,train/approx_kl,1351680,0.013841352425515652
nominal,7,train/approx_kl,1359872,0.014283891767263412
nominal,7,train/approx_kl,1368064,0.013045242987573147
nominal,7,train/approx_kl,1376256,0.012686247937381268
nominal,7,train/approx_kl,1384448,0.013392709195613861
nominal,7,train/approx_kl,1392640,0.01178344152867794
nominal,7,train/approx_kl,1400832,0.014232025481760502
nominal,7,train/approx_kl,1409024,0.010390200652182102
nominal,7,train/approx_kl,1417216,0.014557091519236565
nominal,7,train/approx_kl,1425408,0.01333930529654026
nominal,7,train/approx_kl,1433600,0.011124757118523121
nominal,7,train/approx_kl,1441792,0.012483729980885983
nominal,7,train/approx_kl,1449984,0.015391368418931961
nominal,7,train/approx_kl,1458176,0.015356949530541897
nominal,7,train/approx_kl,1466368,0.012439792975783348
nominal,7,train/approx_kl,1474560,0.011154326610267162
nominal,7,train/approx_kl,1482752,0.011949964798986912
nominal,7,train/approx_kl,1490944,0.013799848034977913
nominal,7,train/approx_kl,1499136,0.012796271592378616
nominal,7,train/approx_kl,1507328,0.009960822761058807
nominal,7,train/approx_kl,1515520,0.012817886658012867
nominal,7,train/approx_kl,1523712,0.016018088907003403
nominal,7,train/approx_kl,1531904,0.010880187153816223
nominal,7,train/approx_kl,1540096,0.012095734477043152
nominal,7,train/approx_kl,1548288,0.014797849580645561
nominal,7,train/approx_kl,1556480,0.01143474131822586
nominal,7,train/approx_kl,1564672,0.010134651325643063
nominal,7,train/approx_kl,1572864,0.013225879520177841
nominal,7,train/approx_kl,1581056,0.013250811025500298
nominal,7,train/approx_kl,1589248,0.011727248318493366
nominal,7,train/approx_kl,1597440,0.01068643294274807
nominal,7,train/approx_kl,1605632,0.015481086447834969
nominal,7,train/approx_kl,1613824,0.015463287942111492
nominal,7,train/approx_kl,1622016,0.011885050684213638
nominal,7,train/approx_kl,1630208,0.010487309657037258
nominal,7,train/approx_kl,1638400,0.011336320079863071
nominal,7,train/approx_kl,1646592,0.011004769243299961
nominal,7,train/approx_kl,1654784,0.011061174795031548
nominal,7,train/approx_kl,1662976,0.012601743452250957
nominal,7,train/approx_kl,1671168,0.011695671826601028
nominal,7,train/approx_kl,1679360,0.010597995482385159
nominal,7,train/approx_kl,1687552,0.008508935570716858
nominal,7,train/approx_kl,1695744,0.01105679851025343
nominal,7,train/approx_kl,1703936,0.012058849446475506
nominal,7,train/approx_kl,1712128,0.010238811373710632
nominal,7,train/approx_kl,1720320,0.013622457161545753
nominal,7,train/approx_kl,1728512,0.01241498813033104
nominal,7,train/approx_kl,1736704,0.01118839904665947
nominal,7,train/approx_kl,1744896,0.013264886103570461
nominal,7,train/approx_kl,1753088,0.008817814290523529
nominal,7,train/approx_kl,1761280,0.011445963755249977
nominal,7,train/approx_kl,1769472,0.011810775846242905
nominal,7,train/approx_kl,1777664,0.01277833804488182
nominal,7,train/approx_kl,1785856,0.012914896011352539
nominal,7,train/approx_kl,1794048,0.008485046215355396
nominal,7,train/approx_kl,1802240,0.01207736600190401
nominal,7,train/approx_kl,1810432,0.012673000805079937
nominal,7,train/approx_kl,1818624,0.01257014274597168
nominal,7,train/approx_kl,1826816,0.014085599221289158
nominal,7,train/approx_kl,1835008,0.010730997659265995
nominal,7,train/approx_kl,1843200,0.009166575968265533
nominal,7,train/approx_kl,1851392,0.010459816083312035
nominal,7,train/approx_kl,1859584,0.009658186696469784
nominal,7,train/approx_kl,1867776,0.0100193927064538
nominal,7,train/approx_kl,1875968,0.01620478928089142
nominal,7,train/approx_kl,1884160,0.011910953558981419
nominal,7,train/approx_kl,1892352,0.01042740698903799
nominal,7,train/approx_kl,1900544,0.013133065775036812
nominal,7,train/approx_kl,1908736,0.014105027541518211
nominal,7,train/approx_kl,1916928,0.013149069622159004
nominal,7,train/approx_kl,1925120,0.010971270501613617
nominal,7,train/approx_kl,1933312,0.013560537248849869
nominal,7,train/approx_kl,1941504,0.014616855420172215
nominal,7,train/approx_kl,1949696,0.013047730550169945
nominal,7,train/approx_kl,1957888,0.012860853224992752
nominal,7,train/approx_kl,1966080,0.01104668341577053
nominal,7,train/approx_kl,1974272,0.01268669031560421
nominal,7,train/approx_kl,1982464,0.01264249999076128
nominal,7,train/approx_kl,1990656,0.01632840186357498
nominal,7,train/approx_kl,1998848,0.015283448621630669
nominal,7,train/approx_kl,2007040,0.01066747959703207
nominal,7,train/approx_kl,2015232,0.013068659231066704
nominal,7,train/approx_kl,2023424,0.013386962004005909
nominal,7,train/approx_kl,2031616,0.015541362576186657
nominal,7,train/approx_kl,2039808,0.011515967547893524
nominal,7,train/approx_kl,2048000,0.011048417538404465
nominal,7,train/approx_kl,2056192,0.012088090181350708
nominal,7,train/approx_kl,2064384,0.011754123494029045
nominal,7,train/approx_kl,2072576,0.01188026461750269
nominal,7,train/approx_kl,2080768,0.012827634811401367
nominal,7,train/approx_kl,2088960,0.010792248882353306
nominal,7,train/approx_kl,2097152,0.012933346442878246
nominal,7,train/approx_kl,2105344,0.013044082559645176
nominal,7,train/approx_kl,2113536,0.015174810774624348
nominal,7,train/approx_kl,2121728,0.013208278454840183
nominal,7,train/approx_kl,2129920,0.011263377964496613
nominal,7,train/approx_kl,2138112,0.009593146853148937
nominal,7,train/approx_kl,2146304,0.012428740970790386
nominal,7,train/approx_kl,2154496,0.010756440460681915
nominal,7,train/approx_kl,2162688,0.012149767018854618
nominal,7,train/approx_kl,2170880,0.01619393192231655
nominal,7,train/approx_kl,2179072,0.009955747984349728
nominal,7,train/approx_kl,2187264,0.012493005953729153
nominal,7,train/approx_kl,2195456,0.014522244222462177
nominal,7,train/approx_kl,2203648,0.011976731941103935
nominal,7,train/approx_kl,2211840,0.012134300544857979
nominal,7,train/approx_kl,2220032,0.013244854286313057
nominal,7,train/approx_kl,2228224,0.010417304933071136
nominal,7,train/approx_kl,2236416,0.009680330753326416
nominal,7,train/approx_kl,2244608,0.00894560944288969
nominal,7,train/approx_kl,2252800,0.010306083597242832
nominal,7,train/approx_kl,2260992,0.009017763659358025
nominal,7,train/approx_kl,2269184,0.01544539537280798
nominal,7,train/approx_kl,2277376,0.011241420172154903
nominal,7,train/approx_kl,2285568,0.012832102365791798
nominal,7,train/approx_kl,2293760,0.010625099763274193
nominal,7,train/approx_kl,2301952,0.01382863987237215
nominal,7,train/approx_kl,2310144,0.010612799786031246
nominal,7,train/approx_kl,2318336,0.015183160081505775
nominal,7,train/approx_kl,2326528,0.010870367288589478
nominal,7,train/approx_kl,2334720,0.013084019534289837
nominal,7,train/approx_kl,2342912,0.012563470751047134
nominal,7,train/approx_kl,2351104,0.011492030695080757
nominal,7,train/approx_kl,2359296,0.022258909419178963
nominal,7,train/approx_kl,2367488,0.00960012897849083
nominal,7,train/approx_kl,2375680,0.011967434547841549
nominal,7,train/approx_kl,2383872,0.012610767036676407
nominal,7,train/approx_kl,2392064,0.015054982155561447
nominal,7,train/approx_kl,2400256,0.015752311795949936
nominal,7,train/approx_kl,2408448,0.012146882712841034
nominal,7,train/approx_kl,2416640,0.013840829022228718
nominal,7,train/approx_kl,2424832,0.011359425261616707
nominal,7,train/approx_kl,2433024,0.01171875
nominal,7,train/approx_kl,2441216,0.011727564036846161
nominal,7,train/approx_kl,2449408,0.012644736096262932
nominal,7,train/approx_kl,2457600,0.01488377247005701
nominal,7,train/approx_kl,2465792,0.012981647625565529
nominal,7,train/approx_kl,2473984,0.02506124973297119
nominal,7,train/approx_kl,2482176,0.010208082385361195
nominal,7,train/approx_kl,2490368,0.014476732350885868
nominal,7,train/approx_kl,2498560,0.010334469377994537
nominal,7,train/approx_kl,2506752,0.014151754789054394
nominal,7,train/approx_kl,2514944,0.012242628261446953
nominal,7,train/approx_kl,2523136,0.011509548872709274
nominal,7,train/approx_kl,2531328,0.012826304882764816
nominal,7,train/approx_kl,2539520,0.012205746956169605
nominal,7,train/approx_kl,2547712,0.011760454624891281
nominal,7,train/approx_kl,2555904,0.013163339346647263
nominal,7,train/approx_kl,2564096,0.012468154542148113
nominal,7,train/approx_kl,2572288,0.014421661384403706
nominal,7,train/approx_kl,2580480,0.015479156747460365
nominal,7,train/approx_kl,2588672,0.013773947954177856
nominal,7,train/approx_kl,2596864,0.01289634220302105
nominal,7,train/approx_kl,2605056,0.013277655467391014
nominal,7,train/approx_kl,2613248,0.014909094199538231
nominal,7,train/approx_kl,2621440,0.013985765166580677
nominal,7,train/approx_kl,2629632,0.012660698033869267
nominal,7,train/approx_kl,2637824,0.013628273271024227
nominal,7,train/approx_kl,2646016,0.013197263702750206
nominal,7,train/approx_kl,2654208,0.010872092097997665
nominal,7,train/approx_kl,2662400,0.009680209681391716
nominal,7,train/approx_kl,2670592,0.012538463808596134
nominal,7,train/approx_kl,2678784,0.010740556754171848
nominal,7,train/approx_kl,2686976,0.01378326304256916
nominal,7,train/approx_kl,2695168,0.009554789401590824
nominal,7,train/approx_kl,2703360,0.01280360110104084
nominal,7,train/approx_kl,2711552,0.013426689431071281
nominal,7,train/approx_kl,2719744,0.013895942829549313
nominal,7,train/approx_kl,2727936,0.015650777146220207
nominal,7,train/approx_kl,2736128,0.011324378661811352
nominal,7,train/approx_kl,2744320,0.014876073226332664
nominal,7,train/approx_kl,2752512,0.02032718062400818
nominal,7,train/approx_kl,2760704,0.015107618644833565
nominal,7,train/approx_kl,2768896,0.012891720980405807
nominal,7,train/approx_kl,2777088,0.04434619098901749
nominal,7,train/approx_kl,2785280,0.014205657877027988
nominal,7,train/approx_kl,2793472,0.01481809001415968
nominal,7,train/approx_kl,2801664,0.012083197012543678
nominal,7,train/approx_kl,2809856,0.012070516124367714
nominal,7,train/approx_kl,2818048,0.013774607330560684
nominal,7,train/approx_kl,2826240,0.01446557231247425
nominal,7,train/approx_kl,2834432,0.012896476313471794
nominal,7,train/approx_kl,2842624,0.012451176531612873
nominal,7,train/approx_kl,2850816,0.013380397111177444
nominal,7,train/approx_kl,2859008,0.011827787384390831
nominal,7,train/approx_kl,2867200,0.01237422600388527
nominal,7,train/approx_kl,2875392,0.013941168785095215
nominal,7,train/approx_kl,2883584,0.011961612850427628
nominal,7,train/approx_kl,2891776,0.013196064159274101
nominal,7,train/approx_kl,2899968,0.014159738086163998
nominal,7,train/approx_kl,2908160,0.015164955519139767
nominal,7,train/approx_kl,2916352,0.013238770887255669
nominal,7,train/approx_kl,2924544,0.012729505077004433
nominal,7,train/approx_kl,2932736,0.012366274371743202
nominal,7,train/approx_kl,2940928,0.02429352141916752
nominal,7,train/approx_kl,2949120,0.009745310060679913
nominal,7,train/approx_kl,2957312,0.012450037524104118
nominal,7,train/approx_kl,2965504,0.011220745742321014
nominal,7,train/approx_kl,2973696,0.010656322352588177
nominal,7,train/approx_kl,2981888,0.01256115734577179
nominal,7,train/approx_kl,2990080,0.020681222900748253
nominal,7,train/approx_kl,2998272,0.013324612751603127
nominal,7,train/approx_kl,3006464,0.011776309460401535
nominal,7,train/approx_kl,3014656,0.009221477434039116
nominal,7,train/approx_kl,3022848,0.010846746154129505
nominal,7,train/approx_kl,3031040,0.011879472061991692
nominal,7,train/approx_kl,3039232,0.02463262900710106
nominal,7,train/approx_kl,3047424,0.014339091256260872
nominal,7,train/approx_kl,3055616,0.012323162518441677
nominal,7,train/approx_kl,3063808,0.012894718907773495
nominal,7,train/approx_kl,3072000,0.009213479235768318
nominal,7,train/approx_kl,3080192,0.013891596347093582
nominal,7,train/approx_kl,3088384,0.015723155811429024
nominal,7,train/approx_kl,3096576,0.010625103488564491
nominal,7,train/approx_kl,3104768,0.01375333871692419
nominal,7,train/approx_kl,3112960,0.013790344819426537
nominal,7,train/approx_kl,3121152,0.014851457439363003
nominal,7,train/approx_kl,3129344,0.013360366225242615
nominal,7,train/approx_kl,3137536,0.010124294087290764
nominal,7,train/approx_kl,3145728,0.01159659307450056
nominal,7,train/approx_kl,3153920,0.012417630292475224
nominal,7,train/approx_kl,3162112,0.011757747270166874
nominal,7,train/approx_kl,3170304,0.014621281996369362
nominal,7,train/approx_kl,3178496,0.015607228502631187
nominal,7,train/approx_kl,3186688,0.01330948993563652
nominal,7,train/approx_kl,3194880,0.0119155403226614
nominal,7,train/approx_kl,3203072,0.013523478992283344
nominal,7,train/approx_kl,3211264,0.01392498891800642
nominal,7,train/approx_kl,3219456,0.012849823571741581
nominal,7,train/approx_kl,3227648,0.013139227405190468
nominal,7,train/approx_kl,3235840,0.011437186039984226
nominal,7,train/approx_kl,3244032,0.012444771826267242
nominal,7,train/approx_kl,3252224,0.014039041474461555
nominal,7,train/approx_kl,3260416,0.010114003904163837
nominal,7,train/approx_kl,3268608,0.009621916338801384
nominal,7,train/approx_kl,3276800,0.013416175730526447
nominal,7,train/approx_kl,3284992,0.014391624368727207
nominal,7,train/approx_kl,3293184,0.011899936944246292
nominal,7,train/approx_kl,3301376,0.011665715835988522
nominal,7,train/approx_kl,3309568,0.012542800046503544
nominal,7,train/approx_kl,3317760,0.010239818133413792
nominal,7,train/approx_kl,3325952,0.01098982710391283
nominal,7,train/approx_kl,3334144,0.014314904808998108
nominal,7,train/approx_kl,3342336,0.02271963655948639
nominal,7,train/approx_kl,3350528,0.011117491871118546
nominal,7,train/approx_kl,3358720,0.010661414824426174
nominal,7,train/approx_kl,3366912,0.010612133890390396
nominal,7,train/approx_kl,3375104,0.0130758723244071
nominal,7,train/approx_kl,3383296,0.015254426747560501
nominal,7,train/approx_kl,3391488,0.022938353940844536
nominal,7,train/approx_kl,3399680,0.011415649205446243
nominal,7,train/approx_kl,3407872,0.011093421839177608
nominal,7,train/approx_kl,3416064,0.01284322701394558
nominal,7,train/approx_kl,3424256,0.01147359050810337
nominal,7,train/approx_kl,3432448,0.011898583732545376
nominal,7,train/approx_kl,3440640,0.0118654640391469
nominal,7,train/approx_kl,3448832,0.018952403217554092
nominal,7,train/approx_kl,3457024,0.020044125616550446
nominal,7,train/approx_kl,3465216,0.021420108154416084
nominal,7,train/approx_kl,3473408,0.014230127446353436
nominal,7,train/approx_kl,3481600,0.012376619502902031
nominal,7,train/approx_kl,3489792,0.014007799327373505
nominal,7,train/approx_kl,3497984,0.013139848597347736
nominal,7,train/approx_kl,3506176,0.020117951557040215
nominal,7,train/approx_kl,3514368,0.010963373817503452
nominal,7,train/approx_kl,3522560,0.011971774511039257
nominal,7,train/approx_kl,3530752,0.01995828188955784
nominal,7,train/approx_kl,3538944,0.010260766372084618
nominal,7,train/approx_kl,3547136,0.02096361294388771
nominal,7,train/approx_kl,3555328,0.013840096071362495
nominal,7,train/approx_kl,3563520,0.012489895336329937
nominal,7,train/approx_kl,3571712,0.00982977170497179
nominal,7,train/approx_kl,3579904,0.011418427340686321
nominal,7,train/approx_kl,3588096,0.01419949159026146
nominal,7,train/approx_kl,3596288,0.007748556323349476
nominal,7,train/approx_kl,3604480,0.008917702361941338
nominal,7,train/approx_kl,3612672,0.012330079451203346
nominal,7,train/approx_kl,3620864,0.014448186382651329
nominal,7,train/approx_kl,3629056,0.012451711110770702
nominal,7,train/approx_kl,3637248,0.010780679993331432
nominal,7,train/approx_kl,3645440,0.020858388394117355
nominal,7,train/approx_kl,3653632,0.011742264032363892
nominal,7,train/approx_kl,3661824,0.02086975798010826
nominal,7,train/approx_kl,3670016,0.013548072427511215
nominal,7,train/approx_kl,3678208,0.01312569621950388
nominal,7,train/approx_kl,3686400,0.018828799948096275
nominal,7,train/approx_kl,3694592,0.012231647968292236
nominal,7,train/approx_kl,3702784,0.012613656930625439
nominal,7,train/approx_kl,3710976,0.014888755977153778
nominal,7,train/approx_kl,3719168,0.011785941198468208
nominal,7,train/approx_kl,3727360,0.009347029030323029
nominal,7,train/approx_kl,3735552,0.02021738886833191
nominal,7,train/approx_kl,3743744,0.020551059395074844
nominal,7,train/approx_kl,3751936,0.014292593114078045
nominal,7,train/approx_kl,3760128,0.02115444280207157
nominal,7,train/approx_kl,3768320,0.011882450431585312
nominal,7,train/approx_kl,3776512,0.010090877301990986
nominal,7,train/approx_kl,3784704,0.014193558134138584
nominal,7,train/approx_kl,3792896,0.019485313445329666
nominal,7,train/approx_kl,3801088,0.0194880161434412
nominal,7,train/approx_kl,3809280,0.011025833897292614
nominal,7,train/approx_kl,3817472,0.014269286766648293
nominal,7,train/approx_kl,3825664,0.02399488165974617
nominal,7,train/approx_kl,3833856,0.014351919293403625
nominal,7,train/approx_kl,3842048,0.023350974544882774
nominal,7,train/approx_kl,3850240,0.01273036003112793
nominal,7,train/approx_kl,3858432,0.014052617363631725
nominal,7,train/approx_kl,3866624,0.011429439298808575
nominal,7,train/approx_kl,3874816,0.01382102444767952
nominal,7,train/approx_kl,3883008,0.014411716721951962
nominal,7,train/approx_kl,3891200,0.020237794145941734
nominal,7,train/approx_kl,3899392,0.011518999934196472
nominal,7,train/approx_kl,3907584,0.009658144786953926
nominal,7,train/approx_kl,3915776,0.013817903585731983
nominal,7,train/approx_kl,3923968,0.014061272144317627
nominal,7,train/approx_kl,3932160,0.021866414695978165
nominal,7,train/approx_kl,3940352,0.01363397017121315
nominal,7,train/approx_kl,3948544,0.012751338072121143
nominal,7,train/approx_kl,3956736,0.02128947153687477
nominal,7,train/approx_kl,3964928,0.013682828284800053
nominal,7,train/approx_kl,3973120,0.012343229725956917
nominal,7,train/approx_kl,3981312,0.012978515587747097
nominal,7,train/approx_kl,3989504,0.014458122663199902
nominal,7,train/approx_kl,3997696,0.019466537982225418
nominal,7,train/approx_kl,4005888,0.011426863260567188
nominal,7,train/approx_kl,4014080,0.0115886852145195
nominal,7,train/approx_kl,4022272,0.020617391914129257
nominal,7,train/approx_kl,4030464,0.02130155824124813
nominal,7,train/approx_kl,4038656,0.021102843806147575
nominal,7,train/approx_kl,4046848,0.010640639811754227
nominal,7,train/approx_kl,4055040,0.011359324678778648
nominal,7,train/approx_kl,4063232,0.009835571050643921
nominal,7,train/approx_kl,4071424,0.01267356425523758
nominal,7,train/approx_kl,4079616,0.021630723029375076
nominal,7,train/approx_kl,4087808,0.014124017208814621
nominal,7,train/approx_kl,4096000,0.020064067095518112
nominal,7,train/approx_kl,4104192,0.012008482590317726
nominal,7,train/approx_kl,4112384,0.011076257564127445
nominal,7,train/approx_kl,4120576,0.013280004262924194
nominal,7,train/approx_kl,4128768,0.011464840732514858
nominal,7,train/approx_kl,4136960,0.011611360125243664
nominal,7,train/approx_kl,4145152,0.021436523646116257
nominal,7,train/approx_kl,4153344,0.010607556439936161
nominal,7,train/approx_kl,4161536,0.011444827541708946
nominal,7,train/approx_kl,4169728,0.01899724453687668
nominal,7,train/approx_kl,4177920,0.01911281980574131
nominal,7,train/approx_kl,4186112,0.011446516029536724
nominal,7,train/approx_kl,4194304,0.018047135323286057
nominal,7,train/approx_kl,4202496,0.011626764200627804
nominal,7,train/approx_kl,4210688,0.019436005502939224
nominal,7,train/approx_kl,4218880,0.02252965420484543
nominal,7,train/approx_kl,4227072,0.019848890602588654
nominal,7,train/approx_kl,4235264,0.02000010386109352
nominal,7,train/approx_kl,4243456,0.019826170057058334
nominal,7,train/approx_kl,4251648,0.018362147733569145
nominal,7,train/approx_kl,4259840,0.027163079008460045
nominal,7,train/approx_kl,4268032,0.012328906916081905
nominal,7,train/approx_kl,4276224,0.012162793427705765
nominal,7,train/approx_kl,4284416,0.012081668712198734
nominal,7,train/approx_kl,4292608,0.019610948860645294
nominal,7,train/approx_kl,4300800,0.01013991516083479
nominal,7,train/approx_kl,4308992,0.019586922600865364
nominal,7,train/approx_kl,4317184,0.011196556501090527
nominal,7,train/approx_kl,4325376,0.018876371905207634
nominal,7,train/approx_kl,4333568,0.017266156151890755
nominal,7,train/approx_kl,4341760,0.010434851050376892
nominal,7,train/approx_kl,4349952,0.01928701065480709
nominal,7,train/approx_kl,4358144,0.011921748518943787
nominal,7,train/approx_kl,4366336,0.01186007633805275
nominal,7,train/approx_kl,4374528,0.011989501304924488
nominal,7,train/approx_kl,4382720,0.017391879111528397
nominal,7,train/approx_kl,4390912,0.020889781415462494
nominal,7,train/approx_kl,4399104,0.010312012396752834
nominal,7,train/approx_kl,4407296,0.016574503853917122
nominal,7,train/approx_kl,4415488,0.015891332179307938
nominal,7,train/approx_kl,4423680,0.02155570313334465
nominal,7,train/approx_kl,4431872,0.01196348574012518
nominal,7,train/approx_kl,4440064,0.010944467969238758
nominal,7,train/approx_kl,4448256,0.011406896635890007
nominal,7,train/approx_kl,4456448,0.010500735603272915
nominal,7,train/approx_kl,4464640,0.02508644387125969
nominal,7,train/approx_kl,4472832,0.017823269590735435
nominal,7,train/approx_kl,4481024,0.016594823449850082
nominal,7,train/approx_kl,4489216,0.01769997365772724
nominal,7,train/approx_kl,4497408,0.010881000198423862
nominal,7,train/approx_kl,4505600,0.019213426858186722
nominal,7,train/approx_kl,4513792,0.021140320226550102
nominal,7,train/approx_kl,4521984,0.012841299176216125
nominal,7,train/approx_kl,4530176,0.011135948821902275
nominal,7,train/approx_kl,4538368,0.01923917606472969
nominal,7,train/approx_kl,4546560,0.02285795472562313
nominal,7,train/approx_kl,4554752,0.018675245344638824
nominal,7,train/approx_kl,4562944,0.0210409052670002
nominal,7,train/approx_kl,4571136,0.010583019815385342
nominal,7,train/approx_kl,4579328,0.023310892283916473
nominal,7,train/approx_kl,4587520,0.021956562995910645
nominal,7,train/approx_kl,4595712,0.021544378250837326
nominal,7,train/approx_kl,4603904,0.018077267333865166
nominal,7,train/approx_kl,4612096,0.020870665088295937
nominal,7,train/approx_kl,4620288,0.017960477620363235
nominal,7,train/approx_kl,4628480,0.01228028628975153
nominal,7,train/approx_kl,4636672,0.0195828415453434
nominal,7,train/approx_kl,4644864,0.011900720186531544
nominal,7,train/approx_kl,4653056,0.02372756227850914
nominal,7,train/approx_kl,4661248,0.009821736253798008
nominal,7,train/approx_kl,4669440,0.011396080255508423
nominal,7,train/approx_kl,4677632,0.011752696707844734
nominal,7,train/approx_kl,4685824,0.026519829407334328
nominal,7,train/approx_kl,4694016,0.0196693018078804
nominal,7,train/approx_kl,4702208,0.02206452004611492
nominal,7,train/approx_kl,4710400,0.009306899271905422
nominal,7,train/approx_kl,4718592,0.01858251355588436
nominal,7,train/approx_kl,4726784,0.0116058848798275
nominal,7,train/approx_kl,4734976,0.02033952809870243
nominal,7,train/approx_kl,4743168,0.011119729839265347
nominal,7,train/approx_kl,4751360,0.024891847744584084
nominal,7,train/approx_kl,4759552,0.020639650523662567
nominal,7,train/approx_kl,4767744,0.01985016278922558
nominal,7,train/approx_kl,4775936,0.018719099462032318
nominal,7,train/approx_kl,4784128,0.011792158707976341
nominal,7,train/approx_kl,4792320,0.01756112277507782
nominal,7,train/approx_kl,4800512,0.022959858179092407
nominal,7,train/approx_kl,4808704,0.01831459067761898
nominal,7,train/approx_kl,4816896,0.014613376930356026
nominal,7,train/approx_kl,4825088,0.018872275948524475
nominal,7,train/approx_kl,4833280,0.019650408998131752
nominal,7,train/approx_kl,4841472,0.023165658116340637
nominal,7,train/approx_kl,4849664,0.03309241309762001
nominal,7,train/approx_kl,4857856,0.020407723262906075
nominal,7,train/approx_kl,4866048,0.023401210084557533
nominal,7,train/approx_kl,4874240,0.009413426741957664
nominal,7,train/approx_kl,4882432,0.01950540393590927
nominal,7,train/approx_kl,4890624,0.02059587650001049
nominal,7,train/approx_kl,4898816,0.01976677030324936
nominal,7,train/approx_kl,4907008,0.01992163062095642
nominal,7,train/approx_kl,4915200,0.024628138169646263
nominal,7,train/approx_kl,4923392,0.01976909674704075
nominal,7,train/approx_kl,4931584,0.018808001652359962
nominal,7,train/approx_kl,4939776,0.013085016049444675
nominal,7,train/approx_kl,4947968,0.019321223720908165
nominal,7,train/approx_kl,4956160,0.02028561569750309
nominal,7,train/approx_kl,4964352,0.0193009115755558
nominal,7,train/approx_kl,4972544,0.019460711628198624
nominal,7,train/approx_kl,4980736,0.010996525175869465
nominal,7,train/approx_kl,4988928,0.017953233793377876
nominal,7,train/approx_kl,4997120,0.018127771094441414
nominal,7,train/approx_kl,5005312,0.018317244946956635
nominal,7,train/clip_fraction,16384,0.15680444240570068
nominal,7,train/clip_fraction,24576,0.13219104707241058
nominal,7,train/clip_fraction,32768,0.18833111226558685
nominal,7,train/clip_fraction,40960,0.19764819741249084
nominal,7,train/clip_fraction,49152,0.20486679673194885
nominal,7,train/clip_fraction,57344,0.2223229557275772
nominal,7,train/clip_fraction,65536,0.16977164149284363
nominal,7,train/clip_fraction,73728,0.18172940611839294
nominal,7,train/clip_fraction,81920,0.18811793625354767
nominal,7,train/clip_fraction,90112,0.1722889095544815
nominal,7,train/clip_fraction,98304,0.16770833730697632
nominal,7,train/clip_fraction,106496,0.1836472600698471
nominal,7,train/clip_fraction,114688,0.21119791269302368
nominal,7,train/clip_fraction,122880,0.217751145362854
nominal,7,train/clip_fraction,131072,0.17607758939266205
nominal,7,train/clip_fraction,139264,0.17947345972061157
nominal,7,train/clip_fraction,147456,0.19164541363716125
nominal,7,train/clip_fraction,155648,0.2112341821193695
nominal,7,train/clip_fraction,163840,0.1775968372821808
nominal,7,train/clip_fraction,172032,0.2084888070821762
nominal,7,train/clip_fraction,180224,0.21026332676410675
nominal,7,train/clip_fraction,188416,0.1780550330877304
nominal,7,train/clip_fraction,196608,0.200500950217247
nominal,7,train/clip_fraction,204800,0.1978219747543335
nominal,7,train/clip_fraction,212992,0.19936130940914154
nominal,7,train/clip_fraction,221184,0.18669871985912323
nominal,7,train/clip_fraction,229376,0.17585784196853638
nominal,7,train/clip_fraction,237568,0.0891927108168602
nominal,7,train/clip_fraction,245760,0.1966145783662796
nominal,7,train/clip_fraction,253952,0.17159347236156464
nominal,7,train/clip_fraction,262144,0.1970730572938919
nominal,7,train/clip_fraction,270336,0.186092346906662
nominal,7,train/clip_fraction,278528,0.2138865888118744
nominal,7,train/clip_fraction,286720,0.18687500059604645
nominal,7,train/clip_fraction,294912,0.18592171370983124
nominal,7,train/clip_fraction,303104,0.15372242033481598
nominal,7,train/clip_fraction,311296,0.21134868264198303
nominal,7,train/clip_fraction,319488,0.1931818127632141
nominal,7,train/clip_fraction,327680,0.2109375
nominal,7,train/clip_fraction,335872,0.17323370277881622
nominal,7,train/clip_fraction,344064,0.20624999701976776
nominal,7,train/clip_fraction,352256,0.19324448704719543
nominal,7,train/clip_fraction,360448,0.138671875
nominal,7,train/clip_fraction,368640,0.14962121844291687
nominal,7,train/clip_fraction,376832,0.21534454822540283
nominal,7,train/clip_fraction,385024,0.19611220061779022
nominal,7,train/clip_fraction,393216,0.1953125
nominal,7,train/clip_fraction,401408,0.19125601649284363
nominal,7,train/clip_fraction,409600,0.1866898089647293
nominal,7,train/clip_fraction,417792,0.12367584556341171
nominal,7,train/clip_fraction,425984,0.1949462890625
nominal,7,train/clip_fraction,434176,0.19813011586666107
nominal,7,train/clip_fraction,442368,0.1649133712053299
nominal,7,train/clip_fraction,450560,0.17889301478862762
nominal,7,train/clip_fraction,458752,0.20334507524967194
nominal,7,train/clip_fraction,466944,0.11868990212678909
nominal,7,train/clip_fraction,475136,0.1903669685125351
nominal,7,train/clip_fraction,483328,0.16750672459602356
nominal,7,train/clip_fraction,491520,0.19448138773441315
nominal,7,train/clip_fraction,499712,0.16692450642585754
nominal,7,train/clip_fraction,507904,0.1508333384990692
nominal,7,train/clip_fraction,516096,0.1929866373538971
nominal,7,train/clip_fraction,524288,0.22966746985912323
nominal,7,train/clip_fraction,532480,0.18239182233810425
nominal,7,train/clip_fraction,540672,0.1365017294883728
nominal,7,train/clip_fraction,548864,0.17917798459529877
nominal,7,train/clip_fraction,557056,0.16786858439445496
nominal,7,train/clip_fraction,565248,0.1423611044883728
nominal,7,train/clip_fraction,573440,0.17121478915214539
nominal,7,train/clip_fraction,581632,0.18131187558174133
nominal,7,train/clip_fraction,589824,0.17208904027938843
nominal,7,train/clip_fraction,598016,0.18240131437778473
nominal,7,train/clip_fraction,606208,0.20454545319080353
nominal,7,train/clip_fraction,614400,0.1306014209985733
nominal,7,train/clip_fraction,622592,0.2030029296875
nominal,7,train/clip_fraction,630784,0.20899906754493713
nominal,7,train/clip_fraction,638976,0.17387354373931885
nominal,7,train/clip_fraction,647168,0.2083730846643448
nominal,7,train/clip_fraction,655360,0.1859056055545807
nominal,7,train/clip_fraction,663552,0.16603915393352509
nominal,7,train/clip_fraction,671744,0.1364976465702057
nominal,7,train/clip_fraction,679936,0.19105114042758942
nominal,7,train/clip_fraction,688128,0.19646738469600677
nominal,7,train/clip_fraction,696320,0.1485615074634552
nominal,7,train/clip_fraction,704512,0.17072369158267975
nominal,7,train/clip_fraction,712704,0.1781609207391739
nominal,7,train/clip_fraction,720896,0.19226190447807312
nominal,7,train/clip_fraction,729088,0.21011513471603394
nominal,7,train/clip_fraction,737280,0.1902305781841278
nominal,7,train/clip_fraction,745472,0.13859952986240387
nominal,7,train/clip_fraction,753664,0.13946759700775146
nominal,7,train/clip_fraction,761856,0.2011278122663498
nominal,7,train/clip_fraction,770048,0.18853184580802917
nominal,7,train/clip_fraction,778240,0.19285714626312256
nominal,7,train/clip_fraction,786432,0.1494869440793991
nominal,7,train/clip_fraction,794624,0.2139892578125
nominal,7,train/clip_fraction,802816,0.1222098246216774
nominal,7,train/clip_fraction,811008,0.21370191872119904
nominal,7,train/clip_fraction,819200,0.2060731202363968
nominal,7,train/clip_fraction,827392,0.18095439672470093
nominal,7,train/clip_fraction,835584,0.18953125178813934
nominal,7,train/clip_fraction,843776,0.19606855511665344
nominal,7,train/clip_fraction,851968,0.20674189925193787
nominal,7,train/clip_fraction,860160,0.17808493971824646
nominal,7,train/clip_fraction,868352,0.15650615096092224
nominal,7,train/clip_fraction,876544,0.17654220759868622
nominal,7,train/clip_fraction,884736,0.11242377758026123
nominal,7,train/clip_fraction,892928,0.1443326324224472
nominal,7,train/clip_fraction,901120,0.16692708432674408
nominal,7,train/clip_fraction,909312,0.18595950305461884
nominal,7,train/clip_fraction,917504,0.12038352340459824
nominal,7,train/clip_fraction,925696,0.1431361585855484
nominal,7,train/clip_fraction,933888,0.17479166388511658
nominal,7,train/clip_fraction,942080,0.19041666388511658
nominal,7,train/clip_fraction,950272,0.2169363796710968
nominal,7,train/clip_fraction,958464,0.172805055975914
nominal,7,train/clip_fraction,966656,0.16436298191547394
nominal,7,train/clip_fraction,974848,0.17236328125
nominal,7,train/clip_fraction,983040,0.16274037957191467
nominal,7,train/clip_fraction,991232,0.1884889304637909
nominal,7,train/clip_fraction,999424,0.19731104373931885
nominal,7,train/clip_fraction,1007616,0.12530048191547394
nominal,7,train/clip_fraction,1015808,0.1893203854560852
nominal,7,train/clip_fraction,1024000,0.17884615063667297
nominal,7,train/clip_fraction,1032192,0.19929847121238708
nominal,7,train/clip_fraction,1040384,0.05842391401529312
nominal,7,train/clip_fraction,1048576,0.1640625
nominal,7,train/clip_fraction,1056768,0.2222222238779068
nominal,7,train/clip_fraction,1064960,0.13955965638160706
nominal,7,train/clip_fraction,1073152,0.15471310913562775
nominal,7,train/clip_fraction,1081344,0.17916665971279144
nominal,7,train/clip_fraction,1089536,0.13364361226558685
nominal,7,train/clip_fraction,1097728,0.20977722108364105
nominal,7,train/clip_fraction,1105920,0.1663961112499237
nominal,7,train/clip_fraction,1114112,0.19411765038967133
nominal,7,train/clip_fraction,1122304,0.1784019023180008
nominal,7,train/clip_fraction,1130496,0.12790697813034058
nominal,7,train/clip_fraction,1138688,0.19424715638160706
nominal,7,train/clip_fraction,1146880,0.15762867033481598
nominal,7,train/clip_fraction,1155072,0.10138081759214401
nominal,7,train/clip_fraction,1163264,0.15789473056793213
nominal,7,train/clip_fraction,1171456,0.1682889312505722
nominal,7,train/clip_fraction,1179648,0.1807369440793991
nominal,7,train/clip_fraction,1187840,0.1431249976158142
nominal,7,train/clip_fraction,1196032,0.18645833432674408
nominal,7,train/clip_fraction,1204224,0.16782407462596893
nominal,7,train/clip_fraction,1212416,0.14643895626068115
nominal,7,train/clip_fraction,1220608,0.15426136553287506
nominal,7,train/clip_fraction,1228800,0.15386652946472168
nominal,7,train/clip_fraction,1236992,0.2003580778837204
nominal,7,train/clip_fraction,1245184,0.1817956417798996
nominal,7,train/clip_fraction,1253376,0.17590725421905518
nominal,7,train/clip_fraction,1261568,0.1728365421295166
nominal,7,train/clip_fraction,1269760,0.1715909093618393
nominal,7,train/clip_fraction,1277952,0.1587499976158142
nominal,7,train/clip_fraction,1286144,0.14232954382896423
nominal,7,train/clip_fraction,1294336,0.1872209757566452
nominal,7,train/clip_fraction,1302528,0.11418269574642181
nominal,7,train/clip_fraction,1310720,0.16766826808452606
nominal,7,train/clip_fraction,1318912,0.15372984111309052
nominal,7,train/clip_fraction,1327104,0.23162615299224854
nominal,7,train/clip_fraction,1335296,0.17980769276618958
nominal,7,train/clip_fraction,1343488,0.1449652761220932
nominal,7,train/clip_fraction,1351680,0.1812065988779068
nominal,7,train/clip_fraction,1359872,0.18794013559818268
nominal,7,train/clip_fraction,1368064,0.18140889704227448
nominal,7,train/clip_fraction,1376256,0.17042824625968933
nominal,7,train/clip_fraction,1384448,0.1775173544883728
nominal,7,train/clip_fraction,1392640,0.15895432233810425
nominal,7,train/clip_fraction,1400832,0.19728915393352509
nominal,7,train/clip_fraction,1409024,0.13414634764194489
nominal,7,train/clip_fraction,1417216,0.20712652802467346
nominal,7,train/clip_fraction,1425408,0.17956730723381042
nominal,7,train/clip_fraction,1433600,0.15269885957241058
nominal,7,train/clip_fraction,1441792,0.15648674964904785
nominal,7,train/clip_fraction,1449984,0.21193909645080566
nominal,7,train/clip_fraction,1458176,0.20083841681480408
nominal,7,train/clip_fraction,1466368,0.15904851257801056
nominal,7,train/clip_fraction,1474560,0.15673828125
nominal,7,train/clip_fraction,1482752,0.16039541363716125
nominal,7,train/clip_fraction,1490944,0.17630912363529205
nominal,7,train/clip_fraction,1499136,0.1818576455116272
nominal,7,train/clip_fraction,1507328,0.1305338591337204
nominal,7,train/clip_fraction,1515520,0.16288527846336365
nominal,7,train/clip_fraction,1523712,0.21516628563404083
nominal,7,train/clip_fraction,1531904,0.146276593208313
nominal,7,train/clip_fraction,1540096,0.16466346383094788
nominal,7,train/clip_fraction,1548288,0.20169004797935486
nominal,7,train/clip_fraction,1556480,0.15201270580291748
nominal,7,train/clip_fraction,1564672,0.1360677033662796
nominal,7,train/clip_fraction,1572864,0.18150435388088226
nominal,7,train/clip_fraction,1581056,0.17028601467609406
nominal,7,train/clip_fraction,1589248,0.15975765883922577
nominal,7,train/clip_fraction,1597440,0.14641202986240387
nominal,7,train/clip_fraction,1605632,0.20941311120986938
nominal,7,train/clip_fraction,1613824,0.21524234116077423
nominal,7,train/clip_fraction,1622016,0.14479166269302368
nominal,7,train/clip_fraction,1630208,0.135788694024086
nominal,7,train/clip_fraction,1638400,0.15677966177463531
nominal,7,train/clip_fraction,1646592,0.1435883641242981
nominal,7,train/clip_fraction,1654784,0.15131579339504242
nominal,7,train/clip_fraction,1662976,0.17265625298023224
nominal,7,train/clip_fraction,1671168,0.15163934230804443
nominal,7,train/clip_fraction,1679360,0.14327330887317657
nominal,7,train/clip_fraction,1687552,0.09375
nominal,7,train/clip_fraction,1695744,0.1399739533662796
nominal,7,train/clip_fraction,1703936,0.15601325035095215
nominal,7,train/clip_fraction,1712128,0.13600851595401764
nominal,7,train/clip_fraction,1720320,0.18374209105968475
nominal,7,train/clip_fraction,1728512,0.1692708283662796
nominal,7,train/clip_fraction,1736704,0.14002403616905212
nominal,7,train/clip_fraction,1744896,0.1856343299150467
nominal,7,train/clip_fraction,1753088,0.1071428582072258
nominal,7,train/clip_fraction,1761280,0.15985576808452606
nominal,7,train/clip_fraction,1769472,0.16330644488334656
nominal,7,train/clip_fraction,1777664,0.17072610557079315
nominal,7,train/clip_fraction,1785856,0.18236607313156128
nominal,7,train/clip_fraction,1794048,0.1110026016831398
nominal,7,train/clip_fraction,1802240,0.16867469251155853
nominal,7,train/clip_fraction,1810432,0.1767769604921341
nominal,7,train/clip_fraction,1818624,0.16763770580291748
nominal,7,train/clip_fraction,1826816,0.19186046719551086
nominal,7,train/clip_fraction,1835008,0.14393028616905212
nominal,7,train/clip_fraction,1843200,0.12122844904661179
nominal,7,train/clip_fraction,1851392,0.145380437374115
nominal,7,train/clip_fraction,1859584,0.12406250089406967
nominal,7,train/clip_fraction,1867776,0.13298611342906952
nominal,7,train/clip_fraction,1875968,0.22007665038108826
nominal,7,train/clip_fraction,1884160,0.1569940447807312
nominal,7,train/clip_fraction,1892352,0.12423780560493469
nominal,7,train/clip_fraction,1900544,0.16803278028964996
nominal,7,train/clip_fraction,1908736,0.18829113245010376
nominal,7,train/clip_fraction,1916928,0.185453861951828
nominal,7,train/clip_fraction,1925120,0.14267417788505554
nominal,7,train/clip_fraction,1933312,0.1875
nominal,7,train/clip_fraction,1941504,0.19113869965076447
nominal,7,train/clip_fraction,1949696,0.18105468153953552
nominal,7,train/clip_fraction,1957888,0.16162109375
nominal,7,train/clip_fraction,1966080,0.14344261586666107
nominal,7,train/clip_fraction,1974272,0.17268319427967072
nominal,7,train/clip_fraction,1982464,0.16467927396297455
nominal,7,train/clip_fraction,1990656,0.21565315127372742
nominal,7,train/clip_fraction,1998848,0.2129579782485962
nominal,7,train/clip_fraction,2007040,0.140625
nominal,7,train/clip_fraction,2015232,0.17904411256313324
nominal,7,train/clip_fraction,2023424,0.17420709133148193
nominal,7,train/clip_fraction,2031616,0.2069777399301529
nominal,7,train/clip_fraction,2039808,0.16137294471263885
nominal,7,train/clip_fraction,2048000,0.15625
nominal,7,train/clip_fraction,2056192,0.16842830181121826
nominal,7,train/clip_fraction,2064384,0.16154660284519196
nominal,7,train/clip_fraction,2072576,0.15113146603107452
nominal,7,train/clip_fraction,2080768,0.16782407462596893
nominal,7,train/clip_fraction,2088960,0.1487165242433548
nominal,7,train/clip_fraction,2097152,0.17549818754196167
nominal,7,train/clip_fraction,2105344,0.1733284890651703
nominal,7,train/clip_fraction,2113536,0.2062174528837204
nominal,7,train/clip_fraction,2121728,0.17418032884597778
nominal,7,train/clip_fraction,2129920,0.1506485790014267
nominal,7,train/clip_fraction,2138112,0.12890625
nominal,7,train/clip_fraction,2146304,0.1666666716337204
nominal,7,train/clip_fraction,2154496,0.14300847053527832
nominal,7,train/clip_fraction,2162688,0.1534598171710968
nominal,7,train/clip_fraction,2170880,0.22675000131130219
nominal,7,train/clip_fraction,2179072,0.13137754797935486
nominal,7,train/clip_fraction,2187264,0.1645359843969345
nominal,7,train/clip_fraction,2195456,0.20297330617904663
nominal,7,train/clip_fraction,2203648,0.15874093770980835
nominal,7,train/clip_fraction,2211840,0.15644530951976776
nominal,7,train/clip_fraction,2220032,0.17799830436706543
nominal,7,train/clip_fraction,2228224,0.1371527761220932
nominal,7,train/clip_fraction,2236416,0.12530048191547394
nominal,7,train/clip_fraction,2244608,0.12343750149011612
nominal,7,train/clip_fraction,2252800,0.14417614042758942
nominal,7,train/clip_fraction,2260992,0.11340726166963577
nominal,7,train/clip_fraction,2269184,0.20546874403953552
nominal,7,train/clip_fraction,2277376,0.1494455635547638
nominal,7,train/clip_fraction,2285568,0.1773097813129425
nominal,7,train/clip_fraction,2293760,0.1388888955116272
nominal,7,train/clip_fraction,2301952,0.18863224983215332
nominal,7,train/clip_fraction,2310144,0.1284722238779068
nominal,7,train/clip_fraction,2318336,0.21242251992225647
nominal,7,train/clip_fraction,2326528,0.14879807829856873
nominal,7,train/clip_fraction,2334720,0.17120535671710968
nominal,7,train/clip_fraction,2342912,0.17436593770980835
nominal,7,train/clip_fraction,2351104,0.15312500298023224
nominal,7,train/clip_fraction,2359296,0.21741364896297455
nominal,7,train/clip_fraction,2367488,0.12316176295280457
nominal,7,train/clip_fraction,2375680,0.15333686769008636
nominal,7,train/clip_fraction,2383872,0.17817163467407227
nominal,7,train/clip_fraction,2392064,0.20392219722270966
nominal,7,train/clip_fraction,2400256,0.22253289818763733
nominal,7,train/clip_fraction,2408448,0.1652083396911621
nominal,7,train/clip_fraction,2416640,0.18385416269302368
nominal,7,train/clip_fraction,2424832,0.1584821492433548
nominal,7,train/clip_fraction,2433024,0.1607789844274521
nominal,7,train/clip_fraction,2441216,0.160466268658638
nominal,7,train/clip_fraction,2449408,0.1651785671710968
nominal,7,train/clip_fraction,2457600,0.20000000298023224
nominal,7,train/clip_fraction,2465792,0.17620481550693512
nominal,7,train/clip_fraction,2473984,0.21672232449054718
nominal,7,train/clip_fraction,2482176,0.12259615212678909
nominal,7,train/clip_fraction,2490368,0.19486351311206818
nominal,7,train/clip_fraction,2498560,0.13213315606117249
nominal,7,train/clip_fraction,2506752,0.1915838122367859
nominal,7,train/clip_fraction,2514944,0.15490302443504333
nominal,7,train/clip_fraction,2523136,0.15519067645072937
nominal,7,train/clip_fraction,2531328,0.17316175997257233
nominal,7,train/clip_fraction,2539520,0.15855532884597778
nominal,7,train/clip_fraction,2547712,0.15460526943206787
nominal,7,train/clip_fraction,2555904,0.17694805562496185
nominal,7,train/clip_fraction,2564096,0.16870470345020294
nominal,7,train/clip_fraction,2572288,0.19933252036571503
nominal,7,train/clip_fraction,2580480,0.20087139308452606
nominal,7,train/clip_fraction,2588672,0.18309858441352844
nominal,7,train/clip_fraction,2596864,0.16761364042758942
nominal,7,train/clip_fraction,2605056,0.18642769753932953
nominal,7,train/clip_fraction,2613248,0.20738635957241058
nominal,7,train/clip_fraction,2621440,0.1887376308441162
nominal,7,train/clip_fraction,2629632,0.16538149118423462
nominal,7,train/clip_fraction,2637824,0.19218750298023224
nominal,7,train/clip_fraction,2646016,0.18118351697921753
nominal,7,train/clip_fraction,2654208,0.12962962687015533
nominal,7,train/clip_fraction,2662400,0.1232638880610466
nominal,7,train/clip_fraction,2670592,0.17092224955558777
nominal,7,train/clip_fraction,2678784,0.13796542584896088
nominal,7,train/clip_fraction,2686976,0.18995949625968933
nominal,7,train/clip_fraction,2695168,0.1336495578289032
nominal,7,train/clip_fraction,2703360,0.17305871844291687
nominal,7,train/clip_fraction,2711552,0.18327702581882477
nominal,7,train/clip_fraction,2719744,0.19663462042808533
nominal,7,train/clip_fraction,2727936,0.2165178507566452
nominal,7,train/clip_fraction,2736128,0.16055253148078918
nominal,7,train/clip_fraction,2744320,0.19056056439876556
nominal,7,train/clip_fraction,2752512,0.2065972238779068
nominal,7,train/clip_fraction,2760704,0.2141089141368866
nominal,7,train/clip_fraction,2768896,0.1666666716337204
nominal,7,train/clip_fraction,2777088,0.1941618174314499
nominal,7,train/clip_fraction,2785280,0.19386062026023865
nominal,7,train/clip_fraction,2793472,0.2051454782485962
nominal,7,train/clip_fraction,2801664,0.1631944477558136
nominal,7,train/clip_fraction,2809856,0.16510416567325592
nominal,7,train/clip_fraction,2818048,0.19150152802467346
nominal,7,train/clip_fraction,2826240,0.19437499344348907
nominal,7,train/clip_fraction,2834432,0.17171716690063477
nominal,7,train/clip_fraction,2842624,0.17287233471870422
nominal,7,train/clip_fraction,2850816,0.17658132314682007
nominal,7,train/clip_fraction,2859008,0.15789473056793213
nominal,7,train/clip_fraction,2867200,0.15625
nominal,7,train/clip_fraction,2875392,0.19996842741966248
nominal,7,train/clip_fraction,2883584,0.15827922523021698
nominal,7,train/clip_fraction,2891776,0.18112245202064514
nominal,7,train/clip_fraction,2899968,0.1963815838098526
nominal,7,train/clip_fraction,2908160,0.21063701808452606
nominal,7,train/clip_fraction,2916352,0.18277616798877716
nominal,7,train/clip_fraction,2924544,0.17372532188892365
nominal,7,train/clip_fraction,2932736,0.17506720125675201
nominal,7,train/clip_fraction,2940928,0.21395985782146454
nominal,7,train/clip_fraction,2949120,0.125
nominal,7,train/clip_fraction,2957312,0.1742931604385376
nominal,7,train/clip_fraction,2965504,0.15738224983215332
nominal,7,train/clip_fraction,2973696,0.14326922595500946
nominal,7,train/clip_fraction,2981888,0.17307692766189575
nominal,7,train/clip_fraction,2990080,0.20561593770980835
nominal,7,train/clip_fraction,2998272,0.18596813082695007
nominal,7,train/clip_fraction,3006464,0.16181506216526031
nominal,7,train/clip_fraction,3014656,0.1166294664144516
nominal,7,train/clip_fraction,3022848,0.1525297611951828
nominal,7,train/clip_fraction,3031040,0.16003787517547607
nominal,7,train/clip_fraction,3039232,0.21081912517547607
nominal,7,train/clip_fraction,3047424,0.20098824799060822
nominal,7,train/clip_fraction,3055616,0.15964673459529877
nominal,7,train/clip_fraction,3063808,0.17202818393707275
nominal,7,train/clip_fraction,3072000,0.12531250715255737
nominal,7,train/clip_fraction,3080192,0.19266419112682343
nominal,7,train/clip_fraction,3088384,0.2113560289144516
nominal,7,train/clip_fraction,3096576,0.1362980753183365
nominal,7,train/clip_fraction,3104768,0.1956845223903656
nominal,7,train/clip_fraction,3112960,0.1884101927280426
nominal,7,train/clip_fraction,3121152,0.19442935287952423
nominal,7,train/clip_fraction,3129344,0.18819136917591095
nominal,7,train/clip_fraction,3137536,0.140625
nominal,7,train/clip_fraction,3145728,0.14775219559669495
nominal,7,train/clip_fraction,3153920,0.1609848439693451
nominal,7,train/clip_fraction,3162112,0.16364246606826782
nominal,7,train/clip_fraction,3170304,0.2073170691728592
nominal,7,train/clip_fraction,3178496,0.2116980105638504
nominal,7,train/clip_fraction,3186688,0.1834309846162796
nominal,7,train/clip_fraction,3194880,0.16587752103805542
nominal,7,train/clip_fraction,3203072,0.18037015199661255
nominal,7,train/clip_fraction,3211264,0.18672648072242737
nominal,7,train/clip_fraction,3219456,0.17866848409175873
nominal,7,train/clip_fraction,3227648,0.18573369085788727
nominal,7,train/clip_fraction,3235840,0.1470734179019928
nominal,7,train/clip_fraction,3244032,0.167119562625885
nominal,7,train/clip_fraction,3252224,0.1931460052728653
nominal,7,train/clip_fraction,3260416,0.13152985274791718
nominal,7,train/clip_fraction,3268608,0.12812499701976776
nominal,7,train/clip_fraction,3276800,0.17582236230373383
nominal,7,train/clip_fraction,3284992,0.19524897634983063
nominal,7,train/clip_fraction,3293184,0.15645833313465118
nominal,7,train/clip_fraction,3301376,0.15321828424930573
nominal,7,train/clip_fraction,3309568,0.1638621836900711
nominal,7,train/clip_fraction,3317760,0.1395474076271057
nominal,7,train/clip_fraction,3325952,0.15418198704719543
nominal,7,train/clip_fraction,3334144,0.18355263769626617
nominal,7,train/clip_fraction,3342336,0.20820552110671997
nominal,7,train/clip_fraction,3350528,0.1516544073820114
nominal,7,train/clip_fraction,3358720,0.140625
nominal,7,train/clip_fraction,3366912,0.13221153616905212
nominal,7,train/clip_fraction,3375104,0.17645832896232605
nominal,7,train/clip_fraction,3383296,0.20737500488758087
nominal,7,train/clip_fraction,3391488,0.2063184380531311
nominal,7,train/clip_fraction,3399680,0.14488635957241058
nominal,7,train/clip_fraction,3407872,0.1536458283662796
nominal,7,train/clip_fraction,3416064,0.1717187464237213
nominal,7,train/clip_fraction,3424256,0.1612042635679245
nominal,7,train/clip_fraction,3432448,0.1613897979259491
nominal,7,train/clip_fraction,3440640,0.16213473677635193
nominal,7,train/clip_fraction,3448832,0.21472886204719543
nominal,7,train/clip_fraction,3457024,0.21599842607975006
nominal,7,train/clip_fraction,3465216,0.19188399612903595
nominal,7,train/clip_fraction,3473408,0.19957983493804932
nominal,7,train/clip_fraction,3481600,0.1699766367673874
nominal,7,train/clip_fraction,3489792,0.1883680522441864
nominal,7,train/clip_fraction,3497984,0.1741071492433548
nominal,7,train/clip_fraction,3506176,0.19208915531635284
nominal,7,train/clip_fraction,3514368,0.15041415393352509
nominal,7,train/clip_fraction,3522560,0.1674107164144516
nominal,7,train/clip_fraction,3530752,0.19687500596046448
nominal,7,train/clip_fraction,3538944,0.13984374701976776
nominal,7,train/clip_fraction,3547136,0.18829835951328278
nominal,7,train/clip_fraction,3555328,0.18823014199733734
nominal,7,train/clip_fraction,3563520,0.17459239065647125
nominal,7,train/clip_fraction,3571712,0.12613224983215332
nominal,7,train/clip_fraction,3579904,0.15782828629016876
nominal,7,train/clip_fraction,3588096,0.19805021584033966
nominal,7,train/clip_fraction,3596288,0.1001984104514122
nominal,7,train/clip_fraction,3604480,0.11697635054588318
nominal,7,train/clip_fraction,3612672,0.15559209883213043
nominal,7,train/clip_fraction,3620864,0.19658119976520538
nominal,7,train/clip_fraction,3629056,0.17443181574344635
nominal,7,train/clip_fraction,3637248,0.15096831321716309
nominal,7,train/clip_fraction,3645440,0.18635110557079315
nominal,7,train/clip_fraction,3653632,0.15575657784938812
nominal,7,train/clip_fraction,3661824,0.1927083283662796
nominal,7,train/clip_fraction,3670016,0.18168218433856964
nominal,7,train/clip_fraction,3678208,0.1729910671710968
nominal,7,train/clip_fraction,3686400,0.19005681574344635
nominal,7,train/clip_fraction,3694592,0.16653963923454285
nominal,7,train/clip_fraction,3702784,0.16816405951976776
nominal,7,train/clip_fraction,3710976,0.19954979419708252
nominal,7,train/clip_fraction,3719168,0.1595982164144516
nominal,7,train/clip_fraction,3727360,0.11394231021404266
nominal,7,train/clip_fraction,3735552,0.19848279654979706
nominal,7,train/clip_fraction,3743744,0.19808149337768555
nominal,7,train/clip_fraction,3751936,0.18928571045398712
nominal,7,train/clip_fraction,3760128,0.21802082657814026
nominal,7,train/clip_fraction,3768320,0.1498437523841858
nominal,7,train/clip_fraction,3776512,0.12953628599643707
nominal,7,train/clip_fraction,3784704,0.1909877210855484
nominal,7,train/clip_fraction,3792896,0.19296328723430634
nominal,7,train/clip_fraction,3801088,0.1814814805984497
nominal,7,train/clip_fraction,3809280,0.1484375
nominal,7,train/clip_fraction,3817472,0.18515625596046448
nominal,7,train/clip_fraction,3825664,0.190557062625885
nominal,7,train/clip_fraction,3833856,0.19488635659217834
nominal,7,train/clip_fraction,3842048,0.19155092537403107
nominal,7,train/clip_fraction,3850240,0.17989864945411682
nominal,7,train/clip_fraction,3858432,0.18295784294605255
nominal,7,train/clip_fraction,3866624,0.15460526943206787
nominal,7,train/clip_fraction,3874816,0.1909722238779068
nominal,7,train/clip_fraction,3883008,0.19796080887317657
nominal,7,train/clip_fraction,3891200,0.2100694477558136
nominal,7,train/clip_fraction,3899392,0.13934426009655
nominal,7,train/clip_fraction,3907584,0.11476293206214905
nominal,7,train/clip_fraction,3915776,0.18838205933570862
nominal,7,train/clip_fraction,3923968,0.18678976595401764
nominal,7,train/clip_fraction,3932160,0.1833941638469696
nominal,7,train/clip_fraction,3940352,0.19515305757522583
nominal,7,train/clip_fraction,3948544,0.1782340109348297
nominal,7,train/clip_fraction,3956736,0.18653017282485962
nominal,7,train/clip_fraction,3964928,0.1912715584039688
nominal,7,train/clip_fraction,3973120,0.1675502210855484
nominal,7,train/clip_fraction,3981312,0.16415229439735413
nominal,7,train/clip_fraction,3989504,0.1928013414144516
nominal,7,train/clip_fraction,3997696,0.2109375
nominal,7,train/clip_fraction,4005888,0.15996094048023224
nominal,7,train/clip_fraction,4014080,0.1552734375
nominal,7,train/clip_fraction,4022272,0.21930474042892456
nominal,7,train/clip_fraction,4030464,0.19730839133262634
nominal,7,train/clip_fraction,4038656,0.1990821659564972
nominal,7,train/clip_fraction,4046848,0.14653201401233673
nominal,7,train/clip_fraction,4055040,0.14969758689403534
nominal,7,train/clip_fraction,4063232,0.13407939672470093
nominal,7,train/clip_fraction,4071424,0.17288772761821747
nominal,7,train/clip_fraction,4079616,0.18949468433856964
nominal,7,train/clip_fraction,4087808,0.1848958283662796
nominal,7,train/clip_fraction,4096000,0.1986350566148758
nominal,7,train/clip_fraction,4104192,0.16204354166984558
nominal,7,train/clip_fraction,4112384,0.16140463948249817
nominal,7,train/clip_fraction,4120576,0.17930947244167328
nominal,7,train/clip_fraction,4128768,0.1570637971162796
nominal,7,train/clip_fraction,4136960,0.1614062488079071
nominal,7,train/clip_fraction,4145152,0.19017551839351654
nominal,7,train/clip_fraction,4153344,0.14351852238178253
nominal,7,train/clip_fraction,4161536,0.15625
nominal,7,train/clip_fraction,4169728,0.19715909659862518
nominal,7,train/clip_fraction,4177920,0.20612281560897827
nominal,7,train/clip_fraction,4186112,0.15860849618911743
nominal,7,train/clip_fraction,4194304,0.18501655757427216
nominal,7,train/clip_fraction,4202496,0.1611413061618805
nominal,7,train/clip_fraction,4210688,0.2025568187236786
nominal,7,train/clip_fraction,4218880,0.19662408530712128
nominal,7,train/clip_fraction,4227072,0.18286637961864471
nominal,7,train/clip_fraction,4235264,0.1749792993068695
nominal,7,train/clip_fraction,4243456,0.17514297366142273
nominal,7,train/clip_fraction,4251648,0.17614583671092987
nominal,7,train/clip_fraction,4259840,0.1679086536169052
nominal,7,train/clip_fraction,4268032,0.17502866685390472
nominal,7,train/clip_fraction,4276224,0.15625
nominal,7,train/clip_fraction,4284416,0.15163351595401764
nominal,7,train/clip_fraction,4292608,0.2017415314912796
nominal,7,train/clip_fraction,4300800,0.13745470345020294
nominal,7,train/clip_fraction,4308992,0.20430032908916473
nominal,7,train/clip_fraction,4317184,0.1468321979045868
nominal,7,train/clip_fraction,4325376,0.2022622674703598
nominal,7,train/clip_fraction,4333568,0.17135761678218842
nominal,7,train/clip_fraction,4341760,0.1447088122367859
nominal,7,train/clip_fraction,4349952,0.16382929682731628
nominal,7,train/clip_fraction,4358144,0.16796875
nominal,7,train/clip_fraction,4366336,0.16235631704330444
nominal,7,train/clip_fraction,4374528,0.16955061256885529
nominal,7,train/clip_fraction,4382720,0.18719059228897095
nominal,7,train/clip_fraction,4390912,0.1875
nominal,7,train/clip_fraction,4399104,0.13488520681858063
nominal,7,train/clip_fraction,4407296,0.18947558104991913
nominal,7,train/clip_fraction,4415488,0.1459263414144516
nominal,7,train/clip_fraction,4423680,0.19404560327529907
nominal,7,train/clip_fraction,4431872,0.16384345293045044
nominal,7,train/clip_fraction,4440064,0.14795354008674622
nominal,7,train/clip_fraction,4448256,0.1434151828289032
nominal,7,train/clip_fraction,4456448,0.1401909738779068
nominal,7,train/clip_fraction,4464640,0.15468749403953552
nominal,7,train/clip_fraction,4472832,0.17830882966518402
nominal,7,train/clip_fraction,4481024,0.16804245114326477
nominal,7,train/clip_fraction,4489216,0.1982966810464859
nominal,7,train/clip_fraction,4497408,0.15061211585998535
nominal,7,train/clip_fraction,4505600,0.20395611226558685
nominal,7,train/clip_fraction,4513792,0.17704665660858154
nominal,7,train/clip_fraction,4521984,0.17733134329319
nominal,7,train/clip_fraction,4530176,0.15760216116905212
nominal,7,train/clip_fraction,4538368,0.19325657188892365
nominal,7,train/clip_fraction,4546560,0.17607276141643524
nominal,7,train/clip_fraction,4554752,0.19702540338039398
nominal,7,train/clip_fraction,4562944,0.20286744832992554
nominal,7,train/clip_fraction,4571136,0.1428571492433548
nominal,7,train/clip_fraction,4579328,0.19024331867694855
nominal,7,train/clip_fraction,4587520,0.173758864402771
nominal,7,train/clip_fraction,4595712,0.20037879049777985
nominal,7,train/clip_fraction,4603904,0.1949266940355301
nominal,7,train/clip_fraction,4612096,0.2119140625
nominal,7,train/clip_fraction,4620288,0.21152836084365845
nominal,7,train/clip_fraction,4628480,0.1681250035762787
nominal,7,train/clip_fraction,4636672,0.17808617651462555
nominal,7,train/clip_fraction,4644864,0.16497747600078583
nominal,7,train/clip_fraction,4653056,0.17153283953666687
nominal,7,train/clip_fraction,4661248,0.13088473677635193
nominal,7,train/clip_fraction,4669440,0.15417921543121338
nominal,7,train/clip_fraction,4677632,0.15715144574642181
nominal,7,train/clip_fraction,4685824,0.1650240421295166
nominal,7,train/clip_fraction,4694016,0.1995888203382492
nominal,7,train/clip_fraction,4702208,0.18716032803058624
nominal,7,train/clip_fraction,4710400,0.13133445382118225
nominal,7,train/clip_fraction,4718592,0.17619484663009644
nominal,7,train/clip_fraction,4726784,0.159226194024086
nominal,7,train/clip_fraction,4734976,0.2162003070116043
nominal,7,train/clip_fraction,4743168,0.14968039095401764
nominal,7,train/clip_fraction,4751360,0.1674107164144516
nominal,7,train/clip_fraction,4759552,0.1976156085729599
nominal,7,train/clip_fraction,4767744,0.18374209105968475
nominal,7,train/clip_fraction,4775936,0.16096895933151245
nominal,7,train/clip_fraction,4784128,0.1660829782485962
nominal,7,train/clip_fraction,4792320,0.17446477711200714
nominal,7,train/clip_fraction,4800512,0.16917715966701508
nominal,7,train/clip_fraction,4808704,0.2098214328289032
nominal,7,train/clip_fraction,4816896,0.16390728950500488
nominal,7,train/clip_fraction,4825088,0.1858675330877304
nominal,7,train/clip_fraction,4833280,0.1767241358757019
nominal,7,train/clip_fraction,4841472,0.20722731947898865
nominal,7,train/clip_fraction,4849664,0.16430288553237915
nominal,7,train/clip_fraction,4857856,0.16811560094356537
nominal,7,train/clip_fraction,4866048,0.16459116339683533
nominal,7,train/clip_fraction,4874240,0.1205357164144516
nominal,7,train/clip_fraction,4882432,0.21702586114406586
nominal,7,train/clip_fraction,4890624,0.1862664520740509
nominal,7,train/clip_fraction,4898816,0.17488354444503784
nominal,7,train/clip_fraction,4907008,0.1791735142469406
nominal,7,train/clip_fraction,4915200,0.18491540849208832
nominal,7,train/clip_fraction,4923392,0.18876689672470093
nominal,7,train/clip_fraction,4931584,0.1616847813129425
nominal,7,train/clip_fraction,4939776,0.17930825054645538
nominal,7,train/clip_fraction,4947968,0.19387437403202057
nominal,7,train/clip_fraction,4956160,0.2110423594713211
nominal,7,train/clip_fraction,4964352,0.1879177838563919
nominal,7,train/clip_fraction,4972544,0.21071961522102356
nominal,7,train/clip_fraction,4980736,0.14912499487400055
nominal,7,train/clip_fraction,4988928,0.19511815905570984
nominal,7,train/clip_fraction,4997120,0.1892179250717163
nominal,7,train/clip_fraction,5005312,0.2043161392211914
robust,5,rollout/ep_rew_mean,8192,98.75882720947266
robust,5,rollout/ep_rew_mean,16384,142.35426330566406
robust,5,rollout/ep_rew_mean,24576,141.30029296875
robust,5,rollout/ep_rew_mean,32768,164.76553344726562
robust,5,rollout/ep_rew_mean,40960,164.26217651367188
robust,5,rollout/ep_rew_mean,49152,174.50814819335938
robust,5,rollout/ep_rew_mean,57344,173.40463256835938
robust,5,rollout/ep_rew_mean,65536,173.4418487548828
robust,5,rollout/ep_rew_mean,73728,146.57608032226562
robust,5,rollout/ep_rew_mean,81920,208.20240783691406
robust,5,rollout/ep_rew_mean,90112,167.09056091308594
robust,5,rollout/ep_rew_mean,98304,143.4745330810547
robust,5,rollout/ep_rew_mean,106496,167.26620483398438
robust,5,rollout/ep_rew_mean,114688,182.71420288085938
robust,5,rollout/ep_rew_mean,122880,213.47454833984375
robust,5,rollout/ep_rew_mean,131072,228.86431884765625
robust,5,rollout/ep_rew_mean,139264,229.19955444335938
robust,5,rollout/ep_rew_mean,147456,223.8917236328125
robust,5,rollout/ep_rew_mean,155648,185.93211364746094
robust,5,rollout/ep_rew_mean,163840,166.39102172851562
robust,5,rollout/ep_rew_mean,172032,228.30552673339844
robust,5,rollout/ep_rew_mean,180224,223.37460327148438
robust,5,rollout/ep_rew_mean,188416,206.4912109375
robust,5,rollout/ep_rew_mean,196608,241.5627899169922
robust,5,rollout/ep_rew_mean,204800,249.9584197998047
robust,5,rollout/ep_rew_mean,212992,266.7892761230469
robust,5,rollout/ep_rew_mean,221184,268.8948974609375
robust,5,rollout/ep_rew_mean,229376,232.01148986816406
robust,5,rollout/ep_rew_mean,237568,278.4652099609375
robust,5,rollout/ep_rew_mean,245760,321.7764892578125
robust,5,rollout/ep_rew_mean,253952,320.7837829589844
robust,5,rollout/ep_rew_mean,262144,379.40008544921875
robust,5,rollout/ep_rew_mean,270336,329.2552795410156
robust,5,rollout/ep_rew_mean,278528,309.3734436035156
robust,5,rollout/ep_rew_mean,286720,260.4731750488281
robust,5,rollout/ep_rew_mean,294912,269.22467041015625
robust,5,rollout/ep_rew_mean,303104,251.47828674316406
robust,5,rollout/ep_rew_mean,311296,242.40313720703125
robust,5,rollout/ep_rew_mean,319488,287.1559143066406
robust,5,rollout/ep_rew_mean,327680,333.8543395996094
robust,5,rollout/ep_rew_mean,335872,354.77197265625
robust,5,rollout/ep_rew_mean,344064,328.4693603515625
robust,5,rollout/ep_rew_mean,352256,376.0948791503906
robust,5,rollout/ep_rew_mean,360448,335.0528564453125
robust,5,rollout/ep_rew_mean,368640,335.97625732421875
robust,5,rollout/ep_rew_mean,376832,331.876220703125
robust,5,rollout/ep_rew_mean,385024,336.0090637207031
robust,5,rollout/ep_rew_mean,393216,362.37506103515625
robust,5,rollout/ep_rew_mean,401408,349.81280517578125
robust,5,rollout/ep_rew_mean,409600,329.17340087890625
robust,5,rollout/ep_rew_mean,417792,314.2265625
robust,5,rollout/ep_rew_mean,425984,343.2242126464844
robust,5,rollout/ep_rew_mean,434176,365.688232421875
robust,5,rollout/ep_rew_mean,442368,381.6876525878906
robust,5,rollout/ep_rew_mean,450560,361.810791015625
robust,5,rollout/ep_rew_mean,458752,327.9498596191406
robust,5,rollout/ep_rew_mean,466944,278.9198913574219
robust,5,rollout/ep_rew_mean,475136,256.6803283691406
robust,5,rollout/ep_rew_mean,483328,293.2999267578125
robust,5,rollout/ep_rew_mean,491520,347.8890075683594
robust,5,rollout/ep_rew_mean,499712,365.7884521484375
robust,5,rollout/ep_rew_mean,507904,419.52349853515625
robust,5,rollout/ep_rew_mean,516096,453.7441711425781
robust,5,rollout/ep_rew_mean,524288,464.2476806640625
robust,5,rollout/ep_rew_mean,532480,413.9178771972656
robust,5,rollout/ep_rew_mean,540672,376.5933532714844
robust,5,rollout/ep_rew_mean,548864,299.1646423339844
robust,5,rollout/ep_rew_mean,557056,277.37994384765625
robust,5,rollout/ep_rew_mean,565248,291.0151672363281
robust,5,rollout/ep_rew_mean,573440,336.0487060546875
robust,5,rollout/ep_rew_mean,581632,389.34210205078125
robust,5,rollout/ep_rew_mean,589824,427.0201416015625
robust,5,rollout/ep_rew_mean,598016,456.23004150390625
robust,5,rollout/ep_rew_mean,606208,413.9654541015625
robust,5,rollout/ep_rew_mean,614400,421.1523132324219
robust,5,rollout/ep_rew_mean,622592,341.5972900390625
robust,5,rollout/ep_rew_mean,630784,372.1759948730469
robust,5,rollout/ep_rew_mean,638976,399.3590393066406
robust,5,rollout/ep_rew_mean,647168,394.2617492675781
robust,5,rollout/ep_rew_mean,655360,434.09539794921875
robust,5,rollout/ep_rew_mean,663552,446.74169921875
robust,5,rollout/ep_rew_mean,671744,443.0144348144531
robust,5,rollout/ep_rew_mean,679936,436.85870361328125
robust,5,rollout/ep_rew_mean,688128,431.47930908203125
robust,5,rollout/ep_rew_mean,696320,480.99859619140625
robust,5,rollout/ep_rew_mean,704512,503.2948913574219
robust,5,rollout/ep_rew_mean,712704,514.5814819335938
robust,5,rollout/ep_rew_mean,720896,542.74658203125
robust,5,rollout/ep_rew_mean,729088,607.2960205078125
robust,5,rollout/ep_rew_mean,737280,510.48529052734375
robust,5,rollout/ep_rew_mean,745472,538.3344116210938
robust,5,rollout/ep_rew_mean,753664,486.9001159667969
robust,5,rollout/ep_rew_mean,761856,506.7161560058594
robust,5,rollout/ep_rew_mean,770048,473.38128662109375
robust,5,rollout/ep_rew_mean,778240,527.2173461914062
robust,5,rollout/ep_rew_mean,786432,510.11700439453125
robust,5,rollout/ep_rew_mean,794624,488.7357177734375
robust,5,rollout/ep_rew_mean,802816,497.8999328613281
robust,5,rollout/ep_rew_mean,811008,433.3516540527344
robust,5,rollout/ep_rew_mean,819200,467.7333679199219
robust,5,rollout/ep_rew_mean,827392,522.0075073242188
robust,5,rollout/ep_rew_mean,835584,557.32666015625
robust,5,rollout/ep_rew_mean,843776,590.6131591796875
robust,5,rollout/ep_rew_mean,851968,652.4849853515625
robust,5,rollout/ep_rew_mean,860160,724.727783203125
robust,5,rollout/ep_rew_mean,868352,747.2741088867188
robust,5,rollout/ep_rew_mean,876544,720.3114013671875
robust,5,rollout/ep_rew_mean,884736,696.2715454101562
robust,5,rollout/ep_rew_mean,892928,656.1962890625
robust,5,rollout/ep_rew_mean,901120,672.8929443359375
robust,5,rollout/ep_rew_mean,909312,639.6995239257812
robust,5,rollout/ep_rew_mean,917504,613.4090576171875
robust,5,rollout/ep_rew_mean,925696,637.4411010742188
robust,5,rollout/ep_rew_mean,933888,652.4755859375
robust,5,rollout/ep_rew_mean,942080,659.4525146484375
robust,5,rollout/ep_rew_mean,950272,670.3873901367188
robust,5,rollout/ep_rew_mean,958464,668.3721313476562
robust,5,rollout/ep_rew_mean,966656,635.156005859375
robust,5,rollout/ep_rew_mean,974848,645.0342407226562
robust,5,rollout/ep_rew_mean,983040,705.251708984375
robust,5,rollout/ep_rew_mean,991232,668.9994506835938
robust,5,rollout/ep_rew_mean,999424,695.6216430664062
robust,5,rollout/ep_rew_mean,1007616,666.6375732421875
robust,5,rollout/ep_rew_mean,1015808,705.4907836914062
robust,5,rollout/ep_rew_mean,1024000,701.922119140625
robust,5,rollout/ep_rew_mean,1032192,662.7659912109375
robust,5,rollout/ep_rew_mean,1040384,678.0885620117188
robust,5,rollout/ep_rew_mean,1048576,645.5771484375
robust,5,rollout/ep_rew_mean,1056768,634.0836791992188
robust,5,rollout/ep_rew_mean,1064960,644.962890625
robust,5,rollout/ep_rew_mean,1073152,517.6407470703125
robust,5,rollout/ep_rew_mean,1081344,525.9512329101562
robust,5,rollout/ep_rew_mean,1089536,610.5062866210938
robust,5,rollout/ep_rew_mean,1097728,647.403076171875
robust,5,rollout/ep_rew_mean,1105920,594.6713256835938
robust,5,rollout/ep_rew_mean,1114112,664.4744262695312
robust,5,rollout/ep_rew_mean,1122304,706.3609008789062
robust,5,rollout/ep_rew_mean,1130496,731.2338256835938
robust,5,rollout/ep_rew_mean,1138688,684.3411254882812
robust,5,rollout/ep_rew_mean,1146880,669.5069580078125
robust,5,rollout/ep_rew_mean,1155072,691.0573120117188
robust,5,rollout/ep_rew_mean,1163264,679.1395263671875
robust,5,rollout/ep_rew_mean,1171456,628.4127197265625
robust,5,rollout/ep_rew_mean,1179648,649.6244506835938
robust,5,rollout/ep_rew_mean,1187840,652.990478515625
robust,5,rollout/ep_rew_mean,1196032,627.2740478515625
robust,5,rollout/ep_rew_mean,1204224,653.2415771484375
robust,5,rollout/ep_rew_mean,1212416,612.226318359375
robust,5,rollout/ep_rew_mean,1220608,628.6755981445312
robust,5,rollout/ep_rew_mean,1228800,653.34814453125
robust,5,rollout/ep_rew_mean,1236992,674.2206420898438
robust,5,rollout/ep_rew_mean,1245184,679.6843872070312
robust,5,rollout/ep_rew_mean,1253376,657.2020263671875
robust,5,rollout/ep_rew_mean,1261568,714.7534790039062
robust,5,rollout/ep_rew_mean,1269760,758.637939453125
robust,5,rollout/ep_rew_mean,1277952,642.0123291015625
robust,5,rollout/ep_rew_mean,1286144,631.3927612304688
robust,5,rollout/ep_rew_mean,1294336,638.5987548828125
robust,5,rollout/ep_rew_mean,1302528,654.6902465820312
robust,5,rollout/ep_rew_mean,1310720,579.5453491210938
robust,5,rollout/ep_rew_mean,1318912,665.806396484375
robust,5,rollout/ep_rew_mean,1327104,688.903076171875
robust,5,rollout/ep_rew_mean,1335296,716.41796875
robust,5,rollout/ep_rew_mean,1343488,650.475341796875
robust,5,rollout/ep_rew_mean,1351680,715.908447265625
robust,5,rollout/ep_rew_mean,1359872,717.6591186523438
robust,5,rollout/ep_rew_mean,1368064,713.1060180664062
robust,5,rollout/ep_rew_mean,1376256,712.5401611328125
robust,5,rollout/ep_rew_mean,1384448,746.275634765625
robust,5,rollout/ep_rew_mean,1392640,801.0888671875
robust,5,rollout/ep_rew_mean,1400832,813.4639892578125
robust,5,rollout/ep_rew_mean,1409024,778.6533203125
robust,5,rollout/ep_rew_mean,1417216,763.3692626953125
robust,5,rollout/ep_rew_mean,1425408,756.87158203125
robust,5,rollout/ep_rew_mean,1433600,727.0402221679688
robust,5,rollout/ep_rew_mean,1441792,701.055908203125
robust,5,rollout/ep_rew_mean,1449984,702.86767578125
robust,5,rollout/ep_rew_mean,1458176,731.126220703125
robust,5,rollout/ep_rew_mean,1466368,775.485107421875
robust,5,rollout/ep_rew_mean,1474560,794.0277709960938
robust,5,rollout/ep_rew_mean,1482752,811.678466796875
robust,5,rollout/ep_rew_mean,1490944,810.5296630859375
robust,5,rollout/ep_rew_mean,1499136,815.1709594726562
robust,5,rollout/ep_rew_mean,1507328,750.878662109375
robust,5,rollout/ep_rew_mean,1515520,737.2988891601562
robust,5,rollout/ep_rew_mean,1523712,708.7373657226562
robust,5,rollout/ep_rew_mean,1531904,613.395263671875
robust,5,rollout/ep_rew_mean,1540096,600.9104614257812
robust,5,rollout/ep_rew_mean,1548288,540.5888061523438
robust,5,rollout/ep_rew_mean,1556480,567.2066650390625
robust,5,rollout/ep_rew_mean,1564672,614.582275390625
robust,5,rollout/ep_rew_mean,1572864,666.15380859375
robust,5,rollout/ep_rew_mean,1581056,712.3707275390625
robust,5,rollout/ep_rew_mean,1589248,745.3782958984375
robust,5,rollout/ep_rew_mean,1597440,849.8291625976562
robust,5,rollout/ep_rew_mean,1605632,867.0125122070312
robust,5,rollout/ep_rew_mean,1613824,860.6837158203125
robust,5,rollout/ep_rew_mean,1622016,823.4017944335938
robust,5,rollout/ep_rew_mean,1630208,811.2088012695312
robust,5,rollout/ep_rew_mean,1638400,805.2315673828125
robust,5,rollout/ep_rew_mean,1646592,827.135009765625
robust,5,rollout/ep_rew_mean,1654784,842.4821166992188
robust,5,rollout/ep_rew_mean,1662976,847.7568359375
robust,5,rollout/ep_rew_mean,1671168,814.408447265625
robust,5,rollout/ep_rew_mean,1679360,862.3510131835938
robust,5,rollout/ep_rew_mean,1687552,925.7554931640625
robust,5,rollout/ep_rew_mean,1695744,920.41650390625
robust,5,rollout/ep_rew_mean,1703936,915.7981567382812
robust,5,rollout/ep_rew_mean,1712128,927.4000854492188
robust,5,rollout/ep_rew_mean,1720320,954.296875
robust,5,rollout/ep_rew_mean,1728512,840.6240844726562
robust,5,rollout/ep_rew_mean,1736704,792.9984741210938
robust,5,rollout/ep_rew_mean,1744896,712.482666015625
robust,5,rollout/ep_rew_mean,1753088,650.1826782226562
robust,5,rollout/ep_rew_mean,1761280,672.6773681640625
robust,5,rollout/ep_rew_mean,1769472,737.6119384765625
robust,5,rollout/ep_rew_mean,1777664,800.9114990234375
robust,5,rollout/ep_rew_mean,1785856,788.7748413085938
robust,5,rollout/ep_rew_mean,1794048,819.1116943359375
robust,5,rollout/ep_rew_mean,1802240,848.6072998046875
robust,5,rollout/ep_rew_mean,1810432,837.528564453125
robust,5,rollout/ep_rew_mean,1818624,752.0001220703125
robust,5,rollout/ep_rew_mean,1826816,772.7647705078125
robust,5,rollout/ep_rew_mean,1835008,820.1614379882812
robust,5,rollout/ep_rew_mean,1843200,777.2896118164062
robust,5,rollout/ep_rew_mean,1851392,790.4317016601562
robust,5,rollout/ep_rew_mean,1859584,848.9082641601562
robust,5,rollout/ep_rew_mean,1867776,898.7525024414062
robust,5,rollout/ep_rew_mean,1875968,878.7333374023438
robust,5,rollout/ep_rew_mean,1884160,840.1112670898438
robust,5,rollout/ep_rew_mean,1892352,917.103271484375
robust,5,rollout/ep_rew_mean,1900544,875.4964599609375
robust,5,rollout/ep_rew_mean,1908736,892.5201416015625
robust,5,rollout/ep_rew_mean,1916928,824.1444091796875
robust,5,rollout/ep_rew_mean,1925120,798.1627197265625
robust,5,rollout/ep_rew_mean,1933312,849.2713012695312
robust,5,rollout/ep_rew_mean,1941504,832.0734252929688
robust,5,rollout/ep_rew_mean,1949696,852.7055053710938
robust,5,rollout/ep_rew_mean,1957888,862.1040649414062
robust,5,rollout/ep_rew_mean,1966080,885.116943359375
robust,5,rollout/ep_rew_mean,1974272,904.7570190429688
robust,5,rollout/ep_rew_mean,1982464,931.5955200195312
robust,5,rollout/ep_rew_mean,1990656,906.2333984375
robust,5,rollout/ep_rew_mean,1998848,892.9180908203125
robust,5,rollout/ep_rew_mean,2007040,882.2510375976562
robust,5,rollout/ep_rew_mean,2015232,865.7920532226562
robust,5,rollout/ep_rew_mean,2023424,842.200439453125
robust,5,rollout/ep_rew_mean,2031616,869.958251953125
robust,5,rollout/ep_rew_mean,2039808,901.930419921875
robust,5,rollout/ep_rew_mean,2048000,862.69482421875
robust,5,rollout/ep_rew_mean,2056192,841.3173217773438
robust,5,rollout/ep_rew_mean,2064384,902.2918090820312
robust,5,rollout/ep_rew_mean,2072576,869.6279296875
robust,5,rollout/ep_rew_mean,2080768,884.5589599609375
robust,5,rollout/ep_rew_mean,2088960,887.3319091796875
robust,5,rollout/ep_rew_mean,2097152,941.5606079101562
robust,5,rollout/ep_rew_mean,2105344,1004.9178466796875
robust,5,rollout/ep_rew_mean,2113536,1065.2659912109375
robust,5,rollout/ep_rew_mean,2121728,1076.0966796875
robust,5,rollout/ep_rew_mean,2129920,1085.0081787109375
robust,5,rollout/ep_rew_mean,2138112,1167.348876953125
robust,5,rollout/ep_rew_mean,2146304,1198.85205078125
robust,5,rollout/ep_rew_mean,2154496,1198.1849365234375
robust,5,rollout/ep_rew_mean,2162688,1121.1109619140625
robust,5,rollout/ep_rew_mean,2170880,1081.0009765625
robust,5,rollout/ep_rew_mean,2179072,1093.89501953125
robust,5,rollout/ep_rew_mean,2187264,1095.0888671875
robust,5,rollout/ep_rew_mean,2195456,1090.9981689453125
robust,5,rollout/ep_rew_mean,2203648,1062.237548828125
robust,5,rollout/ep_rew_mean,2211840,1019.6327514648438
robust,5,rollout/ep_rew_mean,2220032,1047.1038818359375
robust,5,rollout/ep_rew_mean,2228224,1124.2275390625
robust,5,rollout/ep_rew_mean,2236416,1123.77880859375
robust,5,rollout/ep_rew_mean,2244608,1123.014892578125
robust,5,rollout/ep_rew_mean,2252800,1071.58740234375
robust,5,rollout/ep_rew_mean,2260992,1124.9107666015625
robust,5,rollout/ep_rew_mean,2269184,1092.093505859375
robust,5,rollout/ep_rew_mean,2277376,1121.06640625
robust,5,rollout/ep_rew_mean,2285568,1082.6566162109375
robust,5,rollout/ep_rew_mean,2293760,1068.321044921875
robust,5,rollout/ep_rew_mean,2301952,1010.390380859375
robust,5,rollout/ep_rew_mean,2310144,991.9378051757812
robust,5,rollout/ep_rew_mean,2318336,1003.4957885742188
robust,5,rollout/ep_rew_mean,2326528,1040.193115234375
robust,5,rollout/ep_rew_mean,2334720,1057.5546875
robust,5,rollout/ep_rew_mean,2342912,1085.0057373046875
robust,5,rollout/ep_rew_mean,2351104,1085.05126953125
robust,5,rollout/ep_rew_mean,2359296,1121.4364013671875
robust,5,rollout/ep_rew_mean,2367488,1147.6488037109375
robust,5,rollout/ep_rew_mean,2375680,1195.4630126953125
robust,5,rollout/ep_rew_mean,2383872,1186.1512451171875
robust,5,rollout/ep_rew_mean,2392064,1144.5750732421875
robust,5,rollout/ep_rew_mean,2400256,1111.6043701171875
robust,5,rollout/ep_rew_mean,2408448,1105.8114013671875
robust,5,rollout/ep_rew_mean,2416640,1107.4404296875
robust,5,rollout/ep_rew_mean,2424832,1083.2115478515625
robust,5,rollout/ep_rew_mean,2433024,1124.4837646484375
robust,5,rollout/ep_rew_mean,2441216,1125.4915771484375
robust,5,rollout/ep_rew_mean,2449408,1154.13720703125
robust,5,rollout/ep_rew_mean,2457600,1191.788330078125
robust,5,rollout/ep_rew_mean,2465792,1209.0277099609375
robust,5,rollout/ep_rew_mean,2473984,1213.3160400390625
robust,5,rollout/ep_rew_mean,2482176,1156.9520263671875
robust,5,rollout/ep_rew_mean,2490368,1158.7138671875
robust,5,rollout/ep_rew_mean,2498560,1078.615234375
robust,5,rollout/ep_rew_mean,2506752,1010.2181396484375
robust,5,rollout/ep_rew_mean,2514944,1023.2057495117188
robust,5,rollout/ep_rew_mean,2523136,1033.1385498046875
robust,5,rollout/ep_rew_mean,2531328,1073.18994140625
robust,5,rollout/ep_rew_mean,2539520,1033.3597412109375
robust,5,rollout/ep_rew_mean,2547712,1101.55224609375
robust,5,rollout/ep_rew_mean,2555904,1104.3719482421875
robust,5,rollout/ep_rew_mean,2564096,1103.7626953125
robust,5,rollout/ep_rew_mean,2572288,1160.2686767578125
robust,5,rollout/ep_rew_mean,2580480,1064.787109375
robust,5,rollout/ep_rew_mean,2588672,998.2781372070312
robust,5,rollout/ep_rew_mean,2596864,1065.0889892578125
robust,5,rollout/ep_rew_mean,2605056,1059.019287109375
robust,5,rollout/ep_rew_mean,2613248,995.064697265625
robust,5,rollout/ep_rew_mean,2621440,1034.923583984375
robust,5,rollout/ep_rew_mean,2629632,1075.2894287109375
robust,5,rollout/ep_rew_mean,2637824,1109.7060546875
robust,5,rollout/ep_rew_mean,2646016,1100.7904052734375
robust,5,rollout/ep_rew_mean,2654208,1095.637451171875
robust,5,rollout/ep_rew_mean,2662400,1078.114013671875
robust,5,rollout/ep_rew_mean,2670592,1137.5821533203125
robust,5,rollout/ep_rew_mean,2678784,1204.54638671875
robust,5,rollout/ep_rew_mean,2686976,1103.989990234375
robust,5,rollout/ep_rew_mean,2695168,1137.44970703125
robust,5,rollout/ep_rew_mean,2703360,1091.9775390625
robust,5,rollout/ep_rew_mean,2711552,1086.7301025390625
robust,5,rollout/ep_rew_mean,2719744,1111.0308837890625
robust,5,rollout/ep_rew_mean,2727936,1058.0460205078125
robust,5,rollout/ep_rew_mean,2736128,1080.2193603515625
robust,5,rollout/ep_rew_mean,2744320,1002.3200073242188
robust,5,rollout/ep_rew_mean,2752512,1009.9844970703125
robust,5,rollout/ep_rew_mean,2760704,1036.078125
robust,5,rollout/ep_rew_mean,2768896,994.0307006835938
robust,5,rollout/ep_rew_mean,2777088,1038.2125244140625
robust,5,rollout/ep_rew_mean,2785280,1051.177001953125
robust,5,rollout/ep_rew_mean,2793472,983.1908569335938
robust,5,rollout/ep_rew_mean,2801664,1016.6939697265625
robust,5,rollout/ep_rew_mean,2809856,1053.93896484375
robust,5,rollout/ep_rew_mean,2818048,1018.1734619140625
robust,5,rollout/ep_rew_mean,2826240,1017.0215454101562
robust,5,rollout/ep_rew_mean,2834432,1002.064208984375
robust,5,rollout/ep_rew_mean,2842624,1032.4393310546875
robust,5,rollout/ep_rew_mean,2850816,1109.6129150390625
robust,5,rollout/ep_rew_mean,2859008,1100.3515625
robust,5,rollout/ep_rew_mean,2867200,1084.71142578125
robust,5,rollout/ep_rew_mean,2875392,1052.5751953125
robust,5,rollout/ep_rew_mean,2883584,1047.9873046875
robust,5,rollout/ep_rew_mean,2891776,1030.721435546875
robust,5,rollout/ep_rew_mean,2899968,1034.9520263671875
robust,5,rollout/ep_rew_mean,2908160,1031.3443603515625
robust,5,rollout/ep_rew_mean,2916352,981.5548095703125
robust,5,rollout/ep_rew_mean,2924544,1036.074462890625
robust,5,rollout/ep_rew_mean,2932736,1013.9905395507812
robust,5,rollout/ep_rew_mean,2940928,1078.8905029296875
robust,5,rollout/ep_rew_mean,2949120,1044.01953125
robust,5,rollout/ep_rew_mean,2957312,1042.3603515625
robust,5,rollout/ep_rew_mean,2965504,1033.1146240234375
robust,5,rollout/ep_rew_mean,2973696,1064.05224609375
robust,5,rollout/ep_rew_mean,2981888,1061.1688232421875
robust,5,rollout/ep_rew_mean,2990080,1119.1168212890625
robust,5,rollout/ep_rew_mean,2998272,1089.2059326171875
robust,5,rollout/ep_rew_mean,3006464,1015.1135864257812
robust,5,rollout/ep_rew_mean,3014656,1054.2215576171875
robust,5,rollout/ep_rew_mean,3022848,1046.059326171875
robust,5,rollout/ep_rew_mean,3031040,1071.0897216796875
robust,5,rollout/ep_rew_mean,3039232,1095.680908203125
robust,5,rollout/ep_rew_mean,3047424,1129.5450439453125
robust,5,rollout/ep_rew_mean,3055616,1157.2159423828125
robust,5,rollout/ep_rew_mean,3063808,1227.19091796875
robust,5,rollout/ep_rew_mean,3072000,1298.794677734375
robust,5,rollout/ep_rew_mean,3080192,1287.6192626953125
robust,5,rollout/ep_rew_mean,3088384,1325.4771728515625
robust,5,rollout/ep_rew_mean,3096576,1328.428955078125
robust,5,rollout/ep_rew_mean,3104768,1320.5152587890625
robust,5,rollout/ep_rew_mean,3112960,1298.6046142578125
robust,5,rollout/ep_rew_mean,3121152,1299.39208984375
robust,5,rollout/ep_rew_mean,3129344,1246.43310546875
robust,5,rollout/ep_rew_mean,3137536,1264.1414794921875
robust,5,rollout/ep_rew_mean,3145728,1241.4395751953125
robust,5,rollout/ep_rew_mean,3153920,1193.2952880859375
robust,5,rollout/ep_rew_mean,3162112,1221.2078857421875
robust,5,rollout/ep_rew_mean,3170304,1166.5633544921875
robust,5,rollout/ep_rew_mean,3178496,1132.2325439453125
robust,5,rollout/ep_rew_mean,3186688,1063.1103515625
robust,5,rollout/ep_rew_mean,3194880,1028.632080078125
robust,5,rollout/ep_rew_mean,3203072,1057.9803466796875
robust,5,rollout/ep_rew_mean,3211264,1116.140625
robust,5,rollout/ep_rew_mean,3219456,1104.78662109375
robust,5,rollout/ep_rew_mean,3227648,1145.0230712890625
robust,5,rollout/ep_rew_mean,3235840,1150.8944091796875
robust,5,rollout/ep_rew_mean,3244032,1251.8486328125
robust,5,rollout/ep_rew_mean,3252224,1301.3828125
robust,5,rollout/ep_rew_mean,3260416,1353.20849609375
robust,5,rollout/ep_rew_mean,3268608,1355.889404296875
robust,5,rollout/ep_rew_mean,3276800,1353.0511474609375
robust,5,rollout/ep_rew_mean,3284992,1373.5809326171875
robust,5,rollout/ep_rew_mean,3293184,1391.3675537109375
robust,5,rollout/ep_rew_mean,3301376,1361.1732177734375
robust,5,rollout/ep_rew_mean,3309568,1371.8944091796875
robust,5,rollout/ep_rew_mean,3317760,1370.1317138671875
robust,5,rollout/ep_rew_mean,3325952,1338.037353515625
robust,5,rollout/ep_rew_mean,3334144,1366.6453857421875
robust,5,rollout/ep_rew_mean,3342336,1363.05615234375
robust,5,rollout/ep_rew_mean,3350528,1358.374755859375
robust,5,rollout/ep_rew_mean,3358720,1346.9234619140625
robust,5,rollout/ep_rew_mean,3366912,1367.7984619140625
robust,5,rollout/ep_rew_mean,3375104,1363.39501953125
robust,5,rollout/ep_rew_mean,3383296,1408.527099609375
robust,5,rollout/ep_rew_mean,3391488,1391.28759765625
robust,5,rollout/ep_rew_mean,3399680,1339.3907470703125
robust,5,rollout/ep_rew_mean,3407872,1295.4486083984375
robust,5,rollout/ep_rew_mean,3416064,1264.90185546875
robust,5,rollout/ep_rew_mean,3424256,1262.5003662109375
robust,5,rollout/ep_rew_mean,3432448,1275.2093505859375
robust,5,rollout/ep_rew_mean,3440640,1303.736328125
robust,5,rollout/ep_rew_mean,3448832,1258.0064697265625
robust,5,rollout/ep_rew_mean,3457024,1253.4598388671875
robust,5,rollout/ep_rew_mean,3465216,1243.8953857421875
robust,5,rollout/ep_rew_mean,3473408,1312.751220703125
robust,5,rollout/ep_rew_mean,3481600,1354.479248046875
robust,5,rollout/ep_rew_mean,3489792,1350.1685791015625
robust,5,rollout/ep_rew_mean,3497984,1349.6632080078125
robust,5,rollout/ep_rew_mean,3506176,1315.217041015625
robust,5,rollout/ep_rew_mean,3514368,1344.75390625
robust,5,rollout/ep_rew_mean,3522560,1342.58740234375
robust,5,rollout/ep_rew_mean,3530752,1406.168212890625
robust,5,rollout/ep_rew_mean,3538944,1347.51171875
robust,5,rollout/ep_rew_mean,3547136,1333.88525390625
robust,5,rollout/ep_rew_mean,3555328,1418.487060546875
robust,5,rollout/ep_rew_mean,3563520,1383.6259765625
robust,5,rollout/ep_rew_mean,3571712,1423.4927978515625
robust,5,rollout/ep_rew_mean,3579904,1416.6142578125
robust,5,rollout/ep_rew_mean,3588096,1444.154541015625
robust,5,rollout/ep_rew_mean,3596288,1375.156982421875
robust,5,rollout/ep_rew_mean,3604480,1419.94921875
robust,5,rollout/ep_rew_mean,3612672,1449.183837890625
robust,5,rollout/ep_rew_mean,3620864,1436.658935546875
robust,5,rollout/ep_rew_mean,3629056,1462.0389404296875
robust,5,rollout/ep_rew_mean,3637248,1507.5042724609375
robust,5,rollout/ep_rew_mean,3645440,1525.889892578125
robust,5,rollout/ep_rew_mean,3653632,1566.356201171875
robust,5,rollout/ep_rew_mean,3661824,1600.73193359375
robust,5,rollout/ep_rew_mean,3670016,1664.8878173828125
robust,5,rollout/ep_rew_mean,3678208,1695.233642578125
robust,5,rollout/ep_rew_mean,3686400,1645.18115234375
robust,5,rollout/ep_rew_mean,3694592,1592.83349609375
robust,5,rollout/ep_rew_mean,3702784,1632.6063232421875
robust,5,rollout/ep_rew_mean,3710976,1635.4617919921875
robust,5,rollout/ep_rew_mean,3719168,1675.6314697265625
robust,5,rollout/ep_rew_mean,3727360,1669.433837890625
robust,5,rollout/ep_rew_mean,3735552,1627.989990234375
robust,5,rollout/ep_rew_mean,3743744,1601.4248046875
robust,5,rollout/ep_rew_mean,3751936,1578.5567626953125
robust,5,rollout/ep_rew_mean,3760128,1635.7498779296875
robust,5,rollout/ep_rew_mean,3768320,1635.9481201171875
robust,5,rollout/ep_rew_mean,3776512,1630.140625
robust,5,rollout/ep_rew_mean,3784704,1626.0081787109375
robust,5,rollout/ep_rew_mean,3792896,1646.45703125
robust,5,rollout/ep_rew_mean,3801088,1628.2738037109375
robust,5,rollout/ep_rew_mean,3809280,1707.617431640625
robust,5,rollout/ep_rew_mean,3817472,1746.5020751953125
robust,5,rollout/ep_rew_mean,3825664,1706.8043212890625
robust,5,rollout/ep_rew_mean,3833856,1775.7086181640625
robust,5,rollout/ep_rew_mean,3842048,1767.26708984375
robust,5,rollout/ep_rew_mean,3850240,1785.8857421875
robust,5,rollout/ep_rew_mean,3858432,1688.427978515625
robust,5,rollout/ep_rew_mean,3866624,1685.945556640625
robust,5,rollout/ep_rew_mean,3874816,1686.7406005859375
robust,5,rollout/ep_rew_mean,3883008,1681.13330078125
robust,5,rollout/ep_rew_mean,3891200,1644.3533935546875
robust,5,rollout/ep_rew_mean,3899392,1648.384521484375
robust,5,rollout/ep_rew_mean,3907584,1606.6317138671875
robust,5,rollout/ep_rew_mean,3915776,1622.0552978515625
robust,5,rollout/ep_rew_mean,3923968,1608.983642578125
robust,5,rollout/ep_rew_mean,3932160,1560.8681640625
robust,5,rollout/ep_rew_mean,3940352,1549.58544921875
robust,5,rollout/ep_rew_mean,3948544,1501.337646484375
robust,5,rollout/ep_rew_mean,3956736,1507.4144287109375
robust,5,rollout/ep_rew_mean,3964928,1552.9859619140625
robust,5,rollout/ep_rew_mean,3973120,1535.84619140625
robust,5,rollout/ep_rew_mean,3981312,1504.62158203125
robust,5,rollout/ep_rew_mean,3989504,1582.5667724609375
robust,5,rollout/ep_rew_mean,3997696,1585.408935546875
robust,5,rollout/ep_rew_mean,4005888,1613.350341796875
robust,5,rollout/ep_rew_mean,4014080,1580.3701171875
robust,5,rollout/ep_rew_mean,4022272,1636.61962890625
robust,5,rollout/ep_rew_mean,4030464,1711.8336181640625
robust,5,rollout/ep_rew_mean,4038656,1662.88623046875
robust,5,rollout/ep_rew_mean,4046848,1681.2989501953125
robust,5,rollout/ep_rew_mean,4055040,1733.1016845703125
robust,5,rollout/ep_rew_mean,4063232,1760.416259765625
robust,5,rollout/ep_rew_mean,4071424,1771.6695556640625
robust,5,rollout/ep_rew_mean,4079616,1802.7503662109375
robust,5,rollout/ep_rew_mean,4087808,1838.734619140625
robust,5,rollout/ep_rew_mean,4096000,1824.477294921875
robust,5,rollout/ep_rew_mean,4104192,1794.4986572265625
robust,5,rollout/ep_rew_mean,4112384,1809.64501953125
robust,5,rollout/ep_rew_mean,4120576,1786.0555419921875
robust,5,rollout/ep_rew_mean,4128768,1747.4210205078125
robust,5,rollout/ep_rew_mean,4136960,1782.9124755859375
robust,5,rollout/ep_rew_mean,4145152,1809.84716796875
robust,5,rollout/ep_rew_mean,4153344,1823.3612060546875
robust,5,rollout/ep_rew_mean,4161536,1832.2825927734375
robust,5,rollout/ep_rew_mean,4169728,1806.0799560546875
robust,5,rollout/ep_rew_mean,4177920,1895.23974609375
robust,5,rollout/ep_rew_mean,4186112,1898.514892578125
robust,5,rollout/ep_rew_mean,4194304,1901.50390625
robust,5,rollout/ep_rew_mean,4202496,1908.9012451171875
robust,5,rollout/ep_rew_mean,4210688,1904.8126220703125
robust,5,rollout/ep_rew_mean,4218880,1825.903076171875
robust,5,rollout/ep_rew_mean,4227072,1810.8492431640625
robust,5,rollout/ep_rew_mean,4235264,1834.9041748046875
robust,5,rollout/ep_rew_mean,4243456,1839.810302734375
robust,5,rollout/ep_rew_mean,4251648,1863.9766845703125
robust,5,rollout/ep_rew_mean,4259840,1832.439697265625
robust,5,rollout/ep_rew_mean,4268032,1842.77001953125
robust,5,rollout/ep_rew_mean,4276224,1892.739990234375
robust,5,rollout/ep_rew_mean,4284416,1919.2086181640625
robust,5,rollout/ep_rew_mean,4292608,1909.6802978515625
robust,5,rollout/ep_rew_mean,4300800,1955.7052001953125
robust,5,rollout/ep_rew_mean,4308992,1971.394775390625
robust,5,rollout/ep_rew_mean,4317184,1949.5419921875
robust,5,rollout/ep_rew_mean,4325376,1928.14599609375
robust,5,rollout/ep_rew_mean,4333568,1915.0596923828125
robust,5,rollout/ep_rew_mean,4341760,1923.078369140625
robust,5,rollout/ep_rew_mean,4349952,1922.035888671875
robust,5,rollout/ep_rew_mean,4358144,1899.1092529296875
robust,5,rollout/ep_rew_mean,4366336,1867.172119140625
robust,5,rollout/ep_rew_mean,4374528,1878.4935302734375
robust,5,rollout/ep_rew_mean,4382720,1854.583251953125
robust,5,rollout/ep_rew_mean,4390912,1887.171875
robust,5,rollout/ep_rew_mean,4399104,1894.98779296875
robust,5,rollout/ep_rew_mean,4407296,1887.6676025390625
robust,5,rollout/ep_rew_mean,4415488,1855.760986328125
robust,5,rollout/ep_rew_mean,4423680,1872.3126220703125
robust,5,rollout/ep_rew_mean,4431872,1902.99267578125
robust,5,rollout/ep_rew_mean,4440064,1862.546875
robust,5,rollout/ep_rew_mean,4448256,1893.1573486328125
robust,5,rollout/ep_rew_mean,4456448,1912.6708984375
robust,5,rollout/ep_rew_mean,4464640,1879.9642333984375
robust,5,rollout/ep_rew_mean,4472832,1820.2525634765625
robust,5,rollout/ep_rew_mean,4481024,1814.8321533203125
robust,5,rollout/ep_rew_mean,4489216,1871.412109375
robust,5,rollout/ep_rew_mean,4497408,1922.0733642578125
robust,5,rollout/ep_rew_mean,4505600,1887.3585205078125
robust,5,rollout/ep_rew_mean,4513792,1856.032470703125
robust,5,rollout/ep_rew_mean,4521984,1882.9791259765625
robust,5,rollout/ep_rew_mean,4530176,1895.818359375
robust,5,rollout/ep_rew_mean,4538368,1894.36865234375
robust,5,rollout/ep_rew_mean,4546560,1948.42626953125
robust,5,rollout/ep_rew_mean,4554752,1984.452880859375
robust,5,rollout/ep_rew_mean,4562944,1986.001708984375
robust,5,rollout/ep_rew_mean,4571136,1910.7052001953125
robust,5,rollout/ep_rew_mean,4579328,1898.3602294921875
robust,5,rollout/ep_rew_mean,4587520,1913.4378662109375
robust,5,rollout/ep_rew_mean,4595712,1933.8365478515625
robust,5,rollout/ep_rew_mean,4603904,1898.5562744140625
robust,5,rollout/ep_rew_mean,4612096,1851.887451171875
robust,5,rollout/ep_rew_mean,4620288,1865.59521484375
robust,5,rollout/ep_rew_mean,4628480,1900.6004638671875
robust,5,rollout/ep_rew_mean,4636672,1883.5894775390625
robust,5,rollout/ep_rew_mean,4644864,1847.566650390625
robust,5,rollout/ep_rew_mean,4653056,1845.5467529296875
robust,5,rollout/ep_rew_mean,4661248,1876.478515625
robust,5,rollout/ep_rew_mean,4669440,1914.5325927734375
robust,5,rollout/ep_rew_mean,4677632,1947.8087158203125
robust,5,rollout/ep_rew_mean,4685824,1884.98291015625
robust,5,rollout/ep_rew_mean,4694016,1843.9930419921875
robust,5,rollout/ep_rew_mean,4702208,1773.34521484375
robust,5,rollout/ep_rew_mean,4710400,1799.81201171875
robust,5,rollout/ep_rew_mean,4718592,1836.022216796875
robust,5,rollout/ep_rew_mean,4726784,1885.6951904296875
robust,5,rollout/ep_rew_mean,4734976,1909.321533203125
robust,5,rollout/ep_rew_mean,4743168,1879.4393310546875
robust,5,rollout/ep_rew_mean,4751360,1904.7342529296875
robust,5,rollout/ep_rew_mean,4759552,1927.47900390625
robust,5,rollout/ep_rew_mean,4767744,2033.1702880859375
robust,5,rollout/ep_rew_mean,4775936,2075.00390625
robust,5,rollout/ep_rew_mean,4784128,2130.46240234375
robust,5,rollout/ep_rew_mean,4792320,2132.6181640625
robust,5,rollout/ep_rew_mean,4800512,2107.607177734375
robust,5,rollout/ep_rew_mean,4808704,2090.9619140625
robust,5,rollout/ep_rew_mean,4816896,2042.3790283203125
robust,5,rollout/ep_rew_mean,4825088,2040.6414794921875
robust,5,rollout/ep_rew_mean,4833280,1985.06494140625
robust,5,rollout/ep_rew_mean,4841472,1940.650634765625
robust,5,rollout/ep_rew_mean,4849664,1918.992431640625
robust,5,rollout/ep_rew_mean,4857856,1847.6121826171875
robust,5,rollout/ep_rew_mean,4866048,1803.200439453125
robust,5,rollout/ep_rew_mean,4874240,1829.9715576171875
robust,5,rollout/ep_rew_mean,4882432,1862.30712890625
robust,5,rollout/ep_rew_mean,4890624,1868.296142578125
robust,5,rollout/ep_rew_mean,4898816,1857.703125
robust,5,rollout/ep_rew_mean,4907008,1866.709228515625
robust,5,rollout/ep_rew_mean,4915200,1918.3116455078125
robust,5,rollout/ep_rew_mean,4923392,1953.1536865234375
robust,5,rollout/ep_rew_mean,4931584,1957.5279541015625
robust,5,rollout/ep_rew_mean,4939776,1966.5821533203125
robust,5,rollout/ep_rew_mean,4947968,2024.4049072265625
robust,5,rollout/ep_rew_mean,4956160,2018.938720703125
robust,5,rollout/ep_rew_mean,4964352,2010.380859375
robust,5,rollout/ep_rew_mean,4972544,2016.204833984375
robust,5,rollout/ep_rew_mean,4980736,2039.9732666015625
robust,5,rollout/ep_rew_mean,4988928,2018.799560546875
robust,5,rollout/ep_rew_mean,4997120,2033.7490234375
robust,5,rollout/ep_rew_mean,5005312,2033.47021484375
robust,5,rollout/ep_len_mean,8192,86.04597473144531
robust,5,rollout/ep_len_mean,16384,119.7300033569336
robust,5,rollout/ep_len_mean,24576,125.26000213623047
robust,5,rollout/ep_len_mean,32768,143.3800048828125
robust,5,rollout/ep_len_mean,40960,143.47999572753906
robust,5,rollout/ep_len_mean,49152,156.24000549316406
robust,5,rollout/ep_len_mean,57344,152.19000244140625
robust,5,rollout/ep_len_mean,65536,145.97999572753906
robust,5,rollout/ep_len_mean,73728,126.72000122070312
robust,5,rollout/ep_len_mean,81920,178.16000366210938
robust,5,rollout/ep_len_mean,90112,138.35000610351562
robust,5,rollout/ep_len_mean,98304,115.75
robust,5,rollout/ep_len_mean,106496,141.3699951171875
robust,5,rollout/ep_len_mean,114688,157.5500030517578
robust,5,rollout/ep_len_mean,122880,183.0800018310547
robust,5,rollout/ep_len_mean,131072,193.50999450683594
robust,5,rollout/ep_len_mean,139264,181.72000122070312
robust,5,rollout/ep_len_mean,147456,175.92999267578125
robust,5,rollout/ep_len_mean,155648,153.57000732421875
robust,5,rollout/ep_len_mean,163840,137.2100067138672
robust,5,rollout/ep_len_mean,172032,179.6300048828125
robust,5,rollout/ep_len_mean,180224,174.2100067138672
robust,5,rollout/ep_len_mean,188416,167.0
robust,5,rollout/ep_len_mean,196608,198.1199951171875
robust,5,rollout/ep_len_mean,204800,203.3699951171875
robust,5,rollout/ep_len_mean,212992,215.75999450683594
robust,5,rollout/ep_len_mean,221184,218.94000244140625
robust,5,rollout/ep_len_mean,229376,193.17999267578125
robust,5,rollout/ep_len_mean,237568,228.8300018310547
robust,5,rollout/ep_len_mean,245760,266.04998779296875
robust,5,rollout/ep_len_mean,253952,256.8399963378906
robust,5,rollout/ep_len_mean,262144,303.9100036621094
robust,5,rollout/ep_len_mean,270336,267.3399963378906
robust,5,rollout/ep_len_mean,278528,256.9700012207031
robust,5,rollout/ep_len_mean,286720,212.19000244140625
robust,5,rollout/ep_len_mean,294912,204.64999389648438
robust,5,rollout/ep_len_mean,303104,196.25999450683594
robust,5,rollout/ep_len_mean,311296,201.17999267578125
robust,5,rollout/ep_len_mean,319488,232.13999938964844
robust,5,rollout/ep_len_mean,327680,264.760009765625
robust,5,rollout/ep_len_mean,335872,278.79998779296875
robust,5,rollout/ep_len_mean,344064,258.6700134277344
robust,5,rollout/ep_len_mean,352256,291.0299987792969
robust,5,rollout/ep_len_mean,360448,263.239990234375
robust,5,rollout/ep_len_mean,368640,256.5299987792969
robust,5,rollout/ep_len_mean,376832,256.0
robust,5,rollout/ep_len_mean,385024,260.3599853515625
robust,5,rollout/ep_len_mean,393216,283.6099853515625
robust,5,rollout/ep_len_mean,401408,273.17999267578125
robust,5,rollout/ep_len_mean,409600,253.49000549316406
robust,5,rollout/ep_len_mean,417792,237.69000244140625
robust,5,rollout/ep_len_mean,425984,260.42999267578125
robust,5,rollout/ep_len_mean,434176,288.75
robust,5,rollout/ep_len_mean,442368,298.9200134277344
robust,5,rollout/ep_len_mean,450560,285.30999755859375
robust,5,rollout/ep_len_mean,458752,248.27000427246094
robust,5,rollout/ep_len_mean,466944,206.97000122070312
robust,5,rollout/ep_len_mean,475136,192.61000061035156
robust,5,rollout/ep_len_mean,483328,218.2899932861328
robust,5,rollout/ep_len_mean,491520,265.42999267578125
robust,5,rollout/ep_len_mean,499712,287.739990234375
robust,5,rollout/ep_len_mean,507904,331.1700134277344
robust,5,rollout/ep_len_mean,516096,354.0400085449219
robust,5,rollout/ep_len_mean,524288,364.75
robust,5,rollout/ep_len_mean,532480,328.55999755859375
robust,5,rollout/ep_len_mean,540672,299.8999938964844
robust,5,rollout/ep_len_mean,548864,235.75
robust,5,rollout/ep_len_mean,557056,215.0
robust,5,rollout/ep_len_mean,565248,225.75
robust,5,rollout/ep_len_mean,573440,259.1400146484375
robust,5,rollout/ep_len_mean,581632,300.5199890136719
robust,5,rollout/ep_len_mean,589824,329.5
robust,5,rollout/ep_len_mean,598016,348.0799865722656
robust,5,rollout/ep_len_mean,606208,314.30999755859375
robust,5,rollout/ep_len_mean,614400,315.239990234375
robust,5,rollout/ep_len_mean,622592,253.0500030517578
robust,5,rollout/ep_len_mean,630784,274.2099914550781
robust,5,rollout/ep_len_mean,638976,303.239990234375
robust,5,rollout/ep_len_mean,647168,293.8500061035156
robust,5,rollout/ep_len_mean,655360,331.2799987792969
robust,5,rollout/ep_len_mean,663552,342.3500061035156
robust,5,rollout/ep_len_mean,671744,331.6499938964844
robust,5,rollout/ep_len_mean,679936,329.8500061035156
robust,5,rollout/ep_len_mean,688128,324.57000732421875
robust,5,rollout/ep_len_mean,696320,352.80999755859375
robust,5,rollout/ep_len_mean,704512,368.5299987792969
robust,5,rollout/ep_len_mean,712704,377.6099853515625
robust,5,rollout/ep_len_mean,720896,401.8800048828125
robust,5,rollout/ep_len_mean,729088,446.4700012207031
robust,5,rollout/ep_len_mean,737280,388.4599914550781
robust,5,rollout/ep_len_mean,745472,405.05999755859375
robust,5,rollout/ep_len_mean,753664,362.69000244140625
robust,5,rollout/ep_len_mean,761856,374.989990234375
robust,5,rollout/ep_len_mean,770048,348.67999267578125
robust,5,rollout/ep_len_mean,778240,384.95001220703125
robust,5,rollout/ep_len_mean,786432,371.9200134277344
robust,5,rollout/ep_len_mean,794624,365.1700134277344
robust,5,rollout/ep_len_mean,802816,370.4599914550781
robust,5,rollout/ep_len_mean,811008,323.04998779296875
robust,5,rollout/ep_len_mean,819200,347.8999938964844
robust,5,rollout/ep_len_mean,827392,385.239990234375
robust,5,rollout/ep_len_mean,835584,408.8800048828125
robust,5,rollout/ep_len_mean,843776,422.9599914550781
robust,5,rollout/ep_len_mean,851968,462.6000061035156
robust,5,rollout/ep_len_mean,860160,509.69000244140625
robust,5,rollout/ep_len_mean,868352,525.47998046875
robust,5,rollout/ep_len_mean,876544,497.2699890136719
robust,5,rollout/ep_len_mean,884736,480.2200012207031
robust,5,rollout/ep_len_mean,892928,458.8399963378906
robust,5,rollout/ep_len_mean,901120,471.4599914550781
robust,5,rollout/ep_len_mean,909312,442.79998779296875
robust,5,rollout/ep_len_mean,917504,430.510009765625
robust,5,rollout/ep_len_mean,925696,447.7900085449219
robust,5,rollout/ep_len_mean,933888,454.05999755859375
robust,5,rollout/ep_len_mean,942080,457.2200012207031
robust,5,rollout/ep_len_mean,950272,467.010009765625
robust,5,rollout/ep_len_mean,958464,470.3999938964844
robust,5,rollout/ep_len_mean,966656,444.1600036621094
robust,5,rollout/ep_len_mean,974848,456.54998779296875
robust,5,rollout/ep_len_mean,983040,494.239990234375
robust,5,rollout/ep_len_mean,991232,465.3500061035156
robust,5,rollout/ep_len_mean,999424,484.6400146484375
robust,5,rollout/ep_len_mean,1007616,468.1099853515625
robust,5,rollout/ep_len_mean,1015808,491.4800109863281
robust,5,rollout/ep_len_mean,1024000,491.80999755859375
robust,5,rollout/ep_len_mean,1032192,469.4800109863281
robust,5,rollout/ep_len_mean,1040384,483.4599914550781
robust,5,rollout/ep_len_mean,1048576,459.010009765625
robust,5,rollout/ep_len_mean,1056768,450.8500061035156
robust,5,rollout/ep_len_mean,1064960,463.6600036621094
robust,5,rollout/ep_len_mean,1073152,364.4800109863281
robust,5,rollout/ep_len_mean,1081344,366.6499938964844
robust,5,rollout/ep_len_mean,1089536,425.8699951171875
robust,5,rollout/ep_len_mean,1097728,447.54998779296875
robust,5,rollout/ep_len_mean,1105920,405.17999267578125
robust,5,rollout/ep_len_mean,1114112,453.80999755859375
robust,5,rollout/ep_len_mean,1122304,481.2799987792969
robust,5,rollout/ep_len_mean,1130496,493.30999755859375
robust,5,rollout/ep_len_mean,1138688,455.92999267578125
robust,5,rollout/ep_len_mean,1146880,445.6400146484375
robust,5,rollout/ep_len_mean,1155072,453.79998779296875
robust,5,rollout/ep_len_mean,1163264,441.6300048828125
robust,5,rollout/ep_len_mean,1171456,413.4100036621094
robust,5,rollout/ep_len_mean,1179648,423.45001220703125
robust,5,rollout/ep_len_mean,1187840,419.7099914550781
robust,5,rollout/ep_len_mean,1196032,407.44000244140625
robust,5,rollout/ep_len_mean,1204224,423.1099853515625
robust,5,rollout/ep_len_mean,1212416,395.6000061035156
robust,5,rollout/ep_len_mean,1220608,407.0199890136719
robust,5,rollout/ep_len_mean,1228800,427.3999938964844
robust,5,rollout/ep_len_mean,1236992,443.4700012207031
robust,5,rollout/ep_len_mean,1245184,445.70001220703125
robust,5,rollout/ep_len_mean,1253376,435.1199951171875
robust,5,rollout/ep_len_mean,1261568,478.0299987792969
robust,5,rollout/ep_len_mean,1269760,504.5400085449219
robust,5,rollout/ep_len_mean,1277952,426.3900146484375
robust,5,rollout/ep_len_mean,1286144,424.04998779296875
robust,5,rollout/ep_len_mean,1294336,429.010009765625
robust,5,rollout/ep_len_mean,1302528,434.2200012207031
robust,5,rollout/ep_len_mean,1310720,387.260009765625
robust,5,rollout/ep_len_mean,1318912,445.42999267578125
robust,5,rollout/ep_len_mean,1327104,459.5199890136719
robust,5,rollout/ep_len_mean,1335296,470.9700012207031
robust,5,rollout/ep_len_mean,1343488,428.2900085449219
robust,5,rollout/ep_len_mean,1351680,473.04998779296875
robust,5,rollout/ep_len_mean,1359872,468.92999267578125
robust,5,rollout/ep_len_mean,1368064,459.8900146484375
robust,5,rollout/ep_len_mean,1376256,461.3399963378906
robust,5,rollout/ep_len_mean,1384448,478.1700134277344
robust,5,rollout/ep_len_mean,1392640,509.1400146484375
robust,5,rollout/ep_len_mean,1400832,519.3900146484375
robust,5,rollout/ep_len_mean,1409024,495.79998779296875
robust,5,rollout/ep_len_mean,1417216,485.9800109863281
robust,5,rollout/ep_len_mean,1425408,479.6300048828125
robust,5,rollout/ep_len_mean,1433600,467.92999267578125
robust,5,rollout/ep_len_mean,1441792,455.8800048828125
robust,5,rollout/ep_len_mean,1449984,449.95001220703125
robust,5,rollout/ep_len_mean,1458176,466.3599853515625
robust,5,rollout/ep_len_mean,1466368,498.0
robust,5,rollout/ep_len_mean,1474560,507.8399963378906
robust,5,rollout/ep_len_mean,1482752,518.8099975585938
robust,5,rollout/ep_len_mean,1490944,516.3300170898438
robust,5,rollout/ep_len_mean,1499136,520.219970703125
robust,5,rollout/ep_len_mean,1507328,476.6199951171875
robust,5,rollout/ep_len_mean,1515520,463.8299865722656
robust,5,rollout/ep_len_mean,1523712,444.8500061035156
robust,5,rollout/ep_len_mean,1531904,381.4800109863281
robust,5,rollout/ep_len_mean,1540096,376.3999938964844
robust,5,rollout/ep_len_mean,1548288,338.7799987792969
robust,5,rollout/ep_len_mean,1556480,354.6600036621094
robust,5,rollout/ep_len_mean,1564672,385.79998779296875
robust,5,rollout/ep_len_mean,1572864,415.95001220703125
robust,5,rollout/ep_len_mean,1581056,440.8599853515625
robust,5,rollout/ep_len_mean,1589248,460.0199890136719
robust,5,rollout/ep_len_mean,1597440,523.0
robust,5,rollout/ep_len_mean,1605632,528.1699829101562
robust,5,rollout/ep_len_mean,1613824,518.5900268554688
robust,5,rollout/ep_len_mean,1622016,495.5
robust,5,rollout/ep_len_mean,1630208,486.44000244140625
robust,5,rollout/ep_len_mean,1638400,480.95001220703125
robust,5,rollout/ep_len_mean,1646592,492.2799987792969
robust,5,rollout/ep_len_mean,1654784,501.8299865722656
robust,5,rollout/ep_len_mean,1662976,504.739990234375
robust,5,rollout/ep_len_mean,1671168,488.25
robust,5,rollout/ep_len_mean,1679360,514.5599975585938
robust,5,rollout/ep_len_mean,1687552,554.5599975585938
robust,5,rollout/ep_len_mean,1695744,555.77001953125
robust,5,rollout/ep_len_mean,1703936,549.760009765625
robust,5,rollout/ep_len_mean,1712128,557.3400268554688
robust,5,rollout/ep_len_mean,1720320,569.8599853515625
robust,5,rollout/ep_len_mean,1728512,505.67999267578125
robust,5,rollout/ep_len_mean,1736704,473.2200012207031
robust,5,rollout/ep_len_mean,1744896,427.3500061035156
robust,5,rollout/ep_len_mean,1753088,386.7799987792969
robust,5,rollout/ep_len_mean,1761280,398.3299865722656
robust,5,rollout/ep_len_mean,1769472,433.9800109863281
robust,5,rollout/ep_len_mean,1777664,468.45001220703125
robust,5,rollout/ep_len_mean,1785856,464.70001220703125
robust,5,rollout/ep_len_mean,1794048,484.8699951171875
robust,5,rollout/ep_len_mean,1802240,506.8399963378906
robust,5,rollout/ep_len_mean,1810432,503.989990234375
robust,5,rollout/ep_len_mean,1818624,454.6600036621094
robust,5,rollout/ep_len_mean,1826816,468.79998779296875
robust,5,rollout/ep_len_mean,1835008,492.5
robust,5,rollout/ep_len_mean,1843200,464.5799865722656
robust,5,rollout/ep_len_mean,1851392,476.1000061035156
robust,5,rollout/ep_len_mean,1859584,511.9100036621094
robust,5,rollout/ep_len_mean,1867776,542.3599853515625
robust,5,rollout/ep_len_mean,1875968,529.3200073242188
robust,5,rollout/ep_len_mean,1884160,507.4100036621094
robust,5,rollout/ep_len_mean,1892352,551.5
robust,5,rollout/ep_len_mean,1900544,521.9099731445312
robust,5,rollout/ep_len_mean,1908736,531.8699951171875
robust,5,rollout/ep_len_mean,1916928,492.9100036621094
robust,5,rollout/ep_len_mean,1925120,480.0299987792969
robust,5,rollout/ep_len_mean,1933312,508.1199951171875
robust,5,rollout/ep_len_mean,1941504,504.79998779296875
robust,5,rollout/ep_len_mean,1949696,519.760009765625
robust,5,rollout/ep_len_mean,1957888,522.72998046875
robust,5,rollout/ep_len_mean,1966080,536.4299926757812
robust,5,rollout/ep_len_mean,1974272,549.239990234375
robust,5,rollout/ep_len_mean,1982464,561.7999877929688
robust,5,rollout/ep_len_mean,1990656,550.5800170898438
robust,5,rollout/ep_len_mean,1998848,541.7000122070312
robust,5,rollout/ep_len_mean,2007040,531.4199829101562
robust,5,rollout/ep_len_mean,2015232,522.9500122070312
robust,5,rollout/ep_len_mean,2023424,506.7200012207031
robust,5,rollout/ep_len_mean,2031616,523.2999877929688
robust,5,rollout/ep_len_mean,2039808,543.1699829101562
robust,5,rollout/ep_len_mean,2048000,515.3800048828125
robust,5,rollout/ep_len_mean,2056192,502.0899963378906
robust,5,rollout/ep_len_mean,2064384,532.739990234375
robust,5,rollout/ep_len_mean,2072576,514.530029296875
robust,5,rollout/ep_len_mean,2080768,521.4099731445312
robust,5,rollout/ep_len_mean,2088960,521.8900146484375
robust,5,rollout/ep_len_mean,2097152,554.9000244140625
robust,5,rollout/ep_len_mean,2105344,595.1400146484375
robust,5,rollout/ep_len_mean,2113536,631.0599975585938
robust,5,rollout/ep_len_mean,2121728,639.9099731445312
robust,5,rollout/ep_len_mean,2129920,641.8699951171875
robust,5,rollout/ep_len_mean,2138112,689.1500244140625
robust,5,rollout/ep_len_mean,2146304,707.5599975585938
robust,5,rollout/ep_len_mean,2154496,706.7000122070312
robust,5,rollout/ep_len_mean,2162688,660.6699829101562
robust,5,rollout/ep_len_mean,2170880,635.0800170898438
robust,5,rollout/ep_len_mean,2179072,636.489990234375
robust,5,rollout/ep_len_mean,2187264,635.9299926757812
robust,5,rollout/ep_len_mean,2195456,633.9500122070312
robust,5,rollout/ep_len_mean,2203648,612.9400024414062
robust,5,rollout/ep_len_mean,2211840,589.760009765625
robust,5,rollout/ep_len_mean,2220032,600.9500122070312
robust,5,rollout/ep_len_mean,2228224,640.3599853515625
robust,5,rollout/ep_len_mean,2236416,639.5399780273438
robust,5,rollout/ep_len_mean,2244608,641.8699951171875
robust,5,rollout/ep_len_mean,2252800,612.1799926757812
robust,5,rollout/ep_len_mean,2260992,639.760009765625
robust,5,rollout/ep_len_mean,2269184,627.0900268554688
robust,5,rollout/ep_len_mean,2277376,637.5800170898438
robust,5,rollout/ep_len_mean,2285568,619.8300170898438
robust,5,rollout/ep_len_mean,2293760,614.1099853515625
robust,5,rollout/ep_len_mean,2301952,577.72998046875
robust,5,rollout/ep_len_mean,2310144,569.8699951171875
robust,5,rollout/ep_len_mean,2318336,574.6500244140625
robust,5,rollout/ep_len_mean,2326528,597.4600219726562
robust,5,rollout/ep_len_mean,2334720,608.0800170898438
robust,5,rollout/ep_len_mean,2342912,621.8599853515625
robust,5,rollout/ep_len_mean,2351104,621.5700073242188
robust,5,rollout/ep_len_mean,2359296,636.9099731445312
robust,5,rollout/ep_len_mean,2367488,649.8200073242188
robust,5,rollout/ep_len_mean,2375680,676.1900024414062
robust,5,rollout/ep_len_mean,2383872,672.7999877929688
robust,5,rollout/ep_len_mean,2392064,641.1099853515625
robust,5,rollout/ep_len_mean,2400256,624.8499755859375
robust,5,rollout/ep_len_mean,2408448,624.4099731445312
robust,5,rollout/ep_len_mean,2416640,624.6099853515625
robust,5,rollout/ep_len_mean,2424832,611.2999877929688
robust,5,rollout/ep_len_mean,2433024,633.7000122070312
robust,5,rollout/ep_len_mean,2441216,630.9199829101562
robust,5,rollout/ep_len_mean,2449408,638.1799926757812
robust,5,rollout/ep_len_mean,2457600,659.6699829101562
robust,5,rollout/ep_len_mean,2465792,667.2999877929688
robust,5,rollout/ep_len_mean,2473984,668.9299926757812
robust,5,rollout/ep_len_mean,2482176,632.4199829101562
robust,5,rollout/ep_len_mean,2490368,630.489990234375
robust,5,rollout/ep_len_mean,2498560,589.5499877929688
robust,5,rollout/ep_len_mean,2506752,557.97998046875
robust,5,rollout/ep_len_mean,2514944,563.8900146484375
robust,5,rollout/ep_len_mean,2523136,567.0599975585938
robust,5,rollout/ep_len_mean,2531328,590.0800170898438
robust,5,rollout/ep_len_mean,2539520,569.5499877929688
robust,5,rollout/ep_len_mean,2547712,609.0700073242188
robust,5,rollout/ep_len_mean,2555904,615.8599853515625
robust,5,rollout/ep_len_mean,2564096,614.8900146484375
robust,5,rollout/ep_len_mean,2572288,642.8599853515625
robust,5,rollout/ep_len_mean,2580480,590.3699951171875
robust,5,rollout/ep_len_mean,2588672,550.8200073242188
robust,5,rollout/ep_len_mean,2596864,585.3200073242188
robust,5,rollout/ep_len_mean,2605056,578.3699951171875
robust,5,rollout/ep_len_mean,2613248,539.8400268554688
robust,5,rollout/ep_len_mean,2621440,556.8499755859375
robust,5,rollout/ep_len_mean,2629632,575.0800170898438
robust,5,rollout/ep_len_mean,2637824,592.4199829101562
robust,5,rollout/ep_len_mean,2646016,587.5
robust,5,rollout/ep_len_mean,2654208,585.6199951171875
robust,5,rollout/ep_len_mean,2662400,574.4099731445312
robust,5,rollout/ep_len_mean,2670592,604.6400146484375
robust,5,rollout/ep_len_mean,2678784,638.3099975585938
robust,5,rollout/ep_len_mean,2686976,588.760009765625
robust,5,rollout/ep_len_mean,2695168,605.75
robust,5,rollout/ep_len_mean,2703360,581.989990234375
robust,5,rollout/ep_len_mean,2711552,577.3599853515625
robust,5,rollout/ep_len_mean,2719744,589.3099975585938
robust,5,rollout/ep_len_mean,2727936,563.3200073242188
robust,5,rollout/ep_len_mean,2736128,573.3900146484375
robust,5,rollout/ep_len_mean,2744320,533.25
robust,5,rollout/ep_len_mean,2752512,534.0999755859375
robust,5,rollout/ep_len_mean,2760704,546.0800170898438
robust,5,rollout/ep_len_mean,2768896,525.0800170898438
robust,5,rollout/ep_len_mean,2777088,550.3900146484375
robust,5,rollout/ep_len_mean,2785280,554.1199951171875
robust,5,rollout/ep_len_mean,2793472,521.1199951171875
robust,5,rollout/ep_len_mean,2801664,533.6300048828125
robust,5,rollout/ep_len_mean,2809856,554.3900146484375
robust,5,rollout/ep_len_mean,2818048,533.1900024414062
robust,5,rollout/ep_len_mean,2826240,526.8599853515625
robust,5,rollout/ep_len_mean,2834432,519.8699951171875
robust,5,rollout/ep_len_mean,2842624,534.6500244140625
robust,5,rollout/ep_len_mean,2850816,573.8499755859375
robust,5,rollout/ep_len_mean,2859008,572.719970703125
robust,5,rollout/ep_len_mean,2867200,563.1599731445312
robust,5,rollout/ep_len_mean,2875392,546.3099975585938
robust,5,rollout/ep_len_mean,2883584,546.6599731445312
robust,5,rollout/ep_len_mean,2891776,536.780029296875
robust,5,rollout/ep_len_mean,2899968,542.22998046875
robust,5,rollout/ep_len_mean,2908160,538.6799926757812
robust,5,rollout/ep_len_mean,2916352,512.52001953125
robust,5,rollout/ep_len_mean,2924544,539.5599975585938
robust,5,rollout/ep_len_mean,2932736,531.0999755859375
robust,5,rollout/ep_len_mean,2940928,560.5700073242188
robust,5,rollout/ep_len_mean,2949120,539.2999877929688
robust,5,rollout/ep_len_mean,2957312,538.5900268554688
robust,5,rollout/ep_len_mean,2965504,530.9600219726562
robust,5,rollout/ep_len_mean,2973696,549.1099853515625
robust,5,rollout/ep_len_mean,2981888,546.739990234375
robust,5,rollout/ep_len_mean,2990080,574.6400146484375
robust,5,rollout/ep_len_mean,2998272,560.6900024414062
robust,5,rollout/ep_len_mean,3006464,525.0700073242188
robust,5,rollout/ep_len_mean,3014656,540.719970703125
robust,5,rollout/ep_len_mean,3022848,533.219970703125
robust,5,rollout/ep_len_mean,3031040,543.2100219726562
robust,5,rollout/ep_len_mean,3039232,556.9299926757812
robust,5,rollout/ep_len_mean,3047424,575.0499877929688
robust,5,rollout/ep_len_mean,3055616,587.72998046875
robust,5,rollout/ep_len_mean,3063808,624.3900146484375
robust,5,rollout/ep_len_mean,3072000,660.5
robust,5,rollout/ep_len_mean,3080192,653.47998046875
robust,5,rollout/ep_len_mean,3088384,672.5399780273438
robust,5,rollout/ep_len_mean,3096576,672.75
robust,5,rollout/ep_len_mean,3104768,663.1500244140625
robust,5,rollout/ep_len_mean,3112960,652.2100219726562
robust,5,rollout/ep_len_mean,3121152,654.3800048828125
robust,5,rollout/ep_len_mean,3129344,624.3499755859375
robust,5,rollout/ep_len_mean,3137536,629.9299926757812
robust,5,rollout/ep_len_mean,3145728,620.0700073242188
robust,5,rollout/ep_len_mean,3153920,598.3599853515625
robust,5,rollout/ep_len_mean,3162112,613.010009765625
robust,5,rollout/ep_len_mean,3170304,587.1199951171875
robust,5,rollout/ep_len_mean,3178496,565.5999755859375
robust,5,rollout/ep_len_mean,3186688,534.4500122070312
robust,5,rollout/ep_len_mean,3194880,519.97998046875
robust,5,rollout/ep_len_mean,3203072,535.5499877929688
robust,5,rollout/ep_len_mean,3211264,561.2999877929688
robust,5,rollout/ep_len_mean,3219456,555.8200073242188
robust,5,rollout/ep_len_mean,3227648,573.4400024414062
robust,5,rollout/ep_len_mean,3235840,577.0800170898438
robust,5,rollout/ep_len_mean,3244032,624.9600219726562
robust,5,rollout/ep_len_mean,3252224,646.9600219726562
robust,5,rollout/ep_len_mean,3260416,670.760009765625
robust,5,rollout/ep_len_mean,3268608,669.72998046875
robust,5,rollout/ep_len_mean,3276800,667.3499755859375
robust,5,rollout/ep_len_mean,3284992,677.3400268554688
robust,5,rollout/ep_len_mean,3293184,682.5
robust,5,rollout/ep_len_mean,3301376,670.1799926757812
robust,5,rollout/ep_len_mean,3309568,675.25
robust,5,rollout/ep_len_mean,3317760,672.6300048828125
robust,5,rollout/ep_len_mean,3325952,657.8499755859375
robust,5,rollout/ep_len_mean,3334144,671.1199951171875
robust,5,rollout/ep_len_mean,3342336,669.3499755859375
robust,5,rollout/ep_len_mean,3350528,665.739990234375
robust,5,rollout/ep_len_mean,3358720,659.75
robust,5,rollout/ep_len_mean,3366912,666.4000244140625
robust,5,rollout/ep_len_mean,3375104,662.6300048828125
robust,5,rollout/ep_len_mean,3383296,683.0900268554688
robust,5,rollout/ep_len_mean,3391488,675.1599731445312
robust,5,rollout/ep_len_mean,3399680,650.8400268554688
robust,5,rollout/ep_len_mean,3407872,631.4199829101562
robust,5,rollout/ep_len_mean,3416064,616.9000244140625
robust,5,rollout/ep_len_mean,3424256,615.8200073242188
robust,5,rollout/ep_len_mean,3432448,621.1300048828125
robust,5,rollout/ep_len_mean,3440640,633.8699951171875
robust,5,rollout/ep_len_mean,3448832,613.1799926757812
robust,5,rollout/ep_len_mean,3457024,609.75
robust,5,rollout/ep_len_mean,3465216,598.1300048828125
robust,5,rollout/ep_len_mean,3473408,630.6599731445312
robust,5,rollout/ep_len_mean,3481600,650.8599853515625
robust,5,rollout/ep_len_mean,3489792,651.3400268554688
robust,5,rollout/ep_len_mean,3497984,650.719970703125
robust,5,rollout/ep_len_mean,3506176,635.510009765625
robust,5,rollout/ep_len_mean,3514368,649.4199829101562
robust,5,rollout/ep_len_mean,3522560,646.6099853515625
robust,5,rollout/ep_len_mean,3530752,677.6300048828125
robust,5,rollout/ep_len_mean,3538944,653.9199829101562
robust,5,rollout/ep_len_mean,3547136,646.8499755859375
robust,5,rollout/ep_len_mean,3555328,686.030029296875
robust,5,rollout/ep_len_mean,3563520,667.7899780273438
robust,5,rollout/ep_len_mean,3571712,686.9299926757812
robust,5,rollout/ep_len_mean,3579904,682.0900268554688
robust,5,rollout/ep_len_mean,3588096,693.030029296875
robust,5,rollout/ep_len_mean,3596288,661.3699951171875
robust,5,rollout/ep_len_mean,3604480,680.9099731445312
robust,5,rollout/ep_len_mean,3612672,693.5700073242188
robust,5,rollout/ep_len_mean,3620864,683.9400024414062
robust,5,rollout/ep_len_mean,3629056,696.5599975585938
robust,5,rollout/ep_len_mean,3637248,715.1699829101562
robust,5,rollout/ep_len_mean,3645440,721.4500122070312
robust,5,rollout/ep_len_mean,3653632,739.9400024414062
robust,5,rollout/ep_len_mean,3661824,758.9500122070312
robust,5,rollout/ep_len_mean,3670016,787.9500122070312
robust,5,rollout/ep_len_mean,3678208,799.4299926757812
robust,5,rollout/ep_len_mean,3686400,775.27001953125
robust,5,rollout/ep_len_mean,3694592,751.1500244140625
robust,5,rollout/ep_len_mean,3702784,768.1900024414062
robust,5,rollout/ep_len_mean,3710976,768.6900024414062
robust,5,rollout/ep_len_mean,3719168,788.530029296875
robust,5,rollout/ep_len_mean,3727360,785.3599853515625
robust,5,rollout/ep_len_mean,3735552,761.219970703125
robust,5,rollout/ep_len_mean,3743744,748.1699829101562
robust,5,rollout/ep_len_mean,3751936,739.47998046875
robust,5,rollout/ep_len_mean,3760128,764.2100219726562
robust,5,rollout/ep_len_mean,3768320,761.739990234375
robust,5,rollout/ep_len_mean,3776512,759.7899780273438
robust,5,rollout/ep_len_mean,3784704,753.7999877929688
robust,5,rollout/ep_len_mean,3792896,758.9099731445312
robust,5,rollout/ep_len_mean,3801088,749.3099975585938
robust,5,rollout/ep_len_mean,3809280,783.260009765625
robust,5,rollout/ep_len_mean,3817472,799.6199951171875
robust,5,rollout/ep_len_mean,3825664,779.4600219726562
robust,5,rollout/ep_len_mean,3833856,805.3699951171875
robust,5,rollout/ep_len_mean,3842048,799.3800048828125
robust,5,rollout/ep_len_mean,3850240,807.22998046875
robust,5,rollout/ep_len_mean,3858432,760.6900024414062
robust,5,rollout/ep_len_mean,3866624,760.6099853515625
robust,5,rollout/ep_len_mean,3874816,758.5599975585938
robust,5,rollout/ep_len_mean,3883008,756.47998046875
robust,5,rollout/ep_len_mean,3891200,739.4400024414062
robust,5,rollout/ep_len_mean,3899392,738.6900024414062
robust,5,rollout/ep_len_mean,3907584,719.8300170898438
robust,5,rollout/ep_len_mean,3915776,724.6300048828125
robust,5,rollout/ep_len_mean,3923968,716.280029296875
robust,5,rollout/ep_len_mean,3932160,693.7000122070312
robust,5,rollout/ep_len_mean,3940352,687.25
robust,5,rollout/ep_len_mean,3948544,665.6599731445312
robust,5,rollout/ep_len_mean,3956736,667.97998046875
robust,5,rollout/ep_len_mean,3964928,689.25
robust,5,rollout/ep_len_mean,3973120,681.5999755859375
robust,5,rollout/ep_len_mean,3981312,670.8099975585938
robust,5,rollout/ep_len_mean,3989504,706.3699951171875
robust,5,rollout/ep_len_mean,3997696,708.8499755859375
robust,5,rollout/ep_len_mean,4005888,721.9500122070312
robust,5,rollout/ep_len_mean,4014080,709.4299926757812
robust,5,rollout/ep_len_mean,4022272,735.6599731445312
robust,5,rollout/ep_len_mean,4030464,769.5
robust,5,rollout/ep_len_mean,4038656,748.8800048828125
robust,5,rollout/ep_len_mean,4046848,754.6699829101562
robust,5,rollout/ep_len_mean,4055040,778.0599975585938
robust,5,rollout/ep_len_mean,4063232,789.5599975585938
robust,5,rollout/ep_len_mean,4071424,793.0499877929688
robust,5,rollout/ep_len_mean,4079616,807.4299926757812
robust,5,rollout/ep_len_mean,4087808,823.1900024414062
robust,5,rollout/ep_len_mean,4096000,814.25
robust,5,rollout/ep_len_mean,4104192,797.530029296875
robust,5,rollout/ep_len_mean,4112384,803.8800048828125
robust,5,rollout/ep_len_mean,4120576,790.969970703125
robust,5,rollout/ep_len_mean,4128768,773.0900268554688
robust,5,rollout/ep_len_mean,4136960,784.989990234375
robust,5,rollout/ep_len_mean,4145152,794.0800170898438
robust,5,rollout/ep_len_mean,4153344,798.4400024414062
robust,5,rollout/ep_len_mean,4161536,798.8599853515625
robust,5,rollout/ep_len_mean,4169728,787.6799926757812
robust,5,rollout/ep_len_mean,4177920,825.2899780273438
robust,5,rollout/ep_len_mean,4186112,824.4400024414062
robust,5,rollout/ep_len_mean,4194304,821.9199829101562
robust,5,rollout/ep_len_mean,4202496,825.22998046875
robust,5,rollout/ep_len_mean,4210688,824.6799926757812
robust,5,rollout/ep_len_mean,4218880,790.6799926757812
robust,5,rollout/ep_len_mean,4227072,784.4600219726562
robust,5,rollout/ep_len_mean,4235264,795.8200073242188
robust,5,rollout/ep_len_mean,4243456,796.1900024414062
robust,5,rollout/ep_len_mean,4251648,804.27001953125
robust,5,rollout/ep_len_mean,4259840,790.9299926757812
robust,5,rollout/ep_len_mean,4268032,796.2899780273438
robust,5,rollout/ep_len_mean,4276224,818.27001953125
robust,5,rollout/ep_len_mean,4284416,829.3099975585938
robust,5,rollout/ep_len_mean,4292608,825.1099853515625
robust,5,rollout/ep_len_mean,4300800,843.6799926757812
robust,5,rollout/ep_len_mean,4308992,849.2899780273438
robust,5,rollout/ep_len_mean,4317184,836.75
robust,5,rollout/ep_len_mean,4325376,828.6199951171875
robust,5,rollout/ep_len_mean,4333568,823.6099853515625
robust,5,rollout/ep_len_mean,4341760,827.5399780273438
robust,5,rollout/ep_len_mean,4349952,828.0499877929688
robust,5,rollout/ep_len_mean,4358144,820.4400024414062
robust,5,rollout/ep_len_mean,4366336,805.8400268554688
robust,5,rollout/ep_len_mean,4374528,809.97998046875
robust,5,rollout/ep_len_mean,4382720,798.2100219726562
robust,5,rollout/ep_len_mean,4390912,809.9199829101562
robust,5,rollout/ep_len_mean,4399104,812.2899780273438
robust,5,rollout/ep_len_mean,4407296,807.2899780273438
robust,5,rollout/ep_len_mean,4415488,792.4500122070312
robust,5,rollout/ep_len_mean,4423680,794.5
robust,5,rollout/ep_len_mean,4431872,807.0700073242188
robust,5,rollout/ep_len_mean,4440064,785.27001953125
robust,5,rollout/ep_len_mean,4448256,796.8499755859375
robust,5,rollout/ep_len_mean,4456448,804.0900268554688
robust,5,rollout/ep_len_mean,4464640,789.5700073242188
robust,5,rollout/ep_len_mean,4472832,763.4299926757812
robust,5,rollout/ep_len_mean,4481024,759.9000244140625
robust,5,rollout/ep_len_mean,4489216,784.2000122070312
robust,5,rollout/ep_len_mean,4497408,804.1300048828125
robust,5,rollout/ep_len_mean,4505600,788.1799926757812
robust,5,rollout/ep_len_mean,4513792,773.6300048828125
robust,5,rollout/ep_len_mean,4521984,783.530029296875
robust,5,rollout/ep_len_mean,4530176,787.2100219726562
robust,5,rollout/ep_len_mean,4538368,785.22998046875
robust,5,rollout/ep_len_mean,4546560,806.6300048828125
robust,5,rollout/ep_len_mean,4554752,820.2899780273438
robust,5,rollout/ep_len_mean,4562944,820.1300048828125
robust,5,rollout/ep_len_mean,4571136,787.3200073242188
robust,5,rollout/ep_len_mean,4579328,782.1599731445312
robust,5,rollout/ep_len_mean,4587520,787.4299926757812
robust,5,rollout/ep_len_mean,4595712,797.0599975585938
robust,5,rollout/ep_len_mean,4603904,781.6900024414062
robust,5,rollout/ep_len_mean,4612096,763.8200073242188
robust,5,rollout/ep_len_mean,4620288,768.9400024414062
robust,5,rollout/ep_len_mean,4628480,784.0999755859375
robust,5,rollout/ep_len_mean,4636672,776.5599975585938
robust,5,rollout/ep_len_mean,4644864,760.3900146484375
robust,5,rollout/ep_len_mean,4653056,758.6199951171875
robust,5,rollout/ep_len_mean,4661248,770.739990234375
robust,5,rollout/ep_len_mean,4669440,784.760009765625
robust,5,rollout/ep_len_mean,4677632,796.8400268554688
robust,5,rollout/ep_len_mean,4685824,768.8200073242188
robust,5,rollout/ep_len_mean,4694016,752.4299926757812
robust,5,rollout/ep_len_mean,4702208,724.030029296875
robust,5,rollout/ep_len_mean,4710400,732.1199951171875
robust,5,rollout/ep_len_mean,4718592,747.3900146484375
robust,5,rollout/ep_len_mean,4726784,769.1500244140625
robust,5,rollout/ep_len_mean,4734976,778.5800170898438
robust,5,rollout/ep_len_mean,4743168,768.1400146484375
robust,5,rollout/ep_len_mean,4751360,778.4400024414062
robust,5,rollout/ep_len_mean,4759552,786.8900146484375
robust,5,rollout/ep_len_mean,4767744,828.1099853515625
robust,5,rollout/ep_len_mean,4775936,846.5800170898438
robust,5,rollout/ep_len_mean,4784128,865.1199951171875
robust,5,rollout/ep_len_mean,4792320,863.760009765625
robust,5,rollout/ep_len_mean,4800512,851.0700073242188
robust,5,rollout/ep_len_mean,4808704,841.77001953125
robust,5,rollout/ep_len_mean,4816896,820.760009765625
robust,5,rollout/ep_len_mean,4825088,817.0700073242188
robust,5,rollout/ep_len_mean,4833280,792.77001953125
robust,5,rollout/ep_len_mean,4841472,776.2000122070312
robust,5,rollout/ep_len_mean,4849664,767.4600219726562
robust,5,rollout/ep_len_mean,4857856,737.4099731445312
robust,5,rollout/ep_len_mean,4866048,720.6400146484375
robust,5,rollout/ep_len_mean,4874240,732.989990234375
robust,5,rollout/ep_len_mean,4882432,745.280029296875
robust,5,rollout/ep_len_mean,4890624,748.239990234375
robust,5,rollout/ep_len_mean,4898816,743.1900024414062
robust,5,rollout/ep_len_mean,4907008,747.0999755859375
robust,5,rollout/ep_len_mean,4915200,766.5700073242188
robust,5,rollout/ep_len_mean,4923392,780.739990234375
robust,5,rollout/ep_len_mean,4931584,781.7000122070312
robust,5,rollout/ep_len_mean,4939776,784.2999877929688
robust,5,rollout/ep_len_mean,4947968,807.4000244140625
robust,5,rollout/ep_len_mean,4956160,802.5999755859375
robust,5,rollout/ep_len_mean,4964352,800.2000122070312
robust,5,rollout/ep_len_mean,4972544,803.1799926757812
robust,5,rollout/ep_len_mean,4980736,812.1500244140625
robust,5,rollout/ep_len_mean,4988928,802.5599975585938
robust,5,rollout/ep_len_mean,4997120,809.030029296875
robust,5,rollout/ep_len_mean,5005312,808.6400146484375
robust,5,train/approx_kl,16384,0.018862832337617874
robust,5,train/approx_kl,24576,0.01848619058728218
robust,5,train/approx_kl,32768,0.019875546917319298
robust,5,train/approx_kl,40960,0.024471359327435493
robust,5,train/approx_kl,49152,0.00989022757858038
robust,5,train/approx_kl,57344,0.017903849482536316
robust,5,train/approx_kl,65536,0.01991311088204384
robust,5,train/approx_kl,73728,0.01795039512217045
robust,5,train/approx_kl,81920,0.008815309964120388
robust,5,train/approx_kl,90112,0.019599737599492073
robust,5,train/approx_kl,98304,0.019251005724072456
robust,5,train/approx_kl,106496,0.020334647968411446
robust,5,train/approx_kl,114688,0.020228181034326553
robust,5,train/approx_kl,122880,0.01935742236673832
robust,5,train/approx_kl,131072,0.019552402198314667
robust,5,train/approx_kl,139264,0.010703402571380138
robust,5,train/approx_kl,147456,0.011737466789782047
robust,5,train/approx_kl,155648,0.019656995311379433
robust,5,train/approx_kl,163840,0.020790202543139458
robust,5,train/approx_kl,172032,0.010600972920656204
robust,5,train/approx_kl,180224,0.042523398995399475
robust,5,train/approx_kl,188416,0.010456916876137257
robust,5,train/approx_kl,196608,0.021781954914331436
robust,5,train/approx_kl,204800,0.011944743804633617
robust,5,train/approx_kl,212992,0.02591279149055481
robust,5,train/approx_kl,221184,0.022879451513290405
robust,5,train/approx_kl,229376,0.013035026378929615
robust,5,train/approx_kl,237568,0.012185581959784031
robust,5,train/approx_kl,245760,0.010857655666768551
robust,5,train/approx_kl,253952,0.020863888785243034
robust,5,train/approx_kl,262144,0.020575998350977898
robust,5,train/approx_kl,270336,0.012953747063875198
robust,5,train/approx_kl,278528,0.013381831347942352
robust,5,train/approx_kl,286720,0.011605178005993366
robust,5,train/approx_kl,294912,0.020452650263905525
robust,5,train/approx_kl,303104,0.013322414830327034
robust,5,train/approx_kl,311296,0.02158181369304657
robust,5,train/approx_kl,319488,0.012537072412669659
robust,5,train/approx_kl,327680,0.010042816400527954
robust,5,train/approx_kl,335872,0.013522294349968433
robust,5,train/approx_kl,344064,0.012055281549692154
robust,5,train/approx_kl,352256,0.013014357537031174
robust,5,train/approx_kl,360448,0.014684620313346386
robust,5,train/approx_kl,368640,0.012985635548830032
robust,5,train/approx_kl,376832,0.011357943527400494
robust,5,train/approx_kl,385024,0.010711932554841042
robust,5,train/approx_kl,393216,0.011265912093222141
robust,5,train/approx_kl,401408,0.013621389865875244
robust,5,train/approx_kl,409600,0.01254333183169365
robust,5,train/approx_kl,417792,0.012744168750941753
robust,5,train/approx_kl,425984,0.013769404962658882
robust,5,train/approx_kl,434176,0.02415386587381363
robust,5,train/approx_kl,442368,0.01214032992720604
robust,5,train/approx_kl,450560,0.01129357609897852
robust,5,train/approx_kl,458752,0.013898135162889957
robust,5,train/approx_kl,466944,0.012396549805998802
robust,5,train/approx_kl,475136,0.013086275197565556
robust,5,train/approx_kl,483328,0.019876617938280106
robust,5,train/approx_kl,491520,0.014223318547010422
robust,5,train/approx_kl,499712,0.01376426499336958
robust,5,train/approx_kl,507904,0.01069224625825882
robust,5,train/approx_kl,516096,0.02429659105837345
robust,5,train/approx_kl,524288,0.008929796516895294
robust,5,train/approx_kl,532480,0.01226335484534502
robust,5,train/approx_kl,540672,0.010819821618497372
robust,5,train/approx_kl,548864,0.016305726021528244
robust,5,train/approx_kl,557056,0.013215446844696999
robust,5,train/approx_kl,565248,0.013394316658377647
robust,5,train/approx_kl,573440,0.013553965836763382
robust,5,train/approx_kl,581632,0.012693258002400398
robust,5,train/approx_kl,589824,0.014478589408099651
robust,5,train/approx_kl,598016,0.013098837807774544
robust,5,train/approx_kl,606208,0.010372767224907875
robust,5,train/approx_kl,614400,0.013074112124741077
robust,5,train/approx_kl,622592,0.013356423936784267
robust,5,train/approx_kl,630784,0.014726576395332813
robust,5,train/approx_kl,638976,0.02215554006397724
robust,5,train/approx_kl,647168,0.010806452482938766
robust,5,train/approx_kl,655360,0.012073765508830547
robust,5,train/approx_kl,663552,0.012085427530109882
robust,5,train/approx_kl,671744,0.009457271546125412
robust,5,train/approx_kl,679936,0.014313037507236004
robust,5,train/approx_kl,688128,0.008451363071799278
robust,5,train/approx_kl,696320,0.013425148092210293
robust,5,train/approx_kl,704512,0.009887698106467724
robust,5,train/approx_kl,712704,0.01236712746322155
robust,5,train/approx_kl,720896,0.010821698233485222
robust,5,train/approx_kl,729088,0.01307651400566101
robust,5,train/approx_kl,737280,0.01263731624931097
robust,5,train/approx_kl,745472,0.015248815529048443
robust,5,train/approx_kl,753664,0.013361587189137936
robust,5,train/approx_kl,761856,0.010027121752500534
robust,5,train/approx_kl,770048,0.01803380437195301
robust,5,train/approx_kl,778240,0.014214211143553257
robust,5,train/approx_kl,786432,0.022505667060613632
robust,5,train/approx_kl,794624,0.013448163866996765
robust,5,train/approx_kl,802816,0.011922894045710564
robust,5,train/approx_kl,811008,0.014439379796385765
robust,5,train/approx_kl,819200,0.011474642902612686
robust,5,train/approx_kl,827392,0.012936918996274471
robust,5,train/approx_kl,835584,0.020946238189935684
robust,5,train/approx_kl,843776,0.012857620604336262
robust,5,train/approx_kl,851968,0.016210023313760757
robust,5,train/approx_kl,860160,0.012599359266459942
robust,5,train/approx_kl,868352,0.012056232430040836
robust,5,train/approx_kl,876544,0.01316611748188734
robust,5,train/approx_kl,884736,0.016507461667060852
robust,5,train/approx_kl,892928,0.008201604709029198
robust,5,train/approx_kl,901120,0.012765435501933098
robust,5,train/approx_kl,909312,0.014265038073062897
robust,5,train/approx_kl,917504,0.011398072354495525
robust,5,train/approx_kl,925696,0.011596256867051125
robust,5,train/approx_kl,933888,0.010850748978555202
robust,5,train/approx_kl,942080,0.015288658440113068
robust,5,train/approx_kl,950272,0.022140933200716972
robust,5,train/approx_kl,958464,0.014609366655349731
robust,5,train/approx_kl,966656,0.015134298242628574
robust,5,train/approx_kl,974848,0.013994195498526096
robust,5,train/approx_kl,983040,0.01059696078300476
robust,5,train/approx_kl,991232,0.01340940035879612
robust,5,train/approx_kl,999424,0.01362724881619215
robust,5,train/approx_kl,1007616,0.013343670405447483
robust,5,train/approx_kl,1015808,0.01266794465482235
robust,5,train/approx_kl,1024000,0.014830529689788818
robust,5,train/approx_kl,1032192,0.013118931092321873
robust,5,train/approx_kl,1040384,0.013788105919957161
robust,5,train/approx_kl,1048576,0.011302849277853966
robust,5,train/approx_kl,1056768,0.01210958231240511
robust,5,train/approx_kl,1064960,0.013581942766904831
robust,5,train/approx_kl,1073152,0.02317524515092373
robust,5,train/approx_kl,1081344,0.013630596920847893
robust,5,train/approx_kl,1089536,0.014896970242261887
robust,5,train/approx_kl,1097728,0.022839074954390526
robust,5,train/approx_kl,1105920,0.010741515085101128
robust,5,train/approx_kl,1114112,0.014602943323552608
robust,5,train/approx_kl,1122304,0.010918821208178997
robust,5,train/approx_kl,1130496,0.00990269985049963
robust,5,train/approx_kl,1138688,0.013200562447309494
robust,5,train/approx_kl,1146880,0.011505268514156342
robust,5,train/approx_kl,1155072,0.01028220634907484
robust,5,train/approx_kl,1163264,0.012725181877613068
robust,5,train/approx_kl,1171456,0.012074150145053864
robust,5,train/approx_kl,1179648,0.011717190966010094
robust,5,train/approx_kl,1187840,0.013870730064809322
robust,5,train/approx_kl,1196032,0.013246947899460793
robust,5,train/approx_kl,1204224,0.013596939854323864
robust,5,train/approx_kl,1212416,0.013001718558371067
robust,5,train/approx_kl,1220608,0.013447809964418411
robust,5,train/approx_kl,1228800,0.012200750410556793
robust,5,train/approx_kl,1236992,0.012894602492451668
robust,5,train/approx_kl,1245184,0.015790563076734543
robust,5,train/approx_kl,1253376,0.01279957965016365
robust,5,train/approx_kl,1261568,0.012673058547079563
robust,5,train/approx_kl,1269760,0.012893238104879856
robust,5,train/approx_kl,1277952,0.010394995100796223
robust,5,train/approx_kl,1286144,0.013161640614271164
robust,5,train/approx_kl,1294336,0.013407046906650066
robust,5,train/approx_kl,1302528,0.009355750866234303
robust,5,train/approx_kl,1310720,0.013909592293202877
robust,5,train/approx_kl,1318912,0.012307295575737953
robust,5,train/approx_kl,1327104,0.009000549092888832
robust,5,train/approx_kl,1335296,0.016446229070425034
robust,5,train/approx_kl,1343488,0.011843242682516575
robust,5,train/approx_kl,1351680,0.007137610111385584
robust,5,train/approx_kl,1359872,0.010315466672182083
robust,5,train/approx_kl,1368064,0.011954315938055515
robust,5,train/approx_kl,1376256,0.013354352675378323
robust,5,train/approx_kl,1384448,0.012956324964761734
robust,5,train/approx_kl,1392640,0.013667793944478035
robust,5,train/approx_kl,1400832,0.013396544381976128
robust,5,train/approx_kl,1409024,0.010337607003748417
robust,5,train/approx_kl,1417216,0.013663411140441895
robust,5,train/approx_kl,1425408,0.011645820923149586
robust,5,train/approx_kl,1433600,0.01069315243512392
robust,5,train/approx_kl,1441792,0.01203819178044796
robust,5,train/approx_kl,1449984,0.010058041661977768
robust,5,train/approx_kl,1458176,0.013843093067407608
robust,5,train/approx_kl,1466368,0.008967171423137188
robust,5,train/approx_kl,1474560,0.012063947506248951
robust,5,train/approx_kl,1482752,0.008037262596189976
robust,5,train/approx_kl,1490944,0.014571091160178185
robust,5,train/approx_kl,1499136,0.014032011851668358
robust,5,train/approx_kl,1507328,0.013225636444985867
robust,5,train/approx_kl,1515520,0.02675333246588707
robust,5,train/approx_kl,1523712,0.014474272727966309
robust,5,train/approx_kl,1531904,0.012859406881034374
robust,5,train/approx_kl,1540096,0.012996871955692768
robust,5,train/approx_kl,1548288,0.012150926515460014
robust,5,train/approx_kl,1556480,0.012826760299503803
robust,5,train/approx_kl,1564672,0.010381986387073994
robust,5,train/approx_kl,1572864,0.013716451823711395
robust,5,train/approx_kl,1581056,0.014917444437742233
robust,5,train/approx_kl,1589248,0.012044019065797329
robust,5,train/approx_kl,1597440,0.013145341537892818
robust,5,train/approx_kl,1605632,0.013749942183494568
robust,5,train/approx_kl,1613824,0.010954058729112148
robust,5,train/approx_kl,1622016,0.011438393965363503
robust,5,train/approx_kl,1630208,0.00971288327127695
robust,5,train/approx_kl,1638400,0.014613336883485317
robust,5,train/approx_kl,1646592,0.010002104565501213
robust,5,train/approx_kl,1654784,0.013958148658275604
robust,5,train/approx_kl,1662976,0.011894745752215385
robust,5,train/approx_kl,1671168,0.0103027718141675
robust,5,train/approx_kl,1679360,0.015340094454586506
robust,5,train/approx_kl,1687552,0.01241539977490902
robust,5,train/approx_kl,1695744,0.03382665663957596
robust,5,train/approx_kl,1703936,0.0126084228977561
robust,5,train/approx_kl,1712128,0.02413962408900261
robust,5,train/approx_kl,1720320,0.013292156159877777
robust,5,train/approx_kl,1728512,0.03348314389586449
robust,5,train/approx_kl,1736704,0.011640546843409538
robust,5,train/approx_kl,1744896,0.012929600663483143
robust,5,train/approx_kl,1753088,0.011489399708807468
robust,5,train/approx_kl,1761280,0.014793138951063156
robust,5,train/approx_kl,1769472,0.012483368627727032
robust,5,train/approx_kl,1777664,0.0375155508518219
robust,5,train/approx_kl,1785856,0.014727802015841007
robust,5,train/approx_kl,1794048,0.01292570773512125
robust,5,train/approx_kl,1802240,0.01427160482853651
robust,5,train/approx_kl,1810432,0.01561998575925827
robust,5,train/approx_kl,1818624,0.01289435662329197
robust,5,train/approx_kl,1826816,0.011015272699296474
robust,5,train/approx_kl,1835008,0.007982361130416393
robust,5,train/approx_kl,1843200,0.012003972195088863
robust,5,train/approx_kl,1851392,0.010934353806078434
robust,5,train/approx_kl,1859584,0.01430989895015955
robust,5,train/approx_kl,1867776,0.015500444918870926
robust,5,train/approx_kl,1875968,0.012255419045686722
robust,5,train/approx_kl,1884160,0.011705915443599224
robust,5,train/approx_kl,1892352,0.012678883038461208
robust,5,train/approx_kl,1900544,0.013551724143326283
robust,5,train/approx_kl,1908736,0.015195128507912159
robust,5,train/approx_kl,1916928,0.012511694803833961
robust,5,train/approx_kl,1925120,0.015236147679388523
robust,5,train/approx_kl,1933312,0.013794366270303726
robust,5,train/approx_kl,1941504,0.01294240728020668
robust,5,train/approx_kl,1949696,0.014978687278926373
robust,5,train/approx_kl,1957888,0.015262763015925884
robust,5,train/approx_kl,1966080,0.014532538130879402
robust,5,train/approx_kl,1974272,0.014161606319248676
robust,5,train/approx_kl,1982464,0.010724106803536415
robust,5,train/approx_kl,1990656,0.013825878500938416
robust,5,train/approx_kl,1998848,0.01112478505820036
robust,5,train/approx_kl,2007040,0.010322951711714268
robust,5,train/approx_kl,2015232,0.009867502376437187
robust,5,train/approx_kl,2023424,0.014932657591998577
robust,5,train/approx_kl,2031616,0.0108011020347476
robust,5,train/approx_kl,2039808,0.01578950509428978
robust,5,train/approx_kl,2048000,0.01230571698397398
robust,5,train/approx_kl,2056192,0.015911826863884926
robust,5,train/approx_kl,2064384,0.011922030709683895
robust,5,train/approx_kl,2072576,0.011481611989438534
robust,5,train/approx_kl,2080768,0.0155753493309021
robust,5,train/approx_kl,2088960,0.011795050464570522
robust,5,train/approx_kl,2097152,0.011183883994817734
robust,5,train/approx_kl,2105344,0.011642836034297943
robust,5,train/approx_kl,2113536,0.012218317948281765
robust,5,train/approx_kl,2121728,0.0115871736779809
robust,5,train/approx_kl,2129920,0.015681490302085876
robust,5,train/approx_kl,2138112,0.009154584258794785
robust,5,train/approx_kl,2146304,0.012194310314953327
robust,5,train/approx_kl,2154496,0.013402193784713745
robust,5,train/approx_kl,2162688,0.013152326457202435
robust,5,train/approx_kl,2170880,0.014357879757881165
robust,5,train/approx_kl,2179072,0.013142081908881664
robust,5,train/approx_kl,2187264,0.015156660228967667
robust,5,train/approx_kl,2195456,0.012552815489470959
robust,5,train/approx_kl,2203648,0.015382482670247555
robust,5,train/approx_kl,2211840,0.012580906972289085
robust,5,train/approx_kl,2220032,0.014504833146929741
robust,5,train/approx_kl,2228224,0.012401957996189594
robust,5,train/approx_kl,2236416,0.011328785680234432
robust,5,train/approx_kl,2244608,0.011289654299616814
robust,5,train/approx_kl,2252800,0.012674328871071339
robust,5,train/approx_kl,2260992,0.013548522256314754
robust,5,train/approx_kl,2269184,0.01478856522589922
robust,5,train/approx_kl,2277376,0.013646760024130344
robust,5,train/approx_kl,2285568,0.013618255965411663
robust,5,train/approx_kl,2293760,0.013802586123347282
robust,5,train/approx_kl,2301952,0.011888562701642513
robust,5,train/approx_kl,2310144,0.013616093434393406
robust,5,train/approx_kl,2318336,0.011674381792545319
robust,5,train/approx_kl,2326528,0.015548544935882092
robust,5,train/approx_kl,2334720,0.014478873461484909
robust,5,train/approx_kl,2342912,0.013151295483112335
robust,5,train/approx_kl,2351104,0.023729534819722176
robust,5,train/approx_kl,2359296,0.012116114608943462
robust,5,train/approx_kl,2367488,0.012758973054587841
robust,5,train/approx_kl,2375680,0.011672040447592735
robust,5,train/approx_kl,2383872,0.023125091567635536
robust,5,train/approx_kl,2392064,0.014711935073137283
robust,5,train/approx_kl,2400256,0.028405724093317986
robust,5,train/approx_kl,2408448,0.0120437853038311
robust,5,train/approx_kl,2416640,0.012223119847476482
robust,5,train/approx_kl,2424832,0.013176041655242443
robust,5,train/approx_kl,2433024,0.014356588013470173
robust,5,train/approx_kl,2441216,0.01435436774045229
robust,5,train/approx_kl,2449408,0.021993126720190048
robust,5,train/approx_kl,2457600,0.013490171171724796
robust,5,train/approx_kl,2465792,0.03720156103372574
robust,5,train/approx_kl,2473984,0.011492541991174221
robust,5,train/approx_kl,2482176,0.013192903250455856
robust,5,train/approx_kl,2490368,0.011668303050100803
robust,5,train/approx_kl,2498560,0.012805932201445103
robust,5,train/approx_kl,2506752,0.01267232559621334
robust,5,train/approx_kl,2514944,0.012140616774559021
robust,5,train/approx_kl,2523136,0.01031807716935873
robust,5,train/approx_kl,2531328,0.015705958008766174
robust,5,train/approx_kl,2539520,0.013324247673153877
robust,5,train/approx_kl,2547712,0.030189577490091324
robust,5,train/approx_kl,2555904,0.01526723150163889
robust,5,train/approx_kl,2564096,0.01394180953502655
robust,5,train/approx_kl,2572288,0.010408674366772175
robust,5,train/approx_kl,2580480,0.010827645659446716
robust,5,train/approx_kl,2588672,0.0156899131834507
robust,5,train/approx_kl,2596864,0.014129682444036007
robust,5,train/approx_kl,2605056,0.01299822237342596
robust,5,train/approx_kl,2613248,0.014635585248470306
robust,5,train/approx_kl,2621440,0.01355742197483778
robust,5,train/approx_kl,2629632,0.012337160296738148
robust,5,train/approx_kl,2637824,0.012700828723609447
robust,5,train/approx_kl,2646016,0.0220127385109663
robust,5,train/approx_kl,2654208,0.013248980045318604
robust,5,train/approx_kl,2662400,0.013498008251190186
robust,5,train/approx_kl,2670592,0.012874498032033443
robust,5,train/approx_kl,2678784,0.01342027261853218
robust,5,train/approx_kl,2686976,0.014270616695284843
robust,5,train/approx_kl,2695168,0.01413721777498722
robust,5,train/approx_kl,2703360,0.012610502541065216
robust,5,train/approx_kl,2711552,0.011730142869055271
robust,5,train/approx_kl,2719744,0.013029159046709538
robust,5,train/approx_kl,2727936,0.011734405532479286
robust,5,train/approx_kl,2736128,0.0071824840269982815
robust,5,train/approx_kl,2744320,0.012320014648139477
robust,5,train/approx_kl,2752512,0.012388420291244984
robust,5,train/approx_kl,2760704,0.010293461382389069
robust,5,train/approx_kl,2768896,0.01097649335861206
robust,5,train/approx_kl,2777088,0.02119617536664009
robust,5,train/approx_kl,2785280,0.025355564430356026
robust,5,train/approx_kl,2793472,0.01421289797872305
robust,5,train/approx_kl,2801664,0.014117234386503696
robust,5,train/approx_kl,2809856,0.014529519714415073
robust,5,train/approx_kl,2818048,0.010185480117797852
robust,5,train/approx_kl,2826240,0.020393701270222664
robust,5,train/approx_kl,2834432,0.013632920570671558
robust,5,train/approx_kl,2842624,0.011954744346439838
robust,5,train/approx_kl,2850816,0.013073799200356007
robust,5,train/approx_kl,2859008,0.012452421709895134
robust,5,train/approx_kl,2867200,0.011999152600765228
robust,5,train/approx_kl,2875392,0.02316177822649479
robust,5,train/approx_kl,2883584,0.022297756746411324
robust,5,train/approx_kl,2891776,0.020554833114147186
robust,5,train/approx_kl,2899968,0.014524878934025764
robust,5,train/approx_kl,2908160,0.023012962192296982
robust,5,train/approx_kl,2916352,0.012563660740852356
robust,5,train/approx_kl,2924544,0.014147533103823662
robust,5,train/approx_kl,2932736,0.012608411721885204
robust,5,train/approx_kl,2940928,0.013460029847919941
robust,5,train/approx_kl,2949120,0.019864948466420174
robust,5,train/approx_kl,2957312,0.024868635460734367
robust,5,train/approx_kl,2965504,0.01350643951445818
robust,5,train/approx_kl,2973696,0.02129957266151905
robust,5,train/approx_kl,2981888,0.021113768219947815
robust,5,train/approx_kl,2990080,0.026174554601311684
robust,5,train/approx_kl,2998272,0.022183233872056007
robust,5,train/approx_kl,3006464,0.019826356321573257
robust,5,train/approx_kl,3014656,0.033896397799253464
robust,5,train/approx_kl,3022848,0.013251100666821003
robust,5,train/approx_kl,3031040,0.02332063391804695
robust,5,train/approx_kl,3039232,0.012282632291316986
robust,5,train/approx_kl,3047424,0.023323124274611473
robust,5,train/approx_kl,3055616,0.015316112898290157
robust,5,train/approx_kl,3063808,0.023862116038799286
robust,5,train/approx_kl,3072000,0.010478951968252659
robust,5,train/approx_kl,3080192,0.01201949268579483
robust,5,train/approx_kl,3088384,0.013428845442831516
robust,5,train/approx_kl,3096576,0.013852068223059177
robust,5,train/approx_kl,3104768,0.011901762336492538
robust,5,train/approx_kl,3112960,0.014423788525164127
robust,5,train/approx_kl,3121152,0.013967042788863182
robust,5,train/approx_kl,3129344,0.021887337788939476
robust,5,train/approx_kl,3137536,0.010767194442451
robust,5,train/approx_kl,3145728,0.009763926267623901
robust,5,train/approx_kl,3153920,0.012327225878834724
robust,5,train/approx_kl,3162112,0.014099717140197754
robust,5,train/approx_kl,3170304,0.020508242771029472
robust,5,train/approx_kl,3178496,0.009961188770830631
robust,5,train/approx_kl,3186688,0.012014340609312057
robust,5,train/approx_kl,3194880,0.012773188762366772
robust,5,train/approx_kl,3203072,0.02276184968650341
robust,5,train/approx_kl,3211264,0.02145998179912567
robust,5,train/approx_kl,3219456,0.012532618828117847
robust,5,train/approx_kl,3227648,0.010923614725470543
robust,5,train/approx_kl,3235840,0.013513149693608284
robust,5,train/approx_kl,3244032,0.012088999152183533
robust,5,train/approx_kl,3252224,0.013407424092292786
robust,5,train/approx_kl,3260416,0.01981082558631897
robust,5,train/approx_kl,3268608,0.024820424616336823
robust,5,train/approx_kl,3276800,0.01240628957748413
robust,5,train/approx_kl,3284992,0.05132800340652466
robust,5,train/approx_kl,3293184,0.01134410034865141
robust,5,train/approx_kl,3301376,0.010368414223194122
robust,5,train/approx_kl,3309568,0.030119288712739944
robust,5,train/approx_kl,3317760,0.011460107751190662
robust,5,train/approx_kl,3325952,0.01096394844353199
robust,5,train/approx_kl,3334144,0.01205151341855526
robust,5,train/approx_kl,3342336,0.011510533280670643
robust,5,train/approx_kl,3350528,0.02121322602033615
robust,5,train/approx_kl,3358720,0.011336375027894974
robust,5,train/approx_kl,3366912,0.011692769825458527
robust,5,train/approx_kl,3375104,0.01231661718338728
robust,5,train/approx_kl,3383296,0.012821619398891926
robust,5,train/approx_kl,3391488,0.019930031150579453
robust,5,train/approx_kl,3399680,0.010083785280585289
robust,5,train/approx_kl,3407872,0.009525518864393234
robust,5,train/approx_kl,3416064,0.020283646881580353
robust,5,train/approx_kl,3424256,0.022239575162529945
robust,5,train/approx_kl,3432448,0.01085832342505455
robust,5,train/approx_kl,3440640,0.018865957856178284
robust,5,train/approx_kl,3448832,0.01403594110161066
robust,5,train/approx_kl,3457024,0.013243163004517555
robust,5,train/approx_kl,3465216,0.020375698804855347
robust,5,train/approx_kl,3473408,0.01965448446571827
robust,5,train/approx_kl,3481600,0.021327655762434006
robust,5,train/approx_kl,3489792,0.012478698045015335
robust,5,train/approx_kl,3497984,0.010127216577529907
robust,5,train/approx_kl,3506176,0.020970767363905907
robust,5,train/approx_kl,3514368,0.012110949493944645
robust,5,train/approx_kl,3522560,0.023183267563581467
robust,5,train/approx_kl,3530752,0.021060526371002197
robust,5,train/approx_kl,3538944,0.01935572735965252
robust,5,train/approx_kl,3547136,0.012767551466822624
robust,5,train/approx_kl,3555328,0.011316070333123207
robust,5,train/approx_kl,3563520,0.012493252754211426
robust,5,train/approx_kl,3571712,0.02224396914243698
robust,5,train/approx_kl,3579904,0.019252127036452293
robust,5,train/approx_kl,3588096,0.018168870359659195
robust,5,train/approx_kl,3596288,0.012218479998409748
robust,5,train/approx_kl,3604480,0.009691977873444557
robust,5,train/approx_kl,3612672,0.020721329376101494
robust,5,train/approx_kl,3620864,0.01920914836227894
robust,5,train/approx_kl,3629056,0.012599511072039604
robust,5,train/approx_kl,3637248,0.019419603049755096
robust,5,train/approx_kl,3645440,0.0194525308907032
robust,5,train/approx_kl,3653632,0.012483764439821243
robust,5,train/approx_kl,3661824,0.03012530878186226
robust,5,train/approx_kl,3670016,0.01930072344839573
robust,5,train/approx_kl,3678208,0.02089153230190277
robust,5,train/approx_kl,3686400,0.009525023400783539
robust,5,train/approx_kl,3694592,0.009444440715014935
robust,5,train/approx_kl,3702784,0.0226606372743845
robust,5,train/approx_kl,3710976,0.017816685140132904
robust,5,train/approx_kl,3719168,0.013531585223972797
robust,5,train/approx_kl,3727360,0.02051841840147972
robust,5,train/approx_kl,3735552,0.018847675994038582
robust,5,train/approx_kl,3743744,0.022930441424250603
robust,5,train/approx_kl,3751936,0.020078973844647408
robust,5,train/approx_kl,3760128,0.01982983388006687
robust,5,train/approx_kl,3768320,0.019151980057358742
robust,5,train/approx_kl,3776512,0.011074983514845371
robust,5,train/approx_kl,3784704,0.021018456667661667
robust,5,train/approx_kl,3792896,0.012763402424752712
robust,5,train/approx_kl,3801088,0.02219230681657791
robust,5,train/approx_kl,3809280,0.020686199888586998
robust,5,train/approx_kl,3817472,0.023730898275971413
robust,5,train/approx_kl,3825664,0.010822124779224396
robust,5,train/approx_kl,3833856,0.009444313123822212
robust,5,train/approx_kl,3842048,0.012287626974284649
robust,5,train/approx_kl,3850240,0.025955280289053917
robust,5,train/approx_kl,3858432,0.010859142988920212
robust,5,train/approx_kl,3866624,0.026523899286985397
robust,5,train/approx_kl,3874816,0.01808716543018818
robust,5,train/approx_kl,3883008,0.01944575272500515
robust,5,train/approx_kl,3891200,0.021894728764891624
robust,5,train/approx_kl,3899392,0.011393671855330467
robust,5,train/approx_kl,3907584,0.025948416441679
robust,5,train/approx_kl,3915776,0.012129535898566246
robust,5,train/approx_kl,3923968,0.0111426105722785
robust,5,train/approx_kl,3932160,0.012106086127460003
robust,5,train/approx_kl,3940352,0.012961993925273418
robust,5,train/approx_kl,3948544,0.021365191787481308
robust,5,train/approx_kl,3956736,0.018889904022216797
robust,5,train/approx_kl,3964928,0.02003335766494274
robust,5,train/approx_kl,3973120,0.020614465698599815
robust,5,train/approx_kl,3981312,0.010681919753551483
robust,5,train/approx_kl,3989504,0.011469932273030281
robust,5,train/approx_kl,3997696,0.022789157927036285
robust,5,train/approx_kl,4005888,0.02429092302918434
robust,5,train/approx_kl,4014080,0.0116266505792737
robust,5,train/approx_kl,4022272,0.013122857548296452
robust,5,train/approx_kl,4030464,0.020351026207208633
robust,5,train/approx_kl,4038656,0.012162570841610432
robust,5,train/approx_kl,4046848,0.012339003384113312
robust,5,train/approx_kl,4055040,0.019659245386719704
robust,5,train/approx_kl,4063232,0.0209527388215065
robust,5,train/approx_kl,4071424,0.018580209463834763
robust,5,train/approx_kl,4079616,0.009549284353852272
robust,5,train/approx_kl,4087808,0.022111332044005394
robust,5,train/approx_kl,4096000,0.02213858626782894
robust,5,train/approx_kl,4104192,0.009553201496601105
robust,5,train/approx_kl,4112384,0.02145955339074135
robust,5,train/approx_kl,4120576,0.021578559651970863
robust,5,train/approx_kl,4128768,0.011697540059685707
robust,5,train/approx_kl,4136960,0.01915162429213524
robust,5,train/approx_kl,4145152,0.019931122660636902
robust,5,train/approx_kl,4153344,0.019112035632133484
robust,5,train/approx_kl,4161536,0.021401863545179367
robust,5,train/approx_kl,4169728,0.019678793847560883
robust,5,train/approx_kl,4177920,0.010071402415633202
robust,5,train/approx_kl,4186112,0.020791642367839813
robust,5,train/approx_kl,4194304,0.01830853708088398
robust,5,train/approx_kl,4202496,0.011565236374735832
robust,5,train/approx_kl,4210688,0.01833580806851387
robust,5,train/approx_kl,4218880,0.01914789155125618
robust,5,train/approx_kl,4227072,0.02109450474381447
robust,5,train/approx_kl,4235264,0.02364417538046837
robust,5,train/approx_kl,4243456,0.02139347232878208
robust,5,train/approx_kl,4251648,0.02128860540688038
robust,5,train/approx_kl,4259840,0.03962875157594681
robust,5,train/approx_kl,4268032,0.01026448979973793
robust,5,train/approx_kl,4276224,0.019287366420030594
robust,5,train/approx_kl,4284416,0.019562233239412308
robust,5,train/approx_kl,4292608,0.01870093308389187
robust,5,train/approx_kl,4300800,0.010753585025668144
robust,5,train/approx_kl,4308992,0.018932977691292763
robust,5,train/approx_kl,4317184,0.018931344151496887
robust,5,train/approx_kl,4325376,0.020588062703609467
robust,5,train/approx_kl,4333568,0.010785236954689026
robust,5,train/approx_kl,4341760,0.019870517775416374
robust,5,train/approx_kl,4349952,0.017511950805783272
robust,5,train/approx_kl,4358144,0.010906679555773735
robust,5,train/approx_kl,4366336,0.018721073865890503
robust,5,train/approx_kl,4374528,0.019270997494459152
robust,5,train/approx_kl,4382720,0.023317258805036545
robust,5,train/approx_kl,4390912,0.017628395929932594
robust,5,train/approx_kl,4399104,0.020406674593687057
robust,5,train/approx_kl,4407296,0.009731093421578407
robust,5,train/approx_kl,4415488,0.018665431067347527
robust,5,train/approx_kl,4423680,0.020603040233254433
robust,5,train/approx_kl,4431872,0.00881519541144371
robust,5,train/approx_kl,4440064,0.02258060872554779
robust,5,train/approx_kl,4448256,0.01936887390911579
robust,5,train/approx_kl,4456448,0.012797948904335499
robust,5,train/approx_kl,4464640,0.01935628242790699
robust,5,train/approx_kl,4472832,0.017903637140989304
robust,5,train/approx_kl,4481024,0.01997043937444687
robust,5,train/approx_kl,4489216,0.018348215147852898
robust,5,train/approx_kl,4497408,0.019342904910445213
robust,5,train/approx_kl,4505600,0.01843412220478058
robust,5,train/approx_kl,4513792,0.0182892307639122
robust,5,train/approx_kl,4521984,0.020812811329960823
robust,5,train/approx_kl,4530176,0.019261827692389488
robust,5,train/approx_kl,4538368,0.020082050934433937
robust,5,train/approx_kl,4546560,0.019015438854694366
robust,5,train/approx_kl,4554752,0.009223677217960358
robust,5,train/approx_kl,4562944,0.018662406131625175
robust,5,train/approx_kl,4571136,0.01645638793706894
robust,5,train/approx_kl,4579328,0.013130197301506996
robust,5,train/approx_kl,4587520,0.011002457700669765
robust,5,train/approx_kl,4595712,0.018174633383750916
robust,5,train/approx_kl,4603904,0.017685240134596825
robust,5,train/approx_kl,4612096,0.017635174095630646
robust,5,train/approx_kl,4620288,0.018981367349624634
robust,5,train/approx_kl,4628480,0.01858547329902649
robust,5,train/approx_kl,4636672,0.015200075693428516
robust,5,train/approx_kl,4644864,0.01866413839161396
robust,5,train/approx_kl,4653056,0.021047966554760933
robust,5,train/approx_kl,4661248,0.01727815344929695
robust,5,train/approx_kl,4669440,0.02037857659161091
robust,5,train/approx_kl,4677632,0.02122601307928562
robust,5,train/approx_kl,4685824,0.020439108833670616
robust,5,train/approx_kl,4694016,0.01128934696316719
robust,5,train/approx_kl,4702208,0.008151324465870857
robust,5,train/approx_kl,4710400,0.019410988315939903
robust,5,train/approx_kl,4718592,0.01767868548631668
robust,5,train/approx_kl,4726784,0.009042891673743725
robust,5,train/approx_kl,4734976,0.01852562092244625
robust,5,train/approx_kl,4743168,0.01809130422770977
robust,5,train/approx_kl,4751360,0.018616631627082825
robust,5,train/approx_kl,4759552,0.017356084659695625
robust,5,train/approx_kl,4767744,0.01819329522550106
robust,5,train/approx_kl,4775936,0.02173946052789688
robust,5,train/approx_kl,4784128,0.020939722657203674
robust,5,train/approx_kl,4792320,0.024192821234464645
robust,5,train/approx_kl,4800512,0.009495153091847897
robust,5,train/approx_kl,4808704,0.01886095479130745
robust,5,train/approx_kl,4816896,0.011932198889553547
robust,5,train/approx_kl,4825088,0.01912633329629898
robust,5,train/approx_kl,4833280,0.01888180524110794
robust,5,train/approx_kl,4841472,0.010918283835053444
robust,5,train/approx_kl,4849664,0.017431164160370827
robust,5,train/approx_kl,4857856,0.019880041480064392
robust,5,train/approx_kl,4866048,0.010463180020451546
robust,5,train/approx_kl,4874240,0.010835777968168259
robust,5,train/approx_kl,4882432,0.020263131707906723
robust,5,train/approx_kl,4890624,0.017707720398902893
robust,5,train/approx_kl,4898816,0.01923605240881443
robust,5,train/approx_kl,4907008,0.016483858227729797
robust,5,train/approx_kl,4915200,0.019255980849266052
robust,5,train/approx_kl,4923392,0.017646262422204018
robust,5,train/approx_kl,4931584,0.018751580268144608
robust,5,train/approx_kl,4939776,0.01839670166373253
robust,5,train/approx_kl,4947968,0.018799899145960808
robust,5,train/approx_kl,4956160,0.020068597048521042
robust,5,train/approx_kl,4964352,0.018125422298908234
robust,5,train/approx_kl,4972544,0.020268181338906288
robust,5,train/approx_kl,4980736,0.01940755546092987
robust,5,train/approx_kl,4988928,0.017322877421975136
robust,5,train/approx_kl,4997120,0.018643585965037346
robust,5,train/approx_kl,5005312,0.01902870275080204
robust,5,train/clip_fraction,16384,0.1961543709039688
robust,5,train/clip_fraction,24576,0.1924010068178177
robust,5,train/clip_fraction,32768,0.20584677159786224
robust,5,train/clip_fraction,40960,0.2199612408876419
robust,5,train/clip_fraction,49152,0.1413690447807312
robust,5,train/clip_fraction,57344,0.18860554695129395
robust,5,train/clip_fraction,65536,0.1858377605676651
robust,5,train/clip_fraction,73728,0.17886029183864594
robust,5,train/clip_fraction,81920,0.12064873427152634
robust,5,train/clip_fraction,90112,0.16277985274791718
robust,5,train/clip_fraction,98304,0.19288793206214905
robust,5,train/clip_fraction,106496,0.19001735746860504
robust,5,train/clip_fraction,114688,0.19080357253551483
robust,5,train/clip_fraction,122880,0.1853480488061905
robust,5,train/clip_fraction,131072,0.19341455399990082
robust,5,train/clip_fraction,139264,0.14940309524536133
robust,5,train/clip_fraction,147456,0.16473214328289032
robust,5,train/clip_fraction,155648,0.1875
robust,5,train/clip_fraction,163840,0.20143072307109833
robust,5,train/clip_fraction,172032,0.1451130360364914
robust,5,train/clip_fraction,180224,0.18398740887641907
robust,5,train/clip_fraction,188416,0.14082030951976776
robust,5,train/clip_fraction,196608,0.20048701763153076
robust,5,train/clip_fraction,204800,0.16047793626785278
robust,5,train/clip_fraction,212992,0.2101089060306549
robust,5,train/clip_fraction,221184,0.20611701905727386
robust,5,train/clip_fraction,229376,0.1881677359342575
robust,5,train/clip_fraction,237568,0.17343750596046448
robust,5,train/clip_fraction,245760,0.14805327355861664
robust,5,train/clip_fraction,253952,0.1982758641242981
robust,5,train/clip_fraction,262144,0.21386173367500305
robust,5,train/clip_fraction,270336,0.18592315912246704
robust,5,train/clip_fraction,278528,0.18998247385025024
robust,5,train/clip_fraction,286720,0.15239447355270386
robust,5,train/clip_fraction,294912,0.21587170660495758
robust,5,train/clip_fraction,303104,0.18314549326896667
robust,5,train/clip_fraction,311296,0.19194799661636353
robust,5,train/clip_fraction,319488,0.16801470518112183
robust,5,train/clip_fraction,327680,0.1450892835855484
robust,5,train/clip_fraction,335872,0.1930309683084488
robust,5,train/clip_fraction,344064,0.15679505467414856
robust,5,train/clip_fraction,352256,0.18140244483947754
robust,5,train/clip_fraction,360448,0.1985677033662796
robust,5,train/clip_fraction,368640,0.1809730976819992
robust,5,train/clip_fraction,376832,0.1548996865749359
robust,5,train/clip_fraction,385024,0.14663460850715637
robust,5,train/clip_fraction,393216,0.1599462330341339
robust,5,train/clip_fraction,401408,0.1890285313129425
robust,5,train/clip_fraction,409600,0.1763392835855484
robust,5,train/clip_fraction,417792,0.17067307233810425
robust,5,train/clip_fraction,425984,0.1903521865606308
robust,5,train/clip_fraction,434176,0.2066865861415863
robust,5,train/clip_fraction,442368,0.17464953660964966
robust,5,train/clip_fraction,450560,0.16329225897789001
robust,5,train/clip_fraction,458752,0.19515305757522583
robust,5,train/clip_fraction,466944,0.17371323704719543
robust,5,train/clip_fraction,475136,0.1741071492433548
robust,5,train/clip_fraction,483328,0.2057291716337204
robust,5,train/clip_fraction,491520,0.20351240038871765
robust,5,train/clip_fraction,499712,0.19510135054588318
robust,5,train/clip_fraction,507904,0.14981617033481598
robust,5,train/clip_fraction,516096,0.23175261914730072
robust,5,train/clip_fraction,524288,0.12031249701976776
robust,5,train/clip_fraction,532480,0.1672794073820114
robust,5,train/clip_fraction,540672,0.149169921875
robust,5,train/clip_fraction,548864,0.22265625
robust,5,train/clip_fraction,557056,0.1821691244840622
robust,5,train/clip_fraction,565248,0.18572808802127838
robust,5,train/clip_fraction,573440,0.19182181358337402
robust,5,train/clip_fraction,581632,0.17656250298023224
robust,5,train/clip_fraction,589824,0.19567586481571198
robust,5,train/clip_fraction,598016,0.1772836595773697
robust,5,train/clip_fraction,606208,0.1499495953321457
robust,5,train/clip_fraction,614400,0.17243975400924683
robust,5,train/clip_fraction,622592,0.18223851919174194
robust,5,train/clip_fraction,630784,0.2083333283662796
robust,5,train/clip_fraction,638976,0.21932870149612427
robust,5,train/clip_fraction,647168,0.15234375
robust,5,train/clip_fraction,655360,0.1665239781141281
robust,5,train/clip_fraction,663552,0.1715460568666458
robust,5,train/clip_fraction,671744,0.12748579680919647
robust,5,train/clip_fraction,679936,0.20722854137420654
robust,5,train/clip_fraction,688128,0.10853040218353271
robust,5,train/clip_fraction,696320,0.18346774578094482
robust,5,train/clip_fraction,704512,0.14087702333927155
robust,5,train/clip_fraction,712704,0.16509045660495758
robust,5,train/clip_fraction,720896,0.14927884936332703
robust,5,train/clip_fraction,729088,0.1826171875
robust,5,train/clip_fraction,737280,0.18107876181602478
robust,5,train/clip_fraction,745472,0.2075497806072235
robust,5,train/clip_fraction,753664,0.17916665971279144
robust,5,train/clip_fraction,761856,0.13892045617103577
robust,5,train/clip_fraction,770048,0.2174862176179886
robust,5,train/clip_fraction,778240,0.20495346188545227
robust,5,train/clip_fraction,786432,0.20173610746860504
robust,5,train/clip_fraction,794624,0.19569359719753265
robust,5,train/clip_fraction,802816,0.15785256028175354
robust,5,train/clip_fraction,811008,0.2005208283662796
robust,5,train/clip_fraction,819200,0.15757042169570923
robust,5,train/clip_fraction,827392,0.17464718222618103
robust,5,train/clip_fraction,835584,0.2047872394323349
robust,5,train/clip_fraction,843776,0.1764964759349823
robust,5,train/clip_fraction,851968,0.21480582654476166
robust,5,train/clip_fraction,860160,0.16542968153953552
robust,5,train/clip_fraction,868352,0.1669207364320755
robust,5,train/clip_fraction,876544,0.18933823704719543
robust,5,train/clip_fraction,884736,0.22306910157203674
robust,5,train/clip_fraction,892928,0.109375
robust,5,train/clip_fraction,901120,0.1780133992433548
robust,5,train/clip_fraction,909312,0.20696721971035004
robust,5,train/clip_fraction,917504,0.14943182468414307
robust,5,train/clip_fraction,925696,0.15542763471603394
robust,5,train/clip_fraction,933888,0.14910714328289032
robust,5,train/clip_fraction,942080,0.20668859779834747
robust,5,train/clip_fraction,950272,0.20243056118488312
robust,5,train/clip_fraction,958464,0.203125
robust,5,train/clip_fraction,966656,0.20395465195178986
robust,5,train/clip_fraction,974848,0.18471746146678925
robust,5,train/clip_fraction,983040,0.1484375
robust,5,train/clip_fraction,991232,0.19035618007183075
robust,5,train/clip_fraction,999424,0.18711890280246735
robust,5,train/clip_fraction,1007616,0.1838795691728592
robust,5,train/clip_fraction,1015808,0.1789383590221405
robust,5,train/clip_fraction,1024000,0.2052176296710968
robust,5,train/clip_fraction,1032192,0.18039773404598236
robust,5,train/clip_fraction,1040384,0.18494591116905212
robust,5,train/clip_fraction,1048576,0.15213815867900848
robust,5,train/clip_fraction,1056768,0.1672535240650177
robust,5,train/clip_fraction,1064960,0.19087499380111694
robust,5,train/clip_fraction,1073152,0.20169369876384735
robust,5,train/clip_fraction,1081344,0.18622158467769623
robust,5,train/clip_fraction,1089536,0.2048611044883728
robust,5,train/clip_fraction,1097728,0.20429980754852295
robust,5,train/clip_fraction,1105920,0.1461864411830902
robust,5,train/clip_fraction,1114112,0.20232371985912323
robust,5,train/clip_fraction,1122304,0.1600961536169052
robust,5,train/clip_fraction,1130496,0.13768115639686584
robust,5,train/clip_fraction,1138688,0.18447066843509674
robust,5,train/clip_fraction,1146880,0.15245535969734192
robust,5,train/clip_fraction,1155072,0.1393008530139923
robust,5,train/clip_fraction,1163264,0.17680920660495758
robust,5,train/clip_fraction,1171456,0.16859567165374756
robust,5,train/clip_fraction,1179648,0.16254663467407227
robust,5,train/clip_fraction,1187840,0.19389204680919647
robust,5,train/clip_fraction,1196032,0.18311095237731934
robust,5,train/clip_fraction,1204224,0.1850961595773697
robust,5,train/clip_fraction,1212416,0.17912137508392334
robust,5,train/clip_fraction,1220608,0.17431005835533142
robust,5,train/clip_fraction,1228800,0.16911764442920685
robust,5,train/clip_fraction,1236992,0.16572746634483337
robust,5,train/clip_fraction,1245184,0.22711613774299622
robust,5,train/clip_fraction,1253376,0.1667443960905075
robust,5,train/clip_fraction,1261568,0.17436593770980835
robust,5,train/clip_fraction,1269760,0.17378048598766327
robust,5,train/clip_fraction,1277952,0.14349490404129028
robust,5,train/clip_fraction,1286144,0.1782483607530594
robust,5,train/clip_fraction,1294336,0.190764918923378
robust,5,train/clip_fraction,1302528,0.1236979141831398
robust,5,train/clip_fraction,1310720,0.18850159645080566
robust,5,train/clip_fraction,1318912,0.1659482717514038
robust,5,train/clip_fraction,1327104,0.11670918017625809
robust,5,train/clip_fraction,1335296,0.22478070855140686
robust,5,train/clip_fraction,1343488,0.1506696492433548
robust,5,train/clip_fraction,1351680,0.08552631735801697
robust,5,train/clip_fraction,1359872,0.14162233471870422
robust,5,train/clip_fraction,1368064,0.15213815867900848
robust,5,train/clip_fraction,1376256,0.1857476681470871
robust,5,train/clip_fraction,1384448,0.1770833283662796
robust,5,train/clip_fraction,1392640,0.18964213132858276
robust,5,train/clip_fraction,1400832,0.18065068125724792
robust,5,train/clip_fraction,1409024,0.14176136255264282
robust,5,train/clip_fraction,1417216,0.1915958672761917
robust,5,train/clip_fraction,1425408,0.16379310190677643
robust,5,train/clip_fraction,1433600,0.1413690447807312
robust,5,train/clip_fraction,1441792,0.1731467992067337
robust,5,train/clip_fraction,1449984,0.13325472176074982
robust,5,train/clip_fraction,1458176,0.18359375
robust,5,train/clip_fraction,1466368,0.1165364608168602
robust,5,train/clip_fraction,1474560,0.17450657486915588
robust,5,train/clip_fraction,1482752,0.1028342992067337
robust,5,train/clip_fraction,1490944,0.20429322123527527
robust,5,train/clip_fraction,1499136,0.19350960850715637
robust,5,train/clip_fraction,1507328,0.171875
robust,5,train/clip_fraction,1515520,0.2182692289352417
robust,5,train/clip_fraction,1523712,0.20045045018196106
robust,5,train/clip_fraction,1531904,0.18309295177459717
robust,5,train/clip_fraction,1540096,0.17644457519054413
robust,5,train/clip_fraction,1548288,0.16539229452610016
robust,5,train/clip_fraction,1556480,0.17208059132099152
robust,5,train/clip_fraction,1564672,0.13384434580802917
robust,5,train/clip_fraction,1572864,0.1974184811115265
robust,5,train/clip_fraction,1581056,0.20915354788303375
robust,5,train/clip_fraction,1589248,0.16845034062862396
robust,5,train/clip_fraction,1597440,0.18629807233810425
robust,5,train/clip_fraction,1605632,0.18823014199733734
robust,5,train/clip_fraction,1613824,0.1454814225435257
robust,5,train/clip_fraction,1622016,0.16124999523162842
robust,5,train/clip_fraction,1630208,0.12439903616905212
robust,5,train/clip_fraction,1638400,0.20352564752101898
robust,5,train/clip_fraction,1646592,0.13380682468414307
robust,5,train/clip_fraction,1654784,0.19233959913253784
robust,5,train/clip_fraction,1662976,0.16394928097724915
robust,5,train/clip_fraction,1671168,0.13922575116157532
robust,5,train/clip_fraction,1679360,0.20709528028964996
robust,5,train/clip_fraction,1687552,0.16709183156490326
robust,5,train/clip_fraction,1695744,0.2109980583190918
robust,5,train/clip_fraction,1703936,0.17549818754196167
robust,5,train/clip_fraction,1712128,0.20594455301761627
robust,5,train/clip_fraction,1720320,0.1864224076271057
robust,5,train/clip_fraction,1728512,0.2056685984134674
robust,5,train/clip_fraction,1736704,0.1585477888584137
robust,5,train/clip_fraction,1744896,0.1743328720331192
robust,5,train/clip_fraction,1753088,0.14374999701976776
robust,5,train/clip_fraction,1761280,0.20356307923793793
robust,5,train/clip_fraction,1769472,0.171875
robust,5,train/clip_fraction,1777664,0.21971899271011353
robust,5,train/clip_fraction,1785856,0.19882015883922577
robust,5,train/clip_fraction,1794048,0.1816176474094391
robust,5,train/clip_fraction,1802240,0.19140625
robust,5,train/clip_fraction,1810432,0.21375511586666107
robust,5,train/clip_fraction,1818624,0.17071759700775146
robust,5,train/clip_fraction,1826816,0.1532866358757019
robust,5,train/clip_fraction,1835008,0.09415064007043839
robust,5,train/clip_fraction,1843200,0.1661531627178192
robust,5,train/clip_fraction,1851392,0.14831730723381042
robust,5,train/clip_fraction,1859584,0.20165440440177917
robust,5,train/clip_fraction,1867776,0.2130259871482849
robust,5,train/clip_fraction,1875968,0.16431452333927155
robust,5,train/clip_fraction,1884160,0.15520833432674408
robust,5,train/clip_fraction,1892352,0.16545376181602478
robust,5,train/clip_fraction,1900544,0.18319515883922577
robust,5,train/clip_fraction,1908736,0.20602448284626007
robust,5,train/clip_fraction,1916928,0.165283203125
robust,5,train/clip_fraction,1925120,0.21444515883922577
robust,5,train/clip_fraction,1933312,0.1890060305595398
robust,5,train/clip_fraction,1941504,0.1716746836900711
robust,5,train/clip_fraction,1949696,0.19476231932640076
robust,5,train/clip_fraction,1957888,0.2128739356994629
robust,5,train/clip_fraction,1966080,0.19917763769626617
robust,5,train/clip_fraction,1974272,0.1879550963640213
robust,5,train/clip_fraction,1982464,0.14760638773441315
robust,5,train/clip_fraction,1990656,0.18624281883239746
robust,5,train/clip_fraction,1998848,0.15271227061748505
robust,5,train/clip_fraction,2007040,0.137648805975914
robust,5,train/clip_fraction,2015232,0.12424395233392715
robust,5,train/clip_fraction,2023424,0.20990565419197083
robust,5,train/clip_fraction,2031616,0.14994516968727112
robust,5,train/clip_fraction,2039808,0.2154947966337204
robust,5,train/clip_fraction,2048000,0.17033810913562775
robust,5,train/clip_fraction,2056192,0.20781250298023224
robust,5,train/clip_fraction,2064384,0.16432291269302368
robust,5,train/clip_fraction,2072576,0.15441176295280457
robust,5,train/clip_fraction,2080768,0.2143930345773697
robust,5,train/clip_fraction,2088960,0.15691964328289032
robust,5,train/clip_fraction,2097152,0.15005387365818024
robust,5,train/clip_fraction,2105344,0.1579861044883728
robust,5,train/clip_fraction,2113536,0.17025862634181976
robust,5,train/clip_fraction,2121728,0.15224358439445496
robust,5,train/clip_fraction,2129920,0.21484375
robust,5,train/clip_fraction,2138112,0.12571023404598236
robust,5,train/clip_fraction,2146304,0.1640625
robust,5,train/clip_fraction,2154496,0.16614583134651184
robust,5,train/clip_fraction,2162688,0.18561126291751862
robust,5,train/clip_fraction,2170880,0.19805742800235748
robust,5,train/clip_fraction,2179072,0.17125822603702545
robust,5,train/clip_fraction,2187264,0.20125000178813934
robust,5,train/clip_fraction,2195456,0.1741573065519333
robust,5,train/clip_fraction,2203648,0.21927084028720856
robust,5,train/clip_fraction,2211840,0.171875
robust,5,train/clip_fraction,2220032,0.19499999284744263
robust,5,train/clip_fraction,2228224,0.171875
robust,5,train/clip_fraction,2236416,0.15839041769504547
robust,5,train/clip_fraction,2244608,0.15208333730697632
robust,5,train/clip_fraction,2252800,0.17347756028175354
robust,5,train/clip_fraction,2260992,0.1752403825521469
robust,5,train/clip_fraction,2269184,0.2113560289144516
robust,5,train/clip_fraction,2277376,0.18767361342906952
robust,5,train/clip_fraction,2285568,0.1796875
robust,5,train/clip_fraction,2293760,0.18915441632270813
robust,5,train/clip_fraction,2301952,0.15671642124652863
robust,5,train/clip_fraction,2310144,0.18306587636470795
robust,5,train/clip_fraction,2318336,0.1567234843969345
robust,5,train/clip_fraction,2326528,0.21955128014087677
robust,5,train/clip_fraction,2334720,0.19846755266189575
robust,5,train/clip_fraction,2342912,0.18068909645080566
robust,5,train/clip_fraction,2351104,0.23962053656578064
robust,5,train/clip_fraction,2359296,0.16679687798023224
robust,5,train/clip_fraction,2367488,0.16875000298023224
robust,5,train/clip_fraction,2375680,0.15767045319080353
robust,5,train/clip_fraction,2383872,0.2092837542295456
robust,5,train/clip_fraction,2392064,0.1961805522441864
robust,5,train/clip_fraction,2400256,0.20480769872665405
robust,5,train/clip_fraction,2408448,0.16394230723381042
robust,5,train/clip_fraction,2416640,0.16553442180156708
robust,5,train/clip_fraction,2424832,0.18416433036327362
robust,5,train/clip_fraction,2433024,0.19312499463558197
robust,5,train/clip_fraction,2441216,0.20338326692581177
robust,5,train/clip_fraction,2449408,0.19960056245326996
robust,5,train/clip_fraction,2457600,0.1899038404226303
robust,5,train/clip_fraction,2465792,0.213662788271904
robust,5,train/clip_fraction,2473984,0.15089285373687744
robust,5,train/clip_fraction,2482176,0.1755618005990982
robust,5,train/clip_fraction,2490368,0.1651182472705841
robust,5,train/clip_fraction,2498560,0.17119565606117249
robust,5,train/clip_fraction,2506752,0.17830882966518402
robust,5,train/clip_fraction,2514944,0.16309931874275208
robust,5,train/clip_fraction,2523136,0.1413690447807312
robust,5,train/clip_fraction,2531328,0.21770833432674408
robust,5,train/clip_fraction,2539520,0.1854248046875
robust,5,train/clip_fraction,2547712,0.21814438700675964
robust,5,train/clip_fraction,2555904,0.20809659361839294
robust,5,train/clip_fraction,2564096,0.19442471861839294
robust,5,train/clip_fraction,2572288,0.1353236585855484
robust,5,train/clip_fraction,2580480,0.14013671875
robust,5,train/clip_fraction,2588672,0.21139705181121826
robust,5,train/clip_fraction,2596864,0.1832682341337204
robust,5,train/clip_fraction,2605056,0.18421052396297455
robust,5,train/clip_fraction,2613248,0.19415761530399323
robust,5,train/clip_fraction,2621440,0.18359375
robust,5,train/clip_fraction,2629632,0.1675347238779068
robust,5,train/clip_fraction,2637824,0.17960858345031738
robust,5,train/clip_fraction,2646016,0.20686618983745575
robust,5,train/clip_fraction,2654208,0.171875
robust,5,train/clip_fraction,2662400,0.18539664149284363
robust,5,train/clip_fraction,2670592,0.171875
robust,5,train/clip_fraction,2678784,0.18390487134456635
robust,5,train/clip_fraction,2686976,0.2017597109079361
robust,5,train/clip_fraction,2695168,0.1870265156030655
robust,5,train/clip_fraction,2703360,0.1639583259820938
robust,5,train/clip_fraction,2711552,0.16335226595401764
robust,5,train/clip_fraction,2719744,0.1806640625
robust,5,train/clip_fraction,2727936,0.16796875
robust,5,train/clip_fraction,2736128,0.09479166567325592
robust,5,train/clip_fraction,2744320,0.16910600662231445
robust,5,train/clip_fraction,2752512,0.16772152483463287
robust,5,train/clip_fraction,2760704,0.135009765625
robust,5,train/clip_fraction,2768896,0.14724576473236084
robust,5,train/clip_fraction,2777088,0.21178209781646729
robust,5,train/clip_fraction,2785280,0.1884615421295166
robust,5,train/clip_fraction,2793472,0.1978124976158142
robust,5,train/clip_fraction,2801664,0.18696120381355286
robust,5,train/clip_fraction,2809856,0.19333964586257935
robust,5,train/clip_fraction,2818048,0.13556985557079315
robust,5,train/clip_fraction,2826240,0.20449747145175934
robust,5,train/clip_fraction,2834432,0.1803278625011444
robust,5,train/clip_fraction,2842624,0.16200657188892365
robust,5,train/clip_fraction,2850816,0.18224431574344635
robust,5,train/clip_fraction,2859008,0.1788843423128128
robust,5,train/clip_fraction,2867200,0.1577380895614624
robust,5,train/clip_fraction,2875392,0.21462053060531616
robust,5,train/clip_fraction,2883584,0.20291666686534882
robust,5,train/clip_fraction,2891776,0.21001553535461426
robust,5,train/clip_fraction,2899968,0.1965000033378601
robust,5,train/clip_fraction,2908160,0.20380930602550507
robust,5,train/clip_fraction,2916352,0.1755256950855255
robust,5,train/clip_fraction,2924544,0.18979357182979584
robust,5,train/clip_fraction,2932736,0.1707356721162796
robust,5,train/clip_fraction,2940928,0.18685567378997803
robust,5,train/clip_fraction,2949120,0.20406484603881836
robust,5,train/clip_fraction,2957312,0.1927083283662796
robust,5,train/clip_fraction,2965504,0.1839398741722107
robust,5,train/clip_fraction,2973696,0.21041665971279144
robust,5,train/clip_fraction,2981888,0.1935763955116272
robust,5,train/clip_fraction,2990080,0.18380248546600342
robust,5,train/clip_fraction,2998272,0.20654965937137604
robust,5,train/clip_fraction,3006464,0.200293630361557
robust,5,train/clip_fraction,3014656,0.2108769416809082
robust,5,train/clip_fraction,3022848,0.1810937523841858
robust,5,train/clip_fraction,3031040,0.21390844881534576
robust,5,train/clip_fraction,3039232,0.1681547611951828
robust,5,train/clip_fraction,3047424,0.20020833611488342
robust,5,train/clip_fraction,3055616,0.21550707519054413
robust,5,train/clip_fraction,3063808,0.20636160671710968
robust,5,train/clip_fraction,3072000,0.1452464759349823
robust,5,train/clip_fraction,3080192,0.1705097109079361
robust,5,train/clip_fraction,3088384,0.18064025044441223
robust,5,train/clip_fraction,3096576,0.1929408460855484
robust,5,train/clip_fraction,3104768,0.1591082364320755
robust,5,train/clip_fraction,3112960,0.1941964328289032
robust,5,train/clip_fraction,3121152,0.19348715245723724
robust,5,train/clip_fraction,3129344,0.20096008479595184
robust,5,train/clip_fraction,3137536,0.1301020383834839
robust,5,train/clip_fraction,3145728,0.12451171875
robust,5,train/clip_fraction,3153920,0.16975635290145874
robust,5,train/clip_fraction,3162112,0.18723958730697632
robust,5,train/clip_fraction,3170304,0.1857638955116272
robust,5,train/clip_fraction,3178496,0.13012294471263885
robust,5,train/clip_fraction,3186688,0.15737952291965485
robust,5,train/clip_fraction,3194880,0.1782134473323822
robust,5,train/clip_fraction,3203072,0.18305200338363647
robust,5,train/clip_fraction,3211264,0.205148383975029
robust,5,train/clip_fraction,3219456,0.17131192982196808
robust,5,train/clip_fraction,3227648,0.14852729439735413
robust,5,train/clip_fraction,3235840,0.18553046882152557
robust,5,train/clip_fraction,3244032,0.1630859375
robust,5,train/clip_fraction,3252224,0.1898716539144516
robust,5,train/clip_fraction,3260416,0.20448370277881622
robust,5,train/clip_fraction,3268608,0.18033364415168762
robust,5,train/clip_fraction,3276800,0.16432291269302368
robust,5,train/clip_fraction,3284992,0.18907460570335388
robust,5,train/clip_fraction,3293184,0.14418859779834747
robust,5,train/clip_fraction,3301376,0.1421130895614624
robust,5,train/clip_fraction,3309568,0.19973352551460266
robust,5,train/clip_fraction,3317760,0.1522943079471588
robust,5,train/clip_fraction,3325952,0.1440972238779068
robust,5,train/clip_fraction,3334144,0.171875
robust,5,train/clip_fraction,3342336,0.159232959151268
robust,5,train/clip_fraction,3350528,0.20648619532585144
robust,5,train/clip_fraction,3358720,0.14748474955558777
robust,5,train/clip_fraction,3366912,0.16278699040412903
robust,5,train/clip_fraction,3375104,0.16838592290878296
robust,5,train/clip_fraction,3383296,0.17245370149612427
robust,5,train/clip_fraction,3391488,0.1770833283662796
robust,5,train/clip_fraction,3399680,0.13619087636470795
robust,5,train/clip_fraction,3407872,0.127197265625
robust,5,train/clip_fraction,3416064,0.2201407104730606
robust,5,train/clip_fraction,3424256,0.20302914083003998
robust,5,train/clip_fraction,3432448,0.14641202986240387
robust,5,train/clip_fraction,3440640,0.186604306101799
robust,5,train/clip_fraction,3448832,0.19649174809455872
robust,5,train/clip_fraction,3457024,0.17835770547389984
robust,5,train/clip_fraction,3465216,0.20142045617103577
robust,5,train/clip_fraction,3473408,0.1804078072309494
robust,5,train/clip_fraction,3481600,0.20449218153953552
robust,5,train/clip_fraction,3489792,0.18101415038108826
robust,5,train/clip_fraction,3497984,0.13390031456947327
robust,5,train/clip_fraction,3506176,0.21374592185020447
robust,5,train/clip_fraction,3514368,0.15625
robust,5,train/clip_fraction,3522560,0.1967429518699646
robust,5,train/clip_fraction,3530752,0.2080645114183426
robust,5,train/clip_fraction,3538944,0.205078125
robust,5,train/clip_fraction,3547136,0.17918577790260315
robust,5,train/clip_fraction,3555328,0.15069110691547394
robust,5,train/clip_fraction,3563520,0.17907609045505524
robust,5,train/clip_fraction,3571712,0.20014391839504242
robust,5,train/clip_fraction,3579904,0.18494689464569092
robust,5,train/clip_fraction,3588096,0.18881899118423462
robust,5,train/clip_fraction,3596288,0.16746795177459717
robust,5,train/clip_fraction,3604480,0.12706801295280457
robust,5,train/clip_fraction,3612672,0.20068359375
robust,5,train/clip_fraction,3620864,0.21609042584896088
robust,5,train/clip_fraction,3629056,0.17262500524520874
robust,5,train/clip_fraction,3637248,0.19218750298023224
robust,5,train/clip_fraction,3645440,0.17269736528396606
robust,5,train/clip_fraction,3653632,0.1724431812763214
robust,5,train/clip_fraction,3661824,0.18943798542022705
robust,5,train/clip_fraction,3670016,0.20548468828201294
robust,5,train/clip_fraction,3678208,0.1944444477558136
robust,5,train/clip_fraction,3686400,0.12247242778539658
robust,5,train/clip_fraction,3694592,0.12357954680919647
robust,5,train/clip_fraction,3702784,0.20161637663841248
robust,5,train/clip_fraction,3710976,0.1826171875
robust,5,train/clip_fraction,3719168,0.18167613446712494
robust,5,train/clip_fraction,3727360,0.1776660829782486
robust,5,train/clip_fraction,3735552,0.2028287947177887
robust,5,train/clip_fraction,3743744,0.20697464048862457
robust,5,train/clip_fraction,3751936,0.20496894419193268
robust,5,train/clip_fraction,3760128,0.18614523112773895
robust,5,train/clip_fraction,3768320,0.18252840638160706
robust,5,train/clip_fraction,3776512,0.15167026221752167
robust,5,train/clip_fraction,3784704,0.20566406846046448
robust,5,train/clip_fraction,3792896,0.1770833283662796
robust,5,train/clip_fraction,3801088,0.2030109465122223
robust,5,train/clip_fraction,3809280,0.17864583432674408
robust,5,train/clip_fraction,3817472,0.16734255850315094
robust,5,train/clip_fraction,3825664,0.14644886553287506
robust,5,train/clip_fraction,3833856,0.1259765625
robust,5,train/clip_fraction,3842048,0.17369791865348816
robust,5,train/clip_fraction,3850240,0.17843511700630188
robust,5,train/clip_fraction,3858432,0.1449032723903656
robust,5,train/clip_fraction,3866624,0.19855768978595734
robust,5,train/clip_fraction,3874816,0.1998697966337204
robust,5,train/clip_fraction,3883008,0.19033260643482208
robust,5,train/clip_fraction,3891200,0.20770832896232605
robust,5,train/clip_fraction,3899392,0.15000000596046448
robust,5,train/clip_fraction,3907584,0.18125000596046448
robust,5,train/clip_fraction,3915776,0.17125000059604645
robust,5,train/clip_fraction,3923968,0.15078124403953552
robust,5,train/clip_fraction,3932160,0.1637105792760849
robust,5,train/clip_fraction,3940352,0.17869016528129578
robust,5,train/clip_fraction,3948544,0.22377873957157135
robust,5,train/clip_fraction,3956736,0.18439440429210663
robust,5,train/clip_fraction,3964928,0.2110985815525055
robust,5,train/clip_fraction,3973120,0.2129979431629181
robust,5,train/clip_fraction,3981312,0.14165522158145905
robust,5,train/clip_fraction,3989504,0.14802631735801697
robust,5,train/clip_fraction,3997696,0.19930070638656616
robust,5,train/clip_fraction,4005888,0.18110795319080353
robust,5,train/clip_fraction,4014080,0.16379310190677643
robust,5,train/clip_fraction,4022272,0.17682549357414246
robust,5,train/clip_fraction,4030464,0.17561618983745575
robust,5,train/clip_fraction,4038656,0.17418032884597778
robust,5,train/clip_fraction,4046848,0.16789215803146362
robust,5,train/clip_fraction,4055040,0.2045833319425583
robust,5,train/clip_fraction,4063232,0.20040760934352875
robust,5,train/clip_fraction,4071424,0.2053678184747696
robust,5,train/clip_fraction,4079616,0.12267736345529556
robust,5,train/clip_fraction,4087808,0.20700187981128693
robust,5,train/clip_fraction,4096000,0.193359375
robust,5,train/clip_fraction,4104192,0.1213107630610466
robust,5,train/clip_fraction,4112384,0.17853860557079315
robust,5,train/clip_fraction,4120576,0.18178878724575043
robust,5,train/clip_fraction,4128768,0.167119562625885
robust,5,train/clip_fraction,4136960,0.20277777314186096
robust,5,train/clip_fraction,4145152,0.20669157803058624
robust,5,train/clip_fraction,4153344,0.18947458267211914
robust,5,train/clip_fraction,4161536,0.20486992597579956
robust,5,train/clip_fraction,4169728,0.16503193974494934
robust,5,train/clip_fraction,4177920,0.1314583271741867
robust,5,train/clip_fraction,4186112,0.21918202936649323
robust,5,train/clip_fraction,4194304,0.197172611951828
robust,5,train/clip_fraction,4202496,0.152745321393013
robust,5,train/clip_fraction,4210688,0.18948063254356384
robust,5,train/clip_fraction,4218880,0.2051968276500702
robust,5,train/clip_fraction,4227072,0.1892361044883728
robust,5,train/clip_fraction,4235264,0.15861742198467255
robust,5,train/clip_fraction,4243456,0.17070578038692474
robust,5,train/clip_fraction,4251648,0.1824001669883728
robust,5,train/clip_fraction,4259840,0.17369185388088226
robust,5,train/clip_fraction,4268032,0.13859374821186066
robust,5,train/clip_fraction,4276224,0.17314815521240234
robust,5,train/clip_fraction,4284416,0.1931556761264801
robust,5,train/clip_fraction,4292608,0.16847364604473114
robust,5,train/clip_fraction,4300800,0.14654605090618134
robust,5,train/clip_fraction,4308992,0.2025991529226303
robust,5,train/clip_fraction,4317184,0.1840725839138031
robust,5,train/clip_fraction,4325376,0.1826365888118744
robust,5,train/clip_fraction,4333568,0.14646291732788086
robust,5,train/clip_fraction,4341760,0.1866898089647293
robust,5,train/clip_fraction,4349952,0.16400709748268127
robust,5,train/clip_fraction,4358144,0.1512451171875
robust,5,train/clip_fraction,4366336,0.2163722813129425
robust,5,train/clip_fraction,4374528,0.21475771069526672
robust,5,train/clip_fraction,4382720,0.20856481790542603
robust,5,train/clip_fraction,4390912,0.189453125
robust,5,train/clip_fraction,4399104,0.1945134997367859
robust,5,train/clip_fraction,4407296,0.1293569654226303
robust,5,train/clip_fraction,4415488,0.18074087798595428
robust,5,train/clip_fraction,4423680,0.22809885442256927
robust,5,train/clip_fraction,4431872,0.11791666597127914
robust,5,train/clip_fraction,4440064,0.22387540340423584
robust,5,train/clip_fraction,4448256,0.2044902890920639
robust,5,train/clip_fraction,4456448,0.17119565606117249
robust,5,train/clip_fraction,4464640,0.17894847691059113
robust,5,train/clip_fraction,4472832,0.178458571434021
robust,5,train/clip_fraction,4481024,0.19324712455272675
robust,5,train/clip_fraction,4489216,0.1798519790172577
robust,5,train/clip_fraction,4497408,0.18461941182613373
robust,5,train/clip_fraction,4505600,0.20225322246551514
robust,5,train/clip_fraction,4513792,0.19166050851345062
robust,5,train/clip_fraction,4521984,0.1841454803943634
robust,5,train/clip_fraction,4530176,0.18803267180919647
robust,5,train/clip_fraction,4538368,0.16886161267757416
robust,5,train/clip_fraction,4546560,0.20652778446674347
robust,5,train/clip_fraction,4554752,0.12242647260427475
robust,5,train/clip_fraction,4562944,0.2072482705116272
robust,5,train/clip_fraction,4571136,0.16423112154006958
robust,5,train/clip_fraction,4579328,0.180307537317276
robust,5,train/clip_fraction,4587520,0.15154732763767242
robust,5,train/clip_fraction,4595712,0.20430555939674377
robust,5,train/clip_fraction,4603904,0.19002757966518402
robust,5,train/clip_fraction,4612096,0.19194240868091583
robust,5,train/clip_fraction,4620288,0.19891357421875
robust,5,train/clip_fraction,4628480,0.20288337767124176
robust,5,train/clip_fraction,4636672,0.16344696283340454
robust,5,train/clip_fraction,4644864,0.20192882418632507
robust,5,train/clip_fraction,4653056,0.1666269153356552
robust,5,train/clip_fraction,4661248,0.17004244029521942
robust,5,train/clip_fraction,4669440,0.22762896120548248
robust,5,train/clip_fraction,4677632,0.20552434027194977
robust,5,train/clip_fraction,4685824,0.20724239945411682
robust,5,train/clip_fraction,4694016,0.15529057383537292
robust,5,train/clip_fraction,4702208,0.10546875
robust,5,train/clip_fraction,4710400,0.1658230572938919
robust,5,train/clip_fraction,4718592,0.1978236585855484
robust,5,train/clip_fraction,4726784,0.12212171405553818
robust,5,train/clip_fraction,4734976,0.18648648262023926
robust,5,train/clip_fraction,4743168,0.18671874701976776
robust,5,train/clip_fraction,4751360,0.20305094122886658
robust,5,train/clip_fraction,4759552,0.17544643580913544
robust,5,train/clip_fraction,4767744,0.18881578743457794
robust,5,train/clip_fraction,4775936,0.19382022321224213
robust,5,train/clip_fraction,4784128,0.1865968257188797
robust,5,train/clip_fraction,4792320,0.2289002537727356
robust,5,train/clip_fraction,4800512,0.13070102035999298
robust,5,train/clip_fraction,4808704,0.20585200190544128
robust,5,train/clip_fraction,4816896,0.15683962404727936
robust,5,train/clip_fraction,4825088,0.18983477354049683
robust,5,train/clip_fraction,4833280,0.1500459611415863
robust,5,train/clip_fraction,4841472,0.14837072789669037
robust,5,train/clip_fraction,4849664,0.1649186611175537
robust,5,train/clip_fraction,4857856,0.19800066947937012
robust,5,train/clip_fraction,4866048,0.141845703125
robust,5,train/clip_fraction,4874240,0.14703525602817535
robust,5,train/clip_fraction,4882432,0.18125000596046448
robust,5,train/clip_fraction,4890624,0.1850328892469406
robust,5,train/clip_fraction,4898816,0.19427615404129028
robust,5,train/clip_fraction,4907008,0.16440217196941376
robust,5,train/clip_fraction,4915200,0.16454081237316132
robust,5,train/clip_fraction,4923392,0.16076144576072693
robust,5,train/clip_fraction,4931584,0.18541666865348816
robust,5,train/clip_fraction,4939776,0.18105997145175934
robust,5,train/clip_fraction,4947968,0.1882440447807312
robust,5,train/clip_fraction,4956160,0.20634502172470093
robust,5,train/clip_fraction,4964352,0.15242570638656616
robust,5,train/clip_fraction,4972544,0.20887382328510284
robust,5,train/clip_fraction,4980736,0.19031085073947906
robust,5,train/clip_fraction,4988928,0.1875697523355484
robust,5,train/clip_fraction,4997120,0.1914556920528412
robust,5,train/clip_fraction,5005312,0.19152002036571503
robust,6,rollout/ep_rew_mean,8192,122.98564147949219
robust,6,rollout/ep_rew_mean,16384,182.64071655273438
robust,6,rollout/ep_rew_mean,24576,179.1154327392578
robust,6,rollout/ep_rew_mean,32768,135.743408203125
robust,6,rollout/ep_rew_mean,40960,141.86529541015625
robust,6,rollout/ep_rew_mean,49152,175.45091247558594
robust,6,rollout/ep_rew_mean,57344,137.60423278808594
robust,6,rollout/ep_rew_mean,65536,138.25169372558594
robust,6,rollout/ep_rew_mean,73728,195.75355529785156
robust,6,rollout/ep_rew_mean,81920,235.8180389404297
robust,6,rollout/ep_rew_mean,90112,226.16941833496094
robust,6,rollout/ep_rew_mean,98304,235.07220458984375
robust,6,rollout/ep_rew_mean,106496,157.52691650390625
robust,6,rollout/ep_rew_mean,114688,169.99607849121094
robust,6,rollout/ep_rew_mean,122880,203.3380889892578
robust,6,rollout/ep_rew_mean,131072,207.30938720703125
robust,6,rollout/ep_rew_mean,139264,156.6941680908203
robust,6,rollout/ep_rew_mean,147456,178.042236328125
robust,6,rollout/ep_rew_mean,155648,226.0161590576172
robust,6,rollout/ep_rew_mean,163840,288.9324951171875
robust,6,rollout/ep_rew_mean,172032,295.35833740234375
robust,6,rollout/ep_rew_mean,180224,259.9126281738281
robust,6,rollout/ep_rew_mean,188416,281.67681884765625
robust,6,rollout/ep_rew_mean,196608,259.9979553222656
robust,6,rollout/ep_rew_mean,204800,196.1361083984375
robust,6,rollout/ep_rew_mean,212992,197.49334716796875
robust,6,rollout/ep_rew_mean,221184,237.15811157226562
robust,6,rollout/ep_rew_mean,229376,269.1105651855469
robust,6,rollout/ep_rew_mean,237568,288.0795593261719
robust,6,rollout/ep_rew_mean,245760,237.20875549316406
robust,6,rollout/ep_rew_mean,253952,233.45790100097656
robust,6,rollout/ep_rew_mean,262144,246.91209411621094
robust,6,rollout/ep_rew_mean,270336,268.131591796875
robust,6,rollout/ep_rew_mean,278528,282.84320068359375
robust,6,rollout/ep_rew_mean,286720,243.66262817382812
robust,6,rollout/ep_rew_mean,294912,259.7040100097656
robust,6,rollout/ep_rew_mean,303104,272.7570495605469
robust,6,rollout/ep_rew_mean,311296,317.8669738769531
robust,6,rollout/ep_rew_mean,319488,302.6322326660156
robust,6,rollout/ep_rew_mean,327680,302.2218322753906
robust,6,rollout/ep_rew_mean,335872,372.6095886230469
robust,6,rollout/ep_rew_mean,344064,367.08062744140625
robust,6,rollout/ep_rew_mean,352256,364.71514892578125
robust,6,rollout/ep_rew_mean,360448,270.333984375
robust,6,rollout/ep_rew_mean,368640,315.22467041015625
robust,6,rollout/ep_rew_mean,376832,359.9518737792969
robust,6,rollout/ep_rew_mean,385024,323.87109375
robust,6,rollout/ep_rew_mean,393216,354.24395751953125
robust,6,rollout/ep_rew_mean,401408,338.2471618652344
robust,6,rollout/ep_rew_mean,409600,349.3303527832031
robust,6,rollout/ep_rew_mean,417792,423.27813720703125
robust,6,rollout/ep_rew_mean,425984,422.072509765625
robust,6,rollout/ep_rew_mean,434176,410.9424133300781
robust,6,rollout/ep_rew_mean,442368,370.161865234375
robust,6,rollout/ep_rew_mean,450560,349.2143249511719
robust,6,rollout/ep_rew_mean,458752,311.3450012207031
robust,6,rollout/ep_rew_mean,466944,292.5338439941406
robust,6,rollout/ep_rew_mean,475136,270.22509765625
robust,6,rollout/ep_rew_mean,483328,330.6421203613281
robust,6,rollout/ep_rew_mean,491520,338.1071472167969
robust,6,rollout/ep_rew_mean,499712,377.4993591308594
robust,6,rollout/ep_rew_mean,507904,428.89031982421875
robust,6,rollout/ep_rew_mean,516096,386.4373779296875
robust,6,rollout/ep_rew_mean,524288,381.77630615234375
robust,6,rollout/ep_rew_mean,532480,445.8598327636719
robust,6,rollout/ep_rew_mean,540672,396.5862121582031
robust,6,rollout/ep_rew_mean,548864,406.1828308105469
robust,6,rollout/ep_rew_mean,557056,406.4699401855469
robust,6,rollout/ep_rew_mean,565248,376.1849365234375
robust,6,rollout/ep_rew_mean,573440,401.8150939941406
robust,6,rollout/ep_rew_mean,581632,431.2353515625
robust,6,rollout/ep_rew_mean,589824,404.3448486328125
robust,6,rollout/ep_rew_mean,598016,407.3597106933594
robust,6,rollout/ep_rew_mean,606208,439.2525329589844
robust,6,rollout/ep_rew_mean,614400,419.6119079589844
robust,6,rollout/ep_rew_mean,622592,455.4053649902344
robust,6,rollout/ep_rew_mean,630784,461.530029296875
robust,6,rollout/ep_rew_mean,638976,462.84039306640625
robust,6,rollout/ep_rew_mean,647168,473.2214660644531
robust,6,rollout/ep_rew_mean,655360,445.9059143066406
robust,6,rollout/ep_rew_mean,663552,408.04229736328125
robust,6,rollout/ep_rew_mean,671744,426.3280944824219
robust,6,rollout/ep_rew_mean,679936,462.4874572753906
robust,6,rollout/ep_rew_mean,688128,450.3559875488281
robust,6,rollout/ep_rew_mean,696320,437.9287414550781
robust,6,rollout/ep_rew_mean,704512,501.8585510253906
robust,6,rollout/ep_rew_mean,712704,440.0146484375
robust,6,rollout/ep_rew_mean,720896,480.7054748535156
robust,6,rollout/ep_rew_mean,729088,525.3538818359375
robust,6,rollout/ep_rew_mean,737280,595.70556640625
robust,6,rollout/ep_rew_mean,745472,526.9105224609375
robust,6,rollout/ep_rew_mean,753664,587.4273071289062
robust,6,rollout/ep_rew_mean,761856,561.5817260742188
robust,6,rollout/ep_rew_mean,770048,526.871337890625
robust,6,rollout/ep_rew_mean,778240,496.29486083984375
robust,6,rollout/ep_rew_mean,786432,539.7931518554688
robust,6,rollout/ep_rew_mean,794624,568.9592895507812
robust,6,rollout/ep_rew_mean,802816,597.8421020507812
robust,6,rollout/ep_rew_mean,811008,512.1280517578125
robust,6,rollout/ep_rew_mean,819200,517.36083984375
robust,6,rollout/ep_rew_mean,827392,458.30609130859375
robust,6,rollout/ep_rew_mean,835584,478.4023132324219
robust,6,rollout/ep_rew_mean,843776,528.3948974609375
robust,6,rollout/ep_rew_mean,851968,581.3921508789062
robust,6,rollout/ep_rew_mean,860160,560.565673828125
robust,6,rollout/ep_rew_mean,868352,566.1041870117188
robust,6,rollout/ep_rew_mean,876544,612.8497924804688
robust,6,rollout/ep_rew_mean,884736,570.9076538085938
robust,6,rollout/ep_rew_mean,892928,531.9818115234375
robust,6,rollout/ep_rew_mean,901120,522.16845703125
robust,6,rollout/ep_rew_mean,909312,500.5121765136719
robust,6,rollout/ep_rew_mean,917504,491.325927734375
robust,6,rollout/ep_rew_mean,925696,480.03277587890625
robust,6,rollout/ep_rew_mean,933888,483.5397033691406
robust,6,rollout/ep_rew_mean,942080,495.1519470214844
robust,6,rollout/ep_rew_mean,950272,476.2750549316406
robust,6,rollout/ep_rew_mean,958464,472.25885009765625
robust,6,rollout/ep_rew_mean,966656,526.2205810546875
robust,6,rollout/ep_rew_mean,974848,582.387451171875
robust,6,rollout/ep_rew_mean,983040,566.994873046875
robust,6,rollout/ep_rew_mean,991232,573.6744995117188
robust,6,rollout/ep_rew_mean,999424,553.7764282226562
robust,6,rollout/ep_rew_mean,1007616,560.4078369140625
robust,6,rollout/ep_rew_mean,1015808,519.6925659179688
robust,6,rollout/ep_rew_mean,1024000,572.3157958984375
robust,6,rollout/ep_rew_mean,1032192,528.9388427734375
robust,6,rollout/ep_rew_mean,1040384,579.1812133789062
robust,6,rollout/ep_rew_mean,1048576,561.5338134765625
robust,6,rollout/ep_rew_mean,1056768,513.85009765625
robust,6,rollout/ep_rew_mean,1064960,492.86505126953125
robust,6,rollout/ep_rew_mean,1073152,555.6961669921875
robust,6,rollout/ep_rew_mean,1081344,537.805908203125
robust,6,rollout/ep_rew_mean,1089536,510.4041748046875
robust,6,rollout/ep_rew_mean,1097728,543.1437377929688
robust,6,rollout/ep_rew_mean,1105920,564.16796875
robust,6,rollout/ep_rew_mean,1114112,549.8956298828125
robust,6,rollout/ep_rew_mean,1122304,606.3924560546875
robust,6,rollout/ep_rew_mean,1130496,652.765380859375
robust,6,rollout/ep_rew_mean,1138688,709.3223876953125
robust,6,rollout/ep_rew_mean,1146880,693.2128295898438
robust,6,rollout/ep_rew_mean,1155072,667.0299072265625
robust,6,rollout/ep_rew_mean,1163264,696.50634765625
robust,6,rollout/ep_rew_mean,1171456,647.1856079101562
robust,6,rollout/ep_rew_mean,1179648,528.07861328125
robust,6,rollout/ep_rew_mean,1187840,592.7528076171875
robust,6,rollout/ep_rew_mean,1196032,518.2835083007812
robust,6,rollout/ep_rew_mean,1204224,559.4559936523438
robust,6,rollout/ep_rew_mean,1212416,578.67041015625
robust,6,rollout/ep_rew_mean,1220608,617.98095703125
robust,6,rollout/ep_rew_mean,1228800,557.3328247070312
robust,6,rollout/ep_rew_mean,1236992,567.7091064453125
robust,6,rollout/ep_rew_mean,1245184,564.4667358398438
robust,6,rollout/ep_rew_mean,1253376,646.3906860351562
robust,6,rollout/ep_rew_mean,1261568,609.2236938476562
robust,6,rollout/ep_rew_mean,1269760,607.5803833007812
robust,6,rollout/ep_rew_mean,1277952,616.2614135742188
robust,6,rollout/ep_rew_mean,1286144,635.333984375
robust,6,rollout/ep_rew_mean,1294336,659.5001831054688
robust,6,rollout/ep_rew_mean,1302528,636.4927368164062
robust,6,rollout/ep_rew_mean,1310720,616.0629272460938
robust,6,rollout/ep_rew_mean,1318912,668.1216430664062
robust,6,rollout/ep_rew_mean,1327104,645.518798828125
robust,6,rollout/ep_rew_mean,1335296,667.2249755859375
robust,6,rollout/ep_rew_mean,1343488,658.039794921875
robust,6,rollout/ep_rew_mean,1351680,681.6858520507812
robust,6,rollout/ep_rew_mean,1359872,728.1663818359375
robust,6,rollout/ep_rew_mean,1368064,723.3621215820312
robust,6,rollout/ep_rew_mean,1376256,675.6412353515625
robust,6,rollout/ep_rew_mean,1384448,626.7899780273438
robust,6,rollout/ep_rew_mean,1392640,633.4437255859375
robust,6,rollout/ep_rew_mean,1400832,595.3384399414062
robust,6,rollout/ep_rew_mean,1409024,622.7988891601562
robust,6,rollout/ep_rew_mean,1417216,648.083740234375
robust,6,rollout/ep_rew_mean,1425408,690.0925903320312
robust,6,rollout/ep_rew_mean,1433600,741.6597290039062
robust,6,rollout/ep_rew_mean,1441792,736.880126953125
robust,6,rollout/ep_rew_mean,1449984,750.5316162109375
robust,6,rollout/ep_rew_mean,1458176,725.24462890625
robust,6,rollout/ep_rew_mean,1466368,717.8999633789062
robust,6,rollout/ep_rew_mean,1474560,694.634521484375
robust,6,rollout/ep_rew_mean,1482752,687.7340087890625
robust,6,rollout/ep_rew_mean,1490944,643.6458129882812
robust,6,rollout/ep_rew_mean,1499136,651.3697509765625
robust,6,rollout/ep_rew_mean,1507328,681.7582397460938
robust,6,rollout/ep_rew_mean,1515520,734.6961059570312
robust,6,rollout/ep_rew_mean,1523712,769.7908935546875
robust,6,rollout/ep_rew_mean,1531904,793.6303100585938
robust,6,rollout/ep_rew_mean,1540096,781.1292724609375
robust,6,rollout/ep_rew_mean,1548288,788.977294921875
robust,6,rollout/ep_rew_mean,1556480,790.368408203125
robust,6,rollout/ep_rew_mean,1564672,677.5446166992188
robust,6,rollout/ep_rew_mean,1572864,680.2490844726562
robust,6,rollout/ep_rew_mean,1581056,707.8947143554688
robust,6,rollout/ep_rew_mean,1589248,735.006591796875
robust,6,rollout/ep_rew_mean,1597440,758.6444702148438
robust,6,rollout/ep_rew_mean,1605632,789.2963256835938
robust,6,rollout/ep_rew_mean,1613824,798.4288330078125
robust,6,rollout/ep_rew_mean,1622016,838.0277099609375
robust,6,rollout/ep_rew_mean,1630208,834.6338500976562
robust,6,rollout/ep_rew_mean,1638400,820.2080688476562
robust,6,rollout/ep_rew_mean,1646592,792.25634765625
robust,6,rollout/ep_rew_mean,1654784,646.0466918945312
robust,6,rollout/ep_rew_mean,1662976,706.2041625976562
robust,6,rollout/ep_rew_mean,1671168,668.7874145507812
robust,6,rollout/ep_rew_mean,1679360,690.6727905273438
robust,6,rollout/ep_rew_mean,1687552,725.1820068359375
robust,6,rollout/ep_rew_mean,1695744,697.9121704101562
robust,6,rollout/ep_rew_mean,1703936,749.5534057617188
robust,6,rollout/ep_rew_mean,1712128,739.5629272460938
robust,6,rollout/ep_rew_mean,1720320,691.0393676757812
robust,6,rollout/ep_rew_mean,1728512,715.6246948242188
robust,6,rollout/ep_rew_mean,1736704,716.1998901367188
robust,6,rollout/ep_rew_mean,1744896,695.3292236328125
robust,6,rollout/ep_rew_mean,1753088,698.4434814453125
robust,6,rollout/ep_rew_mean,1761280,722.33349609375
robust,6,rollout/ep_rew_mean,1769472,725.2188720703125
robust,6,rollout/ep_rew_mean,1777664,710.28759765625
robust,6,rollout/ep_rew_mean,1785856,741.6787109375
robust,6,rollout/ep_rew_mean,1794048,732.656982421875
robust,6,rollout/ep_rew_mean,1802240,716.514404296875
robust,6,rollout/ep_rew_mean,1810432,747.5375366210938
robust,6,rollout/ep_rew_mean,1818624,753.82177734375
robust,6,rollout/ep_rew_mean,1826816,762.4223022460938
robust,6,rollout/ep_rew_mean,1835008,728.231689453125
robust,6,rollout/ep_rew_mean,1843200,756.2167358398438
robust,6,rollout/ep_rew_mean,1851392,756.1080932617188
robust,6,rollout/ep_rew_mean,1859584,752.9159545898438
robust,6,rollout/ep_rew_mean,1867776,766.893310546875
robust,6,rollout/ep_rew_mean,1875968,789.9229125976562
robust,6,rollout/ep_rew_mean,1884160,766.6535034179688
robust,6,rollout/ep_rew_mean,1892352,773.1870727539062
robust,6,rollout/ep_rew_mean,1900544,769.9674072265625
robust,6,rollout/ep_rew_mean,1908736,750.8564453125
robust,6,rollout/ep_rew_mean,1916928,765.153076171875
robust,6,rollout/ep_rew_mean,1925120,699.9830322265625
robust,6,rollout/ep_rew_mean,1933312,715.4884643554688
robust,6,rollout/ep_rew_mean,1941504,725.102294921875
robust,6,rollout/ep_rew_mean,1949696,731.4382934570312
robust,6,rollout/ep_rew_mean,1957888,754.9862060546875
robust,6,rollout/ep_rew_mean,1966080,753.7022094726562
robust,6,rollout/ep_rew_mean,1974272,787.1709594726562
robust,6,rollout/ep_rew_mean,1982464,799.3614501953125
robust,6,rollout/ep_rew_mean,1990656,773.1201782226562
robust,6,rollout/ep_rew_mean,1998848,788.5226440429688
robust,6,rollout/ep_rew_mean,2007040,810.2992553710938
robust,6,rollout/ep_rew_mean,2015232,835.2239990234375
robust,6,rollout/ep_rew_mean,2023424,921.1790771484375
robust,6,rollout/ep_rew_mean,2031616,929.5396118164062
robust,6,rollout/ep_rew_mean,2039808,930.6312866210938
robust,6,rollout/ep_rew_mean,2048000,951.9376220703125
robust,6,rollout/ep_rew_mean,2056192,960.7561645507812
robust,6,rollout/ep_rew_mean,2064384,996.7462158203125
robust,6,rollout/ep_rew_mean,2072576,1008.9558715820312
robust,6,rollout/ep_rew_mean,2080768,997.4921264648438
robust,6,rollout/ep_rew_mean,2088960,950.4734497070312
robust,6,rollout/ep_rew_mean,2097152,986.8338012695312
robust,6,rollout/ep_rew_mean,2105344,963.066650390625
robust,6,rollout/ep_rew_mean,2113536,1009.6455078125
robust,6,rollout/ep_rew_mean,2121728,1002.8001098632812
robust,6,rollout/ep_rew_mean,2129920,921.1978149414062
robust,6,rollout/ep_rew_mean,2138112,898.417724609375
robust,6,rollout/ep_rew_mean,2146304,932.1441040039062
robust,6,rollout/ep_rew_mean,2154496,852.2216796875
robust,6,rollout/ep_rew_mean,2162688,812.15771484375
robust,6,rollout/ep_rew_mean,2170880,818.886962890625
robust,6,rollout/ep_rew_mean,2179072,814.6171875
robust,6,rollout/ep_rew_mean,2187264,892.1639404296875
robust,6,rollout/ep_rew_mean,2195456,900.1231689453125
robust,6,rollout/ep_rew_mean,2203648,929.1142578125
robust,6,rollout/ep_rew_mean,2211840,973.8580322265625
robust,6,rollout/ep_rew_mean,2220032,984.1803588867188
robust,6,rollout/ep_rew_mean,2228224,949.8468017578125
robust,6,rollout/ep_rew_mean,2236416,969.2855834960938
robust,6,rollout/ep_rew_mean,2244608,918.459716796875
robust,6,rollout/ep_rew_mean,2252800,813.4332885742188
robust,6,rollout/ep_rew_mean,2260992,800.9149780273438
robust,6,rollout/ep_rew_mean,2269184,868.8910522460938
robust,6,rollout/ep_rew_mean,2277376,884.5291748046875
robust,6,rollout/ep_rew_mean,2285568,889.0023193359375
robust,6,rollout/ep_rew_mean,2293760,896.2987060546875
robust,6,rollout/ep_rew_mean,2301952,947.0347900390625
robust,6,rollout/ep_rew_mean,2310144,959.4476928710938
robust,6,rollout/ep_rew_mean,2318336,979.35400390625
robust,6,rollout/ep_rew_mean,2326528,952.7621459960938
robust,6,rollout/ep_rew_mean,2334720,962.9105834960938
robust,6,rollout/ep_rew_mean,2342912,915.7123413085938
robust,6,rollout/ep_rew_mean,2351104,891.6986694335938
robust,6,rollout/ep_rew_mean,2359296,911.3052368164062
robust,6,rollout/ep_rew_mean,2367488,915.7750854492188
robust,6,rollout/ep_rew_mean,2375680,896.1664428710938
robust,6,rollout/ep_rew_mean,2383872,904.9303588867188
robust,6,rollout/ep_rew_mean,2392064,931.9923095703125
robust,6,rollout/ep_rew_mean,2400256,973.6043090820312
robust,6,rollout/ep_rew_mean,2408448,1026.3990478515625
robust,6,rollout/ep_rew_mean,2416640,1012.6742553710938
robust,6,rollout/ep_rew_mean,2424832,1013.36376953125
robust,6,rollout/ep_rew_mean,2433024,1041.7178955078125
robust,6,rollout/ep_rew_mean,2441216,1037.2373046875
robust,6,rollout/ep_rew_mean,2449408,1016.6640625
robust,6,rollout/ep_rew_mean,2457600,1012.8822021484375
robust,6,rollout/ep_rew_mean,2465792,996.0810546875
robust,6,rollout/ep_rew_mean,2473984,992.1868896484375
robust,6,rollout/ep_rew_mean,2482176,962.3746337890625
robust,6,rollout/ep_rew_mean,2490368,1019.5064086914062
robust,6,rollout/ep_rew_mean,2498560,1034.36083984375
robust,6,rollout/ep_rew_mean,2506752,1061.5762939453125
robust,6,rollout/ep_rew_mean,2514944,1070.6129150390625
robust,6,rollout/ep_rew_mean,2523136,1054.760009765625
robust,6,rollout/ep_rew_mean,2531328,1054.33935546875
robust,6,rollout/ep_rew_mean,2539520,1073.5128173828125
robust,6,rollout/ep_rew_mean,2547712,1075.95166015625
robust,6,rollout/ep_rew_mean,2555904,1101.2906494140625
robust,6,rollout/ep_rew_mean,2564096,1114.8275146484375
robust,6,rollout/ep_rew_mean,2572288,1089.8138427734375
robust,6,rollout/ep_rew_mean,2580480,1042.7640380859375
robust,6,rollout/ep_rew_mean,2588672,1099.42041015625
robust,6,rollout/ep_rew_mean,2596864,1085.6981201171875
robust,6,rollout/ep_rew_mean,2605056,1055.7879638671875
robust,6,rollout/ep_rew_mean,2613248,1017.83740234375
robust,6,rollout/ep_rew_mean,2621440,967.560791015625
robust,6,rollout/ep_rew_mean,2629632,1044.5560302734375
robust,6,rollout/ep_rew_mean,2637824,1041.7069091796875
robust,6,rollout/ep_rew_mean,2646016,1060.7987060546875
robust,6,rollout/ep_rew_mean,2654208,1102.9405517578125
robust,6,rollout/ep_rew_mean,2662400,1141.365234375
robust,6,rollout/ep_rew_mean,2670592,1147.778076171875
robust,6,rollout/ep_rew_mean,2678784,1234.481689453125
robust,6,rollout/ep_rew_mean,2686976,1210.7755126953125
robust,6,rollout/ep_rew_mean,2695168,1199.03759765625
robust,6,rollout/ep_rew_mean,2703360,1116.3446044921875
robust,6,rollout/ep_rew_mean,2711552,1152.2496337890625
robust,6,rollout/ep_rew_mean,2719744,1143.2646484375
robust,6,rollout/ep_rew_mean,2727936,1148.7293701171875
robust,6,rollout/ep_rew_mean,2736128,1076.5936279296875
robust,6,rollout/ep_rew_mean,2744320,1108.05908203125
robust,6,rollout/ep_rew_mean,2752512,1092.5318603515625
robust,6,rollout/ep_rew_mean,2760704,1124.927001953125
robust,6,rollout/ep_rew_mean,2768896,1225.4219970703125
robust,6,rollout/ep_rew_mean,2777088,1175.160888671875
robust,6,rollout/ep_rew_mean,2785280,1164.7462158203125
robust,6,rollout/ep_rew_mean,2793472,1124.5645751953125
robust,6,rollout/ep_rew_mean,2801664,1169.4298095703125
robust,6,rollout/ep_rew_mean,2809856,1158.586669921875
robust,6,rollout/ep_rew_mean,2818048,1103.9976806640625
robust,6,rollout/ep_rew_mean,2826240,1101.796142578125
robust,6,rollout/ep_rew_mean,2834432,1100.2342529296875
robust,6,rollout/ep_rew_mean,2842624,1116.638916015625
robust,6,rollout/ep_rew_mean,2850816,1120.510009765625
robust,6,rollout/ep_rew_mean,2859008,1108.0621337890625
robust,6,rollout/ep_rew_mean,2867200,1098.276611328125
robust,6,rollout/ep_rew_mean,2875392,1122.6162109375
robust,6,rollout/ep_rew_mean,2883584,1166.904052734375
robust,6,rollout/ep_rew_mean,2891776,1093.5386962890625
robust,6,rollout/ep_rew_mean,2899968,1127.4190673828125
robust,6,rollout/ep_rew_mean,2908160,1084.9237060546875
robust,6,rollout/ep_rew_mean,2916352,1103.9613037109375
robust,6,rollout/ep_rew_mean,2924544,1132.1373291015625
robust,6,rollout/ep_rew_mean,2932736,1147.849365234375
robust,6,rollout/ep_rew_mean,2940928,1100.2254638671875
robust,6,rollout/ep_rew_mean,2949120,1125.71875
robust,6,rollout/ep_rew_mean,2957312,1131.9552001953125
robust,6,rollout/ep_rew_mean,2965504,1147.1373291015625
robust,6,rollout/ep_rew_mean,2973696,1188.56494140625
robust,6,rollout/ep_rew_mean,2981888,1208.4278564453125
robust,6,rollout/ep_rew_mean,2990080,1225.9942626953125
robust,6,rollout/ep_rew_mean,2998272,1275.65673828125
robust,6,rollout/ep_rew_mean,3006464,1334.07666015625
robust,6,rollout/ep_rew_mean,3014656,1329.059326171875
robust,6,rollout/ep_rew_mean,3022848,1242.587158203125
robust,6,rollout/ep_rew_mean,3031040,1264.7537841796875
robust,6,rollout/ep_rew_mean,3039232,1235.909423828125
robust,6,rollout/ep_rew_mean,3047424,1232.669677734375
robust,6,rollout/ep_rew_mean,3055616,1200.87353515625
robust,6,rollout/ep_rew_mean,3063808,1128.7353515625
robust,6,rollout/ep_rew_mean,3072000,1146.414306640625
robust,6,rollout/ep_rew_mean,3080192,1186.9793701171875
robust,6,rollout/ep_rew_mean,3088384,1233.308349609375
robust,6,rollout/ep_rew_mean,3096576,1212.9237060546875
robust,6,rollout/ep_rew_mean,3104768,1235.18505859375
robust,6,rollout/ep_rew_mean,3112960,1285.3902587890625
robust,6,rollout/ep_rew_mean,3121152,1311.4239501953125
robust,6,rollout/ep_rew_mean,3129344,1297.7349853515625
robust,6,rollout/ep_rew_mean,3137536,1314.72607421875
robust,6,rollout/ep_rew_mean,3145728,1266.6796875
robust,6,rollout/ep_rew_mean,3153920,1258.6376953125
robust,6,rollout/ep_rew_mean,3162112,1281.8370361328125
robust,6,rollout/ep_rew_mean,3170304,1309.4718017578125
robust,6,rollout/ep_rew_mean,3178496,1202.605712890625
robust,6,rollout/ep_rew_mean,3186688,1192.8846435546875
robust,6,rollout/ep_rew_mean,3194880,1173.56201171875
robust,6,rollout/ep_rew_mean,3203072,1169.5242919921875
robust,6,rollout/ep_rew_mean,3211264,1149.8792724609375
robust,6,rollout/ep_rew_mean,3219456,1127.247314453125
robust,6,rollout/ep_rew_mean,3227648,1111.504150390625
robust,6,rollout/ep_rew_mean,3235840,1144.65478515625
robust,6,rollout/ep_rew_mean,3244032,1169.7109375
robust,6,rollout/ep_rew_mean,3252224,1193.596923828125
robust,6,rollout/ep_rew_mean,3260416,1152.3475341796875
robust,6,rollout/ep_rew_mean,3268608,1153.4388427734375
robust,6,rollout/ep_rew_mean,3276800,1177.1483154296875
robust,6,rollout/ep_rew_mean,3284992,1195.364990234375
robust,6,rollout/ep_rew_mean,3293184,1214.4404296875
robust,6,rollout/ep_rew_mean,3301376,1196.1546630859375
robust,6,rollout/ep_rew_mean,3309568,1172.74755859375
robust,6,rollout/ep_rew_mean,3317760,1229.1575927734375
robust,6,rollout/ep_rew_mean,3325952,1252.034912109375
robust,6,rollout/ep_rew_mean,3334144,1232.44384765625
robust,6,rollout/ep_rew_mean,3342336,1267.3836669921875
robust,6,rollout/ep_rew_mean,3350528,1222.4510498046875
robust,6,rollout/ep_rew_mean,3358720,1196.7899169921875
robust,6,rollout/ep_rew_mean,3366912,1229.247314453125
robust,6,rollout/ep_rew_mean,3375104,1254.446533203125
robust,6,rollout/ep_rew_mean,3383296,1270.093505859375
robust,6,rollout/ep_rew_mean,3391488,1256.0728759765625
robust,6,rollout/ep_rew_mean,3399680,1334.3221435546875
robust,6,rollout/ep_rew_mean,3407872,1341.078125
robust,6,rollout/ep_rew_mean,3416064,1364.2314453125
robust,6,rollout/ep_rew_mean,3424256,1391.0755615234375
robust,6,rollout/ep_rew_mean,3432448,1366.1021728515625
robust,6,rollout/ep_rew_mean,3440640,1313.6318359375
robust,6,rollout/ep_rew_mean,3448832,1370.6639404296875
robust,6,rollout/ep_rew_mean,3457024,1410.0050048828125
robust,6,rollout/ep_rew_mean,3465216,1381.8028564453125
robust,6,rollout/ep_rew_mean,3473408,1295.2806396484375
robust,6,rollout/ep_rew_mean,3481600,1230.021484375
robust,6,rollout/ep_rew_mean,3489792,1341.2723388671875
robust,6,rollout/ep_rew_mean,3497984,1359.95361328125
robust,6,rollout/ep_rew_mean,3506176,1398.651611328125
robust,6,rollout/ep_rew_mean,3514368,1373.081298828125
robust,6,rollout/ep_rew_mean,3522560,1367.847900390625
robust,6,rollout/ep_rew_mean,3530752,1387.582763671875
robust,6,rollout/ep_rew_mean,3538944,1411.2532958984375
robust,6,rollout/ep_rew_mean,3547136,1450.1549072265625
robust,6,rollout/ep_rew_mean,3555328,1459.46044921875
robust,6,rollout/ep_rew_mean,3563520,1428.59716796875
robust,6,rollout/ep_rew_mean,3571712,1371.661376953125
robust,6,rollout/ep_rew_mean,3579904,1373.2939453125
robust,6,rollout/ep_rew_mean,3588096,1409.2181396484375
robust,6,rollout/ep_rew_mean,3596288,1394.8994140625
robust,6,rollout/ep_rew_mean,3604480,1384.2181396484375
robust,6,rollout/ep_rew_mean,3612672,1380.15673828125
robust,6,rollout/ep_rew_mean,3620864,1412.9014892578125
robust,6,rollout/ep_rew_mean,3629056,1384.931396484375
robust,6,rollout/ep_rew_mean,3637248,1455.7049560546875
robust,6,rollout/ep_rew_mean,3645440,1459.8360595703125
robust,6,rollout/ep_rew_mean,3653632,1449.0552978515625
robust,6,rollout/ep_rew_mean,3661824,1412.4144287109375
robust,6,rollout/ep_rew_mean,3670016,1382.91064453125
robust,6,rollout/ep_rew_mean,3678208,1396.44482421875
robust,6,rollout/ep_rew_mean,3686400,1358.8819580078125
robust,6,rollout/ep_rew_mean,3694592,1411.1907958984375
robust,6,rollout/ep_rew_mean,3702784,1376.906005859375
robust,6,rollout/ep_rew_mean,3710976,1403.40283203125
robust,6,rollout/ep_rew_mean,3719168,1445.9776611328125
robust,6,rollout/ep_rew_mean,3727360,1445.70166015625
robust,6,rollout/ep_rew_mean,3735552,1446.06494140625
robust,6,rollout/ep_rew_mean,3743744,1473.5321044921875
robust,6,rollout/ep_rew_mean,3751936,1531.341796875
robust,6,rollout/ep_rew_mean,3760128,1579.410888671875
robust,6,rollout/ep_rew_mean,3768320,1563.67822265625
robust,6,rollout/ep_rew_mean,3776512,1524.712646484375
robust,6,rollout/ep_rew_mean,3784704,1485.1544189453125
robust,6,rollout/ep_rew_mean,3792896,1435.601806640625
robust,6,rollout/ep_rew_mean,3801088,1477.6630859375
robust,6,rollout/ep_rew_mean,3809280,1521.4881591796875
robust,6,rollout/ep_rew_mean,3817472,1546.427978515625
robust,6,rollout/ep_rew_mean,3825664,1543.8651123046875
robust,6,rollout/ep_rew_mean,3833856,1518.0599365234375
robust,6,rollout/ep_rew_mean,3842048,1520.1502685546875
robust,6,rollout/ep_rew_mean,3850240,1543.049560546875
robust,6,rollout/ep_rew_mean,3858432,1581.76123046875
robust,6,rollout/ep_rew_mean,3866624,1530.10498046875
robust,6,rollout/ep_rew_mean,3874816,1453.078125
robust,6,rollout/ep_rew_mean,3883008,1348.190673828125
robust,6,rollout/ep_rew_mean,3891200,1392.2987060546875
robust,6,rollout/ep_rew_mean,3899392,1443.0555419921875
robust,6,rollout/ep_rew_mean,3907584,1357.9644775390625
robust,6,rollout/ep_rew_mean,3915776,1386.9736328125
robust,6,rollout/ep_rew_mean,3923968,1324.713134765625
robust,6,rollout/ep_rew_mean,3932160,1391.2921142578125
robust,6,rollout/ep_rew_mean,3940352,1429.6337890625
robust,6,rollout/ep_rew_mean,3948544,1370.4654541015625
robust,6,rollout/ep_rew_mean,3956736,1355.1829833984375
robust,6,rollout/ep_rew_mean,3964928,1399.8115234375
robust,6,rollout/ep_rew_mean,3973120,1459.8775634765625
robust,6,rollout/ep_rew_mean,3981312,1466.5482177734375
robust,6,rollout/ep_rew_mean,3989504,1468.0650634765625
robust,6,rollout/ep_rew_mean,3997696,1500.118408203125
robust,6,rollout/ep_rew_mean,4005888,1475.6220703125
robust,6,rollout/ep_rew_mean,4014080,1515.1270751953125
robust,6,rollout/ep_rew_mean,4022272,1594.073486328125
robust,6,rollout/ep_rew_mean,4030464,1608.374755859375
robust,6,rollout/ep_rew_mean,4038656,1641.1566162109375
robust,6,rollout/ep_rew_mean,4046848,1608.173828125
robust,6,rollout/ep_rew_mean,4055040,1617.968505859375
robust,6,rollout/ep_rew_mean,4063232,1657.2701416015625
robust,6,rollout/ep_rew_mean,4071424,1597.0452880859375
robust,6,rollout/ep_rew_mean,4079616,1621.7796630859375
robust,6,rollout/ep_rew_mean,4087808,1587.474853515625
robust,6,rollout/ep_rew_mean,4096000,1525.3486328125
robust,6,rollout/ep_rew_mean,4104192,1515.996826171875
robust,6,rollout/ep_rew_mean,4112384,1521.739501953125
robust,6,rollout/ep_rew_mean,4120576,1466.579345703125
robust,6,rollout/ep_rew_mean,4128768,1460.6392822265625
robust,6,rollout/ep_rew_mean,4136960,1521.08251953125
robust,6,rollout/ep_rew_mean,4145152,1600.46923828125
robust,6,rollout/ep_rew_mean,4153344,1609.3326416015625
robust,6,rollout/ep_rew_mean,4161536,1600.5775146484375
robust,6,rollout/ep_rew_mean,4169728,1649.6680908203125
robust,6,rollout/ep_rew_mean,4177920,1636.8583984375
robust,6,rollout/ep_rew_mean,4186112,1641.670654296875
robust,6,rollout/ep_rew_mean,4194304,1674.104248046875
robust,6,rollout/ep_rew_mean,4202496,1658.902099609375
robust,6,rollout/ep_rew_mean,4210688,1654.17138671875
robust,6,rollout/ep_rew_mean,4218880,1621.910888671875
robust,6,rollout/ep_rew_mean,4227072,1632.6475830078125
robust,6,rollout/ep_rew_mean,4235264,1633.225830078125
robust,6,rollout/ep_rew_mean,4243456,1650.4576416015625
robust,6,rollout/ep_rew_mean,4251648,1646.5556640625
robust,6,rollout/ep_rew_mean,4259840,1685.7137451171875
robust,6,rollout/ep_rew_mean,4268032,1662.156494140625
robust,6,rollout/ep_rew_mean,4276224,1702.9527587890625
robust,6,rollout/ep_rew_mean,4284416,1674.5269775390625
robust,6,rollout/ep_rew_mean,4292608,1705.8433837890625
robust,6,rollout/ep_rew_mean,4300800,1589.89892578125
robust,6,rollout/ep_rew_mean,4308992,1534.72119140625
robust,6,rollout/ep_rew_mean,4317184,1548.429931640625
robust,6,rollout/ep_rew_mean,4325376,1474.2786865234375
robust,6,rollout/ep_rew_mean,4333568,1403.0401611328125
robust,6,rollout/ep_rew_mean,4341760,1432.08154296875
robust,6,rollout/ep_rew_mean,4349952,1407.077392578125
robust,6,rollout/ep_rew_mean,4358144,1452.0240478515625
robust,6,rollout/ep_rew_mean,4366336,1519.7718505859375
robust,6,rollout/ep_rew_mean,4374528,1557.9173583984375
robust,6,rollout/ep_rew_mean,4382720,1497.08203125
robust,6,rollout/ep_rew_mean,4390912,1523.8734130859375
robust,6,rollout/ep_rew_mean,4399104,1604.0728759765625
robust,6,rollout/ep_rew_mean,4407296,1572.3394775390625
robust,6,rollout/ep_rew_mean,4415488,1635.5794677734375
robust,6,rollout/ep_rew_mean,4423680,1653.93603515625
robust,6,rollout/ep_rew_mean,4431872,1668.791015625
robust,6,rollout/ep_rew_mean,4440064,1648.9061279296875
robust,6,rollout/ep_rew_mean,4448256,1715.791748046875
robust,6,rollout/ep_rew_mean,4456448,1702.6705322265625
robust,6,rollout/ep_rew_mean,4464640,1754.885498046875
robust,6,rollout/ep_rew_mean,4472832,1736.355224609375
robust,6,rollout/ep_rew_mean,4481024,1713.5823974609375
robust,6,rollout/ep_rew_mean,4489216,1706.1361083984375
robust,6,rollout/ep_rew_mean,4497408,1674.9775390625
robust,6,rollout/ep_rew_mean,4505600,1719.4395751953125
robust,6,rollout/ep_rew_mean,4513792,1787.2042236328125
robust,6,rollout/ep_rew_mean,4521984,1806.908447265625
robust,6,rollout/ep_rew_mean,4530176,1822.3212890625
robust,6,rollout/ep_rew_mean,4538368,1842.072998046875
robust,6,rollout/ep_rew_mean,4546560,1833.2047119140625
robust,6,rollout/ep_rew_mean,4554752,1836.8116455078125
robust,6,rollout/ep_rew_mean,4562944,1859.5614013671875
robust,6,rollout/ep_rew_mean,4571136,1877.91748046875
robust,6,rollout/ep_rew_mean,4579328,1845.9619140625
robust,6,rollout/ep_rew_mean,4587520,1741.1585693359375
robust,6,rollout/ep_rew_mean,4595712,1718.46826171875
robust,6,rollout/ep_rew_mean,4603904,1741.061767578125
robust,6,rollout/ep_rew_mean,4612096,1717.4295654296875
robust,6,rollout/ep_rew_mean,4620288,1738.934814453125
robust,6,rollout/ep_rew_mean,4628480,1704.939697265625
robust,6,rollout/ep_rew_mean,4636672,1701.6021728515625
robust,6,rollout/ep_rew_mean,4644864,1710.7523193359375
robust,6,rollout/ep_rew_mean,4653056,1661.9918212890625
robust,6,rollout/ep_rew_mean,4661248,1717.376220703125
robust,6,rollout/ep_rew_mean,4669440,1742.17041015625
robust,6,rollout/ep_rew_mean,4677632,1659.517822265625
robust,6,rollout/ep_rew_mean,4685824,1607.8455810546875
robust,6,rollout/ep_rew_mean,4694016,1581.297607421875
robust,6,rollout/ep_rew_mean,4702208,1625.82958984375
robust,6,rollout/ep_rew_mean,4710400,1610.154541015625
robust,6,rollout/ep_rew_mean,4718592,1684.2786865234375
robust,6,rollout/ep_rew_mean,4726784,1710.888671875
robust,6,rollout/ep_rew_mean,4734976,1685.821533203125
robust,6,rollout/ep_rew_mean,4743168,1759.0347900390625
robust,6,rollout/ep_rew_mean,4751360,1729.1982421875
robust,6,rollout/ep_rew_mean,4759552,1758.9100341796875
robust,6,rollout/ep_rew_mean,4767744,1807.8431396484375
robust,6,rollout/ep_rew_mean,4775936,1732.42578125
robust,6,rollout/ep_rew_mean,4784128,1709.3133544921875
robust,6,rollout/ep_rew_mean,4792320,1656.300048828125
robust,6,rollout/ep_rew_mean,4800512,1645.112548828125
robust,6,rollout/ep_rew_mean,4808704,1616.9561767578125
robust,6,rollout/ep_rew_mean,4816896,1704.5272216796875
robust,6,rollout/ep_rew_mean,4825088,1734.5352783203125
robust,6,rollout/ep_rew_mean,4833280,1715.985595703125
robust,6,rollout/ep_rew_mean,4841472,1716.1475830078125
robust,6,rollout/ep_rew_mean,4849664,1748.177001953125
robust,6,rollout/ep_rew_mean,4857856,1737.4947509765625
robust,6,rollout/ep_rew_mean,4866048,1743.0755615234375
robust,6,rollout/ep_rew_mean,4874240,1826.7342529296875
robust,6,rollout/ep_rew_mean,4882432,1837.59716796875
robust,6,rollout/ep_rew_mean,4890624,1800.0916748046875
robust,6,rollout/ep_rew_mean,4898816,1802.1676025390625
robust,6,rollout/ep_rew_mean,4907008,1835.68994140625
robust,6,rollout/ep_rew_mean,4915200,1808.848876953125
robust,6,rollout/ep_rew_mean,4923392,1845.5660400390625
robust,6,rollout/ep_rew_mean,4931584,1800.3519287109375
robust,6,rollout/ep_rew_mean,4939776,1782.58349609375
robust,6,rollout/ep_rew_mean,4947968,1734.702392578125
robust,6,rollout/ep_rew_mean,4956160,1756.4287109375
robust,6,rollout/ep_rew_mean,4964352,1796.3087158203125
robust,6,rollout/ep_rew_mean,4972544,1832.2568359375
robust,6,rollout/ep_rew_mean,4980736,1821.5284423828125
robust,6,rollout/ep_rew_mean,4988928,1803.03564453125
robust,6,rollout/ep_rew_mean,4997120,1754.984375
robust,6,rollout/ep_rew_mean,5005312,1757.6136474609375
robust,6,rollout/ep_len_mean,8192,98.46479034423828
robust,6,rollout/ep_len_mean,16384,151.6699981689453
robust,6,rollout/ep_len_mean,24576,155.5800018310547
robust,6,rollout/ep_len_mean,32768,112.36000061035156
robust,6,rollout/ep_len_mean,40960,117.23999786376953
robust,6,rollout/ep_len_mean,49152,147.83999633789062
robust,6,rollout/ep_len_mean,57344,117.95999908447266
robust,6,rollout/ep_len_mean,65536,122.0
robust,6,rollout/ep_len_mean,73728,161.17999267578125
robust,6,rollout/ep_len_mean,81920,193.6199951171875
robust,6,rollout/ep_len_mean,90112,184.05999755859375
robust,6,rollout/ep_len_mean,98304,190.75999450683594
robust,6,rollout/ep_len_mean,106496,133.6199951171875
robust,6,rollout/ep_len_mean,114688,138.75
robust,6,rollout/ep_len_mean,122880,159.50999450683594
robust,6,rollout/ep_len_mean,131072,162.69000244140625
robust,6,rollout/ep_len_mean,139264,125.51000213623047
robust,6,rollout/ep_len_mean,147456,146.19000244140625
robust,6,rollout/ep_len_mean,155648,190.4600067138672
robust,6,rollout/ep_len_mean,163840,243.4199981689453
robust,6,rollout/ep_len_mean,172032,243.0
robust,6,rollout/ep_len_mean,180224,207.8699951171875
robust,6,rollout/ep_len_mean,188416,216.4499969482422
robust,6,rollout/ep_len_mean,196608,198.83999633789062
robust,6,rollout/ep_len_mean,204800,160.66000366210938
robust,6,rollout/ep_len_mean,212992,171.5500030517578
robust,6,rollout/ep_len_mean,221184,203.9499969482422
robust,6,rollout/ep_len_mean,229376,223.00999450683594
robust,6,rollout/ep_len_mean,237568,235.1199951171875
robust,6,rollout/ep_len_mean,245760,184.8800048828125
robust,6,rollout/ep_len_mean,253952,186.75999450683594
robust,6,rollout/ep_len_mean,262144,194.5500030517578
robust,6,rollout/ep_len_mean,270336,216.91000366210938
robust,6,rollout/ep_len_mean,278528,216.89999389648438
robust,6,rollout/ep_len_mean,286720,194.94000244140625
robust,6,rollout/ep_len_mean,294912,205.69000244140625
robust,6,rollout/ep_len_mean,303104,213.75999450683594
robust,6,rollout/ep_len_mean,311296,244.5399932861328
robust,6,rollout/ep_len_mean,319488,230.22999572753906
robust,6,rollout/ep_len_mean,327680,231.4600067138672
robust,6,rollout/ep_len_mean,335872,282.5799865722656
robust,6,rollout/ep_len_mean,344064,276.6300048828125
robust,6,rollout/ep_len_mean,352256,285.260009765625
robust,6,rollout/ep_len_mean,360448,222.89999389648438
robust,6,rollout/ep_len_mean,368640,251.82000732421875
robust,6,rollout/ep_len_mean,376832,278.2099914550781
robust,6,rollout/ep_len_mean,385024,242.86000061035156
robust,6,rollout/ep_len_mean,393216,270.5299987792969
robust,6,rollout/ep_len_mean,401408,262.42999267578125
robust,6,rollout/ep_len_mean,409600,274.5199890136719
robust,6,rollout/ep_len_mean,417792,332.6600036621094
robust,6,rollout/ep_len_mean,425984,327.4200134277344
robust,6,rollout/ep_len_mean,434176,324.2200012207031
robust,6,rollout/ep_len_mean,442368,291.8299865722656
robust,6,rollout/ep_len_mean,450560,278.2099914550781
robust,6,rollout/ep_len_mean,458752,244.58999633789062
robust,6,rollout/ep_len_mean,466944,235.5500030517578
robust,6,rollout/ep_len_mean,475136,224.44000244140625
robust,6,rollout/ep_len_mean,483328,266.8900146484375
robust,6,rollout/ep_len_mean,491520,268.55999755859375
robust,6,rollout/ep_len_mean,499712,299.3900146484375
robust,6,rollout/ep_len_mean,507904,336.8599853515625
robust,6,rollout/ep_len_mean,516096,291.9800109863281
robust,6,rollout/ep_len_mean,524288,289.8399963378906
robust,6,rollout/ep_len_mean,532480,333.6300048828125
robust,6,rollout/ep_len_mean,540672,298.3500061035156
robust,6,rollout/ep_len_mean,548864,310.8999938964844
robust,6,rollout/ep_len_mean,557056,312.3999938964844
robust,6,rollout/ep_len_mean,565248,293.5799865722656
robust,6,rollout/ep_len_mean,573440,314.9599914550781
robust,6,rollout/ep_len_mean,581632,334.55999755859375
robust,6,rollout/ep_len_mean,589824,310.9800109863281
robust,6,rollout/ep_len_mean,598016,316.760009765625
robust,6,rollout/ep_len_mean,606208,345.6700134277344
robust,6,rollout/ep_len_mean,614400,335.5299987792969
robust,6,rollout/ep_len_mean,622592,355.3800048828125
robust,6,rollout/ep_len_mean,630784,359.1499938964844
robust,6,rollout/ep_len_mean,638976,354.2099914550781
robust,6,rollout/ep_len_mean,647168,359.54998779296875
robust,6,rollout/ep_len_mean,655360,346.760009765625
robust,6,rollout/ep_len_mean,663552,311.1700134277344
robust,6,rollout/ep_len_mean,671744,325.5899963378906
robust,6,rollout/ep_len_mean,679936,355.7099914550781
robust,6,rollout/ep_len_mean,688128,349.1499938964844
robust,6,rollout/ep_len_mean,696320,342.80999755859375
robust,6,rollout/ep_len_mean,704512,385.760009765625
robust,6,rollout/ep_len_mean,712704,340.0
robust,6,rollout/ep_len_mean,720896,362.7300109863281
robust,6,rollout/ep_len_mean,729088,395.760009765625
robust,6,rollout/ep_len_mean,737280,445.17999267578125
robust,6,rollout/ep_len_mean,745472,390.1099853515625
robust,6,rollout/ep_len_mean,753664,435.2099914550781
robust,6,rollout/ep_len_mean,761856,412.32000732421875
robust,6,rollout/ep_len_mean,770048,389.2699890136719
robust,6,rollout/ep_len_mean,778240,374.19000244140625
robust,6,rollout/ep_len_mean,786432,403.0299987792969
robust,6,rollout/ep_len_mean,794624,425.3500061035156
robust,6,rollout/ep_len_mean,802816,445.4599914550781
robust,6,rollout/ep_len_mean,811008,400.3599853515625
robust,6,rollout/ep_len_mean,819200,396.989990234375
robust,6,rollout/ep_len_mean,827392,350.6199951171875
robust,6,rollout/ep_len_mean,835584,360.67999267578125
robust,6,rollout/ep_len_mean,843776,391.6700134277344
robust,6,rollout/ep_len_mean,851968,427.2900085449219
robust,6,rollout/ep_len_mean,860160,405.8399963378906
robust,6,rollout/ep_len_mean,868352,410.3299865722656
robust,6,rollout/ep_len_mean,876544,440.55999755859375
robust,6,rollout/ep_len_mean,884736,411.3900146484375
robust,6,rollout/ep_len_mean,892928,386.4599914550781
robust,6,rollout/ep_len_mean,901120,380.9700012207031
robust,6,rollout/ep_len_mean,909312,366.70001220703125
robust,6,rollout/ep_len_mean,917504,364.5
robust,6,rollout/ep_len_mean,925696,352.239990234375
robust,6,rollout/ep_len_mean,933888,355.0199890136719
robust,6,rollout/ep_len_mean,942080,373.57000732421875
robust,6,rollout/ep_len_mean,950272,356.1199951171875
robust,6,rollout/ep_len_mean,958464,349.9200134277344
robust,6,rollout/ep_len_mean,966656,388.0400085449219
robust,6,rollout/ep_len_mean,974848,419.0899963378906
robust,6,rollout/ep_len_mean,983040,399.7799987792969
robust,6,rollout/ep_len_mean,991232,408.1700134277344
robust,6,rollout/ep_len_mean,999424,396.29998779296875
robust,6,rollout/ep_len_mean,1007616,398.1000061035156
robust,6,rollout/ep_len_mean,1015808,377.19000244140625
robust,6,rollout/ep_len_mean,1024000,416.79998779296875
robust,6,rollout/ep_len_mean,1032192,385.0799865722656
robust,6,rollout/ep_len_mean,1040384,428.8900146484375
robust,6,rollout/ep_len_mean,1048576,409.489990234375
robust,6,rollout/ep_len_mean,1056768,381.489990234375
robust,6,rollout/ep_len_mean,1064960,361.07000732421875
robust,6,rollout/ep_len_mean,1073152,400.760009765625
robust,6,rollout/ep_len_mean,1081344,383.8900146484375
robust,6,rollout/ep_len_mean,1089536,368.07000732421875
robust,6,rollout/ep_len_mean,1097728,391.8599853515625
robust,6,rollout/ep_len_mean,1105920,405.9599914550781
robust,6,rollout/ep_len_mean,1114112,396.30999755859375
robust,6,rollout/ep_len_mean,1122304,432.510009765625
robust,6,rollout/ep_len_mean,1130496,455.3800048828125
robust,6,rollout/ep_len_mean,1138688,486.6099853515625
robust,6,rollout/ep_len_mean,1146880,466.17999267578125
robust,6,rollout/ep_len_mean,1155072,445.55999755859375
robust,6,rollout/ep_len_mean,1163264,454.8500061035156
robust,6,rollout/ep_len_mean,1171456,431.3800048828125
robust,6,rollout/ep_len_mean,1179648,360.739990234375
robust,6,rollout/ep_len_mean,1187840,407.3500061035156
robust,6,rollout/ep_len_mean,1196032,359.7099914550781
robust,6,rollout/ep_len_mean,1204224,394.95001220703125
robust,6,rollout/ep_len_mean,1212416,407.44000244140625
robust,6,rollout/ep_len_mean,1220608,436.8900146484375
robust,6,rollout/ep_len_mean,1228800,397.239990234375
robust,6,rollout/ep_len_mean,1236992,400.1300048828125
robust,6,rollout/ep_len_mean,1245184,394.69000244140625
robust,6,rollout/ep_len_mean,1253376,445.010009765625
robust,6,rollout/ep_len_mean,1261568,424.29998779296875
robust,6,rollout/ep_len_mean,1269760,421.8800048828125
robust,6,rollout/ep_len_mean,1277952,433.44000244140625
robust,6,rollout/ep_len_mean,1286144,441.8399963378906
robust,6,rollout/ep_len_mean,1294336,457.7699890136719
robust,6,rollout/ep_len_mean,1302528,441.05999755859375
robust,6,rollout/ep_len_mean,1310720,423.45001220703125
robust,6,rollout/ep_len_mean,1318912,452.04998779296875
robust,6,rollout/ep_len_mean,1327104,435.9700012207031
robust,6,rollout/ep_len_mean,1335296,449.510009765625
robust,6,rollout/ep_len_mean,1343488,443.8500061035156
robust,6,rollout/ep_len_mean,1351680,458.1099853515625
robust,6,rollout/ep_len_mean,1359872,491.5
robust,6,rollout/ep_len_mean,1368064,492.6199951171875
robust,6,rollout/ep_len_mean,1376256,459.05999755859375
robust,6,rollout/ep_len_mean,1384448,427.0199890136719
robust,6,rollout/ep_len_mean,1392640,433.4800109863281
robust,6,rollout/ep_len_mean,1400832,402.5
robust,6,rollout/ep_len_mean,1409024,419.2200012207031
robust,6,rollout/ep_len_mean,1417216,430.6199951171875
robust,6,rollout/ep_len_mean,1425408,456.20001220703125
robust,6,rollout/ep_len_mean,1433600,486.30999755859375
robust,6,rollout/ep_len_mean,1441792,481.0400085449219
robust,6,rollout/ep_len_mean,1449984,496.20001220703125
robust,6,rollout/ep_len_mean,1458176,485.239990234375
robust,6,rollout/ep_len_mean,1466368,486.0400085449219
robust,6,rollout/ep_len_mean,1474560,472.05999755859375
robust,6,rollout/ep_len_mean,1482752,465.1099853515625
robust,6,rollout/ep_len_mean,1490944,437.8599853515625
robust,6,rollout/ep_len_mean,1499136,441.8900146484375
robust,6,rollout/ep_len_mean,1507328,461.010009765625
robust,6,rollout/ep_len_mean,1515520,491.17999267578125
robust,6,rollout/ep_len_mean,1523712,507.489990234375
robust,6,rollout/ep_len_mean,1531904,523.9099731445312
robust,6,rollout/ep_len_mean,1540096,513.0800170898438
robust,6,rollout/ep_len_mean,1548288,515.260009765625
robust,6,rollout/ep_len_mean,1556480,514.4400024414062
robust,6,rollout/ep_len_mean,1564672,448.0899963378906
robust,6,rollout/ep_len_mean,1572864,449.7300109863281
robust,6,rollout/ep_len_mean,1581056,470.1199951171875
robust,6,rollout/ep_len_mean,1589248,485.260009765625
robust,6,rollout/ep_len_mean,1597440,496.95001220703125
robust,6,rollout/ep_len_mean,1605632,514.010009765625
robust,6,rollout/ep_len_mean,1613824,516.9299926757812
robust,6,rollout/ep_len_mean,1622016,541.0700073242188
robust,6,rollout/ep_len_mean,1630208,536.969970703125
robust,6,rollout/ep_len_mean,1638400,530.0700073242188
robust,6,rollout/ep_len_mean,1646592,510.6400146484375
robust,6,rollout/ep_len_mean,1654784,421.7799987792969
robust,6,rollout/ep_len_mean,1662976,455.9200134277344
robust,6,rollout/ep_len_mean,1671168,431.75
robust,6,rollout/ep_len_mean,1679360,447.8599853515625
robust,6,rollout/ep_len_mean,1687552,471.30999755859375
robust,6,rollout/ep_len_mean,1695744,455.5199890136719
robust,6,rollout/ep_len_mean,1703936,492.1000061035156
robust,6,rollout/ep_len_mean,1712128,489.7699890136719
robust,6,rollout/ep_len_mean,1720320,460.25
robust,6,rollout/ep_len_mean,1728512,473.17999267578125
robust,6,rollout/ep_len_mean,1736704,469.8399963378906
robust,6,rollout/ep_len_mean,1744896,452.6600036621094
robust,6,rollout/ep_len_mean,1753088,453.1499938964844
robust,6,rollout/ep_len_mean,1761280,467.6000061035156
robust,6,rollout/ep_len_mean,1769472,468.260009765625
robust,6,rollout/ep_len_mean,1777664,462.4700012207031
robust,6,rollout/ep_len_mean,1785856,486.8999938964844
robust,6,rollout/ep_len_mean,1794048,481.67999267578125
robust,6,rollout/ep_len_mean,1802240,474.4599914550781
robust,6,rollout/ep_len_mean,1810432,494.44000244140625
robust,6,rollout/ep_len_mean,1818624,500.989990234375
robust,6,rollout/ep_len_mean,1826816,503.1499938964844
robust,6,rollout/ep_len_mean,1835008,479.0400085449219
robust,6,rollout/ep_len_mean,1843200,493.69000244140625
robust,6,rollout/ep_len_mean,1851392,490.2300109863281
robust,6,rollout/ep_len_mean,1859584,486.7200012207031
robust,6,rollout/ep_len_mean,1867776,489.5
robust,6,rollout/ep_len_mean,1875968,506.30999755859375
robust,6,rollout/ep_len_mean,1884160,492.04998779296875
robust,6,rollout/ep_len_mean,1892352,498.3399963378906
robust,6,rollout/ep_len_mean,1900544,495.0400085449219
robust,6,rollout/ep_len_mean,1908736,485.82000732421875
robust,6,rollout/ep_len_mean,1916928,501.9599914550781
robust,6,rollout/ep_len_mean,1925120,460.1300048828125
robust,6,rollout/ep_len_mean,1933312,466.69000244140625
robust,6,rollout/ep_len_mean,1941504,469.760009765625
robust,6,rollout/ep_len_mean,1949696,469.67999267578125
robust,6,rollout/ep_len_mean,1957888,483.6000061035156
robust,6,rollout/ep_len_mean,1966080,477.2900085449219
robust,6,rollout/ep_len_mean,1974272,497.80999755859375
robust,6,rollout/ep_len_mean,1982464,500.32000732421875
robust,6,rollout/ep_len_mean,1990656,490.32000732421875
robust,6,rollout/ep_len_mean,1998848,495.04998779296875
robust,6,rollout/ep_len_mean,2007040,507.9700012207031
robust,6,rollout/ep_len_mean,2015232,519.27001953125
robust,6,rollout/ep_len_mean,2023424,569.1300048828125
robust,6,rollout/ep_len_mean,2031616,568.9500122070312
robust,6,rollout/ep_len_mean,2039808,575.1799926757812
robust,6,rollout/ep_len_mean,2048000,581.77001953125
robust,6,rollout/ep_len_mean,2056192,592.2000122070312
robust,6,rollout/ep_len_mean,2064384,610.52001953125
robust,6,rollout/ep_len_mean,2072576,626.72998046875
robust,6,rollout/ep_len_mean,2080768,617.6599731445312
robust,6,rollout/ep_len_mean,2088960,590.8099975585938
robust,6,rollout/ep_len_mean,2097152,613.030029296875
robust,6,rollout/ep_len_mean,2105344,598.3400268554688
robust,6,rollout/ep_len_mean,2113536,628.3699951171875
robust,6,rollout/ep_len_mean,2121728,625.72998046875
robust,6,rollout/ep_len_mean,2129920,568.9099731445312
robust,6,rollout/ep_len_mean,2138112,557.4000244140625
robust,6,rollout/ep_len_mean,2146304,579.8200073242188
robust,6,rollout/ep_len_mean,2154496,530.9000244140625
robust,6,rollout/ep_len_mean,2162688,506.6499938964844
robust,6,rollout/ep_len_mean,2170880,504.3399963378906
robust,6,rollout/ep_len_mean,2179072,497.6700134277344
robust,6,rollout/ep_len_mean,2187264,543.7999877929688
robust,6,rollout/ep_len_mean,2195456,539.0499877929688
robust,6,rollout/ep_len_mean,2203648,550.22998046875
robust,6,rollout/ep_len_mean,2211840,570.0999755859375
robust,6,rollout/ep_len_mean,2220032,575.6900024414062
robust,6,rollout/ep_len_mean,2228224,561.280029296875
robust,6,rollout/ep_len_mean,2236416,571.8400268554688
robust,6,rollout/ep_len_mean,2244608,543.3599853515625
robust,6,rollout/ep_len_mean,2252800,484.5400085449219
robust,6,rollout/ep_len_mean,2260992,482.260009765625
robust,6,rollout/ep_len_mean,2269184,517.8300170898438
robust,6,rollout/ep_len_mean,2277376,525.3400268554688
robust,6,rollout/ep_len_mean,2285568,525.2100219726562
robust,6,rollout/ep_len_mean,2293760,527.5499877929688
robust,6,rollout/ep_len_mean,2301952,555.97998046875
robust,6,rollout/ep_len_mean,2310144,566.8499755859375
robust,6,rollout/ep_len_mean,2318336,577.0
robust,6,rollout/ep_len_mean,2326528,562.3599853515625
robust,6,rollout/ep_len_mean,2334720,567.6599731445312
robust,6,rollout/ep_len_mean,2342912,540.8099975585938
robust,6,rollout/ep_len_mean,2351104,526.4600219726562
robust,6,rollout/ep_len_mean,2359296,537.3300170898438
robust,6,rollout/ep_len_mean,2367488,541.8699951171875
robust,6,rollout/ep_len_mean,2375680,526.719970703125
robust,6,rollout/ep_len_mean,2383872,530.4600219726562
robust,6,rollout/ep_len_mean,2392064,552.2000122070312
robust,6,rollout/ep_len_mean,2400256,575.1900024414062
robust,6,rollout/ep_len_mean,2408448,607.739990234375
robust,6,rollout/ep_len_mean,2416640,602.1599731445312
robust,6,rollout/ep_len_mean,2424832,600.7100219726562
robust,6,rollout/ep_len_mean,2433024,620.6699829101562
robust,6,rollout/ep_len_mean,2441216,619.8400268554688
robust,6,rollout/ep_len_mean,2449408,606.4299926757812
robust,6,rollout/ep_len_mean,2457600,601.510009765625
robust,6,rollout/ep_len_mean,2465792,588.3300170898438
robust,6,rollout/ep_len_mean,2473984,577.1599731445312
robust,6,rollout/ep_len_mean,2482176,555.8599853515625
robust,6,rollout/ep_len_mean,2490368,584.219970703125
robust,6,rollout/ep_len_mean,2498560,589.6500244140625
robust,6,rollout/ep_len_mean,2506752,600.4400024414062
robust,6,rollout/ep_len_mean,2514944,606.6799926757812
robust,6,rollout/ep_len_mean,2523136,596.6599731445312
robust,6,rollout/ep_len_mean,2531328,604.469970703125
robust,6,rollout/ep_len_mean,2539520,612.6900024414062
robust,6,rollout/ep_len_mean,2547712,613.1199951171875
robust,6,rollout/ep_len_mean,2555904,624.7000122070312
robust,6,rollout/ep_len_mean,2564096,633.1400146484375
robust,6,rollout/ep_len_mean,2572288,618.9600219726562
robust,6,rollout/ep_len_mean,2580480,585.9000244140625
robust,6,rollout/ep_len_mean,2588672,617.8099975585938
robust,6,rollout/ep_len_mean,2596864,604.260009765625
robust,6,rollout/ep_len_mean,2605056,588.02001953125
robust,6,rollout/ep_len_mean,2613248,568.0599975585938
robust,6,rollout/ep_len_mean,2621440,536.4600219726562
robust,6,rollout/ep_len_mean,2629632,581.739990234375
robust,6,rollout/ep_len_mean,2637824,586.6699829101562
robust,6,rollout/ep_len_mean,2646016,598.219970703125
robust,6,rollout/ep_len_mean,2654208,624.5599975585938
robust,6,rollout/ep_len_mean,2662400,646.6799926757812
robust,6,rollout/ep_len_mean,2670592,651.219970703125
robust,6,rollout/ep_len_mean,2678784,700.0700073242188
robust,6,rollout/ep_len_mean,2686976,680.5700073242188
robust,6,rollout/ep_len_mean,2695168,670.8699951171875
robust,6,rollout/ep_len_mean,2703360,620.6799926757812
robust,6,rollout/ep_len_mean,2711552,637.75
robust,6,rollout/ep_len_mean,2719744,627.72998046875
robust,6,rollout/ep_len_mean,2727936,632.5999755859375
robust,6,rollout/ep_len_mean,2736128,597.719970703125
robust,6,rollout/ep_len_mean,2744320,613.6699829101562
robust,6,rollout/ep_len_mean,2752512,608.0499877929688
robust,6,rollout/ep_len_mean,2760704,621.7100219726562
robust,6,rollout/ep_len_mean,2768896,682.5800170898438
robust,6,rollout/ep_len_mean,2777088,657.2000122070312
robust,6,rollout/ep_len_mean,2785280,655.1699829101562
robust,6,rollout/ep_len_mean,2793472,628.0999755859375
robust,6,rollout/ep_len_mean,2801664,651.47998046875
robust,6,rollout/ep_len_mean,2809856,646.3300170898438
robust,6,rollout/ep_len_mean,2818048,614.8599853515625
robust,6,rollout/ep_len_mean,2826240,609.8900146484375
robust,6,rollout/ep_len_mean,2834432,600.1500244140625
robust,6,rollout/ep_len_mean,2842624,608.469970703125
robust,6,rollout/ep_len_mean,2850816,605.530029296875
robust,6,rollout/ep_len_mean,2859008,601.6500244140625
robust,6,rollout/ep_len_mean,2867200,591.489990234375
robust,6,rollout/ep_len_mean,2875392,605.2899780273438
robust,6,rollout/ep_len_mean,2883584,629.22998046875
robust,6,rollout/ep_len_mean,2891776,589.3800048828125
robust,6,rollout/ep_len_mean,2899968,605.4000244140625
robust,6,rollout/ep_len_mean,2908160,580.9400024414062
robust,6,rollout/ep_len_mean,2916352,587.8900146484375
robust,6,rollout/ep_len_mean,2924544,605.530029296875
robust,6,rollout/ep_len_mean,2932736,612.5700073242188
robust,6,rollout/ep_len_mean,2940928,589.0900268554688
robust,6,rollout/ep_len_mean,2949120,603.5900268554688
robust,6,rollout/ep_len_mean,2957312,605.030029296875
robust,6,rollout/ep_len_mean,2965504,614.3599853515625
robust,6,rollout/ep_len_mean,2973696,637.0999755859375
robust,6,rollout/ep_len_mean,2981888,647.6799926757812
robust,6,rollout/ep_len_mean,2990080,654.739990234375
robust,6,rollout/ep_len_mean,2998272,677.4099731445312
robust,6,rollout/ep_len_mean,3006464,706.530029296875
robust,6,rollout/ep_len_mean,3014656,700.1900024414062
robust,6,rollout/ep_len_mean,3022848,653.7999877929688
robust,6,rollout/ep_len_mean,3031040,665.3800048828125
robust,6,rollout/ep_len_mean,3039232,649.4299926757812
robust,6,rollout/ep_len_mean,3047424,643.1699829101562
robust,6,rollout/ep_len_mean,3055616,628.8900146484375
robust,6,rollout/ep_len_mean,3063808,589.5800170898438
robust,6,rollout/ep_len_mean,3072000,600.2899780273438
robust,6,rollout/ep_len_mean,3080192,619.760009765625
robust,6,rollout/ep_len_mean,3088384,641.3800048828125
robust,6,rollout/ep_len_mean,3096576,628.3300170898438
robust,6,rollout/ep_len_mean,3104768,639.5800170898438
robust,6,rollout/ep_len_mean,3112960,667.22998046875
robust,6,rollout/ep_len_mean,3121152,681.5399780273438
robust,6,rollout/ep_len_mean,3129344,676.780029296875
robust,6,rollout/ep_len_mean,3137536,676.1599731445312
robust,6,rollout/ep_len_mean,3145728,653.2000122070312
robust,6,rollout/ep_len_mean,3153920,654.8900146484375
robust,6,rollout/ep_len_mean,3162112,662.0999755859375
robust,6,rollout/ep_len_mean,3170304,674.75
robust,6,rollout/ep_len_mean,3178496,612.9099731445312
robust,6,rollout/ep_len_mean,3186688,606.3400268554688
robust,6,rollout/ep_len_mean,3194880,599.6099853515625
robust,6,rollout/ep_len_mean,3203072,596.5700073242188
robust,6,rollout/ep_len_mean,3211264,578.72998046875
robust,6,rollout/ep_len_mean,3219456,565.8699951171875
robust,6,rollout/ep_len_mean,3227648,556.0
robust,6,rollout/ep_len_mean,3235840,573.1400146484375
robust,6,rollout/ep_len_mean,3244032,586.3400268554688
robust,6,rollout/ep_len_mean,3252224,598.8699951171875
robust,6,rollout/ep_len_mean,3260416,575.0800170898438
robust,6,rollout/ep_len_mean,3268608,578.6599731445312
robust,6,rollout/ep_len_mean,3276800,592.3499755859375
robust,6,rollout/ep_len_mean,3284992,598.9199829101562
robust,6,rollout/ep_len_mean,3293184,608.47998046875
robust,6,rollout/ep_len_mean,3301376,599.3300170898438
robust,6,rollout/ep_len_mean,3309568,583.75
robust,6,rollout/ep_len_mean,3317760,613.6400146484375
robust,6,rollout/ep_len_mean,3325952,624.2100219726562
robust,6,rollout/ep_len_mean,3334144,609.1199951171875
robust,6,rollout/ep_len_mean,3342336,627.27001953125
robust,6,rollout/ep_len_mean,3350528,605.1799926757812
robust,6,rollout/ep_len_mean,3358720,593.1400146484375
robust,6,rollout/ep_len_mean,3366912,605.530029296875
robust,6,rollout/ep_len_mean,3375104,618.2999877929688
robust,6,rollout/ep_len_mean,3383296,619.5700073242188
robust,6,rollout/ep_len_mean,3391488,615.9000244140625
robust,6,rollout/ep_len_mean,3399680,651.219970703125
robust,6,rollout/ep_len_mean,3407872,648.7000122070312
robust,6,rollout/ep_len_mean,3416064,657.6199951171875
robust,6,rollout/ep_len_mean,3424256,667.8499755859375
robust,6,rollout/ep_len_mean,3432448,659.0700073242188
robust,6,rollout/ep_len_mean,3440640,634.5
robust,6,rollout/ep_len_mean,3448832,664.530029296875
robust,6,rollout/ep_len_mean,3457024,679.760009765625
robust,6,rollout/ep_len_mean,3465216,669.1900024414062
robust,6,rollout/ep_len_mean,3473408,634.0999755859375
robust,6,rollout/ep_len_mean,3481600,601.5800170898438
robust,6,rollout/ep_len_mean,3489792,654.3400268554688
robust,6,rollout/ep_len_mean,3497984,663.6900024414062
robust,6,rollout/ep_len_mean,3506176,678.489990234375
robust,6,rollout/ep_len_mean,3514368,663.4500122070312
robust,6,rollout/ep_len_mean,3522560,662.1300048828125
robust,6,rollout/ep_len_mean,3530752,670.4299926757812
robust,6,rollout/ep_len_mean,3538944,677.8599853515625
robust,6,rollout/ep_len_mean,3547136,695.219970703125
robust,6,rollout/ep_len_mean,3555328,701.7100219726562
robust,6,rollout/ep_len_mean,3563520,685.8800048828125
robust,6,rollout/ep_len_mean,3571712,658.3699951171875
robust,6,rollout/ep_len_mean,3579904,659.6500244140625
robust,6,rollout/ep_len_mean,3588096,678.5900268554688
robust,6,rollout/ep_len_mean,3596288,672.0499877929688
robust,6,rollout/ep_len_mean,3604480,669.5599975585938
robust,6,rollout/ep_len_mean,3612672,665.9099731445312
robust,6,rollout/ep_len_mean,3620864,682.0800170898438
robust,6,rollout/ep_len_mean,3629056,668.9600219726562
robust,6,rollout/ep_len_mean,3637248,706.0900268554688
robust,6,rollout/ep_len_mean,3645440,708.75
robust,6,rollout/ep_len_mean,3653632,707.3300170898438
robust,6,rollout/ep_len_mean,3661824,687.9000244140625
robust,6,rollout/ep_len_mean,3670016,675.72998046875
robust,6,rollout/ep_len_mean,3678208,686.0900268554688
robust,6,rollout/ep_len_mean,3686400,670.0499877929688
robust,6,rollout/ep_len_mean,3694592,692.8300170898438
robust,6,rollout/ep_len_mean,3702784,675.6900024414062
robust,6,rollout/ep_len_mean,3710976,689.7100219726562
robust,6,rollout/ep_len_mean,3719168,707.0
robust,6,rollout/ep_len_mean,3727360,710.6900024414062
robust,6,rollout/ep_len_mean,3735552,703.4199829101562
robust,6,rollout/ep_len_mean,3743744,714.1300048828125
robust,6,rollout/ep_len_mean,3751936,738.1699829101562
robust,6,rollout/ep_len_mean,3760128,754.780029296875
robust,6,rollout/ep_len_mean,3768320,746.1300048828125
robust,6,rollout/ep_len_mean,3776512,726.8200073242188
robust,6,rollout/ep_len_mean,3784704,704.4000244140625
robust,6,rollout/ep_len_mean,3792896,673.9000244140625
robust,6,rollout/ep_len_mean,3801088,692.3800048828125
robust,6,rollout/ep_len_mean,3809280,711.5599975585938
robust,6,rollout/ep_len_mean,3817472,717.6799926757812
robust,6,rollout/ep_len_mean,3825664,715.239990234375
robust,6,rollout/ep_len_mean,3833856,702.8400268554688
robust,6,rollout/ep_len_mean,3842048,697.02001953125
robust,6,rollout/ep_len_mean,3850240,704.489990234375
robust,6,rollout/ep_len_mean,3858432,717.7899780273438
robust,6,rollout/ep_len_mean,3866624,694.3300170898438
robust,6,rollout/ep_len_mean,3874816,654.75
robust,6,rollout/ep_len_mean,3883008,608.489990234375
robust,6,rollout/ep_len_mean,3891200,626.6799926757812
robust,6,rollout/ep_len_mean,3899392,653.1400146484375
robust,6,rollout/ep_len_mean,3907584,613.3800048828125
robust,6,rollout/ep_len_mean,3915776,620.6699829101562
robust,6,rollout/ep_len_mean,3923968,598.030029296875
robust,6,rollout/ep_len_mean,3932160,629.0999755859375
robust,6,rollout/ep_len_mean,3940352,650.6900024414062
robust,6,rollout/ep_len_mean,3948544,627.010009765625
robust,6,rollout/ep_len_mean,3956736,624.9099731445312
robust,6,rollout/ep_len_mean,3964928,640.8200073242188
robust,6,rollout/ep_len_mean,3973120,669.0
robust,6,rollout/ep_len_mean,3981312,674.22998046875
robust,6,rollout/ep_len_mean,3989504,675.47998046875
robust,6,rollout/ep_len_mean,3997696,690.280029296875
robust,6,rollout/ep_len_mean,4005888,672.8099975585938
robust,6,rollout/ep_len_mean,4014080,690.8499755859375
robust,6,rollout/ep_len_mean,4022272,727.52001953125
robust,6,rollout/ep_len_mean,4030464,729.989990234375
robust,6,rollout/ep_len_mean,4038656,746.8699951171875
robust,6,rollout/ep_len_mean,4046848,731.4400024414062
robust,6,rollout/ep_len_mean,4055040,733.0700073242188
robust,6,rollout/ep_len_mean,4063232,745.8200073242188
robust,6,rollout/ep_len_mean,4071424,719.4400024414062
robust,6,rollout/ep_len_mean,4079616,730.1699829101562
robust,6,rollout/ep_len_mean,4087808,711.8300170898438
robust,6,rollout/ep_len_mean,4096000,680.4099731445312
robust,6,rollout/ep_len_mean,4104192,673.1400146484375
robust,6,rollout/ep_len_mean,4112384,670.6099853515625
robust,6,rollout/ep_len_mean,4120576,647.4400024414062
robust,6,rollout/ep_len_mean,4128768,649.9400024414062
robust,6,rollout/ep_len_mean,4136960,670.4500122070312
robust,6,rollout/ep_len_mean,4145152,706.010009765625
robust,6,rollout/ep_len_mean,4153344,707.0800170898438
robust,6,rollout/ep_len_mean,4161536,701.4500122070312
robust,6,rollout/ep_len_mean,4169728,720.2000122070312
robust,6,rollout/ep_len_mean,4177920,714.7899780273438
robust,6,rollout/ep_len_mean,4186112,717.1199951171875
robust,6,rollout/ep_len_mean,4194304,732.1300048828125
robust,6,rollout/ep_len_mean,4202496,722.9000244140625
robust,6,rollout/ep_len_mean,4210688,721.1099853515625
robust,6,rollout/ep_len_mean,4218880,707.9099731445312
robust,6,rollout/ep_len_mean,4227072,718.780029296875
robust,6,rollout/ep_len_mean,4235264,718.2000122070312
robust,6,rollout/ep_len_mean,4243456,723.7100219726562
robust,6,rollout/ep_len_mean,4251648,719.4500122070312
robust,6,rollout/ep_len_mean,4259840,736.5900268554688
robust,6,rollout/ep_len_mean,4268032,725.1799926757812
robust,6,rollout/ep_len_mean,4276224,739.739990234375
robust,6,rollout/ep_len_mean,4284416,728.8099975585938
robust,6,rollout/ep_len_mean,4292608,742.52001953125
robust,6,rollout/ep_len_mean,4300800,690.989990234375
robust,6,rollout/ep_len_mean,4308992,663.7100219726562
robust,6,rollout/ep_len_mean,4317184,666.8300170898438
robust,6,rollout/ep_len_mean,4325376,626.0499877929688
robust,6,rollout/ep_len_mean,4333568,598.6799926757812
robust,6,rollout/ep_len_mean,4341760,605.0399780273438
robust,6,rollout/ep_len_mean,4349952,588.6500244140625
robust,6,rollout/ep_len_mean,4358144,609.75
robust,6,rollout/ep_len_mean,4366336,639.3499755859375
robust,6,rollout/ep_len_mean,4374528,656.4000244140625
robust,6,rollout/ep_len_mean,4382720,633.1900024414062
robust,6,rollout/ep_len_mean,4390912,647.8599853515625
robust,6,rollout/ep_len_mean,4399104,676.22998046875
robust,6,rollout/ep_len_mean,4407296,667.4600219726562
robust,6,rollout/ep_len_mean,4415488,691.5999755859375
robust,6,rollout/ep_len_mean,4423680,703.0800170898438
robust,6,rollout/ep_len_mean,4431872,699.219970703125
robust,6,rollout/ep_len_mean,4440064,686.3599853515625
robust,6,rollout/ep_len_mean,4448256,712.260009765625
robust,6,rollout/ep_len_mean,4456448,708.1099853515625
robust,6,rollout/ep_len_mean,4464640,733.1599731445312
robust,6,rollout/ep_len_mean,4472832,725.3400268554688
robust,6,rollout/ep_len_mean,4481024,712.1300048828125
robust,6,rollout/ep_len_mean,4489216,708.75
robust,6,rollout/ep_len_mean,4497408,689.1900024414062
robust,6,rollout/ep_len_mean,4505600,707.02001953125
robust,6,rollout/ep_len_mean,4513792,735.6099853515625
robust,6,rollout/ep_len_mean,4521984,744.8099975585938
robust,6,rollout/ep_len_mean,4530176,750.1400146484375
robust,6,rollout/ep_len_mean,4538368,747.75
robust,6,rollout/ep_len_mean,4546560,744.5499877929688
robust,6,rollout/ep_len_mean,4554752,748.469970703125
robust,6,rollout/ep_len_mean,4562944,759.3800048828125
robust,6,rollout/ep_len_mean,4571136,772.0800170898438
robust,6,rollout/ep_len_mean,4579328,761.3400268554688
robust,6,rollout/ep_len_mean,4587520,721.219970703125
robust,6,rollout/ep_len_mean,4595712,708.5399780273438
robust,6,rollout/ep_len_mean,4603904,714.6699829101562
robust,6,rollout/ep_len_mean,4612096,707.489990234375
robust,6,rollout/ep_len_mean,4620288,711.469970703125
robust,6,rollout/ep_len_mean,4628480,692.030029296875
robust,6,rollout/ep_len_mean,4636672,690.47998046875
robust,6,rollout/ep_len_mean,4644864,692.4199829101562
robust,6,rollout/ep_len_mean,4653056,673.739990234375
robust,6,rollout/ep_len_mean,4661248,688.760009765625
robust,6,rollout/ep_len_mean,4669440,695.5599975585938
robust,6,rollout/ep_len_mean,4677632,668.0399780273438
robust,6,rollout/ep_len_mean,4685824,643.989990234375
robust,6,rollout/ep_len_mean,4694016,633.4299926757812
robust,6,rollout/ep_len_mean,4702208,648.77001953125
robust,6,rollout/ep_len_mean,4710400,640.8800048828125
robust,6,rollout/ep_len_mean,4718592,670.3499755859375
robust,6,rollout/ep_len_mean,4726784,679.2899780273438
robust,6,rollout/ep_len_mean,4734976,674.47998046875
robust,6,rollout/ep_len_mean,4743168,706.4500122070312
robust,6,rollout/ep_len_mean,4751360,695.5
robust,6,rollout/ep_len_mean,4759552,705.489990234375
robust,6,rollout/ep_len_mean,4767744,723.8300170898438
robust,6,rollout/ep_len_mean,4775936,694.3300170898438
robust,6,rollout/ep_len_mean,4784128,683.3300170898438
robust,6,rollout/ep_len_mean,4792320,662.5599975585938
robust,6,rollout/ep_len_mean,4800512,657.1599731445312
robust,6,rollout/ep_len_mean,4808704,643.7100219726562
robust,6,rollout/ep_len_mean,4816896,674.5599975585938
robust,6,rollout/ep_len_mean,4825088,688.2999877929688
robust,6,rollout/ep_len_mean,4833280,680.719970703125
robust,6,rollout/ep_len_mean,4841472,680.8300170898438
robust,6,rollout/ep_len_mean,4849664,696.1400146484375
robust,6,rollout/ep_len_mean,4857856,685.9600219726562
robust,6,rollout/ep_len_mean,4866048,686.0800170898438
robust,6,rollout/ep_len_mean,4874240,719.3200073242188
robust,6,rollout/ep_len_mean,4882432,720.3499755859375
robust,6,rollout/ep_len_mean,4890624,707.3099975585938
robust,6,rollout/ep_len_mean,4898816,707.6500244140625
robust,6,rollout/ep_len_mean,4907008,716.3599853515625
robust,6,rollout/ep_len_mean,4915200,705.7000122070312
robust,6,rollout/ep_len_mean,4923392,720.4099731445312
robust,6,rollout/ep_len_mean,4931584,702.8699951171875
robust,6,rollout/ep_len_mean,4939776,695.27001953125
robust,6,rollout/ep_len_mean,4947968,675.5800170898438
robust,6,rollout/ep_len_mean,4956160,686.989990234375
robust,6,rollout/ep_len_mean,4964352,699.4199829101562
robust,6,rollout/ep_len_mean,4972544,712.6500244140625
robust,6,rollout/ep_len_mean,4980736,704.02001953125
robust,6,rollout/ep_len_mean,4988928,692.77001953125
robust,6,rollout/ep_len_mean,4997120,679.6699829101562
robust,6,rollout/ep_len_mean,5005312,683.1199951171875
robust,6,train/approx_kl,16384,0.01892521046102047
robust,6,train/approx_kl,24576,0.014671866782009602
robust,6,train/approx_kl,32768,0.019273119047284126
robust,6,train/approx_kl,40960,0.017130838707089424
robust,6,train/approx_kl,49152,0.017601456493139267
robust,6,train/approx_kl,57344,0.018578743562102318
robust,6,train/approx_kl,65536,0.019231678918004036
robust,6,train/approx_kl,73728,0.019539155066013336
robust,6,train/approx_kl,81920,0.020835954695940018
robust,6,train/approx_kl,90112,0.018806546926498413
robust,6,train/approx_kl,98304,0.018498355522751808
robust,6,train/approx_kl,106496,0.017625410109758377
robust,6,train/approx_kl,114688,0.01816418208181858
robust,6,train/approx_kl,122880,0.021728424355387688
robust,6,train/approx_kl,131072,0.017733903601765633
robust,6,train/approx_kl,139264,0.01648389734327793
robust,6,train/approx_kl,147456,0.021002719178795815
robust,6,train/approx_kl,155648,0.012789873406291008
robust,6,train/approx_kl,163840,0.021159633994102478
robust,6,train/approx_kl,172032,0.021149199455976486
robust,6,train/approx_kl,180224,0.021356962621212006
robust,6,train/approx_kl,188416,0.022657426074147224
robust,6,train/approx_kl,196608,0.0230859462171793
robust,6,train/approx_kl,204800,0.020274406298995018
robust,6,train/approx_kl,212992,0.02307802252471447
robust,6,train/approx_kl,221184,0.021500039845705032
robust,6,train/approx_kl,229376,0.02136983536183834
robust,6,train/approx_kl,237568,0.012781040742993355
robust,6,train/approx_kl,245760,0.022994255647063255
robust,6,train/approx_kl,253952,0.01956113427877426
robust,6,train/approx_kl,262144,0.011518261395394802
robust,6,train/approx_kl,270336,0.02227318286895752
robust,6,train/approx_kl,278528,0.012574286200106144
robust,6,train/approx_kl,286720,0.021543627604842186
robust,6,train/approx_kl,294912,0.013398409821093082
robust,6,train/approx_kl,303104,0.012686662375926971
robust,6,train/approx_kl,311296,0.023468418046832085
robust,6,train/approx_kl,319488,0.013443296775221825
robust,6,train/approx_kl,327680,0.01172935776412487
robust,6,train/approx_kl,335872,0.013187510892748833
robust,6,train/approx_kl,344064,0.0143120177090168
robust,6,train/approx_kl,352256,0.01350676454603672
robust,6,train/approx_kl,360448,0.010027887299656868
robust,6,train/approx_kl,368640,0.01004080381244421
robust,6,train/approx_kl,376832,0.02399040386080742
robust,6,train/approx_kl,385024,0.012492699548602104
robust,6,train/approx_kl,393216,0.013108117505908012
robust,6,train/approx_kl,401408,0.01357943844050169
robust,6,train/approx_kl,409600,0.012050285004079342
robust,6,train/approx_kl,417792,0.011669602245092392
robust,6,train/approx_kl,425984,0.02510097250342369
robust,6,train/approx_kl,434176,0.010760230012238026
robust,6,train/approx_kl,442368,0.02320362627506256
robust,6,train/approx_kl,450560,0.012284421361982822
robust,6,train/approx_kl,458752,0.02058989182114601
robust,6,train/approx_kl,466944,0.012535693123936653
robust,6,train/approx_kl,475136,0.01394148264080286
robust,6,train/approx_kl,483328,0.012023849412798882
robust,6,train/approx_kl,491520,0.013445762917399406
robust,6,train/approx_kl,499712,0.015210216864943504
robust,6,train/approx_kl,507904,0.014400600455701351
robust,6,train/approx_kl,516096,0.011253546923398972
robust,6,train/approx_kl,524288,0.013897554017603397
robust,6,train/approx_kl,532480,0.008850672282278538
robust,6,train/approx_kl,540672,0.011615968309342861
robust,6,train/approx_kl,548864,0.012128690257668495
robust,6,train/approx_kl,557056,0.014508990570902824
robust,6,train/approx_kl,565248,0.014031244441866875
robust,6,train/approx_kl,573440,0.015398373827338219
robust,6,train/approx_kl,581632,0.011716784909367561
robust,6,train/approx_kl,589824,0.009545234963297844
robust,6,train/approx_kl,598016,0.014940566383302212
robust,6,train/approx_kl,606208,0.01053045503795147
robust,6,train/approx_kl,614400,0.015302265994250774
robust,6,train/approx_kl,622592,0.014626254327595234
robust,6,train/approx_kl,630784,0.013093461282551289
robust,6,train/approx_kl,638976,0.012172801420092583
robust,6,train/approx_kl,647168,0.010878514498472214
robust,6,train/approx_kl,655360,0.014185589738190174
robust,6,train/approx_kl,663552,0.012462479993700981
robust,6,train/approx_kl,671744,0.014243803918361664
robust,6,train/approx_kl,679936,0.015152746811509132
robust,6,train/approx_kl,688128,0.01199818029999733
robust,6,train/approx_kl,696320,0.011420113034546375
robust,6,train/approx_kl,704512,0.010116777382791042
robust,6,train/approx_kl,712704,0.011598007753491402
robust,6,train/approx_kl,720896,0.012151836417615414
robust,6,train/approx_kl,729088,0.01475866325199604
robust,6,train/approx_kl,737280,0.014695447869598866
robust,6,train/approx_kl,745472,0.012739758938550949
robust,6,train/approx_kl,753664,0.009407464414834976
robust,6,train/approx_kl,761856,0.013021159917116165
robust,6,train/approx_kl,770048,0.013759938068687916
robust,6,train/approx_kl,778240,0.011003402993083
robust,6,train/approx_kl,786432,0.012642839923501015
robust,6,train/approx_kl,794624,0.011838809587061405
robust,6,train/approx_kl,802816,0.013634564355015755
robust,6,train/approx_kl,811008,0.014951750636100769
robust,6,train/approx_kl,819200,0.011285980232059956
robust,6,train/approx_kl,827392,0.015902938321232796
robust,6,train/approx_kl,835584,0.014421775937080383
robust,6,train/approx_kl,843776,0.0153275765478611
robust,6,train/approx_kl,851968,0.015159886330366135
robust,6,train/approx_kl,860160,0.010284139774739742
robust,6,train/approx_kl,868352,0.014481033198535442
robust,6,train/approx_kl,876544,0.015551959164440632
robust,6,train/approx_kl,884736,0.014685412868857384
robust,6,train/approx_kl,892928,0.012408378534018993
robust,6,train/approx_kl,901120,0.015552776865661144
robust,6,train/approx_kl,909312,0.014500170946121216
robust,6,train/approx_kl,917504,0.01308741420507431
robust,6,train/approx_kl,925696,0.01422199234366417
robust,6,train/approx_kl,933888,0.012304714880883694
robust,6,train/approx_kl,942080,0.009589203633368015
robust,6,train/approx_kl,950272,0.013988196849822998
robust,6,train/approx_kl,958464,0.014634309336543083
robust,6,train/approx_kl,966656,0.013494638726115227
robust,6,train/approx_kl,974848,0.011951945722103119
robust,6,train/approx_kl,983040,0.014781338162720203
robust,6,train/approx_kl,991232,0.01267856266349554
robust,6,train/approx_kl,999424,0.014955977909266949
robust,6,train/approx_kl,1007616,0.011266171932220459
robust,6,train/approx_kl,1015808,0.013044898398220539
robust,6,train/approx_kl,1024000,0.014593887142837048
robust,6,train/approx_kl,1032192,0.014628894627094269
robust,6,train/approx_kl,1040384,0.014873397536575794
robust,6,train/approx_kl,1048576,0.01477648876607418
robust,6,train/approx_kl,1056768,0.013482414186000824
robust,6,train/approx_kl,1064960,0.01601174846291542
robust,6,train/approx_kl,1073152,0.015009582042694092
robust,6,train/approx_kl,1081344,0.014517683535814285
robust,6,train/approx_kl,1089536,0.013033437542617321
robust,6,train/approx_kl,1097728,0.013272198848426342
robust,6,train/approx_kl,1105920,0.03607454150915146
robust,6,train/approx_kl,1114112,0.009702778421342373
robust,6,train/approx_kl,1122304,0.010990135371685028
robust,6,train/approx_kl,1130496,0.011284596286714077
robust,6,train/approx_kl,1138688,0.012106732465326786
robust,6,train/approx_kl,1146880,0.013664309866726398
robust,6,train/approx_kl,1155072,0.014307348988950253
robust,6,train/approx_kl,1163264,0.014467750675976276
robust,6,train/approx_kl,1171456,0.01241326704621315
robust,6,train/approx_kl,1179648,0.013267381116747856
robust,6,train/approx_kl,1187840,0.01249720435589552
robust,6,train/approx_kl,1196032,0.011961853131651878
robust,6,train/approx_kl,1204224,0.011722984723746777
robust,6,train/approx_kl,1212416,0.013417520560324192
robust,6,train/approx_kl,1220608,0.013271898031234741
robust,6,train/approx_kl,1228800,0.01650306023657322
robust,6,train/approx_kl,1236992,0.013025728054344654
robust,6,train/approx_kl,1245184,0.010619317181408405
robust,6,train/approx_kl,1253376,0.01377292163670063
robust,6,train/approx_kl,1261568,0.013579991646111012
robust,6,train/approx_kl,1269760,0.013964199461042881
robust,6,train/approx_kl,1277952,0.014149981550872326
robust,6,train/approx_kl,1286144,0.012571695260703564
robust,6,train/approx_kl,1294336,0.012551509775221348
robust,6,train/approx_kl,1302528,0.010982859879732132
robust,6,train/approx_kl,1310720,0.009439372457563877
robust,6,train/approx_kl,1318912,0.012715150602161884
robust,6,train/approx_kl,1327104,0.012752504087984562
robust,6,train/approx_kl,1335296,0.014150178991258144
robust,6,train/approx_kl,1343488,0.012030990794301033
robust,6,train/approx_kl,1351680,0.011421130038797855
robust,6,train/approx_kl,1359872,0.011447385884821415
robust,6,train/approx_kl,1368064,0.010971279814839363
robust,6,train/approx_kl,1376256,0.013911974616348743
robust,6,train/approx_kl,1384448,0.011427394114434719
robust,6,train/approx_kl,1392640,0.011859416961669922
robust,6,train/approx_kl,1400832,0.013790175318717957
robust,6,train/approx_kl,1409024,0.012775195762515068
robust,6,train/approx_kl,1417216,0.015704769641160965
robust,6,train/approx_kl,1425408,0.012938737869262695
robust,6,train/approx_kl,1433600,0.011773746460676193
robust,6,train/approx_kl,1441792,0.01417521107941866
robust,6,train/approx_kl,1449984,0.011776972562074661
robust,6,train/approx_kl,1458176,0.011643385514616966
robust,6,train/approx_kl,1466368,0.011652749963104725
robust,6,train/approx_kl,1474560,0.01191939227283001
robust,6,train/approx_kl,1482752,0.012622812762856483
robust,6,train/approx_kl,1490944,0.013932226225733757
robust,6,train/approx_kl,1499136,0.011846039444208145
robust,6,train/approx_kl,1507328,0.013885565102100372
robust,6,train/approx_kl,1515520,0.013314330950379372
robust,6,train/approx_kl,1523712,0.014469929970800877
robust,6,train/approx_kl,1531904,0.012041956186294556
robust,6,train/approx_kl,1540096,0.009733009152114391
robust,6,train/approx_kl,1548288,0.01552687119692564
robust,6,train/approx_kl,1556480,0.013455175794661045
robust,6,train/approx_kl,1564672,0.013154717162251472
robust,6,train/approx_kl,1572864,0.013077334500849247
robust,6,train/approx_kl,1581056,0.015377060510218143
robust,6,train/approx_kl,1589248,0.013560262508690357
robust,6,train/approx_kl,1597440,0.014743921346962452
robust,6,train/approx_kl,1605632,0.013893351890146732
robust,6,train/approx_kl,1613824,0.014605213887989521
robust,6,train/approx_kl,1622016,0.014728538691997528
robust,6,train/approx_kl,1630208,0.013941964134573936
robust,6,train/approx_kl,1638400,0.014334820210933685
robust,6,train/approx_kl,1646592,0.013891073875129223
robust,6,train/approx_kl,1654784,0.013791166245937347
robust,6,train/approx_kl,1662976,0.014102816581726074
robust,6,train/approx_kl,1671168,0.014343860559165478
robust,6,train/approx_kl,1679360,0.013046737760305405
robust,6,train/approx_kl,1687552,0.015001446940004826
robust,6,train/approx_kl,1695744,0.014323434792459011
robust,6,train/approx_kl,1703936,0.011144296266138554
robust,6,train/approx_kl,1712128,0.013390867039561272
robust,6,train/approx_kl,1720320,0.011724965646862984
robust,6,train/approx_kl,1728512,0.012526378035545349
robust,6,train/approx_kl,1736704,0.011232671327888966
robust,6,train/approx_kl,1744896,0.012787860818207264
robust,6,train/approx_kl,1753088,0.0116455452516675
robust,6,train/approx_kl,1761280,0.008577018044888973
robust,6,train/approx_kl,1769472,0.012692161835730076
robust,6,train/approx_kl,1777664,0.01036263257265091
robust,6,train/approx_kl,1785856,0.01252678781747818
robust,6,train/approx_kl,1794048,0.015290111303329468
robust,6,train/approx_kl,1802240,0.009810425341129303
robust,6,train/approx_kl,1810432,0.01435796171426773
robust,6,train/approx_kl,1818624,0.013326325453817844
robust,6,train/approx_kl,1826816,0.010890376754105091
robust,6,train/approx_kl,1835008,0.014446642249822617
robust,6,train/approx_kl,1843200,0.011489317752420902
robust,6,train/approx_kl,1851392,0.012578281573951244
robust,6,train/approx_kl,1859584,0.011214173398911953
robust,6,train/approx_kl,1867776,0.01351741049438715
robust,6,train/approx_kl,1875968,0.012145563028752804
robust,6,train/approx_kl,1884160,0.015215392224490643
robust,6,train/approx_kl,1892352,0.012261650525033474
robust,6,train/approx_kl,1900544,0.009371461346745491
robust,6,train/approx_kl,1908736,0.011725022457540035
robust,6,train/approx_kl,1916928,0.013495095074176788
robust,6,train/approx_kl,1925120,0.013539561070501804
robust,6,train/approx_kl,1933312,0.013091953471302986
robust,6,train/approx_kl,1941504,0.012463071383535862
robust,6,train/approx_kl,1949696,0.00963294692337513
robust,6,train/approx_kl,1957888,0.012071692384779453
robust,6,train/approx_kl,1966080,0.013952815905213356
robust,6,train/approx_kl,1974272,0.01449807919561863
robust,6,train/approx_kl,1982464,0.012405727058649063
robust,6,train/approx_kl,1990656,0.013516262173652649
robust,6,train/approx_kl,1998848,0.013665806502103806
robust,6,train/approx_kl,2007040,0.012053714133799076
robust,6,train/approx_kl,2015232,0.014734335243701935
robust,6,train/approx_kl,2023424,0.02436182089149952
robust,6,train/approx_kl,2031616,0.021688349545001984
robust,6,train/approx_kl,2039808,0.014649899676442146
robust,6,train/approx_kl,2048000,0.011118634603917599
robust,6,train/approx_kl,2056192,0.014101134613156319
robust,6,train/approx_kl,2064384,0.013263222761452198
robust,6,train/approx_kl,2072576,0.01322021521627903
robust,6,train/approx_kl,2080768,0.015599267557263374
robust,6,train/approx_kl,2088960,0.013302057981491089
robust,6,train/approx_kl,2097152,0.012158717028796673
robust,6,train/approx_kl,2105344,0.013838759623467922
robust,6,train/approx_kl,2113536,0.01222857367247343
robust,6,train/approx_kl,2121728,0.013633999973535538
robust,6,train/approx_kl,2129920,0.013079757802188396
robust,6,train/approx_kl,2138112,0.01400671899318695
robust,6,train/approx_kl,2146304,0.013087470084428787
robust,6,train/approx_kl,2154496,0.01642756536602974
robust,6,train/approx_kl,2162688,0.008037607185542583
robust,6,train/approx_kl,2170880,0.01397598348557949
robust,6,train/approx_kl,2179072,0.014235549606382847
robust,6,train/approx_kl,2187264,0.015508671291172504
robust,6,train/approx_kl,2195456,0.028325160965323448
robust,6,train/approx_kl,2203648,0.013817230239510536
robust,6,train/approx_kl,2211840,0.012803321704268456
robust,6,train/approx_kl,2220032,0.02379734255373478
robust,6,train/approx_kl,2228224,0.01343469601124525
robust,6,train/approx_kl,2236416,0.014104337431490421
robust,6,train/approx_kl,2244608,0.011209717951714993
robust,6,train/approx_kl,2252800,0.012076889164745808
robust,6,train/approx_kl,2260992,0.013970068655908108
robust,6,train/approx_kl,2269184,0.015473445877432823
robust,6,train/approx_kl,2277376,0.01190237794071436
robust,6,train/approx_kl,2285568,0.013588842935860157
robust,6,train/approx_kl,2293760,0.00744700338691473
robust,6,train/approx_kl,2301952,0.012535445392131805
robust,6,train/approx_kl,2310144,0.014020755887031555
robust,6,train/approx_kl,2318336,0.014781027100980282
robust,6,train/approx_kl,2326528,0.014054066501557827
robust,6,train/approx_kl,2334720,0.012130813673138618
robust,6,train/approx_kl,2342912,0.008047114126384258
robust,6,train/approx_kl,2351104,0.012944075278937817
robust,6,train/approx_kl,2359296,0.011384163983166218
robust,6,train/approx_kl,2367488,0.012189749628305435
robust,6,train/approx_kl,2375680,0.01177148800343275
robust,6,train/approx_kl,2383872,0.010837391018867493
robust,6,train/approx_kl,2392064,0.012011390179395676
robust,6,train/approx_kl,2400256,0.013864824548363686
robust,6,train/approx_kl,2408448,0.012158327735960484
robust,6,train/approx_kl,2416640,0.013499918393790722
robust,6,train/approx_kl,2424832,0.014148878864943981
robust,6,train/approx_kl,2433024,0.012303605675697327
robust,6,train/approx_kl,2441216,0.02254897728562355
robust,6,train/approx_kl,2449408,0.01563723012804985
robust,6,train/approx_kl,2457600,0.013728576712310314
robust,6,train/approx_kl,2465792,0.013242345303297043
robust,6,train/approx_kl,2473984,0.01190192811191082
robust,6,train/approx_kl,2482176,0.015346450731158257
robust,6,train/approx_kl,2490368,0.01385417953133583
robust,6,train/approx_kl,2498560,0.014912820421159267
robust,6,train/approx_kl,2506752,0.012525449506938457
robust,6,train/approx_kl,2514944,0.012942220084369183
robust,6,train/approx_kl,2523136,0.011203628964722157
robust,6,train/approx_kl,2531328,0.013580289669334888
robust,6,train/approx_kl,2539520,0.025032080709934235
robust,6,train/approx_kl,2547712,0.015288722701370716
robust,6,train/approx_kl,2555904,0.014640630222856998
robust,6,train/approx_kl,2564096,0.015051493421196938
robust,6,train/approx_kl,2572288,0.011411438696086407
robust,6,train/approx_kl,2580480,0.015203404240310192
robust,6,train/approx_kl,2588672,0.010248092003166676
robust,6,train/approx_kl,2596864,0.007359911687672138
robust,6,train/approx_kl,2605056,0.012877445667982101
robust,6,train/approx_kl,2613248,0.014712843112647533
robust,6,train/approx_kl,2621440,0.01573883555829525
robust,6,train/approx_kl,2629632,0.027411099523305893
robust,6,train/approx_kl,2637824,0.013486267998814583
robust,6,train/approx_kl,2646016,0.02570222318172455
robust,6,train/approx_kl,2654208,0.019012585282325745
robust,6,train/approx_kl,2662400,0.012325913645327091
robust,6,train/approx_kl,2670592,0.015939701348543167
robust,6,train/approx_kl,2678784,0.013554573059082031
robust,6,train/approx_kl,2686976,0.011122317984700203
robust,6,train/approx_kl,2695168,0.013953614048659801
robust,6,train/approx_kl,2703360,0.013064824976027012
robust,6,train/approx_kl,2711552,0.0137386629357934
robust,6,train/approx_kl,2719744,0.014684412628412247
robust,6,train/approx_kl,2727936,0.013446567580103874
robust,6,train/approx_kl,2736128,0.01492873765528202
robust,6,train/approx_kl,2744320,0.014223515056073666
robust,6,train/approx_kl,2752512,0.014682989567518234
robust,6,train/approx_kl,2760704,0.015715807676315308
robust,6,train/approx_kl,2768896,0.009869927540421486
robust,6,train/approx_kl,2777088,0.01236958522349596
robust,6,train/approx_kl,2785280,0.011879254132509232
robust,6,train/approx_kl,2793472,0.013868715614080429
robust,6,train/approx_kl,2801664,0.013068721629679203
robust,6,train/approx_kl,2809856,0.014881638810038567
robust,6,train/approx_kl,2818048,0.013538003899157047
robust,6,train/approx_kl,2826240,0.014490523375570774
robust,6,train/approx_kl,2834432,0.014170752838253975
robust,6,train/approx_kl,2842624,0.013987239450216293
robust,6,train/approx_kl,2850816,0.008895330131053925
robust,6,train/approx_kl,2859008,0.01540110632777214
robust,6,train/approx_kl,2867200,0.011243635788559914
robust,6,train/approx_kl,2875392,0.011290458030998707
robust,6,train/approx_kl,2883584,0.01406219881027937
robust,6,train/approx_kl,2891776,0.012030060403048992
robust,6,train/approx_kl,2899968,0.014840427786111832
robust,6,train/approx_kl,2908160,0.009980862960219383
robust,6,train/approx_kl,2916352,0.01104858610779047
robust,6,train/approx_kl,2924544,0.01064357627183199
robust,6,train/approx_kl,2932736,0.013667234219610691
robust,6,train/approx_kl,2940928,0.012102027423679829
robust,6,train/approx_kl,2949120,0.014876367524266243
robust,6,train/approx_kl,2957312,0.014147977344691753
robust,6,train/approx_kl,2965504,0.014749407768249512
robust,6,train/approx_kl,2973696,0.015182270668447018
robust,6,train/approx_kl,2981888,0.010922257788479328
robust,6,train/approx_kl,2990080,0.011779497377574444
robust,6,train/approx_kl,2998272,0.011219268664717674
robust,6,train/approx_kl,3006464,0.013309270143508911
robust,6,train/approx_kl,3014656,0.0160965733230114
robust,6,train/approx_kl,3022848,0.011992267332971096
robust,6,train/approx_kl,3031040,0.011242096312344074
robust,6,train/approx_kl,3039232,0.010663219727575779
robust,6,train/approx_kl,3047424,0.013743159361183643
robust,6,train/approx_kl,3055616,0.01249619759619236
robust,6,train/approx_kl,3063808,0.024762175977230072
robust,6,train/approx_kl,3072000,0.013397732749581337
robust,6,train/approx_kl,3080192,0.013563900254666805
robust,6,train/approx_kl,3088384,0.01235879585146904
robust,6,train/approx_kl,3096576,0.014270232059061527
robust,6,train/approx_kl,3104768,0.012291056104004383
robust,6,train/approx_kl,3112960,0.01439338456839323
robust,6,train/approx_kl,3121152,0.0339905247092247
robust,6,train/approx_kl,3129344,0.01059736218303442
robust,6,train/approx_kl,3137536,0.01438055094331503
robust,6,train/approx_kl,3145728,0.01385139673948288
robust,6,train/approx_kl,3153920,0.01365266926586628
robust,6,train/approx_kl,3162112,0.03099830076098442
robust,6,train/approx_kl,3170304,0.01260978914797306
robust,6,train/approx_kl,3178496,0.011919255368411541
robust,6,train/approx_kl,3186688,0.012491240166127682
robust,6,train/approx_kl,3194880,0.012478244490921497
robust,6,train/approx_kl,3203072,0.012722295708954334
robust,6,train/approx_kl,3211264,0.01356196403503418
robust,6,train/approx_kl,3219456,0.012409325689077377
robust,6,train/approx_kl,3227648,0.013103405945003033
robust,6,train/approx_kl,3235840,0.014446075074374676
robust,6,train/approx_kl,3244032,0.014243687503039837
robust,6,train/approx_kl,3252224,0.010245610028505325
robust,6,train/approx_kl,3260416,0.013571050018072128
robust,6,train/approx_kl,3268608,0.011063930578529835
robust,6,train/approx_kl,3276800,0.01127608586102724
robust,6,train/approx_kl,3284992,0.02522088587284088
robust,6,train/approx_kl,3293184,0.011352326720952988
robust,6,train/approx_kl,3301376,0.013592603616416454
robust,6,train/approx_kl,3309568,0.013965741731226444
robust,6,train/approx_kl,3317760,0.013126933947205544
robust,6,train/approx_kl,3325952,0.012240261770784855
robust,6,train/approx_kl,3334144,0.024091070517897606
robust,6,train/approx_kl,3342336,0.014929200522601604
robust,6,train/approx_kl,3350528,0.020917396992444992
robust,6,train/approx_kl,3358720,0.01510730478912592
robust,6,train/approx_kl,3366912,0.01279543898999691
robust,6,train/approx_kl,3375104,0.023423893377184868
robust,6,train/approx_kl,3383296,0.01305812131613493
robust,6,train/approx_kl,3391488,0.013020993210375309
robust,6,train/approx_kl,3399680,0.010632853023707867
robust,6,train/approx_kl,3407872,0.013922537676990032
robust,6,train/approx_kl,3416064,0.01017586700618267
robust,6,train/approx_kl,3424256,0.022725993767380714
robust,6,train/approx_kl,3432448,0.021184882149100304
robust,6,train/approx_kl,3440640,0.013735261745750904
robust,6,train/approx_kl,3448832,0.011453747749328613
robust,6,train/approx_kl,3457024,0.031003214418888092
robust,6,train/approx_kl,3465216,0.01439699623733759
robust,6,train/approx_kl,3473408,0.012910370714962482
robust,6,train/approx_kl,3481600,0.015490050427615643
robust,6,train/approx_kl,3489792,0.010412999428808689
robust,6,train/approx_kl,3497984,0.013561190105974674
robust,6,train/approx_kl,3506176,0.014601592905819416
robust,6,train/approx_kl,3514368,0.013275706209242344
robust,6,train/approx_kl,3522560,0.013119891285896301
robust,6,train/approx_kl,3530752,0.0189503263682127
robust,6,train/approx_kl,3538944,0.018355710431933403
robust,6,train/approx_kl,3547136,0.013258522376418114
robust,6,train/approx_kl,3555328,0.011668331921100616
robust,6,train/approx_kl,3563520,0.012043698690831661
robust,6,train/approx_kl,3571712,0.012708627618849277
robust,6,train/approx_kl,3579904,0.012855303473770618
robust,6,train/approx_kl,3588096,0.013073693960905075
robust,6,train/approx_kl,3596288,0.012151612900197506
robust,6,train/approx_kl,3604480,0.011373670771718025
robust,6,train/approx_kl,3612672,0.008355899713933468
robust,6,train/approx_kl,3620864,0.021680889651179314
robust,6,train/approx_kl,3629056,0.013043148443102837
robust,6,train/approx_kl,3637248,0.02347191981971264
robust,6,train/approx_kl,3645440,0.021232005208730698
robust,6,train/approx_kl,3653632,0.011938736774027348
robust,6,train/approx_kl,3661824,0.021044844761490822
robust,6,train/approx_kl,3670016,0.01383122056722641
robust,6,train/approx_kl,3678208,0.012793277390301228
robust,6,train/approx_kl,3686400,0.011505356058478355
robust,6,train/approx_kl,3694592,0.021956151351332664
robust,6,train/approx_kl,3702784,0.020619483664631844
robust,6,train/approx_kl,3710976,0.012932703830301762
robust,6,train/approx_kl,3719168,0.01333526149392128
robust,6,train/approx_kl,3727360,0.012758314609527588
robust,6,train/approx_kl,3735552,0.012418105266988277
robust,6,train/approx_kl,3743744,0.013090836815536022
robust,6,train/approx_kl,3751936,0.012947690673172474
robust,6,train/approx_kl,3760128,0.012747426517307758
robust,6,train/approx_kl,3768320,0.012219451367855072
robust,6,train/approx_kl,3776512,0.01485689077526331
robust,6,train/approx_kl,3784704,0.013187382370233536
robust,6,train/approx_kl,3792896,0.012287726625800133
robust,6,train/approx_kl,3801088,0.014253946952521801
robust,6,train/approx_kl,3809280,0.035110410302877426
robust,6,train/approx_kl,3817472,0.03013411909341812
robust,6,train/approx_kl,3825664,0.012899965047836304
robust,6,train/approx_kl,3833856,0.01386968418955803
robust,6,train/approx_kl,3842048,0.012605852447450161
robust,6,train/approx_kl,3850240,0.012470101937651634
robust,6,train/approx_kl,3858432,0.02468860149383545
robust,6,train/approx_kl,3866624,0.012180316261947155
robust,6,train/approx_kl,3874816,0.01410332415252924
robust,6,train/approx_kl,3883008,0.01327162329107523
robust,6,train/approx_kl,3891200,0.020063452422618866
robust,6,train/approx_kl,3899392,0.018863830715417862
robust,6,train/approx_kl,3907584,0.01252509281039238
robust,6,train/approx_kl,3915776,0.02374741993844509
robust,6,train/approx_kl,3923968,0.015737121924757957
robust,6,train/approx_kl,3932160,0.01929936371743679
robust,6,train/approx_kl,3940352,0.010901699773967266
robust,6,train/approx_kl,3948544,0.020304040983319283
robust,6,train/approx_kl,3956736,0.012440727092325687
robust,6,train/approx_kl,3964928,0.019786471500992775
robust,6,train/approx_kl,3973120,0.020314408466219902
robust,6,train/approx_kl,3981312,0.013543130829930305
robust,6,train/approx_kl,3989504,0.01100989244878292
robust,6,train/approx_kl,3997696,0.0102232089266181
robust,6,train/approx_kl,4005888,0.018066760152578354
robust,6,train/approx_kl,4014080,0.023940913379192352
robust,6,train/approx_kl,4022272,0.01799049973487854
robust,6,train/approx_kl,4030464,0.017653828486800194
robust,6,train/approx_kl,4038656,0.021721135824918747
robust,6,train/approx_kl,4046848,0.019956301897764206
robust,6,train/approx_kl,4055040,0.011884632520377636
robust,6,train/approx_kl,4063232,0.02144247479736805
robust,6,train/approx_kl,4071424,0.01910160481929779
robust,6,train/approx_kl,4079616,0.012894892133772373
robust,6,train/approx_kl,4087808,0.021556297317147255
robust,6,train/approx_kl,4096000,0.0093528488650918
robust,6,train/approx_kl,4104192,0.017032181844115257
robust,6,train/approx_kl,4112384,0.011776527389883995
robust,6,train/approx_kl,4120576,0.012632923200726509
robust,6,train/approx_kl,4128768,0.013442473486065865
robust,6,train/approx_kl,4136960,0.01213337667286396
robust,6,train/approx_kl,4145152,0.011201269924640656
robust,6,train/approx_kl,4153344,0.01330069825053215
robust,6,train/approx_kl,4161536,0.014318376779556274
robust,6,train/approx_kl,4169728,0.019106436520814896
robust,6,train/approx_kl,4177920,0.010445263236761093
robust,6,train/approx_kl,4186112,0.01958153210580349
robust,6,train/approx_kl,4194304,0.0187382809817791
robust,6,train/approx_kl,4202496,0.012487633153796196
robust,6,train/approx_kl,4210688,0.02254517562687397
robust,6,train/approx_kl,4218880,0.020366322249174118
robust,6,train/approx_kl,4227072,0.013528350740671158
robust,6,train/approx_kl,4235264,0.01902841404080391
robust,6,train/approx_kl,4243456,0.01867755316197872
robust,6,train/approx_kl,4251648,0.011205801740288734
robust,6,train/approx_kl,4259840,0.020538052543997765
robust,6,train/approx_kl,4268032,0.018895214423537254
robust,6,train/approx_kl,4276224,0.026744959875941277
robust,6,train/approx_kl,4284416,0.013226624578237534
robust,6,train/approx_kl,4292608,0.011293879710137844
robust,6,train/approx_kl,4300800,0.01903138868510723
robust,6,train/approx_kl,4308992,0.010734167881309986
robust,6,train/approx_kl,4317184,0.012735630385577679
robust,6,train/approx_kl,4325376,0.012161824852228165
robust,6,train/approx_kl,4333568,0.012036392465233803
robust,6,train/approx_kl,4341760,0.012216290459036827
robust,6,train/approx_kl,4349952,0.011914318427443504
robust,6,train/approx_kl,4358144,0.012594316154718399
robust,6,train/approx_kl,4366336,0.012367313727736473
robust,6,train/approx_kl,4374528,0.012357079423964024
robust,6,train/approx_kl,4382720,0.00986205879598856
robust,6,train/approx_kl,4390912,0.011146178469061852
robust,6,train/approx_kl,4399104,0.012501291930675507
robust,6,train/approx_kl,4407296,0.022172555327415466
robust,6,train/approx_kl,4415488,0.012098927982151508
robust,6,train/approx_kl,4423680,0.02064092829823494
robust,6,train/approx_kl,4431872,0.01975414529442787
robust,6,train/approx_kl,4440064,0.010333937592804432
robust,6,train/approx_kl,4448256,0.019155247136950493
robust,6,train/approx_kl,4456448,0.011569063179194927
robust,6,train/approx_kl,4464640,0.009614837355911732
robust,6,train/approx_kl,4472832,0.018508056178689003
robust,6,train/approx_kl,4481024,0.02139534242451191
robust,6,train/approx_kl,4489216,0.02705700322985649
robust,6,train/approx_kl,4497408,0.012017128989100456
robust,6,train/approx_kl,4505600,0.022485973313450813
robust,6,train/approx_kl,4513792,0.01741359755396843
robust,6,train/approx_kl,4521984,0.016172023490071297
robust,6,train/approx_kl,4530176,0.018037375062704086
robust,6,train/approx_kl,4538368,0.020551297813653946
robust,6,train/approx_kl,4546560,0.01870267279446125
robust,6,train/approx_kl,4554752,0.01810765452682972
robust,6,train/approx_kl,4562944,0.009636578150093555
robust,6,train/approx_kl,4571136,0.010737896896898746
robust,6,train/approx_kl,4579328,0.018453078344464302
robust,6,train/approx_kl,4587520,0.016926223412156105
robust,6,train/approx_kl,4595712,0.019675560295581818
robust,6,train/approx_kl,4603904,0.01761758141219616
robust,6,train/approx_kl,4612096,0.018205096945166588
robust,6,train/approx_kl,4620288,0.016675151884555817
robust,6,train/approx_kl,4628480,0.009719622321426868
robust,6,train/approx_kl,4636672,0.018271850422024727
robust,6,train/approx_kl,4644864,0.018764907494187355
robust,6,train/approx_kl,4653056,0.019152099266648293
robust,6,train/approx_kl,4661248,0.012023723684251308
robust,6,train/approx_kl,4669440,0.013675407506525517
robust,6,train/approx_kl,4677632,0.016469700261950493
robust,6,train/approx_kl,4685824,0.009642146527767181
robust,6,train/approx_kl,4694016,0.032496482133865356
robust,6,train/approx_kl,4702208,0.019711853936314583
robust,6,train/approx_kl,4710400,0.020210763439536095
robust,6,train/approx_kl,4718592,0.018324201926589012
robust,6,train/approx_kl,4726784,0.019509032368659973
robust,6,train/approx_kl,4734976,0.007876379415392876
robust,6,train/approx_kl,4743168,0.012144132517278194
robust,6,train/approx_kl,4751360,0.01810707338154316
robust,6,train/approx_kl,4759552,0.01789146102964878
robust,6,train/approx_kl,4767744,0.008249477483332157
robust,6,train/approx_kl,4775936,0.017496882006525993
robust,6,train/approx_kl,4784128,0.019751692190766335
robust,6,train/approx_kl,4792320,0.020671142265200615
robust,6,train/approx_kl,4800512,0.017564959824085236
robust,6,train/approx_kl,4808704,0.015623693354427814
robust,6,train/approx_kl,4816896,0.018155362457036972
robust,6,train/approx_kl,4825088,0.01816965825855732
robust,6,train/approx_kl,4833280,0.017528416588902473
robust,6,train/approx_kl,4841472,0.01769213378429413
robust,6,train/approx_kl,4849664,0.017822401598095894
robust,6,train/approx_kl,4857856,0.020108405500650406
robust,6,train/approx_kl,4866048,0.017997128888964653
robust,6,train/approx_kl,4874240,0.011840090155601501
robust,6,train/approx_kl,4882432,0.017308929935097694
robust,6,train/approx_kl,4890624,0.019323868677020073
robust,6,train/approx_kl,4898816,0.019701270386576653
robust,6,train/approx_kl,4907008,0.019748946651816368
robust,6,train/approx_kl,4915200,0.021484514698386192
robust,6,train/approx_kl,4923392,0.019169660285115242
robust,6,train/approx_kl,4931584,0.020157072693109512
robust,6,train/approx_kl,4939776,0.010373367927968502
robust,6,train/approx_kl,4947968,0.01649242267012596
robust,6,train/approx_kl,4956160,0.02018471620976925
robust,6,train/approx_kl,4964352,0.011520443484187126
robust,6,train/approx_kl,4972544,0.0169028639793396
robust,6,train/approx_kl,4980736,0.017295479774475098
robust,6,train/approx_kl,4988928,0.008919581770896912
robust,6,train/approx_kl,4997120,0.02471986413002014
robust,6,train/approx_kl,5005312,0.019050167873501778
robust,6,train/clip_fraction,16384,0.20224376022815704
robust,6,train/clip_fraction,24576,0.133794903755188
robust,6,train/clip_fraction,32768,0.1998284012079239
robust,6,train/clip_fraction,40960,0.1806722730398178
robust,6,train/clip_fraction,49152,0.191628560423851
robust,6,train/clip_fraction,57344,0.1799708604812622
robust,6,train/clip_fraction,65536,0.20217803120613098
robust,6,train/clip_fraction,73728,0.18648897111415863
robust,6,train/clip_fraction,81920,0.206238254904747
robust,6,train/clip_fraction,90112,0.1813497394323349
robust,6,train/clip_fraction,98304,0.1988946497440338
robust,6,train/clip_fraction,106496,0.17921112477779388
robust,6,train/clip_fraction,114688,0.18356917798519135
robust,6,train/clip_fraction,122880,0.17535971105098724
robust,6,train/clip_fraction,131072,0.19906768202781677
robust,6,train/clip_fraction,139264,0.1726190447807312
robust,6,train/clip_fraction,147456,0.2197810858488083
robust,6,train/clip_fraction,155648,0.1801835298538208
robust,6,train/clip_fraction,163840,0.1957859843969345
robust,6,train/clip_fraction,172032,0.19311682879924774
robust,6,train/clip_fraction,180224,0.19326241314411163
robust,6,train/clip_fraction,188416,0.19678758084774017
robust,6,train/clip_fraction,196608,0.21082746982574463
robust,6,train/clip_fraction,204800,0.18885870277881622
robust,6,train/clip_fraction,212992,0.2002640813589096
robust,6,train/clip_fraction,221184,0.21357361972332
robust,6,train/clip_fraction,229376,0.18175551295280457
robust,6,train/clip_fraction,237568,0.1797490119934082
robust,6,train/clip_fraction,245760,0.2090928852558136
robust,6,train/clip_fraction,253952,0.19132652878761292
robust,6,train/clip_fraction,262144,0.16090425848960876
robust,6,train/clip_fraction,270336,0.2176339328289032
robust,6,train/clip_fraction,278528,0.16396360099315643
robust,6,train/clip_fraction,286720,0.19333022832870483
robust,6,train/clip_fraction,294912,0.1836845874786377
robust,6,train/clip_fraction,303104,0.17753906548023224
robust,6,train/clip_fraction,311296,0.2237318903207779
robust,6,train/clip_fraction,319488,0.1848437488079071
robust,6,train/clip_fraction,327680,0.1655745953321457
robust,6,train/clip_fraction,335872,0.18334652483463287
robust,6,train/clip_fraction,344064,0.19988738000392914
robust,6,train/clip_fraction,352256,0.18716032803058624
robust,6,train/clip_fraction,360448,0.13453389704227448
robust,6,train/clip_fraction,368640,0.1306818127632141
robust,6,train/clip_fraction,376832,0.22074468433856964
robust,6,train/clip_fraction,385024,0.1770312488079071
robust,6,train/clip_fraction,393216,0.17978639900684357
robust,6,train/clip_fraction,401408,0.19038228690624237
robust,6,train/clip_fraction,409600,0.1726280152797699
robust,6,train/clip_fraction,417792,0.1627083271741867
robust,6,train/clip_fraction,425984,0.19519412517547607
robust,6,train/clip_fraction,434176,0.14928209781646729
robust,6,train/clip_fraction,442368,0.20430871844291687
robust,6,train/clip_fraction,450560,0.1697530895471573
robust,6,train/clip_fraction,458752,0.1981336772441864
robust,6,train/clip_fraction,466944,0.1709134578704834
robust,6,train/clip_fraction,475136,0.18986742198467255
robust,6,train/clip_fraction,483328,0.1635044664144516
robust,6,train/clip_fraction,491520,0.18621324002742767
robust,6,train/clip_fraction,499712,0.2158043086528778
robust,6,train/clip_fraction,507904,0.203125
robust,6,train/clip_fraction,516096,0.15410958230495453
robust,6,train/clip_fraction,524288,0.1882530152797699
robust,6,train/clip_fraction,532480,0.11768616735935211
robust,6,train/clip_fraction,540672,0.1576206088066101
robust,6,train/clip_fraction,548864,0.1751302033662796
robust,6,train/clip_fraction,557056,0.1943359375
robust,6,train/clip_fraction,565248,0.19610969722270966
robust,6,train/clip_fraction,573440,0.20763221383094788
robust,6,train/clip_fraction,581632,0.171875
robust,6,train/clip_fraction,589824,0.1274671107530594
robust,6,train/clip_fraction,598016,0.20026041567325592
robust,6,train/clip_fraction,606208,0.1509486585855484
robust,6,train/clip_fraction,614400,0.2160218209028244
robust,6,train/clip_fraction,622592,0.2038998007774353
robust,6,train/clip_fraction,630784,0.18940971791744232
robust,6,train/clip_fraction,638976,0.16819852590560913
robust,6,train/clip_fraction,647168,0.14829544723033905
robust,6,train/clip_fraction,655360,0.19556452333927155
robust,6,train/clip_fraction,663552,0.16623975336551666
robust,6,train/clip_fraction,671744,0.20376932621002197
robust,6,train/clip_fraction,679936,0.2080407291650772
robust,6,train/clip_fraction,688128,0.16525423526763916
robust,6,train/clip_fraction,696320,0.15652412176132202
robust,6,train/clip_fraction,704512,0.13488520681858063
robust,6,train/clip_fraction,712704,0.15549394488334656
robust,6,train/clip_fraction,720896,0.1647995263338089
robust,6,train/clip_fraction,729088,0.20142662525177002
robust,6,train/clip_fraction,737280,0.203125
robust,6,train/clip_fraction,745472,0.18067781627178192
robust,6,train/clip_fraction,753664,0.12827034294605255
robust,6,train/clip_fraction,761856,0.1817876398563385
robust,6,train/clip_fraction,770048,0.18300780653953552
robust,6,train/clip_fraction,778240,0.15257352590560913
robust,6,train/clip_fraction,786432,0.18418560922145844
robust,6,train/clip_fraction,794624,0.16015625
robust,6,train/clip_fraction,802816,0.18791666626930237
robust,6,train/clip_fraction,811008,0.1990411877632141
robust,6,train/clip_fraction,819200,0.15599384903907776
robust,6,train/clip_fraction,827392,0.21709071099758148
robust,6,train/clip_fraction,835584,0.19882813096046448
robust,6,train/clip_fraction,843776,0.212797611951828
robust,6,train/clip_fraction,851968,0.21225111186504364
robust,6,train/clip_fraction,860160,0.1328125
robust,6,train/clip_fraction,868352,0.21189413964748383
robust,6,train/clip_fraction,876544,0.20849116146564484
robust,6,train/clip_fraction,884736,0.19913902878761292
robust,6,train/clip_fraction,892928,0.1714220941066742
robust,6,train/clip_fraction,901120,0.21671195328235626
robust,6,train/clip_fraction,909312,0.203125
robust,6,train/clip_fraction,917504,0.171875
robust,6,train/clip_fraction,925696,0.20477642118930817
robust,6,train/clip_fraction,933888,0.16695602238178253
robust,6,train/clip_fraction,942080,0.1302083283662796
robust,6,train/clip_fraction,950272,0.19551809132099152
robust,6,train/clip_fraction,958464,0.2010030895471573
robust,6,train/clip_fraction,966656,0.1796875
robust,6,train/clip_fraction,974848,0.15912829339504242
robust,6,train/clip_fraction,983040,0.2060546875
robust,6,train/clip_fraction,991232,0.1698908656835556
robust,6,train/clip_fraction,999424,0.20094086229801178
robust,6,train/clip_fraction,1007616,0.13262194395065308
robust,6,train/clip_fraction,1015808,0.1787109375
robust,6,train/clip_fraction,1024000,0.2003205120563507
robust,6,train/clip_fraction,1032192,0.20284347236156464
robust,6,train/clip_fraction,1040384,0.20343750715255737
robust,6,train/clip_fraction,1048576,0.2065284699201584
robust,6,train/clip_fraction,1056768,0.17927631735801697
robust,6,train/clip_fraction,1064960,0.228515625
robust,6,train/clip_fraction,1073152,0.20481005311012268
robust,6,train/clip_fraction,1081344,0.20220588147640228
robust,6,train/clip_fraction,1089536,0.17761479318141937
robust,6,train/clip_fraction,1097728,0.18240870535373688
robust,6,train/clip_fraction,1105920,0.21850775182247162
robust,6,train/clip_fraction,1114112,0.12691326439380646
robust,6,train/clip_fraction,1122304,0.15716911852359772
robust,6,train/clip_fraction,1130496,0.1456567794084549
robust,6,train/clip_fraction,1138688,0.16578733921051025
robust,6,train/clip_fraction,1146880,0.1847098171710968
robust,6,train/clip_fraction,1155072,0.1973039209842682
robust,6,train/clip_fraction,1163264,0.19770143926143646
robust,6,train/clip_fraction,1171456,0.1751302033662796
robust,6,train/clip_fraction,1179648,0.17893144488334656
robust,6,train/clip_fraction,1187840,0.1755642294883728
robust,6,train/clip_fraction,1196032,0.16984952986240387
robust,6,train/clip_fraction,1204224,0.16514423489570618
robust,6,train/clip_fraction,1212416,0.1736111044883728
robust,6,train/clip_fraction,1220608,0.19066455960273743
robust,6,train/clip_fraction,1228800,0.2244565188884735
robust,6,train/clip_fraction,1236992,0.16837993264198303
robust,6,train/clip_fraction,1245184,0.13977272808551788
robust,6,train/clip_fraction,1253376,0.19298537075519562
robust,6,train/clip_fraction,1261568,0.19187499582767487
robust,6,train/clip_fraction,1269760,0.18726325035095215
robust,6,train/clip_fraction,1277952,0.18867187201976776
robust,6,train/clip_fraction,1286144,0.1743421107530594
robust,6,train/clip_fraction,1294336,0.1682889312505722
robust,6,train/clip_fraction,1302528,0.14914773404598236
robust,6,train/clip_fraction,1310720,0.12085459381341934
robust,6,train/clip_fraction,1318912,0.17471590638160706
robust,6,train/clip_fraction,1327104,0.16831140220165253
robust,6,train/clip_fraction,1335296,0.20160801708698273
robust,6,train/clip_fraction,1343488,0.16057181358337402
robust,6,train/clip_fraction,1351680,0.16316105425357819
robust,6,train/clip_fraction,1359872,0.16032609343528748
robust,6,train/clip_fraction,1368064,0.14675244688987732
robust,6,train/clip_fraction,1376256,0.18514150381088257
robust,6,train/clip_fraction,1384448,0.1522529125213623
robust,6,train/clip_fraction,1392640,0.1507161408662796
robust,6,train/clip_fraction,1400832,0.1826435774564743
robust,6,train/clip_fraction,1409024,0.17127403616905212
robust,6,train/clip_fraction,1417216,0.21567842364311218
robust,6,train/clip_fraction,1425408,0.17960165441036224
robust,6,train/clip_fraction,1433600,0.1544569730758667
robust,6,train/clip_fraction,1441792,0.1928453892469406
robust,6,train/clip_fraction,1449984,0.16349637508392334
robust,6,train/clip_fraction,1458176,0.15572033822536469
robust,6,train/clip_fraction,1466368,0.15919384360313416
robust,6,train/clip_fraction,1474560,0.1653124988079071
robust,6,train/clip_fraction,1482752,0.17499999701976776
robust,6,train/clip_fraction,1490944,0.19650423526763916
robust,6,train/clip_fraction,1499136,0.16091720759868622
robust,6,train/clip_fraction,1507328,0.18716755509376526
robust,6,train/clip_fraction,1515520,0.17687499523162842
robust,6,train/clip_fraction,1523712,0.19490979611873627
robust,6,train/clip_fraction,1531904,0.15955105423927307
robust,6,train/clip_fraction,1540096,0.13124999403953552
robust,6,train/clip_fraction,1548288,0.2104867845773697
robust,6,train/clip_fraction,1556480,0.18647204339504242
robust,6,train/clip_fraction,1564672,0.17867647111415863
robust,6,train/clip_fraction,1572864,0.17627641558647156
robust,6,train/clip_fraction,1581056,0.21888241171836853
robust,6,train/clip_fraction,1589248,0.18293538689613342
robust,6,train/clip_fraction,1597440,0.19446790218353271
robust,6,train/clip_fraction,1605632,0.1891622394323349
robust,6,train/clip_fraction,1613824,0.2165178507566452
robust,6,train/clip_fraction,1622016,0.2007068395614624
robust,6,train/clip_fraction,1630208,0.1860259473323822
robust,6,train/clip_fraction,1638400,0.19384765625
robust,6,train/clip_fraction,1646592,0.18714489042758942
robust,6,train/clip_fraction,1654784,0.18566176295280457
robust,6,train/clip_fraction,1662976,0.1918269246816635
robust,6,train/clip_fraction,1671168,0.1931818127632141
robust,6,train/clip_fraction,1679360,0.17332175374031067
robust,6,train/clip_fraction,1687552,0.20133928954601288
robust,6,train/clip_fraction,1695744,0.1954900622367859
robust,6,train/clip_fraction,1703936,0.15330615639686584
robust,6,train/clip_fraction,1712128,0.17934027314186096
robust,6,train/clip_fraction,1720320,0.15530303120613098
robust,6,train/clip_fraction,1728512,0.1640625
robust,6,train/clip_fraction,1736704,0.15213815867900848
robust,6,train/clip_fraction,1744896,0.1651785671710968
robust,6,train/clip_fraction,1753088,0.1517857164144516
robust,6,train/clip_fraction,1761280,0.119140625
robust,6,train/clip_fraction,1769472,0.1733630895614624
robust,6,train/clip_fraction,1777664,0.13647958636283875
robust,6,train/clip_fraction,1785856,0.16349637508392334
robust,6,train/clip_fraction,1794048,0.2100515514612198
robust,6,train/clip_fraction,1802240,0.11865234375
robust,6,train/clip_fraction,1810432,0.19785813987255096
robust,6,train/clip_fraction,1818624,0.1708669364452362
robust,6,train/clip_fraction,1826816,0.1458333283662796
robust,6,train/clip_fraction,1835008,0.2018229216337204
robust,6,train/clip_fraction,1843200,0.15162037312984467
robust,6,train/clip_fraction,1851392,0.17391304671764374
robust,6,train/clip_fraction,1859584,0.1651785671710968
robust,6,train/clip_fraction,1867776,0.18327206373214722
robust,6,train/clip_fraction,1875968,0.1674107164144516
robust,6,train/clip_fraction,1884160,0.1864442527294159
robust,6,train/clip_fraction,1892352,0.16673259437084198
robust,6,train/clip_fraction,1900544,0.12179487198591232
robust,6,train/clip_fraction,1908736,0.1586538404226303
robust,6,train/clip_fraction,1916928,0.18776482343673706
robust,6,train/clip_fraction,1925120,0.18860293924808502
robust,6,train/clip_fraction,1933312,0.171875
robust,6,train/clip_fraction,1941504,0.1608455926179886
robust,6,train/clip_fraction,1949696,0.13348214328289032
robust,6,train/clip_fraction,1957888,0.1618923544883728
robust,6,train/clip_fraction,1966080,0.18906250596046448
robust,6,train/clip_fraction,1974272,0.2033088207244873
robust,6,train/clip_fraction,1982464,0.17208904027938843
robust,6,train/clip_fraction,1990656,0.18339645862579346
robust,6,train/clip_fraction,1998848,0.18993505835533142
robust,6,train/clip_fraction,2007040,0.17555147409439087
robust,6,train/clip_fraction,2015232,0.19921875
robust,6,train/clip_fraction,2023424,0.20691636204719543
robust,6,train/clip_fraction,2031616,0.22410401701927185
robust,6,train/clip_fraction,2039808,0.19693687558174133
robust,6,train/clip_fraction,2048000,0.15070565044879913
robust,6,train/clip_fraction,2056192,0.18615591526031494
robust,6,train/clip_fraction,2064384,0.1771460771560669
robust,6,train/clip_fraction,2072576,0.19109374284744263
robust,6,train/clip_fraction,2080768,0.21442818641662598
robust,6,train/clip_fraction,2088960,0.171875
robust,6,train/clip_fraction,2097152,0.1576891392469406
robust,6,train/clip_fraction,2105344,0.19144417345523834
robust,6,train/clip_fraction,2113536,0.16135817766189575
robust,6,train/clip_fraction,2121728,0.18475507199764252
robust,6,train/clip_fraction,2129920,0.17490671575069427
robust,6,train/clip_fraction,2138112,0.18603515625
robust,6,train/clip_fraction,2146304,0.1796875
robust,6,train/clip_fraction,2154496,0.23122373223304749
robust,6,train/clip_fraction,2162688,0.09512867778539658
robust,6,train/clip_fraction,2170880,0.18906250596046448
robust,6,train/clip_fraction,2179072,0.1914970874786377
robust,6,train/clip_fraction,2187264,0.20494185388088226
robust,6,train/clip_fraction,2195456,0.22340171039104462
robust,6,train/clip_fraction,2203648,0.186271071434021
robust,6,train/clip_fraction,2211840,0.1848958283662796
robust,6,train/clip_fraction,2220032,0.22210648655891418
robust,6,train/clip_fraction,2228224,0.17689043283462524
robust,6,train/clip_fraction,2236416,0.1897590309381485
robust,6,train/clip_fraction,2244608,0.15044642984867096
robust,6,train/clip_fraction,2252800,0.1664959043264389
robust,6,train/clip_fraction,2260992,0.18634259700775146
robust,6,train/clip_fraction,2269184,0.2128276228904724
robust,6,train/clip_fraction,2277376,0.17082332074642181
robust,6,train/clip_fraction,2285568,0.181640625
robust,6,train/clip_fraction,2293760,0.08749999850988388
robust,6,train/clip_fraction,2301952,0.17033179104328156
robust,6,train/clip_fraction,2310144,0.203668475151062
robust,6,train/clip_fraction,2318336,0.21474358439445496
robust,6,train/clip_fraction,2326528,0.1915118247270584
robust,6,train/clip_fraction,2334720,0.15919384360313416
robust,6,train/clip_fraction,2342912,0.0991847813129425
robust,6,train/clip_fraction,2351104,0.17698019742965698
robust,6,train/clip_fraction,2359296,0.14128988981246948
robust,6,train/clip_fraction,2367488,0.1767578125
robust,6,train/clip_fraction,2375680,0.1633133590221405
robust,6,train/clip_fraction,2383872,0.1458333283662796
robust,6,train/clip_fraction,2392064,0.1675967276096344
robust,6,train/clip_fraction,2400256,0.1918402761220932
robust,6,train/clip_fraction,2408448,0.1623263955116272
robust,6,train/clip_fraction,2416640,0.18871527910232544
robust,6,train/clip_fraction,2424832,0.19732142984867096
robust,6,train/clip_fraction,2433024,0.16718749701976776
robust,6,train/clip_fraction,2441216,0.235107421875
robust,6,train/clip_fraction,2449408,0.2135881632566452
robust,6,train/clip_fraction,2457600,0.19239458441734314
robust,6,train/clip_fraction,2465792,0.1824776828289032
robust,6,train/clip_fraction,2473984,0.15894396603107452
robust,6,train/clip_fraction,2482176,0.21211674809455872
robust,6,train/clip_fraction,2490368,0.1892361044883728
robust,6,train/clip_fraction,2498560,0.21012930572032928
robust,6,train/clip_fraction,2506752,0.17206555604934692
robust,6,train/clip_fraction,2514944,0.17978395521640778
robust,6,train/clip_fraction,2523136,0.14919355511665344
robust,6,train/clip_fraction,2531328,0.18665540218353271
robust,6,train/clip_fraction,2539520,0.2085336595773697
robust,6,train/clip_fraction,2547712,0.21943680942058563
robust,6,train/clip_fraction,2555904,0.20738635957241058
robust,6,train/clip_fraction,2564096,0.19863861799240112
robust,6,train/clip_fraction,2572288,0.15869140625
robust,6,train/clip_fraction,2580480,0.2023809552192688
robust,6,train/clip_fraction,2588672,0.14201389253139496
robust,6,train/clip_fraction,2596864,0.08906249701976776
robust,6,train/clip_fraction,2605056,0.1793619841337204
robust,6,train/clip_fraction,2613248,0.19938859343528748
robust,6,train/clip_fraction,2621440,0.205078125
robust,6,train/clip_fraction,2629632,0.23035037517547607
robust,6,train/clip_fraction,2637824,0.19471153616905212
robust,6,train/clip_fraction,2646016,0.20195019245147705
robust,6,train/clip_fraction,2654208,0.19821429252624512
robust,6,train/clip_fraction,2662400,0.17029494047164917
robust,6,train/clip_fraction,2670592,0.2188846915960312
robust,6,train/clip_fraction,2678784,0.1875
robust,6,train/clip_fraction,2686976,0.14460784196853638
robust,6,train/clip_fraction,2695168,0.19242680072784424
robust,6,train/clip_fraction,2703360,0.18141447007656097
robust,6,train/clip_fraction,2711552,0.19365529716014862
robust,6,train/clip_fraction,2719744,0.204345703125
robust,6,train/clip_fraction,2727936,0.18644832074642181
robust,6,train/clip_fraction,2736128,0.20740927755832672
robust,6,train/clip_fraction,2744320,0.19200211763381958
robust,6,train/clip_fraction,2752512,0.20501373708248138
robust,6,train/clip_fraction,2760704,0.21927520632743835
robust,6,train/clip_fraction,2768896,0.14008620381355286
robust,6,train/clip_fraction,2777088,0.17080965638160706
robust,6,train/clip_fraction,2785280,0.16119791567325592
robust,6,train/clip_fraction,2793472,0.19283536076545715
robust,6,train/clip_fraction,2801664,0.1822916716337204
robust,6,train/clip_fraction,2809856,0.20773810148239136
robust,6,train/clip_fraction,2818048,0.18677325546741486
robust,6,train/clip_fraction,2826240,0.20178091526031494
robust,6,train/clip_fraction,2834432,0.20081521570682526
robust,6,train/clip_fraction,2842624,0.1875
robust,6,train/clip_fraction,2850816,0.115699402987957
robust,6,train/clip_fraction,2859008,0.21085695922374725
robust,6,train/clip_fraction,2867200,0.1572115421295166
robust,6,train/clip_fraction,2875392,0.14553570747375488
robust,6,train/clip_fraction,2883584,0.1929788887500763
robust,6,train/clip_fraction,2891776,0.15769675374031067
robust,6,train/clip_fraction,2899968,0.2053840309381485
robust,6,train/clip_fraction,2908160,0.13004808127880096
robust,6,train/clip_fraction,2916352,0.14699074625968933
robust,6,train/clip_fraction,2924544,0.14504076540470123
robust,6,train/clip_fraction,2932736,0.17946428060531616
robust,6,train/clip_fraction,2940928,0.16887019574642181
robust,6,train/clip_fraction,2949120,0.2048611044883728
robust,6,train/clip_fraction,2957312,0.20198863744735718
robust,6,train/clip_fraction,2965504,0.203125
robust,6,train/clip_fraction,2973696,0.20327380299568176
robust,6,train/clip_fraction,2981888,0.14895834028720856
robust,6,train/clip_fraction,2990080,0.15981359779834747
robust,6,train/clip_fraction,2998272,0.15391790866851807
robust,6,train/clip_fraction,3006464,0.17826704680919647
robust,6,train/clip_fraction,3014656,0.23053495585918427
robust,6,train/clip_fraction,3022848,0.15729166567325592
robust,6,train/clip_fraction,3031040,0.15234375
robust,6,train/clip_fraction,3039232,0.1458333283662796
robust,6,train/clip_fraction,3047424,0.17890624701976776
robust,6,train/clip_fraction,3055616,0.1663370281457901
robust,6,train/clip_fraction,3063808,0.2125699669122696
robust,6,train/clip_fraction,3072000,0.1859177201986313
robust,6,train/clip_fraction,3080192,0.18168604373931885
robust,6,train/clip_fraction,3088384,0.1696159690618515
robust,6,train/clip_fraction,3096576,0.19482421875
robust,6,train/clip_fraction,3104768,0.1645013988018036
robust,6,train/clip_fraction,3112960,0.20413772761821747
robust,6,train/clip_fraction,3121152,0.19767442345619202
robust,6,train/clip_fraction,3129344,0.148574560880661
robust,6,train/clip_fraction,3137536,0.20344388484954834
robust,6,train/clip_fraction,3145728,0.1953125
robust,6,train/clip_fraction,3153920,0.18998247385025024
robust,6,train/clip_fraction,3162112,0.21390503644943237
robust,6,train/clip_fraction,3170304,0.17735745012760162
robust,6,train/clip_fraction,3178496,0.17266613245010376
robust,6,train/clip_fraction,3186688,0.1741536408662796
robust,6,train/clip_fraction,3194880,0.18117977678775787
robust,6,train/clip_fraction,3203072,0.16796875
robust,6,train/clip_fraction,3211264,0.17949694395065308
robust,6,train/clip_fraction,3219456,0.16371268033981323
robust,6,train/clip_fraction,3227648,0.178757444024086
robust,6,train/clip_fraction,3235840,0.20029762387275696
robust,6,train/clip_fraction,3244032,0.1926630437374115
robust,6,train/clip_fraction,3252224,0.14040492475032806
robust,6,train/clip_fraction,3260416,0.18614129722118378
robust,6,train/clip_fraction,3268608,0.142578125
robust,6,train/clip_fraction,3276800,0.1516927033662796
robust,6,train/clip_fraction,3284992,0.2127862572669983
robust,6,train/clip_fraction,3293184,0.1532118022441864
robust,6,train/clip_fraction,3301376,0.194065123796463
robust,6,train/clip_fraction,3309568,0.1890024095773697
robust,6,train/clip_fraction,3317760,0.18536324799060822
robust,6,train/clip_fraction,3325952,0.16715116798877716
robust,6,train/clip_fraction,3334144,0.2125699669122696
robust,6,train/clip_fraction,3342336,0.20218749344348907
robust,6,train/clip_fraction,3350528,0.2042410671710968
robust,6,train/clip_fraction,3358720,0.21132172644138336
robust,6,train/clip_fraction,3366912,0.1780196577310562
robust,6,train/clip_fraction,3375104,0.2247273474931717
robust,6,train/clip_fraction,3383296,0.17975102365016937
robust,6,train/clip_fraction,3391488,0.1845012605190277
robust,6,train/clip_fraction,3399680,0.1463468372821808
robust,6,train/clip_fraction,3407872,0.1875
robust,6,train/clip_fraction,3416064,0.14473684132099152
robust,6,train/clip_fraction,3424256,0.21524439752101898
robust,6,train/clip_fraction,3432448,0.22168703377246857
robust,6,train/clip_fraction,3440640,0.1890210211277008
robust,6,train/clip_fraction,3448832,0.15134447813034058
robust,6,train/clip_fraction,3457024,0.21317829191684723
robust,6,train/clip_fraction,3465216,0.19682247936725616
robust,6,train/clip_fraction,3473408,0.1800595223903656
robust,6,train/clip_fraction,3481600,0.21268203854560852
robust,6,train/clip_fraction,3489792,0.13980263471603394
robust,6,train/clip_fraction,3497984,0.1959635466337204
robust,6,train/clip_fraction,3506176,0.20164862275123596
robust,6,train/clip_fraction,3514368,0.18376359343528748
robust,6,train/clip_fraction,3522560,0.17666903138160706
robust,6,train/clip_fraction,3530752,0.22099819779396057
robust,6,train/clip_fraction,3538944,0.22205881774425507
robust,6,train/clip_fraction,3547136,0.185453861951828
robust,6,train/clip_fraction,3555328,0.1577083319425583
robust,6,train/clip_fraction,3563520,0.16158536076545715
robust,6,train/clip_fraction,3571712,0.16824127733707428
robust,6,train/clip_fraction,3579904,0.1850961595773697
robust,6,train/clip_fraction,3588096,0.18287037312984467
robust,6,train/clip_fraction,3596288,0.16757453978061676
robust,6,train/clip_fraction,3604480,0.15013587474822998
robust,6,train/clip_fraction,3612672,0.112351194024086
robust,6,train/clip_fraction,3620864,0.20895522832870483
robust,6,train/clip_fraction,3629056,0.1822916716337204
robust,6,train/clip_fraction,3637248,0.1936800330877304
robust,6,train/clip_fraction,3645440,0.19304077327251434
robust,6,train/clip_fraction,3653632,0.1607142835855484
robust,6,train/clip_fraction,3661824,0.1982080489397049
robust,6,train/clip_fraction,3670016,0.1968005895614624
robust,6,train/clip_fraction,3678208,0.171875
robust,6,train/clip_fraction,3686400,0.16051135957241058
robust,6,train/clip_fraction,3694592,0.2118055522441864
robust,6,train/clip_fraction,3702784,0.21042899787425995
robust,6,train/clip_fraction,3710976,0.181640625
robust,6,train/clip_fraction,3719168,0.17723651230335236
robust,6,train/clip_fraction,3727360,0.1759375035762787
robust,6,train/clip_fraction,3735552,0.17737267911434174
robust,6,train/clip_fraction,3743744,0.1836557537317276
robust,6,train/clip_fraction,3751936,0.16796875
robust,6,train/clip_fraction,3760128,0.1694711595773697
robust,6,train/clip_fraction,3768320,0.17479395866394043
robust,6,train/clip_fraction,3776512,0.20258620381355286
robust,6,train/clip_fraction,3784704,0.18045343458652496
robust,6,train/clip_fraction,3792896,0.1682150959968567
robust,6,train/clip_fraction,3801088,0.20157797634601593
robust,6,train/clip_fraction,3809280,0.21402616798877716
robust,6,train/clip_fraction,3817472,0.1941618174314499
robust,6,train/clip_fraction,3825664,0.17438271641731262
robust,6,train/clip_fraction,3833856,0.18352273106575012
robust,6,train/clip_fraction,3842048,0.17085598409175873
robust,6,train/clip_fraction,3850240,0.16587752103805542
robust,6,train/clip_fraction,3858432,0.2059876024723053
robust,6,train/clip_fraction,3866624,0.15676510334014893
robust,6,train/clip_fraction,3874816,0.19987499713897705
robust,6,train/clip_fraction,3883008,0.1905737668275833
robust,6,train/clip_fraction,3891200,0.2208501398563385
robust,6,train/clip_fraction,3899392,0.20176629722118378
robust,6,train/clip_fraction,3907584,0.17563657462596893
robust,6,train/clip_fraction,3915776,0.2137831151485443
robust,6,train/clip_fraction,3923968,0.2166193127632141
robust,6,train/clip_fraction,3932160,0.1961287260055542
robust,6,train/clip_fraction,3940352,0.1510416716337204
robust,6,train/clip_fraction,3948544,0.22795051336288452
robust,6,train/clip_fraction,3956736,0.17015625536441803
robust,6,train/clip_fraction,3964928,0.22560974955558777
robust,6,train/clip_fraction,3973120,0.19812500476837158
robust,6,train/clip_fraction,3981312,0.18442420661449432
robust,6,train/clip_fraction,3989504,0.14984939992427826
robust,6,train/clip_fraction,3997696,0.1328125
robust,6,train/clip_fraction,4005888,0.20798788964748383
robust,6,train/clip_fraction,4014080,0.17700381577014923
robust,6,train/clip_fraction,4022272,0.18171297013759613
robust,6,train/clip_fraction,4030464,0.20552325248718262
robust,6,train/clip_fraction,4038656,0.2219347059726715
robust,6,train/clip_fraction,4046848,0.20577485859394073
robust,6,train/clip_fraction,4055040,0.16488094627857208
robust,6,train/clip_fraction,4063232,0.203125
robust,6,train/clip_fraction,4071424,0.20726406574249268
robust,6,train/clip_fraction,4079616,0.18077760934829712
robust,6,train/clip_fraction,4087808,0.20718033611774445
robust,6,train/clip_fraction,4096000,0.12525615096092224
robust,6,train/clip_fraction,4104192,0.17479011416435242
robust,6,train/clip_fraction,4112384,0.1577560305595398
robust,6,train/clip_fraction,4120576,0.1722341924905777
robust,6,train/clip_fraction,4128768,0.18561126291751862
robust,6,train/clip_fraction,4136960,0.1671748012304306
robust,6,train/clip_fraction,4145152,0.14990234375
robust,6,train/clip_fraction,4153344,0.18651574850082397
robust,6,train/clip_fraction,4161536,0.20147058367729187
robust,6,train/clip_fraction,4169728,0.18808740377426147
robust,6,train/clip_fraction,4177920,0.1367872804403305
robust,6,train/clip_fraction,4186112,0.1969546228647232
robust,6,train/clip_fraction,4194304,0.2113051414489746
robust,6,train/clip_fraction,4202496,0.17214208841323853
robust,6,train/clip_fraction,4210688,0.18645833432674408
robust,6,train/clip_fraction,4218880,0.20600558817386627
robust,6,train/clip_fraction,4227072,0.18637242913246155
robust,6,train/clip_fraction,4235264,0.19644096493721008
robust,6,train/clip_fraction,4243456,0.20893719792366028
robust,6,train/clip_fraction,4251648,0.14802631735801697
robust,6,train/clip_fraction,4259840,0.22694005072116852
robust,6,train/clip_fraction,4268032,0.18697567284107208
robust,6,train/clip_fraction,4276224,0.19266827404499054
robust,6,train/clip_fraction,4284416,0.1876250058412552
robust,6,train/clip_fraction,4292608,0.16023597121238708
robust,6,train/clip_fraction,4300800,0.17384178936481476
robust,6,train/clip_fraction,4308992,0.1480429321527481
robust,6,train/clip_fraction,4317184,0.18207237124443054
robust,6,train/clip_fraction,4325376,0.16424418985843658
robust,6,train/clip_fraction,4333568,0.1671707034111023
robust,6,train/clip_fraction,4341760,0.16891446709632874
robust,6,train/clip_fraction,4349952,0.16969476640224457
robust,6,train/clip_fraction,4358144,0.17749999463558197
robust,6,train/clip_fraction,4366336,0.1679379940032959
robust,6,train/clip_fraction,4374528,0.1599576324224472
robust,6,train/clip_fraction,4382720,0.12878024578094482
robust,6,train/clip_fraction,4390912,0.15339381992816925
robust,6,train/clip_fraction,4399104,0.17297148704528809
robust,6,train/clip_fraction,4407296,0.19620536267757416
robust,6,train/clip_fraction,4415488,0.1692708283662796
robust,6,train/clip_fraction,4423680,0.22545397281646729
robust,6,train/clip_fraction,4431872,0.19501036405563354
robust,6,train/clip_fraction,4440064,0.14492753148078918
robust,6,train/clip_fraction,4448256,0.22153253853321075
robust,6,train/clip_fraction,4456448,0.1570030152797699
robust,6,train/clip_fraction,4464640,0.1293402761220932
robust,6,train/clip_fraction,4472832,0.18593749403953552
robust,6,train/clip_fraction,4481024,0.205473855137825
robust,6,train/clip_fraction,4489216,0.19687500596046448
robust,6,train/clip_fraction,4497408,0.17027243971824646
robust,6,train/clip_fraction,4505600,0.24158653616905212
robust,6,train/clip_fraction,4513792,0.20191271603107452
robust,6,train/clip_fraction,4521984,0.1870860904455185
robust,6,train/clip_fraction,4530176,0.17510417103767395
robust,6,train/clip_fraction,4538368,0.2085597813129425
robust,6,train/clip_fraction,4546560,0.22189831733703613
robust,6,train/clip_fraction,4554752,0.21109312772750854
robust,6,train/clip_fraction,4562944,0.123291015625
robust,6,train/clip_fraction,4571136,0.14415322244167328
robust,6,train/clip_fraction,4579328,0.1816653460264206
robust,6,train/clip_fraction,4587520,0.18299278616905212
robust,6,train/clip_fraction,4595712,0.17055600881576538
robust,6,train/clip_fraction,4603904,0.18226207792758942
robust,6,train/clip_fraction,4612096,0.20995214581489563
robust,6,train/clip_fraction,4620288,0.19045813381671906
robust,6,train/clip_fraction,4628480,0.1365201324224472
robust,6,train/clip_fraction,4636672,0.2085193395614624
robust,6,train/clip_fraction,4644864,0.1982296109199524
robust,6,train/clip_fraction,4653056,0.22527629137039185
robust,6,train/clip_fraction,4661248,0.1709480881690979
robust,6,train/clip_fraction,4669440,0.18354885280132294
robust,6,train/clip_fraction,4677632,0.19408312439918518
robust,6,train/clip_fraction,4685824,0.127976194024086
robust,6,train/clip_fraction,4694016,0.19113372266292572
robust,6,train/clip_fraction,4702208,0.20140480995178223
robust,6,train/clip_fraction,4710400,0.2133246511220932
robust,6,train/clip_fraction,4718592,0.2104334682226181
robust,6,train/clip_fraction,4726784,0.22313596308231354
robust,6,train/clip_fraction,4734976,0.10274621099233627
robust,6,train/clip_fraction,4743168,0.16764019429683685
robust,6,train/clip_fraction,4751360,0.20287297666072845
robust,6,train/clip_fraction,4759552,0.19397522509098053
robust,6,train/clip_fraction,4767744,0.10477941483259201
robust,6,train/clip_fraction,4775936,0.169348806142807
robust,6,train/clip_fraction,4784128,0.19706812500953674
robust,6,train/clip_fraction,4792320,0.21513031423091888
robust,6,train/clip_fraction,4800512,0.18139880895614624
robust,6,train/clip_fraction,4808704,0.1847694218158722
robust,6,train/clip_fraction,4816896,0.21658416092395782
robust,6,train/clip_fraction,4825088,0.18203552067279816
robust,6,train/clip_fraction,4833280,0.1714819222688675
robust,6,train/clip_fraction,4841472,0.1796875
robust,6,train/clip_fraction,4849664,0.1979166716337204
robust,6,train/clip_fraction,4857856,0.22651366889476776
robust,6,train/clip_fraction,4866048,0.20554956793785095
robust,6,train/clip_fraction,4874240,0.16612499952316284
robust,6,train/clip_fraction,4882432,0.16364146769046783
robust,6,train/clip_fraction,4890624,0.19900497794151306
robust,6,train/clip_fraction,4898816,0.21724459528923035
robust,6,train/clip_fraction,4907008,0.20544610917568207
robust,6,train/clip_fraction,4915200,0.22392608225345612
robust,6,train/clip_fraction,4923392,0.21665845811367035
robust,6,train/clip_fraction,4931584,0.22237256169319153
robust,6,train/clip_fraction,4939776,0.1349431872367859
robust,6,train/clip_fraction,4947968,0.1751217544078827
robust,6,train/clip_fraction,4956160,0.17575430870056152
robust,6,train/clip_fraction,4964352,0.1570248007774353
robust,6,train/clip_fraction,4972544,0.18191459774971008
robust,6,train/clip_fraction,4980736,0.1888766586780548
robust,6,train/clip_fraction,4988928,0.1198601946234703
robust,6,train/clip_fraction,4997120,0.17175926268100739
robust,6,train/clip_fraction,5005312,0.2131536602973938
robust,7,rollout/ep_rew_mean,8192,105.98332214355469
robust,7,rollout/ep_rew_mean,16384,163.63880920410156
robust,7,rollout/ep_rew_mean,24576,185.4835205078125
robust,7,rollout/ep_rew_mean,32768,160.98114013671875
robust,7,rollout/ep_rew_mean,40960,189.49786376953125
robust,7,rollout/ep_rew_mean,49152,182.80087280273438
robust,7,rollout/ep_rew_mean,57344,174.0441436767578
robust,7,rollout/ep_rew_mean,65536,176.6273651123047
robust,7,rollout/ep_rew_mean,73728,162.1259002685547
robust,7,rollout/ep_rew_mean,81920,155.7348175048828
robust,7,rollout/ep_rew_mean,90112,151.76333618164062
robust,7,rollout/ep_rew_mean,98304,174.97364807128906
robust,7,rollout/ep_rew_mean,106496,184.2730712890625
robust,7,rollout/ep_rew_mean,114688,173.46669006347656
robust,7,rollout/ep_rew_mean,122880,204.41749572753906
robust,7,rollout/ep_rew_mean,131072,197.3516387939453
robust,7,rollout/ep_rew_mean,139264,264.0000305175781
robust,7,rollout/ep_rew_mean,147456,207.16685485839844
robust,7,rollout/ep_rew_mean,155648,184.69146728515625
robust,7,rollout/ep_rew_mean,163840,216.74111938476562
robust,7,rollout/ep_rew_mean,172032,217.6182861328125
robust,7,rollout/ep_rew_mean,180224,193.89157104492188
robust,7,rollout/ep_rew_mean,188416,205.5718536376953
robust,7,rollout/ep_rew_mean,196608,271.3049011230469
robust,7,rollout/ep_rew_mean,204800,290.6318054199219
robust,7,rollout/ep_rew_mean,212992,327.0700988769531
robust,7,rollout/ep_rew_mean,221184,282.9595947265625
robust,7,rollout/ep_rew_mean,229376,250.34901428222656
robust,7,rollout/ep_rew_mean,237568,240.15093994140625
robust,7,rollout/ep_rew_mean,245760,261.7001953125
robust,7,rollout/ep_rew_mean,253952,262.13592529296875
robust,7,rollout/ep_rew_mean,262144,213.98782348632812
robust,7,rollout/ep_rew_mean,270336,224.76980590820312
robust,7,rollout/ep_rew_mean,278528,259.22161865234375
robust,7,rollout/ep_rew_mean,286720,303.9859313964844
robust,7,rollout/ep_rew_mean,294912,311.0068054199219
robust,7,rollout/ep_rew_mean,303104,301.39447021484375
robust,7,rollout/ep_rew_mean,311296,333.02838134765625
robust,7,rollout/ep_rew_mean,319488,350.4530944824219
robust,7,rollout/ep_rew_mean,327680,339.5512390136719
robust,7,rollout/ep_rew_mean,335872,338.2593688964844
robust,7,rollout/ep_rew_mean,344064,350.6651916503906
robust,7,rollout/ep_rew_mean,352256,341.0347595214844
robust,7,rollout/ep_rew_mean,360448,394.6780090332031
robust,7,rollout/ep_rew_mean,368640,360.4640197753906
robust,7,rollout/ep_rew_mean,376832,401.1879577636719
robust,7,rollout/ep_rew_mean,385024,345.9462890625
robust,7,rollout/ep_rew_mean,393216,332.4298400878906
robust,7,rollout/ep_rew_mean,401408,300.1130676269531
robust,7,rollout/ep_rew_mean,409600,309.0415344238281
robust,7,rollout/ep_rew_mean,417792,289.149169921875
robust,7,rollout/ep_rew_mean,425984,321.6934814453125
robust,7,rollout/ep_rew_mean,434176,343.2460021972656
robust,7,rollout/ep_rew_mean,442368,400.0744323730469
robust,7,rollout/ep_rew_mean,450560,420.37799072265625
robust,7,rollout/ep_rew_mean,458752,391.88519287109375
robust,7,rollout/ep_rew_mean,466944,334.8482666015625
robust,7,rollout/ep_rew_mean,475136,357.69171142578125
robust,7,rollout/ep_rew_mean,483328,345.2281494140625
robust,7,rollout/ep_rew_mean,491520,343.2119445800781
robust,7,rollout/ep_rew_mean,499712,363.79638671875
robust,7,rollout/ep_rew_mean,507904,389.1029968261719
robust,7,rollout/ep_rew_mean,516096,371.4244384765625
robust,7,rollout/ep_rew_mean,524288,337.6773681640625
robust,7,rollout/ep_rew_mean,532480,355.9214782714844
robust,7,rollout/ep_rew_mean,540672,357.4136047363281
robust,7,rollout/ep_rew_mean,548864,378.71820068359375
robust,7,rollout/ep_rew_mean,557056,299.7904357910156
robust,7,rollout/ep_rew_mean,565248,372.2625427246094
robust,7,rollout/ep_rew_mean,573440,373.89013671875
robust,7,rollout/ep_rew_mean,581632,362.9010009765625
robust,7,rollout/ep_rew_mean,589824,374.9630432128906
robust,7,rollout/ep_rew_mean,598016,397.2191467285156
robust,7,rollout/ep_rew_mean,606208,454.4328308105469
robust,7,rollout/ep_rew_mean,614400,454.9469299316406
robust,7,rollout/ep_rew_mean,622592,513.7448120117188
robust,7,rollout/ep_rew_mean,630784,514.051513671875
robust,7,rollout/ep_rew_mean,638976,554.5200805664062
robust,7,rollout/ep_rew_mean,647168,496.1653137207031
robust,7,rollout/ep_rew_mean,655360,514.3026123046875
robust,7,rollout/ep_rew_mean,663552,444.1279296875
robust,7,rollout/ep_rew_mean,671744,466.2944030761719
robust,7,rollout/ep_rew_mean,679936,467.7025146484375
robust,7,rollout/ep_rew_mean,688128,439.4258117675781
robust,7,rollout/ep_rew_mean,696320,504.9771728515625
robust,7,rollout/ep_rew_mean,704512,526.4578247070312
robust,7,rollout/ep_rew_mean,712704,504.1634216308594
robust,7,rollout/ep_rew_mean,720896,540.9471435546875
robust,7,rollout/ep_rew_mean,729088,518.6946411132812
robust,7,rollout/ep_rew_mean,737280,493.9458923339844
robust,7,rollout/ep_rew_mean,745472,447.6488037109375
robust,7,rollout/ep_rew_mean,753664,425.47357177734375
robust,7,rollout/ep_rew_mean,761856,428.7838439941406
robust,7,rollout/ep_rew_mean,770048,390.21368408203125
robust,7,rollout/ep_rew_mean,778240,450.81427001953125
robust,7,rollout/ep_rew_mean,786432,471.88525390625
robust,7,rollout/ep_rew_mean,794624,504.2290344238281
robust,7,rollout/ep_rew_mean,802816,540.3483276367188
robust,7,rollout/ep_rew_mean,811008,536.9149780273438
robust,7,rollout/ep_rew_mean,819200,472.0150146484375
robust,7,rollout/ep_rew_mean,827392,408.48736572265625
robust,7,rollout/ep_rew_mean,835584,427.8831787109375
robust,7,rollout/ep_rew_mean,843776,433.5125427246094
robust,7,rollout/ep_rew_mean,851968,421.64459228515625
robust,7,rollout/ep_rew_mean,860160,464.16156005859375
robust,7,rollout/ep_rew_mean,868352,469.6903076171875
robust,7,rollout/ep_rew_mean,876544,480.0023498535156
robust,7,rollout/ep_rew_mean,884736,546.7838134765625
robust,7,rollout/ep_rew_mean,892928,586.7169189453125
robust,7,rollout/ep_rew_mean,901120,617.73779296875
robust,7,rollout/ep_rew_mean,909312,671.0144653320312
robust,7,rollout/ep_rew_mean,917504,654.7723388671875
robust,7,rollout/ep_rew_mean,925696,645.0721435546875
robust,7,rollout/ep_rew_mean,933888,574.6807250976562
robust,7,rollout/ep_rew_mean,942080,540.6693725585938
robust,7,rollout/ep_rew_mean,950272,580.6430053710938
robust,7,rollout/ep_rew_mean,958464,618.5586547851562
robust,7,rollout/ep_rew_mean,966656,650.0542602539062
robust,7,rollout/ep_rew_mean,974848,692.0662841796875
robust,7,rollout/ep_rew_mean,983040,718.6360473632812
robust,7,rollout/ep_rew_mean,991232,760.29541015625
robust,7,rollout/ep_rew_mean,999424,792.6027221679688
robust,7,rollout/ep_rew_mean,1007616,776.044677734375
robust,7,rollout/ep_rew_mean,1015808,772.1328735351562
robust,7,rollout/ep_rew_mean,1024000,800.7256469726562
robust,7,rollout/ep_rew_mean,1032192,807.740478515625
robust,7,rollout/ep_rew_mean,1040384,768.697021484375
robust,7,rollout/ep_rew_mean,1048576,723.5859985351562
robust,7,rollout/ep_rew_mean,1056768,747.44921875
robust,7,rollout/ep_rew_mean,1064960,739.3278198242188
robust,7,rollout/ep_rew_mean,1073152,659.1463012695312
robust,7,rollout/ep_rew_mean,1081344,675.2984008789062
robust,7,rollout/ep_rew_mean,1089536,700.6102905273438
robust,7,rollout/ep_rew_mean,1097728,726.2600708007812
robust,7,rollout/ep_rew_mean,1105920,743.6790771484375
robust,7,rollout/ep_rew_mean,1114112,721.4658813476562
robust,7,rollout/ep_rew_mean,1122304,767.2161254882812
robust,7,rollout/ep_rew_mean,1130496,770.097900390625
robust,7,rollout/ep_rew_mean,1138688,763.2588500976562
robust,7,rollout/ep_rew_mean,1146880,757.5512084960938
robust,7,rollout/ep_rew_mean,1155072,775.5146484375
robust,7,rollout/ep_rew_mean,1163264,724.685302734375
robust,7,rollout/ep_rew_mean,1171456,704.272705078125
robust,7,rollout/ep_rew_mean,1179648,725.1345825195312
robust,7,rollout/ep_rew_mean,1187840,745.2308959960938
robust,7,rollout/ep_rew_mean,1196032,796.4537963867188
robust,7,rollout/ep_rew_mean,1204224,761.4242553710938
robust,7,rollout/ep_rew_mean,1212416,787.2630615234375
robust,7,rollout/ep_rew_mean,1220608,751.0169677734375
robust,7,rollout/ep_rew_mean,1228800,781.4794921875
robust,7,rollout/ep_rew_mean,1236992,806.1961059570312
robust,7,rollout/ep_rew_mean,1245184,732.4376220703125
robust,7,rollout/ep_rew_mean,1253376,766.5767822265625
robust,7,rollout/ep_rew_mean,1261568,816.9180297851562
robust,7,rollout/ep_rew_mean,1269760,855.6301879882812
robust,7,rollout/ep_rew_mean,1277952,867.1973876953125
robust,7,rollout/ep_rew_mean,1286144,855.462646484375
robust,7,rollout/ep_rew_mean,1294336,859.3462524414062
robust,7,rollout/ep_rew_mean,1302528,890.0897216796875
robust,7,rollout/ep_rew_mean,1310720,817.730712890625
robust,7,rollout/ep_rew_mean,1318912,707.7720947265625
robust,7,rollout/ep_rew_mean,1327104,726.6805419921875
robust,7,rollout/ep_rew_mean,1335296,764.717041015625
robust,7,rollout/ep_rew_mean,1343488,704.012939453125
robust,7,rollout/ep_rew_mean,1351680,715.1852416992188
robust,7,rollout/ep_rew_mean,1359872,669.4498901367188
robust,7,rollout/ep_rew_mean,1368064,748.4232177734375
robust,7,rollout/ep_rew_mean,1376256,695.4744262695312
robust,7,rollout/ep_rew_mean,1384448,704.6725463867188
robust,7,rollout/ep_rew_mean,1392640,776.7463989257812
robust,7,rollout/ep_rew_mean,1400832,789.547119140625
robust,7,rollout/ep_rew_mean,1409024,809.6497192382812
robust,7,rollout/ep_rew_mean,1417216,843.8133544921875
robust,7,rollout/ep_rew_mean,1425408,896.5779418945312
robust,7,rollout/ep_rew_mean,1433600,957.482666015625
robust,7,rollout/ep_rew_mean,1441792,974.732177734375
robust,7,rollout/ep_rew_mean,1449984,881.7994995117188
robust,7,rollout/ep_rew_mean,1458176,912.716552734375
robust,7,rollout/ep_rew_mean,1466368,920.5556030273438
robust,7,rollout/ep_rew_mean,1474560,894.3784790039062
robust,7,rollout/ep_rew_mean,1482752,839.857421875
robust,7,rollout/ep_rew_mean,1490944,871.1353759765625
robust,7,rollout/ep_rew_mean,1499136,881.1416015625
robust,7,rollout/ep_rew_mean,1507328,926.91357421875
robust,7,rollout/ep_rew_mean,1515520,972.5918579101562
robust,7,rollout/ep_rew_mean,1523712,972.2290649414062
robust,7,rollout/ep_rew_mean,1531904,1022.1963500976562
robust,7,rollout/ep_rew_mean,1540096,1030.101318359375
robust,7,rollout/ep_rew_mean,1548288,1022.3405151367188
robust,7,rollout/ep_rew_mean,1556480,980.993896484375
robust,7,rollout/ep_rew_mean,1564672,955.8507080078125
robust,7,rollout/ep_rew_mean,1572864,971.1206665039062
robust,7,rollout/ep_rew_mean,1581056,842.9111938476562
robust,7,rollout/ep_rew_mean,1589248,764.782958984375
robust,7,rollout/ep_rew_mean,1597440,774.3461303710938
robust,7,rollout/ep_rew_mean,1605632,799.8803100585938
robust,7,rollout/ep_rew_mean,1613824,835.2747192382812
robust,7,rollout/ep_rew_mean,1622016,868.1982421875
robust,7,rollout/ep_rew_mean,1630208,890.6798706054688
robust,7,rollout/ep_rew_mean,1638400,940.357177734375
robust,7,rollout/ep_rew_mean,1646592,1009.9158935546875
robust,7,rollout/ep_rew_mean,1654784,1026.5858154296875
robust,7,rollout/ep_rew_mean,1662976,1052.87109375
robust,7,rollout/ep_rew_mean,1671168,1060.157470703125
robust,7,rollout/ep_rew_mean,1679360,1073.9764404296875
robust,7,rollout/ep_rew_mean,1687552,913.0331420898438
robust,7,rollout/ep_rew_mean,1695744,944.6799926757812
robust,7,rollout/ep_rew_mean,1703936,940.8195190429688
robust,7,rollout/ep_rew_mean,1712128,954.499267578125
robust,7,rollout/ep_rew_mean,1720320,972.5018920898438
robust,7,rollout/ep_rew_mean,1728512,990.720703125
robust,7,rollout/ep_rew_mean,1736704,977.2637939453125
robust,7,rollout/ep_rew_mean,1744896,1044.1558837890625
robust,7,rollout/ep_rew_mean,1753088,1115.749267578125
robust,7,rollout/ep_rew_mean,1761280,1148.0025634765625
robust,7,rollout/ep_rew_mean,1769472,1124.2718505859375
robust,7,rollout/ep_rew_mean,1777664,1098.760009765625
robust,7,rollout/ep_rew_mean,1785856,1108.6236572265625
robust,7,rollout/ep_rew_mean,1794048,1097.2655029296875
robust,7,rollout/ep_rew_mean,1802240,1139.272705078125
robust,7,rollout/ep_rew_mean,1810432,1114.4244384765625
robust,7,rollout/ep_rew_mean,1818624,1099.7237548828125
robust,7,rollout/ep_rew_mean,1826816,1052.7083740234375
robust,7,rollout/ep_rew_mean,1835008,1042.97412109375
robust,7,rollout/ep_rew_mean,1843200,1124.9781494140625
robust,7,rollout/ep_rew_mean,1851392,1094.5081787109375
robust,7,rollout/ep_rew_mean,1859584,1088.3819580078125
robust,7,rollout/ep_rew_mean,1867776,1044.9713134765625
robust,7,rollout/ep_rew_mean,1875968,1056.963623046875
robust,7,rollout/ep_rew_mean,1884160,1072.700439453125
robust,7,rollout/ep_rew_mean,1892352,1131.9132080078125
robust,7,rollout/ep_rew_mean,1900544,1165.62841796875
robust,7,rollout/ep_rew_mean,1908736,1182.3067626953125
robust,7,rollout/ep_rew_mean,1916928,1215.5736083984375
robust,7,rollout/ep_rew_mean,1925120,1231.2093505859375
robust,7,rollout/ep_rew_mean,1933312,1230.1693115234375
robust,7,rollout/ep_rew_mean,1941504,1247.80078125
robust,7,rollout/ep_rew_mean,1949696,1246.445556640625
robust,7,rollout/ep_rew_mean,1957888,1275.673583984375
robust,7,rollout/ep_rew_mean,1966080,1282.6395263671875
robust,7,rollout/ep_rew_mean,1974272,1234.3394775390625
robust,7,rollout/ep_rew_mean,1982464,1159.42041015625
robust,7,rollout/ep_rew_mean,1990656,1175.0433349609375
robust,7,rollout/ep_rew_mean,1998848,1184.91015625
robust,7,rollout/ep_rew_mean,2007040,1187.830810546875
robust,7,rollout/ep_rew_mean,2015232,1182.477294921875
robust,7,rollout/ep_rew_mean,2023424,1145.068359375
robust,7,rollout/ep_rew_mean,2031616,1124.5557861328125
robust,7,rollout/ep_rew_mean,2039808,1148.13427734375
robust,7,rollout/ep_rew_mean,2048000,1159.1097412109375
robust,7,rollout/ep_rew_mean,2056192,1179.47265625
robust,7,rollout/ep_rew_mean,2064384,1208.9669189453125
robust,7,rollout/ep_rew_mean,2072576,1226.5107421875
robust,7,rollout/ep_rew_mean,2080768,1253.1474609375
robust,7,rollout/ep_rew_mean,2088960,1294.75244140625
robust,7,rollout/ep_rew_mean,2097152,1280.605712890625
robust,7,rollout/ep_rew_mean,2105344,1263.7550048828125
robust,7,rollout/ep_rew_mean,2113536,1246.5364990234375
robust,7,rollout/ep_rew_mean,2121728,1291.42431640625
robust,7,rollout/ep_rew_mean,2129920,1262.24658203125
robust,7,rollout/ep_rew_mean,2138112,1239.5096435546875
robust,7,rollout/ep_rew_mean,2146304,1222.5181884765625
robust,7,rollout/ep_rew_mean,2154496,1215.2637939453125
robust,7,rollout/ep_rew_mean,2162688,1245.06689453125
robust,7,rollout/ep_rew_mean,2170880,1298.919921875
robust,7,rollout/ep_rew_mean,2179072,1241.4951171875
robust,7,rollout/ep_rew_mean,2187264,1205.685546875
robust,7,rollout/ep_rew_mean,2195456,1250.3802490234375
robust,7,rollout/ep_rew_mean,2203648,1274.472900390625
robust,7,rollout/ep_rew_mean,2211840,1267.7618408203125
robust,7,rollout/ep_rew_mean,2220032,1299.0794677734375
robust,7,rollout/ep_rew_mean,2228224,1322.266845703125
robust,7,rollout/ep_rew_mean,2236416,1305.320556640625
robust,7,rollout/ep_rew_mean,2244608,1320.1065673828125
robust,7,rollout/ep_rew_mean,2252800,1397.8707275390625
robust,7,rollout/ep_rew_mean,2260992,1414.1983642578125
robust,7,rollout/ep_rew_mean,2269184,1434.5789794921875
robust,7,rollout/ep_rew_mean,2277376,1446.194091796875
robust,7,rollout/ep_rew_mean,2285568,1464.5992431640625
robust,7,rollout/ep_rew_mean,2293760,1413.0633544921875
robust,7,rollout/ep_rew_mean,2301952,1353.1986083984375
robust,7,rollout/ep_rew_mean,2310144,1341.52197265625
robust,7,rollout/ep_rew_mean,2318336,1333.4390869140625
robust,7,rollout/ep_rew_mean,2326528,1323.5189208984375
robust,7,rollout/ep_rew_mean,2334720,1292.402587890625
robust,7,rollout/ep_rew_mean,2342912,1198.78515625
robust,7,rollout/ep_rew_mean,2351104,1247.23974609375
robust,7,rollout/ep_rew_mean,2359296,1254.7701416015625
robust,7,rollout/ep_rew_mean,2367488,1371.879638671875
robust,7,rollout/ep_rew_mean,2375680,1410.7149658203125
robust,7,rollout/ep_rew_mean,2383872,1411.3232421875
robust,7,rollout/ep_rew_mean,2392064,1431.8712158203125
robust,7,rollout/ep_rew_mean,2400256,1401.9246826171875
robust,7,rollout/ep_rew_mean,2408448,1408.562255859375
robust,7,rollout/ep_rew_mean,2416640,1435.4716796875
robust,7,rollout/ep_rew_mean,2424832,1415.125244140625
robust,7,rollout/ep_rew_mean,2433024,1435.1629638671875
robust,7,rollout/ep_rew_mean,2441216,1430.5440673828125
robust,7,rollout/ep_rew_mean,2449408,1435.6796875
robust,7,rollout/ep_rew_mean,2457600,1407.4189453125
robust,7,rollout/ep_rew_mean,2465792,1402.449951171875
robust,7,rollout/ep_rew_mean,2473984,1433.6231689453125
robust,7,rollout/ep_rew_mean,2482176,1468.5621337890625
robust,7,rollout/ep_rew_mean,2490368,1518.525146484375
robust,7,rollout/ep_rew_mean,2498560,1490.9647216796875
robust,7,rollout/ep_rew_mean,2506752,1506.945556640625
robust,7,rollout/ep_rew_mean,2514944,1457.22509765625
robust,7,rollout/ep_rew_mean,2523136,1373.8995361328125
robust,7,rollout/ep_rew_mean,2531328,1432.8519287109375
robust,7,rollout/ep_rew_mean,2539520,1380.025390625
robust,7,rollout/ep_rew_mean,2547712,1353.327392578125
robust,7,rollout/ep_rew_mean,2555904,1318.507080078125
robust,7,rollout/ep_rew_mean,2564096,1311.7562255859375
robust,7,rollout/ep_rew_mean,2572288,1310.381103515625
robust,7,rollout/ep_rew_mean,2580480,1311.477294921875
robust,7,rollout/ep_rew_mean,2588672,1337.5380859375
robust,7,rollout/ep_rew_mean,2596864,1361.6572265625
robust,7,rollout/ep_rew_mean,2605056,1409.77880859375
robust,7,rollout/ep_rew_mean,2613248,1425.733642578125
robust,7,rollout/ep_rew_mean,2621440,1455.5595703125
robust,7,rollout/ep_rew_mean,2629632,1505.264404296875
robust,7,rollout/ep_rew_mean,2637824,1532.5718994140625
robust,7,rollout/ep_rew_mean,2646016,1506.25439453125
robust,7,rollout/ep_rew_mean,2654208,1501.0596923828125
robust,7,rollout/ep_rew_mean,2662400,1464.8739013671875
robust,7,rollout/ep_rew_mean,2670592,1371.720947265625
robust,7,rollout/ep_rew_mean,2678784,1262.508544921875
robust,7,rollout/ep_rew_mean,2686976,1216.1903076171875
robust,7,rollout/ep_rew_mean,2695168,1198.879638671875
robust,7,rollout/ep_rew_mean,2703360,1113.8818359375
robust,7,rollout/ep_rew_mean,2711552,1153.8861083984375
robust,7,rollout/ep_rew_mean,2719744,1176.3052978515625
robust,7,rollout/ep_rew_mean,2727936,1207.425537109375
robust,7,rollout/ep_rew_mean,2736128,1254.362548828125
robust,7,rollout/ep_rew_mean,2744320,1326.4786376953125
robust,7,rollout/ep_rew_mean,2752512,1338.9583740234375
robust,7,rollout/ep_rew_mean,2760704,1351.4693603515625
robust,7,rollout/ep_rew_mean,2768896,1381.732177734375
robust,7,rollout/ep_rew_mean,2777088,1428.6591796875
robust,7,rollout/ep_rew_mean,2785280,1481.239990234375
robust,7,rollout/ep_rew_mean,2793472,1480.67431640625
robust,7,rollout/ep_rew_mean,2801664,1459.4244384765625
robust,7,rollout/ep_rew_mean,2809856,1489.037353515625
robust,7,rollout/ep_rew_mean,2818048,1473.10498046875
robust,7,rollout/ep_rew_mean,2826240,1457.0740966796875
robust,7,rollout/ep_rew_mean,2834432,1510.205078125
robust,7,rollout/ep_rew_mean,2842624,1491.8497314453125
robust,7,rollout/ep_rew_mean,2850816,1492.2086181640625
robust,7,rollout/ep_rew_mean,2859008,1414.2021484375
robust,7,rollout/ep_rew_mean,2867200,1448.40380859375
robust,7,rollout/ep_rew_mean,2875392,1471.8485107421875
robust,7,rollout/ep_rew_mean,2883584,1357.4349365234375
robust,7,rollout/ep_rew_mean,2891776,1367.737060546875
robust,7,rollout/ep_rew_mean,2899968,1254.907470703125
robust,7,rollout/ep_rew_mean,2908160,1271.0433349609375
robust,7,rollout/ep_rew_mean,2916352,1283.4678955078125
robust,7,rollout/ep_rew_mean,2924544,1284.521484375
robust,7,rollout/ep_rew_mean,2932736,1263.4478759765625
robust,7,rollout/ep_rew_mean,2940928,1291.684814453125
robust,7,rollout/ep_rew_mean,2949120,1330.53564453125
robust,7,rollout/ep_rew_mean,2957312,1332.146728515625
robust,7,rollout/ep_rew_mean,2965504,1388.0302734375
robust,7,rollout/ep_rew_mean,2973696,1311.9808349609375
robust,7,rollout/ep_rew_mean,2981888,1331.322265625
robust,7,rollout/ep_rew_mean,2990080,1378.901611328125
robust,7,rollout/ep_rew_mean,2998272,1362.625244140625
robust,7,rollout/ep_rew_mean,3006464,1399.532958984375
robust,7,rollout/ep_rew_mean,3014656,1444.9915771484375
robust,7,rollout/ep_rew_mean,3022848,1495.9188232421875
robust,7,rollout/ep_rew_mean,3031040,1521.444091796875
robust,7,rollout/ep_rew_mean,3039232,1607.976318359375
robust,7,rollout/ep_rew_mean,3047424,1588.5302734375
robust,7,rollout/ep_rew_mean,3055616,1619.7684326171875
robust,7,rollout/ep_rew_mean,3063808,1629.9107666015625
robust,7,rollout/ep_rew_mean,3072000,1613.9188232421875
robust,7,rollout/ep_rew_mean,3080192,1640.7412109375
robust,7,rollout/ep_rew_mean,3088384,1605.2935791015625
robust,7,rollout/ep_rew_mean,3096576,1563.7080078125
robust,7,rollout/ep_rew_mean,3104768,1523.642822265625
robust,7,rollout/ep_rew_mean,3112960,1537.74072265625
robust,7,rollout/ep_rew_mean,3121152,1624.6878662109375
robust,7,rollout/ep_rew_mean,3129344,1671.7596435546875
robust,7,rollout/ep_rew_mean,3137536,1691.56494140625
robust,7,rollout/ep_rew_mean,3145728,1647.1517333984375
robust,7,rollout/ep_rew_mean,3153920,1620.36572265625
robust,7,rollout/ep_rew_mean,3162112,1653.099609375
robust,7,rollout/ep_rew_mean,3170304,1610.342529296875
robust,7,rollout/ep_rew_mean,3178496,1642.584228515625
robust,7,rollout/ep_rew_mean,3186688,1664.191162109375
robust,7,rollout/ep_rew_mean,3194880,1655.5189208984375
robust,7,rollout/ep_rew_mean,3203072,1658.276611328125
robust,7,rollout/ep_rew_mean,3211264,1663.6097412109375
robust,7,rollout/ep_rew_mean,3219456,1632.6064453125
robust,7,rollout/ep_rew_mean,3227648,1645.67919921875
robust,7,rollout/ep_rew_mean,3235840,1640.067138671875
robust,7,rollout/ep_rew_mean,3244032,1638.537109375
robust,7,rollout/ep_rew_mean,3252224,1578.702880859375
robust,7,rollout/ep_rew_mean,3260416,1528.33056640625
robust,7,rollout/ep_rew_mean,3268608,1504.992919921875
robust,7,rollout/ep_rew_mean,3276800,1520.3170166015625
robust,7,rollout/ep_rew_mean,3284992,1525.138671875
robust,7,rollout/ep_rew_mean,3293184,1534.19970703125
robust,7,rollout/ep_rew_mean,3301376,1533.8148193359375
robust,7,rollout/ep_rew_mean,3309568,1502.500244140625
robust,7,rollout/ep_rew_mean,3317760,1522.4178466796875
robust,7,rollout/ep_rew_mean,3325952,1568.087646484375
robust,7,rollout/ep_rew_mean,3334144,1632.207275390625
robust,7,rollout/ep_rew_mean,3342336,1662.92041015625
robust,7,rollout/ep_rew_mean,3350528,1684.2552490234375
robust,7,rollout/ep_rew_mean,3358720,1646.7392578125
robust,7,rollout/ep_rew_mean,3366912,1664.9036865234375
robust,7,rollout/ep_rew_mean,3375104,1638.851318359375
robust,7,rollout/ep_rew_mean,3383296,1693.548095703125
robust,7,rollout/ep_rew_mean,3391488,1683.1072998046875
robust,7,rollout/ep_rew_mean,3399680,1706.343994140625
robust,7,rollout/ep_rew_mean,3407872,1647.3382568359375
robust,7,rollout/ep_rew_mean,3416064,1623.513671875
robust,7,rollout/ep_rew_mean,3424256,1607.343994140625
robust,7,rollout/ep_rew_mean,3432448,1658.768798828125
robust,7,rollout/ep_rew_mean,3440640,1652.8929443359375
robust,7,rollout/ep_rew_mean,3448832,1721.9805908203125
robust,7,rollout/ep_rew_mean,3457024,1733.0775146484375
robust,7,rollout/ep_rew_mean,3465216,1780.57861328125
robust,7,rollout/ep_rew_mean,3473408,1744.7156982421875
robust,7,rollout/ep_rew_mean,3481600,1753.6646728515625
robust,7,rollout/ep_rew_mean,3489792,1827.4581298828125
robust,7,rollout/ep_rew_mean,3497984,1848.5211181640625
robust,7,rollout/ep_rew_mean,3506176,1843.740478515625
robust,7,rollout/ep_rew_mean,3514368,1858.594970703125
robust,7,rollout/ep_rew_mean,3522560,1888.022705078125
robust,7,rollout/ep_rew_mean,3530752,1902.0435791015625
robust,7,rollout/ep_rew_mean,3538944,1904.71533203125
robust,7,rollout/ep_rew_mean,3547136,1885.8397216796875
robust,7,rollout/ep_rew_mean,3555328,1883.584716796875
robust,7,rollout/ep_rew_mean,3563520,1854.6209716796875
robust,7,rollout/ep_rew_mean,3571712,1858.5653076171875
robust,7,rollout/ep_rew_mean,3579904,1879.7144775390625
robust,7,rollout/ep_rew_mean,3588096,1882.369384765625
robust,7,rollout/ep_rew_mean,3596288,1863.04248046875
robust,7,rollout/ep_rew_mean,3604480,1872.96337890625
robust,7,rollout/ep_rew_mean,3612672,1841.63525390625
robust,7,rollout/ep_rew_mean,3620864,1840.4771728515625
robust,7,rollout/ep_rew_mean,3629056,1827.5509033203125
robust,7,rollout/ep_rew_mean,3637248,1895.5003662109375
robust,7,rollout/ep_rew_mean,3645440,1926.0557861328125
robust,7,rollout/ep_rew_mean,3653632,1938.1409912109375
robust,7,rollout/ep_rew_mean,3661824,1909.638427734375
robust,7,rollout/ep_rew_mean,3670016,1885.425048828125
robust,7,rollout/ep_rew_mean,3678208,1814.733154296875
robust,7,rollout/ep_rew_mean,3686400,1840.610107421875
robust,7,rollout/ep_rew_mean,3694592,1874.873046875
robust,7,rollout/ep_rew_mean,3702784,1864.6390380859375
robust,7,rollout/ep_rew_mean,3710976,1919.797607421875
robust,7,rollout/ep_rew_mean,3719168,1917.45556640625
robust,7,rollout/ep_rew_mean,3727360,1920.7666015625
robust,7,rollout/ep_rew_mean,3735552,1898.5682373046875
robust,7,rollout/ep_rew_mean,3743744,1913.1678466796875
robust,7,rollout/ep_rew_mean,3751936,1946.0364990234375
robust,7,rollout/ep_rew_mean,3760128,1953.3861083984375
robust,7,rollout/ep_rew_mean,3768320,1974.9552001953125
robust,7,rollout/ep_rew_mean,3776512,1941.4000244140625
robust,7,rollout/ep_rew_mean,3784704,1956.9603271484375
robust,7,rollout/ep_rew_mean,3792896,1918.5960693359375
robust,7,rollout/ep_rew_mean,3801088,1848.3326416015625
robust,7,rollout/ep_rew_mean,3809280,1866.6600341796875
robust,7,rollout/ep_rew_mean,3817472,1859.977294921875
robust,7,rollout/ep_rew_mean,3825664,1884.774169921875
robust,7,rollout/ep_rew_mean,3833856,1906.879638671875
robust,7,rollout/ep_rew_mean,3842048,1877.4935302734375
robust,7,rollout/ep_rew_mean,3850240,1869.9111328125
robust,7,rollout/ep_rew_mean,3858432,1880.3365478515625
robust,7,rollout/ep_rew_mean,3866624,1893.2490234375
robust,7,rollout/ep_rew_mean,3874816,1854.63671875
robust,7,rollout/ep_rew_mean,3883008,1933.97412109375
robust,7,rollout/ep_rew_mean,3891200,1854.6099853515625
robust,7,rollout/ep_rew_mean,3899392,1854.8056640625
robust,7,rollout/ep_rew_mean,3907584,1774.2540283203125
robust,7,rollout/ep_rew_mean,3915776,1816.1468505859375
robust,7,rollout/ep_rew_mean,3923968,1804.1307373046875
robust,7,rollout/ep_rew_mean,3932160,1853.8450927734375
robust,7,rollout/ep_rew_mean,3940352,1879.5726318359375
robust,7,rollout/ep_rew_mean,3948544,1869.2889404296875
robust,7,rollout/ep_rew_mean,3956736,1850.6820068359375
robust,7,rollout/ep_rew_mean,3964928,1875.59619140625
robust,7,rollout/ep_rew_mean,3973120,1918.02392578125
robust,7,rollout/ep_rew_mean,3981312,1873.2427978515625
robust,7,rollout/ep_rew_mean,3989504,1876.677001953125
robust,7,rollout/ep_rew_mean,3997696,1901.0238037109375
robust,7,rollout/ep_rew_mean,4005888,1852.33642578125
robust,7,rollout/ep_rew_mean,4014080,1832.5306396484375
robust,7,rollout/ep_rew_mean,4022272,1828.73046875
robust,7,rollout/ep_rew_mean,4030464,1849.29296875
robust,7,rollout/ep_rew_mean,4038656,1811.91943359375
robust,7,rollout/ep_rew_mean,4046848,1830.527587890625
robust,7,rollout/ep_rew_mean,4055040,1844.627197265625
robust,7,rollout/ep_rew_mean,4063232,1897.6324462890625
robust,7,rollout/ep_rew_mean,4071424,1843.8736572265625
robust,7,rollout/ep_rew_mean,4079616,1878.8404541015625
robust,7,rollout/ep_rew_mean,4087808,1922.7755126953125
robust,7,rollout/ep_rew_mean,4096000,1899.786376953125
robust,7,rollout/ep_rew_mean,4104192,1873.4835205078125
robust,7,rollout/ep_rew_mean,4112384,1894.1561279296875
robust,7,rollout/ep_rew_mean,4120576,1849.182373046875
robust,7,rollout/ep_rew_mean,4128768,1868.57373046875
robust,7,rollout/ep_rew_mean,4136960,1915.0445556640625
robust,7,rollout/ep_rew_mean,4145152,1903.8192138671875
robust,7,rollout/ep_rew_mean,4153344,1900.1658935546875
robust,7,rollout/ep_rew_mean,4161536,1849.6190185546875
robust,7,rollout/ep_rew_mean,4169728,1849.9285888671875
robust,7,rollout/ep_rew_mean,4177920,1810.83056640625
robust,7,rollout/ep_rew_mean,4186112,1869.0987548828125
robust,7,rollout/ep_rew_mean,4194304,1899.8446044921875
robust,7,rollout/ep_rew_mean,4202496,1819.5467529296875
robust,7,rollout/ep_rew_mean,4210688,1761.832763671875
robust,7,rollout/ep_rew_mean,4218880,1773.4671630859375
robust,7,rollout/ep_rew_mean,4227072,1715.343505859375
robust,7,rollout/ep_rew_mean,4235264,1747.9119873046875
robust,7,rollout/ep_rew_mean,4243456,1746.71826171875
robust,7,rollout/ep_rew_mean,4251648,1747.8505859375
robust,7,rollout/ep_rew_mean,4259840,1684.280517578125
robust,7,rollout/ep_rew_mean,4268032,1737.1881103515625
robust,7,rollout/ep_rew_mean,4276224,1749.9244384765625
robust,7,rollout/ep_rew_mean,4284416,1806.36767578125
robust,7,rollout/ep_rew_mean,4292608,1800.7906494140625
robust,7,rollout/ep_rew_mean,4300800,1817.4454345703125
robust,7,rollout/ep_rew_mean,4308992,1860.598388671875
robust,7,rollout/ep_rew_mean,4317184,1865.4261474609375
robust,7,rollout/ep_rew_mean,4325376,1945.8687744140625
robust,7,rollout/ep_rew_mean,4333568,1877.6136474609375
robust,7,rollout/ep_rew_mean,4341760,1865.79833984375
robust,7,rollout/ep_rew_mean,4349952,1885.179443359375
robust,7,rollout/ep_rew_mean,4358144,1892.000244140625
robust,7,rollout/ep_rew_mean,4366336,1862.39404296875
robust,7,rollout/ep_rew_mean,4374528,1847.1390380859375
robust,7,rollout/ep_rew_mean,4382720,1849.8345947265625
robust,7,rollout/ep_rew_mean,4390912,1828.0301513671875
robust,7,rollout/ep_rew_mean,4399104,1805.606689453125
robust,7,rollout/ep_rew_mean,4407296,1866.2327880859375
robust,7,rollout/ep_rew_mean,4415488,1917.4849853515625
robust,7,rollout/ep_rew_mean,4423680,1928.8333740234375
robust,7,rollout/ep_rew_mean,4431872,1944.5377197265625
robust,7,rollout/ep_rew_mean,4440064,1937.67724609375
robust,7,rollout/ep_rew_mean,4448256,2013.5845947265625
robust,7,rollout/ep_rew_mean,4456448,2017.6346435546875
robust,7,rollout/ep_rew_mean,4464640,1979.8153076171875
robust,7,rollout/ep_rew_mean,4472832,1925.522705078125
robust,7,rollout/ep_rew_mean,4481024,1943.5838623046875
robust,7,rollout/ep_rew_mean,4489216,1984.8165283203125
robust,7,rollout/ep_rew_mean,4497408,1953.2393798828125
robust,7,rollout/ep_rew_mean,4505600,1970.4478759765625
robust,7,rollout/ep_rew_mean,4513792,1967.0196533203125
robust,7,rollout/ep_rew_mean,4521984,2020.2684326171875
robust,7,rollout/ep_rew_mean,4530176,1996.731689453125
robust,7,rollout/ep_rew_mean,4538368,2041.072021484375
robust,7,rollout/ep_rew_mean,4546560,2053.962646484375
robust,7,rollout/ep_rew_mean,4554752,2093.2529296875
robust,7,rollout/ep_rew_mean,4562944,2077.595458984375
robust,7,rollout/ep_rew_mean,4571136,2038.261962890625
robust,7,rollout/ep_rew_mean,4579328,2085.3759765625
robust,7,rollout/ep_rew_mean,4587520,2076.27734375
robust,7,rollout/ep_rew_mean,4595712,2083.71728515625
robust,7,rollout/ep_rew_mean,4603904,2102.1220703125
robust,7,rollout/ep_rew_mean,4612096,2161.247802734375
robust,7,rollout/ep_rew_mean,4620288,2130.653076171875
robust,7,rollout/ep_rew_mean,4628480,2157.18896484375
robust,7,rollout/ep_rew_mean,4636672,2190.10595703125
robust,7,rollout/ep_rew_mean,4644864,2230.7392578125
robust,7,rollout/ep_rew_mean,4653056,2233.853271484375
robust,7,rollout/ep_rew_mean,4661248,2255.971435546875
robust,7,rollout/ep_rew_mean,4669440,2250.7216796875
robust,7,rollout/ep_rew_mean,4677632,2245.102783203125
robust,7,rollout/ep_rew_mean,4685824,2243.4873046875
robust,7,rollout/ep_rew_mean,4694016,2196.384033203125
robust,7,rollout/ep_rew_mean,4702208,2119.839111328125
robust,7,rollout/ep_rew_mean,4710400,2053.34619140625
robust,7,rollout/ep_rew_mean,4718592,2070.736328125
robust,7,rollout/ep_rew_mean,4726784,2044.3873291015625
robust,7,rollout/ep_rew_mean,4734976,2036.4453125
robust,7,rollout/ep_rew_mean,4743168,2042.4429931640625
robust,7,rollout/ep_rew_mean,4751360,2031.2138671875
robust,7,rollout/ep_rew_mean,4759552,2088.831787109375
robust,7,rollout/ep_rew_mean,4767744,2063.218017578125
robust,7,rollout/ep_rew_mean,4775936,2058.087158203125
robust,7,rollout/ep_rew_mean,4784128,2062.76708984375
robust,7,rollout/ep_rew_mean,4792320,2083.052490234375
robust,7,rollout/ep_rew_mean,4800512,1987.9720458984375
robust,7,rollout/ep_rew_mean,4808704,1970.691162109375
robust,7,rollout/ep_rew_mean,4816896,1956.521728515625
robust,7,rollout/ep_rew_mean,4825088,1953.9779052734375
robust,7,rollout/ep_rew_mean,4833280,1958.0360107421875
robust,7,rollout/ep_rew_mean,4841472,1978.2471923828125
robust,7,rollout/ep_rew_mean,4849664,2015.7769775390625
robust,7,rollout/ep_rew_mean,4857856,2064.590576171875
robust,7,rollout/ep_rew_mean,4866048,2156.79931640625
robust,7,rollout/ep_rew_mean,4874240,2124.821044921875
robust,7,rollout/ep_rew_mean,4882432,2198.51025390625
robust,7,rollout/ep_rew_mean,4890624,2223.8701171875
robust,7,rollout/ep_rew_mean,4898816,2235.9970703125
robust,7,rollout/ep_rew_mean,4907008,2249.2724609375
robust,7,rollout/ep_rew_mean,4915200,2272.838623046875
robust,7,rollout/ep_rew_mean,4923392,2271.5576171875
robust,7,rollout/ep_rew_mean,4931584,2237.470458984375
robust,7,rollout/ep_rew_mean,4939776,2210.008056640625
robust,7,rollout/ep_rew_mean,4947968,2204.176513671875
robust,7,rollout/ep_rew_mean,4956160,2163.283203125
robust,7,rollout/ep_rew_mean,4964352,2123.484375
robust,7,rollout/ep_rew_mean,4972544,2138.529052734375
robust,7,rollout/ep_rew_mean,4980736,2167.06787109375
robust,7,rollout/ep_rew_mean,4988928,2175.81396484375
robust,7,rollout/ep_rew_mean,4997120,2184.03173828125
robust,7,rollout/ep_rew_mean,5005312,2131.03515625
robust,7,rollout/ep_len_mean,8192,89.67857360839844
robust,7,rollout/ep_len_mean,16384,140.6999969482422
robust,7,rollout/ep_len_mean,24576,159.1699981689453
robust,7,rollout/ep_len_mean,32768,133.67999267578125
robust,7,rollout/ep_len_mean,40960,152.69000244140625
robust,7,rollout/ep_len_mean,49152,155.7899932861328
robust,7,rollout/ep_len_mean,57344,144.50999450683594
robust,7,rollout/ep_len_mean,65536,151.5500030517578
robust,7,rollout/ep_len_mean,73728,137.35000610351562
robust,7,rollout/ep_len_mean,81920,132.2100067138672
robust,7,rollout/ep_len_mean,90112,132.60000610351562
robust,7,rollout/ep_len_mean,98304,149.92999267578125
robust,7,rollout/ep_len_mean,106496,155.36000061035156
robust,7,rollout/ep_len_mean,114688,146.22999572753906
robust,7,rollout/ep_len_mean,122880,169.11000061035156
robust,7,rollout/ep_len_mean,131072,157.94000244140625
robust,7,rollout/ep_len_mean,139264,203.35000610351562
robust,7,rollout/ep_len_mean,147456,164.0
robust,7,rollout/ep_len_mean,155648,151.0399932861328
robust,7,rollout/ep_len_mean,163840,176.39999389648438
robust,7,rollout/ep_len_mean,172032,178.49000549316406
robust,7,rollout/ep_len_mean,180224,162.50999450683594
robust,7,rollout/ep_len_mean,188416,174.74000549316406
robust,7,rollout/ep_len_mean,196608,218.25
robust,7,rollout/ep_len_mean,204800,234.77999877929688
robust,7,rollout/ep_len_mean,212992,264.6600036621094
robust,7,rollout/ep_len_mean,221184,239.75999450683594
robust,7,rollout/ep_len_mean,229376,208.55999755859375
robust,7,rollout/ep_len_mean,237568,204.77999877929688
robust,7,rollout/ep_len_mean,245760,218.25
robust,7,rollout/ep_len_mean,253952,217.5800018310547
robust,7,rollout/ep_len_mean,262144,173.94000244140625
robust,7,rollout/ep_len_mean,270336,183.9499969482422
robust,7,rollout/ep_len_mean,278528,210.14999389648438
robust,7,rollout/ep_len_mean,286720,242.4499969482422
robust,7,rollout/ep_len_mean,294912,250.58999633789062
robust,7,rollout/ep_len_mean,303104,236.14999389648438
robust,7,rollout/ep_len_mean,311296,254.0800018310547
robust,7,rollout/ep_len_mean,319488,266.0299987792969
robust,7,rollout/ep_len_mean,327680,264.8299865722656
robust,7,rollout/ep_len_mean,335872,261.7799987792969
robust,7,rollout/ep_len_mean,344064,279.3500061035156
robust,7,rollout/ep_len_mean,352256,267.25
robust,7,rollout/ep_len_mean,360448,300.0400085449219
robust,7,rollout/ep_len_mean,368640,277.9100036621094
robust,7,rollout/ep_len_mean,376832,300.7200012207031
robust,7,rollout/ep_len_mean,385024,259.0299987792969
robust,7,rollout/ep_len_mean,393216,247.52999877929688
robust,7,rollout/ep_len_mean,401408,233.75
robust,7,rollout/ep_len_mean,409600,244.22999572753906
robust,7,rollout/ep_len_mean,417792,226.16000366210938
robust,7,rollout/ep_len_mean,425984,246.7899932861328
robust,7,rollout/ep_len_mean,434176,267.8399963378906
robust,7,rollout/ep_len_mean,442368,313.67999267578125
robust,7,rollout/ep_len_mean,450560,336.3500061035156
robust,7,rollout/ep_len_mean,458752,307.739990234375
robust,7,rollout/ep_len_mean,466944,255.47000122070312
robust,7,rollout/ep_len_mean,475136,266.760009765625
robust,7,rollout/ep_len_mean,483328,263.3999938964844
robust,7,rollout/ep_len_mean,491520,263.67999267578125
robust,7,rollout/ep_len_mean,499712,278.29998779296875
robust,7,rollout/ep_len_mean,507904,296.54998779296875
robust,7,rollout/ep_len_mean,516096,282.70001220703125
robust,7,rollout/ep_len_mean,524288,261.07000732421875
robust,7,rollout/ep_len_mean,532480,268.9599914550781
robust,7,rollout/ep_len_mean,540672,266.5299987792969
robust,7,rollout/ep_len_mean,548864,289.4700012207031
robust,7,rollout/ep_len_mean,557056,235.75
robust,7,rollout/ep_len_mean,565248,288.1099853515625
robust,7,rollout/ep_len_mean,573440,293.6700134277344
robust,7,rollout/ep_len_mean,581632,276.57000732421875
robust,7,rollout/ep_len_mean,589824,289.5299987792969
robust,7,rollout/ep_len_mean,598016,309.3699951171875
robust,7,rollout/ep_len_mean,606208,343.9599914550781
robust,7,rollout/ep_len_mean,614400,351.3900146484375
robust,7,rollout/ep_len_mean,622592,395.8299865722656
robust,7,rollout/ep_len_mean,630784,394.1099853515625
robust,7,rollout/ep_len_mean,638976,418.2699890136719
robust,7,rollout/ep_len_mean,647168,377.29998779296875
robust,7,rollout/ep_len_mean,655360,384.82000732421875
robust,7,rollout/ep_len_mean,663552,337.1499938964844
robust,7,rollout/ep_len_mean,671744,351.989990234375
robust,7,rollout/ep_len_mean,679936,348.44000244140625
robust,7,rollout/ep_len_mean,688128,326.5899963378906
robust,7,rollout/ep_len_mean,696320,371.8599853515625
robust,7,rollout/ep_len_mean,704512,385.5400085449219
robust,7,rollout/ep_len_mean,712704,365.260009765625
robust,7,rollout/ep_len_mean,720896,394.95001220703125
robust,7,rollout/ep_len_mean,729088,384.5
robust,7,rollout/ep_len_mean,737280,361.9800109863281
robust,7,rollout/ep_len_mean,745472,337.6000061035156
robust,7,rollout/ep_len_mean,753664,323.25
robust,7,rollout/ep_len_mean,761856,329.1000061035156
robust,7,rollout/ep_len_mean,770048,300.8999938964844
robust,7,rollout/ep_len_mean,778240,344.0
robust,7,rollout/ep_len_mean,786432,354.989990234375
robust,7,rollout/ep_len_mean,794624,376.9200134277344
robust,7,rollout/ep_len_mean,802816,399.45001220703125
robust,7,rollout/ep_len_mean,811008,399.94000244140625
robust,7,rollout/ep_len_mean,819200,346.4700012207031
robust,7,rollout/ep_len_mean,827392,290.04998779296875
robust,7,rollout/ep_len_mean,835584,293.5899963378906
robust,7,rollout/ep_len_mean,843776,303.5400085449219
robust,7,rollout/ep_len_mean,851968,297.79998779296875
robust,7,rollout/ep_len_mean,860160,333.6400146484375
robust,7,rollout/ep_len_mean,868352,341.9800109863281
robust,7,rollout/ep_len_mean,876544,350.260009765625
robust,7,rollout/ep_len_mean,884736,396.010009765625
robust,7,rollout/ep_len_mean,892928,430.92999267578125
robust,7,rollout/ep_len_mean,901120,455.54998779296875
robust,7,rollout/ep_len_mean,909312,490.94000244140625
robust,7,rollout/ep_len_mean,917504,475.5400085449219
robust,7,rollout/ep_len_mean,925696,470.4599914550781
robust,7,rollout/ep_len_mean,933888,410.5299987792969
robust,7,rollout/ep_len_mean,942080,383.25
robust,7,rollout/ep_len_mean,950272,408.5
robust,7,rollout/ep_len_mean,958464,435.5299987792969
robust,7,rollout/ep_len_mean,966656,455.3800048828125
robust,7,rollout/ep_len_mean,974848,483.3399963378906
robust,7,rollout/ep_len_mean,983040,496.32000732421875
robust,7,rollout/ep_len_mean,991232,520.8699951171875
robust,7,rollout/ep_len_mean,999424,540.4199829101562
robust,7,rollout/ep_len_mean,1007616,537.0599975585938
robust,7,rollout/ep_len_mean,1015808,528.5700073242188
robust,7,rollout/ep_len_mean,1024000,549.75
robust,7,rollout/ep_len_mean,1032192,550.97998046875
robust,7,rollout/ep_len_mean,1040384,531.6900024414062
robust,7,rollout/ep_len_mean,1048576,506.7200012207031
robust,7,rollout/ep_len_mean,1056768,521.510009765625
robust,7,rollout/ep_len_mean,1064960,512.2899780273438
robust,7,rollout/ep_len_mean,1073152,456.1700134277344
robust,7,rollout/ep_len_mean,1081344,468.260009765625
robust,7,rollout/ep_len_mean,1089536,485.1600036621094
robust,7,rollout/ep_len_mean,1097728,497.1000061035156
robust,7,rollout/ep_len_mean,1105920,510.5899963378906
robust,7,rollout/ep_len_mean,1114112,491.760009765625
robust,7,rollout/ep_len_mean,1122304,515.1300048828125
robust,7,rollout/ep_len_mean,1130496,516.8599853515625
robust,7,rollout/ep_len_mean,1138688,509.0299987792969
robust,7,rollout/ep_len_mean,1146880,512.8599853515625
robust,7,rollout/ep_len_mean,1155072,521.5499877929688
robust,7,rollout/ep_len_mean,1163264,485.3699951171875
robust,7,rollout/ep_len_mean,1171456,476.7699890136719
robust,7,rollout/ep_len_mean,1179648,493.489990234375
robust,7,rollout/ep_len_mean,1187840,504.67999267578125
robust,7,rollout/ep_len_mean,1196032,535.75
robust,7,rollout/ep_len_mean,1204224,510.82000732421875
robust,7,rollout/ep_len_mean,1212416,524.1900024414062
robust,7,rollout/ep_len_mean,1220608,508.510009765625
robust,7,rollout/ep_len_mean,1228800,526.719970703125
robust,7,rollout/ep_len_mean,1236992,540.260009765625
robust,7,rollout/ep_len_mean,1245184,497.2699890136719
robust,7,rollout/ep_len_mean,1253376,524.9299926757812
robust,7,rollout/ep_len_mean,1261568,557.8099975585938
robust,7,rollout/ep_len_mean,1269760,584.8699951171875
robust,7,rollout/ep_len_mean,1277952,587.2999877929688
robust,7,rollout/ep_len_mean,1286144,570.1199951171875
robust,7,rollout/ep_len_mean,1294336,568.27001953125
robust,7,rollout/ep_len_mean,1302528,585.72998046875
robust,7,rollout/ep_len_mean,1310720,529.6699829101562
robust,7,rollout/ep_len_mean,1318912,460.05999755859375
robust,7,rollout/ep_len_mean,1327104,472.07000732421875
robust,7,rollout/ep_len_mean,1335296,496.510009765625
robust,7,rollout/ep_len_mean,1343488,458.9200134277344
robust,7,rollout/ep_len_mean,1351680,467.6000061035156
robust,7,rollout/ep_len_mean,1359872,436.19000244140625
robust,7,rollout/ep_len_mean,1368064,486.1300048828125
robust,7,rollout/ep_len_mean,1376256,449.94000244140625
robust,7,rollout/ep_len_mean,1384448,454.82000732421875
robust,7,rollout/ep_len_mean,1392640,500.92999267578125
robust,7,rollout/ep_len_mean,1400832,504.6700134277344
robust,7,rollout/ep_len_mean,1409024,522.9600219726562
robust,7,rollout/ep_len_mean,1417216,542.8800048828125
robust,7,rollout/ep_len_mean,1425408,574.510009765625
robust,7,rollout/ep_len_mean,1433600,613.4500122070312
robust,7,rollout/ep_len_mean,1441792,623.5700073242188
robust,7,rollout/ep_len_mean,1449984,564.0599975585938
robust,7,rollout/ep_len_mean,1458176,582.1599731445312
robust,7,rollout/ep_len_mean,1466368,583.6500244140625
robust,7,rollout/ep_len_mean,1474560,567.989990234375
robust,7,rollout/ep_len_mean,1482752,531.25
robust,7,rollout/ep_len_mean,1490944,547.0900268554688
robust,7,rollout/ep_len_mean,1499136,551.6199951171875
robust,7,rollout/ep_len_mean,1507328,582.2000122070312
robust,7,rollout/ep_len_mean,1515520,609.719970703125
robust,7,rollout/ep_len_mean,1523712,606.010009765625
robust,7,rollout/ep_len_mean,1531904,638.6799926757812
robust,7,rollout/ep_len_mean,1540096,638.469970703125
robust,7,rollout/ep_len_mean,1548288,632.8800048828125
robust,7,rollout/ep_len_mean,1556480,608.5499877929688
robust,7,rollout/ep_len_mean,1564672,589.8400268554688
robust,7,rollout/ep_len_mean,1572864,595.3300170898438
robust,7,rollout/ep_len_mean,1581056,513.7000122070312
robust,7,rollout/ep_len_mean,1589248,471.07000732421875
robust,7,rollout/ep_len_mean,1597440,480.0
robust,7,rollout/ep_len_mean,1605632,495.8500061035156
robust,7,rollout/ep_len_mean,1613824,514.489990234375
robust,7,rollout/ep_len_mean,1622016,533.6500244140625
robust,7,rollout/ep_len_mean,1630208,543.8499755859375
robust,7,rollout/ep_len_mean,1638400,576.719970703125
robust,7,rollout/ep_len_mean,1646592,619.6599731445312
robust,7,rollout/ep_len_mean,1654784,623.1900024414062
robust,7,rollout/ep_len_mean,1662976,636.22998046875
robust,7,rollout/ep_len_mean,1671168,639.22998046875
robust,7,rollout/ep_len_mean,1679360,647.469970703125
robust,7,rollout/ep_len_mean,1687552,558.27001953125
robust,7,rollout/ep_len_mean,1695744,576.2899780273438
robust,7,rollout/ep_len_mean,1703936,572.6300048828125
robust,7,rollout/ep_len_mean,1712128,579.25
robust,7,rollout/ep_len_mean,1720320,586.1599731445312
robust,7,rollout/ep_len_mean,1728512,594.6099853515625
robust,7,rollout/ep_len_mean,1736704,587.1599731445312
robust,7,rollout/ep_len_mean,1744896,624.6099853515625
robust,7,rollout/ep_len_mean,1753088,661.2899780273438
robust,7,rollout/ep_len_mean,1761280,681.4299926757812
robust,7,rollout/ep_len_mean,1769472,658.2899780273438
robust,7,rollout/ep_len_mean,1777664,646.3400268554688
robust,7,rollout/ep_len_mean,1785856,650.5999755859375
robust,7,rollout/ep_len_mean,1794048,639.6699829101562
robust,7,rollout/ep_len_mean,1802240,661.6099853515625
robust,7,rollout/ep_len_mean,1810432,642.8499755859375
robust,7,rollout/ep_len_mean,1818624,633.8400268554688
robust,7,rollout/ep_len_mean,1826816,608.22998046875
robust,7,rollout/ep_len_mean,1835008,605.9500122070312
robust,7,rollout/ep_len_mean,1843200,651.8699951171875
robust,7,rollout/ep_len_mean,1851392,635.6199951171875
robust,7,rollout/ep_len_mean,1859584,634.8599853515625
robust,7,rollout/ep_len_mean,1867776,609.6699829101562
robust,7,rollout/ep_len_mean,1875968,621.0399780273438
robust,7,rollout/ep_len_mean,1884160,624.760009765625
robust,7,rollout/ep_len_mean,1892352,655.75
robust,7,rollout/ep_len_mean,1900544,674.8099975585938
robust,7,rollout/ep_len_mean,1908736,677.9000244140625
robust,7,rollout/ep_len_mean,1916928,694.1199951171875
robust,7,rollout/ep_len_mean,1925120,700.6500244140625
robust,7,rollout/ep_len_mean,1933312,700.6300048828125
robust,7,rollout/ep_len_mean,1941504,711.0
robust,7,rollout/ep_len_mean,1949696,711.5399780273438
robust,7,rollout/ep_len_mean,1957888,728.25
robust,7,rollout/ep_len_mean,1966080,732.47998046875
robust,7,rollout/ep_len_mean,1974272,707.1099853515625
robust,7,rollout/ep_len_mean,1982464,661.0999755859375
robust,7,rollout/ep_len_mean,1990656,669.760009765625
robust,7,rollout/ep_len_mean,1998848,675.3900146484375
robust,7,rollout/ep_len_mean,2007040,671.9199829101562
robust,7,rollout/ep_len_mean,2015232,664.1099853515625
robust,7,rollout/ep_len_mean,2023424,642.3400268554688
robust,7,rollout/ep_len_mean,2031616,629.9299926757812
robust,7,rollout/ep_len_mean,2039808,640.780029296875
robust,7,rollout/ep_len_mean,2048000,646.0599975585938
robust,7,rollout/ep_len_mean,2056192,658.489990234375
robust,7,rollout/ep_len_mean,2064384,670.4099731445312
robust,7,rollout/ep_len_mean,2072576,680.5499877929688
robust,7,rollout/ep_len_mean,2080768,696.5599975585938
robust,7,rollout/ep_len_mean,2088960,719.02001953125
robust,7,rollout/ep_len_mean,2097152,708.8900146484375
robust,7,rollout/ep_len_mean,2105344,698.3400268554688
robust,7,rollout/ep_len_mean,2113536,685.5399780273438
robust,7,rollout/ep_len_mean,2121728,706.7100219726562
robust,7,rollout/ep_len_mean,2129920,689.7000122070312
robust,7,rollout/ep_len_mean,2138112,674.3499755859375
robust,7,rollout/ep_len_mean,2146304,666.0399780273438
robust,7,rollout/ep_len_mean,2154496,656.2999877929688
robust,7,rollout/ep_len_mean,2162688,671.5800170898438
robust,7,rollout/ep_len_mean,2170880,697.1099853515625
robust,7,rollout/ep_len_mean,2179072,665.3800048828125
robust,7,rollout/ep_len_mean,2187264,647.6599731445312
robust,7,rollout/ep_len_mean,2195456,670.4000244140625
robust,7,rollout/ep_len_mean,2203648,679.22998046875
robust,7,rollout/ep_len_mean,2211840,679.6699829101562
robust,7,rollout/ep_len_mean,2220032,693.1199951171875
robust,7,rollout/ep_len_mean,2228224,705.7000122070312
robust,7,rollout/ep_len_mean,2236416,696.6099853515625
robust,7,rollout/ep_len_mean,2244608,704.739990234375
robust,7,rollout/ep_len_mean,2252800,744.4000244140625
robust,7,rollout/ep_len_mean,2260992,751.6799926757812
robust,7,rollout/ep_len_mean,2269184,760.02001953125
robust,7,rollout/ep_len_mean,2277376,763.72998046875
robust,7,rollout/ep_len_mean,2285568,769.3300170898438
robust,7,rollout/ep_len_mean,2293760,738.0499877929688
robust,7,rollout/ep_len_mean,2301952,705.8800048828125
robust,7,rollout/ep_len_mean,2310144,697.6199951171875
robust,7,rollout/ep_len_mean,2318336,689.9000244140625
robust,7,rollout/ep_len_mean,2326528,685.3800048828125
robust,7,rollout/ep_len_mean,2334720,667.6900024414062
robust,7,rollout/ep_len_mean,2342912,622.6900024414062
robust,7,rollout/ep_len_mean,2351104,646.0499877929688
robust,7,rollout/ep_len_mean,2359296,651.9400024414062
robust,7,rollout/ep_len_mean,2367488,710.0399780273438
robust,7,rollout/ep_len_mean,2375680,727.8099975585938
robust,7,rollout/ep_len_mean,2383872,726.4299926757812
robust,7,rollout/ep_len_mean,2392064,736.4299926757812
robust,7,rollout/ep_len_mean,2400256,717.8300170898438
robust,7,rollout/ep_len_mean,2408448,720.47998046875
robust,7,rollout/ep_len_mean,2416640,731.8800048828125
robust,7,rollout/ep_len_mean,2424832,718.5999755859375
robust,7,rollout/ep_len_mean,2433024,728.6799926757812
robust,7,rollout/ep_len_mean,2441216,726.4199829101562
robust,7,rollout/ep_len_mean,2449408,728.0800170898438
robust,7,rollout/ep_len_mean,2457600,716.0800170898438
robust,7,rollout/ep_len_mean,2465792,712.2899780273438
robust,7,rollout/ep_len_mean,2473984,725.0800170898438
robust,7,rollout/ep_len_mean,2482176,739.72998046875
robust,7,rollout/ep_len_mean,2490368,763.0599975585938
robust,7,rollout/ep_len_mean,2498560,748.3900146484375
robust,7,rollout/ep_len_mean,2506752,754.9099731445312
robust,7,rollout/ep_len_mean,2514944,724.3099975585938
robust,7,rollout/ep_len_mean,2523136,681.3800048828125
robust,7,rollout/ep_len_mean,2531328,706.3900146484375
robust,7,rollout/ep_len_mean,2539520,677.469970703125
robust,7,rollout/ep_len_mean,2547712,664.0399780273438
robust,7,rollout/ep_len_mean,2555904,646.0999755859375
robust,7,rollout/ep_len_mean,2564096,642.0999755859375
robust,7,rollout/ep_len_mean,2572288,642.3900146484375
robust,7,rollout/ep_len_mean,2580480,644.4600219726562
robust,7,rollout/ep_len_mean,2588672,659.1400146484375
robust,7,rollout/ep_len_mean,2596864,672.5599975585938
robust,7,rollout/ep_len_mean,2605056,695.5900268554688
robust,7,rollout/ep_len_mean,2613248,705.6699829101562
robust,7,rollout/ep_len_mean,2621440,719.969970703125
robust,7,rollout/ep_len_mean,2629632,743.1400146484375
robust,7,rollout/ep_len_mean,2637824,752.0700073242188
robust,7,rollout/ep_len_mean,2646016,742.469970703125
robust,7,rollout/ep_len_mean,2654208,738.0800170898438
robust,7,rollout/ep_len_mean,2662400,721.219970703125
robust,7,rollout/ep_len_mean,2670592,674.0999755859375
robust,7,rollout/ep_len_mean,2678784,619.27001953125
robust,7,rollout/ep_len_mean,2686976,599.1599731445312
robust,7,rollout/ep_len_mean,2695168,591.219970703125
robust,7,rollout/ep_len_mean,2703360,544.3499755859375
robust,7,rollout/ep_len_mean,2711552,562.760009765625
robust,7,rollout/ep_len_mean,2719744,571.52001953125
robust,7,rollout/ep_len_mean,2727936,586.0
robust,7,rollout/ep_len_mean,2736128,607.9600219726562
robust,7,rollout/ep_len_mean,2744320,642.2000122070312
robust,7,rollout/ep_len_mean,2752512,647.260009765625
robust,7,rollout/ep_len_mean,2760704,651.5599975585938
robust,7,rollout/ep_len_mean,2768896,668.9500122070312
robust,7,rollout/ep_len_mean,2777088,688.1300048828125
robust,7,rollout/ep_len_mean,2785280,714.0399780273438
robust,7,rollout/ep_len_mean,2793472,711.9099731445312
robust,7,rollout/ep_len_mean,2801664,700.6300048828125
robust,7,rollout/ep_len_mean,2809856,713.030029296875
robust,7,rollout/ep_len_mean,2818048,702.489990234375
robust,7,rollout/ep_len_mean,2826240,694.2999877929688
robust,7,rollout/ep_len_mean,2834432,718.7000122070312
robust,7,rollout/ep_len_mean,2842624,708.469970703125
robust,7,rollout/ep_len_mean,2850816,707.0499877929688
robust,7,rollout/ep_len_mean,2859008,669.8400268554688
robust,7,rollout/ep_len_mean,2867200,686.739990234375
robust,7,rollout/ep_len_mean,2875392,697.7000122070312
robust,7,rollout/ep_len_mean,2883584,644.5999755859375
robust,7,rollout/ep_len_mean,2891776,646.989990234375
robust,7,rollout/ep_len_mean,2899968,594.3099975585938
robust,7,rollout/ep_len_mean,2908160,602.2899780273438
robust,7,rollout/ep_len_mean,2916352,608.9099731445312
robust,7,rollout/ep_len_mean,2924544,608.4199829101562
robust,7,rollout/ep_len_mean,2932736,598.27001953125
robust,7,rollout/ep_len_mean,2940928,611.8400268554688
robust,7,rollout/ep_len_mean,2949120,629.7899780273438
robust,7,rollout/ep_len_mean,2957312,629.4299926757812
robust,7,rollout/ep_len_mean,2965504,653.0900268554688
robust,7,rollout/ep_len_mean,2973696,616.280029296875
robust,7,rollout/ep_len_mean,2981888,622.510009765625
robust,7,rollout/ep_len_mean,2990080,643.6099853515625
robust,7,rollout/ep_len_mean,2998272,639.1199951171875
robust,7,rollout/ep_len_mean,3006464,656.8800048828125
robust,7,rollout/ep_len_mean,3014656,674.9099731445312
robust,7,rollout/ep_len_mean,3022848,699.5399780273438
robust,7,rollout/ep_len_mean,3031040,708.2999877929688
robust,7,rollout/ep_len_mean,3039232,750.489990234375
robust,7,rollout/ep_len_mean,3047424,741.489990234375
robust,7,rollout/ep_len_mean,3055616,756.3599853515625
robust,7,rollout/ep_len_mean,3063808,761.22998046875
robust,7,rollout/ep_len_mean,3072000,751.72998046875
robust,7,rollout/ep_len_mean,3080192,763.0499877929688
robust,7,rollout/ep_len_mean,3088384,744.489990234375
robust,7,rollout/ep_len_mean,3096576,724.6099853515625
robust,7,rollout/ep_len_mean,3104768,707.1599731445312
robust,7,rollout/ep_len_mean,3112960,713.6900024414062
robust,7,rollout/ep_len_mean,3121152,750.780029296875
robust,7,rollout/ep_len_mean,3129344,774.6400146484375
robust,7,rollout/ep_len_mean,3137536,783.1300048828125
robust,7,rollout/ep_len_mean,3145728,765.1599731445312
robust,7,rollout/ep_len_mean,3153920,750.1699829101562
robust,7,rollout/ep_len_mean,3162112,767.97998046875
robust,7,rollout/ep_len_mean,3170304,748.6699829101562
robust,7,rollout/ep_len_mean,3178496,764.780029296875
robust,7,rollout/ep_len_mean,3186688,775.0900268554688
robust,7,rollout/ep_len_mean,3194880,772.97998046875
robust,7,rollout/ep_len_mean,3203072,773.2999877929688
robust,7,rollout/ep_len_mean,3211264,774.9199829101562
robust,7,rollout/ep_len_mean,3219456,758.8300170898438
robust,7,rollout/ep_len_mean,3227648,765.010009765625
robust,7,rollout/ep_len_mean,3235840,764.530029296875
robust,7,rollout/ep_len_mean,3244032,760.6900024414062
robust,7,rollout/ep_len_mean,3252224,731.8200073242188
robust,7,rollout/ep_len_mean,3260416,707.8900146484375
robust,7,rollout/ep_len_mean,3268608,698.3300170898438
robust,7,rollout/ep_len_mean,3276800,703.5499877929688
robust,7,rollout/ep_len_mean,3284992,706.8099975585938
robust,7,rollout/ep_len_mean,3293184,709.030029296875
robust,7,rollout/ep_len_mean,3301376,709.6199951171875
robust,7,rollout/ep_len_mean,3309568,694.0999755859375
robust,7,rollout/ep_len_mean,3317760,703.7899780273438
robust,7,rollout/ep_len_mean,3325952,724.22998046875
robust,7,rollout/ep_len_mean,3334144,751.77001953125
robust,7,rollout/ep_len_mean,3342336,765.719970703125
robust,7,rollout/ep_len_mean,3350528,774.3699951171875
robust,7,rollout/ep_len_mean,3358720,753.6799926757812
robust,7,rollout/ep_len_mean,3366912,759.8900146484375
robust,7,rollout/ep_len_mean,3375104,747.1900024414062
robust,7,rollout/ep_len_mean,3383296,770.8599853515625
robust,7,rollout/ep_len_mean,3391488,765.510009765625
robust,7,rollout/ep_len_mean,3399680,773.9299926757812
robust,7,rollout/ep_len_mean,3407872,748.5999755859375
robust,7,rollout/ep_len_mean,3416064,734.8200073242188
robust,7,rollout/ep_len_mean,3424256,727.030029296875
robust,7,rollout/ep_len_mean,3432448,748.6799926757812
robust,7,rollout/ep_len_mean,3440640,749.5499877929688
robust,7,rollout/ep_len_mean,3448832,780.260009765625
robust,7,rollout/ep_len_mean,3457024,783.780029296875
robust,7,rollout/ep_len_mean,3465216,806.1400146484375
robust,7,rollout/ep_len_mean,3473408,790.4600219726562
robust,7,rollout/ep_len_mean,3481600,792.0
robust,7,rollout/ep_len_mean,3489792,824.530029296875
robust,7,rollout/ep_len_mean,3497984,832.8400268554688
robust,7,rollout/ep_len_mean,3506176,831.2100219726562
robust,7,rollout/ep_len_mean,3514368,839.010009765625
robust,7,rollout/ep_len_mean,3522560,851.530029296875
robust,7,rollout/ep_len_mean,3530752,857.260009765625
robust,7,rollout/ep_len_mean,3538944,855.7000122070312
robust,7,rollout/ep_len_mean,3547136,844.6799926757812
robust,7,rollout/ep_len_mean,3555328,839.8499755859375
robust,7,rollout/ep_len_mean,3563520,826.4600219726562
robust,7,rollout/ep_len_mean,3571712,826.8400268554688
robust,7,rollout/ep_len_mean,3579904,836.3099975585938
robust,7,rollout/ep_len_mean,3588096,838.260009765625
robust,7,rollout/ep_len_mean,3596288,826.6699829101562
robust,7,rollout/ep_len_mean,3604480,831.489990234375
robust,7,rollout/ep_len_mean,3612672,817.030029296875
robust,7,rollout/ep_len_mean,3620864,817.2999877929688
robust,7,rollout/ep_len_mean,3629056,810.5700073242188
robust,7,rollout/ep_len_mean,3637248,841.3499755859375
robust,7,rollout/ep_len_mean,3645440,854.5900268554688
robust,7,rollout/ep_len_mean,3653632,857.9199829101562
robust,7,rollout/ep_len_mean,3661824,844.7999877929688
robust,7,rollout/ep_len_mean,3670016,830.9299926757812
robust,7,rollout/ep_len_mean,3678208,797.280029296875
robust,7,rollout/ep_len_mean,3686400,805.8800048828125
robust,7,rollout/ep_len_mean,3694592,821.3400268554688
robust,7,rollout/ep_len_mean,3702784,817.22998046875
robust,7,rollout/ep_len_mean,3710976,838.9000244140625
robust,7,rollout/ep_len_mean,3719168,836.47998046875
robust,7,rollout/ep_len_mean,3727360,839.260009765625
robust,7,rollout/ep_len_mean,3735552,829.3099975585938
robust,7,rollout/ep_len_mean,3743744,833.3200073242188
robust,7,rollout/ep_len_mean,3751936,844.6699829101562
robust,7,rollout/ep_len_mean,3760128,848.4600219726562
robust,7,rollout/ep_len_mean,3768320,858.010009765625
robust,7,rollout/ep_len_mean,3776512,840.8400268554688
robust,7,rollout/ep_len_mean,3784704,846.0999755859375
robust,7,rollout/ep_len_mean,3792896,829.6400146484375
robust,7,rollout/ep_len_mean,3801088,794.3599853515625
robust,7,rollout/ep_len_mean,3809280,800.1199951171875
robust,7,rollout/ep_len_mean,3817472,797.9600219726562
robust,7,rollout/ep_len_mean,3825664,808.0399780273438
robust,7,rollout/ep_len_mean,3833856,817.72998046875
robust,7,rollout/ep_len_mean,3842048,804.27001953125
robust,7,rollout/ep_len_mean,3850240,796.7000122070312
robust,7,rollout/ep_len_mean,3858432,800.3900146484375
robust,7,rollout/ep_len_mean,3866624,803.77001953125
robust,7,rollout/ep_len_mean,3874816,786.6900024414062
robust,7,rollout/ep_len_mean,3883008,820.1900024414062
robust,7,rollout/ep_len_mean,3891200,783.0999755859375
robust,7,rollout/ep_len_mean,3899392,783.0900268554688
robust,7,rollout/ep_len_mean,3907584,747.8699951171875
robust,7,rollout/ep_len_mean,3915776,763.9400024414062
robust,7,rollout/ep_len_mean,3923968,758.530029296875
robust,7,rollout/ep_len_mean,3932160,779.52001953125
robust,7,rollout/ep_len_mean,3940352,790.5599975585938
robust,7,rollout/ep_len_mean,3948544,786.0800170898438
robust,7,rollout/ep_len_mean,3956736,779.1599731445312
robust,7,rollout/ep_len_mean,3964928,787.1500244140625
robust,7,rollout/ep_len_mean,3973120,805.0700073242188
robust,7,rollout/ep_len_mean,3981312,786.8300170898438
robust,7,rollout/ep_len_mean,3989504,788.469970703125
robust,7,rollout/ep_len_mean,3997696,798.2100219726562
robust,7,rollout/ep_len_mean,4005888,776.3800048828125
robust,7,rollout/ep_len_mean,4014080,770.3400268554688
robust,7,rollout/ep_len_mean,4022272,770.3800048828125
robust,7,rollout/ep_len_mean,4030464,780.4099731445312
robust,7,rollout/ep_len_mean,4038656,765.0800170898438
robust,7,rollout/ep_len_mean,4046848,772.1799926757812
robust,7,rollout/ep_len_mean,4055040,778.2000122070312
robust,7,rollout/ep_len_mean,4063232,800.1599731445312
robust,7,rollout/ep_len_mean,4071424,775.5999755859375
robust,7,rollout/ep_len_mean,4079616,788.8200073242188
robust,7,rollout/ep_len_mean,4087808,809.6699829101562
robust,7,rollout/ep_len_mean,4096000,795.280029296875
robust,7,rollout/ep_len_mean,4104192,783.02001953125
robust,7,rollout/ep_len_mean,4112384,791.97998046875
robust,7,rollout/ep_len_mean,4120576,772.1199951171875
robust,7,rollout/ep_len_mean,4128768,779.6500244140625
robust,7,rollout/ep_len_mean,4136960,797.8699951171875
robust,7,rollout/ep_len_mean,4145152,791.9500122070312
robust,7,rollout/ep_len_mean,4153344,789.510009765625
robust,7,rollout/ep_len_mean,4161536,768.0700073242188
robust,7,rollout/ep_len_mean,4169728,765.72998046875
robust,7,rollout/ep_len_mean,4177920,749.5399780273438
robust,7,rollout/ep_len_mean,4186112,770.4099731445312
robust,7,rollout/ep_len_mean,4194304,783.0599975585938
robust,7,rollout/ep_len_mean,4202496,749.8900146484375
robust,7,rollout/ep_len_mean,4210688,727.8699951171875
robust,7,rollout/ep_len_mean,4218880,734.719970703125
robust,7,rollout/ep_len_mean,4227072,712.0599975585938
robust,7,rollout/ep_len_mean,4235264,725.0399780273438
robust,7,rollout/ep_len_mean,4243456,725.1799926757812
robust,7,rollout/ep_len_mean,4251648,723.3099975585938
robust,7,rollout/ep_len_mean,4259840,697.1400146484375
robust,7,rollout/ep_len_mean,4268032,719.27001953125
robust,7,rollout/ep_len_mean,4276224,724.719970703125
robust,7,rollout/ep_len_mean,4284416,743.2000122070312
robust,7,rollout/ep_len_mean,4292608,739.9400024414062
robust,7,rollout/ep_len_mean,4300800,743.4000244140625
robust,7,rollout/ep_len_mean,4308992,759.7899780273438
robust,7,rollout/ep_len_mean,4317184,760.2100219726562
robust,7,rollout/ep_len_mean,4325376,792.6400146484375
robust,7,rollout/ep_len_mean,4333568,764.7000122070312
robust,7,rollout/ep_len_mean,4341760,757.6500244140625
robust,7,rollout/ep_len_mean,4349952,764.6500244140625
robust,7,rollout/ep_len_mean,4358144,766.969970703125
robust,7,rollout/ep_len_mean,4366336,754.8099975585938
robust,7,rollout/ep_len_mean,4374528,748.780029296875
robust,7,rollout/ep_len_mean,4382720,750.5399780273438
robust,7,rollout/ep_len_mean,4390912,742.260009765625
robust,7,rollout/ep_len_mean,4399104,732.9099731445312
robust,7,rollout/ep_len_mean,4407296,758.22998046875
robust,7,rollout/ep_len_mean,4415488,780.8599853515625
robust,7,rollout/ep_len_mean,4423680,786.1099853515625
robust,7,rollout/ep_len_mean,4431872,789.22998046875
robust,7,rollout/ep_len_mean,4440064,785.3599853515625
robust,7,rollout/ep_len_mean,4448256,814.989990234375
robust,7,rollout/ep_len_mean,4456448,816.6599731445312
robust,7,rollout/ep_len_mean,4464640,801.1900024414062
robust,7,rollout/ep_len_mean,4472832,778.6699829101562
robust,7,rollout/ep_len_mean,4481024,785.6900024414062
robust,7,rollout/ep_len_mean,4489216,802.3800048828125
robust,7,rollout/ep_len_mean,4497408,788.719970703125
robust,7,rollout/ep_len_mean,4505600,794.4199829101562
robust,7,rollout/ep_len_mean,4513792,796.1300048828125
robust,7,rollout/ep_len_mean,4521984,818.2100219726562
robust,7,rollout/ep_len_mean,4530176,807.7000122070312
robust,7,rollout/ep_len_mean,4538368,826.25
robust,7,rollout/ep_len_mean,4546560,831.2100219726562
robust,7,rollout/ep_len_mean,4554752,845.1699829101562
robust,7,rollout/ep_len_mean,4562944,838.510009765625
robust,7,rollout/ep_len_mean,4571136,821.6599731445312
robust,7,rollout/ep_len_mean,4579328,838.5599975585938
robust,7,rollout/ep_len_mean,4587520,836.3699951171875
robust,7,rollout/ep_len_mean,4595712,836.25
robust,7,rollout/ep_len_mean,4603904,839.25
robust,7,rollout/ep_len_mean,4612096,861.2999877929688
robust,7,rollout/ep_len_mean,4620288,848.4500122070312
robust,7,rollout/ep_len_mean,4628480,856.6900024414062
robust,7,rollout/ep_len_mean,4636672,868.6500244140625
robust,7,rollout/ep_len_mean,4644864,882.219970703125
robust,7,rollout/ep_len_mean,4653056,883.3099975585938
robust,7,rollout/ep_len_mean,4661248,891.3300170898438
robust,7,rollout/ep_len_mean,4669440,887.1300048828125
robust,7,rollout/ep_len_mean,4677632,884.5599975585938
robust,7,rollout/ep_len_mean,4685824,883.489990234375
robust,7,rollout/ep_len_mean,4694016,863.8400268554688
robust,7,rollout/ep_len_mean,4702208,832.6400146484375
robust,7,rollout/ep_len_mean,4710400,805.0800170898438
robust,7,rollout/ep_len_mean,4718592,810.9500122070312
robust,7,rollout/ep_len_mean,4726784,802.7100219726562
robust,7,rollout/ep_len_mean,4734976,797.719970703125
robust,7,rollout/ep_len_mean,4743168,796.3400268554688
robust,7,rollout/ep_len_mean,4751360,791.8499755859375
robust,7,rollout/ep_len_mean,4759552,812.9600219726562
robust,7,rollout/ep_len_mean,4767744,801.3200073242188
robust,7,rollout/ep_len_mean,4775936,800.9600219726562
robust,7,rollout/ep_len_mean,4784128,802.6199951171875
robust,7,rollout/ep_len_mean,4792320,810.219970703125
robust,7,rollout/ep_len_mean,4800512,770.760009765625
robust,7,rollout/ep_len_mean,4808704,760.8699951171875
robust,7,rollout/ep_len_mean,4816896,756.77001953125
robust,7,rollout/ep_len_mean,4825088,756.5
robust,7,rollout/ep_len_mean,4833280,754.469970703125
robust,7,rollout/ep_len_mean,4841472,762.0599975585938
robust,7,rollout/ep_len_mean,4849664,776.1500244140625
robust,7,rollout/ep_len_mean,4857856,797.0999755859375
robust,7,rollout/ep_len_mean,4866048,832.780029296875
robust,7,rollout/ep_len_mean,4874240,818.9099731445312
robust,7,rollout/ep_len_mean,4882432,848.2899780273438
robust,7,rollout/ep_len_mean,4890624,857.1099853515625
robust,7,rollout/ep_len_mean,4898816,863.9400024414062
robust,7,rollout/ep_len_mean,4907008,866.219970703125
robust,7,rollout/ep_len_mean,4915200,872.0999755859375
robust,7,rollout/ep_len_mean,4923392,873.2000122070312
robust,7,rollout/ep_len_mean,4931584,859.5599975585938
robust,7,rollout/ep_len_mean,4939776,843.969970703125
robust,7,rollout/ep_len_mean,4947968,839.469970703125
robust,7,rollout/ep_len_mean,4956160,822.6300048828125
robust,7,rollout/ep_len_mean,4964352,803.989990234375
robust,7,rollout/ep_len_mean,4972544,811.530029296875
robust,7,rollout/ep_len_mean,4980736,819.6300048828125
robust,7,rollout/ep_len_mean,4988928,824.4500122070312
robust,7,rollout/ep_len_mean,4997120,826.8300170898438
robust,7,rollout/ep_len_mean,5005312,804.1699829101562
robust,7,train/approx_kl,16384,0.01882912777364254
robust,7,train/approx_kl,24576,0.018360311165452003
robust,7,train/approx_kl,32768,0.01593274250626564
robust,7,train/approx_kl,40960,0.017735779285430908
robust,7,train/approx_kl,49152,0.018068548291921616
robust,7,train/approx_kl,57344,0.02001064084470272
robust,7,train/approx_kl,65536,0.019009817391633987
robust,7,train/approx_kl,73728,0.01994139514863491
robust,7,train/approx_kl,81920,0.0179305337369442
robust,7,train/approx_kl,90112,0.019389670342206955
robust,7,train/approx_kl,98304,0.0200025737285614
robust,7,train/approx_kl,106496,0.02112782746553421
robust,7,train/approx_kl,114688,0.01912924461066723
robust,7,train/approx_kl,122880,0.019358040764927864
robust,7,train/approx_kl,131072,0.021086333319544792
robust,7,train/approx_kl,139264,0.021058185026049614
robust,7,train/approx_kl,147456,0.019669514149427414
robust,7,train/approx_kl,155648,0.01968303509056568
robust,7,train/approx_kl,163840,0.013100476935505867
robust,7,train/approx_kl,172032,0.01089598797261715
robust,7,train/approx_kl,180224,0.01964113861322403
robust,7,train/approx_kl,188416,0.011337891221046448
robust,7,train/approx_kl,196608,0.013907602056860924
robust,7,train/approx_kl,204800,0.013300260528922081
robust,7,train/approx_kl,212992,0.02504764497280121
robust,7,train/approx_kl,221184,0.014189341105520725
robust,7,train/approx_kl,229376,0.01394939050078392
robust,7,train/approx_kl,237568,0.012622514739632607
robust,7,train/approx_kl,245760,0.011601066216826439
robust,7,train/approx_kl,253952,0.01337943784892559
robust,7,train/approx_kl,262144,0.022874874994158745
robust,7,train/approx_kl,270336,0.013505070470273495
robust,7,train/approx_kl,278528,0.011422618292272091
robust,7,train/approx_kl,286720,0.011168333701789379
robust,7,train/approx_kl,294912,0.014038422144949436
robust,7,train/approx_kl,303104,0.02222996950149536
robust,7,train/approx_kl,311296,0.025693049654364586
robust,7,train/approx_kl,319488,0.021924788132309914
robust,7,train/approx_kl,327680,0.0237518772482872
robust,7,train/approx_kl,335872,0.020429102703928947
robust,7,train/approx_kl,344064,0.014883068390190601
robust,7,train/approx_kl,352256,0.013564212247729301
robust,7,train/approx_kl,360448,0.0111272307112813
robust,7,train/approx_kl,368640,0.01469514612108469
robust,7,train/approx_kl,376832,0.012635821476578712
robust,7,train/approx_kl,385024,0.011986229568719864
robust,7,train/approx_kl,393216,0.012027150951325893
robust,7,train/approx_kl,401408,0.013754167594015598
robust,7,train/approx_kl,409600,0.012820020318031311
robust,7,train/approx_kl,417792,0.012743251398205757
robust,7,train/approx_kl,425984,0.020268768072128296
robust,7,train/approx_kl,434176,0.021738750860095024
robust,7,train/approx_kl,442368,0.011560916900634766
robust,7,train/approx_kl,450560,0.013067721389234066
robust,7,train/approx_kl,458752,0.014127155765891075
robust,7,train/approx_kl,466944,0.02387787029147148
robust,7,train/approx_kl,475136,0.02030506357550621
robust,7,train/approx_kl,483328,0.012493743561208248
robust,7,train/approx_kl,491520,0.024952596053481102
robust,7,train/approx_kl,499712,0.011751018464565277
robust,7,train/approx_kl,507904,0.013456051237881184
robust,7,train/approx_kl,516096,0.01291769277304411
robust,7,train/approx_kl,524288,0.014122911728918552
robust,7,train/approx_kl,532480,0.010104292072355747
robust,7,train/approx_kl,540672,0.011841869913041592
robust,7,train/approx_kl,548864,0.014607598073780537
robust,7,train/approx_kl,557056,0.013335871510207653
robust,7,train/approx_kl,565248,0.013229829259216785
robust,7,train/approx_kl,573440,0.010309314355254173
robust,7,train/approx_kl,581632,0.01496952399611473
robust,7,train/approx_kl,589824,0.013943654485046864
robust,7,train/approx_kl,598016,0.01271488331258297
robust,7,train/approx_kl,606208,0.011821790598332882
robust,7,train/approx_kl,614400,0.013017956167459488
robust,7,train/approx_kl,622592,0.015308653935790062
robust,7,train/approx_kl,630784,0.012719927355647087
robust,7,train/approx_kl,638976,0.014040777459740639
robust,7,train/approx_kl,647168,0.01574012078344822
robust,7,train/approx_kl,655360,0.013972270302474499
robust,7,train/approx_kl,663552,0.012554587796330452
robust,7,train/approx_kl,671744,0.014948987402021885
robust,7,train/approx_kl,679936,0.015776388347148895
robust,7,train/approx_kl,688128,0.010462331585586071
robust,7,train/approx_kl,696320,0.01287184376269579
robust,7,train/approx_kl,704512,0.011801035143435001
robust,7,train/approx_kl,712704,0.014369853772222996
robust,7,train/approx_kl,720896,0.013423003256320953
robust,7,train/approx_kl,729088,0.012951548211276531
robust,7,train/approx_kl,737280,0.01616527885198593
robust,7,train/approx_kl,745472,0.0105311069637537
robust,7,train/approx_kl,753664,0.01312784943729639
robust,7,train/approx_kl,761856,0.009416420012712479
robust,7,train/approx_kl,770048,0.014438279904425144
robust,7,train/approx_kl,778240,0.014924156479537487
robust,7,train/approx_kl,786432,0.015867624431848526
robust,7,train/approx_kl,794624,0.010216201655566692
robust,7,train/approx_kl,802816,0.01523452065885067
robust,7,train/approx_kl,811008,0.01156668271869421
robust,7,train/approx_kl,819200,0.013626378029584885
robust,7,train/approx_kl,827392,0.013037694618105888
robust,7,train/approx_kl,835584,0.015015644021332264
robust,7,train/approx_kl,843776,0.014595219865441322
robust,7,train/approx_kl,851968,0.015758132562041283
robust,7,train/approx_kl,860160,0.014134682714939117
robust,7,train/approx_kl,868352,0.011829308234155178
robust,7,train/approx_kl,876544,0.013921616598963737
robust,7,train/approx_kl,884736,0.014116667211055756
robust,7,train/approx_kl,892928,0.012710053473711014
robust,7,train/approx_kl,901120,0.012728171423077583
robust,7,train/approx_kl,909312,0.011749807745218277
robust,7,train/approx_kl,917504,0.012069011107087135
robust,7,train/approx_kl,925696,0.011550079099833965
robust,7,train/approx_kl,933888,0.014213046059012413
robust,7,train/approx_kl,942080,0.009861892089247704
robust,7,train/approx_kl,950272,0.0142404455691576
robust,7,train/approx_kl,958464,0.011348267085850239
robust,7,train/approx_kl,966656,0.012291408143937588
robust,7,train/approx_kl,974848,0.01165311224758625
robust,7,train/approx_kl,983040,0.01572258584201336
robust,7,train/approx_kl,991232,0.012549553997814655
robust,7,train/approx_kl,999424,0.01344365905970335
robust,7,train/approx_kl,1007616,0.013120152056217194
robust,7,train/approx_kl,1015808,0.013671670109033585
robust,7,train/approx_kl,1024000,0.016269158571958542
robust,7,train/approx_kl,1032192,0.025003444403409958
robust,7,train/approx_kl,1040384,0.014661959372460842
robust,7,train/approx_kl,1048576,0.0226570013910532
robust,7,train/approx_kl,1056768,0.010080771520733833
robust,7,train/approx_kl,1064960,0.012133107520639896
robust,7,train/approx_kl,1073152,0.012164200656116009
robust,7,train/approx_kl,1081344,0.013972511515021324
robust,7,train/approx_kl,1089536,0.01468195952475071
robust,7,train/approx_kl,1097728,0.013546815142035484
robust,7,train/approx_kl,1105920,0.013884777203202248
robust,7,train/approx_kl,1114112,0.010532050393521786
robust,7,train/approx_kl,1122304,0.012668842449784279
robust,7,train/approx_kl,1130496,0.014247173443436623
robust,7,train/approx_kl,1138688,0.01666697859764099
robust,7,train/approx_kl,1146880,0.014524499885737896
robust,7,train/approx_kl,1155072,0.015216353349387646
robust,7,train/approx_kl,1163264,0.013054674491286278
robust,7,train/approx_kl,1171456,0.013819225132465363
robust,7,train/approx_kl,1179648,0.03152350336313248
robust,7,train/approx_kl,1187840,0.008152938447892666
robust,7,train/approx_kl,1196032,0.013222016394138336
robust,7,train/approx_kl,1204224,0.013063803315162659
robust,7,train/approx_kl,1212416,0.015831729397177696
robust,7,train/approx_kl,1220608,0.015315580181777477
robust,7,train/approx_kl,1228800,0.013449004851281643
robust,7,train/approx_kl,1236992,0.01371278427541256
robust,7,train/approx_kl,1245184,0.012149317190051079
robust,7,train/approx_kl,1253376,0.014986928552389145
robust,7,train/approx_kl,1261568,0.009939689189195633
robust,7,train/approx_kl,1269760,0.01277716364711523
robust,7,train/approx_kl,1277952,0.01333877444267273
robust,7,train/approx_kl,1286144,0.012916612438857555
robust,7,train/approx_kl,1294336,0.01273081824183464
robust,7,train/approx_kl,1302528,0.01239353884011507
robust,7,train/approx_kl,1310720,0.029654810205101967
robust,7,train/approx_kl,1318912,0.013520412147045135
robust,7,train/approx_kl,1327104,0.012731271795928478
robust,7,train/approx_kl,1335296,0.01154007576406002
robust,7,train/approx_kl,1343488,0.014758221805095673
robust,7,train/approx_kl,1351680,0.01144394651055336
robust,7,train/approx_kl,1359872,0.014139623381197453
robust,7,train/approx_kl,1368064,0.007285508327186108
robust,7,train/approx_kl,1376256,0.025561455637216568
robust,7,train/approx_kl,1384448,0.013229954056441784
robust,7,train/approx_kl,1392640,0.023722393438220024
robust,7,train/approx_kl,1400832,0.015490484423935413
robust,7,train/approx_kl,1409024,0.023590028285980225
robust,7,train/approx_kl,1417216,0.012484514154493809
robust,7,train/approx_kl,1425408,0.014838933944702148
robust,7,train/approx_kl,1433600,0.011480562388896942
robust,7,train/approx_kl,1441792,0.011447246186435223
robust,7,train/approx_kl,1449984,0.012987280264496803
robust,7,train/approx_kl,1458176,0.01201260183006525
robust,7,train/approx_kl,1466368,0.01424128096550703
robust,7,train/approx_kl,1474560,0.024214444682002068
robust,7,train/approx_kl,1482752,0.012031403370201588
robust,7,train/approx_kl,1490944,0.009567121975123882
robust,7,train/approx_kl,1499136,0.013227969408035278
robust,7,train/approx_kl,1507328,0.014101823791861534
robust,7,train/approx_kl,1515520,0.010160921141505241
robust,7,train/approx_kl,1523712,0.027216026559472084
robust,7,train/approx_kl,1531904,0.03156450390815735
robust,7,train/approx_kl,1540096,0.014552202075719833
robust,7,train/approx_kl,1548288,0.011985420249402523
robust,7,train/approx_kl,1556480,0.013118976727128029
robust,7,train/approx_kl,1564672,0.011902418918907642
robust,7,train/approx_kl,1572864,0.01315529178828001
robust,7,train/approx_kl,1581056,0.01220652461051941
robust,7,train/approx_kl,1589248,0.013003242202103138
robust,7,train/approx_kl,1597440,0.013638459146022797
robust,7,train/approx_kl,1605632,0.01000120397657156
robust,7,train/approx_kl,1613824,0.014235488139092922
robust,7,train/approx_kl,1622016,0.01308155246078968
robust,7,train/approx_kl,1630208,0.030547499656677246
robust,7,train/approx_kl,1638400,0.014698267914354801
robust,7,train/approx_kl,1646592,0.011961415410041809
robust,7,train/approx_kl,1654784,0.01335996575653553
robust,7,train/approx_kl,1662976,0.010170567780733109
robust,7,train/approx_kl,1671168,0.014766842126846313
robust,7,train/approx_kl,1679360,0.014539786614477634
robust,7,train/approx_kl,1687552,0.011883837170898914
robust,7,train/approx_kl,1695744,0.011951406486332417
robust,7,train/approx_kl,1703936,0.013585919514298439
robust,7,train/approx_kl,1712128,0.012745911255478859
robust,7,train/approx_kl,1720320,0.014931793324649334
robust,7,train/approx_kl,1728512,0.0114448182284832
robust,7,train/approx_kl,1736704,0.012164651416242123
robust,7,train/approx_kl,1744896,0.014312218874692917
robust,7,train/approx_kl,1753088,0.014136819168925285
robust,7,train/approx_kl,1761280,0.014307249337434769
robust,7,train/approx_kl,1769472,0.009400349110364914
robust,7,train/approx_kl,1777664,0.010017354972660542
robust,7,train/approx_kl,1785856,0.012398794293403625
robust,7,train/approx_kl,1794048,0.012622488662600517
robust,7,train/approx_kl,1802240,0.014527413062751293
robust,7,train/approx_kl,1810432,0.011307679116725922
robust,7,train/approx_kl,1818624,0.024225493893027306
robust,7,train/approx_kl,1826816,0.014503562822937965
robust,7,train/approx_kl,1835008,0.015091067180037498
robust,7,train/approx_kl,1843200,0.02047373168170452
robust,7,train/approx_kl,1851392,0.012912430800497532
robust,7,train/approx_kl,1859584,0.01194913312792778
robust,7,train/approx_kl,1867776,0.013397151604294777
robust,7,train/approx_kl,1875968,0.010319986380636692
robust,7,train/approx_kl,1884160,0.01437502633780241
robust,7,train/approx_kl,1892352,0.013221748173236847
robust,7,train/approx_kl,1900544,0.01303958147764206
robust,7,train/approx_kl,1908736,0.02524581179022789
robust,7,train/approx_kl,1916928,0.013400009833276272
robust,7,train/approx_kl,1925120,0.01199744176119566
robust,7,train/approx_kl,1933312,0.01434481330215931
robust,7,train/approx_kl,1941504,0.014024374075233936
robust,7,train/approx_kl,1949696,0.012704369612038136
robust,7,train/approx_kl,1957888,0.01280459575355053
robust,7,train/approx_kl,1966080,0.01392671000212431
robust,7,train/approx_kl,1974272,0.014852517284452915
robust,7,train/approx_kl,1982464,0.009654494002461433
robust,7,train/approx_kl,1990656,0.01343678031116724
robust,7,train/approx_kl,1998848,0.013914557173848152
robust,7,train/approx_kl,2007040,0.020895477384328842
robust,7,train/approx_kl,2015232,0.011900241486728191
robust,7,train/approx_kl,2023424,0.013525224290788174
robust,7,train/approx_kl,2031616,0.01424796599894762
robust,7,train/approx_kl,2039808,0.022340336814522743
robust,7,train/approx_kl,2048000,0.012782284989953041
robust,7,train/approx_kl,2056192,0.014289378188550472
robust,7,train/approx_kl,2064384,0.014857873320579529
robust,7,train/approx_kl,2072576,0.013382898643612862
robust,7,train/approx_kl,2080768,0.013525494374334812
robust,7,train/approx_kl,2088960,0.012395347468554974
robust,7,train/approx_kl,2097152,0.011870600283145905
robust,7,train/approx_kl,2105344,0.008729114197194576
robust,7,train/approx_kl,2113536,0.010859912261366844
robust,7,train/approx_kl,2121728,0.01467159017920494
robust,7,train/approx_kl,2129920,0.011120658367872238
robust,7,train/approx_kl,2138112,0.015030652284622192
robust,7,train/approx_kl,2146304,0.012334727682173252
robust,7,train/approx_kl,2154496,0.012627259828150272
robust,7,train/approx_kl,2162688,0.01175777893513441
robust,7,train/approx_kl,2170880,0.013510353863239288
robust,7,train/approx_kl,2179072,0.014327038079500198
robust,7,train/approx_kl,2187264,0.015697909519076347
robust,7,train/approx_kl,2195456,0.010924980975687504
robust,7,train/approx_kl,2203648,0.013917919248342514
robust,7,train/approx_kl,2211840,0.010799337178468704
robust,7,train/approx_kl,2220032,0.01457675825804472
robust,7,train/approx_kl,2228224,0.014442481100559235
robust,7,train/approx_kl,2236416,0.011432443745434284
robust,7,train/approx_kl,2244608,0.011588845402002335
robust,7,train/approx_kl,2252800,0.011749007739126682
robust,7,train/approx_kl,2260992,0.021943671628832817
robust,7,train/approx_kl,2269184,0.013255528174340725
robust,7,train/approx_kl,2277376,0.02292049303650856
robust,7,train/approx_kl,2285568,0.011110792867839336
robust,7,train/approx_kl,2293760,0.021389618515968323
robust,7,train/approx_kl,2301952,0.01302405260503292
robust,7,train/approx_kl,2310144,0.011541509069502354
robust,7,train/approx_kl,2318336,0.010752201080322266
robust,7,train/approx_kl,2326528,0.011994298547506332
robust,7,train/approx_kl,2334720,0.014788790605962276
robust,7,train/approx_kl,2342912,0.013697251677513123
robust,7,train/approx_kl,2351104,0.00859760120511055
robust,7,train/approx_kl,2359296,0.01303835865110159
robust,7,train/approx_kl,2367488,0.01232068706303835
robust,7,train/approx_kl,2375680,0.011918537318706512
robust,7,train/approx_kl,2383872,0.01466292142868042
robust,7,train/approx_kl,2392064,0.01274845004081726
robust,7,train/approx_kl,2400256,0.02633802965283394
robust,7,train/approx_kl,2408448,0.011659841984510422
robust,7,train/approx_kl,2416640,0.012456049211323261
robust,7,train/approx_kl,2424832,0.013633646070957184
robust,7,train/approx_kl,2433024,0.012960134074091911
robust,7,train/approx_kl,2441216,0.014606324955821037
robust,7,train/approx_kl,2449408,0.015935147181153297
robust,7,train/approx_kl,2457600,0.01352402288466692
robust,7,train/approx_kl,2465792,0.012203188613057137
robust,7,train/approx_kl,2473984,0.01376766711473465
robust,7,train/approx_kl,2482176,0.012402940541505814
robust,7,train/approx_kl,2490368,0.011603581719100475
robust,7,train/approx_kl,2498560,0.013081756420433521
robust,7,train/approx_kl,2506752,0.014338909648358822
robust,7,train/approx_kl,2514944,0.011800750158727169
robust,7,train/approx_kl,2523136,0.01185360737144947
robust,7,train/approx_kl,2531328,0.011059899814426899
robust,7,train/approx_kl,2539520,0.010649156756699085
robust,7,train/approx_kl,2547712,0.013148901052772999
robust,7,train/approx_kl,2555904,0.013577157631516457
robust,7,train/approx_kl,2564096,0.011605550535023212
robust,7,train/approx_kl,2572288,0.009670719504356384
robust,7,train/approx_kl,2580480,0.010612315498292446
robust,7,train/approx_kl,2588672,0.01241429802030325
robust,7,train/approx_kl,2596864,0.011705473065376282
robust,7,train/approx_kl,2605056,0.014214188791811466
robust,7,train/approx_kl,2613248,0.012291969731450081
robust,7,train/approx_kl,2621440,0.012223027646541595
robust,7,train/approx_kl,2629632,0.01020805723965168
robust,7,train/approx_kl,2637824,0.010018943808972836
robust,7,train/approx_kl,2646016,0.02094373293220997
robust,7,train/approx_kl,2654208,0.02226836234331131
robust,7,train/approx_kl,2662400,0.012675284408032894
robust,7,train/approx_kl,2670592,0.011343693360686302
robust,7,train/approx_kl,2678784,0.010771282017230988
robust,7,train/approx_kl,2686976,0.01206144317984581
robust,7,train/approx_kl,2695168,0.010964023880660534
robust,7,train/approx_kl,2703360,0.01319331768900156
robust,7,train/approx_kl,2711552,0.014878290705382824
robust,7,train/approx_kl,2719744,0.011011231690645218
robust,7,train/approx_kl,2727936,0.03598245978355408
robust,7,train/approx_kl,2736128,0.014792371541261673
robust,7,train/approx_kl,2744320,0.011809221468865871
robust,7,train/approx_kl,2752512,0.01323083508759737
robust,7,train/approx_kl,2760704,0.014600581489503384
robust,7,train/approx_kl,2768896,0.014711301773786545
robust,7,train/approx_kl,2777088,0.023193173110485077
robust,7,train/approx_kl,2785280,0.02568189613521099
robust,7,train/approx_kl,2793472,0.014231019653379917
robust,7,train/approx_kl,2801664,0.010778150521218777
robust,7,train/approx_kl,2809856,0.01422845758497715
robust,7,train/approx_kl,2818048,0.021350126713514328
robust,7,train/approx_kl,2826240,0.012290922924876213
robust,7,train/approx_kl,2834432,0.013573745265603065
robust,7,train/approx_kl,2842624,0.028981482610106468
robust,7,train/approx_kl,2850816,0.013982939533889294
robust,7,train/approx_kl,2859008,0.013536272570490837
robust,7,train/approx_kl,2867200,0.009060274809598923
robust,7,train/approx_kl,2875392,0.010984517633914948
robust,7,train/approx_kl,2883584,0.010876028798520565
robust,7,train/approx_kl,2891776,0.01192183792591095
robust,7,train/approx_kl,2899968,0.011968652717769146
robust,7,train/approx_kl,2908160,0.012781945988535881
robust,7,train/approx_kl,2916352,0.013023007661104202
robust,7,train/approx_kl,2924544,0.010816216468811035
robust,7,train/approx_kl,2932736,0.012792910449206829
robust,7,train/approx_kl,2940928,0.01004707533866167
robust,7,train/approx_kl,2949120,0.012281213887035847
robust,7,train/approx_kl,2957312,0.03243907541036606
robust,7,train/approx_kl,2965504,0.02465324103832245
robust,7,train/approx_kl,2973696,0.008457329124212265
robust,7,train/approx_kl,2981888,0.011193349957466125
robust,7,train/approx_kl,2990080,0.007498512044548988
robust,7,train/approx_kl,2998272,0.02733010984957218
robust,7,train/approx_kl,3006464,0.012796021066606045
robust,7,train/approx_kl,3014656,0.012464339844882488
robust,7,train/approx_kl,3022848,0.01516217552125454
robust,7,train/approx_kl,3031040,0.0225246399641037
robust,7,train/approx_kl,3039232,0.010567788034677505
robust,7,train/approx_kl,3047424,0.013636310584843159
robust,7,train/approx_kl,3055616,0.011248281225562096
robust,7,train/approx_kl,3063808,0.012347820214927197
robust,7,train/approx_kl,3072000,0.025783661752939224
robust,7,train/approx_kl,3080192,0.01355328131467104
robust,7,train/approx_kl,3088384,0.013384446501731873
robust,7,train/approx_kl,3096576,0.01191625278443098
robust,7,train/approx_kl,3104768,0.010703111998736858
robust,7,train/approx_kl,3112960,0.014312880113720894
robust,7,train/approx_kl,3121152,0.011613620445132256
robust,7,train/approx_kl,3129344,0.012113110162317753
robust,7,train/approx_kl,3137536,0.01124239806085825
robust,7,train/approx_kl,3145728,0.013485469855368137
robust,7,train/approx_kl,3153920,0.01523108221590519
robust,7,train/approx_kl,3162112,0.013072996400296688
robust,7,train/approx_kl,3170304,0.0139175895601511
robust,7,train/approx_kl,3178496,0.012200530618429184
robust,7,train/approx_kl,3186688,0.01462109386920929
robust,7,train/approx_kl,3194880,0.008380376733839512
robust,7,train/approx_kl,3203072,0.010234312154352665
robust,7,train/approx_kl,3211264,0.009755045175552368
robust,7,train/approx_kl,3219456,0.012659220024943352
robust,7,train/approx_kl,3227648,0.0218462273478508
robust,7,train/approx_kl,3235840,0.014565556310117245
robust,7,train/approx_kl,3244032,0.010376276448369026
robust,7,train/approx_kl,3252224,0.008632544428110123
robust,7,train/approx_kl,3260416,0.009476002305746078
robust,7,train/approx_kl,3268608,0.01586846634745598
robust,7,train/approx_kl,3276800,0.011999188922345638
robust,7,train/approx_kl,3284992,0.01297664176672697
robust,7,train/approx_kl,3293184,0.013987068086862564
robust,7,train/approx_kl,3301376,0.012741170823574066
robust,7,train/approx_kl,3309568,0.0119185084477067
robust,7,train/approx_kl,3317760,0.009896395727992058
robust,7,train/approx_kl,3325952,0.013676262460649014
robust,7,train/approx_kl,3334144,0.013031641952693462
robust,7,train/approx_kl,3342336,0.013136138208210468
robust,7,train/approx_kl,3350528,0.01313074305653572
robust,7,train/approx_kl,3358720,0.01460010465234518
robust,7,train/approx_kl,3366912,0.011373981833457947
robust,7,train/approx_kl,3375104,0.013441696763038635
robust,7,train/approx_kl,3383296,0.012119177728891373
robust,7,train/approx_kl,3391488,0.012830473482608795
robust,7,train/approx_kl,3399680,0.014834859408438206
robust,7,train/approx_kl,3407872,0.014688066206872463
robust,7,train/approx_kl,3416064,0.01325234491378069
robust,7,train/approx_kl,3424256,0.012640580534934998
robust,7,train/approx_kl,3432448,0.013483135960996151
robust,7,train/approx_kl,3440640,0.013048875145614147
robust,7,train/approx_kl,3448832,0.014331095851957798
robust,7,train/approx_kl,3457024,0.011843766085803509
robust,7,train/approx_kl,3465216,0.011122170835733414
robust,7,train/approx_kl,3473408,0.012567034922540188
robust,7,train/approx_kl,3481600,0.012171080335974693
robust,7,train/approx_kl,3489792,0.021974653005599976
robust,7,train/approx_kl,3497984,0.013660809025168419
robust,7,train/approx_kl,3506176,0.014268827624619007
robust,7,train/approx_kl,3514368,0.01416817493736744
robust,7,train/approx_kl,3522560,0.012343930080533028
robust,7,train/approx_kl,3530752,0.035883981734514236
robust,7,train/approx_kl,3538944,0.012470744550228119
robust,7,train/approx_kl,3547136,0.013178861699998379
robust,7,train/approx_kl,3555328,0.010600760579109192
robust,7,train/approx_kl,3563520,0.010499149560928345
robust,7,train/approx_kl,3571712,0.011871463619172573
robust,7,train/approx_kl,3579904,0.0148597601801157
robust,7,train/approx_kl,3588096,0.012119922786951065
robust,7,train/approx_kl,3596288,0.0124182915315032
robust,7,train/approx_kl,3604480,0.013384093530476093
robust,7,train/approx_kl,3612672,0.01920235902070999
robust,7,train/approx_kl,3620864,0.020976759493350983
robust,7,train/approx_kl,3629056,0.014163319021463394
robust,7,train/approx_kl,3637248,0.013863096944987774
robust,7,train/approx_kl,3645440,0.013184023089706898
robust,7,train/approx_kl,3653632,0.013141515664756298
robust,7,train/approx_kl,3661824,0.006331847980618477
robust,7,train/approx_kl,3670016,0.03555851802229881
robust,7,train/approx_kl,3678208,0.01310055237263441
robust,7,train/approx_kl,3686400,0.012798243202269077
robust,7,train/approx_kl,3694592,0.012444947846233845
robust,7,train/approx_kl,3702784,0.010064157657325268
robust,7,train/approx_kl,3710976,0.012626102194190025
robust,7,train/approx_kl,3719168,0.0068096318282186985
robust,7,train/approx_kl,3727360,0.014602991752326488
robust,7,train/approx_kl,3735552,0.012536163441836834
robust,7,train/approx_kl,3743744,0.013304178602993488
robust,7,train/approx_kl,3751936,0.01199332531541586
robust,7,train/approx_kl,3760128,0.01454735267907381
robust,7,train/approx_kl,3768320,0.012482916936278343
robust,7,train/approx_kl,3776512,0.02314259111881256
robust,7,train/approx_kl,3784704,0.015272179618477821
robust,7,train/approx_kl,3792896,0.02123408019542694
robust,7,train/approx_kl,3801088,0.011928887106478214
robust,7,train/approx_kl,3809280,0.022683152928948402
robust,7,train/approx_kl,3817472,0.01224537380039692
robust,7,train/approx_kl,3825664,0.013709552586078644
robust,7,train/approx_kl,3833856,0.010065129026770592
robust,7,train/approx_kl,3842048,0.024239370599389076
robust,7,train/approx_kl,3850240,0.0205201655626297
robust,7,train/approx_kl,3858432,0.012414124794304371
robust,7,train/approx_kl,3866624,0.01014003250747919
robust,7,train/approx_kl,3874816,0.013437054120004177
robust,7,train/approx_kl,3883008,0.015147997066378593
robust,7,train/approx_kl,3891200,0.02178936079144478
robust,7,train/approx_kl,3899392,0.015530502423644066
robust,7,train/approx_kl,3907584,0.009029611945152283
robust,7,train/approx_kl,3915776,0.010490832850337029
robust,7,train/approx_kl,3923968,0.012386000715196133
robust,7,train/approx_kl,3932160,0.013548256829380989
robust,7,train/approx_kl,3940352,0.012168072164058685
robust,7,train/approx_kl,3948544,0.02184494212269783
robust,7,train/approx_kl,3956736,0.007401191629469395
robust,7,train/approx_kl,3964928,0.025368377566337585
robust,7,train/approx_kl,3973120,0.023166343569755554
robust,7,train/approx_kl,3981312,0.010725525207817554
robust,7,train/approx_kl,3989504,0.011473963968455791
robust,7,train/approx_kl,3997696,0.010493922978639603
robust,7,train/approx_kl,4005888,0.019729167222976685
robust,7,train/approx_kl,4014080,0.014107601717114449
robust,7,train/approx_kl,4022272,0.020426031202077866
robust,7,train/approx_kl,4030464,0.011964782141149044
robust,7,train/approx_kl,4038656,0.029125403612852097
robust,7,train/approx_kl,4046848,0.024493174627423286
robust,7,train/approx_kl,4055040,0.020135624334216118
robust,7,train/approx_kl,4063232,0.011486046016216278
robust,7,train/approx_kl,4071424,0.017289403825998306
robust,7,train/approx_kl,4079616,0.012861472554504871
robust,7,train/approx_kl,4087808,0.011998362839221954
robust,7,train/approx_kl,4096000,0.019244663417339325
robust,7,train/approx_kl,4104192,0.010608704760670662
robust,7,train/approx_kl,4112384,0.01980094239115715
robust,7,train/approx_kl,4120576,0.01118957344442606
robust,7,train/approx_kl,4128768,0.013126583769917488
robust,7,train/approx_kl,4136960,0.01841389201581478
robust,7,train/approx_kl,4145152,0.013644585385918617
robust,7,train/approx_kl,4153344,0.0128443893045187
robust,7,train/approx_kl,4161536,0.01958753541111946
robust,7,train/approx_kl,4169728,0.021134674549102783
robust,7,train/approx_kl,4177920,0.02230040915310383
robust,7,train/approx_kl,4186112,0.010743025690317154
robust,7,train/approx_kl,4194304,0.025616075843572617
robust,7,train/approx_kl,4202496,0.018919553607702255
robust,7,train/approx_kl,4210688,0.011595985852181911
robust,7,train/approx_kl,4218880,0.010988936759531498
robust,7,train/approx_kl,4227072,0.011319034732878208
robust,7,train/approx_kl,4235264,0.012488984502851963
robust,7,train/approx_kl,4243456,0.012884983792901039
robust,7,train/approx_kl,4251648,0.011397771537303925
robust,7,train/approx_kl,4259840,0.012450224719941616
robust,7,train/approx_kl,4268032,0.011633085086941719
robust,7,train/approx_kl,4276224,0.012283981777727604
robust,7,train/approx_kl,4284416,0.013223479501903057
robust,7,train/approx_kl,4292608,0.02145526371896267
robust,7,train/approx_kl,4300800,0.012635053135454655
robust,7,train/approx_kl,4308992,0.02358638122677803
robust,7,train/approx_kl,4317184,0.03113286755979061
robust,7,train/approx_kl,4325376,0.02045981027185917
robust,7,train/approx_kl,4333568,0.010293190367519855
robust,7,train/approx_kl,4341760,0.01281057856976986
robust,7,train/approx_kl,4349952,0.013184095732867718
robust,7,train/approx_kl,4358144,0.018285134807229042
robust,7,train/approx_kl,4366336,0.01181239914149046
robust,7,train/approx_kl,4374528,0.013998128473758698
robust,7,train/approx_kl,4382720,0.011356048285961151
robust,7,train/approx_kl,4390912,0.01133042573928833
robust,7,train/approx_kl,4399104,0.008012444712221622
robust,7,train/approx_kl,4407296,0.02166651375591755
robust,7,train/approx_kl,4415488,0.024234728887677193
robust,7,train/approx_kl,4423680,0.01908555068075657
robust,7,train/approx_kl,4431872,0.01169437076896429
robust,7,train/approx_kl,4440064,0.0177522711455822
robust,7,train/approx_kl,4448256,0.02468107081949711
robust,7,train/approx_kl,4456448,0.011401842348277569
robust,7,train/approx_kl,4464640,0.020237259566783905
robust,7,train/approx_kl,4472832,0.012164751067757607
robust,7,train/approx_kl,4481024,0.01872125081717968
robust,7,train/approx_kl,4489216,0.011586034670472145
robust,7,train/approx_kl,4497408,0.01880401186645031
robust,7,train/approx_kl,4505600,0.021378913894295692
robust,7,train/approx_kl,4513792,0.02187533490359783
robust,7,train/approx_kl,4521984,0.020213494077324867
robust,7,train/approx_kl,4530176,0.02036265842616558
robust,7,train/approx_kl,4538368,0.01869162730872631
robust,7,train/approx_kl,4546560,0.018191203474998474
robust,7,train/approx_kl,4554752,0.019545337185263634
robust,7,train/approx_kl,4562944,0.021653691306710243
robust,7,train/approx_kl,4571136,0.019376322627067566
robust,7,train/approx_kl,4579328,0.023056672886013985
robust,7,train/approx_kl,4587520,0.01941673643887043
robust,7,train/approx_kl,4595712,0.02147894911468029
robust,7,train/approx_kl,4603904,0.012563411146402359
robust,7,train/approx_kl,4612096,0.022418951615691185
robust,7,train/approx_kl,4620288,0.017689893022179604
robust,7,train/approx_kl,4628480,0.023985356092453003
robust,7,train/approx_kl,4636672,0.009961575269699097
robust,7,train/approx_kl,4644864,0.020938627421855927
robust,7,train/approx_kl,4653056,0.009424745105206966
robust,7,train/approx_kl,4661248,0.019224952906370163
robust,7,train/approx_kl,4669440,0.01943175680935383
robust,7,train/approx_kl,4677632,0.02373427525162697
robust,7,train/approx_kl,4685824,0.0206143818795681
robust,7,train/approx_kl,4694016,0.01725998893380165
robust,7,train/approx_kl,4702208,0.018700284883379936
robust,7,train/approx_kl,4710400,0.021768227219581604
robust,7,train/approx_kl,4718592,0.020170802250504494
robust,7,train/approx_kl,4726784,0.018461110070347786
robust,7,train/approx_kl,4734976,0.019437918439507484
robust,7,train/approx_kl,4743168,0.011727086268365383
robust,7,train/approx_kl,4751360,0.017414091154932976
robust,7,train/approx_kl,4759552,0.019182194024324417
robust,7,train/approx_kl,4767744,0.011189727112650871
robust,7,train/approx_kl,4775936,0.018565712496638298
robust,7,train/approx_kl,4784128,0.018837004899978638
robust,7,train/approx_kl,4792320,0.02134990505874157
robust,7,train/approx_kl,4800512,0.021712634712457657
robust,7,train/approx_kl,4808704,0.02025570347905159
robust,7,train/approx_kl,4816896,0.019350489601492882
robust,7,train/approx_kl,4825088,0.020781639963388443
robust,7,train/approx_kl,4833280,0.019555900245904922
robust,7,train/approx_kl,4841472,0.01770705170929432
robust,7,train/approx_kl,4849664,0.022418312728405
robust,7,train/approx_kl,4857856,0.020414534956216812
robust,7,train/approx_kl,4866048,0.019366664811968803
robust,7,train/approx_kl,4874240,0.023853499442338943
robust,7,train/approx_kl,4882432,0.009606841020286083
robust,7,train/approx_kl,4890624,0.01928732730448246
robust,7,train/approx_kl,4898816,0.019107962027192116
robust,7,train/approx_kl,4907008,0.018511639907956123
robust,7,train/approx_kl,4915200,0.020737966522574425
robust,7,train/approx_kl,4923392,0.019343247637152672
robust,7,train/approx_kl,4931584,0.02022857777774334
robust,7,train/approx_kl,4939776,0.011128895916044712
robust,7,train/approx_kl,4947968,0.020157858729362488
robust,7,train/approx_kl,4956160,0.0196220763027668
robust,7,train/approx_kl,4964352,0.019579904153943062
robust,7,train/approx_kl,4972544,0.012366553768515587
robust,7,train/approx_kl,4980736,0.01022223848849535
robust,7,train/approx_kl,4988928,0.02089441567659378
robust,7,train/approx_kl,4997120,0.017534883692860603
robust,7,train/approx_kl,5005312,0.020595811307430267
robust,7,train/clip_fraction,16384,0.19993965327739716
robust,7,train/clip_fraction,24576,0.19107022881507874
robust,7,train/clip_fraction,32768,0.15171682834625244
robust,7,train/clip_fraction,40960,0.19031119346618652
robust,7,train/clip_fraction,49152,0.2028174251317978
robust,7,train/clip_fraction,57344,0.1695365607738495
robust,7,train/clip_fraction,65536,0.1910361796617508
robust,7,train/clip_fraction,73728,0.20754076540470123
robust,7,train/clip_fraction,81920,0.1894329935312271
robust,7,train/clip_fraction,90112,0.18176020681858063
robust,7,train/clip_fraction,98304,0.2117891013622284
robust,7,train/clip_fraction,106496,0.190585196018219
robust,7,train/clip_fraction,114688,0.20087948441505432
robust,7,train/clip_fraction,122880,0.19020600616931915
robust,7,train/clip_fraction,131072,0.20105421543121338
robust,7,train/clip_fraction,139264,0.20000000298023224
robust,7,train/clip_fraction,147456,0.2013995349407196
robust,7,train/clip_fraction,155648,0.19631409645080566
robust,7,train/clip_fraction,163840,0.18203124403953552
robust,7,train/clip_fraction,172032,0.15000000596046448
robust,7,train/clip_fraction,180224,0.18783967196941376
robust,7,train/clip_fraction,188416,0.15853658318519592
robust,7,train/clip_fraction,196608,0.1985367089509964
robust,7,train/clip_fraction,204800,0.19361412525177002
robust,7,train/clip_fraction,212992,0.1899671107530594
robust,7,train/clip_fraction,221184,0.1978679895401001
robust,7,train/clip_fraction,229376,0.19695059955120087
robust,7,train/clip_fraction,237568,0.17435024678707123
robust,7,train/clip_fraction,245760,0.16167092323303223
robust,7,train/clip_fraction,253952,0.1859654039144516
robust,7,train/clip_fraction,262144,0.20951704680919647
robust,7,train/clip_fraction,270336,0.18843482434749603
robust,7,train/clip_fraction,278528,0.15811820328235626
robust,7,train/clip_fraction,286720,0.15509259700775146
robust,7,train/clip_fraction,294912,0.19750000536441803
robust,7,train/clip_fraction,303104,0.1893518567085266
robust,7,train/clip_fraction,311296,0.21075858175754547
robust,7,train/clip_fraction,319488,0.22159090638160706
robust,7,train/clip_fraction,327680,0.18666507303714752
robust,7,train/clip_fraction,335872,0.19706156849861145
robust,7,train/clip_fraction,344064,0.21502293646335602
robust,7,train/clip_fraction,352256,0.1977941244840622
robust,7,train/clip_fraction,360448,0.15510110557079315
robust,7,train/clip_fraction,368640,0.20201881229877472
robust,7,train/clip_fraction,376832,0.17520254850387573
robust,7,train/clip_fraction,385024,0.16458334028720856
robust,7,train/clip_fraction,393216,0.1674107164144516
robust,7,train/clip_fraction,401408,0.1898205429315567
robust,7,train/clip_fraction,409600,0.18484042584896088
robust,7,train/clip_fraction,417792,0.17953431606292725
robust,7,train/clip_fraction,425984,0.18643465638160706
robust,7,train/clip_fraction,434176,0.20552007853984833
robust,7,train/clip_fraction,442368,0.1640625
robust,7,train/clip_fraction,450560,0.18444684147834778
robust,7,train/clip_fraction,458752,0.20352225005626678
robust,7,train/clip_fraction,466944,0.22040720283985138
robust,7,train/clip_fraction,475136,0.21310484409332275
robust,7,train/clip_fraction,483328,0.17794117331504822
robust,7,train/clip_fraction,491520,0.2136176973581314
robust,7,train/clip_fraction,499712,0.1745477020740509
robust,7,train/clip_fraction,507904,0.18408764898777008
robust,7,train/clip_fraction,516096,0.1760670691728592
robust,7,train/clip_fraction,524288,0.19566760957241058
robust,7,train/clip_fraction,532480,0.1335495263338089
robust,7,train/clip_fraction,540672,0.16285210847854614
robust,7,train/clip_fraction,548864,0.20547565817832947
robust,7,train/clip_fraction,557056,0.1895161271095276
robust,7,train/clip_fraction,565248,0.18533416092395782
robust,7,train/clip_fraction,573440,0.13833841681480408
robust,7,train/clip_fraction,581632,0.2089213728904724
robust,7,train/clip_fraction,589824,0.19325657188892365
robust,7,train/clip_fraction,598016,0.17715372145175934
robust,7,train/clip_fraction,606208,0.16397471725940704
robust,7,train/clip_fraction,614400,0.18051470816135406
robust,7,train/clip_fraction,622592,0.20402644574642181
robust,7,train/clip_fraction,630784,0.181547611951828
robust,7,train/clip_fraction,638976,0.20010080933570862
robust,7,train/clip_fraction,647168,0.22142454981803894
robust,7,train/clip_fraction,655360,0.190476194024086
robust,7,train/clip_fraction,663552,0.1696428507566452
robust,7,train/clip_fraction,671744,0.2005208283662796
robust,7,train/clip_fraction,679936,0.22065217792987823
robust,7,train/clip_fraction,688128,0.13638770580291748
robust,7,train/clip_fraction,696320,0.17666903138160706
robust,7,train/clip_fraction,704512,0.1713709682226181
robust,7,train/clip_fraction,712704,0.20141005516052246
robust,7,train/clip_fraction,720896,0.18400493264198303
robust,7,train/clip_fraction,729088,0.17451053857803345
robust,7,train/clip_fraction,737280,0.2264404296875
robust,7,train/clip_fraction,745472,0.14609375596046448
robust,7,train/clip_fraction,753664,0.1863606721162796
robust,7,train/clip_fraction,761856,0.12031249701976776
robust,7,train/clip_fraction,770048,0.2021484375
robust,7,train/clip_fraction,778240,0.1979166716337204
robust,7,train/clip_fraction,786432,0.22353830933570862
robust,7,train/clip_fraction,794624,0.1430288404226303
robust,7,train/clip_fraction,802816,0.21078431606292725
robust,7,train/clip_fraction,811008,0.16604477167129517
robust,7,train/clip_fraction,819200,0.18770559132099152
robust,7,train/clip_fraction,827392,0.18027052283287048
robust,7,train/clip_fraction,835584,0.2068749964237213
robust,7,train/clip_fraction,843776,0.19236111640930176
robust,7,train/clip_fraction,851968,0.21875
robust,7,train/clip_fraction,860160,0.19658800959587097
robust,7,train/clip_fraction,868352,0.16042877733707428
robust,7,train/clip_fraction,876544,0.1901041716337204
robust,7,train/clip_fraction,884736,0.18385416269302368
robust,7,train/clip_fraction,892928,0.1701388955116272
robust,7,train/clip_fraction,901120,0.17652027308940887
robust,7,train/clip_fraction,909312,0.15182290971279144
robust,7,train/clip_fraction,917504,0.167658731341362
robust,7,train/clip_fraction,925696,0.15409483015537262
robust,7,train/clip_fraction,933888,0.18707770109176636
robust,7,train/clip_fraction,942080,0.1220439225435257
robust,7,train/clip_fraction,950272,0.1922401636838913
robust,7,train/clip_fraction,958464,0.1578824669122696
robust,7,train/clip_fraction,966656,0.16390305757522583
robust,7,train/clip_fraction,974848,0.16249999403953552
robust,7,train/clip_fraction,983040,0.2135416716337204
robust,7,train/clip_fraction,991232,0.1702665388584137
robust,7,train/clip_fraction,999424,0.18567369878292084
robust,7,train/clip_fraction,1007616,0.180419921875
robust,7,train/clip_fraction,1015808,0.18300189077854156
robust,7,train/clip_fraction,1024000,0.21875
robust,7,train/clip_fraction,1032192,0.23058712482452393
robust,7,train/clip_fraction,1040384,0.20614346861839294
robust,7,train/clip_fraction,1048576,0.20801526308059692
robust,7,train/clip_fraction,1056768,0.13098403811454773
robust,7,train/clip_fraction,1064960,0.15962009131908417
robust,7,train/clip_fraction,1073152,0.16366524994373322
robust,7,train/clip_fraction,1081344,0.1902083307504654
robust,7,train/clip_fraction,1089536,0.2053571492433548
robust,7,train/clip_fraction,1097728,0.1921410858631134
robust,7,train/clip_fraction,1105920,0.1960495263338089
robust,7,train/clip_fraction,1114112,0.14749999344348907
robust,7,train/clip_fraction,1122304,0.16814365983009338
robust,7,train/clip_fraction,1130496,0.19388440251350403
robust,7,train/clip_fraction,1138688,0.2301919311285019
robust,7,train/clip_fraction,1146880,0.2009154111146927
robust,7,train/clip_fraction,1155072,0.21369485557079315
robust,7,train/clip_fraction,1163264,0.18730469048023224
robust,7,train/clip_fraction,1171456,0.18733198940753937
robust,7,train/clip_fraction,1179648,0.2186288833618164
robust,7,train/clip_fraction,1187840,0.10901988297700882
robust,7,train/clip_fraction,1196032,0.17724609375
robust,7,train/clip_fraction,1204224,0.18730221688747406
robust,7,train/clip_fraction,1212416,0.2238212674856186
robust,7,train/clip_fraction,1220608,0.2121642529964447
robust,7,train/clip_fraction,1228800,0.18855337798595428
robust,7,train/clip_fraction,1236992,0.18176020681858063
robust,7,train/clip_fraction,1245184,0.1573660671710968
robust,7,train/clip_fraction,1253376,0.20389851927757263
robust,7,train/clip_fraction,1261568,0.12818877398967743
robust,7,train/clip_fraction,1269760,0.1830100566148758
robust,7,train/clip_fraction,1277952,0.1875
robust,7,train/clip_fraction,1286144,0.17313508689403534
robust,7,train/clip_fraction,1294336,0.17828525602817535
robust,7,train/clip_fraction,1302528,0.15758928656578064
robust,7,train/clip_fraction,1310720,0.21779580414295197
robust,7,train/clip_fraction,1318912,0.18875718116760254
robust,7,train/clip_fraction,1327104,0.16875000298023224
robust,7,train/clip_fraction,1335296,0.1560235470533371
robust,7,train/clip_fraction,1343488,0.21469907462596893
robust,7,train/clip_fraction,1351680,0.1512182205915451
robust,7,train/clip_fraction,1359872,0.19896940886974335
robust,7,train/clip_fraction,1368064,0.09260670840740204
robust,7,train/clip_fraction,1376256,0.2179214060306549
robust,7,train/clip_fraction,1384448,0.18697331845760345
robust,7,train/clip_fraction,1392640,0.21179288625717163
robust,7,train/clip_fraction,1400832,0.215984508395195
robust,7,train/clip_fraction,1409024,0.21088361740112305
robust,7,train/clip_fraction,1417216,0.17925824224948883
robust,7,train/clip_fraction,1425408,0.197265625
robust,7,train/clip_fraction,1433600,0.16383928060531616
robust,7,train/clip_fraction,1441792,0.15881849825382233
robust,7,train/clip_fraction,1449984,0.17537006735801697
robust,7,train/clip_fraction,1458176,0.15080492198467255
robust,7,train/clip_fraction,1466368,0.19052419066429138
robust,7,train/clip_fraction,1474560,0.20726799964904785
robust,7,train/clip_fraction,1482752,0.17007902264595032
robust,7,train/clip_fraction,1490944,0.1297433078289032
robust,7,train/clip_fraction,1499136,0.1788194477558136
robust,7,train/clip_fraction,1507328,0.1959347277879715
robust,7,train/clip_fraction,1515520,0.1349431872367859
robust,7,train/clip_fraction,1523712,0.21346153318881989
robust,7,train/clip_fraction,1531904,0.21718749403953552
robust,7,train/clip_fraction,1540096,0.2071220874786377
robust,7,train/clip_fraction,1548288,0.17054520547389984
robust,7,train/clip_fraction,1556480,0.1818014681339264
robust,7,train/clip_fraction,1564672,0.16539634764194489
robust,7,train/clip_fraction,1572864,0.17442908883094788
robust,7,train/clip_fraction,1581056,0.16650390625
robust,7,train/clip_fraction,1589248,0.17939814925193787
robust,7,train/clip_fraction,1597440,0.18817204236984253
robust,7,train/clip_fraction,1605632,0.1362028270959854
robust,7,train/clip_fraction,1613824,0.18894974887371063
robust,7,train/clip_fraction,1622016,0.1822916716337204
robust,7,train/clip_fraction,1630208,0.21305717527866364
robust,7,train/clip_fraction,1638400,0.2060883641242981
robust,7,train/clip_fraction,1646592,0.15379464626312256
robust,7,train/clip_fraction,1654784,0.19259129464626312
robust,7,train/clip_fraction,1662976,0.13570602238178253
robust,7,train/clip_fraction,1671168,0.19856195151805878
robust,7,train/clip_fraction,1679360,0.20137499272823334
robust,7,train/clip_fraction,1687552,0.1591082364320755
robust,7,train/clip_fraction,1695744,0.1546415388584137
robust,7,train/clip_fraction,1703936,0.19538164138793945
robust,7,train/clip_fraction,1712128,0.1763392835855484
robust,7,train/clip_fraction,1720320,0.20007622241973877
robust,7,train/clip_fraction,1728512,0.15459279716014862
robust,7,train/clip_fraction,1736704,0.16833333671092987
robust,7,train/clip_fraction,1744896,0.19641011953353882
robust,7,train/clip_fraction,1753088,0.19988566637039185
robust,7,train/clip_fraction,1761280,0.1978124976158142
robust,7,train/clip_fraction,1769472,0.13750000298023224
robust,7,train/clip_fraction,1777664,0.14088115096092224
robust,7,train/clip_fraction,1785856,0.17208614945411682
robust,7,train/clip_fraction,1794048,0.17273351550102234
robust,7,train/clip_fraction,1802240,0.19963592290878296
robust,7,train/clip_fraction,1810432,0.14699074625968933
robust,7,train/clip_fraction,1818624,0.2005787044763565
robust,7,train/clip_fraction,1826816,0.19881466031074524
robust,7,train/clip_fraction,1835008,0.19983552396297455
robust,7,train/clip_fraction,1843200,0.19759778678417206
robust,7,train/clip_fraction,1851392,0.18199999630451202
robust,7,train/clip_fraction,1859584,0.15439967811107635
robust,7,train/clip_fraction,1867776,0.18491972982883453
robust,7,train/clip_fraction,1875968,0.13810484111309052
robust,7,train/clip_fraction,1884160,0.20074152946472168
robust,7,train/clip_fraction,1892352,0.18300513923168182
robust,7,train/clip_fraction,1900544,0.18252059817314148
robust,7,train/clip_fraction,1908736,0.2143702656030655
robust,7,train/clip_fraction,1916928,0.18397177755832672
robust,7,train/clip_fraction,1925120,0.16587935388088226
robust,7,train/clip_fraction,1933312,0.1983816921710968
robust,7,train/clip_fraction,1941504,0.20134320855140686
robust,7,train/clip_fraction,1949696,0.1784157007932663
robust,7,train/clip_fraction,1957888,0.17006340622901917
robust,7,train/clip_fraction,1966080,0.1983506977558136
robust,7,train/clip_fraction,1974272,0.20484744012355804
robust,7,train/clip_fraction,1982464,0.12993420660495758
robust,7,train/clip_fraction,1990656,0.18437500298023224
robust,7,train/clip_fraction,1998848,0.19477370381355286
robust,7,train/clip_fraction,2007040,0.23381410539150238
robust,7,train/clip_fraction,2015232,0.17307692766189575
robust,7,train/clip_fraction,2023424,0.17925824224948883
robust,7,train/clip_fraction,2031616,0.18954439461231232
robust,7,train/clip_fraction,2039808,0.22095218300819397
robust,7,train/clip_fraction,2048000,0.177526593208313
robust,7,train/clip_fraction,2056192,0.19062499701976776
robust,7,train/clip_fraction,2064384,0.208152174949646
robust,7,train/clip_fraction,2072576,0.1904481202363968
robust,7,train/clip_fraction,2080768,0.1785201132297516
robust,7,train/clip_fraction,2088960,0.17418982088565826
robust,7,train/clip_fraction,2097152,0.1601027399301529
robust,7,train/clip_fraction,2105344,0.11615566164255142
robust,7,train/clip_fraction,2113536,0.15204326808452606
robust,7,train/clip_fraction,2121728,0.19249999523162842
robust,7,train/clip_fraction,2129920,0.15453767776489258
robust,7,train/clip_fraction,2138112,0.1974789947271347
robust,7,train/clip_fraction,2146304,0.16715116798877716
robust,7,train/clip_fraction,2154496,0.17249999940395355
robust,7,train/clip_fraction,2162688,0.15649038553237915
robust,7,train/clip_fraction,2170880,0.1904296875
robust,7,train/clip_fraction,2179072,0.20076650381088257
robust,7,train/clip_fraction,2187264,0.20820629596710205
robust,7,train/clip_fraction,2195456,0.1500495970249176
robust,7,train/clip_fraction,2203648,0.18854166567325592
robust,7,train/clip_fraction,2211840,0.14562499523162842
robust,7,train/clip_fraction,2220032,0.19693395495414734
robust,7,train/clip_fraction,2228224,0.2087673544883728
robust,7,train/clip_fraction,2236416,0.15291666984558105
robust,7,train/clip_fraction,2244608,0.1544569730758667
robust,7,train/clip_fraction,2252800,0.1547916680574417
robust,7,train/clip_fraction,2260992,0.20009328424930573
robust,7,train/clip_fraction,2269184,0.17911183834075928
robust,7,train/clip_fraction,2277376,0.22591635584831238
robust,7,train/clip_fraction,2285568,0.1543269157409668
robust,7,train/clip_fraction,2293760,0.2015306055545807
robust,7,train/clip_fraction,2301952,0.17257724702358246
robust,7,train/clip_fraction,2310144,0.14726027846336365
robust,7,train/clip_fraction,2318336,0.15186403691768646
robust,7,train/clip_fraction,2326528,0.16322115063667297
robust,7,train/clip_fraction,2334720,0.19881466031074524
robust,7,train/clip_fraction,2342912,0.18502475321292877
robust,7,train/clip_fraction,2351104,0.11204268038272858
robust,7,train/clip_fraction,2359296,0.1846330314874649
robust,7,train/clip_fraction,2367488,0.15470950305461884
robust,7,train/clip_fraction,2375680,0.16043134033679962
robust,7,train/clip_fraction,2383872,0.20749999582767487
robust,7,train/clip_fraction,2392064,0.17615582048892975
robust,7,train/clip_fraction,2400256,0.20990349352359772
robust,7,train/clip_fraction,2408448,0.1625434011220932
robust,7,train/clip_fraction,2416640,0.1612318903207779
robust,7,train/clip_fraction,2424832,0.1911851465702057
robust,7,train/clip_fraction,2433024,0.17601102590560913
robust,7,train/clip_fraction,2441216,0.20464938879013062
robust,7,train/clip_fraction,2449408,0.2207568734884262
robust,7,train/clip_fraction,2457600,0.1943633109331131
robust,7,train/clip_fraction,2465792,0.16626602411270142
robust,7,train/clip_fraction,2473984,0.18665994703769684
robust,7,train/clip_fraction,2482176,0.16324013471603394
robust,7,train/clip_fraction,2490368,0.15697674453258514
robust,7,train/clip_fraction,2498560,0.1851222813129425
robust,7,train/clip_fraction,2506752,0.19921875
robust,7,train/clip_fraction,2514944,0.15546086430549622
robust,7,train/clip_fraction,2523136,0.15642960369586945
robust,7,train/clip_fraction,2531328,0.14503204822540283
robust,7,train/clip_fraction,2539520,0.13983051478862762
robust,7,train/clip_fraction,2547712,0.18061156570911407
robust,7,train/clip_fraction,2555904,0.1805555522441864
robust,7,train/clip_fraction,2564096,0.16074486076831818
robust,7,train/clip_fraction,2572288,0.12045454233884811
robust,7,train/clip_fraction,2580480,0.12978316843509674
robust,7,train/clip_fraction,2588672,0.16043134033679962
robust,7,train/clip_fraction,2596864,0.15198864042758942
robust,7,train/clip_fraction,2605056,0.1961805522441864
robust,7,train/clip_fraction,2613248,0.171875
robust,7,train/clip_fraction,2621440,0.15514706075191498
robust,7,train/clip_fraction,2629632,0.14190573990345
robust,7,train/clip_fraction,2637824,0.13707385957241058
robust,7,train/clip_fraction,2646016,0.2088468372821808
robust,7,train/clip_fraction,2654208,0.20301011204719543
robust,7,train/clip_fraction,2662400,0.17546695470809937
robust,7,train/clip_fraction,2670592,0.1475694477558136
robust,7,train/clip_fraction,2678784,0.14200367033481598
robust,7,train/clip_fraction,2686976,0.1590711772441864
robust,7,train/clip_fraction,2695168,0.13771186769008636
robust,7,train/clip_fraction,2703360,0.1852678507566452
robust,7,train/clip_fraction,2711552,0.1971261203289032
robust,7,train/clip_fraction,2719744,0.1531723439693451
robust,7,train/clip_fraction,2727936,0.18580426275730133
robust,7,train/clip_fraction,2736128,0.19963592290878296
robust,7,train/clip_fraction,2744320,0.15808823704719543
robust,7,train/clip_fraction,2752512,0.18194901943206787
robust,7,train/clip_fraction,2760704,0.1962616890668869
robust,7,train/clip_fraction,2768896,0.19488324224948883
robust,7,train/clip_fraction,2777088,0.19601212441921234
robust,7,train/clip_fraction,2785280,0.1892755627632141
robust,7,train/clip_fraction,2793472,0.20125000178813934
robust,7,train/clip_fraction,2801664,0.14282570779323578
robust,7,train/clip_fraction,2809856,0.18252840638160706
robust,7,train/clip_fraction,2818048,0.1877170205116272
robust,7,train/clip_fraction,2826240,0.17166940867900848
robust,7,train/clip_fraction,2834432,0.18157894909381866
robust,7,train/clip_fraction,2842624,0.1890505701303482
robust,7,train/clip_fraction,2850816,0.19193892180919647
robust,7,train/clip_fraction,2859008,0.18102678656578064
robust,7,train/clip_fraction,2867200,0.12197580933570862
robust,7,train/clip_fraction,2875392,0.15076012909412384
robust,7,train/clip_fraction,2883584,0.15018656849861145
robust,7,train/clip_fraction,2891776,0.15625
robust,7,train/clip_fraction,2899968,0.15783005952835083
robust,7,train/clip_fraction,2908160,0.1699892282485962
robust,7,train/clip_fraction,2916352,0.17791862785816193
robust,7,train/clip_fraction,2924544,0.15565665066242218
robust,7,train/clip_fraction,2932736,0.17082332074642181
robust,7,train/clip_fraction,2940928,0.13558468222618103
robust,7,train/clip_fraction,2949120,0.1681673675775528
robust,7,train/clip_fraction,2957312,0.1953730583190918
robust,7,train/clip_fraction,2965504,0.1971064805984497
robust,7,train/clip_fraction,2973696,0.0983072891831398
robust,7,train/clip_fraction,2981888,0.14559659361839294
robust,7,train/clip_fraction,2990080,0.08552631735801697
robust,7,train/clip_fraction,2998272,0.20667614042758942
robust,7,train/clip_fraction,3006464,0.17374320328235626
robust,7,train/clip_fraction,3014656,0.171875
robust,7,train/clip_fraction,3022848,0.20558449625968933
robust,7,train/clip_fraction,3031040,0.203125
robust,7,train/clip_fraction,3039232,0.13678278028964996
robust,7,train/clip_fraction,3047424,0.19537927210330963
robust,7,train/clip_fraction,3055616,0.1432783007621765
robust,7,train/clip_fraction,3063808,0.16208332777023315
robust,7,train/clip_fraction,3072000,0.19745370745658875
robust,7,train/clip_fraction,3080192,0.19251543283462524
robust,7,train/clip_fraction,3088384,0.1830357164144516
robust,7,train/clip_fraction,3096576,0.1642485111951828
robust,7,train/clip_fraction,3104768,0.15076754987239838
robust,7,train/clip_fraction,3112960,0.19651442766189575
robust,7,train/clip_fraction,3121152,0.15510110557079315
robust,7,train/clip_fraction,3129344,0.16718749701976776
robust,7,train/clip_fraction,3137536,0.1454814225435257
robust,7,train/clip_fraction,3145728,0.18281249701976776
robust,7,train/clip_fraction,3153920,0.20958533883094788
robust,7,train/clip_fraction,3162112,0.1808035671710968
robust,7,train/clip_fraction,3170304,0.1916399598121643
robust,7,train/clip_fraction,3178496,0.1622869372367859
robust,7,train/clip_fraction,3186688,0.19555412232875824
robust,7,train/clip_fraction,3194880,0.10995370149612427
robust,7,train/clip_fraction,3203072,0.1352459043264389
robust,7,train/clip_fraction,3211264,0.1274038404226303
robust,7,train/clip_fraction,3219456,0.17696629464626312
robust,7,train/clip_fraction,3227648,0.2167338728904724
robust,7,train/clip_fraction,3235840,0.2032596915960312
robust,7,train/clip_fraction,3244032,0.13136574625968933
robust,7,train/clip_fraction,3252224,0.11268028616905212
robust,7,train/clip_fraction,3260416,0.12095905095338821
robust,7,train/clip_fraction,3268608,0.20438218116760254
robust,7,train/clip_fraction,3276800,0.1618175357580185
robust,7,train/clip_fraction,3284992,0.17627426981925964
robust,7,train/clip_fraction,3293184,0.1904481202363968
robust,7,train/clip_fraction,3301376,0.17499999701976776
robust,7,train/clip_fraction,3309568,0.16153846681118011
robust,7,train/clip_fraction,3317760,0.1276041716337204
robust,7,train/clip_fraction,3325952,0.1896008402109146
robust,7,train/clip_fraction,3334144,0.1782340109348297
robust,7,train/clip_fraction,3342336,0.1796875
robust,7,train/clip_fraction,3350528,0.1824951171875
robust,7,train/clip_fraction,3358720,0.1982421875
robust,7,train/clip_fraction,3366912,0.1521226465702057
robust,7,train/clip_fraction,3375104,0.19181033968925476
robust,7,train/clip_fraction,3383296,0.16202910244464874
robust,7,train/clip_fraction,3391488,0.17296510934829712
robust,7,train/clip_fraction,3399680,0.2032812535762787
robust,7,train/clip_fraction,3407872,0.20632684230804443
robust,7,train/clip_fraction,3416064,0.1814630627632141
robust,7,train/clip_fraction,3424256,0.1711566150188446
robust,7,train/clip_fraction,3432448,0.1819196492433548
robust,7,train/clip_fraction,3440640,0.1764322966337204
robust,7,train/clip_fraction,3448832,0.19299767911434174
robust,7,train/clip_fraction,3457024,0.1594122052192688
robust,7,train/clip_fraction,3465216,0.140869140625
robust,7,train/clip_fraction,3473408,0.16431452333927155
robust,7,train/clip_fraction,3481600,0.1638454794883728
robust,7,train/clip_fraction,3489792,0.206389918923378
robust,7,train/clip_fraction,3497984,0.18955592811107635
robust,7,train/clip_fraction,3506176,0.197265625
robust,7,train/clip_fraction,3514368,0.19871795177459717
robust,7,train/clip_fraction,3522560,0.1625434011220932
robust,7,train/clip_fraction,3530752,0.1796269416809082
robust,7,train/clip_fraction,3538944,0.16415441036224365
robust,7,train/clip_fraction,3547136,0.17015796899795532
robust,7,train/clip_fraction,3555328,0.13978040218353271
robust,7,train/clip_fraction,3563520,0.135986328125
robust,7,train/clip_fraction,3571712,0.159514918923378
robust,7,train/clip_fraction,3579904,0.20756880939006805
robust,7,train/clip_fraction,3588096,0.17234374582767487
robust,7,train/clip_fraction,3596288,0.1661626398563385
robust,7,train/clip_fraction,3604480,0.18658088147640228
robust,7,train/clip_fraction,3612672,0.20350150763988495
robust,7,train/clip_fraction,3620864,0.20565257966518402
robust,7,train/clip_fraction,3629056,0.19427083432674408
robust,7,train/clip_fraction,3637248,0.1840277761220932
robust,7,train/clip_fraction,3645440,0.1842447966337204
robust,7,train/clip_fraction,3653632,0.18071338534355164
robust,7,train/clip_fraction,3661824,0.0724085345864296
robust,7,train/clip_fraction,3670016,0.20130814611911774
robust,7,train/clip_fraction,3678208,0.18143203854560852
robust,7,train/clip_fraction,3686400,0.16593070328235626
robust,7,train/clip_fraction,3694592,0.1759440153837204
robust,7,train/clip_fraction,3702784,0.1349206417798996
robust,7,train/clip_fraction,3710976,0.16769622266292572
robust,7,train/clip_fraction,3719168,0.0807291641831398
robust,7,train/clip_fraction,3727360,0.19846269488334656
robust,7,train/clip_fraction,3735552,0.17593148350715637
robust,7,train/clip_fraction,3743744,0.17976804077625275
robust,7,train/clip_fraction,3751936,0.15888798236846924
robust,7,train/clip_fraction,3760128,0.1970720738172531
robust,7,train/clip_fraction,3768320,0.16304348409175873
robust,7,train/clip_fraction,3776512,0.21574917435646057
robust,7,train/clip_fraction,3784704,0.20920906960964203
robust,7,train/clip_fraction,3792896,0.21465517580509186
robust,7,train/clip_fraction,3801088,0.1633702516555786
robust,7,train/clip_fraction,3809280,0.19738051295280457
robust,7,train/clip_fraction,3817472,0.16788902878761292
robust,7,train/clip_fraction,3825664,0.19140625
robust,7,train/clip_fraction,3833856,0.12443181872367859
robust,7,train/clip_fraction,3842048,0.21238839626312256
robust,7,train/clip_fraction,3850240,0.2113911360502243
robust,7,train/clip_fraction,3858432,0.15707236528396606
robust,7,train/clip_fraction,3866624,0.12926135957241058
robust,7,train/clip_fraction,3874816,0.1801263988018036
robust,7,train/clip_fraction,3883008,0.19537602365016937
robust,7,train/clip_fraction,3891200,0.19859914481639862
robust,7,train/clip_fraction,3899392,0.21026082336902618
robust,7,train/clip_fraction,3907584,0.11610577255487442
robust,7,train/clip_fraction,3915776,0.13981680572032928
robust,7,train/clip_fraction,3923968,0.15893816947937012
robust,7,train/clip_fraction,3932160,0.1822429895401001
robust,7,train/clip_fraction,3940352,0.16648706793785095
robust,7,train/clip_fraction,3948544,0.19337406754493713
robust,7,train/clip_fraction,3956736,0.0846354141831398
robust,7,train/clip_fraction,3964928,0.19692270457744598
robust,7,train/clip_fraction,3973120,0.2200520783662796
robust,7,train/clip_fraction,3981312,0.13794642686843872
robust,7,train/clip_fraction,3989504,0.1481408178806305
robust,7,train/clip_fraction,3997696,0.14232337474822998
robust,7,train/clip_fraction,4005888,0.2098880559206009
robust,7,train/clip_fraction,4014080,0.190673828125
robust,7,train/clip_fraction,4022272,0.21609213948249817
robust,7,train/clip_fraction,4030464,0.14928464591503143
robust,7,train/clip_fraction,4038656,0.19062499701976776
robust,7,train/clip_fraction,4046848,0.19012317061424255
robust,7,train/clip_fraction,4055040,0.1975235790014267
robust,7,train/clip_fraction,4063232,0.14877717196941376
robust,7,train/clip_fraction,4071424,0.16849662363529205
robust,7,train/clip_fraction,4079616,0.17223010957241058
robust,7,train/clip_fraction,4087808,0.1618303507566452
robust,7,train/clip_fraction,4096000,0.18106617033481598
robust,7,train/clip_fraction,4104192,0.14208984375
robust,7,train/clip_fraction,4112384,0.18382969498634338
robust,7,train/clip_fraction,4120576,0.1494728922843933
robust,7,train/clip_fraction,4128768,0.16842296719551086
robust,7,train/clip_fraction,4136960,0.19231592118740082
robust,7,train/clip_fraction,4145152,0.18997396528720856
robust,7,train/clip_fraction,4153344,0.16843463480472565
robust,7,train/clip_fraction,4161536,0.19230769574642181
robust,7,train/clip_fraction,4169728,0.20957031846046448
robust,7,train/clip_fraction,4177920,0.21010638773441315
robust,7,train/clip_fraction,4186112,0.14483173191547394
robust,7,train/clip_fraction,4194304,0.19824911653995514
robust,7,train/clip_fraction,4202496,0.19148707389831543
robust,7,train/clip_fraction,4210688,0.1512419879436493
robust,7,train/clip_fraction,4218880,0.14139661192893982
robust,7,train/clip_fraction,4227072,0.14311593770980835
robust,7,train/clip_fraction,4235264,0.16796875
robust,7,train/clip_fraction,4243456,0.17331932485103607
robust,7,train/clip_fraction,4251648,0.1494140625
robust,7,train/clip_fraction,4259840,0.16903409361839294
robust,7,train/clip_fraction,4268032,0.15919117629528046
robust,7,train/clip_fraction,4276224,0.17403016984462738
robust,7,train/clip_fraction,4284416,0.18043477833271027
robust,7,train/clip_fraction,4292608,0.19784173369407654
robust,7,train/clip_fraction,4300800,0.16472738981246948
robust,7,train/clip_fraction,4308992,0.19713345170021057
robust,7,train/clip_fraction,4317184,0.1732073575258255
robust,7,train/clip_fraction,4325376,0.19981971383094788
robust,7,train/clip_fraction,4333568,0.130615234375
robust,7,train/clip_fraction,4341760,0.1646769642829895
robust,7,train/clip_fraction,4349952,0.18145161867141724
robust,7,train/clip_fraction,4358144,0.1665509194135666
robust,7,train/clip_fraction,4366336,0.1605263203382492
robust,7,train/clip_fraction,4374528,0.18593749403953552
robust,7,train/clip_fraction,4382720,0.15737499296665192
robust,7,train/clip_fraction,4390912,0.16335226595401764
robust,7,train/clip_fraction,4399104,0.10037878900766373
robust,7,train/clip_fraction,4407296,0.20406626164913177
robust,7,train/clip_fraction,4415488,0.19152462482452393
robust,7,train/clip_fraction,4423680,0.19954268634319305
robust,7,train/clip_fraction,4431872,0.1573183834552765
robust,7,train/clip_fraction,4440064,0.1846417635679245
robust,7,train/clip_fraction,4448256,0.16605839133262634
robust,7,train/clip_fraction,4456448,0.1563846915960312
robust,7,train/clip_fraction,4464640,0.20168821513652802
robust,7,train/clip_fraction,4472832,0.16818182170391083
robust,7,train/clip_fraction,4481024,0.19314971566200256
robust,7,train/clip_fraction,4489216,0.15625
robust,7,train/clip_fraction,4497408,0.16913555562496185
robust,7,train/clip_fraction,4505600,0.20192964375019073
robust,7,train/clip_fraction,4513792,0.18997302651405334
robust,7,train/clip_fraction,4521984,0.1945772022008896
robust,7,train/clip_fraction,4530176,0.20896990597248077
robust,7,train/clip_fraction,4538368,0.19367897510528564
robust,7,train/clip_fraction,4546560,0.18363864719867706
robust,7,train/clip_fraction,4554752,0.2192864865064621
robust,7,train/clip_fraction,4562944,0.18618881702423096
robust,7,train/clip_fraction,4571136,0.20139724016189575
robust,7,train/clip_fraction,4579328,0.17779356241226196
robust,7,train/clip_fraction,4587520,0.1645541936159134
robust,7,train/clip_fraction,4595712,0.1996527761220932
robust,7,train/clip_fraction,4603904,0.17406542599201202
robust,7,train/clip_fraction,4612096,0.21687500178813934
robust,7,train/clip_fraction,4620288,0.1779141128063202
robust,7,train/clip_fraction,4628480,0.16161736845970154
robust,7,train/clip_fraction,4636672,0.13770604133605957
robust,7,train/clip_fraction,4644864,0.17508278787136078
robust,7,train/clip_fraction,4653056,0.12457770109176636
robust,7,train/clip_fraction,4661248,0.17663493752479553
robust,7,train/clip_fraction,4669440,0.16670413315296173
robust,7,train/clip_fraction,4677632,0.24286511540412903
robust,7,train/clip_fraction,4685824,0.20590642094612122
robust,7,train/clip_fraction,4694016,0.16877298057079315
robust,7,train/clip_fraction,4702208,0.16789010167121887
robust,7,train/clip_fraction,4710400,0.1970905214548111
robust,7,train/clip_fraction,4718592,0.17648236453533173
robust,7,train/clip_fraction,4726784,0.182412788271904
robust,7,train/clip_fraction,4734976,0.20992647111415863
robust,7,train/clip_fraction,4743168,0.15929383039474487
robust,7,train/clip_fraction,4751360,0.1771213561296463
robust,7,train/clip_fraction,4759552,0.2018720507621765
robust,7,train/clip_fraction,4767744,0.1625744104385376
robust,7,train/clip_fraction,4775936,0.16505281627178192
robust,7,train/clip_fraction,4784128,0.18090061843395233
robust,7,train/clip_fraction,4792320,0.19631634652614594
robust,7,train/clip_fraction,4800512,0.16180555522441864
robust,7,train/clip_fraction,4808704,0.1789351850748062
robust,7,train/clip_fraction,4816896,0.19547413289546967
robust,7,train/clip_fraction,4825088,0.1784939169883728
robust,7,train/clip_fraction,4833280,0.17732802033424377
robust,7,train/clip_fraction,4841472,0.2005208283662796
robust,7,train/clip_fraction,4849664,0.24312807619571686
robust,7,train/clip_fraction,4857856,0.1658564805984497
robust,7,train/clip_fraction,4866048,0.21597632765769958
robust,7,train/clip_fraction,4874240,0.21738354861736298
robust,7,train/clip_fraction,4882432,0.120163694024086
robust,7,train/clip_fraction,4890624,0.19394618272781372
robust,7,train/clip_fraction,4898816,0.21313776075839996
robust,7,train/clip_fraction,4907008,0.19153225421905518
robust,7,train/clip_fraction,4915200,0.22019141912460327
robust,7,train/clip_fraction,4923392,0.175393208861351
robust,7,train/clip_fraction,4931584,0.22132182121276855
robust,7,train/clip_fraction,4939776,0.14461436867713928
robust,7,train/clip_fraction,4947968,0.19619140028953552
robust,7,train/clip_fraction,4956160,0.1990770697593689
robust,7,train/clip_fraction,4964352,0.1819465309381485
robust,7,train/clip_fraction,4972544,0.15784941613674164
robust,7,train/clip_fraction,4980736,0.13778409361839294
robust,7,train/clip_fraction,4988928,0.22456395626068115
robust,7,train/clip_fraction,4997120,0.1705043911933899
robust,7,train/clip_fraction,5005312,0.2280830591917038
