design,policy_training_seed,tag,environment_steps,value
legacy,0,rollout/ep_len_mean,8192,83.73170471191406
legacy,0,rollout/ep_len_mean,16384,128.72999572753906
legacy,0,rollout/ep_len_mean,24576,113.66000366210938
legacy,0,rollout/ep_len_mean,32768,64.98999786376953
legacy,0,rollout/ep_len_mean,40960,109.87000274658203
legacy,0,rollout/ep_len_mean,49152,109.41999816894531
legacy,0,rollout/ep_len_mean,57344,121.98999786376953
legacy,0,rollout/ep_len_mean,65536,154.10000610351562
legacy,0,rollout/ep_len_mean,73728,131.10000610351562
legacy,0,rollout/ep_len_mean,81920,143.75999450683594
legacy,0,rollout/ep_len_mean,90112,127.20999908447266
legacy,0,rollout/ep_len_mean,98304,92.25
legacy,0,rollout/ep_len_mean,106496,101.75
legacy,0,rollout/ep_len_mean,114688,114.38999938964844
legacy,0,rollout/ep_len_mean,122880,104.11000061035156
legacy,0,rollout/ep_len_mean,131072,81.52999877929688
legacy,0,rollout/ep_len_mean,139264,73.77999877929688
legacy,0,rollout/ep_len_mean,147456,45.22999954223633
legacy,0,rollout/ep_len_mean,155648,80.37000274658203
legacy,0,rollout/ep_len_mean,163840,135.6699981689453
legacy,0,rollout/ep_len_mean,172032,76.97000122070312
legacy,0,rollout/ep_len_mean,180224,65.72000122070312
legacy,0,rollout/ep_len_mean,188416,94.37999725341797
legacy,0,rollout/ep_len_mean,196608,97.75
legacy,0,rollout/ep_len_mean,204800,50.02000045776367
legacy,0,rollout/ep_len_mean,212992,76.55999755859375
legacy,0,rollout/ep_len_mean,221184,76.87000274658203
legacy,0,rollout/ep_len_mean,229376,61.97999954223633
legacy,0,rollout/ep_len_mean,237568,62.65999984741211
legacy,0,rollout/ep_len_mean,245760,113.5199966430664
legacy,0,rollout/ep_len_mean,253952,63.13999938964844
legacy,0,rollout/ep_len_mean,262144,61.470001220703125
legacy,0,rollout/ep_len_mean,270336,53.369998931884766
legacy,0,rollout/ep_len_mean,278528,94.4800033569336
legacy,0,rollout/ep_len_mean,286720,67.4000015258789
legacy,0,rollout/ep_len_mean,294912,68.94999694824219
legacy,0,rollout/ep_len_mean,303104,99.58999633789062
legacy,0,rollout/ep_len_mean,311296,75.47000122070312
legacy,0,rollout/ep_len_mean,319488,56.36000061035156
legacy,0,rollout/ep_len_mean,327680,54.0
legacy,0,rollout/ep_len_mean,335872,75.9000015258789
legacy,0,rollout/ep_len_mean,344064,52.90999984741211
legacy,0,rollout/ep_len_mean,352256,87.51000213623047
legacy,0,rollout/ep_len_mean,360448,92.54000091552734
legacy,0,rollout/ep_len_mean,368640,75.79000091552734
legacy,0,rollout/ep_len_mean,376832,87.4000015258789
legacy,0,rollout/ep_len_mean,385024,63.08000183105469
legacy,0,rollout/ep_len_mean,393216,45.77000045776367
legacy,0,rollout/ep_len_mean,401408,44.650001525878906
legacy,0,rollout/ep_len_mean,409600,56.790000915527344
legacy,0,rollout/ep_len_mean,417792,106.33999633789062
legacy,0,rollout/ep_len_mean,425984,60.380001068115234
legacy,0,rollout/ep_len_mean,434176,85.44999694824219
legacy,0,rollout/ep_len_mean,442368,69.58999633789062
legacy,0,rollout/ep_len_mean,450560,128.19000244140625
legacy,0,rollout/ep_len_mean,458752,89.04000091552734
legacy,0,rollout/ep_len_mean,466944,111.06999969482422
legacy,0,rollout/ep_len_mean,475136,73.86000061035156
legacy,0,rollout/ep_len_mean,483328,77.25
legacy,0,rollout/ep_len_mean,491520,92.41999816894531
legacy,0,rollout/ep_len_mean,499712,62.88999938964844
legacy,0,rollout/ep_len_mean,507904,96.72000122070312
legacy,0,rollout/ep_len_mean,516096,119.83999633789062
legacy,0,rollout/ep_len_mean,524288,82.48999786376953
legacy,0,rollout/ep_len_mean,532480,95.12000274658203
legacy,0,rollout/ep_len_mean,540672,146.58999633789062
legacy,0,rollout/ep_len_mean,548864,109.37999725341797
legacy,0,rollout/ep_len_mean,557056,106.9000015258789
legacy,0,rollout/ep_len_mean,565248,81.76000213623047
legacy,0,rollout/ep_len_mean,573440,102.79000091552734
legacy,0,rollout/ep_len_mean,581632,69.3499984741211
legacy,0,rollout/ep_len_mean,589824,90.69999694824219
legacy,0,rollout/ep_len_mean,598016,75.47000122070312
legacy,0,rollout/ep_len_mean,606208,101.37000274658203
legacy,0,rollout/ep_len_mean,614400,100.69000244140625
legacy,0,rollout/ep_len_mean,622592,124.58000183105469
legacy,0,rollout/ep_len_mean,630784,131.3000030517578
legacy,0,rollout/ep_len_mean,638976,94.98999786376953
legacy,0,rollout/ep_len_mean,647168,127.43000030517578
legacy,0,rollout/ep_len_mean,655360,116.68000030517578
legacy,0,rollout/ep_len_mean,663552,108.94000244140625
legacy,0,rollout/ep_len_mean,671744,145.33999633789062
legacy,0,rollout/ep_len_mean,679936,123.19999694824219
legacy,0,rollout/ep_len_mean,688128,144.14999389648438
legacy,0,rollout/ep_len_mean,696320,133.44000244140625
legacy,0,rollout/ep_len_mean,704512,142.38999938964844
legacy,0,rollout/ep_len_mean,712704,131.3300018310547
legacy,0,rollout/ep_len_mean,720896,120.9000015258789
legacy,0,rollout/ep_len_mean,729088,118.62999725341797
legacy,0,rollout/ep_len_mean,737280,121.77999877929688
legacy,0,rollout/ep_len_mean,745472,105.19999694824219
legacy,0,rollout/ep_len_mean,753664,126.5
legacy,0,rollout/ep_len_mean,761856,149.38999938964844
legacy,0,rollout/ep_len_mean,770048,84.5199966430664
legacy,0,rollout/ep_len_mean,778240,155.41000366210938
legacy,0,rollout/ep_len_mean,786432,179.55999755859375
legacy,0,rollout/ep_len_mean,794624,137.24000549316406
legacy,0,rollout/ep_len_mean,802816,134.4499969482422
legacy,0,rollout/ep_len_mean,811008,136.7899932861328
legacy,0,rollout/ep_len_mean,819200,136.27999877929688
legacy,0,rollout/ep_len_mean,827392,147.10000610351562
legacy,0,rollout/ep_len_mean,835584,180.99000549316406
legacy,0,rollout/ep_len_mean,843776,159.4499969482422
legacy,0,rollout/ep_len_mean,851968,149.2100067138672
legacy,0,rollout/ep_len_mean,860160,168.2899932861328
legacy,0,rollout/ep_len_mean,868352,147.67999267578125
legacy,0,rollout/ep_len_mean,876544,162.1699981689453
legacy,0,rollout/ep_len_mean,884736,165.55999755859375
legacy,0,rollout/ep_len_mean,892928,138.1300048828125
legacy,0,rollout/ep_len_mean,901120,161.25999450683594
legacy,0,rollout/ep_len_mean,909312,146.33999633789062
legacy,0,rollout/ep_len_mean,917504,199.77999877929688
legacy,0,rollout/ep_len_mean,925696,207.36000061035156
legacy,0,rollout/ep_len_mean,933888,194.75999450683594
legacy,0,rollout/ep_len_mean,942080,199.27999877929688
legacy,0,rollout/ep_len_mean,950272,181.32000732421875
legacy,0,rollout/ep_len_mean,958464,157.32000732421875
legacy,0,rollout/ep_len_mean,966656,171.64999389648438
legacy,0,rollout/ep_len_mean,974848,180.24000549316406
legacy,0,rollout/ep_len_mean,983040,234.16000366210938
legacy,0,rollout/ep_len_mean,991232,255.5
legacy,0,rollout/ep_len_mean,999424,221.44000244140625
legacy,0,rollout/ep_len_mean,1007616,155.5
legacy,0,train/approx_kl,16384,0.023172179237008095
legacy,0,train/approx_kl,24576,0.02237207069993019
legacy,0,train/approx_kl,32768,0.019734162837266922
legacy,0,train/approx_kl,40960,0.016717826947569847
legacy,0,train/approx_kl,49152,0.02146301046013832
legacy,0,train/approx_kl,57344,0.023590069264173508
legacy,0,train/approx_kl,65536,0.03308592736721039
legacy,0,train/approx_kl,73728,0.03808292746543884
legacy,0,train/approx_kl,81920,0.030344177037477493
legacy,0,train/approx_kl,90112,0.03887109458446503
legacy,0,train/approx_kl,98304,0.037842754274606705
legacy,0,train/approx_kl,106496,0.032767392694950104
legacy,0,train/approx_kl,114688,0.03684340417385101
legacy,0,train/approx_kl,122880,0.048533763736486435
legacy,0,train/approx_kl,131072,0.04487169533967972
legacy,0,train/approx_kl,139264,0.043052494525909424
legacy,0,train/approx_kl,147456,0.049138929694890976
legacy,0,train/approx_kl,155648,0.0495305061340332
legacy,0,train/approx_kl,163840,0.061283934861421585
legacy,0,train/approx_kl,172032,0.05578843504190445
legacy,0,train/approx_kl,180224,0.05487407371401787
legacy,0,train/approx_kl,188416,0.055152859538793564
legacy,0,train/approx_kl,196608,0.06850661337375641
legacy,0,train/approx_kl,204800,0.07049061357975006
legacy,0,train/approx_kl,212992,0.05583133548498154
legacy,0,train/approx_kl,221184,0.07591037452220917
legacy,0,train/approx_kl,229376,0.07009982317686081
legacy,0,train/approx_kl,237568,0.06383539736270905
legacy,0,train/approx_kl,245760,0.07254913449287415
legacy,0,train/approx_kl,253952,0.08926118165254593
legacy,0,train/approx_kl,262144,0.0848560780286789
legacy,0,train/approx_kl,270336,0.08986592292785645
legacy,0,train/approx_kl,278528,0.0757327526807785
legacy,0,train/approx_kl,286720,0.10788078606128693
legacy,0,train/approx_kl,294912,0.09475040435791016
legacy,0,train/approx_kl,303104,0.09352236986160278
legacy,0,train/approx_kl,311296,0.0855908989906311
legacy,0,train/approx_kl,319488,0.09690512716770172
legacy,0,train/approx_kl,327680,0.09351511299610138
legacy,0,train/approx_kl,335872,0.10124419629573822
legacy,0,train/approx_kl,344064,0.1113845631480217
legacy,0,train/approx_kl,352256,0.09939304739236832
legacy,0,train/approx_kl,360448,0.1389773190021515
legacy,0,train/approx_kl,368640,0.09778766334056854
legacy,0,train/approx_kl,376832,0.13614524900913239
legacy,0,train/approx_kl,385024,0.13049238920211792
legacy,0,train/approx_kl,393216,0.1053096279501915
legacy,0,train/approx_kl,401408,0.13489364087581635
legacy,0,train/approx_kl,409600,0.1265125274658203
legacy,0,train/approx_kl,417792,0.13402113318443298
legacy,0,train/approx_kl,425984,0.1504427045583725
legacy,0,train/approx_kl,434176,0.10942351073026657
legacy,0,train/approx_kl,442368,0.1512051224708557
legacy,0,train/approx_kl,450560,0.1224575936794281
legacy,0,train/approx_kl,458752,0.20614272356033325
legacy,0,train/approx_kl,466944,0.14555877447128296
legacy,0,train/approx_kl,475136,0.1481843739748001
legacy,0,train/approx_kl,483328,0.19480878114700317
legacy,0,train/approx_kl,491520,0.14594805240631104
legacy,0,train/approx_kl,499712,0.18096068501472473
legacy,0,train/approx_kl,507904,0.14252212643623352
legacy,0,train/approx_kl,516096,0.4940479099750519
legacy,0,train/approx_kl,524288,0.20641618967056274
legacy,0,train/approx_kl,532480,0.14315269887447357
legacy,0,train/approx_kl,540672,0.21300069987773895
legacy,0,train/approx_kl,548864,0.158634752035141
legacy,0,train/approx_kl,557056,0.1758331060409546
legacy,0,train/approx_kl,565248,0.2563372552394867
legacy,0,train/approx_kl,573440,0.13902559876441956
legacy,0,train/approx_kl,581632,0.22188973426818848
legacy,0,train/approx_kl,589824,0.15840503573417664
legacy,0,train/approx_kl,598016,0.19407492876052856
legacy,0,train/approx_kl,606208,0.2033551037311554
legacy,0,train/approx_kl,614400,0.22103837132453918
legacy,0,train/approx_kl,622592,0.2352289855480194
legacy,0,train/approx_kl,630784,0.2366102635860443
legacy,0,train/approx_kl,638976,0.17103183269500732
legacy,0,train/approx_kl,647168,0.252640038728714
legacy,0,train/approx_kl,655360,0.23734387755393982
legacy,0,train/approx_kl,663552,0.25195229053497314
legacy,0,train/approx_kl,671744,0.1946563720703125
legacy,0,train/approx_kl,679936,0.3261711001396179
legacy,0,train/approx_kl,688128,0.16383123397827148
legacy,0,train/approx_kl,696320,0.23180750012397766
legacy,0,train/approx_kl,704512,0.25147753953933716
legacy,0,train/approx_kl,712704,0.22327935695648193
legacy,0,train/approx_kl,720896,0.24239690601825714
legacy,0,train/approx_kl,729088,0.21705633401870728
legacy,0,train/approx_kl,737280,0.30866995453834534
legacy,0,train/approx_kl,745472,0.1987566351890564
legacy,0,train/approx_kl,753664,0.24585667252540588
legacy,0,train/approx_kl,761856,0.4520585238933563
legacy,0,train/approx_kl,770048,0.23316489160060883
legacy,0,train/approx_kl,778240,0.2252114713191986
legacy,0,train/approx_kl,786432,0.41290488839149475
legacy,0,train/approx_kl,794624,0.2545393109321594
legacy,0,train/approx_kl,802816,0.2535899579524994
legacy,0,train/approx_kl,811008,0.2525019645690918
legacy,0,train/approx_kl,819200,0.2535487711429596
legacy,0,train/approx_kl,827392,0.29041850566864014
legacy,0,train/approx_kl,835584,0.23931950330734253
legacy,0,train/approx_kl,843776,0.4273208975791931
legacy,0,train/approx_kl,851968,0.22189240157604218
legacy,0,train/approx_kl,860160,0.5077558755874634
legacy,0,train/approx_kl,868352,0.209995836019516
legacy,0,train/approx_kl,876544,0.33065372705459595
legacy,0,train/approx_kl,884736,0.2797139883041382
legacy,0,train/approx_kl,892928,0.23217235505580902
legacy,0,train/approx_kl,901120,0.2873081862926483
legacy,0,train/approx_kl,909312,0.2562462091445923
legacy,0,train/approx_kl,917504,0.27607789635658264
legacy,0,train/approx_kl,925696,0.8748219013214111
legacy,0,train/approx_kl,933888,0.23675736784934998
legacy,0,train/approx_kl,942080,0.26344209909439087
legacy,0,train/approx_kl,950272,0.26173269748687744
legacy,0,train/approx_kl,958464,0.3012610375881195
legacy,0,train/approx_kl,966656,0.27518898248672485
legacy,0,train/approx_kl,974848,0.5275418758392334
legacy,0,train/approx_kl,983040,0.34136736392974854
legacy,0,train/approx_kl,991232,0.4086719751358032
legacy,0,train/approx_kl,999424,0.3810555934906006
legacy,0,train/approx_kl,1007616,0.28831833600997925
legacy,0,train/clip_fraction,16384,0.2531372010707855
legacy,0,train/clip_fraction,24576,0.23457030951976776
legacy,0,train/clip_fraction,32768,0.21123047173023224
legacy,0,train/clip_fraction,40960,0.19106444716453552
legacy,0,train/clip_fraction,49152,0.23862305283546448
legacy,0,train/clip_fraction,57344,0.2594970762729645
legacy,0,train/clip_fraction,65536,0.3396362364292145
legacy,0,train/clip_fraction,73728,0.3779296875
legacy,0,train/clip_fraction,81920,0.33073729276657104
legacy,0,train/clip_fraction,90112,0.39277344942092896
legacy,0,train/clip_fraction,98304,0.3745483458042145
legacy,0,train/clip_fraction,106496,0.3499511778354645
legacy,0,train/clip_fraction,114688,0.3603271543979645
legacy,0,train/clip_fraction,122880,0.44121092557907104
legacy,0,train/clip_fraction,131072,0.42338865995407104
legacy,0,train/clip_fraction,139264,0.4053588807582855
legacy,0,train/clip_fraction,147456,0.4258666932582855
legacy,0,train/clip_fraction,155648,0.43402099609375
legacy,0,train/clip_fraction,163840,0.48695069551467896
legacy,0,train/clip_fraction,172032,0.46422117948532104
legacy,0,train/clip_fraction,180224,0.4577392637729645
legacy,0,train/clip_fraction,188416,0.4669189453125
legacy,0,train/clip_fraction,196608,0.5451904535293579
legacy,0,train/clip_fraction,204800,0.529528796672821
legacy,0,train/clip_fraction,212992,0.44390869140625
legacy,0,train/clip_fraction,221184,0.540637195110321
legacy,0,train/clip_fraction,229376,0.5133422613143921
legacy,0,train/clip_fraction,237568,0.4960693418979645
legacy,0,train/clip_fraction,245760,0.505615234375
legacy,0,train/clip_fraction,253952,0.5669189691543579
legacy,0,train/clip_fraction,262144,0.558764636516571
legacy,0,train/clip_fraction,270336,0.557116687297821
legacy,0,train/clip_fraction,278528,0.52252197265625
legacy,0,train/clip_fraction,286720,0.5988525152206421
legacy,0,train/clip_fraction,294912,0.58868408203125
legacy,0,train/clip_fraction,303104,0.577404797077179
legacy,0,train/clip_fraction,311296,0.565502941608429
legacy,0,train/clip_fraction,319488,0.5830444097518921
legacy,0,train/clip_fraction,327680,0.585803210735321
legacy,0,train/clip_fraction,335872,0.59405517578125
legacy,0,train/clip_fraction,344064,0.618823230266571
legacy,0,train/clip_fraction,352256,0.5783325433731079
legacy,0,train/clip_fraction,360448,0.6525024175643921
legacy,0,train/clip_fraction,368640,0.5734497308731079
legacy,0,train/clip_fraction,376832,0.6482909917831421
legacy,0,train/clip_fraction,385024,0.651416003704071
legacy,0,train/clip_fraction,393216,0.579577624797821
legacy,0,train/clip_fraction,401408,0.6228882074356079
legacy,0,train/clip_fraction,409600,0.6244751214981079
legacy,0,train/clip_fraction,417792,0.64520263671875
legacy,0,train/clip_fraction,425984,0.6858276128768921
legacy,0,train/clip_fraction,434176,0.5929199457168579
legacy,0,train/clip_fraction,442368,0.6651977300643921
legacy,0,train/clip_fraction,450560,0.6286865472793579
legacy,0,train/clip_fraction,458752,0.772900402545929
legacy,0,train/clip_fraction,466944,0.6215454339981079
legacy,0,train/clip_fraction,475136,0.650463879108429
legacy,0,train/clip_fraction,483328,0.704516589641571
legacy,0,train/clip_fraction,491520,0.634167492389679
legacy,0,train/clip_fraction,499712,0.7127685546875
legacy,0,train/clip_fraction,507904,0.6213623285293579
legacy,0,train/clip_fraction,516096,0.9223877191543579
legacy,0,train/clip_fraction,524288,0.6944335699081421
legacy,0,train/clip_fraction,532480,0.629345715045929
legacy,0,train/clip_fraction,540672,0.7049926519393921
legacy,0,train/clip_fraction,548864,0.6525512933731079
legacy,0,train/clip_fraction,557056,0.667956531047821
legacy,0,train/clip_fraction,565248,0.7513061761856079
legacy,0,train/clip_fraction,573440,0.615063488483429
legacy,0,train/clip_fraction,581632,0.72735595703125
legacy,0,train/clip_fraction,589824,0.649279773235321
legacy,0,train/clip_fraction,598016,0.66961669921875
legacy,0,train/clip_fraction,606208,0.7039794921875
legacy,0,train/clip_fraction,614400,0.722668468952179
legacy,0,train/clip_fraction,622592,0.73291015625
legacy,0,train/clip_fraction,630784,0.734619140625
legacy,0,train/clip_fraction,638976,0.662890613079071
legacy,0,train/clip_fraction,647168,0.746228039264679
legacy,0,train/clip_fraction,655360,0.724194347858429
legacy,0,train/clip_fraction,663552,0.7409423589706421
legacy,0,train/clip_fraction,671744,0.6896117925643921
legacy,0,train/clip_fraction,679936,0.77978515625
legacy,0,train/clip_fraction,688128,0.644604504108429
legacy,0,train/clip_fraction,696320,0.76312255859375
legacy,0,train/clip_fraction,704512,0.7314087152481079
legacy,0,train/clip_fraction,712704,0.713183581829071
legacy,0,train/clip_fraction,720896,0.726330578327179
legacy,0,train/clip_fraction,729088,0.717089831829071
legacy,0,train/clip_fraction,737280,0.7795044183731079
legacy,0,train/clip_fraction,745472,0.686901867389679
legacy,0,train/clip_fraction,753664,0.7206786870956421
legacy,0,train/clip_fraction,761856,0.8873046636581421
legacy,0,train/clip_fraction,770048,0.700573742389679
legacy,0,train/clip_fraction,778240,0.6986938714981079
legacy,0,train/clip_fraction,786432,0.873791515827179
legacy,0,train/clip_fraction,794624,0.724926769733429
legacy,0,train/clip_fraction,802816,0.7065795660018921
legacy,0,train/clip_fraction,811008,0.7415527105331421
legacy,0,train/clip_fraction,819200,0.7359985113143921
legacy,0,train/clip_fraction,827392,0.772216796875
legacy,0,train/clip_fraction,835584,0.7165282964706421
legacy,0,train/clip_fraction,843776,0.877185046672821
legacy,0,train/clip_fraction,851968,0.708984375
legacy,0,train/clip_fraction,860160,0.8860229253768921
legacy,0,train/clip_fraction,868352,0.6691650152206421
legacy,0,train/clip_fraction,876544,0.7508910894393921
legacy,0,train/clip_fraction,884736,0.749279797077179
legacy,0,train/clip_fraction,892928,0.6998291015625
legacy,0,train/clip_fraction,901120,0.7472289800643921
legacy,0,train/clip_fraction,909312,0.7230468988418579
legacy,0,train/clip_fraction,917504,0.7447875738143921
legacy,0,train/clip_fraction,925696,0.9308227300643921
legacy,0,train/clip_fraction,933888,0.7132568359375
legacy,0,train/clip_fraction,942080,0.7236572504043579
legacy,0,train/clip_fraction,950272,0.7400757074356079
legacy,0,train/clip_fraction,958464,0.7503296136856079
legacy,0,train/clip_fraction,966656,0.7283935546875
legacy,0,train/clip_fraction,974848,0.89617919921875
legacy,0,train/clip_fraction,983040,0.7576538324356079
legacy,0,train/clip_fraction,991232,0.77349853515625
legacy,0,train/clip_fraction,999424,0.7582153081893921
legacy,0,train/clip_fraction,1007616,0.7516845464706421
legacy,1,rollout/ep_len_mean,8192,79.8522720336914
legacy,1,rollout/ep_len_mean,16384,123.61000061035156
legacy,1,rollout/ep_len_mean,24576,112.72000122070312
legacy,1,rollout/ep_len_mean,32768,74.72000122070312
legacy,1,rollout/ep_len_mean,40960,77.0
legacy,1,rollout/ep_len_mean,49152,112.05999755859375
legacy,1,rollout/ep_len_mean,57344,131.14999389648438
legacy,1,rollout/ep_len_mean,65536,110.02999877929688
legacy,1,rollout/ep_len_mean,73728,69.91000366210938
legacy,1,rollout/ep_len_mean,81920,94.55999755859375
legacy,1,rollout/ep_len_mean,90112,87.9000015258789
legacy,1,rollout/ep_len_mean,98304,77.87999725341797
legacy,1,rollout/ep_len_mean,106496,80.54000091552734
legacy,1,rollout/ep_len_mean,114688,108.5999984741211
legacy,1,rollout/ep_len_mean,122880,110.5199966430664
legacy,1,rollout/ep_len_mean,131072,147.4600067138672
legacy,1,rollout/ep_len_mean,139264,89.01000213623047
legacy,1,rollout/ep_len_mean,147456,77.83999633789062
legacy,1,rollout/ep_len_mean,155648,60.099998474121094
legacy,1,rollout/ep_len_mean,163840,102.62999725341797
legacy,1,rollout/ep_len_mean,172032,46.779998779296875
legacy,1,rollout/ep_len_mean,180224,73.41000366210938
legacy,1,rollout/ep_len_mean,188416,87.16999816894531
legacy,1,rollout/ep_len_mean,196608,68.08000183105469
legacy,1,rollout/ep_len_mean,204800,86.43000030517578
legacy,1,rollout/ep_len_mean,212992,61.52000045776367
legacy,1,rollout/ep_len_mean,221184,52.59000015258789
legacy,1,rollout/ep_len_mean,229376,89.16000366210938
legacy,1,rollout/ep_len_mean,237568,70.73999786376953
legacy,1,rollout/ep_len_mean,245760,94.58999633789062
legacy,1,rollout/ep_len_mean,253952,99.05000305175781
legacy,1,rollout/ep_len_mean,262144,70.56999969482422
legacy,1,rollout/ep_len_mean,270336,76.38999938964844
legacy,1,rollout/ep_len_mean,278528,39.560001373291016
legacy,1,rollout/ep_len_mean,286720,65.33999633789062
legacy,1,rollout/ep_len_mean,294912,48.33000183105469
legacy,1,rollout/ep_len_mean,303104,81.61000061035156
legacy,1,rollout/ep_len_mean,311296,59.75
legacy,1,rollout/ep_len_mean,319488,42.7400016784668
legacy,1,rollout/ep_len_mean,327680,83.5199966430664
legacy,1,rollout/ep_len_mean,335872,100.79000091552734
legacy,1,rollout/ep_len_mean,344064,56.279998779296875
legacy,1,rollout/ep_len_mean,352256,36.060001373291016
legacy,1,rollout/ep_len_mean,360448,66.5999984741211
legacy,1,rollout/ep_len_mean,368640,71.0
legacy,1,rollout/ep_len_mean,376832,63.72999954223633
legacy,1,rollout/ep_len_mean,385024,59.93000030517578
legacy,1,rollout/ep_len_mean,393216,62.290000915527344
legacy,1,rollout/ep_len_mean,401408,46.4900016784668
legacy,1,rollout/ep_len_mean,409600,62.560001373291016
legacy,1,rollout/ep_len_mean,417792,51.36000061035156
legacy,1,rollout/ep_len_mean,425984,54.90999984741211
legacy,1,rollout/ep_len_mean,434176,61.27000045776367
legacy,1,rollout/ep_len_mean,442368,56.689998626708984
legacy,1,rollout/ep_len_mean,450560,42.689998626708984
legacy,1,rollout/ep_len_mean,458752,55.84000015258789
legacy,1,rollout/ep_len_mean,466944,43.18000030517578
legacy,1,rollout/ep_len_mean,475136,47.209999084472656
legacy,1,rollout/ep_len_mean,483328,49.349998474121094
legacy,1,rollout/ep_len_mean,491520,48.43000030517578
legacy,1,rollout/ep_len_mean,499712,34.040000915527344
legacy,1,rollout/ep_len_mean,507904,47.7400016784668
legacy,1,rollout/ep_len_mean,516096,36.720001220703125
legacy,1,rollout/ep_len_mean,524288,51.18000030517578
legacy,1,rollout/ep_len_mean,532480,49.02000045776367
legacy,1,rollout/ep_len_mean,540672,58.959999084472656
legacy,1,rollout/ep_len_mean,548864,24.950000762939453
legacy,1,rollout/ep_len_mean,557056,35.11000061035156
legacy,1,rollout/ep_len_mean,565248,36.34000015258789
legacy,1,rollout/ep_len_mean,573440,24.690000534057617
legacy,1,rollout/ep_len_mean,581632,47.95000076293945
legacy,1,rollout/ep_len_mean,589824,35.130001068115234
legacy,1,rollout/ep_len_mean,598016,29.920000076293945
legacy,1,rollout/ep_len_mean,606208,29.450000762939453
legacy,1,rollout/ep_len_mean,614400,33.0
legacy,1,rollout/ep_len_mean,622592,30.75
legacy,1,rollout/ep_len_mean,630784,34.0099983215332
legacy,1,rollout/ep_len_mean,638976,27.479999542236328
legacy,1,rollout/ep_len_mean,647168,42.040000915527344
legacy,1,rollout/ep_len_mean,655360,33.72999954223633
legacy,1,rollout/ep_len_mean,663552,43.97999954223633
legacy,1,rollout/ep_len_mean,671744,40.209999084472656
legacy,1,rollout/ep_len_mean,679936,23.559999465942383
legacy,1,rollout/ep_len_mean,688128,38.279998779296875
legacy,1,rollout/ep_len_mean,696320,33.93000030517578
legacy,1,rollout/ep_len_mean,704512,32.20000076293945
legacy,1,rollout/ep_len_mean,712704,27.09000015258789
legacy,1,rollout/ep_len_mean,720896,44.16999816894531
legacy,1,rollout/ep_len_mean,729088,23.709999084472656
legacy,1,rollout/ep_len_mean,737280,37.540000915527344
legacy,1,rollout/ep_len_mean,745472,42.279998779296875
legacy,1,rollout/ep_len_mean,753664,38.06999969482422
legacy,1,rollout/ep_len_mean,761856,36.529998779296875
legacy,1,rollout/ep_len_mean,770048,43.470001220703125
legacy,1,rollout/ep_len_mean,778240,34.119998931884766
legacy,1,rollout/ep_len_mean,786432,61.290000915527344
legacy,1,rollout/ep_len_mean,794624,45.0099983215332
legacy,1,rollout/ep_len_mean,802816,25.40999984741211
legacy,1,rollout/ep_len_mean,811008,37.7599983215332
legacy,1,rollout/ep_len_mean,819200,82.25
legacy,1,rollout/ep_len_mean,827392,44.060001373291016
legacy,1,rollout/ep_len_mean,835584,36.5099983215332
legacy,1,rollout/ep_len_mean,843776,23.360000610351562
legacy,1,rollout/ep_len_mean,851968,28.860000610351562
legacy,1,rollout/ep_len_mean,860160,49.90999984741211
legacy,1,rollout/ep_len_mean,868352,36.59000015258789
legacy,1,rollout/ep_len_mean,876544,27.700000762939453
legacy,1,rollout/ep_len_mean,884736,34.63999938964844
legacy,1,rollout/ep_len_mean,892928,41.900001525878906
legacy,1,rollout/ep_len_mean,901120,24.09000015258789
legacy,1,rollout/ep_len_mean,909312,35.25
legacy,1,rollout/ep_len_mean,917504,34.369998931884766
legacy,1,rollout/ep_len_mean,925696,23.1200008392334
legacy,1,rollout/ep_len_mean,933888,23.020000457763672
legacy,1,rollout/ep_len_mean,942080,25.700000762939453
legacy,1,rollout/ep_len_mean,950272,43.97999954223633
legacy,1,rollout/ep_len_mean,958464,48.58000183105469
legacy,1,rollout/ep_len_mean,966656,35.5099983215332
legacy,1,rollout/ep_len_mean,974848,23.469999313354492
legacy,1,rollout/ep_len_mean,983040,38.119998931884766
legacy,1,rollout/ep_len_mean,991232,26.329999923706055
legacy,1,rollout/ep_len_mean,999424,22.75
legacy,1,rollout/ep_len_mean,1007616,23.469999313354492
legacy,1,train/approx_kl,16384,0.024562299251556396
legacy,1,train/approx_kl,24576,0.022750332951545715
legacy,1,train/approx_kl,32768,0.017561644315719604
legacy,1,train/approx_kl,40960,0.01792968437075615
legacy,1,train/approx_kl,49152,0.022038966417312622
legacy,1,train/approx_kl,57344,0.026600074023008347
legacy,1,train/approx_kl,65536,0.034750159829854965
legacy,1,train/approx_kl,73728,0.031464770436286926
legacy,1,train/approx_kl,81920,0.030513998121023178
legacy,1,train/approx_kl,90112,0.037390388548374176
legacy,1,train/approx_kl,98304,0.0344352126121521
legacy,1,train/approx_kl,106496,0.035456590354442596
legacy,1,train/approx_kl,114688,0.037919655442237854
legacy,1,train/approx_kl,122880,0.04885842278599739
legacy,1,train/approx_kl,131072,0.05108778178691864
legacy,1,train/approx_kl,139264,0.0506727397441864
legacy,1,train/approx_kl,147456,0.044788554310798645
legacy,1,train/approx_kl,155648,0.049248695373535156
legacy,1,train/approx_kl,163840,0.04344519227743149
legacy,1,train/approx_kl,172032,0.061215050518512726
legacy,1,train/approx_kl,180224,0.049708276987075806
legacy,1,train/approx_kl,188416,0.060019515454769135
legacy,1,train/approx_kl,196608,0.05990538001060486
legacy,1,train/approx_kl,204800,0.05932691693305969
legacy,1,train/approx_kl,212992,0.06593280285596848
legacy,1,train/approx_kl,221184,0.06702680140733719
legacy,1,train/approx_kl,229376,0.06150675565004349
legacy,1,train/approx_kl,237568,0.07984237372875214
legacy,1,train/approx_kl,245760,0.08859214186668396
legacy,1,train/approx_kl,253952,0.08666659891605377
legacy,1,train/approx_kl,262144,0.06846953928470612
legacy,1,train/approx_kl,270336,0.0746714249253273
legacy,1,train/approx_kl,278528,0.09632536768913269
legacy,1,train/approx_kl,286720,0.07741609215736389
legacy,1,train/approx_kl,294912,0.09112491458654404
legacy,1,train/approx_kl,303104,0.07342138141393661
legacy,1,train/approx_kl,311296,0.10133199393749237
legacy,1,train/approx_kl,319488,0.08335413038730621
legacy,1,train/approx_kl,327680,0.09450660645961761
legacy,1,train/approx_kl,335872,0.12181328237056732
legacy,1,train/approx_kl,344064,0.11352196335792542
legacy,1,train/approx_kl,352256,0.10315372794866562
legacy,1,train/approx_kl,360448,0.10882832854986191
legacy,1,train/approx_kl,368640,0.10581184923648834
legacy,1,train/approx_kl,376832,0.14199653267860413
legacy,1,train/approx_kl,385024,0.12048444896936417
legacy,1,train/approx_kl,393216,0.11105553805828094
legacy,1,train/approx_kl,401408,0.12588447332382202
legacy,1,train/approx_kl,409600,0.11257855594158173
legacy,1,train/approx_kl,417792,0.15196841955184937
legacy,1,train/approx_kl,425984,0.12126050144433975
legacy,1,train/approx_kl,434176,0.1463049203157425
legacy,1,train/approx_kl,442368,0.1455315351486206
legacy,1,train/approx_kl,450560,0.12396005541086197
legacy,1,train/approx_kl,458752,0.1504543125629425
legacy,1,train/approx_kl,466944,0.13562893867492676
legacy,1,train/approx_kl,475136,0.14007361233234406
legacy,1,train/approx_kl,483328,0.16194574534893036
legacy,1,train/approx_kl,491520,0.15081940591335297
legacy,1,train/approx_kl,499712,0.14740321040153503
legacy,1,train/approx_kl,507904,0.1411733329296112
legacy,1,train/approx_kl,516096,0.193943053483963
legacy,1,train/approx_kl,524288,0.14078383147716522
legacy,1,train/approx_kl,532480,0.17241325974464417
legacy,1,train/approx_kl,540672,0.1927652508020401
legacy,1,train/approx_kl,548864,5.1624040603637695
legacy,1,train/approx_kl,557056,0.12290780991315842
legacy,1,train/approx_kl,565248,0.13552290201187134
legacy,1,train/approx_kl,573440,0.14423872530460358
legacy,1,train/approx_kl,581632,0.16304899752140045
legacy,1,train/approx_kl,589824,0.15646842122077942
legacy,1,train/approx_kl,598016,0.16033607721328735
legacy,1,train/approx_kl,606208,0.16826754808425903
legacy,1,train/approx_kl,614400,0.18111860752105713
legacy,1,train/approx_kl,622592,0.17645101249217987
legacy,1,train/approx_kl,630784,0.18749545514583588
legacy,1,train/approx_kl,638976,0.17321932315826416
legacy,1,train/approx_kl,647168,0.17139923572540283
legacy,1,train/approx_kl,655360,0.17207935452461243
legacy,1,train/approx_kl,663552,0.20855188369750977
legacy,1,train/approx_kl,671744,0.20152920484542847
legacy,1,train/approx_kl,679936,0.20028731226921082
legacy,1,train/approx_kl,688128,0.19509300589561462
legacy,1,train/approx_kl,696320,0.2131640613079071
legacy,1,train/approx_kl,704512,0.2133128046989441
legacy,1,train/approx_kl,712704,0.23417353630065918
legacy,1,train/approx_kl,720896,0.2360670268535614
legacy,1,train/approx_kl,729088,0.2016226202249527
legacy,1,train/approx_kl,737280,0.2535587549209595
legacy,1,train/approx_kl,745472,0.5448110103607178
legacy,1,train/approx_kl,753664,0.2088809609413147
legacy,1,train/approx_kl,761856,0.20927655696868896
legacy,1,train/approx_kl,770048,0.21610981225967407
legacy,1,train/approx_kl,778240,0.24393849074840546
legacy,1,train/approx_kl,786432,0.20348665118217468
legacy,1,train/approx_kl,794624,0.2402016818523407
legacy,1,train/approx_kl,802816,0.24247430264949799
legacy,1,train/approx_kl,811008,0.23272836208343506
legacy,1,train/approx_kl,819200,0.6509276628494263
legacy,1,train/approx_kl,827392,0.25848454236984253
legacy,1,train/approx_kl,835584,0.21998466551303864
legacy,1,train/approx_kl,843776,0.21498426795005798
legacy,1,train/approx_kl,851968,0.2364197075366974
legacy,1,train/approx_kl,860160,0.24620592594146729
legacy,1,train/approx_kl,868352,0.20409590005874634
legacy,1,train/approx_kl,876544,0.24463722109794617
legacy,1,train/approx_kl,884736,0.28502506017684937
legacy,1,train/approx_kl,892928,0.23762060701847076
legacy,1,train/approx_kl,901120,0.2608550190925598
legacy,1,train/approx_kl,909312,0.3377554714679718
legacy,1,train/approx_kl,917504,0.24196362495422363
legacy,1,train/approx_kl,925696,0.4735701084136963
legacy,1,train/approx_kl,933888,0.25207939743995667
legacy,1,train/approx_kl,942080,0.23859983682632446
legacy,1,train/approx_kl,950272,0.21963462233543396
legacy,1,train/approx_kl,958464,1.004647135734558
legacy,1,train/approx_kl,966656,0.2160584032535553
legacy,1,train/approx_kl,974848,0.2381083071231842
legacy,1,train/approx_kl,983040,0.29727959632873535
legacy,1,train/approx_kl,991232,0.30520737171173096
legacy,1,train/approx_kl,999424,0.23268073797225952
legacy,1,train/approx_kl,1007616,0.25497597455978394
legacy,1,train/clip_fraction,16384,0.2572265565395355
legacy,1,train/clip_fraction,24576,0.23848876357078552
legacy,1,train/clip_fraction,32768,0.19003906846046448
legacy,1,train/clip_fraction,40960,0.19082030653953552
legacy,1,train/clip_fraction,49152,0.23752442002296448
legacy,1,train/clip_fraction,57344,0.29594725370407104
legacy,1,train/clip_fraction,65536,0.35307615995407104
legacy,1,train/clip_fraction,73728,0.31657713651657104
legacy,1,train/clip_fraction,81920,0.3228515684604645
legacy,1,train/clip_fraction,90112,0.3748413026332855
legacy,1,train/clip_fraction,98304,0.349853515625
legacy,1,train/clip_fraction,106496,0.36610108613967896
legacy,1,train/clip_fraction,114688,0.37812501192092896
legacy,1,train/clip_fraction,122880,0.4565185606479645
legacy,1,train/clip_fraction,131072,0.47327882051467896
legacy,1,train/clip_fraction,139264,0.42591553926467896
legacy,1,train/clip_fraction,147456,0.41009521484375
legacy,1,train/clip_fraction,155648,0.44395750761032104
legacy,1,train/clip_fraction,163840,0.42097169160842896
legacy,1,train/clip_fraction,172032,0.48853760957717896
legacy,1,train/clip_fraction,180224,0.4294677674770355
legacy,1,train/clip_fraction,188416,0.4955078065395355
legacy,1,train/clip_fraction,196608,0.4944702088832855
legacy,1,train/clip_fraction,204800,0.4906860291957855
legacy,1,train/clip_fraction,212992,0.5301269292831421
legacy,1,train/clip_fraction,221184,0.4989379942417145
legacy,1,train/clip_fraction,229376,0.47819823026657104
legacy,1,train/clip_fraction,237568,0.5500122308731079
legacy,1,train/clip_fraction,245760,0.580126941204071
legacy,1,train/clip_fraction,253952,0.5634765625
legacy,1,train/clip_fraction,262144,0.518298327922821
legacy,1,train/clip_fraction,270336,0.5375732183456421
legacy,1,train/clip_fraction,278528,0.5826171636581421
legacy,1,train/clip_fraction,286720,0.5316406488418579
legacy,1,train/clip_fraction,294912,0.581188976764679
legacy,1,train/clip_fraction,303104,0.5146484375
legacy,1,train/clip_fraction,311296,0.610949695110321
legacy,1,train/clip_fraction,319488,0.544177234172821
legacy,1,train/clip_fraction,327680,0.580810546875
legacy,1,train/clip_fraction,335872,0.644335925579071
legacy,1,train/clip_fraction,344064,0.605603039264679
legacy,1,train/clip_fraction,352256,0.576367199420929
legacy,1,train/clip_fraction,360448,0.5962280035018921
legacy,1,train/clip_fraction,368640,0.603039562702179
legacy,1,train/clip_fraction,376832,0.667675793170929
legacy,1,train/clip_fraction,385024,0.6042236089706421
legacy,1,train/clip_fraction,393216,0.5949462652206421
legacy,1,train/clip_fraction,401408,0.63232421875
legacy,1,train/clip_fraction,409600,0.5978637933731079
legacy,1,train/clip_fraction,417792,0.682263195514679
legacy,1,train/clip_fraction,425984,0.624279797077179
legacy,1,train/clip_fraction,434176,0.647143542766571
legacy,1,train/clip_fraction,442368,0.650561511516571
legacy,1,train/clip_fraction,450560,0.62176513671875
legacy,1,train/clip_fraction,458752,0.6536865234375
legacy,1,train/clip_fraction,466944,0.6529906988143921
legacy,1,train/clip_fraction,475136,0.6437011957168579
legacy,1,train/clip_fraction,483328,0.680102527141571
legacy,1,train/clip_fraction,491520,0.656567394733429
legacy,1,train/clip_fraction,499712,0.653210461139679
legacy,1,train/clip_fraction,507904,0.64678955078125
legacy,1,train/clip_fraction,516096,0.6911865472793579
legacy,1,train/clip_fraction,524288,0.647021472454071
legacy,1,train/clip_fraction,532480,0.6736084222793579
legacy,1,train/clip_fraction,540672,0.7054198980331421
legacy,1,train/clip_fraction,548864,0.974743664264679
legacy,1,train/clip_fraction,557056,0.5926147699356079
legacy,1,train/clip_fraction,565248,0.630383312702179
legacy,1,train/clip_fraction,573440,0.6417480707168579
legacy,1,train/clip_fraction,581632,0.679638683795929
legacy,1,train/clip_fraction,589824,0.6534057855606079
legacy,1,train/clip_fraction,598016,0.6659911870956421
legacy,1,train/clip_fraction,606208,0.6665283441543579
legacy,1,train/clip_fraction,614400,0.6873534917831421
legacy,1,train/clip_fraction,622592,0.6750122308731079
legacy,1,train/clip_fraction,630784,0.6772826910018921
legacy,1,train/clip_fraction,638976,0.6826171875
legacy,1,train/clip_fraction,647168,0.6628051996231079
legacy,1,train/clip_fraction,655360,0.6782470941543579
legacy,1,train/clip_fraction,663552,0.7160888910293579
legacy,1,train/clip_fraction,671744,0.700122058391571
legacy,1,train/clip_fraction,679936,0.711499035358429
legacy,1,train/clip_fraction,688128,0.6979736089706421
legacy,1,train/clip_fraction,696320,0.7148193120956421
legacy,1,train/clip_fraction,704512,0.7180420160293579
legacy,1,train/clip_fraction,712704,0.722668468952179
legacy,1,train/clip_fraction,720896,0.7046264410018921
legacy,1,train/clip_fraction,729088,0.7143799066543579
legacy,1,train/clip_fraction,737280,0.71502685546875
legacy,1,train/clip_fraction,745472,0.874682605266571
legacy,1,train/clip_fraction,753664,0.68096923828125
legacy,1,train/clip_fraction,761856,0.72308349609375
legacy,1,train/clip_fraction,770048,0.70440673828125
legacy,1,train/clip_fraction,778240,0.763354480266571
legacy,1,train/clip_fraction,786432,0.697277843952179
legacy,1,train/clip_fraction,794624,0.735156238079071
legacy,1,train/clip_fraction,802816,0.7391723394393921
legacy,1,train/clip_fraction,811008,0.71966552734375
legacy,1,train/clip_fraction,819200,0.898144543170929
legacy,1,train/clip_fraction,827392,0.7232421636581421
legacy,1,train/clip_fraction,835584,0.691455066204071
legacy,1,train/clip_fraction,843776,0.7105468511581421
legacy,1,train/clip_fraction,851968,0.755444347858429
legacy,1,train/clip_fraction,860160,0.7368530035018921
legacy,1,train/clip_fraction,868352,0.692797839641571
legacy,1,train/clip_fraction,876544,0.73516845703125
legacy,1,train/clip_fraction,884736,0.7456299066543579
legacy,1,train/clip_fraction,892928,0.7313232421875
legacy,1,train/clip_fraction,901120,0.744555652141571
legacy,1,train/clip_fraction,909312,0.7986694574356079
legacy,1,train/clip_fraction,917504,0.7144531011581421
legacy,1,train/clip_fraction,925696,0.774829089641571
legacy,1,train/clip_fraction,933888,0.731799304485321
legacy,1,train/clip_fraction,942080,0.7310546636581421
legacy,1,train/clip_fraction,950272,0.7077392339706421
legacy,1,train/clip_fraction,958464,0.9222167730331421
legacy,1,train/clip_fraction,966656,0.698168933391571
legacy,1,train/clip_fraction,974848,0.7058471441268921
legacy,1,train/clip_fraction,983040,0.7679077386856079
legacy,1,train/clip_fraction,991232,0.766357421875
legacy,1,train/clip_fraction,999424,0.717028796672821
legacy,1,train/clip_fraction,1007616,0.7342529296875
legacy,2,rollout/ep_len_mean,8192,89.79268646240234
legacy,2,rollout/ep_len_mean,16384,134.5500030517578
legacy,2,rollout/ep_len_mean,24576,95.4800033569336
legacy,2,rollout/ep_len_mean,32768,147.39999389648438
legacy,2,rollout/ep_len_mean,40960,153.57000732421875
legacy,2,rollout/ep_len_mean,49152,58.06999969482422
legacy,2,rollout/ep_len_mean,57344,113.86000061035156
legacy,2,rollout/ep_len_mean,65536,75.41000366210938
legacy,2,rollout/ep_len_mean,73728,74.08000183105469
legacy,2,rollout/ep_len_mean,81920,121.05999755859375
legacy,2,rollout/ep_len_mean,90112,105.2699966430664
legacy,2,rollout/ep_len_mean,98304,92.05999755859375
legacy,2,rollout/ep_len_mean,106496,100.76000213623047
legacy,2,rollout/ep_len_mean,114688,109.80999755859375
legacy,2,rollout/ep_len_mean,122880,75.0199966430664
legacy,2,rollout/ep_len_mean,131072,65.86000061035156
legacy,2,rollout/ep_len_mean,139264,121.27999877929688
legacy,2,rollout/ep_len_mean,147456,62.27000045776367
legacy,2,rollout/ep_len_mean,155648,69.94999694824219
legacy,2,rollout/ep_len_mean,163840,121.72000122070312
legacy,2,rollout/ep_len_mean,172032,88.43000030517578
legacy,2,rollout/ep_len_mean,180224,64.27999877929688
legacy,2,rollout/ep_len_mean,188416,78.7300033569336
legacy,2,rollout/ep_len_mean,196608,68.33999633789062
legacy,2,rollout/ep_len_mean,204800,82.80999755859375
legacy,2,rollout/ep_len_mean,212992,60.7599983215332
legacy,2,rollout/ep_len_mean,221184,97.94000244140625
legacy,2,rollout/ep_len_mean,229376,50.529998779296875
legacy,2,rollout/ep_len_mean,237568,67.54000091552734
legacy,2,rollout/ep_len_mean,245760,39.9900016784668
legacy,2,rollout/ep_len_mean,253952,55.369998931884766
legacy,2,rollout/ep_len_mean,262144,73.05999755859375
legacy,2,rollout/ep_len_mean,270336,65.93000030517578
legacy,2,rollout/ep_len_mean,278528,71.80000305175781
legacy,2,rollout/ep_len_mean,286720,64.05000305175781
legacy,2,rollout/ep_len_mean,294912,36.119998931884766
legacy,2,rollout/ep_len_mean,303104,66.22000122070312
legacy,2,rollout/ep_len_mean,311296,35.150001525878906
legacy,2,rollout/ep_len_mean,319488,43.13999938964844
legacy,2,rollout/ep_len_mean,327680,62.86000061035156
legacy,2,rollout/ep_len_mean,335872,41.86000061035156
legacy,2,rollout/ep_len_mean,344064,69.7699966430664
legacy,2,rollout/ep_len_mean,352256,52.54999923706055
legacy,2,rollout/ep_len_mean,360448,50.380001068115234
legacy,2,rollout/ep_len_mean,368640,65.12000274658203
legacy,2,rollout/ep_len_mean,376832,71.2699966430664
legacy,2,rollout/ep_len_mean,385024,51.810001373291016
legacy,2,rollout/ep_len_mean,393216,49.11000061035156
legacy,2,rollout/ep_len_mean,401408,58.84000015258789
legacy,2,rollout/ep_len_mean,409600,56.880001068115234
legacy,2,rollout/ep_len_mean,417792,56.56999969482422
legacy,2,rollout/ep_len_mean,425984,44.36000061035156
legacy,2,rollout/ep_len_mean,434176,66.93000030517578
legacy,2,rollout/ep_len_mean,442368,52.310001373291016
legacy,2,rollout/ep_len_mean,450560,98.6500015258789
legacy,2,rollout/ep_len_mean,458752,73.05999755859375
legacy,2,rollout/ep_len_mean,466944,72.80999755859375
legacy,2,rollout/ep_len_mean,475136,64.51000213623047
legacy,2,rollout/ep_len_mean,483328,80.25
legacy,2,rollout/ep_len_mean,491520,36.72999954223633
legacy,2,rollout/ep_len_mean,499712,58.0099983215332
legacy,2,rollout/ep_len_mean,507904,71.80000305175781
legacy,2,rollout/ep_len_mean,516096,62.189998626708984
legacy,2,rollout/ep_len_mean,524288,80.27999877929688
legacy,2,rollout/ep_len_mean,532480,47.849998474121094
legacy,2,rollout/ep_len_mean,540672,107.52999877929688
legacy,2,rollout/ep_len_mean,548864,67.13999938964844
legacy,2,rollout/ep_len_mean,557056,51.540000915527344
legacy,2,rollout/ep_len_mean,565248,60.720001220703125
legacy,2,rollout/ep_len_mean,573440,56.11000061035156
legacy,2,rollout/ep_len_mean,581632,68.26000213623047
legacy,2,rollout/ep_len_mean,589824,51.16999816894531
legacy,2,rollout/ep_len_mean,598016,60.13999938964844
legacy,2,rollout/ep_len_mean,606208,51.29999923706055
legacy,2,rollout/ep_len_mean,614400,58.02000045776367
legacy,2,rollout/ep_len_mean,622592,95.33999633789062
legacy,2,rollout/ep_len_mean,630784,72.98999786376953
legacy,2,rollout/ep_len_mean,638976,39.91999816894531
legacy,2,rollout/ep_len_mean,647168,67.5999984741211
legacy,2,rollout/ep_len_mean,655360,106.72000122070312
legacy,2,rollout/ep_len_mean,663552,89.13999938964844
legacy,2,rollout/ep_len_mean,671744,55.86000061035156
legacy,2,rollout/ep_len_mean,679936,91.6500015258789
legacy,2,rollout/ep_len_mean,688128,76.80000305175781
legacy,2,rollout/ep_len_mean,696320,62.720001220703125
legacy,2,rollout/ep_len_mean,704512,103.8499984741211
legacy,2,rollout/ep_len_mean,712704,80.97000122070312
legacy,2,rollout/ep_len_mean,720896,67.37000274658203
legacy,2,rollout/ep_len_mean,729088,77.3499984741211
legacy,2,rollout/ep_len_mean,737280,96.30999755859375
legacy,2,rollout/ep_len_mean,745472,114.95999908447266
legacy,2,rollout/ep_len_mean,753664,108.27999877929688
legacy,2,rollout/ep_len_mean,761856,126.0199966430664
legacy,2,rollout/ep_len_mean,770048,136.8300018310547
legacy,2,rollout/ep_len_mean,778240,96.11000061035156
legacy,2,rollout/ep_len_mean,786432,71.69000244140625
legacy,2,rollout/ep_len_mean,794624,88.94999694824219
legacy,2,rollout/ep_len_mean,802816,77.62999725341797
legacy,2,rollout/ep_len_mean,811008,86.37000274658203
legacy,2,rollout/ep_len_mean,819200,80.19000244140625
legacy,2,rollout/ep_len_mean,827392,97.62999725341797
legacy,2,rollout/ep_len_mean,835584,86.13999938964844
legacy,2,rollout/ep_len_mean,843776,78.13999938964844
legacy,2,rollout/ep_len_mean,851968,105.16000366210938
legacy,2,rollout/ep_len_mean,860160,83.27999877929688
legacy,2,rollout/ep_len_mean,868352,85.79000091552734
legacy,2,rollout/ep_len_mean,876544,94.37999725341797
legacy,2,rollout/ep_len_mean,884736,97.22000122070312
legacy,2,rollout/ep_len_mean,892928,119.80000305175781
legacy,2,rollout/ep_len_mean,901120,125.68000030517578
legacy,2,rollout/ep_len_mean,909312,124.22000122070312
legacy,2,rollout/ep_len_mean,917504,109.81999969482422
legacy,2,rollout/ep_len_mean,925696,65.6500015258789
legacy,2,rollout/ep_len_mean,933888,79.29000091552734
legacy,2,rollout/ep_len_mean,942080,61.279998779296875
legacy,2,rollout/ep_len_mean,950272,61.599998474121094
legacy,2,rollout/ep_len_mean,958464,84.5999984741211
legacy,2,rollout/ep_len_mean,966656,84.55000305175781
legacy,2,rollout/ep_len_mean,974848,91.91000366210938
legacy,2,rollout/ep_len_mean,983040,82.83999633789062
legacy,2,rollout/ep_len_mean,991232,114.27999877929688
legacy,2,rollout/ep_len_mean,999424,74.26000213623047
legacy,2,rollout/ep_len_mean,1007616,87.12999725341797
legacy,2,train/approx_kl,16384,0.024504750967025757
legacy,2,train/approx_kl,24576,0.021470164880156517
legacy,2,train/approx_kl,32768,0.0191092137247324
legacy,2,train/approx_kl,40960,0.0250766109675169
legacy,2,train/approx_kl,49152,0.024881917983293533
legacy,2,train/approx_kl,57344,0.0201713889837265
legacy,2,train/approx_kl,65536,0.027103224769234657
legacy,2,train/approx_kl,73728,0.026233313605189323
legacy,2,train/approx_kl,81920,0.03291626647114754
legacy,2,train/approx_kl,90112,0.03987265005707741
legacy,2,train/approx_kl,98304,0.03709818050265312
legacy,2,train/approx_kl,106496,0.03595355153083801
legacy,2,train/approx_kl,114688,0.04663417488336563
legacy,2,train/approx_kl,122880,0.04864992946386337
legacy,2,train/approx_kl,131072,0.03994237259030342
legacy,2,train/approx_kl,139264,0.045636869966983795
legacy,2,train/approx_kl,147456,0.05740424245595932
legacy,2,train/approx_kl,155648,0.0485830120742321
legacy,2,train/approx_kl,163840,0.061521727591753006
legacy,2,train/approx_kl,172032,0.05682700127363205
legacy,2,train/approx_kl,180224,0.06545345485210419
legacy,2,train/approx_kl,188416,0.05021100863814354
legacy,2,train/approx_kl,196608,0.06242058798670769
legacy,2,train/approx_kl,204800,0.057189829647541046
legacy,2,train/approx_kl,212992,0.06569340825080872
legacy,2,train/approx_kl,221184,0.06568202376365662
legacy,2,train/approx_kl,229376,0.06424115598201752
legacy,2,train/approx_kl,237568,0.06906814873218536
legacy,2,train/approx_kl,245760,0.06907375156879425
legacy,2,train/approx_kl,253952,0.07655791938304901
legacy,2,train/approx_kl,262144,0.09197871387004852
legacy,2,train/approx_kl,270336,0.0885743647813797
legacy,2,train/approx_kl,278528,0.08157972991466522
legacy,2,train/approx_kl,286720,0.11161431670188904
legacy,2,train/approx_kl,294912,0.08631762117147446
legacy,2,train/approx_kl,303104,0.08202376216650009
legacy,2,train/approx_kl,311296,0.09901238977909088
legacy,2,train/approx_kl,319488,0.09512900561094284
legacy,2,train/approx_kl,327680,0.09778293967247009
legacy,2,train/approx_kl,335872,0.10625462234020233
legacy,2,train/approx_kl,344064,0.10692280530929565
legacy,2,train/approx_kl,352256,0.10503297299146652
legacy,2,train/approx_kl,360448,0.10301966965198517
legacy,2,train/approx_kl,368640,0.11597850173711777
legacy,2,train/approx_kl,376832,0.11342189460992813
legacy,2,train/approx_kl,385024,0.12121190130710602
legacy,2,train/approx_kl,393216,0.12622912228107452
legacy,2,train/approx_kl,401408,0.1388532817363739
legacy,2,train/approx_kl,409600,0.1279228776693344
legacy,2,train/approx_kl,417792,0.1236020177602768
legacy,2,train/approx_kl,425984,0.12983156740665436
legacy,2,train/approx_kl,434176,0.1451965868473053
legacy,2,train/approx_kl,442368,0.1240096390247345
legacy,2,train/approx_kl,450560,0.1559971570968628
legacy,2,train/approx_kl,458752,0.14039067924022675
legacy,2,train/approx_kl,466944,0.15542106330394745
legacy,2,train/approx_kl,475136,0.14637558162212372
legacy,2,train/approx_kl,483328,0.17216256260871887
legacy,2,train/approx_kl,491520,0.16036969423294067
legacy,2,train/approx_kl,499712,0.1380985826253891
legacy,2,train/approx_kl,507904,0.15900729596614838
legacy,2,train/approx_kl,516096,0.15964843332767487
legacy,2,train/approx_kl,524288,0.15286067128181458
legacy,2,train/approx_kl,532480,0.17653588950634003
legacy,2,train/approx_kl,540672,0.15678510069847107
legacy,2,train/approx_kl,548864,0.19078947603702545
legacy,2,train/approx_kl,557056,0.1630069613456726
legacy,2,train/approx_kl,565248,0.1716385781764984
legacy,2,train/approx_kl,573440,0.16658839583396912
legacy,2,train/approx_kl,581632,0.20737960934638977
legacy,2,train/approx_kl,589824,0.20551995933055878
legacy,2,train/approx_kl,598016,0.19904547929763794
legacy,2,train/approx_kl,606208,0.20002242922782898
legacy,2,train/approx_kl,614400,0.19782361388206482
legacy,2,train/approx_kl,622592,0.20086883008480072
legacy,2,train/approx_kl,630784,1.1252810955047607
legacy,2,train/approx_kl,638976,0.20272891223430634
legacy,2,train/approx_kl,647168,0.1763368397951126
legacy,2,train/approx_kl,655360,0.23375755548477173
legacy,2,train/approx_kl,663552,0.2471173107624054
legacy,2,train/approx_kl,671744,0.21115508675575256
legacy,2,train/approx_kl,679936,0.25653713941574097
legacy,2,train/approx_kl,688128,0.2865578830242157
legacy,2,train/approx_kl,696320,0.18203586339950562
legacy,2,train/approx_kl,704512,0.2265063226222992
legacy,2,train/approx_kl,712704,1.3563587665557861
legacy,2,train/approx_kl,720896,0.19990485906600952
legacy,2,train/approx_kl,729088,0.18284016847610474
legacy,2,train/approx_kl,737280,0.2839212715625763
legacy,2,train/approx_kl,745472,0.3214336633682251
legacy,2,train/approx_kl,753664,0.21180199086666107
legacy,2,train/approx_kl,761856,0.25063449144363403
legacy,2,train/approx_kl,770048,0.27986136078834534
legacy,2,train/approx_kl,778240,0.2704344093799591
legacy,2,train/approx_kl,786432,0.19651633501052856
legacy,2,train/approx_kl,794624,0.2671634554862976
legacy,2,train/approx_kl,802816,0.2803635597229004
legacy,2,train/approx_kl,811008,0.2612762451171875
legacy,2,train/approx_kl,819200,0.8842121958732605
legacy,2,train/approx_kl,827392,0.19106370210647583
legacy,2,train/approx_kl,835584,0.2680516839027405
legacy,2,train/approx_kl,843776,0.24362576007843018
legacy,2,train/approx_kl,851968,0.2494642734527588
legacy,2,train/approx_kl,860160,0.339436411857605
legacy,2,train/approx_kl,868352,0.27709510922431946
legacy,2,train/approx_kl,876544,0.2704926133155823
legacy,2,train/approx_kl,884736,0.30213117599487305
legacy,2,train/approx_kl,892928,0.34978142380714417
legacy,2,train/approx_kl,901120,0.27176064252853394
legacy,2,train/approx_kl,909312,0.3416075110435486
legacy,2,train/approx_kl,917504,0.4294022023677826
legacy,2,train/approx_kl,925696,0.2262711077928543
legacy,2,train/approx_kl,933888,0.19040052592754364
legacy,2,train/approx_kl,942080,0.29813873767852783
legacy,2,train/approx_kl,950272,0.2527727782726288
legacy,2,train/approx_kl,958464,0.2754296362400055
legacy,2,train/approx_kl,966656,0.7039473056793213
legacy,2,train/approx_kl,974848,0.3457835912704468
legacy,2,train/approx_kl,983040,0.2446165829896927
legacy,2,train/approx_kl,991232,0.27883848547935486
legacy,2,train/approx_kl,999424,0.29316115379333496
legacy,2,train/approx_kl,1007616,1.2798060178756714
legacy,2,train/clip_fraction,16384,0.2528442442417145
legacy,2,train/clip_fraction,24576,0.22770996391773224
legacy,2,train/clip_fraction,32768,0.21257324516773224
legacy,2,train/clip_fraction,40960,0.2732788026332855
legacy,2,train/clip_fraction,49152,0.27149659395217896
legacy,2,train/clip_fraction,57344,0.22030028700828552
legacy,2,train/clip_fraction,65536,0.31291502714157104
legacy,2,train/clip_fraction,73728,0.27885740995407104
legacy,2,train/clip_fraction,81920,0.3591674864292145
legacy,2,train/clip_fraction,90112,0.37841796875
legacy,2,train/clip_fraction,98304,0.39195555448532104
legacy,2,train/clip_fraction,106496,0.36688232421875
legacy,2,train/clip_fraction,114688,0.4429565370082855
legacy,2,train/clip_fraction,122880,0.4196411073207855
legacy,2,train/clip_fraction,131072,0.37080079317092896
legacy,2,train/clip_fraction,139264,0.4188598692417145
legacy,2,train/clip_fraction,147456,0.4796386659145355
legacy,2,train/clip_fraction,155648,0.4269653260707855
legacy,2,train/clip_fraction,163840,0.5046020746231079
legacy,2,train/clip_fraction,172032,0.46226805448532104
legacy,2,train/clip_fraction,180224,0.51861572265625
legacy,2,train/clip_fraction,188416,0.43364256620407104
legacy,2,train/clip_fraction,196608,0.4878173768520355
legacy,2,train/clip_fraction,204800,0.4718017578125
legacy,2,train/clip_fraction,212992,0.5100463628768921
legacy,2,train/clip_fraction,221184,0.5018310546875
legacy,2,train/clip_fraction,229376,0.4986816346645355
legacy,2,train/clip_fraction,237568,0.5192505121231079
legacy,2,train/clip_fraction,245760,0.5230468511581421
legacy,2,train/clip_fraction,253952,0.533935546875
legacy,2,train/clip_fraction,262144,0.5740966796875
legacy,2,train/clip_fraction,270336,0.5688842535018921
legacy,2,train/clip_fraction,278528,0.5346435308456421
legacy,2,train/clip_fraction,286720,0.603381335735321
legacy,2,train/clip_fraction,294912,0.5614379644393921
legacy,2,train/clip_fraction,303104,0.5505126714706421
legacy,2,train/clip_fraction,311296,0.5888427495956421
legacy,2,train/clip_fraction,319488,0.574462890625
legacy,2,train/clip_fraction,327680,0.58831787109375
legacy,2,train/clip_fraction,335872,0.6092895269393921
legacy,2,train/clip_fraction,344064,0.5950073003768921
legacy,2,train/clip_fraction,352256,0.607592761516571
legacy,2,train/clip_fraction,360448,0.579724133014679
legacy,2,train/clip_fraction,368640,0.613964855670929
legacy,2,train/clip_fraction,376832,0.6001220941543579
legacy,2,train/clip_fraction,385024,0.609375
legacy,2,train/clip_fraction,393216,0.635058581829071
legacy,2,train/clip_fraction,401408,0.634875476360321
legacy,2,train/clip_fraction,409600,0.618408203125
legacy,2,train/clip_fraction,417792,0.622485339641571
legacy,2,train/clip_fraction,425984,0.633227527141571
legacy,2,train/clip_fraction,434176,0.66107177734375
legacy,2,train/clip_fraction,442368,0.6263183355331421
legacy,2,train/clip_fraction,450560,0.673352062702179
legacy,2,train/clip_fraction,458752,0.6335815191268921
legacy,2,train/clip_fraction,466944,0.6746460199356079
legacy,2,train/clip_fraction,475136,0.658862292766571
legacy,2,train/clip_fraction,483328,0.675646960735321
legacy,2,train/clip_fraction,491520,0.667675793170929
legacy,2,train/clip_fraction,499712,0.6380859613418579
legacy,2,train/clip_fraction,507904,0.672070324420929
legacy,2,train/clip_fraction,516096,0.673327624797821
legacy,2,train/clip_fraction,524288,0.6570190191268921
legacy,2,train/clip_fraction,532480,0.69647216796875
legacy,2,train/clip_fraction,540672,0.6551758050918579
legacy,2,train/clip_fraction,548864,0.694104015827179
legacy,2,train/clip_fraction,557056,0.671130359172821
legacy,2,train/clip_fraction,565248,0.675341784954071
legacy,2,train/clip_fraction,573440,0.6821533441543579
legacy,2,train/clip_fraction,581632,0.7087157964706421
legacy,2,train/clip_fraction,589824,0.712878406047821
legacy,2,train/clip_fraction,598016,0.7098388671875
legacy,2,train/clip_fraction,606208,0.695019543170929
legacy,2,train/clip_fraction,614400,0.6989380121231079
legacy,2,train/clip_fraction,622592,0.7142333984375
legacy,2,train/clip_fraction,630784,0.932385265827179
legacy,2,train/clip_fraction,638976,0.697033703327179
legacy,2,train/clip_fraction,647168,0.652111828327179
legacy,2,train/clip_fraction,655360,0.721057116985321
legacy,2,train/clip_fraction,663552,0.749255359172821
legacy,2,train/clip_fraction,671744,0.7001953125
legacy,2,train/clip_fraction,679936,0.7391601800918579
legacy,2,train/clip_fraction,688128,0.760729968547821
legacy,2,train/clip_fraction,696320,0.661865234375
legacy,2,train/clip_fraction,704512,0.72003173828125
legacy,2,train/clip_fraction,712704,0.950024425983429
legacy,2,train/clip_fraction,720896,0.6619628667831421
legacy,2,train/clip_fraction,729088,0.6551513671875
legacy,2,train/clip_fraction,737280,0.7552856206893921
legacy,2,train/clip_fraction,745472,0.7645019292831421
legacy,2,train/clip_fraction,753664,0.695544421672821
legacy,2,train/clip_fraction,761856,0.725756824016571
legacy,2,train/clip_fraction,770048,0.751416027545929
legacy,2,train/clip_fraction,778240,0.74652099609375
legacy,2,train/clip_fraction,786432,0.6602417230606079
legacy,2,train/clip_fraction,794624,0.7283691167831421
legacy,2,train/clip_fraction,802816,0.7496703863143921
legacy,2,train/clip_fraction,811008,0.7134155035018921
legacy,2,train/clip_fraction,819200,0.9319092035293579
legacy,2,train/clip_fraction,827392,0.679125964641571
legacy,2,train/clip_fraction,835584,0.7160400152206421
legacy,2,train/clip_fraction,843776,0.7200561761856079
legacy,2,train/clip_fraction,851968,0.739514172077179
legacy,2,train/clip_fraction,860160,0.801013171672821
legacy,2,train/clip_fraction,868352,0.730639636516571
legacy,2,train/clip_fraction,876544,0.734301745891571
legacy,2,train/clip_fraction,884736,0.75286865234375
legacy,2,train/clip_fraction,892928,0.764782726764679
legacy,2,train/clip_fraction,901120,0.73291015625
legacy,2,train/clip_fraction,909312,0.7671264410018921
legacy,2,train/clip_fraction,917504,0.83380126953125
legacy,2,train/clip_fraction,925696,0.691235363483429
legacy,2,train/clip_fraction,933888,0.6734863519668579
legacy,2,train/clip_fraction,942080,0.764270007610321
legacy,2,train/clip_fraction,950272,0.720776379108429
legacy,2,train/clip_fraction,958464,0.739062488079071
legacy,2,train/clip_fraction,966656,0.924243152141571
legacy,2,train/clip_fraction,974848,0.7681640386581421
legacy,2,train/clip_fraction,983040,0.7165282964706421
legacy,2,train/clip_fraction,991232,0.73883056640625
legacy,2,train/clip_fraction,999424,0.7575439214706421
legacy,2,train/clip_fraction,1007616,0.94189453125
stabilized,5,rollout/ep_len_mean,8192,74.02999877929688
stabilized,5,rollout/ep_len_mean,16384,67.62999725341797
stabilized,5,rollout/ep_len_mean,24576,105.87999725341797
stabilized,5,rollout/ep_len_mean,32768,94.77999877929688
stabilized,5,rollout/ep_len_mean,40960,121.88999938964844
stabilized,5,rollout/ep_len_mean,49152,109.69000244140625
stabilized,5,rollout/ep_len_mean,57344,107.87999725341797
stabilized,5,rollout/ep_len_mean,65536,142.88999938964844
stabilized,5,rollout/ep_len_mean,73728,165.1699981689453
stabilized,5,rollout/ep_len_mean,81920,167.07000732421875
stabilized,5,rollout/ep_len_mean,90112,149.3800048828125
stabilized,5,rollout/ep_len_mean,98304,141.22999572753906
stabilized,5,rollout/ep_len_mean,106496,176.72000122070312
stabilized,5,rollout/ep_len_mean,114688,189.64999389648438
stabilized,5,rollout/ep_len_mean,122880,217.66000366210938
stabilized,5,rollout/ep_len_mean,131072,191.2899932861328
stabilized,5,rollout/ep_len_mean,139264,182.5500030517578
stabilized,5,rollout/ep_len_mean,147456,171.2899932861328
stabilized,5,rollout/ep_len_mean,155648,190.07000732421875
stabilized,5,rollout/ep_len_mean,163840,175.63999938964844
stabilized,5,rollout/ep_len_mean,172032,191.77000427246094
stabilized,5,rollout/ep_len_mean,180224,230.38999938964844
stabilized,5,rollout/ep_len_mean,188416,191.1300048828125
stabilized,5,rollout/ep_len_mean,196608,178.91000366210938
stabilized,5,rollout/ep_len_mean,204800,215.32000732421875
stabilized,5,rollout/ep_len_mean,212992,239.82000732421875
stabilized,5,rollout/ep_len_mean,221184,225.97000122070312
stabilized,5,rollout/ep_len_mean,229376,197.69000244140625
stabilized,5,rollout/ep_len_mean,237568,223.83999633789062
stabilized,5,rollout/ep_len_mean,245760,233.52999877929688
stabilized,5,rollout/ep_len_mean,253952,269.4100036621094
stabilized,5,rollout/ep_len_mean,262144,210.0800018310547
stabilized,5,rollout/ep_len_mean,270336,147.88999938964844
stabilized,5,rollout/ep_len_mean,278528,184.07000732421875
stabilized,5,rollout/ep_len_mean,286720,218.7100067138672
stabilized,5,rollout/ep_len_mean,294912,236.77999877929688
stabilized,5,rollout/ep_len_mean,303104,188.91000366210938
stabilized,5,rollout/ep_len_mean,311296,175.25999450683594
stabilized,5,rollout/ep_len_mean,319488,201.92999267578125
stabilized,5,rollout/ep_len_mean,327680,195.22000122070312
stabilized,5,rollout/ep_len_mean,335872,229.47000122070312
stabilized,5,rollout/ep_len_mean,344064,276.5
stabilized,5,rollout/ep_len_mean,352256,300.5299987792969
stabilized,5,rollout/ep_len_mean,360448,338.2300109863281
stabilized,5,rollout/ep_len_mean,368640,286.95001220703125
stabilized,5,rollout/ep_len_mean,376832,298.8599853515625
stabilized,5,rollout/ep_len_mean,385024,262.1000061035156
stabilized,5,rollout/ep_len_mean,393216,281.9200134277344
stabilized,5,rollout/ep_len_mean,401408,306.2799987792969
stabilized,5,rollout/ep_len_mean,409600,283.75
stabilized,5,rollout/ep_len_mean,417792,306.1300048828125
stabilized,5,rollout/ep_len_mean,425984,301.3999938964844
stabilized,5,rollout/ep_len_mean,434176,312.8299865722656
stabilized,5,rollout/ep_len_mean,442368,308.5199890136719
stabilized,5,rollout/ep_len_mean,450560,282.57000732421875
stabilized,5,rollout/ep_len_mean,458752,286.7300109863281
stabilized,5,rollout/ep_len_mean,466944,257.55999755859375
stabilized,5,rollout/ep_len_mean,475136,272.7799987792969
stabilized,5,rollout/ep_len_mean,483328,300.2099914550781
stabilized,5,rollout/ep_len_mean,491520,306.05999755859375
stabilized,5,rollout/ep_len_mean,499712,327.8999938964844
stabilized,5,rollout/ep_len_mean,507904,290.3999938964844
stabilized,5,rollout/ep_len_mean,516096,281.9200134277344
stabilized,5,rollout/ep_len_mean,524288,287.1300048828125
stabilized,5,rollout/ep_len_mean,532480,275.3900146484375
stabilized,5,rollout/ep_len_mean,540672,237.3800048828125
stabilized,5,rollout/ep_len_mean,548864,253.7100067138672
stabilized,5,rollout/ep_len_mean,557056,274.4100036621094
stabilized,5,rollout/ep_len_mean,565248,292.3800048828125
stabilized,5,rollout/ep_len_mean,573440,334.32000732421875
stabilized,5,rollout/ep_len_mean,581632,352.67999267578125
stabilized,5,rollout/ep_len_mean,589824,337.54998779296875
stabilized,5,rollout/ep_len_mean,598016,329.260009765625
stabilized,5,rollout/ep_len_mean,606208,365.7099914550781
stabilized,5,rollout/ep_len_mean,614400,339.4200134277344
stabilized,5,rollout/ep_len_mean,622592,327.3999938964844
stabilized,5,rollout/ep_len_mean,630784,342.45001220703125
stabilized,5,rollout/ep_len_mean,638976,351.8699951171875
stabilized,5,rollout/ep_len_mean,647168,343.45001220703125
stabilized,5,rollout/ep_len_mean,655360,361.54998779296875
stabilized,5,rollout/ep_len_mean,663552,365.8900146484375
stabilized,5,rollout/ep_len_mean,671744,335.0799865722656
stabilized,5,rollout/ep_len_mean,679936,284.9100036621094
stabilized,5,rollout/ep_len_mean,688128,263.3500061035156
stabilized,5,rollout/ep_len_mean,696320,257.7200012207031
stabilized,5,rollout/ep_len_mean,704512,277.4200134277344
stabilized,5,rollout/ep_len_mean,712704,336.1700134277344
stabilized,5,rollout/ep_len_mean,720896,334.05999755859375
stabilized,5,rollout/ep_len_mean,729088,331.8800048828125
stabilized,5,rollout/ep_len_mean,737280,377.42999267578125
stabilized,5,rollout/ep_len_mean,745472,358.989990234375
stabilized,5,rollout/ep_len_mean,753664,403.0199890136719
stabilized,5,rollout/ep_len_mean,761856,370.5299987792969
stabilized,5,rollout/ep_len_mean,770048,413.05999755859375
stabilized,5,rollout/ep_len_mean,778240,367.3900146484375
stabilized,5,rollout/ep_len_mean,786432,365.7200012207031
stabilized,5,rollout/ep_len_mean,794624,369.6199951171875
stabilized,5,rollout/ep_len_mean,802816,346.9100036621094
stabilized,5,rollout/ep_len_mean,811008,351.6400146484375
stabilized,5,rollout/ep_len_mean,819200,268.6199951171875
stabilized,5,rollout/ep_len_mean,827392,294.5199890136719
stabilized,5,rollout/ep_len_mean,835584,317.6700134277344
stabilized,5,rollout/ep_len_mean,843776,291.9100036621094
stabilized,5,rollout/ep_len_mean,851968,268.69000244140625
stabilized,5,rollout/ep_len_mean,860160,243.27999877929688
stabilized,5,rollout/ep_len_mean,868352,244.4499969482422
stabilized,5,rollout/ep_len_mean,876544,253.99000549316406
stabilized,5,rollout/ep_len_mean,884736,255.10000610351562
stabilized,5,rollout/ep_len_mean,892928,309.1099853515625
stabilized,5,rollout/ep_len_mean,901120,348.44000244140625
stabilized,5,rollout/ep_len_mean,909312,339.8800048828125
stabilized,5,rollout/ep_len_mean,917504,353.5199890136719
stabilized,5,rollout/ep_len_mean,925696,323.1099853515625
stabilized,5,rollout/ep_len_mean,933888,313.6300048828125
stabilized,5,rollout/ep_len_mean,942080,331.7099914550781
stabilized,5,rollout/ep_len_mean,950272,362.4700012207031
stabilized,5,rollout/ep_len_mean,958464,376.6199951171875
stabilized,5,rollout/ep_len_mean,966656,387.92999267578125
stabilized,5,rollout/ep_len_mean,974848,366.6499938964844
stabilized,5,rollout/ep_len_mean,983040,377.1400146484375
stabilized,5,rollout/ep_len_mean,991232,312.510009765625
stabilized,5,rollout/ep_len_mean,999424,356.6199951171875
stabilized,5,rollout/ep_len_mean,1007616,376.6000061035156
stabilized,5,train/approx_kl,16384,0.017430732026696205
stabilized,5,train/approx_kl,24576,0.01900359056890011
stabilized,5,train/approx_kl,32768,0.018406903371214867
stabilized,5,train/approx_kl,40960,0.025232689455151558
stabilized,5,train/approx_kl,49152,0.01946776732802391
stabilized,5,train/approx_kl,57344,0.019177241250872612
stabilized,5,train/approx_kl,65536,0.019098445773124695
stabilized,5,train/approx_kl,73728,0.019716762006282806
stabilized,5,train/approx_kl,81920,0.019546784460544586
stabilized,5,train/approx_kl,90112,0.01932634226977825
stabilized,5,train/approx_kl,98304,0.01925589330494404
stabilized,5,train/approx_kl,106496,0.010559181682765484
stabilized,5,train/approx_kl,114688,0.01935749314725399
stabilized,5,train/approx_kl,122880,0.01196245662868023
stabilized,5,train/approx_kl,131072,0.019939124584197998
stabilized,5,train/approx_kl,139264,0.020722365006804466
stabilized,5,train/approx_kl,147456,0.02022259682416916
stabilized,5,train/approx_kl,155648,0.020315799862146378
stabilized,5,train/approx_kl,163840,0.023287784308195114
stabilized,5,train/approx_kl,172032,0.020124157890677452
stabilized,5,train/approx_kl,180224,0.02386254258453846
stabilized,5,train/approx_kl,188416,0.019839199259877205
stabilized,5,train/approx_kl,196608,0.022183408960700035
stabilized,5,train/approx_kl,204800,0.022312765941023827
stabilized,5,train/approx_kl,212992,0.02257939986884594
stabilized,5,train/approx_kl,221184,0.019696474075317383
stabilized,5,train/approx_kl,229376,0.011476773768663406
stabilized,5,train/approx_kl,237568,0.012136953882873058
stabilized,5,train/approx_kl,245760,0.021631449460983276
stabilized,5,train/approx_kl,253952,0.011454016901552677
stabilized,5,train/approx_kl,262144,0.022780757397413254
stabilized,5,train/approx_kl,270336,0.021262165158987045
stabilized,5,train/approx_kl,278528,0.007901549339294434
stabilized,5,train/approx_kl,286720,0.012951435521245003
stabilized,5,train/approx_kl,294912,0.02111140824854374
stabilized,5,train/approx_kl,303104,0.011234702542424202
stabilized,5,train/approx_kl,311296,0.01301279105246067
stabilized,5,train/approx_kl,319488,0.013152443803846836
stabilized,5,train/approx_kl,327680,0.013936108909547329
stabilized,5,train/approx_kl,335872,0.012161273509263992
stabilized,5,train/approx_kl,344064,0.013322319835424423
stabilized,5,train/approx_kl,352256,0.01597139984369278
stabilized,5,train/approx_kl,360448,0.013550912961363792
stabilized,5,train/approx_kl,368640,0.02249436266720295
stabilized,5,train/approx_kl,376832,0.014877852983772755
stabilized,5,train/approx_kl,385024,0.013802658766508102
stabilized,5,train/approx_kl,393216,0.014014055021107197
stabilized,5,train/approx_kl,401408,0.014125734567642212
stabilized,5,train/approx_kl,409600,0.010439415462315083
stabilized,5,train/approx_kl,417792,0.024321505799889565
stabilized,5,train/approx_kl,425984,0.02300157956779003
stabilized,5,train/approx_kl,434176,0.012165844440460205
stabilized,5,train/approx_kl,442368,0.021692747250199318
stabilized,5,train/approx_kl,450560,0.009188123978674412
stabilized,5,train/approx_kl,458752,0.0153157077729702
stabilized,5,train/approx_kl,466944,0.011448998004198074
stabilized,5,train/approx_kl,475136,0.014657367952167988
stabilized,5,train/approx_kl,483328,0.014071175828576088
stabilized,5,train/approx_kl,491520,0.010549473576247692
stabilized,5,train/approx_kl,499712,0.012823394499719143
stabilized,5,train/approx_kl,507904,0.014331559650599957
stabilized,5,train/approx_kl,516096,0.012776178307831287
stabilized,5,train/approx_kl,524288,0.013292642310261726
stabilized,5,train/approx_kl,532480,0.011969714425504208
stabilized,5,train/approx_kl,540672,0.01012858934700489
stabilized,5,train/approx_kl,548864,0.012143053114414215
stabilized,5,train/approx_kl,557056,0.01126474142074585
stabilized,5,train/approx_kl,565248,0.012289673089981079
stabilized,5,train/approx_kl,573440,0.013451636768877506
stabilized,5,train/approx_kl,581632,0.011582506820559502
stabilized,5,train/approx_kl,589824,0.013532000593841076
stabilized,5,train/approx_kl,598016,0.01389058493077755
stabilized,5,train/approx_kl,606208,0.00885024107992649
stabilized,5,train/approx_kl,614400,0.014048722572624683
stabilized,5,train/approx_kl,622592,0.013451166450977325
stabilized,5,train/approx_kl,630784,0.012739204801619053
stabilized,5,train/approx_kl,638976,0.013928421773016453
stabilized,5,train/approx_kl,647168,0.014429440721869469
stabilized,5,train/approx_kl,655360,0.012639355845749378
stabilized,5,train/approx_kl,663552,0.012968435883522034
stabilized,5,train/approx_kl,671744,0.014294665306806564
stabilized,5,train/approx_kl,679936,0.013415408320724964
stabilized,5,train/approx_kl,688128,0.01245793979614973
stabilized,5,train/approx_kl,696320,0.014119007624685764
stabilized,5,train/approx_kl,704512,0.013536795973777771
stabilized,5,train/approx_kl,712704,0.015582921914756298
stabilized,5,train/approx_kl,720896,0.012704494409263134
stabilized,5,train/approx_kl,729088,0.014907900243997574
stabilized,5,train/approx_kl,737280,0.006986269727349281
stabilized,5,train/approx_kl,745472,0.014133074320852757
stabilized,5,train/approx_kl,753664,0.01167787704616785
stabilized,5,train/approx_kl,761856,0.013409272767603397
stabilized,5,train/approx_kl,770048,0.012665510177612305
stabilized,5,train/approx_kl,778240,0.012097898870706558
stabilized,5,train/approx_kl,786432,0.012099678628146648
stabilized,5,train/approx_kl,794624,0.013625970110297203
stabilized,5,train/approx_kl,802816,0.009965727105736732
stabilized,5,train/approx_kl,811008,0.012521613389253616
stabilized,5,train/approx_kl,819200,0.014361578971147537
stabilized,5,train/approx_kl,827392,0.014617744833230972
stabilized,5,train/approx_kl,835584,0.011984672397375107
stabilized,5,train/approx_kl,843776,0.01371724158525467
stabilized,5,train/approx_kl,851968,0.014263971708714962
stabilized,5,train/approx_kl,860160,0.014813365414738655
stabilized,5,train/approx_kl,868352,0.01413721963763237
stabilized,5,train/approx_kl,876544,0.012931464239954948
stabilized,5,train/approx_kl,884736,0.011326487176120281
stabilized,5,train/approx_kl,892928,0.012759676203131676
stabilized,5,train/approx_kl,901120,0.015280118212103844
stabilized,5,train/approx_kl,909312,0.013290579430758953
stabilized,5,train/approx_kl,917504,0.013793442398309708
stabilized,5,train/approx_kl,925696,0.011425318196415901
stabilized,5,train/approx_kl,933888,0.01255207508802414
stabilized,5,train/approx_kl,942080,0.012534329667687416
stabilized,5,train/approx_kl,950272,0.011430925689637661
stabilized,5,train/approx_kl,958464,0.014606990851461887
stabilized,5,train/approx_kl,966656,0.01350353006273508
stabilized,5,train/approx_kl,974848,0.012454402633011341
stabilized,5,train/approx_kl,983040,0.014700425788760185
stabilized,5,train/approx_kl,991232,0.012109543196856976
stabilized,5,train/approx_kl,999424,0.01290767453610897
stabilized,5,train/approx_kl,1007616,0.011518091894686222
stabilized,5,train/clip_fraction,16384,0.17067648470401764
stabilized,5,train/clip_fraction,24576,0.19224241375923157
stabilized,5,train/clip_fraction,32768,0.2039811611175537
stabilized,5,train/clip_fraction,40960,0.20306536555290222
stabilized,5,train/clip_fraction,49152,0.1802455335855484
stabilized,5,train/clip_fraction,57344,0.16764937341213226
stabilized,5,train/clip_fraction,65536,0.20662499964237213
stabilized,5,train/clip_fraction,73728,0.19112318754196167
stabilized,5,train/clip_fraction,81920,0.1977817416191101
stabilized,5,train/clip_fraction,90112,0.18244759738445282
stabilized,5,train/clip_fraction,98304,0.1941964328289032
stabilized,5,train/clip_fraction,106496,0.15234375
stabilized,5,train/clip_fraction,114688,0.19182854890823364
stabilized,5,train/clip_fraction,122880,0.1675502210855484
stabilized,5,train/clip_fraction,131072,0.171875
stabilized,5,train/clip_fraction,139264,0.21349431574344635
stabilized,5,train/clip_fraction,147456,0.20414958894252777
stabilized,5,train/clip_fraction,155648,0.1808035671710968
stabilized,5,train/clip_fraction,163840,0.1922348439693451
stabilized,5,train/clip_fraction,172032,0.17957261204719543
stabilized,5,train/clip_fraction,180224,0.18499523401260376
stabilized,5,train/clip_fraction,188416,0.19840604066848755
stabilized,5,train/clip_fraction,196608,0.2106073945760727
stabilized,5,train/clip_fraction,204800,0.203125
stabilized,5,train/clip_fraction,212992,0.21152052283287048
stabilized,5,train/clip_fraction,221184,0.1820419579744339
stabilized,5,train/clip_fraction,229376,0.15275734663009644
stabilized,5,train/clip_fraction,237568,0.17049632966518402
stabilized,5,train/clip_fraction,245760,0.2188541740179062
stabilized,5,train/clip_fraction,253952,0.16015625
stabilized,5,train/clip_fraction,262144,0.2220279723405838
stabilized,5,train/clip_fraction,270336,0.19114191830158234
stabilized,5,train/clip_fraction,278528,0.09992732852697372
stabilized,5,train/clip_fraction,286720,0.1850852221250534
stabilized,5,train/clip_fraction,294912,0.22807592153549194
stabilized,5,train/clip_fraction,303104,0.15349264442920685
stabilized,5,train/clip_fraction,311296,0.18437500298023224
stabilized,5,train/clip_fraction,319488,0.1780931055545807
stabilized,5,train/clip_fraction,327680,0.19501201808452606
stabilized,5,train/clip_fraction,335872,0.16387194395065308
stabilized,5,train/clip_fraction,344064,0.18060661852359772
stabilized,5,train/clip_fraction,352256,0.21663135290145874
stabilized,5,train/clip_fraction,360448,0.18637242913246155
stabilized,5,train/clip_fraction,368640,0.22562965750694275
stabilized,5,train/clip_fraction,376832,0.19879332184791565
stabilized,5,train/clip_fraction,385024,0.18877550959587097
stabilized,5,train/clip_fraction,393216,0.19558823108673096
stabilized,5,train/clip_fraction,401408,0.19523948431015015
stabilized,5,train/clip_fraction,409600,0.1431361585855484
stabilized,5,train/clip_fraction,417792,0.2253449708223343
stabilized,5,train/clip_fraction,425984,0.2055027186870575
stabilized,5,train/clip_fraction,434176,0.169921875
stabilized,5,train/clip_fraction,442368,0.23125000298023224
stabilized,5,train/clip_fraction,450560,0.12420550733804703
stabilized,5,train/clip_fraction,458752,0.2083333283662796
stabilized,5,train/clip_fraction,466944,0.14692163467407227
stabilized,5,train/clip_fraction,475136,0.198369562625885
stabilized,5,train/clip_fraction,483328,0.19682016968727112
stabilized,5,train/clip_fraction,491520,0.14626024663448334
stabilized,5,train/clip_fraction,499712,0.17844203114509583
stabilized,5,train/clip_fraction,507904,0.19389881193637848
stabilized,5,train/clip_fraction,516096,0.1709134578704834
stabilized,5,train/clip_fraction,524288,0.1890120953321457
stabilized,5,train/clip_fraction,532480,0.15720663964748383
stabilized,5,train/clip_fraction,540672,0.13671875
stabilized,5,train/clip_fraction,548864,0.16737288236618042
stabilized,5,train/clip_fraction,557056,0.15187500417232513
stabilized,5,train/clip_fraction,565248,0.16718749701976776
stabilized,5,train/clip_fraction,573440,0.1936848908662796
stabilized,5,train/clip_fraction,581632,0.15789473056793213
stabilized,5,train/clip_fraction,589824,0.19086021184921265
stabilized,5,train/clip_fraction,598016,0.1935586780309677
stabilized,5,train/clip_fraction,606208,0.10891544073820114
stabilized,5,train/clip_fraction,614400,0.20279255509376526
stabilized,5,train/clip_fraction,622592,0.1852678507566452
stabilized,5,train/clip_fraction,630784,0.17276278138160706
stabilized,5,train/clip_fraction,638976,0.20176629722118378
stabilized,5,train/clip_fraction,647168,0.2025061845779419
stabilized,5,train/clip_fraction,655360,0.1784539520740509
stabilized,5,train/clip_fraction,663552,0.18309295177459717
stabilized,5,train/clip_fraction,671744,0.2029605209827423
stabilized,5,train/clip_fraction,679936,0.19072690606117249
stabilized,5,train/clip_fraction,688128,0.17162297666072845
stabilized,5,train/clip_fraction,696320,0.20048701763153076
stabilized,5,train/clip_fraction,704512,0.1875
stabilized,5,train/clip_fraction,712704,0.21488402783870697
stabilized,5,train/clip_fraction,720896,0.17354166507720947
stabilized,5,train/clip_fraction,729088,0.204353928565979
stabilized,5,train/clip_fraction,737280,0.07950367778539658
stabilized,5,train/clip_fraction,745472,0.1924913227558136
stabilized,5,train/clip_fraction,753664,0.15801411867141724
stabilized,5,train/clip_fraction,761856,0.19052419066429138
stabilized,5,train/clip_fraction,770048,0.17115384340286255
stabilized,5,train/clip_fraction,778240,0.1631355881690979
stabilized,5,train/clip_fraction,786432,0.1654929518699646
stabilized,5,train/clip_fraction,794624,0.18813344836235046
stabilized,5,train/clip_fraction,802816,0.1294642835855484
stabilized,5,train/clip_fraction,811008,0.16538915038108826
stabilized,5,train/clip_fraction,819200,0.18584279716014862
stabilized,5,train/clip_fraction,827392,0.18458333611488342
stabilized,5,train/clip_fraction,835584,0.1640625
stabilized,5,train/clip_fraction,843776,0.18976151943206787
stabilized,5,train/clip_fraction,851968,0.19393382966518402
stabilized,5,train/clip_fraction,860160,0.2068101465702057
stabilized,5,train/clip_fraction,868352,0.19193673133850098
stabilized,5,train/clip_fraction,876544,0.18333333730697632
stabilized,5,train/clip_fraction,884736,0.15079365670681
stabilized,5,train/clip_fraction,892928,0.17671655118465424
stabilized,5,train/clip_fraction,901120,0.21641355752944946
stabilized,5,train/clip_fraction,909312,0.18189102411270142
stabilized,5,train/clip_fraction,917504,0.18557098507881165
stabilized,5,train/clip_fraction,925696,0.15790720283985138
stabilized,5,train/clip_fraction,933888,0.1707589328289032
stabilized,5,train/clip_fraction,942080,0.16281703114509583
stabilized,5,train/clip_fraction,950272,0.15095765888690948
stabilized,5,train/clip_fraction,958464,0.19751602411270142
stabilized,5,train/clip_fraction,966656,0.1918402761220932
stabilized,5,train/clip_fraction,974848,0.17403845489025116
stabilized,5,train/clip_fraction,983040,0.2139705866575241
stabilized,5,train/clip_fraction,991232,0.16298076510429382
stabilized,5,train/clip_fraction,999424,0.1767314225435257
stabilized,5,train/clip_fraction,1007616,0.15448112785816193
stabilized,6,rollout/ep_len_mean,8192,87.85869598388672
stabilized,6,rollout/ep_len_mean,16384,83.44999694824219
stabilized,6,rollout/ep_len_mean,24576,108.23999786376953
stabilized,6,rollout/ep_len_mean,32768,111.16000366210938
stabilized,6,rollout/ep_len_mean,40960,141.1199951171875
stabilized,6,rollout/ep_len_mean,49152,113.2300033569336
stabilized,6,rollout/ep_len_mean,57344,88.19999694824219
stabilized,6,rollout/ep_len_mean,65536,147.74000549316406
stabilized,6,rollout/ep_len_mean,73728,141.63999938964844
stabilized,6,rollout/ep_len_mean,81920,76.95999908447266
stabilized,6,rollout/ep_len_mean,90112,85.19999694824219
stabilized,6,rollout/ep_len_mean,98304,96.75
stabilized,6,rollout/ep_len_mean,106496,120.11000061035156
stabilized,6,rollout/ep_len_mean,114688,120.83000183105469
stabilized,6,rollout/ep_len_mean,122880,136.58999633789062
stabilized,6,rollout/ep_len_mean,131072,174.8800048828125
stabilized,6,rollout/ep_len_mean,139264,203.07000732421875
stabilized,6,rollout/ep_len_mean,147456,175.1199951171875
stabilized,6,rollout/ep_len_mean,155648,120.70999908447266
stabilized,6,rollout/ep_len_mean,163840,140.7899932861328
stabilized,6,rollout/ep_len_mean,172032,175.02999877929688
stabilized,6,rollout/ep_len_mean,180224,196.1199951171875
stabilized,6,rollout/ep_len_mean,188416,229.02000427246094
stabilized,6,rollout/ep_len_mean,196608,240.61000061035156
stabilized,6,rollout/ep_len_mean,204800,246.97000122070312
stabilized,6,rollout/ep_len_mean,212992,210.6300048828125
stabilized,6,rollout/ep_len_mean,221184,194.1699981689453
stabilized,6,rollout/ep_len_mean,229376,178.58999633789062
stabilized,6,rollout/ep_len_mean,237568,188.85000610351562
stabilized,6,rollout/ep_len_mean,245760,214.6300048828125
stabilized,6,rollout/ep_len_mean,253952,174.0
stabilized,6,rollout/ep_len_mean,262144,197.39999389648438
stabilized,6,rollout/ep_len_mean,270336,183.5500030517578
stabilized,6,rollout/ep_len_mean,278528,214.86000061035156
stabilized,6,rollout/ep_len_mean,286720,214.6199951171875
stabilized,6,rollout/ep_len_mean,294912,256.3800048828125
stabilized,6,rollout/ep_len_mean,303104,270.9800109863281
stabilized,6,rollout/ep_len_mean,311296,257.3500061035156
stabilized,6,rollout/ep_len_mean,319488,227.7100067138672
stabilized,6,rollout/ep_len_mean,327680,222.1699981689453
stabilized,6,rollout/ep_len_mean,335872,201.00999450683594
stabilized,6,rollout/ep_len_mean,344064,231.47000122070312
stabilized,6,rollout/ep_len_mean,352256,238.8000030517578
stabilized,6,rollout/ep_len_mean,360448,219.16000366210938
stabilized,6,rollout/ep_len_mean,368640,192.22000122070312
stabilized,6,rollout/ep_len_mean,376832,162.5800018310547
stabilized,6,rollout/ep_len_mean,385024,163.27000427246094
stabilized,6,rollout/ep_len_mean,393216,210.74000549316406
stabilized,6,rollout/ep_len_mean,401408,242.27000427246094
stabilized,6,rollout/ep_len_mean,409600,276.8399963378906
stabilized,6,rollout/ep_len_mean,417792,297.6099853515625
stabilized,6,rollout/ep_len_mean,425984,296.510009765625
stabilized,6,rollout/ep_len_mean,434176,305.44000244140625
stabilized,6,rollout/ep_len_mean,442368,292.32000732421875
stabilized,6,rollout/ep_len_mean,450560,316.5299987792969
stabilized,6,rollout/ep_len_mean,458752,298.760009765625
stabilized,6,rollout/ep_len_mean,466944,303.510009765625
stabilized,6,rollout/ep_len_mean,475136,317.94000244140625
stabilized,6,rollout/ep_len_mean,483328,274.19000244140625
stabilized,6,rollout/ep_len_mean,491520,295.3800048828125
stabilized,6,rollout/ep_len_mean,499712,292.1600036621094
stabilized,6,rollout/ep_len_mean,507904,312.6099853515625
stabilized,6,rollout/ep_len_mean,516096,328.1199951171875
stabilized,6,rollout/ep_len_mean,524288,304.17999267578125
stabilized,6,rollout/ep_len_mean,532480,331.07000732421875
stabilized,6,rollout/ep_len_mean,540672,303.9700012207031
stabilized,6,rollout/ep_len_mean,548864,319.5199890136719
stabilized,6,rollout/ep_len_mean,557056,305.25
stabilized,6,rollout/ep_len_mean,565248,285.7900085449219
stabilized,6,rollout/ep_len_mean,573440,321.17999267578125
stabilized,6,rollout/ep_len_mean,581632,318.8299865722656
stabilized,6,rollout/ep_len_mean,589824,314.7200012207031
stabilized,6,rollout/ep_len_mean,598016,321.5199890136719
stabilized,6,rollout/ep_len_mean,606208,322.3299865722656
stabilized,6,rollout/ep_len_mean,614400,352.6700134277344
stabilized,6,rollout/ep_len_mean,622592,377.3500061035156
stabilized,6,rollout/ep_len_mean,630784,392.6000061035156
stabilized,6,rollout/ep_len_mean,638976,417.760009765625
stabilized,6,rollout/ep_len_mean,647168,447.1700134277344
stabilized,6,rollout/ep_len_mean,655360,457.0299987792969
stabilized,6,rollout/ep_len_mean,663552,468.260009765625
stabilized,6,rollout/ep_len_mean,671744,485.3800048828125
stabilized,6,rollout/ep_len_mean,679936,461.3800048828125
stabilized,6,rollout/ep_len_mean,688128,446.30999755859375
stabilized,6,rollout/ep_len_mean,696320,461.2900085449219
stabilized,6,rollout/ep_len_mean,704512,437.17999267578125
stabilized,6,rollout/ep_len_mean,712704,365.44000244140625
stabilized,6,rollout/ep_len_mean,720896,372.2300109863281
stabilized,6,rollout/ep_len_mean,729088,346.6099853515625
stabilized,6,rollout/ep_len_mean,737280,318.3599853515625
stabilized,6,rollout/ep_len_mean,745472,339.3399963378906
stabilized,6,rollout/ep_len_mean,753664,371.4200134277344
stabilized,6,rollout/ep_len_mean,761856,377.8500061035156
stabilized,6,rollout/ep_len_mean,770048,411.4200134277344
stabilized,6,rollout/ep_len_mean,778240,464.9700012207031
stabilized,6,rollout/ep_len_mean,786432,468.82000732421875
stabilized,6,rollout/ep_len_mean,794624,439.05999755859375
stabilized,6,rollout/ep_len_mean,802816,428.55999755859375
stabilized,6,rollout/ep_len_mean,811008,429.9599914550781
stabilized,6,rollout/ep_len_mean,819200,423.2099914550781
stabilized,6,rollout/ep_len_mean,827392,425.0899963378906
stabilized,6,rollout/ep_len_mean,835584,444.510009765625
stabilized,6,rollout/ep_len_mean,843776,439.3900146484375
stabilized,6,rollout/ep_len_mean,851968,393.3299865722656
stabilized,6,rollout/ep_len_mean,860160,371.20001220703125
stabilized,6,rollout/ep_len_mean,868352,330.1099853515625
stabilized,6,rollout/ep_len_mean,876544,313.2799987792969
stabilized,6,rollout/ep_len_mean,884736,350.92999267578125
stabilized,6,rollout/ep_len_mean,892928,381.2699890136719
stabilized,6,rollout/ep_len_mean,901120,383.7300109863281
stabilized,6,rollout/ep_len_mean,909312,411.0
stabilized,6,rollout/ep_len_mean,917504,439.1099853515625
stabilized,6,rollout/ep_len_mean,925696,457.17999267578125
stabilized,6,rollout/ep_len_mean,933888,425.32000732421875
stabilized,6,rollout/ep_len_mean,942080,441.6600036621094
stabilized,6,rollout/ep_len_mean,950272,423.57000732421875
stabilized,6,rollout/ep_len_mean,958464,402.30999755859375
stabilized,6,rollout/ep_len_mean,966656,386.2099914550781
stabilized,6,rollout/ep_len_mean,974848,420.8399963378906
stabilized,6,rollout/ep_len_mean,983040,415.69000244140625
stabilized,6,rollout/ep_len_mean,991232,441.0899963378906
stabilized,6,rollout/ep_len_mean,999424,471.2900085449219
stabilized,6,rollout/ep_len_mean,1007616,486.6000061035156
stabilized,6,train/approx_kl,16384,0.012820306234061718
stabilized,6,train/approx_kl,24576,0.02059313654899597
stabilized,6,train/approx_kl,32768,0.01806323044002056
stabilized,6,train/approx_kl,40960,0.018598895519971848
stabilized,6,train/approx_kl,49152,0.018485646694898605
stabilized,6,train/approx_kl,57344,0.015243700705468655
stabilized,6,train/approx_kl,65536,0.01738864742219448
stabilized,6,train/approx_kl,73728,0.018800368532538414
stabilized,6,train/approx_kl,81920,0.01972828432917595
stabilized,6,train/approx_kl,90112,0.01867552287876606
stabilized,6,train/approx_kl,98304,0.019527357071638107
stabilized,6,train/approx_kl,106496,0.01828806847333908
stabilized,6,train/approx_kl,114688,0.015792647376656532
stabilized,6,train/approx_kl,122880,0.021751780062913895
stabilized,6,train/approx_kl,131072,0.02198917418718338
stabilized,6,train/approx_kl,139264,0.020432911813259125
stabilized,6,train/approx_kl,147456,0.020331259816884995
stabilized,6,train/approx_kl,155648,0.022654421627521515
stabilized,6,train/approx_kl,163840,0.010642686858773232
stabilized,6,train/approx_kl,172032,0.02153281308710575
stabilized,6,train/approx_kl,180224,0.019347945228219032
stabilized,6,train/approx_kl,188416,0.020136458799242973
stabilized,6,train/approx_kl,196608,0.011890697292983532
stabilized,6,train/approx_kl,204800,0.021675551310181618
stabilized,6,train/approx_kl,212992,0.018711624667048454
stabilized,6,train/approx_kl,221184,0.019798265770077705
stabilized,6,train/approx_kl,229376,0.02220633439719677
stabilized,6,train/approx_kl,237568,0.012174968607723713
stabilized,6,train/approx_kl,245760,0.013428162783384323
stabilized,6,train/approx_kl,253952,0.023419540375471115
stabilized,6,train/approx_kl,262144,0.020724227651953697
stabilized,6,train/approx_kl,270336,0.02027515135705471
stabilized,6,train/approx_kl,278528,0.01192380115389824
stabilized,6,train/approx_kl,286720,0.019726593047380447
stabilized,6,train/approx_kl,294912,0.012537593021988869
stabilized,6,train/approx_kl,303104,0.010971516370773315
stabilized,6,train/approx_kl,311296,0.012775386683642864
stabilized,6,train/approx_kl,319488,0.02117128111422062
stabilized,6,train/approx_kl,327680,0.012961779721081257
stabilized,6,train/approx_kl,335872,0.019950728863477707
stabilized,6,train/approx_kl,344064,0.013159654103219509
stabilized,6,train/approx_kl,352256,0.013127930462360382
stabilized,6,train/approx_kl,360448,0.012569651007652283
stabilized,6,train/approx_kl,368640,0.013435779139399529
stabilized,6,train/approx_kl,376832,0.012981121428310871
stabilized,6,train/approx_kl,385024,0.013235700316727161
stabilized,6,train/approx_kl,393216,0.014212407171726227
stabilized,6,train/approx_kl,401408,0.013112188316881657
stabilized,6,train/approx_kl,409600,0.012793228961527348
stabilized,6,train/approx_kl,417792,0.023315245285630226
stabilized,6,train/approx_kl,425984,0.013239332474768162
stabilized,6,train/approx_kl,434176,0.01430425327271223
stabilized,6,train/approx_kl,442368,0.010965423658490181
stabilized,6,train/approx_kl,450560,0.014173755422234535
stabilized,6,train/approx_kl,458752,0.012498106807470322
stabilized,6,train/approx_kl,466944,0.011303665116429329
stabilized,6,train/approx_kl,475136,0.014633328653872013
stabilized,6,train/approx_kl,483328,0.01223659422248602
stabilized,6,train/approx_kl,491520,0.013079344294965267
stabilized,6,train/approx_kl,499712,0.02599371038377285
stabilized,6,train/approx_kl,507904,0.013586809858679771
stabilized,6,train/approx_kl,516096,0.013378358446061611
stabilized,6,train/approx_kl,524288,0.00956890918314457
stabilized,6,train/approx_kl,532480,0.010955913923680782
stabilized,6,train/approx_kl,540672,0.0121384859085083
stabilized,6,train/approx_kl,548864,0.011654212139546871
stabilized,6,train/approx_kl,557056,0.014984198845922947
stabilized,6,train/approx_kl,565248,0.013554499484598637
stabilized,6,train/approx_kl,573440,0.012415599077939987
stabilized,6,train/approx_kl,581632,0.009372754953801632
stabilized,6,train/approx_kl,589824,0.014844912104308605
stabilized,6,train/approx_kl,598016,0.013937137089669704
stabilized,6,train/approx_kl,606208,0.013352158479392529
stabilized,6,train/approx_kl,614400,0.012845299206674099
stabilized,6,train/approx_kl,622592,0.014799595810472965
stabilized,6,train/approx_kl,630784,0.014050071127712727
stabilized,6,train/approx_kl,638976,0.013441174291074276
stabilized,6,train/approx_kl,647168,0.014081201516091824
stabilized,6,train/approx_kl,655360,0.012138978578150272
stabilized,6,train/approx_kl,663552,0.013306736946105957
stabilized,6,train/approx_kl,671744,0.015292875468730927
stabilized,6,train/approx_kl,679936,0.016250861808657646
stabilized,6,train/approx_kl,688128,0.013460461050271988
stabilized,6,train/approx_kl,696320,0.013439025729894638
stabilized,6,train/approx_kl,704512,0.010734090581536293
stabilized,6,train/approx_kl,712704,0.012321882881224155
stabilized,6,train/approx_kl,720896,0.012627897784113884
stabilized,6,train/approx_kl,729088,0.01428796537220478
stabilized,6,train/approx_kl,737280,0.012398820370435715
stabilized,6,train/approx_kl,745472,0.013824529014527798
stabilized,6,train/approx_kl,753664,0.012869738042354584
stabilized,6,train/approx_kl,761856,0.012951500713825226
stabilized,6,train/approx_kl,770048,0.012850119732320309
stabilized,6,train/approx_kl,778240,0.010809323750436306
stabilized,6,train/approx_kl,786432,0.01048179343342781
stabilized,6,train/approx_kl,794624,0.013218902051448822
stabilized,6,train/approx_kl,802816,0.016529090702533722
stabilized,6,train/approx_kl,811008,0.010682809166610241
stabilized,6,train/approx_kl,819200,0.012027719989418983
stabilized,6,train/approx_kl,827392,0.01125718280673027
stabilized,6,train/approx_kl,835584,0.009988175705075264
stabilized,6,train/approx_kl,843776,0.01405725535005331
stabilized,6,train/approx_kl,851968,0.01079163234680891
stabilized,6,train/approx_kl,860160,0.009049125015735626
stabilized,6,train/approx_kl,868352,0.014018257148563862
stabilized,6,train/approx_kl,876544,0.014590132050216198
stabilized,6,train/approx_kl,884736,0.013453450053930283
stabilized,6,train/approx_kl,892928,0.011319917626678944
stabilized,6,train/approx_kl,901120,0.010874726809561253
stabilized,6,train/approx_kl,909312,0.01094338484108448
stabilized,6,train/approx_kl,917504,0.007592023815959692
stabilized,6,train/approx_kl,925696,0.013288196176290512
stabilized,6,train/approx_kl,933888,0.013944973237812519
stabilized,6,train/approx_kl,942080,0.013723175972700119
stabilized,6,train/approx_kl,950272,0.0152285723015666
stabilized,6,train/approx_kl,958464,0.01550197135657072
stabilized,6,train/approx_kl,966656,0.01021711528301239
stabilized,6,train/approx_kl,974848,0.012240237556397915
stabilized,6,train/approx_kl,983040,0.014416060410439968
stabilized,6,train/approx_kl,991232,0.013117910362780094
stabilized,6,train/approx_kl,999424,0.01164325699210167
stabilized,6,train/approx_kl,1007616,0.00967178400605917
stabilized,6,train/clip_fraction,16384,0.13145379722118378
stabilized,6,train/clip_fraction,24576,0.2109195441007614
stabilized,6,train/clip_fraction,32768,0.1727386862039566
stabilized,6,train/clip_fraction,40960,0.1935344785451889
stabilized,6,train/clip_fraction,49152,0.19217415153980255
stabilized,6,train/clip_fraction,57344,0.16482676565647125
stabilized,6,train/clip_fraction,65536,0.16657021641731262
stabilized,6,train/clip_fraction,73728,0.17893144488334656
stabilized,6,train/clip_fraction,81920,0.195219486951828
stabilized,6,train/clip_fraction,90112,0.20921939611434937
stabilized,6,train/clip_fraction,98304,0.1814236044883728
stabilized,6,train/clip_fraction,106496,0.1779513955116272
stabilized,6,train/clip_fraction,114688,0.17894616723060608
stabilized,6,train/clip_fraction,122880,0.1818387657403946
stabilized,6,train/clip_fraction,131072,0.17369981110095978
stabilized,6,train/clip_fraction,139264,0.2005062848329544
stabilized,6,train/clip_fraction,147456,0.194423645734787
stabilized,6,train/clip_fraction,155648,0.1632339060306549
stabilized,6,train/clip_fraction,163840,0.13907797634601593
stabilized,6,train/clip_fraction,172032,0.1969401091337204
stabilized,6,train/clip_fraction,180224,0.2247488796710968
stabilized,6,train/clip_fraction,188416,0.21212635934352875
stabilized,6,train/clip_fraction,196608,0.16480977833271027
stabilized,6,train/clip_fraction,204800,0.18773147463798523
stabilized,6,train/clip_fraction,212992,0.2004825323820114
stabilized,6,train/clip_fraction,221184,0.22685185074806213
stabilized,6,train/clip_fraction,229376,0.19547413289546967
stabilized,6,train/clip_fraction,237568,0.16672207415103912
stabilized,6,train/clip_fraction,245760,0.1829819232225418
stabilized,6,train/clip_fraction,253952,0.19474637508392334
stabilized,6,train/clip_fraction,262144,0.20493951439857483
stabilized,6,train/clip_fraction,270336,0.1967516392469406
stabilized,6,train/clip_fraction,278528,0.16856971383094788
stabilized,6,train/clip_fraction,286720,0.21135355532169342
stabilized,6,train/clip_fraction,294912,0.17170138657093048
stabilized,6,train/clip_fraction,303104,0.1540178507566452
stabilized,6,train/clip_fraction,311296,0.18352754414081573
stabilized,6,train/clip_fraction,319488,0.20561593770980835
stabilized,6,train/clip_fraction,327680,0.17440475523471832
stabilized,6,train/clip_fraction,335872,0.21127231419086456
stabilized,6,train/clip_fraction,344064,0.18573588132858276
stabilized,6,train/clip_fraction,352256,0.1823979616165161
stabilized,6,train/clip_fraction,360448,0.1785714328289032
stabilized,6,train/clip_fraction,368640,0.18920454382896423
stabilized,6,train/clip_fraction,376832,0.18150252103805542
stabilized,6,train/clip_fraction,385024,0.18141447007656097
stabilized,6,train/clip_fraction,393216,0.19819079339504242
stabilized,6,train/clip_fraction,401408,0.17372311651706696
stabilized,6,train/clip_fraction,409600,0.177526593208313
stabilized,6,train/clip_fraction,417792,0.2119360864162445
stabilized,6,train/clip_fraction,425984,0.1838592290878296
stabilized,6,train/clip_fraction,434176,0.1971558928489685
stabilized,6,train/clip_fraction,442368,0.1507352888584137
stabilized,6,train/clip_fraction,450560,0.19627976417541504
stabilized,6,train/clip_fraction,458752,0.1756249964237213
stabilized,6,train/clip_fraction,466944,0.1570870578289032
stabilized,6,train/clip_fraction,475136,0.2034313678741455
stabilized,6,train/clip_fraction,483328,0.16521139442920685
stabilized,6,train/clip_fraction,491520,0.18313953280448914
stabilized,6,train/clip_fraction,499712,0.2185150384902954
stabilized,6,train/clip_fraction,507904,0.18882979452610016
stabilized,6,train/clip_fraction,516096,0.18252059817314148
stabilized,6,train/clip_fraction,524288,0.12372449040412903
stabilized,6,train/clip_fraction,532480,0.1484375
stabilized,6,train/clip_fraction,540672,0.16748046875
stabilized,6,train/clip_fraction,548864,0.15520833432674408
stabilized,6,train/clip_fraction,557056,0.19806985557079315
stabilized,6,train/clip_fraction,565248,0.19021739065647125
stabilized,6,train/clip_fraction,573440,0.17083333432674408
stabilized,6,train/clip_fraction,581632,0.1216517835855484
stabilized,6,train/clip_fraction,589824,0.2026263326406479
stabilized,6,train/clip_fraction,598016,0.191021129488945
stabilized,6,train/clip_fraction,606208,0.1845332235097885
stabilized,6,train/clip_fraction,614400,0.17471590638160706
stabilized,6,train/clip_fraction,622592,0.20246011018753052
stabilized,6,train/clip_fraction,630784,0.19597138464450836
stabilized,6,train/clip_fraction,638976,0.19918224215507507
stabilized,6,train/clip_fraction,647168,0.1927083283662796
stabilized,6,train/clip_fraction,655360,0.1618114411830902
stabilized,6,train/clip_fraction,663552,0.18168218433856964
stabilized,6,train/clip_fraction,671744,0.2145182341337204
stabilized,6,train/clip_fraction,679936,0.22420400381088257
stabilized,6,train/clip_fraction,688128,0.18475507199764252
stabilized,6,train/clip_fraction,696320,0.17120295763015747
stabilized,6,train/clip_fraction,704512,0.14562499523162842
stabilized,6,train/clip_fraction,712704,0.168212890625
stabilized,6,train/clip_fraction,720896,0.16025641560554504
stabilized,6,train/clip_fraction,729088,0.2005814015865326
stabilized,6,train/clip_fraction,737280,0.1647135466337204
stabilized,6,train/clip_fraction,745472,0.18866822123527527
stabilized,6,train/clip_fraction,753664,0.171875
stabilized,6,train/clip_fraction,761856,0.18217720091342926
stabilized,6,train/clip_fraction,770048,0.17828525602817535
stabilized,6,train/clip_fraction,778240,0.1432291716337204
stabilized,6,train/clip_fraction,786432,0.14700254797935486
stabilized,6,train/clip_fraction,794624,0.1792140156030655
stabilized,6,train/clip_fraction,802816,0.22958669066429138
stabilized,6,train/clip_fraction,811008,0.14232337474822998
stabilized,6,train/clip_fraction,819200,0.173828125
stabilized,6,train/clip_fraction,827392,0.15148304402828217
stabilized,6,train/clip_fraction,835584,0.13506944477558136
stabilized,6,train/clip_fraction,843776,0.19086021184921265
stabilized,6,train/clip_fraction,851968,0.13625000417232513
stabilized,6,train/clip_fraction,860160,0.1148897036910057
stabilized,6,train/clip_fraction,868352,0.18770833313465118
stabilized,6,train/clip_fraction,876544,0.2011471539735794
stabilized,6,train/clip_fraction,884736,0.18209876120090485
stabilized,6,train/clip_fraction,892928,0.15510110557079315
stabilized,6,train/clip_fraction,901120,0.15546874701976776
stabilized,6,train/clip_fraction,909312,0.14873798191547394
stabilized,6,train/clip_fraction,917504,0.09218750149011612
stabilized,6,train/clip_fraction,925696,0.17666666209697723
stabilized,6,train/clip_fraction,933888,0.18597561120986938
stabilized,6,train/clip_fraction,942080,0.19066455960273743
stabilized,6,train/clip_fraction,950272,0.21521739661693573
stabilized,6,train/clip_fraction,958464,0.20656250417232513
stabilized,6,train/clip_fraction,966656,0.1379716992378235
stabilized,6,train/clip_fraction,974848,0.1547475904226303
stabilized,6,train/clip_fraction,983040,0.18909801542758942
stabilized,6,train/clip_fraction,991232,0.18437500298023224
stabilized,6,train/clip_fraction,999424,0.1517857164144516
stabilized,6,train/clip_fraction,1007616,0.13179348409175873
stabilized,7,rollout/ep_len_mean,8192,93.27059173583984
stabilized,7,rollout/ep_len_mean,16384,84.7699966430664
stabilized,7,rollout/ep_len_mean,24576,71.12000274658203
stabilized,7,rollout/ep_len_mean,32768,87.05999755859375
stabilized,7,rollout/ep_len_mean,40960,89.41999816894531
stabilized,7,rollout/ep_len_mean,49152,130.8300018310547
stabilized,7,rollout/ep_len_mean,57344,135.5500030517578
stabilized,7,rollout/ep_len_mean,65536,118.97000122070312
stabilized,7,rollout/ep_len_mean,73728,154.72999572753906
stabilized,7,rollout/ep_len_mean,81920,78.12999725341797
stabilized,7,rollout/ep_len_mean,90112,109.69999694824219
stabilized,7,rollout/ep_len_mean,98304,135.38999938964844
stabilized,7,rollout/ep_len_mean,106496,162.0
stabilized,7,rollout/ep_len_mean,114688,130.1999969482422
stabilized,7,rollout/ep_len_mean,122880,120.23999786376953
stabilized,7,rollout/ep_len_mean,131072,175.10000610351562
stabilized,7,rollout/ep_len_mean,139264,177.9499969482422
stabilized,7,rollout/ep_len_mean,147456,211.14999389648438
stabilized,7,rollout/ep_len_mean,155648,215.35000610351562
stabilized,7,rollout/ep_len_mean,163840,249.77999877929688
stabilized,7,rollout/ep_len_mean,172032,201.30999755859375
stabilized,7,rollout/ep_len_mean,180224,180.50999450683594
stabilized,7,rollout/ep_len_mean,188416,202.9499969482422
stabilized,7,rollout/ep_len_mean,196608,229.39999389648438
stabilized,7,rollout/ep_len_mean,204800,281.3900146484375
stabilized,7,rollout/ep_len_mean,212992,210.77999877929688
stabilized,7,rollout/ep_len_mean,221184,197.13999938964844
stabilized,7,rollout/ep_len_mean,229376,193.63999938964844
stabilized,7,rollout/ep_len_mean,237568,187.0800018310547
stabilized,7,rollout/ep_len_mean,245760,174.16000366210938
stabilized,7,rollout/ep_len_mean,253952,185.3300018310547
stabilized,7,rollout/ep_len_mean,262144,194.25
stabilized,7,rollout/ep_len_mean,270336,256.3599853515625
stabilized,7,rollout/ep_len_mean,278528,212.1199951171875
stabilized,7,rollout/ep_len_mean,286720,175.00999450683594
stabilized,7,rollout/ep_len_mean,294912,198.27000427246094
stabilized,7,rollout/ep_len_mean,303104,240.91000366210938
stabilized,7,rollout/ep_len_mean,311296,291.2200012207031
stabilized,7,rollout/ep_len_mean,319488,271.25
stabilized,7,rollout/ep_len_mean,327680,233.89999389648438
stabilized,7,rollout/ep_len_mean,335872,205.64999389648438
stabilized,7,rollout/ep_len_mean,344064,211.9600067138672
stabilized,7,rollout/ep_len_mean,352256,257.82000732421875
stabilized,7,rollout/ep_len_mean,360448,279.6300048828125
stabilized,7,rollout/ep_len_mean,368640,345.8900146484375
stabilized,7,rollout/ep_len_mean,376832,372.1499938964844
stabilized,7,rollout/ep_len_mean,385024,362.8399963378906
stabilized,7,rollout/ep_len_mean,393216,382.4200134277344
stabilized,7,rollout/ep_len_mean,401408,348.6000061035156
stabilized,7,rollout/ep_len_mean,409600,370.6700134277344
stabilized,7,rollout/ep_len_mean,417792,372.6099853515625
stabilized,7,rollout/ep_len_mean,425984,323.07000732421875
stabilized,7,rollout/ep_len_mean,434176,349.4700012207031
stabilized,7,rollout/ep_len_mean,442368,322.5199890136719
stabilized,7,rollout/ep_len_mean,450560,304.5299987792969
stabilized,7,rollout/ep_len_mean,458752,268.57000732421875
stabilized,7,rollout/ep_len_mean,466944,296.30999755859375
stabilized,7,rollout/ep_len_mean,475136,295.3999938964844
stabilized,7,rollout/ep_len_mean,483328,324.2799987792969
stabilized,7,rollout/ep_len_mean,491520,336.0400085449219
stabilized,7,rollout/ep_len_mean,499712,316.010009765625
stabilized,7,rollout/ep_len_mean,507904,291.25
stabilized,7,rollout/ep_len_mean,516096,271.739990234375
stabilized,7,rollout/ep_len_mean,524288,306.0899963378906
stabilized,7,rollout/ep_len_mean,532480,302.67999267578125
stabilized,7,rollout/ep_len_mean,540672,296.239990234375
stabilized,7,rollout/ep_len_mean,548864,301.2900085449219
stabilized,7,rollout/ep_len_mean,557056,345.010009765625
stabilized,7,rollout/ep_len_mean,565248,323.57000732421875
stabilized,7,rollout/ep_len_mean,573440,318.8800048828125
stabilized,7,rollout/ep_len_mean,581632,281.0899963378906
stabilized,7,rollout/ep_len_mean,589824,288.7699890136719
stabilized,7,rollout/ep_len_mean,598016,321.44000244140625
stabilized,7,rollout/ep_len_mean,606208,328.95001220703125
stabilized,7,rollout/ep_len_mean,614400,328.010009765625
stabilized,7,rollout/ep_len_mean,622592,275.3699951171875
stabilized,7,rollout/ep_len_mean,630784,292.1300048828125
stabilized,7,rollout/ep_len_mean,638976,234.83999633789062
stabilized,7,rollout/ep_len_mean,647168,258.739990234375
stabilized,7,rollout/ep_len_mean,655360,246.32000732421875
stabilized,7,rollout/ep_len_mean,663552,265.3999938964844
stabilized,7,rollout/ep_len_mean,671744,314.2300109863281
stabilized,7,rollout/ep_len_mean,679936,313.92999267578125
stabilized,7,rollout/ep_len_mean,688128,344.42999267578125
stabilized,7,rollout/ep_len_mean,696320,373.5299987792969
stabilized,7,rollout/ep_len_mean,704512,369.0199890136719
stabilized,7,rollout/ep_len_mean,712704,370.0799865722656
stabilized,7,rollout/ep_len_mean,720896,342.82000732421875
stabilized,7,rollout/ep_len_mean,729088,323.3599853515625
stabilized,7,rollout/ep_len_mean,737280,338.79998779296875
stabilized,7,rollout/ep_len_mean,745472,247.17999267578125
stabilized,7,rollout/ep_len_mean,753664,284.0
stabilized,7,rollout/ep_len_mean,761856,254.17999267578125
stabilized,7,rollout/ep_len_mean,770048,274.2699890136719
stabilized,7,rollout/ep_len_mean,778240,333.7699890136719
stabilized,7,rollout/ep_len_mean,786432,355.8699951171875
stabilized,7,rollout/ep_len_mean,794624,361.1000061035156
stabilized,7,rollout/ep_len_mean,802816,372.0799865722656
stabilized,7,rollout/ep_len_mean,811008,395.760009765625
stabilized,7,rollout/ep_len_mean,819200,387.1700134277344
stabilized,7,rollout/ep_len_mean,827392,388.6499938964844
stabilized,7,rollout/ep_len_mean,835584,349.6199951171875
stabilized,7,rollout/ep_len_mean,843776,342.80999755859375
stabilized,7,rollout/ep_len_mean,851968,305.6000061035156
stabilized,7,rollout/ep_len_mean,860160,306.3299865722656
stabilized,7,rollout/ep_len_mean,868352,290.5400085449219
stabilized,7,rollout/ep_len_mean,876544,305.9700012207031
stabilized,7,rollout/ep_len_mean,884736,345.95001220703125
stabilized,7,rollout/ep_len_mean,892928,358.0299987792969
stabilized,7,rollout/ep_len_mean,901120,376.6499938964844
stabilized,7,rollout/ep_len_mean,909312,360.7300109863281
stabilized,7,rollout/ep_len_mean,917504,331.8900146484375
stabilized,7,rollout/ep_len_mean,925696,323.3399963378906
stabilized,7,rollout/ep_len_mean,933888,346.7099914550781
stabilized,7,rollout/ep_len_mean,942080,385.29998779296875
stabilized,7,rollout/ep_len_mean,950272,433.9599914550781
stabilized,7,rollout/ep_len_mean,958464,444.9200134277344
stabilized,7,rollout/ep_len_mean,966656,476.4100036621094
stabilized,7,rollout/ep_len_mean,974848,480.0400085449219
stabilized,7,rollout/ep_len_mean,983040,448.9800109863281
stabilized,7,rollout/ep_len_mean,991232,448.9100036621094
stabilized,7,rollout/ep_len_mean,999424,441.44000244140625
stabilized,7,rollout/ep_len_mean,1007616,408.55999755859375
stabilized,7,train/approx_kl,16384,0.015834983438253403
stabilized,7,train/approx_kl,24576,0.01461466308683157
stabilized,7,train/approx_kl,32768,0.01808464154601097
stabilized,7,train/approx_kl,40960,0.018457956612110138
stabilized,7,train/approx_kl,49152,0.020653504878282547
stabilized,7,train/approx_kl,57344,0.01999245211482048
stabilized,7,train/approx_kl,65536,0.016380980610847473
stabilized,7,train/approx_kl,73728,0.01944723166525364
stabilized,7,train/approx_kl,81920,0.02024172618985176
stabilized,7,train/approx_kl,90112,0.018302174285054207
stabilized,7,train/approx_kl,98304,0.011972527951002121
stabilized,7,train/approx_kl,106496,0.02094917744398117
stabilized,7,train/approx_kl,114688,0.020783113315701485
stabilized,7,train/approx_kl,122880,0.01958763599395752
stabilized,7,train/approx_kl,131072,0.017660966143012047
stabilized,7,train/approx_kl,139264,0.020293526351451874
stabilized,7,train/approx_kl,147456,0.021037977188825607
stabilized,7,train/approx_kl,155648,0.020794948562979698
stabilized,7,train/approx_kl,163840,0.021488701924681664
stabilized,7,train/approx_kl,172032,0.02092578448355198
stabilized,7,train/approx_kl,180224,0.02063853107392788
stabilized,7,train/approx_kl,188416,0.02521626092493534
stabilized,7,train/approx_kl,196608,0.02892250381410122
stabilized,7,train/approx_kl,204800,0.02204817533493042
stabilized,7,train/approx_kl,212992,0.023029394447803497
stabilized,7,train/approx_kl,221184,0.013510379008948803
stabilized,7,train/approx_kl,229376,0.012503023259341717
stabilized,7,train/approx_kl,237568,0.007959513925015926
stabilized,7,train/approx_kl,245760,0.019708536565303802
stabilized,7,train/approx_kl,253952,0.012292158789932728
stabilized,7,train/approx_kl,262144,0.01950828544795513
stabilized,7,train/approx_kl,270336,0.013573712669312954
stabilized,7,train/approx_kl,278528,0.023454267531633377
stabilized,7,train/approx_kl,286720,0.01396835409104824
stabilized,7,train/approx_kl,294912,0.013328330591320992
stabilized,7,train/approx_kl,303104,0.011069395579397678
stabilized,7,train/approx_kl,311296,0.024809719994664192
stabilized,7,train/approx_kl,319488,0.014001147821545601
stabilized,7,train/approx_kl,327680,0.014698072336614132
stabilized,7,train/approx_kl,335872,0.012619788758456707
stabilized,7,train/approx_kl,344064,0.015119382180273533
stabilized,7,train/approx_kl,352256,0.0214368999004364
stabilized,7,train/approx_kl,360448,0.010501236654818058
stabilized,7,train/approx_kl,368640,0.010987686924636364
stabilized,7,train/approx_kl,376832,0.021727105602622032
stabilized,7,train/approx_kl,385024,0.013756700791418552
stabilized,7,train/approx_kl,393216,0.013698268681764603
stabilized,7,train/approx_kl,401408,0.013808448798954487
stabilized,7,train/approx_kl,409600,0.022871840745210648
stabilized,7,train/approx_kl,417792,0.009436010383069515
stabilized,7,train/approx_kl,425984,0.014192847535014153
stabilized,7,train/approx_kl,434176,0.014058859087526798
stabilized,7,train/approx_kl,442368,0.011707553640007973
stabilized,7,train/approx_kl,450560,0.013126032426953316
stabilized,7,train/approx_kl,458752,0.022904276847839355
stabilized,7,train/approx_kl,466944,0.009226388297975063
stabilized,7,train/approx_kl,475136,0.013778231106698513
stabilized,7,train/approx_kl,483328,0.012068884447216988
stabilized,7,train/approx_kl,491520,0.013977195136249065
stabilized,7,train/approx_kl,499712,0.01140162255614996
stabilized,7,train/approx_kl,507904,0.010763173922896385
stabilized,7,train/approx_kl,516096,0.0214616060256958
stabilized,7,train/approx_kl,524288,0.022762859240174294
stabilized,7,train/approx_kl,532480,0.013055318035185337
stabilized,7,train/approx_kl,540672,0.010347098112106323
stabilized,7,train/approx_kl,548864,0.012964294292032719
stabilized,7,train/approx_kl,557056,0.012306748889386654
stabilized,7,train/approx_kl,565248,0.010020188987255096
stabilized,7,train/approx_kl,573440,0.012905631214380264
stabilized,7,train/approx_kl,581632,0.013440373353660107
stabilized,7,train/approx_kl,589824,0.012530448846518993
stabilized,7,train/approx_kl,598016,0.013373959809541702
stabilized,7,train/approx_kl,606208,0.014319023117423058
stabilized,7,train/approx_kl,614400,0.009805732406675816
stabilized,7,train/approx_kl,622592,0.014791637659072876
stabilized,7,train/approx_kl,630784,0.021702954545617104
stabilized,7,train/approx_kl,638976,0.01255116332322359
stabilized,7,train/approx_kl,647168,0.026626398786902428
stabilized,7,train/approx_kl,655360,0.013335421681404114
stabilized,7,train/approx_kl,663552,0.011987163685262203
stabilized,7,train/approx_kl,671744,0.009740903973579407
stabilized,7,train/approx_kl,679936,0.022654511034488678
stabilized,7,train/approx_kl,688128,0.013952992856502533
stabilized,7,train/approx_kl,696320,0.010683700442314148
stabilized,7,train/approx_kl,704512,0.012606900185346603
stabilized,7,train/approx_kl,712704,0.012771467678248882
stabilized,7,train/approx_kl,720896,0.014075412414968014
stabilized,7,train/approx_kl,729088,0.015626562759280205
stabilized,7,train/approx_kl,737280,0.01389375515282154
stabilized,7,train/approx_kl,745472,0.010088256560266018
stabilized,7,train/approx_kl,753664,0.010649003088474274
stabilized,7,train/approx_kl,761856,0.0272934939712286
stabilized,7,train/approx_kl,770048,0.013346122577786446
stabilized,7,train/approx_kl,778240,0.014008899219334126
stabilized,7,train/approx_kl,786432,0.010678552091121674
stabilized,7,train/approx_kl,794624,0.01586807891726494
stabilized,7,train/approx_kl,802816,0.009363616816699505
stabilized,7,train/approx_kl,811008,0.024604730308055878
stabilized,7,train/approx_kl,819200,0.014718538150191307
stabilized,7,train/approx_kl,827392,0.012990975752472878
stabilized,7,train/approx_kl,835584,0.013145084492862225
stabilized,7,train/approx_kl,843776,0.013873697258532047
stabilized,7,train/approx_kl,851968,0.01500703301280737
stabilized,7,train/approx_kl,860160,0.012869778089225292
stabilized,7,train/approx_kl,868352,0.011763956397771835
stabilized,7,train/approx_kl,876544,0.013018248602747917
stabilized,7,train/approx_kl,884736,0.008661382831633091
stabilized,7,train/approx_kl,892928,0.010701564140617847
stabilized,7,train/approx_kl,901120,0.011990534141659737
stabilized,7,train/approx_kl,909312,0.013314410112798214
stabilized,7,train/approx_kl,917504,0.00949813425540924
stabilized,7,train/approx_kl,925696,0.01124731358140707
stabilized,7,train/approx_kl,933888,0.013313568197190762
stabilized,7,train/approx_kl,942080,0.013479563407599926
stabilized,7,train/approx_kl,950272,0.01551050040870905
stabilized,7,train/approx_kl,958464,0.012547149322926998
stabilized,7,train/approx_kl,966656,0.012358485721051693
stabilized,7,train/approx_kl,974848,0.012821938842535019
stabilized,7,train/approx_kl,983040,0.012231149710714817
stabilized,7,train/approx_kl,991232,0.014661476947367191
stabilized,7,train/approx_kl,999424,0.014267513528466225
stabilized,7,train/approx_kl,1007616,0.010095612145960331
stabilized,7,train/clip_fraction,16384,0.15680444240570068
stabilized,7,train/clip_fraction,24576,0.13219104707241058
stabilized,7,train/clip_fraction,32768,0.18833111226558685
stabilized,7,train/clip_fraction,40960,0.19764819741249084
stabilized,7,train/clip_fraction,49152,0.20486679673194885
stabilized,7,train/clip_fraction,57344,0.2223229557275772
stabilized,7,train/clip_fraction,65536,0.16977164149284363
stabilized,7,train/clip_fraction,73728,0.18172940611839294
stabilized,7,train/clip_fraction,81920,0.18811793625354767
stabilized,7,train/clip_fraction,90112,0.1722889095544815
stabilized,7,train/clip_fraction,98304,0.16770833730697632
stabilized,7,train/clip_fraction,106496,0.1836472600698471
stabilized,7,train/clip_fraction,114688,0.21119791269302368
stabilized,7,train/clip_fraction,122880,0.217751145362854
stabilized,7,train/clip_fraction,131072,0.17607758939266205
stabilized,7,train/clip_fraction,139264,0.17947345972061157
stabilized,7,train/clip_fraction,147456,0.19164541363716125
stabilized,7,train/clip_fraction,155648,0.2112341821193695
stabilized,7,train/clip_fraction,163840,0.1775968372821808
stabilized,7,train/clip_fraction,172032,0.2084888070821762
stabilized,7,train/clip_fraction,180224,0.21026332676410675
stabilized,7,train/clip_fraction,188416,0.1780550330877304
stabilized,7,train/clip_fraction,196608,0.200500950217247
stabilized,7,train/clip_fraction,204800,0.1978219747543335
stabilized,7,train/clip_fraction,212992,0.19936130940914154
stabilized,7,train/clip_fraction,221184,0.18669871985912323
stabilized,7,train/clip_fraction,229376,0.17585784196853638
stabilized,7,train/clip_fraction,237568,0.0891927108168602
stabilized,7,train/clip_fraction,245760,0.1966145783662796
stabilized,7,train/clip_fraction,253952,0.17159347236156464
stabilized,7,train/clip_fraction,262144,0.1970730572938919
stabilized,7,train/clip_fraction,270336,0.186092346906662
stabilized,7,train/clip_fraction,278528,0.2138865888118744
stabilized,7,train/clip_fraction,286720,0.18687500059604645
stabilized,7,train/clip_fraction,294912,0.18592171370983124
stabilized,7,train/clip_fraction,303104,0.15372242033481598
stabilized,7,train/clip_fraction,311296,0.21134868264198303
stabilized,7,train/clip_fraction,319488,0.1931818127632141
stabilized,7,train/clip_fraction,327680,0.2109375
stabilized,7,train/clip_fraction,335872,0.17323370277881622
stabilized,7,train/clip_fraction,344064,0.20624999701976776
stabilized,7,train/clip_fraction,352256,0.19324448704719543
stabilized,7,train/clip_fraction,360448,0.138671875
stabilized,7,train/clip_fraction,368640,0.14962121844291687
stabilized,7,train/clip_fraction,376832,0.21534454822540283
stabilized,7,train/clip_fraction,385024,0.19611220061779022
stabilized,7,train/clip_fraction,393216,0.1953125
stabilized,7,train/clip_fraction,401408,0.19125601649284363
stabilized,7,train/clip_fraction,409600,0.1866898089647293
stabilized,7,train/clip_fraction,417792,0.12367584556341171
stabilized,7,train/clip_fraction,425984,0.1949462890625
stabilized,7,train/clip_fraction,434176,0.19813011586666107
stabilized,7,train/clip_fraction,442368,0.1649133712053299
stabilized,7,train/clip_fraction,450560,0.17889301478862762
stabilized,7,train/clip_fraction,458752,0.20334507524967194
stabilized,7,train/clip_fraction,466944,0.11868990212678909
stabilized,7,train/clip_fraction,475136,0.1903669685125351
stabilized,7,train/clip_fraction,483328,0.16750672459602356
stabilized,7,train/clip_fraction,491520,0.19448138773441315
stabilized,7,train/clip_fraction,499712,0.16692450642585754
stabilized,7,train/clip_fraction,507904,0.1508333384990692
stabilized,7,train/clip_fraction,516096,0.1929866373538971
stabilized,7,train/clip_fraction,524288,0.22966746985912323
stabilized,7,train/clip_fraction,532480,0.18239182233810425
stabilized,7,train/clip_fraction,540672,0.1365017294883728
stabilized,7,train/clip_fraction,548864,0.17917798459529877
stabilized,7,train/clip_fraction,557056,0.16786858439445496
stabilized,7,train/clip_fraction,565248,0.1423611044883728
stabilized,7,train/clip_fraction,573440,0.17121478915214539
stabilized,7,train/clip_fraction,581632,0.18131187558174133
stabilized,7,train/clip_fraction,589824,0.17208904027938843
stabilized,7,train/clip_fraction,598016,0.18240131437778473
stabilized,7,train/clip_fraction,606208,0.20454545319080353
stabilized,7,train/clip_fraction,614400,0.1306014209985733
stabilized,7,train/clip_fraction,622592,0.2030029296875
stabilized,7,train/clip_fraction,630784,0.20899906754493713
stabilized,7,train/clip_fraction,638976,0.17387354373931885
stabilized,7,train/clip_fraction,647168,0.2083730846643448
stabilized,7,train/clip_fraction,655360,0.1859056055545807
stabilized,7,train/clip_fraction,663552,0.16603915393352509
stabilized,7,train/clip_fraction,671744,0.1364976465702057
stabilized,7,train/clip_fraction,679936,0.19105114042758942
stabilized,7,train/clip_fraction,688128,0.19646738469600677
stabilized,7,train/clip_fraction,696320,0.1485615074634552
stabilized,7,train/clip_fraction,704512,0.17072369158267975
stabilized,7,train/clip_fraction,712704,0.1781609207391739
stabilized,7,train/clip_fraction,720896,0.19226190447807312
stabilized,7,train/clip_fraction,729088,0.21011513471603394
stabilized,7,train/clip_fraction,737280,0.1902305781841278
stabilized,7,train/clip_fraction,745472,0.13859952986240387
stabilized,7,train/clip_fraction,753664,0.13946759700775146
stabilized,7,train/clip_fraction,761856,0.2011278122663498
stabilized,7,train/clip_fraction,770048,0.18853184580802917
stabilized,7,train/clip_fraction,778240,0.19285714626312256
stabilized,7,train/clip_fraction,786432,0.1494869440793991
stabilized,7,train/clip_fraction,794624,0.2139892578125
stabilized,7,train/clip_fraction,802816,0.1222098246216774
stabilized,7,train/clip_fraction,811008,0.21370191872119904
stabilized,7,train/clip_fraction,819200,0.2060731202363968
stabilized,7,train/clip_fraction,827392,0.18095439672470093
stabilized,7,train/clip_fraction,835584,0.18953125178813934
stabilized,7,train/clip_fraction,843776,0.19606855511665344
stabilized,7,train/clip_fraction,851968,0.20674189925193787
stabilized,7,train/clip_fraction,860160,0.17808493971824646
stabilized,7,train/clip_fraction,868352,0.15650615096092224
stabilized,7,train/clip_fraction,876544,0.17654220759868622
stabilized,7,train/clip_fraction,884736,0.11242377758026123
stabilized,7,train/clip_fraction,892928,0.1443326324224472
stabilized,7,train/clip_fraction,901120,0.16692708432674408
stabilized,7,train/clip_fraction,909312,0.18595950305461884
stabilized,7,train/clip_fraction,917504,0.12038352340459824
stabilized,7,train/clip_fraction,925696,0.1431361585855484
stabilized,7,train/clip_fraction,933888,0.17479166388511658
stabilized,7,train/clip_fraction,942080,0.19041666388511658
stabilized,7,train/clip_fraction,950272,0.2169363796710968
stabilized,7,train/clip_fraction,958464,0.172805055975914
stabilized,7,train/clip_fraction,966656,0.16436298191547394
stabilized,7,train/clip_fraction,974848,0.17236328125
stabilized,7,train/clip_fraction,983040,0.16274037957191467
stabilized,7,train/clip_fraction,991232,0.1884889304637909
stabilized,7,train/clip_fraction,999424,0.19731104373931885
stabilized,7,train/clip_fraction,1007616,0.12530048191547394
