Training condition=nominal seed=7 requested_steps=5000000 num_envs=4
Using cpu device
Logging to artifacts/final/nominal_seed_7/tensorboard/PPO_1
[Progress] Plain-language training summaries will appear about every five minutes.
---------------------------------
| rollout/           |          |
|    ep_len_mean     | 93.3     |
|    ep_rew_mean     | 81.5     |
| time/              |          |
|    fps             | 2921     |
|    iterations      | 1        |
|    time_elapsed    | 2        |
|    total_timesteps | 8192     |
---------------------------------
Early stopping at step 2 due to reaching max kl: 0.03
-----------------------------------------
| rollout/                |             |
|    ep_len_mean          | 84.8        |
|    ep_rew_mean          | 76.7        |
| time/                   |             |
|    fps                  | 2582        |
|    iterations           | 2           |
|    time_elapsed         | 6           |
|    total_timesteps      | 16384       |
| train/                  |             |
|    approx_kl            | 0.015834983 |
|    clip_fraction        | 0.157       |
|    clip_range           | 0.2         |
|    entropy_loss         | -11.3       |
|    explained_variance   | -1.04       |
|    learning_rate        | 0.0003      |
|    loss                 | 0.0134      |
|    n_updates            | 3           |
|    policy_gradient_loss | -0.00805    |
|    std                  | 0.994       |
|    value_loss           | 0.177       |
-----------------------------------------
Early stopping at step 1 due to reaching max kl: 0.03
-----------------------------------------
| rollout/                |             |
|    ep_len_mean          | 71.1        |
|    ep_rew_mean          | 67.1        |
| time/                   |             |
|    fps                  | 2569        |
|    iterations           | 3           |
|    time_elapsed         | 9           |
|    total_timesteps      | 24576       |
| train/                  |             |
|    approx_kl            | 0.014614663 |
|    clip_fraction        | 0.132       |
|    clip_range           | 0.2         |
|    entropy_loss         | -11.3       |
|    explained_variance   | -0.0141     |
|    learning_rate        | 0.000299    |
|    loss                 | -0.00764    |
|    n_updates            | 5           |
|    policy_gradient_loss | -0.00174    |
|    std                  | 0.988       |
|    value_loss           | 0.0774      |
-----------------------------------------
Early stopping at step 2 due to reaching max kl: 0.03
-----------------------------------------
| rollout/                |             |
|    ep_len_mean          | 87.1        |
|    ep_rew_mean          | 76.8        |
| time/                   |             |
|    fps                  | 2513        |
|    iterations           | 4           |
|    time_elapsed         | 13          |
|    total_timesteps      | 32768       |
| train/                  |             |
|    approx_kl            | 0.018084642 |
|    clip_fraction        | 0.188       |
|    clip_range           | 0.2         |
|    entropy_loss         | -11.2       |
|    explained_variance   | 0.318       |
|    learning_rate        | 0.000299    |
|    loss                 | -0.0267     |
|    n_updates            | 8           |
|    policy_gradient_loss | -0.00766    |
|    std                  | 0.981       |
|    value_loss           | 0.076       |
-----------------------------------------
Early stopping at step 2 due to reaching max kl: 0.03
-----------------------------------------
| rollout/                |             |
|    ep_len_mean          | 89.4        |
|    ep_rew_mean          | 85.2        |
| time/                   |             |
|    fps                  | 2482        |
|    iterations           | 5           |
|    time_elapsed         | 16          |
|    total_timesteps      | 40960       |
| train/                  |             |
|    approx_kl            | 0.018457957 |
|    clip_fraction        | 0.198       |
|    clip_range           | 0.2         |
|    entropy_loss         | -11.2       |
|    explained_variance   | 0.471       |
|    learning_rate        | 0.000299    |
|    loss                 | 0.0294      |
|    n_updates            | 11          |
|    policy_gradient_loss | -0.00698    |
|    std                  | 0.975       |
|    value_loss           | 0.0777      |
-----------------------------------------
Early stopping at step 2 due to reaching max kl: 0.03
-----------------------------------------
| rollout/                |             |
|    ep_len_mean          | 131         |
|    ep_rew_mean          | 126         |
| time/                   |             |
|    fps                  | 2453        |
|    iterations           | 6           |
|    time_elapsed         | 20          |
|    total_timesteps      | 49152       |
| train/                  |             |
|    approx_kl            | 0.020653505 |
|    clip_fraction        | 0.205       |
|    clip_range           | 0.2         |
|    entropy_loss         | -11.1       |
|    explained_variance   | 0.608       |
|    learning_rate        | 0.000298    |
|    loss                 | 0.0188      |
|    n_updates            | 14          |
|    policy_gradient_loss | -0.00768    |
|    std                  | 0.965       |
|    value_loss           | 0.0781      |
-----------------------------------------
Early stopping at step 2 due to reaching max kl: 0.04
-----------------------------------------
| rollout/                |             |
|    ep_len_mean          | 136         |
|    ep_rew_mean          | 124         |
| time/                   |             |
|    fps                  | 2439        |
|    iterations           | 7           |
|    time_elapsed         | 23          |
|    total_timesteps      | 57344       |
| train/                  |             |
|    approx_kl            | 0.019992452 |
|    clip_fraction        | 0.222       |
|    clip_range           | 0.2         |
|    entropy_loss         | -11         |
|    explained_variance   | 0.653       |
|    learning_rate        | 0.000298    |
|    loss                 | 0.00821     |
|    n_updates            | 17          |
|    policy_gradient_loss | -0.0073     |
|    std                  | 0.96        |
|    value_loss           | 0.0712      |
-----------------------------------------
Early stopping at step 1 due to reaching max kl: 0.03
----------------------------------------
| rollout/                |            |
|    ep_len_mean          | 119        |
|    ep_rew_mean          | 114        |
| time/                   |            |
|    fps                  | 2456       |
|    iterations           | 8          |
|    time_elapsed         | 26         |
|    total_timesteps      | 65536      |
| train/                  |            |
|    approx_kl            | 0.01638098 |
|    clip_fraction        | 0.17       |
|    clip_range           | 0.2        |
|    entropy_loss         | -11        |
|    explained_variance   | 0.627      |
|    learning_rate        | 0.000298   |
|    loss                 | 0.0706     |
|    n_updates            | 19         |
|    policy_gradient_loss | 0.000638   |
|    std                  | 0.955      |
|    value_loss           | 0.104      |
----------------------------------------
Early stopping at step 1 due to reaching max kl: 0.04
-----------------------------------------
| rollout/                |             |
|    ep_len_mean          | 155         |
|    ep_rew_mean          | 151         |
| time/                   |             |
|    fps                  | 2463        |
|    iterations           | 9           |
|    time_elapsed         | 29          |
|    total_timesteps      | 73728       |
| train/                  |             |
|    approx_kl            | 0.019447232 |
|    clip_fraction        | 0.182       |
|    clip_range           | 0.2         |
|    entropy_loss         | -11         |
|    explained_variance   | 0.678       |
|    learning_rate        | 0.000297    |
|    loss                 | 0.0482      |
|    n_updates            | 21          |
|    policy_gradient_loss | -0.00244    |
|    std                  | 0.951       |
|    value_loss           | 0.105       |
-----------------------------------------
Early stopping at step 1 due to reaching max kl: 0.03
-----------------------------------------
| rollout/                |             |
|    ep_len_mean          | 78.1        |
|    ep_rew_mean          | 78.7        |
| time/                   |             |
|    fps                  | 2472        |
|    iterations           | 10          |
|    time_elapsed         | 33          |
|    total_timesteps      | 81920       |
| train/                  |             |
|    approx_kl            | 0.020241726 |
|    clip_fraction        | 0.188       |
|    clip_range           | 0.2         |
|    entropy_loss         | -10.9       |
|    explained_variance   | 0.749       |
|    learning_rate        | 0.000297    |
|    loss                 | 0.0199      |
|    n_updates            | 23          |
|    policy_gradient_loss | -0.00326    |
|    std                  | 0.946       |
|    value_loss           | 0.0627      |
-----------------------------------------
Early stopping at step 1 due to reaching max kl: 0.03
-----------------------------------------
| rollout/                |             |
|    ep_len_mean          | 110         |
|    ep_rew_mean          | 108         |
| time/                   |             |
|    fps                  | 2482        |
|    iterations           | 11          |
|    time_elapsed         | 36          |
|    total_timesteps      | 90112       |
| train/                  |             |
|    approx_kl            | 0.018302174 |
|    clip_fraction        | 0.172       |
|    clip_range           | 0.2         |
|    entropy_loss         | -10.9       |
|    explained_variance   | 0.72        |
|    learning_rate        | 0.000297    |
|    loss                 | 0.0308      |
|    n_updates            | 25          |
|    policy_gradient_loss | 0.00215     |
|    std                  | 0.944       |
|    value_loss           | 0.128       |
-----------------------------------------
Early stopping at step 0 due to reaching max kl: 0.03
-----------------------------------------
| rollout/                |             |
|    ep_len_mean          | 135         |
|    ep_rew_mean          | 134         |
| time/                   |             |
|    fps                  | 2495        |
|    iterations           | 12          |
|    time_elapsed         | 39          |
|    total_timesteps      | 98304       |
| train/                  |             |
|    approx_kl            | 0.011972528 |
|    clip_fraction        | 0.168       |
|    clip_range           | 0.2         |
|    entropy_loss         | -10.9       |
|    explained_variance   | 0.738       |
|    learning_rate        | 0.000296    |
|    loss                 | 0.123       |
|    n_updates            | 26          |
|    policy_gradient_loss | 0.00547     |
|    std                  | 0.94        |
|    value_loss           | 0.12        |
-----------------------------------------
Early stopping at step 1 due to reaching max kl: 0.03
-----------------------------------------
| rollout/                |             |
|    ep_len_mean          | 162         |
|    ep_rew_mean          | 163         |
| time/                   |             |
|    fps                  | 2499        |
|    iterations           | 13          |
|    time_elapsed         | 42          |
|    total_timesteps      | 106496      |
| train/                  |             |
|    approx_kl            | 0.020949177 |
|    clip_fraction        | 0.184       |
|    clip_range           | 0.2         |
|    entropy_loss         | -10.8       |
|    explained_variance   | 0.788       |
|    learning_rate        | 0.000296    |
|    loss                 | 0.00788     |
|    n_updates            | 28          |
|    policy_gradient_loss | 0.000261    |
|    std                  | 0.935       |
|    value_loss           | 0.089       |
-----------------------------------------
Early stopping at step 1 due to reaching max kl: 0.03
-----------------------------------------
| rollout/                |             |
|    ep_len_mean          | 130         |
|    ep_rew_mean          | 132         |
| time/                   |             |
|    fps                  | 2500        |
|    iterations           | 14          |
|    time_elapsed         | 45          |
|    total_timesteps      | 114688      |
| train/                  |             |
|    approx_kl            | 0.020783113 |
|    clip_fraction        | 0.211       |
|    clip_range           | 0.2         |
|    entropy_loss         | -10.8       |
|    explained_variance   | 0.797       |
|    learning_rate        | 0.000296    |
|    loss                 | 0.0334      |
|    n_updates            | 30          |
|    policy_gradient_loss | -0.0027     |
|    std                  | 0.93        |
|    value_loss           | 0.089       |
-----------------------------------------
Early stopping at step 1 due to reaching max kl: 0.03
-----------------------------------------
| rollout/                |             |
|    ep_len_mean          | 120         |
|    ep_rew_mean          | 126         |
| time/                   |             |
|    fps                  | 2495        |
|    iterations           | 15          |
|    time_elapsed         | 49          |
|    total_timesteps      | 122880      |
| train/                  |             |
|    approx_kl            | 0.019587636 |
|    clip_fraction        | 0.218       |
|    clip_range           | 0.2         |
|    entropy_loss         | -10.8       |
|    explained_variance   | 0.752       |
|    learning_rate        | 0.000295    |
|    loss                 | 0.0569      |
|    n_updates            | 32          |
|    policy_gradient_loss | -0.000777   |
|    std                  | 0.926       |
|    value_loss           | 0.128       |
-----------------------------------------
Early stopping at step 1 due to reaching max kl: 0.03
-----------------------------------------
| rollout/                |             |
|    ep_len_mean          | 175         |
|    ep_rew_mean          | 177         |
| time/                   |             |
|    fps                  | 2501        |
|    iterations           | 16          |
|    time_elapsed         | 52          |
|    total_timesteps      | 131072      |
| train/                  |             |
|    approx_kl            | 0.017660966 |
|    clip_fraction        | 0.176       |
|    clip_range           | 0.2         |
|    entropy_loss         | -10.7       |
|    explained_variance   | 0.801       |
|    learning_rate        | 0.000295    |
|    loss                 | 0.0262      |
|    n_updates            | 34          |
|    policy_gradient_loss | 0.0025      |
|    std                  | 0.922       |
|    value_loss           | 0.0963      |
-----------------------------------------
Early stopping at step 1 due to reaching max kl: 0.03
-----------------------------------------
| rollout/                |             |
|    ep_len_mean          | 178         |
|    ep_rew_mean          | 181         |
| time/                   |             |
|    fps                  | 2503        |
|    iterations           | 17          |
|    time_elapsed         | 55          |
|    total_timesteps      | 139264      |
| train/                  |             |
|    approx_kl            | 0.020293526 |
|    clip_fraction        | 0.179       |
|    clip_range           | 0.2         |
|    entropy_loss         | -10.7       |
|    explained_variance   | 0.829       |
|    learning_rate        | 0.000295    |
|    loss                 | 0.00194     |
|    n_updates            | 36          |
|    policy_gradient_loss | 0.00277     |
|    std                  | 0.918       |
|    value_loss           | 0.0844      |
-----------------------------------------
Early stopping at step 1 due to reaching max kl: 0.03
-----------------------------------------
| rollout/                |             |
|    ep_len_mean          | 211         |
|    ep_rew_mean          | 218         |
| time/                   |             |
|    fps                  | 2505        |
|    iterations           | 18          |
|    time_elapsed         | 58          |
|    total_timesteps      | 147456      |
| train/                  |             |
|    approx_kl            | 0.021037977 |
|    clip_fraction        | 0.192       |
|    clip_range           | 0.2         |
|    entropy_loss         | -10.7       |
|    explained_variance   | 0.805       |
|    learning_rate        | 0.000294    |
|    loss                 | 0.0489      |
|    n_updates            | 38          |
|    policy_gradient_loss | 0.00246     |
|    std                  | 0.915       |
|    value_loss           | 0.103       |
-----------------------------------------
Early stopping at step 1 due to reaching max kl: 0.03
-----------------------------------------
| rollout/                |             |
|    ep_len_mean          | 215         |
|    ep_rew_mean          | 226         |
| time/                   |             |
|    fps                  | 2505        |
|    iterations           | 19          |
|    time_elapsed         | 62          |
|    total_timesteps      | 155648      |
| train/                  |             |
|    approx_kl            | 0.020794949 |
|    clip_fraction        | 0.211       |
|    clip_range           | 0.2         |
|    entropy_loss         | -10.6       |
|    explained_variance   | 0.797       |
|    learning_rate        | 0.000294    |
|    loss                 | 0.0182      |
|    n_updates            | 40          |
|    policy_gradient_loss | 0.000237    |
|    std                  | 0.911       |
|    value_loss           | 0.0811      |
-----------------------------------------
Early stopping at step 1 due to reaching max kl: 0.03
-----------------------------------------
| rollout/                |             |
|    ep_len_mean          | 250         |
|    ep_rew_mean          | 259         |
| time/                   |             |
|    fps                  | 2509        |
|    iterations           | 20          |
|    time_elapsed         | 65          |
|    total_timesteps      | 163840      |
| train/                  |             |
|    approx_kl            | 0.021488702 |
|    clip_fraction        | 0.178       |
|    clip_range           | 0.2         |
|    entropy_loss         | -10.6       |
|    explained_variance   | 0.767       |
|    learning_rate        | 0.000294    |
|    loss                 | -0.0105     |
|    n_updates            | 42          |
|    policy_gradient_loss | 0.00369     |
|    std                  | 0.908       |
|    value_loss           | 0.0721      |
-----------------------------------------
Early stopping at step 1 due to reaching max kl: 0.03
-----------------------------------------
| rollout/                |             |
|    ep_len_mean          | 201         |
|    ep_rew_mean          | 213         |
| time/                   |             |
|    fps                  | 2514        |
|    iterations           | 21          |
|    time_elapsed         | 68          |
|    total_timesteps      | 172032      |
| train/                  |             |
|    approx_kl            | 0.020925784 |
|    clip_fraction        | 0.208       |
|    clip_range           | 0.2         |
|    entropy_loss         | -10.6       |
|    explained_variance   | 0.8         |
|    learning_rate        | 0.000293    |
|    loss                 | 0.0443      |
|    n_updates            | 44          |
|    policy_gradient_loss | 0.00534     |
|    std                  | 0.904       |
|    value_loss           | 0.0753      |
-----------------------------------------
Early stopping at step 1 due to reaching max kl: 0.03
-----------------------------------------
| rollout/                |             |
|    ep_len_mean          | 181         |
|    ep_rew_mean          | 192         |
| time/                   |             |
|    fps                  | 2512        |
|    iterations           | 22          |
|    time_elapsed         | 71          |
|    total_timesteps      | 180224      |
| train/                  |             |
|    approx_kl            | 0.020638531 |
|    clip_fraction        | 0.21        |
|    clip_range           | 0.2         |
|    entropy_loss         | -10.5       |
|    explained_variance   | 0.765       |
|    learning_rate        | 0.000293    |
|    loss                 | 0.105       |
|    n_updates            | 46          |
|    policy_gradient_loss | -0.000719   |
|    std                  | 0.9         |
|    value_loss           | 0.116       |
-----------------------------------------
Early stopping at step 1 due to reaching max kl: 0.06
----------------------------------------
| rollout/                |            |
|    ep_len_mean          | 203        |
|    ep_rew_mean          | 215        |
| time/                   |            |
|    fps                  | 2511       |
|    iterations           | 23         |
|    time_elapsed         | 75         |
|    total_timesteps      | 188416     |
| train/                  |            |
|    approx_kl            | 0.02521626 |
|    clip_fraction        | 0.178      |
|    clip_range           | 0.2        |
|    entropy_loss         | -10.5      |
|    explained_variance   | 0.775      |
|    learning_rate        | 0.000293   |
|    loss                 | 0.0123     |
|    n_updates            | 48         |
|    policy_gradient_loss | 0.00697    |
|    std                  | 0.898      |
|    value_loss           | 0.108      |
----------------------------------------
Early stopping at step 1 due to reaching max kl: 0.05
-----------------------------------------
| rollout/                |             |
|    ep_len_mean          | 229         |
|    ep_rew_mean          | 243         |
| time/                   |             |
|    fps                  | 2514        |
|    iterations           | 24          |
|    time_elapsed         | 78          |
|    total_timesteps      | 196608      |
| train/                  |             |
|    approx_kl            | 0.028922504 |
|    clip_fraction        | 0.201       |
|    clip_range           | 0.2         |
|    entropy_loss         | -10.5       |
|    explained_variance   | 0.757       |
|    learning_rate        | 0.000292    |
|    loss                 | -0.0139     |
|    n_updates            | 50          |
|    policy_gradient_loss | 0.00527     |
|    std                  | 0.894       |
|    value_loss           | 0.0989      |
-----------------------------------------
Early stopping at step 1 due to reaching max kl: 0.03
-----------------------------------------
| rollout/                |             |
|    ep_len_mean          | 281         |
|    ep_rew_mean          | 301         |
| time/                   |             |
|    fps                  | 2513        |
|    iterations           | 25          |
|    time_elapsed         | 81          |
|    total_timesteps      | 204800      |
| train/                  |             |
|    approx_kl            | 0.022048175 |
|    clip_fraction        | 0.198       |
|    clip_range           | 0.2         |
|    entropy_loss         | -10.4       |
|    explained_variance   | 0.758       |
|    learning_rate        | 0.000292    |
|    loss                 | 0.0457      |
|    n_updates            | 52          |
|    policy_gradient_loss | 0.00194     |
|    std                  | 0.891       |
|    value_loss           | 0.0885      |
-----------------------------------------
Early stopping at step 1 due to reaching max kl: 0.03
-----------------------------------------
| rollout/                |             |
|    ep_len_mean          | 211         |
|    ep_rew_mean          | 227         |
| time/                   |             |
|    fps                  | 2515        |
|    iterations           | 26          |
|    time_elapsed         | 84          |
|    total_timesteps      | 212992      |
| train/                  |             |
|    approx_kl            | 0.023029394 |
|    clip_fraction        | 0.199       |
|    clip_range           | 0.2         |
|    entropy_loss         | -10.4       |
|    explained_variance   | 0.769       |
|    learning_rate        | 0.000292    |
|    loss                 | 0.0196      |
|    n_updates            | 54          |
|    policy_gradient_loss | 0.00435     |
|    std                  | 0.889       |
|    value_loss           | 0.0684      |
-----------------------------------------
Early stopping at step 0 due to reaching max kl: 0.03
-----------------------------------------
| rollout/                |             |
|    ep_len_mean          | 197         |
|    ep_rew_mean          | 209         |
| time/                   |             |
|    fps                  | 2518        |
|    iterations           | 27          |
|    time_elapsed         | 87          |
|    total_timesteps      | 221184      |
| train/                  |             |
|    approx_kl            | 0.013510379 |
|    clip_fraction        | 0.187       |
|    clip_range           | 0.2         |
|    entropy_loss         | -10.4       |
|    explained_variance   | 0.727       |
|    learning_rate        | 0.000291    |
|    loss                 | 0.0984      |
|    n_updates            | 55          |
|    policy_gradient_loss | 0.00445     |
|    std                  | 0.888       |
|    value_loss           | 0.156       |
-----------------------------------------
Early stopping at step 0 due to reaching max kl: 0.03
-----------------------------------------
| rollout/                |             |
|    ep_len_mean          | 194         |
|    ep_rew_mean          | 208         |
| time/                   |             |
|    fps                  | 2523        |
|    iterations           | 28          |
|    time_elapsed         | 90          |
|    total_timesteps      | 229376      |
| train/                  |             |
|    approx_kl            | 0.012503023 |
|    clip_fraction        | 0.176       |
|    clip_range           | 0.2         |
|    entropy_loss         | -10.4       |
|    explained_variance   | 0.79        |
|    learning_rate        | 0.000291    |
|    loss                 | 0.0166      |
|    n_updates            | 56          |
|    policy_gradient_loss | 0.00428     |
|    std                  | 0.885       |
|    value_loss           | 0.0899      |
-----------------------------------------
Early stopping at step 0 due to reaching max kl: 0.03
-----------------------------------------
| rollout/                |             |
|    ep_len_mean          | 187         |
|    ep_rew_mean          | 199         |
| time/                   |             |
|    fps                  | 2530        |
|    iterations           | 29          |
|    time_elapsed         | 93          |
|    total_timesteps      | 237568      |
| train/                  |             |
|    approx_kl            | 0.007959514 |
|    clip_fraction        | 0.0892      |
|    clip_range           | 0.2         |
|    entropy_loss         | -10.4       |
|    explained_variance   | 0.769       |
|    learning_rate        | 0.000291    |
|    loss                 | 0.174       |
|    n_updates            | 57          |
|    policy_gradient_loss | 0.00505     |
|    std                  | 0.883       |
|    value_loss           | 0.162       |
-----------------------------------------
Early stopping at step 1 due to reaching max kl: 0.03
-----------------------------------------
| rollout/                |             |
|    ep_len_mean          | 174         |
|    ep_rew_mean          | 187         |
| time/                   |             |
|    fps                  | 2532        |
|    iterations           | 30          |
|    time_elapsed         | 97          |
|    total_timesteps      | 245760      |
| train/                  |             |
|    approx_kl            | 0.019708537 |
|    clip_fraction        | 0.197       |
|    clip_range           | 0.2         |
|    entropy_loss         | -10.3       |
|    explained_variance   | 0.797       |
|    learning_rate        | 0.00029     |
|    loss                 | 0.0821      |
|    n_updates            | 59          |
|    policy_gradient_loss | 0.00483     |
|    std                  | 0.88        |
|    value_loss           | 0.112       |
-----------------------------------------
Early stopping at step 0 due to reaching max kl: 0.03
-----------------------------------------
| rollout/                |             |
|    ep_len_mean          | 185         |
|    ep_rew_mean          | 198         |
| time/                   |             |
|    fps                  | 2535        |
|    iterations           | 31          |
|    time_elapsed         | 100         |
|    total_timesteps      | 253952      |
| train/                  |             |
|    approx_kl            | 0.012292159 |
|    clip_fraction        | 0.172       |
|    clip_range           | 0.2         |
|    entropy_loss         | -10.3       |
|    explained_variance   | 0.811       |
|    learning_rate        | 0.00029     |
|    loss                 | 0.135       |
|    n_updates            | 60          |
|    policy_gradient_loss | 0.00712     |
|    std                  | 0.878       |
|    value_loss           | 0.11        |
-----------------------------------------
Early stopping at step 1 due to reaching max kl: 0.03
-----------------------------------------
| rollout/                |             |
|    ep_len_mean          | 194         |
|    ep_rew_mean          | 213         |
| time/                   |             |
|    fps                  | 2536        |
|    iterations           | 32          |
|    time_elapsed         | 103         |
|    total_timesteps      | 262144      |
| train/                  |             |
|    approx_kl            | 0.019508285 |
|    clip_fraction        | 0.197       |
|    clip_range           | 0.2         |
|    entropy_loss         | -10.3       |
|    explained_variance   | 0.776       |
|    learning_rate        | 0.00029     |
|    loss                 | 0.0142      |
|    n_updates            | 62          |
|    policy_gradient_loss | 0.00614     |
|    std                  | 0.873       |
|    value_loss           | 0.135       |
-----------------------------------------
Early stopping at step 0 due to reaching max kl: 0.03
-----------------------------------------
| rollout/                |             |
|    ep_len_mean          | 256         |
|    ep_rew_mean          | 286         |
| time/                   |             |
|    fps                  | 2539        |
|    iterations           | 33          |
|    time_elapsed         | 106         |
|    total_timesteps      | 270336      |
| train/                  |             |
|    approx_kl            | 0.013573713 |
|    clip_fraction        | 0.186       |
|    clip_range           | 0.2         |
|    entropy_loss         | -10.3       |
|    explained_variance   | 0.795       |
|    learning_rate        | 0.00029     |
|    loss                 | 0.105       |
|    n_updates            | 63          |
|    policy_gradient_loss | 0.00826     |
|    std                  | 0.871       |
|    value_loss           | 0.078       |
-----------------------------------------
Early stopping at step 1 due to reaching max kl: 0.04
-----------------------------------------
| rollout/                |             |
|    ep_len_mean          | 212         |
|    ep_rew_mean          | 238         |
| time/                   |             |
|    fps                  | 2540        |
|    iterations           | 34          |
|    time_elapsed         | 109         |
|    total_timesteps      | 278528      |
| train/                  |             |
|    approx_kl            | 0.023454268 |
|    clip_fraction        | 0.214       |
|    clip_range           | 0.2         |
|    entropy_loss         | -10.2       |
|    explained_variance   | 0.8         |
|    learning_rate        | 0.000289    |
|    loss                 | 0.0144      |
|    n_updates            | 65          |
|    policy_gradient_loss | 0.00145     |
|    std                  | 0.869       |
|    value_loss           | 0.0848      |
-----------------------------------------
Early stopping at step 0 due to reaching max kl: 0.03
-----------------------------------------
| rollout/                |             |
|    ep_len_mean          | 175         |
|    ep_rew_mean          | 197         |
| time/                   |             |
|    fps                  | 2543        |
|    iterations           | 35          |
|    time_elapsed         | 112         |
|    total_timesteps      | 286720      |
| train/                  |             |
|    approx_kl            | 0.013968354 |
|    clip_fraction        | 0.187       |
|    clip_range           | 0.2         |
|    entropy_loss         | -10.2       |
|    explained_variance   | 0.751       |
|    learning_rate        | 0.000289    |
|    loss                 | 0.153       |
|    n_updates            | 66          |
|    policy_gradient_loss | 0.00809     |
|    std                  | 0.868       |
|    value_loss           | 0.158       |
-----------------------------------------
Early stopping at step 0 due to reaching max kl: 0.03
-----------------------------------------
| rollout/                |             |
|    ep_len_mean          | 198         |
|    ep_rew_mean          | 221         |
| time/                   |             |
|    fps                  | 2546        |
|    iterations           | 36          |
|    time_elapsed         | 115         |
|    total_timesteps      | 294912      |
| train/                  |             |
|    approx_kl            | 0.013328331 |
|    clip_fraction        | 0.186       |
|    clip_range           | 0.2         |
|    entropy_loss         | -10.2       |
|    explained_variance   | 0.788       |
|    learning_rate        | 0.000289    |
|    loss                 | 0.0652      |
|    n_updates            | 67          |
|    policy_gradient_loss | 0.00899     |
|    std                  | 0.865       |
|    value_loss           | 0.108       |
-----------------------------------------
Early stopping at step 0 due to reaching max kl: 0.03
-----------------------------------------
| rollout/                |             |
|    ep_len_mean          | 241         |
|    ep_rew_mean          | 266         |
| time/                   |             |
|    fps                  | 2550        |
|    iterations           | 37          |
|    time_elapsed         | 118         |
|    total_timesteps      | 303104      |
| train/                  |             |
|    approx_kl            | 0.011069396 |
|    clip_fraction        | 0.154       |
|    clip_range           | 0.2         |
|    entropy_loss         | -10.2       |
|    explained_variance   | 0.802       |
|    learning_rate        | 0.000288    |
|    loss                 | 0.083       |
|    n_updates            | 68          |
|    policy_gradient_loss | 0.00449     |
|    std                  | 0.864       |
|    value_loss           | 0.111       |
-----------------------------------------
Early stopping at step 1 due to reaching max kl: 0.03
----------------------------------------
| rollout/                |            |
|    ep_len_mean          | 291        |
|    ep_rew_mean          | 319        |
| time/                   |            |
|    fps                  | 2552       |
|    iterations           | 38         |
|    time_elapsed         | 121        |
|    total_timesteps      | 311296     |
| train/                  |            |
|    approx_kl            | 0.02480972 |
|    clip_fraction        | 0.211      |
|    clip_range           | 0.2        |
|    entropy_loss         | -10.2      |
|    explained_variance   | 0.797      |
|    learning_rate        | 0.000288   |
|    loss                 | 0.00776    |
|    n_updates            | 70         |
|    policy_gradient_loss | 0.00624    |
|    std                  | 0.86       |
|    value_loss           | 0.0603     |
----------------------------------------
Early stopping at step 0 due to reaching max kl: 0.04
-----------------------------------------
| rollout/                |             |
|    ep_len_mean          | 271         |
|    ep_rew_mean          | 296         |
| time/                   |             |
|    fps                  | 2554        |
|    iterations           | 39          |
|    time_elapsed         | 125         |
|    total_timesteps      | 319488      |
| train/                  |             |
|    approx_kl            | 0.014001148 |
|    clip_fraction        | 0.193       |
|    clip_range           | 0.2         |
|    entropy_loss         | -10.1       |
|    explained_variance   | 0.772       |
|    learning_rate        | 0.000288    |
|    loss                 | 0.058       |
|    n_updates            | 71          |
|    policy_gradient_loss | 0.00498     |
|    std                  | 0.858       |
|    value_loss           | 0.105       |
-----------------------------------------
Early stopping at step 0 due to reaching max kl: 0.03
-----------------------------------------
| rollout/                |             |
|    ep_len_mean          | 234         |
|    ep_rew_mean          | 256         |
| time/                   |             |
|    fps                  | 2556        |
|    iterations           | 40          |
|    time_elapsed         | 128         |
|    total_timesteps      | 327680      |
| train/                  |             |
|    approx_kl            | 0.014698072 |
|    clip_fraction        | 0.211       |
|    clip_range           | 0.2         |
|    entropy_loss         | -10.1       |
|    explained_variance   | 0.772       |
|    learning_rate        | 0.000287    |
|    loss                 | 0.0714      |
|    n_updates            | 72          |
|    policy_gradient_loss | 0.00911     |
|    std                  | 0.855       |
|    value_loss           | 0.113       |
-----------------------------------------
Early stopping at step 0 due to reaching max kl: 0.03
-----------------------------------------
| rollout/                |             |
|    ep_len_mean          | 206         |
|    ep_rew_mean          | 222         |
| time/                   |             |
|    fps                  | 2560        |
|    iterations           | 41          |
|    time_elapsed         | 131         |
|    total_timesteps      | 335872      |
| train/                  |             |
|    approx_kl            | 0.012619789 |
|    clip_fraction        | 0.173       |
|    clip_range           | 0.2         |
|    entropy_loss         | -10.1       |
|    explained_variance   | 0.793       |
|    learning_rate        | 0.000287    |
|    loss                 | 0.0493      |
|    n_updates            | 73          |
|    policy_gradient_loss | 0.0031      |
|    std                  | 0.853       |
|    value_loss           | 0.111       |
-----------------------------------------
Early stopping at step 0 due to reaching max kl: 0.04
-----------------------------------------
| rollout/                |             |
|    ep_len_mean          | 212         |
|    ep_rew_mean          | 235         |
| time/                   |             |
|    fps                  | 2561        |
|    iterations           | 42          |
|    time_elapsed         | 134         |
|    total_timesteps      | 344064      |
| train/                  |             |
|    approx_kl            | 0.015119382 |
|    clip_fraction        | 0.206       |
|    clip_range           | 0.2         |
|    entropy_loss         | -10.1       |
|    explained_variance   | 0.786       |
|    learning_rate        | 0.000287    |
|    loss                 | 0.0338      |
|    n_updates            | 74          |
|    policy_gradient_loss | 0.00976     |
|    std                  | 0.851       |
|    value_loss           | 0.14        |
-----------------------------------------
Early stopping at step 1 due to reaching max kl: 0.03
---------------------------------------
| rollout/                |           |
|    ep_len_mean          | 258       |
|    ep_rew_mean          | 286       |
| time/                   |           |
|    fps                  | 2562      |
|    iterations           | 43        |
|    time_elapsed         | 137       |
|    total_timesteps      | 352256    |
| train/                  |           |
|    approx_kl            | 0.0214369 |
|    clip_fraction        | 0.193     |
|    clip_range           | 0.2       |
|    entropy_loss         | -10       |
|    explained_variance   | 0.811     |
|    learning_rate        | 0.000286  |
|    loss                 | 0.0271    |
|    n_updates            | 76        |
|    policy_gradient_loss | 0.0074    |
|    std                  | 0.849     |
|    value_loss           | 0.0826    |
---------------------------------------
Early stopping at step 0 due to reaching max kl: 0.03
-----------------------------------------
| rollout/                |             |
|    ep_len_mean          | 280         |
|    ep_rew_mean          | 311         |
| time/                   |             |
|    fps                  | 2565        |
|    iterations           | 44          |
|    time_elapsed         | 140         |
|    total_timesteps      | 360448      |
| train/                  |             |
|    approx_kl            | 0.010501237 |
|    clip_fraction        | 0.139       |
|    clip_range           | 0.2         |
|    entropy_loss         | -10         |
|    explained_variance   | 0.836       |
|    learning_rate        | 0.000286    |
|    loss                 | 0.0127      |
|    n_updates            | 77          |
|    policy_gradient_loss | 0.00448     |
|    std                  | 0.846       |
|    value_loss           | 0.0534      |
-----------------------------------------
Early stopping at step 0 due to reaching max kl: 0.03
-----------------------------------------
| rollout/                |             |
|    ep_len_mean          | 346         |
|    ep_rew_mean          | 386         |
| time/                   |             |
|    fps                  | 2568        |
|    iterations           | 45          |
|    time_elapsed         | 143         |
|    total_timesteps      | 368640      |
| train/                  |             |
|    approx_kl            | 0.010987687 |
|    clip_fraction        | 0.15        |
|    clip_range           | 0.2         |
|    entropy_loss         | -10         |
|    explained_variance   | 0.81        |
|    learning_rate        | 0.000286    |
|    loss                 | 0.0919      |
|    n_updates            | 78          |
|    policy_gradient_loss | 0.00373     |
|    std                  | 0.845       |
|    value_loss           | 0.0763      |
-----------------------------------------
Early stopping at step 1 due to reaching max kl: 0.03
-----------------------------------------
| rollout/                |             |
|    ep_len_mean          | 372         |
|    ep_rew_mean          | 417         |
| time/                   |             |
|    fps                  | 2567        |
|    iterations           | 46          |
|    time_elapsed         | 146         |
|    total_timesteps      | 376832      |
| train/                  |             |
|    approx_kl            | 0.021727106 |
|    clip_fraction        | 0.215       |
|    clip_range           | 0.2         |
|    entropy_loss         | -9.98       |
|    explained_variance   | 0.805       |
|    learning_rate        | 0.000285    |
|    loss                 | -0.00872    |
|    n_updates            | 80          |
|    policy_gradient_loss | 0.00419     |
|    std                  | 0.841       |
|    value_loss           | 0.0552      |
-----------------------------------------
Early stopping at step 0 due to reaching max kl: 0.03
-----------------------------------------
| rollout/                |             |
|    ep_len_mean          | 363         |
|    ep_rew_mean          | 410         |
| time/                   |             |
|    fps                  | 2567        |
|    iterations           | 47          |
|    time_elapsed         | 149         |
|    total_timesteps      | 385024      |
| train/                  |             |
|    approx_kl            | 0.013756701 |
|    clip_fraction        | 0.196       |
|    clip_range           | 0.2         |
|    entropy_loss         | -9.95       |
|    explained_variance   | 0.771       |
|    learning_rate        | 0.000285    |
|    loss                 | 0.0938      |
|    n_updates            | 81          |
|    policy_gradient_loss | 0.00719     |
|    std                  | 0.839       |
|    value_loss           | 0.0931      |
-----------------------------------------
Early stopping at step 0 due to reaching max kl: 0.04
-----------------------------------------
| rollout/                |             |
|    ep_len_mean          | 382         |
|    ep_rew_mean          | 432         |
| time/                   |             |
|    fps                  | 2569        |
|    iterations           | 48          |
|    time_elapsed         | 153         |
|    total_timesteps      | 393216      |
| train/                  |             |
|    approx_kl            | 0.013698269 |
|    clip_fraction        | 0.195       |
|    clip_range           | 0.2         |
|    entropy_loss         | -9.92       |
|    explained_variance   | 0.787       |
|    learning_rate        | 0.000285    |
|    loss                 | 0.0499      |
|    n_updates            | 82          |
|    policy_gradient_loss | 0.0048      |
|    std                  | 0.836       |
|    value_loss           | 0.0668      |
-----------------------------------------
Early stopping at step 0 due to reaching max kl: 0.03
-----------------------------------------
| rollout/                |             |
|    ep_len_mean          | 349         |
|    ep_rew_mean          | 397         |
| time/                   |             |
|    fps                  | 2570        |
|    iterations           | 49          |
|    time_elapsed         | 156         |
|    total_timesteps      | 401408      |
| train/                  |             |
|    approx_kl            | 0.013808449 |
|    clip_fraction        | 0.191       |
|    clip_range           | 0.2         |
|    entropy_loss         | -9.9        |
|    explained_variance   | 0.743       |
|    learning_rate        | 0.000284    |
|    loss                 | 0.0487      |
|    n_updates            | 83          |
|    policy_gradient_loss | 0.00682     |
|    std                  | 0.833       |
|    value_loss           | 0.0415      |
-----------------------------------------
Early stopping at step 1 due to reaching max kl: 0.04
----------------------------------------
| rollout/                |            |
|    ep_len_mean          | 371        |
|    ep_rew_mean          | 420        |
| time/                   |            |
|    fps                  | 2570       |
|    iterations           | 50         |
|    time_elapsed         | 159        |
|    total_timesteps      | 409600     |
| train/                  |            |
|    approx_kl            | 0.02287184 |
|    clip_fraction        | 0.187      |
|    clip_range           | 0.2        |
|    entropy_loss         | -9.87      |
|    explained_variance   | 0.759      |
|    learning_rate        | 0.000284   |
|    loss                 | 0.0434     |
|    n_updates            | 85         |
|    policy_gradient_loss | 0.00721    |
|    std                  | 0.83       |
|    value_loss           | 0.112      |
----------------------------------------
Early stopping at step 0 due to reaching max kl: 0.03
----------------------------------------
| rollout/                |            |
|    ep_len_mean          | 373        |
|    ep_rew_mean          | 425        |
| time/                   |            |
|    fps                  | 2573       |
|    iterations           | 51         |
|    time_elapsed         | 162        |
|    total_timesteps      | 417792     |
| train/                  |            |
|    approx_kl            | 0.00943601 |
|    clip_fraction        | 0.124      |
|    clip_range           | 0.2        |
|    entropy_loss         | -9.85      |
|    explained_variance   | 0.803      |
|    learning_rate        | 0.000284   |
|    loss                 | 0.0459     |
|    n_updates            | 86         |
|    policy_gradient_loss | 0.00271    |
|    std                  | 0.828      |
|    value_loss           | 0.0655     |
----------------------------------------
Early stopping at step 0 due to reaching max kl: 0.04
-----------------------------------------
| rollout/                |             |
|    ep_len_mean          | 323         |
|    ep_rew_mean          | 370         |
| time/                   |             |
|    fps                  | 2573        |
|    iterations           | 52          |
|    time_elapsed         | 165         |
|    total_timesteps      | 425984      |
| train/                  |             |
|    approx_kl            | 0.014192848 |
|    clip_fraction        | 0.195       |
|    clip_range           | 0.2         |
|    entropy_loss         | -9.83       |
|    explained_variance   | 0.757       |
|    learning_rate        | 0.000283    |
|    loss                 | 0.0617      |
|    n_updates            | 87          |
|    policy_gradient_loss | 0.00528     |
|    std                  | 0.826       |
|    value_loss           | 0.084       |
-----------------------------------------
Early stopping at step 0 due to reaching max kl: 0.03
-----------------------------------------
| rollout/                |             |
|    ep_len_mean          | 349         |
|    ep_rew_mean          | 406         |
| time/                   |             |
|    fps                  | 2574        |
|    iterations           | 53          |
|    time_elapsed         | 168         |
|    total_timesteps      | 434176      |
| train/                  |             |
|    approx_kl            | 0.014058859 |
|    clip_fraction        | 0.198       |
|    clip_range           | 0.2         |
|    entropy_loss         | -9.8        |
|    explained_variance   | 0.765       |
|    learning_rate        | 0.000283    |
|    loss                 | 0.126       |
|    n_updates            | 88          |
|    policy_gradient_loss | 0.00822     |
|    std                  | 0.822       |
|    value_loss           | 0.102       |
-----------------------------------------
Early stopping at step 0 due to reaching max kl: 0.03
-----------------------------------------
| rollout/                |             |
|    ep_len_mean          | 323         |
|    ep_rew_mean          | 379         |
| time/                   |             |
|    fps                  | 2575        |
|    iterations           | 54          |
|    time_elapsed         | 171         |
|    total_timesteps      | 442368      |
| train/                  |             |
|    approx_kl            | 0.011707554 |
|    clip_fraction        | 0.165       |
|    clip_range           | 0.2         |
|    entropy_loss         | -9.77       |
|    explained_variance   | 0.784       |
|    learning_rate        | 0.000283    |
|    loss                 | 0.104       |
|    n_updates            | 89          |
|    policy_gradient_loss | 0.00837     |
|    std                  | 0.82        |
|    value_loss           | 0.0918      |
-----------------------------------------
Early stopping at step 0 due to reaching max kl: 0.03
-----------------------------------------
| rollout/                |             |
|    ep_len_mean          | 305         |
|    ep_rew_mean          | 360         |
| time/                   |             |
|    fps                  | 2575        |
|    iterations           | 55          |
|    time_elapsed         | 174         |
|    total_timesteps      | 450560      |
| train/                  |             |
|    approx_kl            | 0.013126032 |
|    clip_fraction        | 0.179       |
|    clip_range           | 0.2         |
|    entropy_loss         | -9.75       |
|    explained_variance   | 0.779       |
|    learning_rate        | 0.000282    |
|    loss                 | 0.0688      |
|    n_updates            | 90          |
|    policy_gradient_loss | 0.00758     |
|    std                  | 0.817       |
|    value_loss           | 0.0998      |
-----------------------------------------
Early stopping at step 1 due to reaching max kl: 0.03
-----------------------------------------
| rollout/                |             |
|    ep_len_mean          | 269         |
|    ep_rew_mean          | 318         |
| time/                   |             |
|    fps                  | 2575        |
|    iterations           | 56          |
|    time_elapsed         | 178         |
|    total_timesteps      | 458752      |
| train/                  |             |
|    approx_kl            | 0.022904277 |
|    clip_fraction        | 0.203       |
|    clip_range           | 0.2         |
|    entropy_loss         | -9.71       |
|    explained_variance   | 0.782       |
|    learning_rate        | 0.000282    |
|    loss                 | -0.00644    |
|    n_updates            | 92          |
|    policy_gradient_loss | 0.00459     |
|    std                  | 0.814       |
|    value_loss           | 0.0961      |
-----------------------------------------
Early stopping at step 0 due to reaching max kl: 0.04
-----------------------------------------
| rollout/                |             |
|    ep_len_mean          | 296         |
|    ep_rew_mean          | 355         |
| time/                   |             |
|    fps                  | 2578        |
|    iterations           | 57          |
|    time_elapsed         | 181         |
|    total_timesteps      | 466944      |
| train/                  |             |
|    approx_kl            | 0.009226388 |
|    clip_fraction        | 0.119       |
|    clip_range           | 0.2         |
|    entropy_loss         | -9.69       |
|    explained_variance   | 0.817       |
|    learning_rate        | 0.000282    |
|    loss                 | 0.121       |
|    n_updates            | 93          |
|    policy_gradient_loss | 0.00709     |
|    std                  | 0.813       |
|    value_loss           | 0.132       |
-----------------------------------------
Early stopping at step 0 due to reaching max kl: 0.03
-----------------------------------------
| rollout/                |             |
|    ep_len_mean          | 295         |
|    ep_rew_mean          | 355         |
| time/                   |             |
|    fps                  | 2579        |
|    iterations           | 58          |
|    time_elapsed         | 184         |
|    total_timesteps      | 475136      |
| train/                  |             |
|    approx_kl            | 0.013778231 |
|    clip_fraction        | 0.19        |
|    clip_range           | 0.2         |
|    entropy_loss         | -9.68       |
|    explained_variance   | 0.83        |
|    learning_rate        | 0.000281    |
|    loss                 | 0.0694      |
|    n_updates            | 94          |
|    policy_gradient_loss | 0.00627     |
|    std                  | 0.811       |
|    value_loss           | 0.0705      |
-----------------------------------------
Early stopping at step 0 due to reaching max kl: 0.03
-----------------------------------------
| rollout/                |             |
|    ep_len_mean          | 324         |
|    ep_rew_mean          | 394         |
| time/                   |             |
|    fps                  | 2581        |
|    iterations           | 59          |
|    time_elapsed         | 187         |
|    total_timesteps      | 483328      |
| train/                  |             |
|    approx_kl            | 0.012068884 |
|    clip_fraction        | 0.168       |
|    clip_range           | 0.2         |
|    entropy_loss         | -9.67       |
|    explained_variance   | 0.818       |
|    learning_rate        | 0.000281    |
|    loss                 | 0.0825      |
|    n_updates            | 95          |
|    policy_gradient_loss | 0.00829     |
|    std                  | 0.809       |
|    value_loss           | 0.0856      |
-----------------------------------------
Early stopping at step 0 due to reaching max kl: 0.04
-----------------------------------------
| rollout/                |             |
|    ep_len_mean          | 336         |
|    ep_rew_mean          | 409         |
| time/                   |             |
|    fps                  | 2582        |
|    iterations           | 60          |
|    time_elapsed         | 190         |
|    total_timesteps      | 491520      |
| train/                  |             |
|    approx_kl            | 0.013977195 |
|    clip_fraction        | 0.194       |
|    clip_range           | 0.2         |
|    entropy_loss         | -9.64       |
|    explained_variance   | 0.819       |
|    learning_rate        | 0.000281    |
|    loss                 | 0.106       |
|    n_updates            | 96          |
|    policy_gradient_loss | 0.00458     |
|    std                  | 0.807       |
|    value_loss           | 0.0656      |
-----------------------------------------
Early stopping at step 0 due to reaching max kl: 0.03
-----------------------------------------
| rollout/                |             |
|    ep_len_mean          | 316         |
|    ep_rew_mean          | 387         |
| time/                   |             |
|    fps                  | 2584        |
|    iterations           | 61          |
|    time_elapsed         | 193         |
|    total_timesteps      | 499712      |
| train/                  |             |
|    approx_kl            | 0.011401623 |
|    clip_fraction        | 0.167       |
|    clip_range           | 0.2         |
|    entropy_loss         | -9.63       |
|    explained_variance   | 0.79        |
|    learning_rate        | 0.00028     |
|    loss                 | 0.045       |
|    n_updates            | 97          |
|    policy_gradient_loss | 0.00643     |
|    std                  | 0.806       |
|    value_loss           | 0.0945      |
-----------------------------------------
Early stopping at step 0 due to reaching max kl: 0.03
-----------------------------------------
| rollout/                |             |
|    ep_len_mean          | 291         |
|    ep_rew_mean          | 357         |
| time/                   |             |
|    fps                  | 2585        |
|    iterations           | 62          |
|    time_elapsed         | 196         |
|    total_timesteps      | 507904      |
| train/                  |             |
|    approx_kl            | 0.010763174 |
|    clip_fraction        | 0.151       |
|    clip_range           | 0.2         |
|    entropy_loss         | -9.61       |
|    explained_variance   | 0.776       |
|    learning_rate        | 0.00028     |
|    loss                 | 0.0797      |
|    n_updates            | 98          |
|    policy_gradient_loss | 0.00584     |
|    std                  | 0.804       |
|    value_loss           | 0.125       |
-----------------------------------------
Early stopping at step 1 due to reaching max kl: 0.03
-----------------------------------------
| rollout/                |             |
|    ep_len_mean          | 272         |
|    ep_rew_mean          | 328         |
| time/                   |             |
|    fps                  | 2585        |
|    iterations           | 63          |
|    time_elapsed         | 199         |
|    total_timesteps      | 516096      |
| train/                  |             |
|    approx_kl            | 0.021461606 |
|    clip_fraction        | 0.193       |
|    clip_range           | 0.2         |
|    entropy_loss         | -9.59       |
|    explained_variance   | 0.761       |
|    learning_rate        | 0.00028     |
|    loss                 | 0.0304      |
|    n_updates            | 100         |
|    policy_gradient_loss | 0.00859     |
|    std                  | 0.802       |
|    value_loss           | 0.112       |
-----------------------------------------
Early stopping at step 1 due to reaching max kl: 0.03
----------------------------------------
| rollout/                |            |
|    ep_len_mean          | 306        |
|    ep_rew_mean          | 371        |
| time/                   |            |
|    fps                  | 2585       |
|    iterations           | 64         |
|    time_elapsed         | 202        |
|    total_timesteps      | 524288     |
| train/                  |            |
|    approx_kl            | 0.02276286 |
|    clip_fraction        | 0.23       |
|    clip_range           | 0.2        |
|    entropy_loss         | -9.56      |
|    explained_variance   | 0.809      |
|    learning_rate        | 0.000279   |
|    loss                 | 0.0372     |
|    n_updates            | 102        |
|    policy_gradient_loss | 0.00134    |
|    std                  | 0.799      |
|    value_loss           | 0.092      |
----------------------------------------
Early stopping at step 0 due to reaching max kl: 0.03
-----------------------------------------
| rollout/                |             |
|    ep_len_mean          | 303         |
|    ep_rew_mean          | 366         |
| time/                   |             |
|    fps                  | 2585        |
|    iterations           | 65          |
|    time_elapsed         | 205         |
|    total_timesteps      | 532480      |
| train/                  |             |
|    approx_kl            | 0.013055318 |
|    clip_fraction        | 0.182       |
|    clip_range           | 0.2         |
|    entropy_loss         | -9.54       |
|    explained_variance   | 0.816       |
|    learning_rate        | 0.000279    |
|    loss                 | 0.0459      |
|    n_updates            | 103         |
|    policy_gradient_loss | 0.00663     |
|    std                  | 0.797       |
|    value_loss           | 0.102       |
-----------------------------------------
Early stopping at step 0 due to reaching max kl: 0.03
-----------------------------------------
| rollout/                |             |
|    ep_len_mean          | 296         |
|    ep_rew_mean          | 359         |
| time/                   |             |
|    fps                  | 2587        |
|    iterations           | 66          |
|    time_elapsed         | 208         |
|    total_timesteps      | 540672      |
| train/                  |             |
|    approx_kl            | 0.010347098 |
|    clip_fraction        | 0.137       |
|    clip_range           | 0.2         |
|    entropy_loss         | -9.52       |
|    explained_variance   | 0.803       |
|    learning_rate        | 0.000279    |
|    loss                 | 0.0213      |
|    n_updates            | 104         |
|    policy_gradient_loss | 0.00361     |
|    std                  | 0.795       |
|    value_loss           | 0.112       |
-----------------------------------------
Early stopping at step 0 due to reaching max kl: 0.04
-----------------------------------------
| rollout/                |             |
|    ep_len_mean          | 301         |
|    ep_rew_mean          | 363         |
| time/                   |             |
|    fps                  | 2588        |
|    iterations           | 67          |
|    time_elapsed         | 212         |
|    total_timesteps      | 548864      |
| train/                  |             |
|    approx_kl            | 0.012964294 |
|    clip_fraction        | 0.179       |
|    clip_range           | 0.2         |
|    entropy_loss         | -9.51       |
|    explained_variance   | 0.81        |
|    learning_rate        | 0.000278    |
|    loss                 | 0.107       |
|    n_updates            | 105         |
|    policy_gradient_loss | 0.00949     |
|    std                  | 0.794       |
|    value_loss           | 0.1         |
-----------------------------------------
Early stopping at step 0 due to reaching max kl: 0.03
-----------------------------------------
| rollout/                |             |
|    ep_len_mean          | 345         |
|    ep_rew_mean          | 420         |
| time/                   |             |
|    fps                  | 2589        |
|    iterations           | 68          |
|    time_elapsed         | 215         |
|    total_timesteps      | 557056      |
| train/                  |             |
|    approx_kl            | 0.012306749 |
|    clip_fraction        | 0.168       |
|    clip_range           | 0.2         |
|    entropy_loss         | -9.49       |
|    explained_variance   | 0.84        |
|    learning_rate        | 0.000278    |
|    loss                 | 0.0156      |
|    n_updates            | 106         |
|    policy_gradient_loss | 0.00806     |
|    std                  | 0.792       |
|    value_loss           | 0.0884      |
-----------------------------------------
Early stopping at step 0 due to reaching max kl: 0.03
-----------------------------------------
| rollout/                |             |
|    ep_len_mean          | 324         |
|    ep_rew_mean          | 393         |
| time/                   |             |
|    fps                  | 2592        |
|    iterations           | 69          |
|    time_elapsed         | 218         |
|    total_timesteps      | 565248      |
| train/                  |             |
|    approx_kl            | 0.010020189 |
|    clip_fraction        | 0.142       |
|    clip_range           | 0.2         |
|    entropy_loss         | -9.48       |
|    explained_variance   | 0.837       |
|    learning_rate        | 0.000278    |
|    loss                 | 0.049       |
|    n_updates            | 107         |
|    policy_gradient_loss | 0.00365     |
|    std                  | 0.791       |
|    value_loss           | 0.0529      |
-----------------------------------------
Early stopping at step 0 due to reaching max kl: 0.04
-----------------------------------------
| rollout/                |             |
|    ep_len_mean          | 319         |
|    ep_rew_mean          | 388         |
| time/                   |             |
|    fps                  | 2593        |
|    iterations           | 70          |
|    time_elapsed         | 221         |
|    total_timesteps      | 573440      |
| train/                  |             |
|    approx_kl            | 0.012905631 |
|    clip_fraction        | 0.171       |
|    clip_range           | 0.2         |
|    entropy_loss         | -9.46       |
|    explained_variance   | 0.777       |
|    learning_rate        | 0.000277    |
|    loss                 | 0.0859      |
|    n_updates            | 108         |
|    policy_gradient_loss | 0.00343     |
|    std                  | 0.789       |
|    value_loss           | 0.14        |
-----------------------------------------
Early stopping at step 0 due to reaching max kl: 0.03
-----------------------------------------
| rollout/                |             |
|    ep_len_mean          | 281         |
|    ep_rew_mean          | 345         |
| time/                   |             |
|    fps                  | 2594        |
|    iterations           | 71          |
|    time_elapsed         | 224         |
|    total_timesteps      | 581632      |
| train/                  |             |
|    approx_kl            | 0.013440373 |
|    clip_fraction        | 0.181       |
|    clip_range           | 0.2         |
|    entropy_loss         | -9.44       |
|    explained_variance   | 0.814       |
|    learning_rate        | 0.000277    |
|    loss                 | 0.0877      |
|    n_updates            | 109         |
|    policy_gradient_loss | 0.0114      |
|    std                  | 0.788       |
|    value_loss           | 0.101       |
-----------------------------------------
Early stopping at step 0 due to reaching max kl: 0.03
-----------------------------------------
| rollout/                |             |
|    ep_len_mean          | 289         |
|    ep_rew_mean          | 357         |
| time/                   |             |
|    fps                  | 2595        |
|    iterations           | 72          |
|    time_elapsed         | 227         |
|    total_timesteps      | 589824      |
| train/                  |             |
|    approx_kl            | 0.012530449 |
|    clip_fraction        | 0.172       |
|    clip_range           | 0.2         |
|    entropy_loss         | -9.44       |
|    explained_variance   | 0.827       |
|    learning_rate        | 0.000277    |
|    loss                 | 0.0627      |
|    n_updates            | 110         |
|    policy_gradient_loss | 0.00531     |
|    std                  | 0.788       |
|    value_loss           | 0.0993      |
-----------------------------------------
Early stopping at step 0 due to reaching max kl: 0.03
----------------------------------------
| rollout/                |            |
|    ep_len_mean          | 321        |
|    ep_rew_mean          | 400        |
| time/                   |            |
|    fps                  | 2596       |
|    iterations           | 73         |
|    time_elapsed         | 230        |
|    total_timesteps      | 598016     |
| train/                  |            |
|    approx_kl            | 0.01337396 |
|    clip_fraction        | 0.182      |
|    clip_range           | 0.2        |
|    entropy_loss         | -9.43      |
|    explained_variance   | 0.826      |
|    learning_rate        | 0.000276   |
|    loss                 | 0.117      |
|    n_updates            | 111        |
|    policy_gradient_loss | 0.00732    |
|    std                  | 0.786      |
|    value_loss           | 0.0795     |
----------------------------------------
Early stopping at step 0 due to reaching max kl: 0.04
-----------------------------------------
| rollout/                |             |
|    ep_len_mean          | 329         |
|    ep_rew_mean          | 411         |
| time/                   |             |
|    fps                  | 2596        |
|    iterations           | 74          |
|    time_elapsed         | 233         |
|    total_timesteps      | 606208      |
| train/                  |             |
|    approx_kl            | 0.014319023 |
|    clip_fraction        | 0.205       |
|    clip_range           | 0.2         |
|    entropy_loss         | -9.4        |
|    explained_variance   | 0.804       |
|    learning_rate        | 0.000276    |
|    loss                 | 0.0641      |
|    n_updates            | 112         |
|    policy_gradient_loss | 0.0103      |
|    std                  | 0.783       |
|    value_loss           | 0.0991      |
-----------------------------------------
Early stopping at step 0 due to reaching max kl: 0.03
-----------------------------------------
| rollout/                |             |
|    ep_len_mean          | 328         |
|    ep_rew_mean          | 407         |
| time/                   |             |
|    fps                  | 2598        |
|    iterations           | 75          |
|    time_elapsed         | 236         |
|    total_timesteps      | 614400      |
| train/                  |             |
|    approx_kl            | 0.009805732 |
|    clip_fraction        | 0.131       |
|    clip_range           | 0.2         |
|    entropy_loss         | -9.38       |
|    explained_variance   | 0.827       |
|    learning_rate        | 0.000276    |
|    loss                 | 0.0558      |
|    n_updates            | 113         |
|    policy_gradient_loss | 0.00467     |
|    std                  | 0.781       |
|    value_loss           | 0.0956      |
-----------------------------------------
Early stopping at step 0 due to reaching max kl: 0.04
-----------------------------------------
| rollout/                |             |
|    ep_len_mean          | 275         |
|    ep_rew_mean          | 339         |
| time/                   |             |
|    fps                  | 2598        |
|    iterations           | 76          |
|    time_elapsed         | 239         |
|    total_timesteps      | 622592      |
| train/                  |             |
|    approx_kl            | 0.014791638 |
|    clip_fraction        | 0.203       |
|    clip_range           | 0.2         |
|    entropy_loss         | -9.35       |
|    explained_variance   | 0.857       |
|    learning_rate        | 0.000275    |
|    loss                 | 0.0711      |
|    n_updates            | 114         |
|    policy_gradient_loss | 0.00971     |
|    std                  | 0.779       |
|    value_loss           | 0.0979      |
-----------------------------------------
Early stopping at step 1 due to reaching max kl: 0.03
-----------------------------------------
| rollout/                |             |
|    ep_len_mean          | 292         |
|    ep_rew_mean          | 359         |
| time/                   |             |
|    fps                  | 2598        |
|    iterations           | 77          |
|    time_elapsed         | 242         |
|    total_timesteps      | 630784      |
| train/                  |             |
|    approx_kl            | 0.021702955 |
|    clip_fraction        | 0.209       |
|    clip_range           | 0.2         |
|    entropy_loss         | -9.33       |
|    explained_variance   | 0.819       |
|    learning_rate        | 0.000275    |
|    loss                 | 0.0576      |
|    n_updates            | 116         |
|    policy_gradient_loss | 0.0102      |
|    std                  | 0.776       |
|    value_loss           | 0.134       |
-----------------------------------------
Early stopping at step 0 due to reaching max kl: 0.03
-----------------------------------------
| rollout/                |             |
|    ep_len_mean          | 235         |
|    ep_rew_mean          | 291         |
| time/                   |             |
|    fps                  | 2599        |
|    iterations           | 78          |
|    time_elapsed         | 245         |
|    total_timesteps      | 638976      |
| train/                  |             |
|    approx_kl            | 0.012551163 |
|    clip_fraction        | 0.174       |
|    clip_range           | 0.2         |
|    entropy_loss         | -9.31       |
|    explained_variance   | 0.831       |
|    learning_rate        | 0.000275    |
|    loss                 | 0.0315      |
|    n_updates            | 117         |
|    policy_gradient_loss | 0.00823     |
|    std                  | 0.774       |
|    value_loss           | 0.076       |
-----------------------------------------
Early stopping at step 1 due to reaching max kl: 0.03
-----------------------------------------
| rollout/                |             |
|    ep_len_mean          | 259         |
|    ep_rew_mean          | 322         |
| time/                   |             |
|    fps                  | 2598        |
|    iterations           | 79          |
|    time_elapsed         | 249         |
|    total_timesteps      | 647168      |
| train/                  |             |
|    approx_kl            | 0.026626399 |
|    clip_fraction        | 0.208       |
|    clip_range           | 0.2         |
|    entropy_loss         | -9.28       |
|    explained_variance   | 0.823       |
|    learning_rate        | 0.000274    |
|    loss                 | 0.0693      |
|    n_updates            | 119         |
|    policy_gradient_loss | 0.00922     |
|    std                  | 0.771       |
|    value_loss           | 0.159       |
-----------------------------------------
Early stopping at step 0 due to reaching max kl: 0.03
-----------------------------------------
| rollout/                |             |
|    ep_len_mean          | 246         |
|    ep_rew_mean          | 311         |
| time/                   |             |
|    fps                  | 2599        |
|    iterations           | 80          |
|    time_elapsed         | 252         |
|    total_timesteps      | 655360      |
| train/                  |             |
|    approx_kl            | 0.013335422 |
|    clip_fraction        | 0.186       |
|    clip_range           | 0.2         |
|    entropy_loss         | -9.26       |
|    explained_variance   | 0.844       |
|    learning_rate        | 0.000274    |
|    loss                 | 0.0918      |
|    n_updates            | 120         |
|    policy_gradient_loss | 0.00669     |
|    std                  | 0.77        |
|    value_loss           | 0.0858      |
-----------------------------------------
Early stopping at step 0 due to reaching max kl: 0.03
-----------------------------------------
| rollout/                |             |
|    ep_len_mean          | 265         |
|    ep_rew_mean          | 338         |
| time/                   |             |
|    fps                  | 2600        |
|    iterations           | 81          |
|    time_elapsed         | 255         |
|    total_timesteps      | 663552      |
| train/                  |             |
|    approx_kl            | 0.011987164 |
|    clip_fraction        | 0.166       |
|    clip_range           | 0.2         |
|    entropy_loss         | -9.24       |
|    explained_variance   | 0.809       |
|    learning_rate        | 0.000274    |
|    loss                 | 0.0428      |
|    n_updates            | 121         |
|    policy_gradient_loss | 0.00659     |
|    std                  | 0.768       |
|    value_loss           | 0.109       |
-----------------------------------------
Early stopping at step 0 due to reaching max kl: 0.03
-----------------------------------------
| rollout/                |             |
|    ep_len_mean          | 314         |
|    ep_rew_mean          | 402         |
| time/                   |             |
|    fps                  | 2602        |
|    iterations           | 82          |
|    time_elapsed         | 258         |
|    total_timesteps      | 671744      |
| train/                  |             |
|    approx_kl            | 0.009740904 |
|    clip_fraction        | 0.136       |
|    clip_range           | 0.2         |
|    entropy_loss         | -9.23       |
|    explained_variance   | 0.822       |
|    learning_rate        | 0.000273    |
|    loss                 | 0.0516      |
|    n_updates            | 122         |
|    policy_gradient_loss | 0.00665     |
|    std                  | 0.767       |
|    value_loss           | 0.129       |
-----------------------------------------
Early stopping at step 1 due to reaching max kl: 0.04
-----------------------------------------
| rollout/                |             |
|    ep_len_mean          | 314         |
|    ep_rew_mean          | 405         |
| time/                   |             |
|    fps                  | 2602        |
|    iterations           | 83          |
|    time_elapsed         | 261         |
|    total_timesteps      | 679936      |
| train/                  |             |
|    approx_kl            | 0.022654511 |
|    clip_fraction        | 0.191       |
|    clip_range           | 0.2         |
|    entropy_loss         | -9.21       |
|    explained_variance   | 0.826       |
|    learning_rate        | 0.000273    |
|    loss                 | 0.0485      |
|    n_updates            | 124         |
|    policy_gradient_loss | 0.0113      |
|    std                  | 0.764       |
|    value_loss           | 0.0803      |
-----------------------------------------
Early stopping at step 0 due to reaching max kl: 0.03
-----------------------------------------
| rollout/                |             |
|    ep_len_mean          | 344         |
|    ep_rew_mean          | 444         |
| time/                   |             |
|    fps                  | 2602        |
|    iterations           | 84          |
|    time_elapsed         | 264         |
|    total_timesteps      | 688128      |
| train/                  |             |
|    approx_kl            | 0.013952993 |
|    clip_fraction        | 0.196       |
|    clip_range           | 0.2         |
|    entropy_loss         | -9.17       |
|    explained_variance   | 0.819       |
|    learning_rate        | 0.000273    |
|    loss                 | 0.0836      |
|    n_updates            | 125         |
|    policy_gradient_loss | 0.00881     |
|    std                  | 0.76        |
|    value_loss           | 0.0914      |
-----------------------------------------
Early stopping at step 0 due to reaching max kl: 0.03
---------------------------------------
| rollout/                |           |
|    ep_len_mean          | 374       |
|    ep_rew_mean          | 485       |
| time/                   |           |
|    fps                  | 2603      |
|    iterations           | 85        |
|    time_elapsed         | 267       |
|    total_timesteps      | 696320    |
| train/                  |           |
|    approx_kl            | 0.0106837 |
|    clip_fraction        | 0.149     |
|    clip_range           | 0.2       |
|    entropy_loss         | -9.15     |
|    explained_variance   | 0.803     |
|    learning_rate        | 0.000272  |
|    loss                 | 0.00277   |
|    n_updates            | 126       |
|    policy_gradient_loss | 0.00628   |
|    std                  | 0.759     |
|    value_loss           | 0.0858    |
---------------------------------------
Early stopping at step 0 due to reaching max kl: 0.03
---------------------------------------
| rollout/                |           |
|    ep_len_mean          | 369       |
|    ep_rew_mean          | 480       |
| time/                   |           |
|    fps                  | 2604      |
|    iterations           | 86        |
|    time_elapsed         | 270       |
|    total_timesteps      | 704512    |
| train/                  |           |
|    approx_kl            | 0.0126069 |
|    clip_fraction        | 0.171     |
|    clip_range           | 0.2       |
|    entropy_loss         | -9.13     |
|    explained_variance   | 0.833     |
|    learning_rate        | 0.000272  |
|    loss                 | 0.0162    |
|    n_updates            | 127       |
|    policy_gradient_loss | 0.00782   |
|    std                  | 0.757     |
|    value_loss           | 0.0696    |
---------------------------------------
Early stopping at step 0 due to reaching max kl: 0.03
-----------------------------------------
| rollout/                |             |
|    ep_len_mean          | 370         |
|    ep_rew_mean          | 479         |
| time/                   |             |
|    fps                  | 2604        |
|    iterations           | 87          |
|    time_elapsed         | 273         |
|    total_timesteps      | 712704      |
| train/                  |             |
|    approx_kl            | 0.012771468 |
|    clip_fraction        | 0.178       |
|    clip_range           | 0.2         |
|    entropy_loss         | -9.12       |
|    explained_variance   | 0.819       |
|    learning_rate        | 0.000272    |
|    loss                 | 0.0148      |
|    n_updates            | 128         |
|    policy_gradient_loss | 0.00846     |
|    std                  | 0.757       |
|    value_loss           | 0.113       |
-----------------------------------------
Early stopping at step 0 due to reaching max kl: 0.04
-----------------------------------------
| rollout/                |             |
|    ep_len_mean          | 343         |
|    ep_rew_mean          | 447         |
| time/                   |             |
|    fps                  | 2605        |
|    iterations           | 88          |
|    time_elapsed         | 276         |
|    total_timesteps      | 720896      |
| train/                  |             |
|    approx_kl            | 0.014075412 |
|    clip_fraction        | 0.192       |
|    clip_range           | 0.2         |
|    entropy_loss         | -9.1        |
|    explained_variance   | 0.79        |
|    learning_rate        | 0.000271    |
|    loss                 | 0.143       |
|    n_updates            | 129         |
|    policy_gradient_loss | 0.00898     |
|    std                  | 0.755       |
|    value_loss           | 0.0842      |
-----------------------------------------
Early stopping at step 0 due to reaching max kl: 0.03
-----------------------------------------
| rollout/                |             |
|    ep_len_mean          | 323         |
|    ep_rew_mean          | 419         |
| time/                   |             |
|    fps                  | 2605        |
|    iterations           | 89          |
|    time_elapsed         | 279         |
|    total_timesteps      | 729088      |
| train/                  |             |
|    approx_kl            | 0.015626563 |
|    clip_fraction        | 0.21        |
|    clip_range           | 0.2         |
|    entropy_loss         | -9.09       |
|    explained_variance   | 0.807       |
|    learning_rate        | 0.000271    |
|    loss                 | 0.0434      |
|    n_updates            | 130         |
|    policy_gradient_loss | 0.0124      |
|    std                  | 0.754       |
|    value_loss           | 0.102       |
-----------------------------------------
Early stopping at step 0 due to reaching max kl: 0.03
-----------------------------------------
| rollout/                |             |
|    ep_len_mean          | 339         |
|    ep_rew_mean          | 439         |
| time/                   |             |
|    fps                  | 2605        |
|    iterations           | 90          |
|    time_elapsed         | 282         |
|    total_timesteps      | 737280      |
| train/                  |             |
|    approx_kl            | 0.013893755 |
|    clip_fraction        | 0.19        |
|    clip_range           | 0.2         |
|    entropy_loss         | -9.08       |
|    explained_variance   | 0.805       |
|    learning_rate        | 0.000271    |
|    loss                 | 0.0847      |
|    n_updates            | 131         |
|    policy_gradient_loss | 0.00666     |
|    std                  | 0.753       |
|    value_loss           | 0.117       |
-----------------------------------------
Early stopping at step 0 due to reaching max kl: 0.03
-----------------------------------------
| rollout/                |             |
|    ep_len_mean          | 247         |
|    ep_rew_mean          | 319         |
| time/                   |             |
|    fps                  | 2606        |
|    iterations           | 91          |
|    time_elapsed         | 285         |
|    total_timesteps      | 745472      |
| train/                  |             |
|    approx_kl            | 0.010088257 |
|    clip_fraction        | 0.139       |
|    clip_range           | 0.2         |
|    entropy_loss         | -9.07       |
|    explained_variance   | 0.836       |
|    learning_rate        | 0.000271    |
|    loss                 | 0.0739      |
|    n_updates            | 132         |
|    policy_gradient_loss | 0.00704     |
|    std                  | 0.752       |
|    value_loss           | 0.0853      |
-----------------------------------------
Early stopping at step 0 due to reaching max kl: 0.03
-----------------------------------------
| rollout/                |             |
|    ep_len_mean          | 284         |
|    ep_rew_mean          | 369         |
| time/                   |             |
|    fps                  | 2608        |
|    iterations           | 92          |
|    time_elapsed         | 288         |
|    total_timesteps      | 753664      |
| train/                  |             |
|    approx_kl            | 0.010649003 |
|    clip_fraction        | 0.139       |
|    clip_range           | 0.2         |
|    entropy_loss         | -9.06       |
|    explained_variance   | 0.795       |
|    learning_rate        | 0.00027     |
|    loss                 | 0.102       |
|    n_updates            | 133         |
|    policy_gradient_loss | 0.00503     |
|    std                  | 0.751       |
|    value_loss           | 0.164       |
-----------------------------------------
Early stopping at step 1 due to reaching max kl: 0.04
-----------------------------------------
| rollout/                |             |
|    ep_len_mean          | 254         |
|    ep_rew_mean          | 330         |
| time/                   |             |
|    fps                  | 2608        |
|    iterations           | 93          |
|    time_elapsed         | 292         |
|    total_timesteps      | 761856      |
| train/                  |             |
|    approx_kl            | 0.027293494 |
|    clip_fraction        | 0.201       |
|    clip_range           | 0.2         |
|    entropy_loss         | -9.04       |
|    explained_variance   | 0.831       |
|    learning_rate        | 0.00027     |
|    loss                 | 0.0735      |
|    n_updates            | 135         |
|    policy_gradient_loss | 0.0096      |
|    std                  | 0.749       |
|    value_loss           | 0.0872      |
-----------------------------------------
Early stopping at step 0 due to reaching max kl: 0.03
-----------------------------------------
| rollout/                |             |
|    ep_len_mean          | 274         |
|    ep_rew_mean          | 360         |
| time/                   |             |
|    fps                  | 2608        |
|    iterations           | 94          |
|    time_elapsed         | 295         |
|    total_timesteps      | 770048      |
| train/                  |             |
|    approx_kl            | 0.013346123 |
|    clip_fraction        | 0.189       |
|    clip_range           | 0.2         |
|    entropy_loss         | -9.02       |
|    explained_variance   | 0.809       |
|    learning_rate        | 0.00027     |
|    loss                 | 0.0537      |
|    n_updates            | 136         |
|    policy_gradient_loss | 0.0091      |
|    std                  | 0.747       |
|    value_loss           | 0.125       |
-----------------------------------------
Early stopping at step 0 due to reaching max kl: 0.03
-----------------------------------------
| rollout/                |             |
|    ep_len_mean          | 334         |
|    ep_rew_mean          | 440         |
| time/                   |             |
|    fps                  | 2608        |
|    iterations           | 95          |
|    time_elapsed         | 298         |
|    total_timesteps      | 778240      |
| train/                  |             |
|    approx_kl            | 0.014008899 |
|    clip_fraction        | 0.193       |
|    clip_range           | 0.2         |
|    entropy_loss         | -9          |
|    explained_variance   | 0.808       |
|    learning_rate        | 0.000269    |
|    loss                 | 0.0505      |
|    n_updates            | 137         |
|    policy_gradient_loss | 0.00623     |
|    std                  | 0.744       |
|    value_loss           | 0.0963      |
-----------------------------------------
Early stopping at step 0 due to reaching max kl: 0.03
[Progress] Training 3/6: 782,552/5,000,000 steps (15.7%); 3 full runs remain afterward; rough training ETA 2h 03m.
-----------------------------------------
| rollout/                |             |
|    ep_len_mean          | 356         |
|    ep_rew_mean          | 472         |
| time/                   |             |
|    fps                  | 2609        |
|    iterations           | 96          |
|    time_elapsed         | 301         |
|    total_timesteps      | 786432      |
| train/                  |             |
|    approx_kl            | 0.010678552 |
|    clip_fraction        | 0.149       |
|    clip_range           | 0.2         |
|    entropy_loss         | -8.97       |
|    explained_variance   | 0.805       |
|    learning_rate        | 0.000269    |
|    loss                 | 0.0773      |
|    n_updates            | 138         |
|    policy_gradient_loss | 0.00601     |
|    std                  | 0.743       |
|    value_loss           | 0.103       |
-----------------------------------------
Early stopping at step 0 due to reaching max kl: 0.03
-----------------------------------------
| rollout/                |             |
|    ep_len_mean          | 361         |
|    ep_rew_mean          | 482         |
| time/                   |             |
|    fps                  | 2609        |
|    iterations           | 97          |
|    time_elapsed         | 304         |
|    total_timesteps      | 794624      |
| train/                  |             |
|    approx_kl            | 0.015868079 |
|    clip_fraction        | 0.214       |
|    clip_range           | 0.2         |
|    entropy_loss         | -8.96       |
|    explained_variance   | 0.791       |
|    learning_rate        | 0.000269    |
|    loss                 | 0.0875      |
|    n_updates            | 139         |
|    policy_gradient_loss | 0.00824     |
|    std                  | 0.741       |
|    value_loss           | 0.0811      |
-----------------------------------------
Early stopping at step 0 due to reaching max kl: 0.03
-----------------------------------------
| rollout/                |             |
|    ep_len_mean          | 372         |
|    ep_rew_mean          | 499         |
| time/                   |             |
|    fps                  | 2610        |
|    iterations           | 98          |
|    time_elapsed         | 307         |
|    total_timesteps      | 802816      |
| train/                  |             |
|    approx_kl            | 0.009363617 |
|    clip_fraction        | 0.122       |
|    clip_range           | 0.2         |
|    entropy_loss         | -8.93       |
|    explained_variance   | 0.764       |
|    learning_rate        | 0.000268    |
|    loss                 | 0.0272      |
|    n_updates            | 140         |
|    policy_gradient_loss | 0.00347     |
|    std                  | 0.739       |
|    value_loss           | 0.0682      |
-----------------------------------------
Early stopping at step 1 due to reaching max kl: 0.03
----------------------------------------
| rollout/                |            |
|    ep_len_mean          | 396        |
|    ep_rew_mean          | 531        |
| time/                   |            |
|    fps                  | 2610       |
|    iterations           | 99         |
|    time_elapsed         | 310        |
|    total_timesteps      | 811008     |
| train/                  |            |
|    approx_kl            | 0.02460473 |
|    clip_fraction        | 0.214      |
|    clip_range           | 0.2        |
|    entropy_loss         | -8.91      |
|    explained_variance   | 0.789      |
|    learning_rate        | 0.000268   |
|    loss                 | -0.0148    |
|    n_updates            | 142        |
|    policy_gradient_loss | 0.00958    |
|    std                  | 0.737      |
|    value_loss           | 0.108      |
----------------------------------------
Early stopping at step 0 due to reaching max kl: 0.03
-----------------------------------------
| rollout/                |             |
|    ep_len_mean          | 387         |
|    ep_rew_mean          | 521         |
| time/                   |             |
|    fps                  | 2610        |
|    iterations           | 100         |
|    time_elapsed         | 313         |
|    total_timesteps      | 819200      |
| train/                  |             |
|    approx_kl            | 0.014718538 |
|    clip_fraction        | 0.206       |
|    clip_range           | 0.2         |
|    entropy_loss         | -8.9        |
|    explained_variance   | 0.785       |
|    learning_rate        | 0.000268    |
|    loss                 | 0.0895      |
|    n_updates            | 143         |
|    policy_gradient_loss | 0.00683     |
|    std                  | 0.736       |
|    value_loss           | 0.106       |
-----------------------------------------
Early stopping at step 0 due to reaching max kl: 0.03
-----------------------------------------
| rollout/                |             |
|    ep_len_mean          | 389         |
|    ep_rew_mean          | 523         |
| time/                   |             |
|    fps                  | 2611        |
|    iterations           | 101         |
|    time_elapsed         | 316         |
|    total_timesteps      | 827392      |
| train/                  |             |
|    approx_kl            | 0.012990976 |
|    clip_fraction        | 0.181       |
|    clip_range           | 0.2         |
|    entropy_loss         | -8.89       |
|    explained_variance   | 0.799       |
|    learning_rate        | 0.000267    |
|    loss                 | 0.0734      |
|    n_updates            | 144         |
|    policy_gradient_loss | 0.00777     |
|    std                  | 0.735       |
|    value_loss           | 0.0874      |
-----------------------------------------
Early stopping at step 0 due to reaching max kl: 0.03
------------------------------------------
| rollout/                |              |
|    ep_len_mean          | 350          |
|    ep_rew_mean          | 467          |
| time/                   |              |
|    fps                  | 2611         |
|    iterations           | 102          |
|    time_elapsed         | 319          |
|    total_timesteps      | 835584       |
| train/                  |              |
|    approx_kl            | 0.0131450845 |
|    clip_fraction        | 0.19         |
|    clip_range           | 0.2          |
|    entropy_loss         | -8.87        |
|    explained_variance   | 0.801        |
|    learning_rate        | 0.000267     |
|    loss                 | 0.0326       |
|    n_updates            | 145          |
|    policy_gradient_loss | 0.00916      |
|    std                  | 0.732        |
|    value_loss           | 0.0827       |
------------------------------------------
Early stopping at step 0 due to reaching max kl: 0.03
-----------------------------------------
| rollout/                |             |
|    ep_len_mean          | 343         |
|    ep_rew_mean          | 459         |
| time/                   |             |
|    fps                  | 2612        |
|    iterations           | 103         |
|    time_elapsed         | 323         |
|    total_timesteps      | 843776      |
| train/                  |             |
|    approx_kl            | 0.013873697 |
|    clip_fraction        | 0.196       |
|    clip_range           | 0.2         |
|    entropy_loss         | -8.84       |
|    explained_variance   | 0.77        |
|    learning_rate        | 0.000267    |
|    loss                 | 0.122       |
|    n_updates            | 146         |
|    policy_gradient_loss | 0.00869     |
|    std                  | 0.731       |
|    value_loss           | 0.125       |
-----------------------------------------
Early stopping at step 0 due to reaching max kl: 0.05
-----------------------------------------
| rollout/                |             |
|    ep_len_mean          | 306         |
|    ep_rew_mean          | 405         |
| time/                   |             |
|    fps                  | 2612        |
|    iterations           | 104         |
|    time_elapsed         | 326         |
|    total_timesteps      | 851968      |
| train/                  |             |
|    approx_kl            | 0.015007033 |
|    clip_fraction        | 0.207       |
|    clip_range           | 0.2         |
|    entropy_loss         | -8.82       |
|    explained_variance   | 0.774       |
|    learning_rate        | 0.000266    |
|    loss                 | 0.249       |
|    n_updates            | 147         |
|    policy_gradient_loss | 0.0084      |
|    std                  | 0.729       |
|    value_loss           | 0.114       |
-----------------------------------------
Early stopping at step 0 due to reaching max kl: 0.03
-----------------------------------------
| rollout/                |             |
|    ep_len_mean          | 306         |
|    ep_rew_mean          | 406         |
| time/                   |             |
|    fps                  | 2613        |
|    iterations           | 105         |
|    time_elapsed         | 329         |
|    total_timesteps      | 860160      |
| train/                  |             |
|    approx_kl            | 0.012869778 |
|    clip_fraction        | 0.178       |
|    clip_range           | 0.2         |
|    entropy_loss         | -8.81       |
|    explained_variance   | 0.776       |
|    learning_rate        | 0.000266    |
|    loss                 | 0.115       |
|    n_updates            | 148         |
|    policy_gradient_loss | 0.00826     |
|    std                  | 0.729       |
|    value_loss           | 0.157       |
-----------------------------------------
Early stopping at step 0 due to reaching max kl: 0.03
-----------------------------------------
| rollout/                |             |
|    ep_len_mean          | 291         |
|    ep_rew_mean          | 382         |
| time/                   |             |
|    fps                  | 2613        |
|    iterations           | 106         |
|    time_elapsed         | 332         |
|    total_timesteps      | 868352      |
| train/                  |             |
|    approx_kl            | 0.011763956 |
|    clip_fraction        | 0.157       |
|    clip_range           | 0.2         |
|    entropy_loss         | -8.81       |
|    explained_variance   | 0.816       |
|    learning_rate        | 0.000266    |
|    loss                 | 0.0716      |
|    n_updates            | 149         |
|    policy_gradient_loss | 0.00563     |
|    std                  | 0.728       |
|    value_loss           | 0.0999      |
-----------------------------------------
Early stopping at step 0 due to reaching max kl: 0.03
-----------------------------------------
| rollout/                |             |
|    ep_len_mean          | 306         |
|    ep_rew_mean          | 402         |
| time/                   |             |
|    fps                  | 2614        |
|    iterations           | 107         |
|    time_elapsed         | 335         |
|    total_timesteps      | 876544      |
| train/                  |             |
|    approx_kl            | 0.013018249 |
|    clip_fraction        | 0.177       |
|    clip_range           | 0.2         |
|    entropy_loss         | -8.8        |
|    explained_variance   | 0.838       |
|    learning_rate        | 0.000265    |
|    loss                 | 0.105       |
|    n_updates            | 150         |
|    policy_gradient_loss | 0.006       |
|    std                  | 0.727       |
|    value_loss           | 0.0917      |
-----------------------------------------
Early stopping at step 0 due to reaching max kl: 0.03
-----------------------------------------
| rollout/                |             |
|    ep_len_mean          | 346         |
|    ep_rew_mean          | 460         |
| time/                   |             |
|    fps                  | 2615        |
|    iterations           | 108         |
|    time_elapsed         | 338         |
|    total_timesteps      | 884736      |
| train/                  |             |
|    approx_kl            | 0.008661383 |
|    clip_fraction        | 0.112       |
|    clip_range           | 0.2         |
|    entropy_loss         | -8.78       |
|    explained_variance   | 0.818       |
|    learning_rate        | 0.000265    |
|    loss                 | 0.0664      |
|    n_updates            | 151         |
|    policy_gradient_loss | 0.00698     |
|    std                  | 0.726       |
|    value_loss           | 0.119       |
-----------------------------------------
Early stopping at step 0 due to reaching max kl: 0.03
-----------------------------------------
| rollout/                |             |
|    ep_len_mean          | 358         |
|    ep_rew_mean          | 480         |
| time/                   |             |
|    fps                  | 2616        |
|    iterations           | 109         |
|    time_elapsed         | 341         |
|    total_timesteps      | 892928      |
| train/                  |             |
|    approx_kl            | 0.010701564 |
|    clip_fraction        | 0.144       |
|    clip_range           | 0.2         |
|    entropy_loss         | -8.77       |
|    explained_variance   | 0.793       |
|    learning_rate        | 0.000265    |
|    loss                 | 0.112       |
|    n_updates            | 152         |
|    policy_gradient_loss | 0.00712     |
|    std                  | 0.724       |
|    value_loss           | 0.0812      |
-----------------------------------------
Early stopping at step 0 due to reaching max kl: 0.03
-----------------------------------------
| rollout/                |             |
|    ep_len_mean          | 377         |
|    ep_rew_mean          | 510         |
| time/                   |             |
|    fps                  | 2617        |
|    iterations           | 110         |
|    time_elapsed         | 344         |
|    total_timesteps      | 901120      |
| train/                  |             |
|    approx_kl            | 0.011990534 |
|    clip_fraction        | 0.167       |
|    clip_range           | 0.2         |
|    entropy_loss         | -8.75       |
|    explained_variance   | 0.765       |
|    learning_rate        | 0.000264    |
|    loss                 | 0.0841      |
|    n_updates            | 153         |
|    policy_gradient_loss | 0.00552     |
|    std                  | 0.723       |
|    value_loss           | 0.0952      |
-----------------------------------------
Early stopping at step 0 due to reaching max kl: 0.03
----------------------------------------
| rollout/                |            |
|    ep_len_mean          | 361        |
|    ep_rew_mean          | 488        |
| time/                   |            |
|    fps                  | 2618       |
|    iterations           | 111        |
|    time_elapsed         | 347        |
|    total_timesteps      | 909312     |
| train/                  |            |
|    approx_kl            | 0.01331441 |
|    clip_fraction        | 0.186      |
|    clip_range           | 0.2        |
|    entropy_loss         | -8.74      |
|    explained_variance   | 0.79       |
|    learning_rate        | 0.000264   |
|    loss                 | 0.198      |
|    n_updates            | 154        |
|    policy_gradient_loss | 0.0108     |
|    std                  | 0.721      |
|    value_loss           | 0.0927     |
----------------------------------------
Early stopping at step 0 due to reaching max kl: 0.04
-----------------------------------------
| rollout/                |             |
|    ep_len_mean          | 332         |
|    ep_rew_mean          | 447         |
| time/                   |             |
|    fps                  | 2619        |
|    iterations           | 112         |
|    time_elapsed         | 350         |
|    total_timesteps      | 917504      |
| train/                  |             |
|    approx_kl            | 0.009498134 |
|    clip_fraction        | 0.12        |
|    clip_range           | 0.2         |
|    entropy_loss         | -8.72       |
|    explained_variance   | 0.804       |
|    learning_rate        | 0.000264    |
|    loss                 | 0.0815      |
|    n_updates            | 155         |
|    policy_gradient_loss | 0.00642     |
|    std                  | 0.72        |
|    value_loss           | 0.121       |
-----------------------------------------
Early stopping at step 0 due to reaching max kl: 0.03
-----------------------------------------
| rollout/                |             |
|    ep_len_mean          | 323         |
|    ep_rew_mean          | 432         |
| time/                   |             |
|    fps                  | 2620        |
|    iterations           | 113         |
|    time_elapsed         | 353         |
|    total_timesteps      | 925696      |
| train/                  |             |
|    approx_kl            | 0.011247314 |
|    clip_fraction        | 0.143       |
|    clip_range           | 0.2         |
|    entropy_loss         | -8.71       |
|    explained_variance   | 0.821       |
|    learning_rate        | 0.000263    |
|    loss                 | 0.0511      |
|    n_updates            | 156         |
|    policy_gradient_loss | 0.00706     |
|    std                  | 0.719       |
|    value_loss           | 0.11        |
-----------------------------------------
Early stopping at step 0 due to reaching max kl: 0.03
-----------------------------------------
| rollout/                |             |
|    ep_len_mean          | 347         |
|    ep_rew_mean          | 465         |
| time/                   |             |
|    fps                  | 2620        |
|    iterations           | 114         |
|    time_elapsed         | 356         |
|    total_timesteps      | 933888      |
| train/                  |             |
|    approx_kl            | 0.013313568 |
|    clip_fraction        | 0.175       |
|    clip_range           | 0.2         |
|    entropy_loss         | -8.7        |
|    explained_variance   | 0.829       |
|    learning_rate        | 0.000263    |
|    loss                 | 0.141       |
|    n_updates            | 157         |
|    policy_gradient_loss | 0.00877     |
|    std                  | 0.718       |
|    value_loss           | 0.0834      |
-----------------------------------------
Early stopping at step 0 due to reaching max kl: 0.04
-----------------------------------------
| rollout/                |             |
|    ep_len_mean          | 385         |
|    ep_rew_mean          | 514         |
| time/                   |             |
|    fps                  | 2621        |
|    iterations           | 115         |
|    time_elapsed         | 359         |
|    total_timesteps      | 942080      |
| train/                  |             |
|    approx_kl            | 0.013479563 |
|    clip_fraction        | 0.19        |
|    clip_range           | 0.2         |
|    entropy_loss         | -8.69       |
|    explained_variance   | 0.806       |
|    learning_rate        | 0.000263    |
|    loss                 | 0.0228      |
|    n_updates            | 158         |
|    policy_gradient_loss | 0.00563     |
|    std                  | 0.717       |
|    value_loss           | 0.0766      |
-----------------------------------------
Early stopping at step 0 due to reaching max kl: 0.03
---------------------------------------
| rollout/                |           |
|    ep_len_mean          | 434       |
|    ep_rew_mean          | 580       |
| time/                   |           |
|    fps                  | 2620      |
|    iterations           | 116       |
|    time_elapsed         | 362       |
|    total_timesteps      | 950272    |
| train/                  |           |
|    approx_kl            | 0.0155105 |
|    clip_fraction        | 0.217     |
|    clip_range           | 0.2       |
|    entropy_loss         | -8.66     |
|    explained_variance   | 0.854     |
|    learning_rate        | 0.000262  |
|    loss                 | 0.0565    |
|    n_updates            | 159       |
|    policy_gradient_loss | 0.0111    |
|    std                  | 0.714     |
|    value_loss           | 0.0494    |
---------------------------------------
Early stopping at step 0 due to reaching max kl: 0.03
-----------------------------------------
| rollout/                |             |
|    ep_len_mean          | 445         |
|    ep_rew_mean          | 596         |
| time/                   |             |
|    fps                  | 2621        |
|    iterations           | 117         |
|    time_elapsed         | 365         |
|    total_timesteps      | 958464      |
| train/                  |             |
|    approx_kl            | 0.012547149 |
|    clip_fraction        | 0.173       |
|    clip_range           | 0.2         |
|    entropy_loss         | -8.65       |
|    explained_variance   | 0.81        |
|    learning_rate        | 0.000262    |
|    loss                 | 0.0548      |
|    n_updates            | 160         |
|    policy_gradient_loss | 0.00889     |
|    std                  | 0.714       |
|    value_loss           | 0.0933      |
-----------------------------------------
Early stopping at step 0 due to reaching max kl: 0.03
-----------------------------------------
| rollout/                |             |
|    ep_len_mean          | 476         |
|    ep_rew_mean          | 641         |
| time/                   |             |
|    fps                  | 2621        |
|    iterations           | 118         |
|    time_elapsed         | 368         |
|    total_timesteps      | 966656      |
| train/                  |             |
|    approx_kl            | 0.012358486 |
|    clip_fraction        | 0.164       |
|    clip_range           | 0.2         |
|    entropy_loss         | -8.65       |
|    explained_variance   | 0.812       |
|    learning_rate        | 0.000262    |
|    loss                 | -0.00624    |
|    n_updates            | 161         |
|    policy_gradient_loss | -0.000495   |
|    std                  | 0.713       |
|    value_loss           | 0.069       |
-----------------------------------------
Early stopping at step 0 due to reaching max kl: 0.03
-----------------------------------------
| rollout/                |             |
|    ep_len_mean          | 480         |
|    ep_rew_mean          | 645         |
| time/                   |             |
|    fps                  | 2622        |
|    iterations           | 119         |
|    time_elapsed         | 371         |
|    total_timesteps      | 974848      |
| train/                  |             |
|    approx_kl            | 0.012821939 |
|    clip_fraction        | 0.172       |
|    clip_range           | 0.2         |
|    entropy_loss         | -8.64       |
|    explained_variance   | 0.821       |
|    learning_rate        | 0.000261    |
|    loss                 | 0.0933      |
|    n_updates            | 162         |
|    policy_gradient_loss | 0.00525     |
|    std                  | 0.712       |
|    value_loss           | 0.0727      |
-----------------------------------------
Early stopping at step 0 due to reaching max kl: 0.03
----------------------------------------
| rollout/                |            |
|    ep_len_mean          | 449        |
|    ep_rew_mean          | 602        |
| time/                   |            |
|    fps                  | 2623       |
|    iterations           | 120        |
|    time_elapsed         | 374        |
|    total_timesteps      | 983040     |
| train/                  |            |
|    approx_kl            | 0.01223115 |
|    clip_fraction        | 0.163      |
|    clip_range           | 0.2        |
|    entropy_loss         | -8.63      |
|    explained_variance   | 0.837      |
|    learning_rate        | 0.000261   |
|    loss                 | 0.114      |
|    n_updates            | 163        |
|    policy_gradient_loss | 0.00779    |
|    std                  | 0.712      |
|    value_loss           | 0.098      |
----------------------------------------
Early stopping at step 0 due to reaching max kl: 0.03
-----------------------------------------
| rollout/                |             |
|    ep_len_mean          | 449         |
|    ep_rew_mean          | 605         |
| time/                   |             |
|    fps                  | 2623        |
|    iterations           | 121         |
|    time_elapsed         | 377         |
|    total_timesteps      | 991232      |
| train/                  |             |
|    approx_kl            | 0.014661477 |
|    clip_fraction        | 0.188       |
|    clip_range           | 0.2         |
|    entropy_loss         | -8.61       |
|    explained_variance   | 0.839       |
|    learning_rate        | 0.000261    |
|    loss                 | 0.0503      |
|    n_updates            | 164         |
|    policy_gradient_loss | 0.00827     |
|    std                  | 0.71        |
|    value_loss           | 0.0763      |
-----------------------------------------
Early stopping at step 0 due to reaching max kl: 0.04
------------------------------------------
| rollout/                |              |
|    ep_len_mean          | 441          |
|    ep_rew_mean          | 593          |
| time/                   |              |
|    fps                  | 2624         |
|    iterations           | 122          |
|    time_elapsed         | 380          |
|    total_timesteps      | 999424       |
| train/                  |              |
|    approx_kl            | 0.0142675135 |
|    clip_fraction        | 0.197        |
|    clip_range           | 0.2          |
|    entropy_loss         | -8.6         |
|    explained_variance   | 0.862        |
|    learning_rate        | 0.00026      |
|    loss                 | 0.097        |
|    n_updates            | 165          |
|    policy_gradient_loss | 0.0109       |
|    std                  | 0.709        |
|    value_loss           | 0.0515       |
------------------------------------------
Early stopping at step 0 due to reaching max kl: 0.03
-----------------------------------------
| rollout/                |             |
|    ep_len_mean          | 409         |
|    ep_rew_mean          | 547         |
| time/                   |             |
|    fps                  | 2625        |
|    iterations           | 123         |
|    time_elapsed         | 383         |
|    total_timesteps      | 1007616     |
| train/                  |             |
|    approx_kl            | 0.010095612 |
|    clip_fraction        | 0.125       |
|    clip_range           | 0.2         |
|    entropy_loss         | -8.59       |
|    explained_variance   | 0.827       |
|    learning_rate        | 0.00026     |
|    loss                 | 0.0745      |
|    n_updates            | 166         |
|    policy_gradient_loss | 0.00442     |
|    std                  | 0.709       |
|    value_loss           | 0.086       |
-----------------------------------------
Early stopping at step 0 due to reaching max kl: 0.04
-----------------------------------------
| rollout/                |             |
|    ep_len_mean          | 399         |
|    ep_rew_mean          | 536         |
| time/                   |             |
|    fps                  | 2625        |
|    iterations           | 124         |
|    time_elapsed         | 386         |
|    total_timesteps      | 1015808     |
| train/                  |             |
|    approx_kl            | 0.013781489 |
|    clip_fraction        | 0.189       |
|    clip_range           | 0.2         |
|    entropy_loss         | -8.58       |
|    explained_variance   | 0.828       |
|    learning_rate        | 0.00026     |
|    loss                 | 0.0633      |
|    n_updates            | 167         |
|    policy_gradient_loss | 0.00993     |
|    std                  | 0.708       |
|    value_loss           | 0.113       |
-----------------------------------------
Early stopping at step 0 due to reaching max kl: 0.03
-----------------------------------------
| rollout/                |             |
|    ep_len_mean          | 374         |
|    ep_rew_mean          | 499         |
| time/                   |             |
|    fps                  | 2625        |
|    iterations           | 125         |
|    time_elapsed         | 389         |
|    total_timesteps      | 1024000     |
| train/                  |             |
|    approx_kl            | 0.013284799 |
|    clip_fraction        | 0.179       |
|    clip_range           | 0.2         |
|    entropy_loss         | -8.57       |
|    explained_variance   | 0.855       |
|    learning_rate        | 0.000259    |
|    loss                 | 0.118       |
|    n_updates            | 168         |
|    policy_gradient_loss | 0.0101      |
|    std                  | 0.706       |
|    value_loss           | 0.092       |
-----------------------------------------
Early stopping at step 0 due to reaching max kl: 0.03
-----------------------------------------
| rollout/                |             |
|    ep_len_mean          | 369         |
|    ep_rew_mean          | 494         |
| time/                   |             |
|    fps                  | 2625        |
|    iterations           | 126         |
|    time_elapsed         | 393         |
|    total_timesteps      | 1032192     |
| train/                  |             |
|    approx_kl            | 0.014482183 |
|    clip_fraction        | 0.199       |
|    clip_range           | 0.2         |
|    entropy_loss         | -8.55       |
|    explained_variance   | 0.866       |
|    learning_rate        | 0.000259    |
|    loss                 | 0.0352      |
|    n_updates            | 169         |
|    policy_gradient_loss | 0.00817     |
|    std                  | 0.705       |
|    value_loss           | 0.0615      |
-----------------------------------------
Early stopping at step 0 due to reaching max kl: 0.03
------------------------------------------
| rollout/                |              |
|    ep_len_mean          | 377          |
|    ep_rew_mean          | 509          |
| time/                   |              |
|    fps                  | 2627         |
|    iterations           | 127          |
|    time_elapsed         | 395          |
|    total_timesteps      | 1040384      |
| train/                  |              |
|    approx_kl            | 0.0057870545 |
|    clip_fraction        | 0.0584       |
|    clip_range           | 0.2          |
|    entropy_loss         | -8.54        |
|    explained_variance   | 0.859        |
|    learning_rate        | 0.000259     |
|    loss                 | 0.0309       |
|    n_updates            | 170          |
|    policy_gradient_loss | -8.19e-05    |
|    std                  | 0.704        |
|    value_loss           | 0.0593       |
------------------------------------------
Early stopping at step 0 due to reaching max kl: 0.03
----------------------------------------
| rollout/                |            |
|    ep_len_mean          | 408        |
|    ep_rew_mean          | 552        |
| time/                   |            |
|    fps                  | 2627       |
|    iterations           | 128        |
|    time_elapsed         | 399        |
|    total_timesteps      | 1048576    |
| train/                  |            |
|    approx_kl            | 0.01198944 |
|    clip_fraction        | 0.164      |
|    clip_range           | 0.2        |
|    entropy_loss         | -8.53      |
|    explained_variance   | 0.841      |
|    learning_rate        | 0.000258   |
|    loss                 | 0.0614     |
|    n_updates            | 171        |
|    policy_gradient_loss | 0.00925    |
|    std                  | 0.703      |
|    value_loss           | 0.0972     |
----------------------------------------
Early stopping at step 0 due to reaching max kl: 0.03
----------------------------------------
| rollout/                |            |
|    ep_len_mean          | 434        |
|    ep_rew_mean          | 592        |
| time/                   |            |
|    fps                  | 2627       |
|    iterations           | 129        |
|    time_elapsed         | 402        |
|    total_timesteps      | 1056768    |
| train/                  |            |
|    approx_kl            | 0.01608349 |
|    clip_fraction        | 0.222      |
|    clip_range           | 0.2        |
|    entropy_loss         | -8.51      |
|    explained_variance   | 0.85       |
|    learning_rate        | 0.000258   |
|    loss                 | 0.115      |
|    n_updates            | 172        |
|    policy_gradient_loss | 0.00903    |
|    std                  | 0.7        |
|    value_loss           | 0.061      |
----------------------------------------
Early stopping at step 0 due to reaching max kl: 0.03
-----------------------------------------
| rollout/                |             |
|    ep_len_mean          | 422         |
|    ep_rew_mean          | 576         |
| time/                   |             |
|    fps                  | 2628        |
|    iterations           | 130         |
|    time_elapsed         | 405         |
|    total_timesteps      | 1064960     |
| train/                  |             |
|    approx_kl            | 0.010687276 |
|    clip_fraction        | 0.14        |
|    clip_range           | 0.2         |
|    entropy_loss         | -8.49       |
|    explained_variance   | 0.839       |
|    learning_rate        | 0.000258    |
|    loss                 | 0.136       |
|    n_updates            | 173         |
|    policy_gradient_loss | 0.00885     |
|    std                  | 0.7         |
|    value_loss           | 0.0855      |
-----------------------------------------
Early stopping at step 0 due to reaching max kl: 0.04
-----------------------------------------
| rollout/                |             |
|    ep_len_mean          | 418         |
|    ep_rew_mean          | 571         |
| time/                   |             |
|    fps                  | 2629        |
|    iterations           | 131         |
|    time_elapsed         | 408         |
|    total_timesteps      | 1073152     |
| train/                  |             |
|    approx_kl            | 0.010987562 |
|    clip_fraction        | 0.155       |
|    clip_range           | 0.2         |
|    entropy_loss         | -8.48       |
|    explained_variance   | 0.829       |
|    learning_rate        | 0.000257    |
|    loss                 | 0.0625      |
|    n_updates            | 174         |
|    policy_gradient_loss | 0.00763     |
|    std                  | 0.699       |
|    value_loss           | 0.092       |
-----------------------------------------
Early stopping at step 0 due to reaching max kl: 0.03
-----------------------------------------
| rollout/                |             |
|    ep_len_mean          | 422         |
|    ep_rew_mean          | 574         |
| time/                   |             |
|    fps                  | 2629        |
|    iterations           | 132         |
|    time_elapsed         | 411         |
|    total_timesteps      | 1081344     |
| train/                  |             |
|    approx_kl            | 0.012991478 |
|    clip_fraction        | 0.179       |
|    clip_range           | 0.2         |
|    entropy_loss         | -8.47       |
|    explained_variance   | 0.85        |
|    learning_rate        | 0.000257    |
|    loss                 | 0.0952      |
|    n_updates            | 175         |
|    policy_gradient_loss | 0.00667     |
|    std                  | 0.697       |
|    value_loss           | 0.0678      |
-----------------------------------------
Early stopping at step 0 due to reaching max kl: 0.03
-----------------------------------------
| rollout/                |             |
|    ep_len_mean          | 441         |
|    ep_rew_mean          | 603         |
| time/                   |             |
|    fps                  | 2630        |
|    iterations           | 133         |
|    time_elapsed         | 414         |
|    total_timesteps      | 1089536     |
| train/                  |             |
|    approx_kl            | 0.010022015 |
|    clip_fraction        | 0.134       |
|    clip_range           | 0.2         |
|    entropy_loss         | -8.45       |
|    explained_variance   | 0.854       |
|    learning_rate        | 0.000257    |
|    loss                 | 0.0663      |
|    n_updates            | 176         |
|    policy_gradient_loss | 0.00464     |
|    std                  | 0.696       |
|    value_loss           | 0.0685      |
-----------------------------------------
Early stopping at step 0 due to reaching max kl: 0.03
-----------------------------------------
| rollout/                |             |
|    ep_len_mean          | 399         |
|    ep_rew_mean          | 547         |
| time/                   |             |
|    fps                  | 2630        |
|    iterations           | 134         |
|    time_elapsed         | 417         |
|    total_timesteps      | 1097728     |
| train/                  |             |
|    approx_kl            | 0.015104188 |
|    clip_fraction        | 0.21        |
|    clip_range           | 0.2         |
|    entropy_loss         | -8.45       |
|    explained_variance   | 0.847       |
|    learning_rate        | 0.000256    |
|    loss                 | 0.0798      |
|    n_updates            | 177         |
|    policy_gradient_loss | 0.00894     |
|    std                  | 0.696       |
|    value_loss           | 0.0774      |
-----------------------------------------
Early stopping at step 0 due to reaching max kl: 0.04
------------------------------------------
| rollout/                |              |
|    ep_len_mean          | 412          |
|    ep_rew_mean          | 567          |
| time/                   |              |
|    fps                  | 2630         |
|    iterations           | 135          |
|    time_elapsed         | 420          |
|    total_timesteps      | 1105920      |
| train/                  |              |
|    approx_kl            | 0.0132107055 |
|    clip_fraction        | 0.166        |
|    clip_range           | 0.2          |
|    entropy_loss         | -8.43        |
|    explained_variance   | 0.831        |
|    learning_rate        | 0.000256     |
|    loss                 | 0.149        |
|    n_updates            | 178          |
|    policy_gradient_loss | 0.0108       |
|    std                  | 0.694        |
|    value_loss           | 0.103        |
------------------------------------------
Early stopping at step 0 due to reaching max kl: 0.03
-----------------------------------------
| rollout/                |             |
|    ep_len_mean          | 401         |
|    ep_rew_mean          | 553         |
| time/                   |             |
|    fps                  | 2631        |
|    iterations           | 136         |
|    time_elapsed         | 423         |
|    total_timesteps      | 1114112     |
| train/                  |             |
|    approx_kl            | 0.013745937 |
|    clip_fraction        | 0.194       |
|    clip_range           | 0.2         |
|    entropy_loss         | -8.42       |
|    explained_variance   | 0.859       |
|    learning_rate        | 0.000256    |
|    loss                 | 0.141       |
|    n_updates            | 179         |
|    policy_gradient_loss | 0.00847     |
|    std                  | 0.693       |
|    value_loss           | 0.0655      |
-----------------------------------------
Early stopping at step 0 due to reaching max kl: 0.03
-----------------------------------------
| rollout/                |             |
|    ep_len_mean          | 415         |
|    ep_rew_mean          | 573         |
| time/                   |             |
|    fps                  | 2631        |
|    iterations           | 137         |
|    time_elapsed         | 426         |
|    total_timesteps      | 1122304     |
| train/                  |             |
|    approx_kl            | 0.012685615 |
|    clip_fraction        | 0.178       |
|    clip_range           | 0.2         |
|    entropy_loss         | -8.4        |
|    explained_variance   | 0.803       |
|    learning_rate        | 0.000255    |
|    loss                 | 0.092       |
|    n_updates            | 180         |
|    policy_gradient_loss | 0.00828     |
|    std                  | 0.692       |
|    value_loss           | 0.119       |
-----------------------------------------
Early stopping at step 0 due to reaching max kl: 0.03
-----------------------------------------
| rollout/                |             |
|    ep_len_mean          | 406         |
|    ep_rew_mean          | 563         |
| time/                   |             |
|    fps                  | 2632        |
|    iterations           | 138         |
|    time_elapsed         | 429         |
|    total_timesteps      | 1130496     |
| train/                  |             |
|    approx_kl            | 0.010065558 |
|    clip_fraction        | 0.128       |
|    clip_range           | 0.2         |
|    entropy_loss         | -8.39       |
|    explained_variance   | 0.851       |
|    learning_rate        | 0.000255    |
|    loss                 | 0.0289      |
|    n_updates            | 181         |
|    policy_gradient_loss | 0.00166     |
|    std                  | 0.691       |
|    value_loss           | 0.0636      |
-----------------------------------------
Early stopping at step 0 due to reaching max kl: 0.03
-----------------------------------------
| rollout/                |             |
|    ep_len_mean          | 419         |
|    ep_rew_mean          | 582         |
| time/                   |             |
|    fps                  | 2632        |
|    iterations           | 139         |
|    time_elapsed         | 432         |
|    total_timesteps      | 1138688     |
| train/                  |             |
|    approx_kl            | 0.014762038 |
|    clip_fraction        | 0.194       |
|    clip_range           | 0.2         |
|    entropy_loss         | -8.38       |
|    explained_variance   | 0.83        |
|    learning_rate        | 0.000255    |
|    loss                 | 0.0651      |
|    n_updates            | 182         |
|    policy_gradient_loss | 0.00758     |
|    std                  | 0.69        |
|    value_loss           | 0.0862      |
-----------------------------------------
Early stopping at step 0 due to reaching max kl: 0.03
-----------------------------------------
| rollout/                |             |
|    ep_len_mean          | 462         |
|    ep_rew_mean          | 647         |
| time/                   |             |
|    fps                  | 2633        |
|    iterations           | 140         |
|    time_elapsed         | 435         |
|    total_timesteps      | 1146880     |
| train/                  |             |
|    approx_kl            | 0.011858031 |
|    clip_fraction        | 0.158       |
|    clip_range           | 0.2         |
|    entropy_loss         | -8.36       |
|    explained_variance   | 0.83        |
|    learning_rate        | 0.000254    |
|    loss                 | 0.0976      |
|    n_updates            | 183         |
|    policy_gradient_loss | 0.0102      |
|    std                  | 0.689       |
|    value_loss           | 0.0829      |
-----------------------------------------
Early stopping at step 0 due to reaching max kl: 0.03
-----------------------------------------
| rollout/                |             |
|    ep_len_mean          | 454         |
|    ep_rew_mean          | 636         |
| time/                   |             |
|    fps                  | 2634        |
|    iterations           | 141         |
|    time_elapsed         | 438         |
|    total_timesteps      | 1155072     |
| train/                  |             |
|    approx_kl            | 0.007998857 |
|    clip_fraction        | 0.101       |
|    clip_range           | 0.2         |
|    entropy_loss         | -8.36       |
|    explained_variance   | 0.84        |
|    learning_rate        | 0.000254    |
|    loss                 | 0.0597      |
|    n_updates            | 184         |
|    policy_gradient_loss | 0.00625     |
|    std                  | 0.688       |
|    value_loss           | 0.0604      |
-----------------------------------------
Early stopping at step 0 due to reaching max kl: 0.03
-----------------------------------------
| rollout/                |             |
|    ep_len_mean          | 481         |
|    ep_rew_mean          | 676         |
| time/                   |             |
|    fps                  | 2634        |
|    iterations           | 142         |
|    time_elapsed         | 441         |
|    total_timesteps      | 1163264     |
| train/                  |             |
|    approx_kl            | 0.011726327 |
|    clip_fraction        | 0.158       |
|    clip_range           | 0.2         |
|    entropy_loss         | -8.34       |
|    explained_variance   | 0.835       |
|    learning_rate        | 0.000254    |
|    loss                 | 0.127       |
|    n_updates            | 185         |
|    policy_gradient_loss | 0.00731     |
|    std                  | 0.687       |
|    value_loss           | 0.0547      |
-----------------------------------------
Early stopping at step 0 due to reaching max kl: 0.03
-----------------------------------------
| rollout/                |             |
|    ep_len_mean          | 483         |
|    ep_rew_mean          | 681         |
| time/                   |             |
|    fps                  | 2635        |
|    iterations           | 143         |
|    time_elapsed         | 444         |
|    total_timesteps      | 1171456     |
| train/                  |             |
|    approx_kl            | 0.013158185 |
|    clip_fraction        | 0.168       |
|    clip_range           | 0.2         |
|    entropy_loss         | -8.33       |
|    explained_variance   | 0.818       |
|    learning_rate        | 0.000253    |
|    loss                 | 0.098       |
|    n_updates            | 186         |
|    policy_gradient_loss | 0.0114      |
|    std                  | 0.686       |
|    value_loss           | 0.0912      |
-----------------------------------------
Early stopping at step 0 due to reaching max kl: 0.03
-----------------------------------------
| rollout/                |             |
|    ep_len_mean          | 500         |
|    ep_rew_mean          | 707         |
| time/                   |             |
|    fps                  | 2635        |
|    iterations           | 144         |
|    time_elapsed         | 447         |
|    total_timesteps      | 1179648     |
| train/                  |             |
|    approx_kl            | 0.013624502 |
|    clip_fraction        | 0.181       |
|    clip_range           | 0.2         |
|    entropy_loss         | -8.32       |
|    explained_variance   | 0.822       |
|    learning_rate        | 0.000253    |
|    loss                 | 0.0207      |
|    n_updates            | 187         |
|    policy_gradient_loss | 0.00766     |
|    std                  | 0.684       |
|    value_loss           | 0.0541      |
-----------------------------------------
Early stopping at step 0 due to reaching max kl: 0.04
-----------------------------------------
| rollout/                |             |
|    ep_len_mean          | 514         |
|    ep_rew_mean          | 730         |
| time/                   |             |
|    fps                  | 2636        |
|    iterations           | 145         |
|    time_elapsed         | 450         |
|    total_timesteps      | 1187840     |
| train/                  |             |
|    approx_kl            | 0.011343876 |
|    clip_fraction        | 0.143       |
|    clip_range           | 0.2         |
|    entropy_loss         | -8.3        |
|    explained_variance   | 0.818       |
|    learning_rate        | 0.000253    |
|    loss                 | 0.0923      |
|    n_updates            | 188         |
|    policy_gradient_loss | 0.0124      |
|    std                  | 0.683       |
|    value_loss           | 0.0744      |
-----------------------------------------
Early stopping at step 0 due to reaching max kl: 0.04
-----------------------------------------
| rollout/                |             |
|    ep_len_mean          | 500         |
|    ep_rew_mean          | 711         |
| time/                   |             |
|    fps                  | 2636        |
|    iterations           | 146         |
|    time_elapsed         | 453         |
|    total_timesteps      | 1196032     |
| train/                  |             |
|    approx_kl            | 0.013529417 |
|    clip_fraction        | 0.186       |
|    clip_range           | 0.2         |
|    entropy_loss         | -8.28       |
|    explained_variance   | 0.808       |
|    learning_rate        | 0.000252    |
|    loss                 | 0.123       |
|    n_updates            | 189         |
|    policy_gradient_loss | 0.00965     |
|    std                  | 0.681       |
|    value_loss           | 0.0591      |
-----------------------------------------
Early stopping at step 0 due to reaching max kl: 0.03
-----------------------------------------
| rollout/                |             |
|    ep_len_mean          | 474         |
|    ep_rew_mean          | 672         |
| time/                   |             |
|    fps                  | 2637        |
|    iterations           | 147         |
|    time_elapsed         | 456         |
|    total_timesteps      | 1204224     |
| train/                  |             |
|    approx_kl            | 0.013372589 |
|    clip_fraction        | 0.168       |
|    clip_range           | 0.2         |
|    entropy_loss         | -8.26       |
|    explained_variance   | 0.794       |
|    learning_rate        | 0.000252    |
|    loss                 | 0.0183      |
|    n_updates            | 190         |
|    policy_gradient_loss | 0.00657     |
|    std                  | 0.68        |
|    value_loss           | 0.0648      |
-----------------------------------------
Early stopping at step 0 due to reaching max kl: 0.03
-----------------------------------------
| rollout/                |             |
|    ep_len_mean          | 427         |
|    ep_rew_mean          | 605         |
| time/                   |             |
|    fps                  | 2638        |
|    iterations           | 148         |
|    time_elapsed         | 459         |
|    total_timesteps      | 1212416     |
| train/                  |             |
|    approx_kl            | 0.011866277 |
|    clip_fraction        | 0.146       |
|    clip_range           | 0.2         |
|    entropy_loss         | -8.25       |
|    explained_variance   | 0.798       |
|    learning_rate        | 0.000252    |
|    loss                 | 0.0617      |
|    n_updates            | 191         |
|    policy_gradient_loss | 0.00266     |
|    std                  | 0.679       |
|    value_loss           | 0.108       |
-----------------------------------------
Early stopping at step 0 due to reaching max kl: 0.03
------------------------------------------
| rollout/                |              |
|    ep_len_mean          | 406          |
|    ep_rew_mean          | 579          |
| time/                   |              |
|    fps                  | 2638         |
|    iterations           | 149          |
|    time_elapsed         | 462          |
|    total_timesteps      | 1220608      |
| train/                  |              |
|    approx_kl            | 0.0126371365 |
|    clip_fraction        | 0.154        |
|    clip_range           | 0.2          |
|    entropy_loss         | -8.25        |
|    explained_variance   | 0.801        |
|    learning_rate        | 0.000252     |
|    loss                 | 0.158        |
|    n_updates            | 192          |
|    policy_gradient_loss | 0.0055       |
|    std                  | 0.679        |
|    value_loss           | 0.133        |
------------------------------------------
Early stopping at step 0 due to reaching max kl: 0.03
-----------------------------------------
| rollout/                |             |
|    ep_len_mean          | 383         |
|    ep_rew_mean          | 545         |
| time/                   |             |
|    fps                  | 2639        |
|    iterations           | 150         |
|    time_elapsed         | 465         |
|    total_timesteps      | 1228800     |
| train/                  |             |
|    approx_kl            | 0.012140444 |
|    clip_fraction        | 0.154       |
|    clip_range           | 0.2         |
|    entropy_loss         | -8.24       |
|    explained_variance   | 0.818       |
|    learning_rate        | 0.000251    |
|    loss                 | 0.0801      |
|    n_updates            | 193         |
|    policy_gradient_loss | 0.00573     |
|    std                  | 0.678       |
|    value_loss           | 0.0899      |
-----------------------------------------
Early stopping at step 0 due to reaching max kl: 0.03
----------------------------------------
| rollout/                |            |
|    ep_len_mean          | 374        |
|    ep_rew_mean          | 532        |
| time/                   |            |
|    fps                  | 2639       |
|    iterations           | 151        |
|    time_elapsed         | 468        |
|    total_timesteps      | 1236992    |
| train/                  |            |
|    approx_kl            | 0.01441738 |
|    clip_fraction        | 0.2        |
|    clip_range           | 0.2        |
|    entropy_loss         | -8.23      |
|    explained_variance   | 0.803      |
|    learning_rate        | 0.000251   |
|    loss                 | 0.118      |
|    n_updates            | 194        |
|    policy_gradient_loss | 0.00877    |
|    std                  | 0.677      |
|    value_loss           | 0.104      |
----------------------------------------
Early stopping at step 0 due to reaching max kl: 0.03
-----------------------------------------
| rollout/                |             |
|    ep_len_mean          | 365         |
|    ep_rew_mean          | 517         |
| time/                   |             |
|    fps                  | 2639        |
|    iterations           | 152         |
|    time_elapsed         | 471         |
|    total_timesteps      | 1245184     |
| train/                  |             |
|    approx_kl            | 0.013749853 |
|    clip_fraction        | 0.182       |
|    clip_range           | 0.2         |
|    entropy_loss         | -8.21       |
|    explained_variance   | 0.861       |
|    learning_rate        | 0.000251    |
|    loss                 | 0.0471      |
|    n_updates            | 195         |
|    policy_gradient_loss | 0.0127      |
|    std                  | 0.676       |
|    value_loss           | 0.091       |
-----------------------------------------
Early stopping at step 0 due to reaching max kl: 0.03
-----------------------------------------
| rollout/                |             |
|    ep_len_mean          | 370         |
|    ep_rew_mean          | 522         |
| time/                   |             |
|    fps                  | 2640        |
|    iterations           | 153         |
|    time_elapsed         | 474         |
|    total_timesteps      | 1253376     |
| train/                  |             |
|    approx_kl            | 0.013907753 |
|    clip_fraction        | 0.176       |
|    clip_range           | 0.2         |
|    entropy_loss         | -8.21       |
|    explained_variance   | 0.846       |
|    learning_rate        | 0.00025     |
|    loss                 | 0.0217      |
|    n_updates            | 196         |
|    policy_gradient_loss | 0.00713     |
|    std                  | 0.675       |
|    value_loss           | 0.12        |
-----------------------------------------
Early stopping at step 0 due to reaching max kl: 0.03
-----------------------------------------
| rollout/                |             |
|    ep_len_mean          | 407         |
|    ep_rew_mean          | 577         |
| time/                   |             |
|    fps                  | 2640        |
|    iterations           | 154         |
|    time_elapsed         | 477         |
|    total_timesteps      | 1261568     |
| train/                  |             |
|    approx_kl            | 0.012078458 |
|    clip_fraction        | 0.173       |
|    clip_range           | 0.2         |
|    entropy_loss         | -8.2        |
|    explained_variance   | 0.833       |
|    learning_rate        | 0.00025     |
|    loss                 | 0.0451      |
|    n_updates            | 197         |
|    policy_gradient_loss | 0.00641     |
|    std                  | 0.675       |
|    value_loss           | 0.0789      |
-----------------------------------------
Early stopping at step 0 due to reaching max kl: 0.04
------------------------------------------
| rollout/                |              |
|    ep_len_mean          | 388          |
|    ep_rew_mean          | 548          |
| time/                   |              |
|    fps                  | 2641         |
|    iterations           | 155          |
|    time_elapsed         | 480          |
|    total_timesteps      | 1269760      |
| train/                  |              |
|    approx_kl            | 0.0124956425 |
|    clip_fraction        | 0.172        |
|    clip_range           | 0.2          |
|    entropy_loss         | -8.19        |
|    explained_variance   | 0.838        |
|    learning_rate        | 0.00025      |
|    loss                 | 0.0292       |
|    n_updates            | 198          |
|    policy_gradient_loss | 0.00588      |
|    std                  | 0.674        |
|    value_loss           | 0.0623       |
------------------------------------------
Early stopping at step 0 due to reaching max kl: 0.03
-----------------------------------------
| rollout/                |             |
|    ep_len_mean          | 403         |
|    ep_rew_mean          | 576         |
| time/                   |             |
|    fps                  | 2642        |
|    iterations           | 156         |
|    time_elapsed         | 483         |
|    total_timesteps      | 1277952     |
| train/                  |             |
|    approx_kl            | 0.012205191 |
|    clip_fraction        | 0.159       |
|    clip_range           | 0.2         |
|    entropy_loss         | -8.18       |
|    explained_variance   | 0.848       |
|    learning_rate        | 0.000249    |
|    loss                 | 0.0713      |
|    n_updates            | 199         |
|    policy_gradient_loss | 0.00731     |
|    std                  | 0.673       |
|    value_loss           | 0.0949      |
-----------------------------------------
Early stopping at step 0 due to reaching max kl: 0.03
------------------------------------------
| rollout/                |              |
|    ep_len_mean          | 355          |
|    ep_rew_mean          | 509          |
| time/                   |              |
|    fps                  | 2642         |
|    iterations           | 157          |
|    time_elapsed         | 486          |
|    total_timesteps      | 1286144      |
| train/                  |              |
|    approx_kl            | 0.0105364295 |
|    clip_fraction        | 0.142        |
|    clip_range           | 0.2          |
|    entropy_loss         | -8.17        |
|    explained_variance   | 0.832        |
|    learning_rate        | 0.000249     |
|    loss                 | 0.0621       |
|    n_updates            | 200          |
|    policy_gradient_loss | 0.00915      |
|    std                  | 0.672        |
|    value_loss           | 0.101        |
------------------------------------------
Early stopping at step 0 due to reaching max kl: 0.03
-----------------------------------------
| rollout/                |             |
|    ep_len_mean          | 362         |
|    ep_rew_mean          | 518         |
| time/                   |             |
|    fps                  | 2643        |
|    iterations           | 158         |
|    time_elapsed         | 489         |
|    total_timesteps      | 1294336     |
| train/                  |             |
|    approx_kl            | 0.013912714 |
|    clip_fraction        | 0.187       |
|    clip_range           | 0.2         |
|    entropy_loss         | -8.16       |
|    explained_variance   | 0.791       |
|    learning_rate        | 0.000249    |
|    loss                 | 0.114       |
|    n_updates            | 201         |
|    policy_gradient_loss | 0.00357     |
|    std                  | 0.672       |
|    value_loss           | 0.167       |
-----------------------------------------
Early stopping at step 0 due to reaching max kl: 0.03
-----------------------------------------
| rollout/                |             |
|    ep_len_mean          | 340         |
|    ep_rew_mean          | 486         |
| time/                   |             |
|    fps                  | 2644        |
|    iterations           | 159         |
|    time_elapsed         | 492         |
|    total_timesteps      | 1302528     |
| train/                  |             |
|    approx_kl            | 0.009049435 |
|    clip_fraction        | 0.114       |
|    clip_range           | 0.2         |
|    entropy_loss         | -8.16       |
|    explained_variance   | 0.882       |
|    learning_rate        | 0.000248    |
|    loss                 | 0.0664      |
|    n_updates            | 202         |
|    policy_gradient_loss | 0.00852     |
|    std                  | 0.671       |
|    value_loss           | 0.065       |
-----------------------------------------
Early stopping at step 0 due to reaching max kl: 0.03
-----------------------------------------
| rollout/                |             |
|    ep_len_mean          | 359         |
|    ep_rew_mean          | 513         |
| time/                   |             |
|    fps                  | 2644        |
|    iterations           | 160         |
|    time_elapsed         | 495         |
|    total_timesteps      | 1310720     |
| train/                  |             |
|    approx_kl            | 0.012623151 |
|    clip_fraction        | 0.168       |
|    clip_range           | 0.2         |
|    entropy_loss         | -8.14       |
|    explained_variance   | 0.81        |
|    learning_rate        | 0.000248    |
|    loss                 | 0.137       |
|    n_updates            | 203         |
|    policy_gradient_loss | 0.0029      |
|    std                  | 0.67        |
|    value_loss           | 0.127       |
-----------------------------------------
Early stopping at step 0 due to reaching max kl: 0.03
-----------------------------------------
| rollout/                |             |
|    ep_len_mean          | 371         |
|    ep_rew_mean          | 532         |
| time/                   |             |
|    fps                  | 2645        |
|    iterations           | 161         |
|    time_elapsed         | 498         |
|    total_timesteps      | 1318912     |
| train/                  |             |
|    approx_kl            | 0.011201959 |
|    clip_fraction        | 0.154       |
|    clip_range           | 0.2         |
|    entropy_loss         | -8.13       |
|    explained_variance   | 0.84        |
|    learning_rate        | 0.000248    |
|    loss                 | 0.0472      |
|    n_updates            | 204         |
|    policy_gradient_loss | 0.00662     |
|    std                  | 0.669       |
|    value_loss           | 0.07        |
-----------------------------------------
Early stopping at step 0 due to reaching max kl: 0.03
-----------------------------------------
| rollout/                |             |
|    ep_len_mean          | 408         |
|    ep_rew_mean          | 590         |
| time/                   |             |
|    fps                  | 2644        |
|    iterations           | 162         |
|    time_elapsed         | 501         |
|    total_timesteps      | 1327104     |
| train/                  |             |
|    approx_kl            | 0.016879939 |
|    clip_fraction        | 0.232       |
|    clip_range           | 0.2         |
|    entropy_loss         | -8.11       |
|    explained_variance   | 0.843       |
|    learning_rate        | 0.000247    |
|    loss                 | 0.0728      |
|    n_updates            | 205         |
|    policy_gradient_loss | 0.0087      |
|    std                  | 0.667       |
|    value_loss           | 0.0727      |
-----------------------------------------
Early stopping at step 0 due to reaching max kl: 0.04
-----------------------------------------
| rollout/                |             |
|    ep_len_mean          | 395         |
|    ep_rew_mean          | 577         |
| time/                   |             |
|    fps                  | 2645        |
|    iterations           | 163         |
|    time_elapsed         | 504         |
|    total_timesteps      | 1335296     |
| train/                  |             |
|    approx_kl            | 0.013649586 |
|    clip_fraction        | 0.18        |
|    clip_range           | 0.2         |
|    entropy_loss         | -8.09       |
|    explained_variance   | 0.824       |
|    learning_rate        | 0.000247    |
|    loss                 | 0.105       |
|    n_updates            | 206         |
|    policy_gradient_loss | 0.0043      |
|    std                  | 0.666       |
|    value_loss           | 0.112       |
-----------------------------------------
Early stopping at step 0 due to reaching max kl: 0.03
----------------------------------------
| rollout/                |            |
|    ep_len_mean          | 435        |
|    ep_rew_mean          | 642        |
| time/                   |            |
|    fps                  | 2645       |
|    iterations           | 164        |
|    time_elapsed         | 507        |
|    total_timesteps      | 1343488    |
| train/                  |            |
|    approx_kl            | 0.01025793 |
|    clip_fraction        | 0.145      |
|    clip_range           | 0.2        |
|    entropy_loss         | -8.08      |
|    explained_variance   | 0.834      |
|    learning_rate        | 0.000247   |
|    loss                 | 0.0666     |
|    n_updates            | 207        |
|    policy_gradient_loss | 0.00847    |
|    std                  | 0.665      |
|    value_loss           | 0.0681     |
----------------------------------------
Early stopping at step 0 due to reaching max kl: 0.03
-----------------------------------------
| rollout/                |             |
|    ep_len_mean          | 458         |
|    ep_rew_mean          | 678         |
| time/                   |             |
|    fps                  | 2644        |
|    iterations           | 165         |
|    time_elapsed         | 511         |
|    total_timesteps      | 1351680     |
| train/                  |             |
|    approx_kl            | 0.013841352 |
|    clip_fraction        | 0.181       |
|    clip_range           | 0.2         |
|    entropy_loss         | -8.06       |
|    explained_variance   | 0.825       |
|    learning_rate        | 0.000246    |
|    loss                 | 0.0491      |
|    n_updates            | 208         |
|    policy_gradient_loss | 0.00858     |
|    std                  | 0.663       |
|    value_loss           | 0.0656      |
-----------------------------------------
Early stopping at step 0 due to reaching max kl: 0.03
-----------------------------------------
| rollout/                |             |
|    ep_len_mean          | 499         |
|    ep_rew_mean          | 741         |
| time/                   |             |
|    fps                  | 2644        |
|    iterations           | 166         |
|    time_elapsed         | 514         |
|    total_timesteps      | 1359872     |
| train/                  |             |
|    approx_kl            | 0.014283892 |
|    clip_fraction        | 0.188       |
|    clip_range           | 0.2         |
|    entropy_loss         | -8.05       |
|    explained_variance   | 0.822       |
|    learning_rate        | 0.000246    |
|    loss                 | 0.0202      |
|    n_updates            | 209         |
|    policy_gradient_loss | 0.00764     |
|    std                  | 0.663       |
|    value_loss           | 0.056       |
-----------------------------------------
Early stopping at step 0 due to reaching max kl: 0.03
-----------------------------------------
| rollout/                |             |
|    ep_len_mean          | 498         |
|    ep_rew_mean          | 737         |
| time/                   |             |
|    fps                  | 2645        |
|    iterations           | 167         |
|    time_elapsed         | 517         |
|    total_timesteps      | 1368064     |
| train/                  |             |
|    approx_kl            | 0.013045243 |
|    clip_fraction        | 0.181       |
|    clip_range           | 0.2         |
|    entropy_loss         | -8.04       |
|    explained_variance   | 0.813       |
|    learning_rate        | 0.000246    |
|    loss                 | 0.0668      |
|    n_updates            | 210         |
|    policy_gradient_loss | 0.00228     |
|    std                  | 0.662       |
|    value_loss           | 0.0462      |
-----------------------------------------
Early stopping at step 0 due to reaching max kl: 0.03
-----------------------------------------
| rollout/                |             |
|    ep_len_mean          | 517         |
|    ep_rew_mean          | 767         |
| time/                   |             |
|    fps                  | 2645        |
|    iterations           | 168         |
|    time_elapsed         | 520         |
|    total_timesteps      | 1376256     |
| train/                  |             |
|    approx_kl            | 0.012686248 |
|    clip_fraction        | 0.17        |
|    clip_range           | 0.2         |
|    entropy_loss         | -8.03       |
|    explained_variance   | 0.803       |
|    learning_rate        | 0.000245    |
|    loss                 | 0.103       |
|    n_updates            | 211         |
|    policy_gradient_loss | 0.0142      |
|    std                  | 0.661       |
|    value_loss           | 0.0805      |
-----------------------------------------
Early stopping at step 0 due to reaching max kl: 0.03
-----------------------------------------
| rollout/                |             |
|    ep_len_mean          | 495         |
|    ep_rew_mean          | 734         |
| time/                   |             |
|    fps                  | 2645        |
|    iterations           | 169         |
|    time_elapsed         | 523         |
|    total_timesteps      | 1384448     |
| train/                  |             |
|    approx_kl            | 0.013392709 |
|    clip_fraction        | 0.178       |
|    clip_range           | 0.2         |
|    entropy_loss         | -8.02       |
|    explained_variance   | 0.824       |
|    learning_rate        | 0.000245    |
|    loss                 | 0.057       |
|    n_updates            | 212         |
|    policy_gradient_loss | 0.00937     |
|    std                  | 0.659       |
|    value_loss           | 0.0532      |
-----------------------------------------
Early stopping at step 0 due to reaching max kl: 0.05
------------------------------------------
| rollout/                |              |
|    ep_len_mean          | 492          |
|    ep_rew_mean          | 725          |
| time/                   |              |
|    fps                  | 2645         |
|    iterations           | 170          |
|    time_elapsed         | 526          |
|    total_timesteps      | 1392640      |
| train/                  |              |
|    approx_kl            | 0.0117834415 |
|    clip_fraction        | 0.159        |
|    clip_range           | 0.2          |
|    entropy_loss         | -8           |
|    explained_variance   | 0.791        |
|    learning_rate        | 0.000245     |
|    loss                 | 0.0653       |
|    n_updates            | 213          |
|    policy_gradient_loss | 0.00245      |
|    std                  | 0.659        |
|    value_loss           | 0.13         |
------------------------------------------
Early stopping at step 0 due to reaching max kl: 0.04
------------------------------------------
| rollout/                |              |
|    ep_len_mean          | 461          |
|    ep_rew_mean          | 677          |
| time/                   |              |
|    fps                  | 2645         |
|    iterations           | 171          |
|    time_elapsed         | 529          |
|    total_timesteps      | 1400832      |
| train/                  |              |
|    approx_kl            | 0.0142320255 |
|    clip_fraction        | 0.197        |
|    clip_range           | 0.2          |
|    entropy_loss         | -7.99        |
|    explained_variance   | 0.831        |
|    learning_rate        | 0.000244     |
|    loss                 | 0.0541       |
|    n_updates            | 214          |
|    policy_gradient_loss | 0.0125       |
|    std                  | 0.658        |
|    value_loss           | 0.0922       |
------------------------------------------
Early stopping at step 0 due to reaching max kl: 0.03
-----------------------------------------
| rollout/                |             |
|    ep_len_mean          | 445         |
|    ep_rew_mean          | 654         |
| time/                   |             |
|    fps                  | 2646        |
|    iterations           | 172         |
|    time_elapsed         | 532         |
|    total_timesteps      | 1409024     |
| train/                  |             |
|    approx_kl            | 0.010390201 |
|    clip_fraction        | 0.134       |
|    clip_range           | 0.2         |
|    entropy_loss         | -7.99       |
|    explained_variance   | 0.818       |
|    learning_rate        | 0.000244    |
|    loss                 | 0.0402      |
|    n_updates            | 215         |
|    policy_gradient_loss | 0.00793     |
|    std                  | 0.657       |
|    value_loss           | 0.0766      |
-----------------------------------------
Early stopping at step 0 due to reaching max kl: 0.03
------------------------------------------
| rollout/                |              |
|    ep_len_mean          | 413          |
|    ep_rew_mean          | 608          |
| time/                   |              |
|    fps                  | 2645         |
|    iterations           | 173          |
|    time_elapsed         | 535          |
|    total_timesteps      | 1417216      |
| train/                  |              |
|    approx_kl            | 0.0145570915 |
|    clip_fraction        | 0.207        |
|    clip_range           | 0.2          |
|    entropy_loss         | -7.98        |
|    explained_variance   | 0.818        |
|    learning_rate        | 0.000244     |
|    loss                 | 0.0492       |
|    n_updates            | 216          |
|    policy_gradient_loss | 0.00881      |
|    std                  | 0.656        |
|    value_loss           | 0.0561       |
------------------------------------------
Early stopping at step 0 due to reaching max kl: 0.03
-----------------------------------------
| rollout/                |             |
|    ep_len_mean          | 454         |
|    ep_rew_mean          | 669         |
| time/                   |             |
|    fps                  | 2645        |
|    iterations           | 174         |
|    time_elapsed         | 538         |
|    total_timesteps      | 1425408     |
| train/                  |             |
|    approx_kl            | 0.013339305 |
|    clip_fraction        | 0.18        |
|    clip_range           | 0.2         |
|    entropy_loss         | -7.96       |
|    explained_variance   | 0.828       |
|    learning_rate        | 0.000243    |
|    loss                 | 0.0931      |
|    n_updates            | 217         |
|    policy_gradient_loss | 0.0042      |
|    std                  | 0.655       |
|    value_loss           | 0.0814      |
-----------------------------------------
Early stopping at step 0 due to reaching max kl: 0.03
-----------------------------------------
| rollout/                |             |
|    ep_len_mean          | 442         |
|    ep_rew_mean          | 654         |
| time/                   |             |
|    fps                  | 2646        |
|    iterations           | 175         |
|    time_elapsed         | 541         |
|    total_timesteps      | 1433600     |
| train/                  |             |
|    approx_kl            | 0.011124757 |
|    clip_fraction        | 0.153       |
|    clip_range           | 0.2         |
|    entropy_loss         | -7.95       |
|    explained_variance   | 0.818       |
|    learning_rate        | 0.000243    |
|    loss                 | 0.0797      |
|    n_updates            | 218         |
|    policy_gradient_loss | 0.00386     |
|    std                  | 0.654       |
|    value_loss           | 0.0617      |
-----------------------------------------
Early stopping at step 0 due to reaching max kl: 0.04
----------------------------------------
| rollout/                |            |
|    ep_len_mean          | 446        |
|    ep_rew_mean          | 662        |
| time/                   |            |
|    fps                  | 2646       |
|    iterations           | 176        |
|    time_elapsed         | 544        |
|    total_timesteps      | 1441792    |
| train/                  |            |
|    approx_kl            | 0.01248373 |
|    clip_fraction        | 0.156      |
|    clip_range           | 0.2        |
|    entropy_loss         | -7.94      |
|    explained_variance   | 0.826      |
|    learning_rate        | 0.000243   |
|    loss                 | 0.0947     |
|    n_updates            | 219        |
|    policy_gradient_loss | 0.00972    |
|    std                  | 0.654      |
|    value_loss           | 0.109      |
----------------------------------------
Early stopping at step 0 due to reaching max kl: 0.05
-----------------------------------------
| rollout/                |             |
|    ep_len_mean          | 432         |
|    ep_rew_mean          | 638         |
| time/                   |             |
|    fps                  | 2646        |
|    iterations           | 177         |
|    time_elapsed         | 547         |
|    total_timesteps      | 1449984     |
| train/                  |             |
|    approx_kl            | 0.015391368 |
|    clip_fraction        | 0.212       |
|    clip_range           | 0.2         |
|    entropy_loss         | -7.93       |
|    explained_variance   | 0.829       |
|    learning_rate        | 0.000242    |
|    loss                 | 0.136       |
|    n_updates            | 220         |
|    policy_gradient_loss | 0.0131      |
|    std                  | 0.652       |
|    value_loss           | 0.0892      |
-----------------------------------------
Early stopping at step 0 due to reaching max kl: 0.03
------------------------------------------
| rollout/                |              |
|    ep_len_mean          | 396          |
|    ep_rew_mean          | 583          |
| time/                   |              |
|    fps                  | 2646         |
|    iterations           | 178          |
|    time_elapsed         | 551          |
|    total_timesteps      | 1458176      |
| train/                  |              |
|    approx_kl            | 0.0153569495 |
|    clip_fraction        | 0.201        |
|    clip_range           | 0.2          |
|    entropy_loss         | -7.91        |
|    explained_variance   | 0.852        |
|    learning_rate        | 0.000242     |
|    loss                 | 0.0696       |
|    n_updates            | 221          |
|    policy_gradient_loss | 0.00914      |
|    std                  | 0.651        |
|    value_loss           | 0.0778       |
------------------------------------------
Early stopping at step 0 due to reaching max kl: 0.03
-----------------------------------------
| rollout/                |             |
|    ep_len_mean          | 379         |
|    ep_rew_mean          | 553         |
| time/                   |             |
|    fps                  | 2646        |
|    iterations           | 179         |
|    time_elapsed         | 554         |
|    total_timesteps      | 1466368     |
| train/                  |             |
|    approx_kl            | 0.012439793 |
|    clip_fraction        | 0.159       |
|    clip_range           | 0.2         |
|    entropy_loss         | -7.9        |
|    explained_variance   | 0.817       |
|    learning_rate        | 0.000242    |
|    loss                 | 0.0816      |
|    n_updates            | 222         |
|    policy_gradient_loss | 0.00561     |
|    std                  | 0.65        |
|    value_loss           | 0.121       |
-----------------------------------------
Early stopping at step 0 due to reaching max kl: 0.03
-----------------------------------------
| rollout/                |             |
|    ep_len_mean          | 424         |
|    ep_rew_mean          | 619         |
| time/                   |             |
|    fps                  | 2646        |
|    iterations           | 180         |
|    time_elapsed         | 557         |
|    total_timesteps      | 1474560     |
| train/                  |             |
|    approx_kl            | 0.011154327 |
|    clip_fraction        | 0.157       |
|    clip_range           | 0.2         |
|    entropy_loss         | -7.89       |
|    explained_variance   | 0.838       |
|    learning_rate        | 0.000241    |
|    loss                 | 0.0588      |
|    n_updates            | 223         |
|    policy_gradient_loss | 0.00487     |
|    std                  | 0.649       |
|    value_loss           | 0.0792      |
-----------------------------------------
Early stopping at step 0 due to reaching max kl: 0.04
-----------------------------------------
| rollout/                |             |
|    ep_len_mean          | 435         |
|    ep_rew_mean          | 635         |
| time/                   |             |
|    fps                  | 2647        |
|    iterations           | 181         |
|    time_elapsed         | 560         |
|    total_timesteps      | 1482752     |
| train/                  |             |
|    approx_kl            | 0.011949965 |
|    clip_fraction        | 0.16        |
|    clip_range           | 0.2         |
|    entropy_loss         | -7.88       |
|    explained_variance   | 0.856       |
|    learning_rate        | 0.000241    |
|    loss                 | 0.0419      |
|    n_updates            | 224         |
|    policy_gradient_loss | 0.00829     |
|    std                  | 0.648       |
|    value_loss           | 0.0572      |
-----------------------------------------
Early stopping at step 0 due to reaching max kl: 0.03
-----------------------------------------
| rollout/                |             |
|    ep_len_mean          | 448         |
|    ep_rew_mean          | 660         |
| time/                   |             |
|    fps                  | 2647        |
|    iterations           | 182         |
|    time_elapsed         | 563         |
|    total_timesteps      | 1490944     |
| train/                  |             |
|    approx_kl            | 0.013799848 |
|    clip_fraction        | 0.176       |
|    clip_range           | 0.2         |
|    entropy_loss         | -7.86       |
|    explained_variance   | 0.823       |
|    learning_rate        | 0.000241    |
|    loss                 | 0.0467      |
|    n_updates            | 225         |
|    policy_gradient_loss | 0.00747     |
|    std                  | 0.647       |
|    value_loss           | 0.0792      |
-----------------------------------------
Early stopping at step 0 due to reaching max kl: 0.03
-----------------------------------------
| rollout/                |             |
|    ep_len_mean          | 472         |
|    ep_rew_mean          | 699         |
| time/                   |             |
|    fps                  | 2646        |
|    iterations           | 183         |
|    time_elapsed         | 566         |
|    total_timesteps      | 1499136     |
| train/                  |             |
|    approx_kl            | 0.012796272 |
|    clip_fraction        | 0.182       |
|    clip_range           | 0.2         |
|    entropy_loss         | -7.85       |
|    explained_variance   | 0.858       |
|    learning_rate        | 0.00024     |
|    loss                 | 0.122       |
|    n_updates            | 226         |
|    policy_gradient_loss | 0.00378     |
|    std                  | 0.646       |
|    value_loss           | 0.0547      |
-----------------------------------------
Early stopping at step 0 due to reaching max kl: 0.03
-----------------------------------------
| rollout/                |             |
|    ep_len_mean          | 503         |
|    ep_rew_mean          | 749         |
| time/                   |             |
|    fps                  | 2646        |
|    iterations           | 184         |
|    time_elapsed         | 569         |
|    total_timesteps      | 1507328     |
| train/                  |             |
|    approx_kl            | 0.009960823 |
|    clip_fraction        | 0.131       |
|    clip_range           | 0.2         |
|    entropy_loss         | -7.84       |
|    explained_variance   | 0.842       |
|    learning_rate        | 0.00024     |
|    loss                 | 0.077       |
|    n_updates            | 227         |
|    policy_gradient_loss | 0.00744     |
|    std                  | 0.645       |
|    value_loss           | 0.0589      |
-----------------------------------------
Early stopping at step 0 due to reaching max kl: 0.04
-----------------------------------------
| rollout/                |             |
|    ep_len_mean          | 524         |
|    ep_rew_mean          | 782         |
| time/                   |             |
|    fps                  | 2647        |
|    iterations           | 185         |
|    time_elapsed         | 572         |
|    total_timesteps      | 1515520     |
| train/                  |             |
|    approx_kl            | 0.012817887 |
|    clip_fraction        | 0.163       |
|    clip_range           | 0.2         |
|    entropy_loss         | -7.82       |
|    explained_variance   | 0.836       |
|    learning_rate        | 0.00024     |
|    loss                 | 0.003       |
|    n_updates            | 228         |
|    policy_gradient_loss | 0.00328     |
|    std                  | 0.644       |
|    value_loss           | 0.0587      |
-----------------------------------------
Early stopping at step 0 due to reaching max kl: 0.03
-----------------------------------------
| rollout/                |             |
|    ep_len_mean          | 530         |
|    ep_rew_mean          | 788         |
| time/                   |             |
|    fps                  | 2647        |
|    iterations           | 186         |
|    time_elapsed         | 575         |
|    total_timesteps      | 1523712     |
| train/                  |             |
|    approx_kl            | 0.016018089 |
|    clip_fraction        | 0.215       |
|    clip_range           | 0.2         |
|    entropy_loss         | -7.81       |
|    explained_variance   | 0.853       |
|    learning_rate        | 0.000239    |
|    loss                 | 0.0968      |
|    n_updates            | 229         |
|    policy_gradient_loss | 0.0108      |
|    std                  | 0.643       |
|    value_loss           | 0.0776      |
-----------------------------------------
Early stopping at step 0 due to reaching max kl: 0.03
-----------------------------------------
| rollout/                |             |
|    ep_len_mean          | 508         |
|    ep_rew_mean          | 760         |
| time/                   |             |
|    fps                  | 2648        |
|    iterations           | 187         |
|    time_elapsed         | 578         |
|    total_timesteps      | 1531904     |
| train/                  |             |
|    approx_kl            | 0.010880187 |
|    clip_fraction        | 0.146       |
|    clip_range           | 0.2         |
|    entropy_loss         | -7.8        |
|    explained_variance   | 0.877       |
|    learning_rate        | 0.000239    |
|    loss                 | -0.00799    |
|    n_updates            | 230         |
|    policy_gradient_loss | 0.00454     |
|    std                  | 0.642       |
|    value_loss           | 0.0565      |
-----------------------------------------
Early stopping at step 0 due to reaching max kl: 0.04
------------------------------------------
| rollout/                |              |
|    ep_len_mean          | 522          |
|    ep_rew_mean          | 782          |
| time/                   |              |
|    fps                  | 2648         |
|    iterations           | 188          |
|    time_elapsed         | 581          |
|    total_timesteps      | 1540096      |
| train/                  |              |
|    approx_kl            | 0.0120957345 |
|    clip_fraction        | 0.165        |
|    clip_range           | 0.2          |
|    entropy_loss         | -7.79        |
|    explained_variance   | 0.817        |
|    learning_rate        | 0.000239     |
|    loss                 | 0.0509       |
|    n_updates            | 231          |
|    policy_gradient_loss | 0.00745      |
|    std                  | 0.641        |
|    value_loss           | 0.0772       |
------------------------------------------
Early stopping at step 0 due to reaching max kl: 0.03
----------------------------------------
| rollout/                |            |
|    ep_len_mean          | 508        |
|    ep_rew_mean          | 762        |
| time/                   |            |
|    fps                  | 2648       |
|    iterations           | 189        |
|    time_elapsed         | 584        |
|    total_timesteps      | 1548288    |
| train/                  |            |
|    approx_kl            | 0.01479785 |
|    clip_fraction        | 0.202      |
|    clip_range           | 0.2        |
|    entropy_loss         | -7.78      |
|    explained_variance   | 0.811      |
|    learning_rate        | 0.000238   |
|    loss                 | 0.0461     |
|    n_updates            | 232        |
|    policy_gradient_loss | 0.0101     |
|    std                  | 0.64       |
|    value_loss           | 0.0659     |
----------------------------------------
Early stopping at step 0 due to reaching max kl: 0.03
-----------------------------------------
| rollout/                |             |
|    ep_len_mean          | 523         |
|    ep_rew_mean          | 786         |
| time/                   |             |
|    fps                  | 2649        |
|    iterations           | 190         |
|    time_elapsed         | 587         |
|    total_timesteps      | 1556480     |
| train/                  |             |
|    approx_kl            | 0.011434741 |
|    clip_fraction        | 0.152       |
|    clip_range           | 0.2         |
|    entropy_loss         | -7.76       |
|    explained_variance   | 0.853       |
|    learning_rate        | 0.000238    |
|    loss                 | 0.0325      |
|    n_updates            | 233         |
|    policy_gradient_loss | 0.00508     |
|    std                  | 0.639       |
|    value_loss           | 0.0595      |
-----------------------------------------
Early stopping at step 0 due to reaching max kl: 0.04
-----------------------------------------
| rollout/                |             |
|    ep_len_mean          | 541         |
|    ep_rew_mean          | 813         |
| time/                   |             |
|    fps                  | 2649        |
|    iterations           | 191         |
|    time_elapsed         | 590         |
|    total_timesteps      | 1564672     |
| train/                  |             |
|    approx_kl            | 0.010134651 |
|    clip_fraction        | 0.136       |
|    clip_range           | 0.2         |
|    entropy_loss         | -7.75       |
|    explained_variance   | 0.829       |
|    learning_rate        | 0.000238    |
|    loss                 | 0.0592      |
|    n_updates            | 234         |
|    policy_gradient_loss | 0.0106      |
|    std                  | 0.638       |
|    value_loss           | 0.0693      |
-----------------------------------------
Early stopping at step 0 due to reaching max kl: 0.04
------------------------------------------
| rollout/                |              |
|    ep_len_mean          | 531          |
|    ep_rew_mean          | 805          |
| time/                   |              |
|    fps                  | 2649         |
|    iterations           | 192          |
|    time_elapsed         | 593          |
|    total_timesteps      | 1572864      |
| train/                  |              |
|    approx_kl            | 0.0132258795 |
|    clip_fraction        | 0.182        |
|    clip_range           | 0.2          |
|    entropy_loss         | -7.74        |
|    explained_variance   | 0.812        |
|    learning_rate        | 0.000237     |
|    loss                 | 0.0515       |
|    n_updates            | 235          |
|    policy_gradient_loss | 0.00915      |
|    std                  | 0.637        |
|    value_loss           | 0.0735       |
------------------------------------------
Early stopping at step 0 due to reaching max kl: 0.03
-----------------------------------------
| rollout/                |             |
|    ep_len_mean          | 532         |
|    ep_rew_mean          | 812         |
| time/                   |             |
|    fps                  | 2650        |
|    iterations           | 193         |
|    time_elapsed         | 596         |
|    total_timesteps      | 1581056     |
| train/                  |             |
|    approx_kl            | 0.013250811 |
|    clip_fraction        | 0.17        |
|    clip_range           | 0.2         |
|    entropy_loss         | -7.73       |
|    explained_variance   | 0.789       |
|    learning_rate        | 0.000237    |
|    loss                 | 0.0932      |
|    n_updates            | 236         |
|    policy_gradient_loss | 0.00528     |
|    std                  | 0.636       |
|    value_loss           | 0.0732      |
-----------------------------------------
Early stopping at step 0 due to reaching max kl: 0.03
-----------------------------------------
| rollout/                |             |
|    ep_len_mean          | 558         |
|    ep_rew_mean          | 854         |
| time/                   |             |
|    fps                  | 2650        |
|    iterations           | 194         |
|    time_elapsed         | 599         |
|    total_timesteps      | 1589248     |
| train/                  |             |
|    approx_kl            | 0.011727248 |
|    clip_fraction        | 0.16        |
|    clip_range           | 0.2         |
|    entropy_loss         | -7.72       |
|    explained_variance   | 0.805       |
|    learning_rate        | 0.000237    |
|    loss                 | 0.0683      |
|    n_updates            | 237         |
|    policy_gradient_loss | 0.00499     |
|    std                  | 0.636       |
|    value_loss           | 0.0733      |
-----------------------------------------
Early stopping at step 0 due to reaching max kl: 0.03
[Progress] Training 3/6: 1,590,260/5,000,000 steps (31.8%); 3 full runs remain afterward; rough training ETA 1h 56m.
-----------------------------------------
| rollout/                |             |
|    ep_len_mean          | 573         |
|    ep_rew_mean          | 876         |
| time/                   |             |
|    fps                  | 2651        |
|    iterations           | 195         |
|    time_elapsed         | 602         |
|    total_timesteps      | 1597440     |
| train/                  |             |
|    approx_kl            | 0.010686433 |
|    clip_fraction        | 0.146       |
|    clip_range           | 0.2         |
|    entropy_loss         | -7.71       |
|    explained_variance   | 0.814       |
|    learning_rate        | 0.000236    |
|    loss                 | 0.0403      |
|    n_updates            | 238         |
|    policy_gradient_loss | 0.00998     |
|    std                  | 0.635       |
|    value_loss           | 0.0567      |
-----------------------------------------
Early stopping at step 0 due to reaching max kl: 0.04
-----------------------------------------
| rollout/                |             |
|    ep_len_mean          | 573         |
|    ep_rew_mean          | 873         |
| time/                   |             |
|    fps                  | 2651        |
|    iterations           | 196         |
|    time_elapsed         | 605         |
|    total_timesteps      | 1605632     |
| train/                  |             |
|    approx_kl            | 0.015481086 |
|    clip_fraction        | 0.209       |
|    clip_range           | 0.2         |
|    entropy_loss         | -7.7        |
|    explained_variance   | 0.82        |
|    learning_rate        | 0.000236    |
|    loss                 | 0.041       |
|    n_updates            | 239         |
|    policy_gradient_loss | 0.0102      |
|    std                  | 0.634       |
|    value_loss           | 0.0442      |
-----------------------------------------
Early stopping at step 0 due to reaching max kl: 0.04
-----------------------------------------
| rollout/                |             |
|    ep_len_mean          | 599         |
|    ep_rew_mean          | 921         |
| time/                   |             |
|    fps                  | 2651        |
|    iterations           | 197         |
|    time_elapsed         | 608         |
|    total_timesteps      | 1613824     |
| train/                  |             |
|    approx_kl            | 0.015463288 |
|    clip_fraction        | 0.215       |
|    clip_range           | 0.2         |
|    entropy_loss         | -7.69       |
|    explained_variance   | 0.802       |
|    learning_rate        | 0.000236    |
|    loss                 | 0.125       |
|    n_updates            | 240         |
|    policy_gradient_loss | 0.0096      |
|    std                  | 0.633       |
|    value_loss           | 0.0543      |
-----------------------------------------
Early stopping at step 0 due to reaching max kl: 0.03
-----------------------------------------
| rollout/                |             |
|    ep_len_mean          | 603         |
|    ep_rew_mean          | 928         |
| time/                   |             |
|    fps                  | 2652        |
|    iterations           | 198         |
|    time_elapsed         | 611         |
|    total_timesteps      | 1622016     |
| train/                  |             |
|    approx_kl            | 0.011885051 |
|    clip_fraction        | 0.145       |
|    clip_range           | 0.2         |
|    entropy_loss         | -7.68       |
|    explained_variance   | 0.783       |
|    learning_rate        | 0.000235    |
|    loss                 | 0.0367      |
|    n_updates            | 241         |
|    policy_gradient_loss | 0.00319     |
|    std                  | 0.632       |
|    value_loss           | 0.0548      |
-----------------------------------------
Early stopping at step 0 due to reaching max kl: 0.03
----------------------------------------
| rollout/                |            |
|    ep_len_mean          | 574        |
|    ep_rew_mean          | 883        |
| time/                   |            |
|    fps                  | 2652       |
|    iterations           | 199        |
|    time_elapsed         | 614        |
|    total_timesteps      | 1630208    |
| train/                  |            |
|    approx_kl            | 0.01048731 |
|    clip_fraction        | 0.136      |
|    clip_range           | 0.2        |
|    entropy_loss         | -7.67      |
|    explained_variance   | 0.784      |
|    learning_rate        | 0.000235   |
|    loss                 | 0.0149     |
|    n_updates            | 242        |
|    policy_gradient_loss | 0.00344    |
|    std                  | 0.632      |
|    value_loss           | 0.0658     |
----------------------------------------
Early stopping at step 0 due to reaching max kl: 0.03
----------------------------------------
| rollout/                |            |
|    ep_len_mean          | 584        |
|    ep_rew_mean          | 902        |
| time/                   |            |
|    fps                  | 2652       |
|    iterations           | 200        |
|    time_elapsed         | 617        |
|    total_timesteps      | 1638400    |
| train/                  |            |
|    approx_kl            | 0.01133632 |
|    clip_fraction        | 0.157      |
|    clip_range           | 0.2        |
|    entropy_loss         | -7.66      |
|    explained_variance   | 0.729      |
|    learning_rate        | 0.000235   |
|    loss                 | 0.0276     |
|    n_updates            | 243        |
|    policy_gradient_loss | 0.00415    |
|    std                  | 0.631      |
|    value_loss           | 0.101      |
----------------------------------------
Early stopping at step 0 due to reaching max kl: 0.04
-----------------------------------------
| rollout/                |             |
|    ep_len_mean          | 620         |
|    ep_rew_mean          | 959         |
| time/                   |             |
|    fps                  | 2653        |
|    iterations           | 201         |
|    time_elapsed         | 620         |
|    total_timesteps      | 1646592     |
| train/                  |             |
|    approx_kl            | 0.011004769 |
|    clip_fraction        | 0.144       |
|    clip_range           | 0.2         |
|    entropy_loss         | -7.65       |
|    explained_variance   | 0.78        |
|    learning_rate        | 0.000234    |
|    loss                 | 0.015       |
|    n_updates            | 244         |
|    policy_gradient_loss | 0.00315     |
|    std                  | 0.63        |
|    value_loss           | 0.0811      |
-----------------------------------------
Early stopping at step 0 due to reaching max kl: 0.03
-----------------------------------------
| rollout/                |             |
|    ep_len_mean          | 564         |
|    ep_rew_mean          | 877         |
| time/                   |             |
|    fps                  | 2653        |
|    iterations           | 202         |
|    time_elapsed         | 623         |
|    total_timesteps      | 1654784     |
| train/                  |             |
|    approx_kl            | 0.011061175 |
|    clip_fraction        | 0.151       |
|    clip_range           | 0.2         |
|    entropy_loss         | -7.64       |
|    explained_variance   | 0.737       |
|    learning_rate        | 0.000234    |
|    loss                 | 0.00575     |
|    n_updates            | 245         |
|    policy_gradient_loss | 0.00239     |
|    std                  | 0.629       |
|    value_loss           | 0.0372      |
-----------------------------------------
Early stopping at step 0 due to reaching max kl: 0.03
-----------------------------------------
| rollout/                |             |
|    ep_len_mean          | 524         |
|    ep_rew_mean          | 814         |
| time/                   |             |
|    fps                  | 2654        |
|    iterations           | 203         |
|    time_elapsed         | 626         |
|    total_timesteps      | 1662976     |
| train/                  |             |
|    approx_kl            | 0.012601743 |
|    clip_fraction        | 0.173       |
|    clip_range           | 0.2         |
|    entropy_loss         | -7.63       |
|    explained_variance   | 0.689       |
|    learning_rate        | 0.000234    |
|    loss                 | 0.00553     |
|    n_updates            | 246         |
|    policy_gradient_loss | 0.00743     |
|    std                  | 0.628       |
|    value_loss           | 0.0989      |
-----------------------------------------
Early stopping at step 0 due to reaching max kl: 0.04
-----------------------------------------
| rollout/                |             |
|    ep_len_mean          | 495         |
|    ep_rew_mean          | 764         |
| time/                   |             |
|    fps                  | 2654        |
|    iterations           | 204         |
|    time_elapsed         | 629         |
|    total_timesteps      | 1671168     |
| train/                  |             |
|    approx_kl            | 0.011695672 |
|    clip_fraction        | 0.152       |
|    clip_range           | 0.2         |
|    entropy_loss         | -7.62       |
|    explained_variance   | 0.709       |
|    learning_rate        | 0.000233    |
|    loss                 | 0.0512      |
|    n_updates            | 247         |
|    policy_gradient_loss | 0.00523     |
|    std                  | 0.628       |
|    value_loss           | 0.127       |
-----------------------------------------
Early stopping at step 0 due to reaching max kl: 0.03
------------------------------------------
| rollout/                |              |
|    ep_len_mean          | 495          |
|    ep_rew_mean          | 764          |
| time/                   |              |
|    fps                  | 2654         |
|    iterations           | 205          |
|    time_elapsed         | 632          |
|    total_timesteps      | 1679360      |
| train/                  |              |
|    approx_kl            | 0.0105979955 |
|    clip_fraction        | 0.143        |
|    clip_range           | 0.2          |
|    entropy_loss         | -7.61        |
|    explained_variance   | 0.813        |
|    learning_rate        | 0.000233     |
|    loss                 | 0.026        |
|    n_updates            | 248          |
|    policy_gradient_loss | 0.00896      |
|    std                  | 0.627        |
|    value_loss           | 0.0587       |
------------------------------------------
Early stopping at step 0 due to reaching max kl: 0.04
-----------------------------------------
| rollout/                |             |
|    ep_len_mean          | 548         |
|    ep_rew_mean          | 853         |
| time/                   |             |
|    fps                  | 2655        |
|    iterations           | 206         |
|    time_elapsed         | 635         |
|    total_timesteps      | 1687552     |
| train/                  |             |
|    approx_kl            | 0.008508936 |
|    clip_fraction        | 0.0938      |
|    clip_range           | 0.2         |
|    entropy_loss         | -7.6        |
|    explained_variance   | 0.79        |
|    learning_rate        | 0.000233    |
|    loss                 | 0.0461      |
|    n_updates            | 249         |
|    policy_gradient_loss | 0.00417     |
|    std                  | 0.626       |
|    value_loss           | 0.081       |
-----------------------------------------
Early stopping at step 0 due to reaching max kl: 0.03
------------------------------------------
| rollout/                |              |
|    ep_len_mean          | 521          |
|    ep_rew_mean          | 807          |
| time/                   |              |
|    fps                  | 2655         |
|    iterations           | 207          |
|    time_elapsed         | 638          |
|    total_timesteps      | 1695744      |
| train/                  |              |
|    approx_kl            | 0.0110567985 |
|    clip_fraction        | 0.14         |
|    clip_range           | 0.2          |
|    entropy_loss         | -7.59        |
|    explained_variance   | 0.817        |
|    learning_rate        | 0.000232     |
|    loss                 | 0.0192       |
|    n_updates            | 250          |
|    policy_gradient_loss | 0.00571      |
|    std                  | 0.626        |
|    value_loss           | 0.0322       |
------------------------------------------
Early stopping at step 0 due to reaching max kl: 0.04
-----------------------------------------
| rollout/                |             |
|    ep_len_mean          | 535         |
|    ep_rew_mean          | 828         |
| time/                   |             |
|    fps                  | 2656        |
|    iterations           | 208         |
|    time_elapsed         | 641         |
|    total_timesteps      | 1703936     |
| train/                  |             |
|    approx_kl            | 0.012058849 |
|    clip_fraction        | 0.156       |
|    clip_range           | 0.2         |
|    entropy_loss         | -7.58       |
|    explained_variance   | 0.752       |
|    learning_rate        | 0.000232    |
|    loss                 | 0.082       |
|    n_updates            | 251         |
|    policy_gradient_loss | 0.01        |
|    std                  | 0.625       |
|    value_loss           | 0.0911      |
-----------------------------------------
Early stopping at step 0 due to reaching max kl: 0.03
-----------------------------------------
| rollout/                |             |
|    ep_len_mean          | 534         |
|    ep_rew_mean          | 826         |
| time/                   |             |
|    fps                  | 2656        |
|    iterations           | 209         |
|    time_elapsed         | 644         |
|    total_timesteps      | 1712128     |
| train/                  |             |
|    approx_kl            | 0.010238811 |
|    clip_fraction        | 0.136       |
|    clip_range           | 0.2         |
|    entropy_loss         | -7.57       |
|    explained_variance   | 0.781       |
|    learning_rate        | 0.000232    |
|    loss                 | 0.0356      |
|    n_updates            | 252         |
|    policy_gradient_loss | 0.000681    |
|    std                  | 0.624       |
|    value_loss           | 0.0737      |
-----------------------------------------
Early stopping at step 0 due to reaching max kl: 0.04
-----------------------------------------
| rollout/                |             |
|    ep_len_mean          | 575         |
|    ep_rew_mean          | 892         |
| time/                   |             |
|    fps                  | 2656        |
|    iterations           | 210         |
|    time_elapsed         | 647         |
|    total_timesteps      | 1720320     |
| train/                  |             |
|    approx_kl            | 0.013622457 |
|    clip_fraction        | 0.184       |
|    clip_range           | 0.2         |
|    entropy_loss         | -7.56       |
|    explained_variance   | 0.781       |
|    learning_rate        | 0.000232    |
|    loss                 | 0.0435      |
|    n_updates            | 253         |
|    policy_gradient_loss | 0.0105      |
|    std                  | 0.623       |
|    value_loss           | 0.0965      |
-----------------------------------------
Early stopping at step 0 due to reaching max kl: 0.03
-----------------------------------------
| rollout/                |             |
|    ep_len_mean          | 593         |
|    ep_rew_mean          | 926         |
| time/                   |             |
|    fps                  | 2656        |
|    iterations           | 211         |
|    time_elapsed         | 650         |
|    total_timesteps      | 1728512     |
| train/                  |             |
|    approx_kl            | 0.012414988 |
|    clip_fraction        | 0.169       |
|    clip_range           | 0.2         |
|    entropy_loss         | -7.54       |
|    explained_variance   | 0.813       |
|    learning_rate        | 0.000231    |
|    loss                 | 0.0603      |
|    n_updates            | 254         |
|    policy_gradient_loss | 0.00917     |
|    std                  | 0.621       |
|    value_loss           | 0.034       |
-----------------------------------------
Early stopping at step 0 due to reaching max kl: 0.03
-----------------------------------------
| rollout/                |             |
|    ep_len_mean          | 588         |
|    ep_rew_mean          | 917         |
| time/                   |             |
|    fps                  | 2657        |
|    iterations           | 212         |
|    time_elapsed         | 653         |
|    total_timesteps      | 1736704     |
| train/                  |             |
|    approx_kl            | 0.011188399 |
|    clip_fraction        | 0.14        |
|    clip_range           | 0.2         |
|    entropy_loss         | -7.52       |
|    explained_variance   | 0.783       |
|    learning_rate        | 0.000231    |
|    loss                 | 0.0311      |
|    n_updates            | 255         |
|    policy_gradient_loss | 0.00487     |
|    std                  | 0.62        |
|    value_loss           | 0.0491      |
-----------------------------------------
Early stopping at step 0 due to reaching max kl: 0.04
-----------------------------------------
| rollout/                |             |
|    ep_len_mean          | 543         |
|    ep_rew_mean          | 844         |
| time/                   |             |
|    fps                  | 2657        |
|    iterations           | 213         |
|    time_elapsed         | 656         |
|    total_timesteps      | 1744896     |
| train/                  |             |
|    approx_kl            | 0.013264886 |
|    clip_fraction        | 0.186       |
|    clip_range           | 0.2         |
|    entropy_loss         | -7.51       |
|    explained_variance   | 0.767       |
|    learning_rate        | 0.000231    |
|    loss                 | 0.138       |
|    n_updates            | 256         |
|    policy_gradient_loss | 0.0106      |
|    std                  | 0.62        |
|    value_loss           | 0.0885      |
-----------------------------------------
Early stopping at step 0 due to reaching max kl: 0.03
-----------------------------------------
| rollout/                |             |
|    ep_len_mean          | 536         |
|    ep_rew_mean          | 835         |
| time/                   |             |
|    fps                  | 2658        |
|    iterations           | 214         |
|    time_elapsed         | 659         |
|    total_timesteps      | 1753088     |
| train/                  |             |
|    approx_kl            | 0.008817814 |
|    clip_fraction        | 0.107       |
|    clip_range           | 0.2         |
|    entropy_loss         | -7.51       |
|    explained_variance   | 0.803       |
|    learning_rate        | 0.00023     |
|    loss                 | 0.0201      |
|    n_updates            | 257         |
|    policy_gradient_loss | 0.00411     |
|    std                  | 0.619       |
|    value_loss           | 0.0839      |
-----------------------------------------
Early stopping at step 0 due to reaching max kl: 0.03
-----------------------------------------
| rollout/                |             |
|    ep_len_mean          | 543         |
|    ep_rew_mean          | 852         |
| time/                   |             |
|    fps                  | 2658        |
|    iterations           | 215         |
|    time_elapsed         | 662         |
|    total_timesteps      | 1761280     |
| train/                  |             |
|    approx_kl            | 0.011445964 |
|    clip_fraction        | 0.16        |
|    clip_range           | 0.2         |
|    entropy_loss         | -7.5        |
|    explained_variance   | 0.785       |
|    learning_rate        | 0.00023     |
|    loss                 | 0.156       |
|    n_updates            | 258         |
|    policy_gradient_loss | 0.00483     |
|    std                  | 0.618       |
|    value_loss           | 0.0876      |
-----------------------------------------
Early stopping at step 0 due to reaching max kl: 0.03
-----------------------------------------
| rollout/                |             |
|    ep_len_mean          | 493         |
|    ep_rew_mean          | 773         |
| time/                   |             |
|    fps                  | 2658        |
|    iterations           | 216         |
|    time_elapsed         | 665         |
|    total_timesteps      | 1769472     |
| train/                  |             |
|    approx_kl            | 0.011810776 |
|    clip_fraction        | 0.163       |
|    clip_range           | 0.2         |
|    entropy_loss         | -7.49       |
|    explained_variance   | 0.795       |
|    learning_rate        | 0.00023     |
|    loss                 | 0.105       |
|    n_updates            | 259         |
|    policy_gradient_loss | 0.013       |
|    std                  | 0.617       |
|    value_loss           | 0.0778      |
-----------------------------------------
Early stopping at step 0 due to reaching max kl: 0.03
-----------------------------------------
| rollout/                |             |
|    ep_len_mean          | 470         |
|    ep_rew_mean          | 736         |
| time/                   |             |
|    fps                  | 2659        |
|    iterations           | 217         |
|    time_elapsed         | 668         |
|    total_timesteps      | 1777664     |
| train/                  |             |
|    approx_kl            | 0.012778338 |
|    clip_fraction        | 0.171       |
|    clip_range           | 0.2         |
|    entropy_loss         | -7.48       |
|    explained_variance   | 0.751       |
|    learning_rate        | 0.000229    |
|    loss                 | 0.0141      |
|    n_updates            | 260         |
|    policy_gradient_loss | 0.00481     |
|    std                  | 0.617       |
|    value_loss           | 0.116       |
-----------------------------------------
Early stopping at step 0 due to reaching max kl: 0.03
-----------------------------------------
| rollout/                |             |
|    ep_len_mean          | 457         |
|    ep_rew_mean          | 722         |
| time/                   |             |
|    fps                  | 2659        |
|    iterations           | 218         |
|    time_elapsed         | 671         |
|    total_timesteps      | 1785856     |
| train/                  |             |
|    approx_kl            | 0.012914896 |
|    clip_fraction        | 0.182       |
|    clip_range           | 0.2         |
|    entropy_loss         | -7.47       |
|    explained_variance   | 0.819       |
|    learning_rate        | 0.000229    |
|    loss                 | 0.0641      |
|    n_updates            | 261         |
|    policy_gradient_loss | 0.00504     |
|    std                  | 0.617       |
|    value_loss           | 0.0797      |
-----------------------------------------
Early stopping at step 0 due to reaching max kl: 0.03
-----------------------------------------
| rollout/                |             |
|    ep_len_mean          | 499         |
|    ep_rew_mean          | 794         |
| time/                   |             |
|    fps                  | 2659        |
|    iterations           | 219         |
|    time_elapsed         | 674         |
|    total_timesteps      | 1794048     |
| train/                  |             |
|    approx_kl            | 0.008485046 |
|    clip_fraction        | 0.111       |
|    clip_range           | 0.2         |
|    entropy_loss         | -7.47       |
|    explained_variance   | 0.791       |
|    learning_rate        | 0.000229    |
|    loss                 | 0.0131      |
|    n_updates            | 262         |
|    policy_gradient_loss | 0.00556     |
|    std                  | 0.616       |
|    value_loss           | 0.0904      |
-----------------------------------------
Early stopping at step 0 due to reaching max kl: 0.03
-----------------------------------------
| rollout/                |             |
|    ep_len_mean          | 506         |
|    ep_rew_mean          | 812         |
| time/                   |             |
|    fps                  | 2659        |
|    iterations           | 220         |
|    time_elapsed         | 677         |
|    total_timesteps      | 1802240     |
| train/                  |             |
|    approx_kl            | 0.012077366 |
|    clip_fraction        | 0.169       |
|    clip_range           | 0.2         |
|    entropy_loss         | -7.46       |
|    explained_variance   | 0.804       |
|    learning_rate        | 0.000228    |
|    loss                 | 0.0253      |
|    n_updates            | 263         |
|    policy_gradient_loss | 0.00641     |
|    std                  | 0.615       |
|    value_loss           | 0.0274      |
-----------------------------------------
Early stopping at step 0 due to reaching max kl: 0.03
-----------------------------------------
| rollout/                |             |
|    ep_len_mean          | 507         |
|    ep_rew_mean          | 813         |
| time/                   |             |
|    fps                  | 2660        |
|    iterations           | 221         |
|    time_elapsed         | 680         |
|    total_timesteps      | 1810432     |
| train/                  |             |
|    approx_kl            | 0.012673001 |
|    clip_fraction        | 0.177       |
|    clip_range           | 0.2         |
|    entropy_loss         | -7.44       |
|    explained_variance   | 0.72        |
|    learning_rate        | 0.000228    |
|    loss                 | 0.0903      |
|    n_updates            | 264         |
|    policy_gradient_loss | 0.00517     |
|    std                  | 0.614       |
|    value_loss           | 0.0931      |
-----------------------------------------
Early stopping at step 0 due to reaching max kl: 0.03
-----------------------------------------
| rollout/                |             |
|    ep_len_mean          | 529         |
|    ep_rew_mean          | 852         |
| time/                   |             |
|    fps                  | 2660        |
|    iterations           | 222         |
|    time_elapsed         | 683         |
|    total_timesteps      | 1818624     |
| train/                  |             |
|    approx_kl            | 0.012570143 |
|    clip_fraction        | 0.168       |
|    clip_range           | 0.2         |
|    entropy_loss         | -7.43       |
|    explained_variance   | 0.809       |
|    learning_rate        | 0.000228    |
|    loss                 | 0.119       |
|    n_updates            | 265         |
|    policy_gradient_loss | 0.00842     |
|    std                  | 0.613       |
|    value_loss           | 0.0689      |
-----------------------------------------
Early stopping at step 0 due to reaching max kl: 0.04
-----------------------------------------
| rollout/                |             |
|    ep_len_mean          | 545         |
|    ep_rew_mean          | 880         |
| time/                   |             |
|    fps                  | 2660        |
|    iterations           | 223         |
|    time_elapsed         | 686         |
|    total_timesteps      | 1826816     |
| train/                  |             |
|    approx_kl            | 0.014085599 |
|    clip_fraction        | 0.192       |
|    clip_range           | 0.2         |
|    entropy_loss         | -7.41       |
|    explained_variance   | 0.783       |
|    learning_rate        | 0.000227    |
|    loss                 | 0.0995      |
|    n_updates            | 266         |
|    policy_gradient_loss | 0.00962     |
|    std                  | 0.611       |
|    value_loss           | 0.072       |
-----------------------------------------
Early stopping at step 0 due to reaching max kl: 0.03
-----------------------------------------
| rollout/                |             |
|    ep_len_mean          | 553         |
|    ep_rew_mean          | 890         |
| time/                   |             |
|    fps                  | 2660        |
|    iterations           | 224         |
|    time_elapsed         | 689         |
|    total_timesteps      | 1835008     |
| train/                  |             |
|    approx_kl            | 0.010730998 |
|    clip_fraction        | 0.144       |
|    clip_range           | 0.2         |
|    entropy_loss         | -7.4        |
|    explained_variance   | 0.749       |
|    learning_rate        | 0.000227    |
|    loss                 | 0.0426      |
|    n_updates            | 267         |
|    policy_gradient_loss | 0.000598    |
|    std                  | 0.611       |
|    value_loss           | 0.104       |
-----------------------------------------
Early stopping at step 0 due to reaching max kl: 0.03
-----------------------------------------
| rollout/                |             |
|    ep_len_mean          | 544         |
|    ep_rew_mean          | 871         |
| time/                   |             |
|    fps                  | 2661        |
|    iterations           | 225         |
|    time_elapsed         | 692         |
|    total_timesteps      | 1843200     |
| train/                  |             |
|    approx_kl            | 0.009166576 |
|    clip_fraction        | 0.121       |
|    clip_range           | 0.2         |
|    entropy_loss         | -7.39       |
|    explained_variance   | 0.761       |
|    learning_rate        | 0.000227    |
|    loss                 | 0.112       |
|    n_updates            | 268         |
|    policy_gradient_loss | 0.00103     |
|    std                  | 0.61        |
|    value_loss           | 0.0945      |
-----------------------------------------
Early stopping at step 0 due to reaching max kl: 0.03
-----------------------------------------
| rollout/                |             |
|    ep_len_mean          | 545         |
|    ep_rew_mean          | 870         |
| time/                   |             |
|    fps                  | 2661        |
|    iterations           | 226         |
|    time_elapsed         | 695         |
|    total_timesteps      | 1851392     |
| train/                  |             |
|    approx_kl            | 0.010459816 |
|    clip_fraction        | 0.145       |
|    clip_range           | 0.2         |
|    entropy_loss         | -7.39       |
|    explained_variance   | 0.758       |
|    learning_rate        | 0.000226    |
|    loss                 | 0.0754      |
|    n_updates            | 269         |
|    policy_gradient_loss | 0.00516     |
|    std                  | 0.61        |
|    value_loss           | 0.0965      |
-----------------------------------------
Early stopping at step 0 due to reaching max kl: 0.03
-----------------------------------------
| rollout/                |             |
|    ep_len_mean          | 523         |
|    ep_rew_mean          | 834         |
| time/                   |             |
|    fps                  | 2662        |
|    iterations           | 227         |
|    time_elapsed         | 698         |
|    total_timesteps      | 1859584     |
| train/                  |             |
|    approx_kl            | 0.009658187 |
|    clip_fraction        | 0.124       |
|    clip_range           | 0.2         |
|    entropy_loss         | -7.39       |
|    explained_variance   | 0.774       |
|    learning_rate        | 0.000226    |
|    loss                 | 0.0781      |
|    n_updates            | 270         |
|    policy_gradient_loss | 0.00476     |
|    std                  | 0.61        |
|    value_loss           | 0.0746      |
-----------------------------------------
Early stopping at step 0 due to reaching max kl: 0.03
-----------------------------------------
| rollout/                |             |
|    ep_len_mean          | 535         |
|    ep_rew_mean          | 855         |
| time/                   |             |
|    fps                  | 2662        |
|    iterations           | 228         |
|    time_elapsed         | 701         |
|    total_timesteps      | 1867776     |
| train/                  |             |
|    approx_kl            | 0.010019393 |
|    clip_fraction        | 0.133       |
|    clip_range           | 0.2         |
|    entropy_loss         | -7.38       |
|    explained_variance   | 0.788       |
|    learning_rate        | 0.000226    |
|    loss                 | 0.0333      |
|    n_updates            | 271         |
|    policy_gradient_loss | 0.00362     |
|    std                  | 0.609       |
|    value_loss           | 0.0633      |
-----------------------------------------
Early stopping at step 0 due to reaching max kl: 0.04
----------------------------------------
| rollout/                |            |
|    ep_len_mean          | 541        |
|    ep_rew_mean          | 864        |
| time/                   |            |
|    fps                  | 2662       |
|    iterations           | 229        |
|    time_elapsed         | 704        |
|    total_timesteps      | 1875968    |
| train/                  |            |
|    approx_kl            | 0.01620479 |
|    clip_fraction        | 0.22       |
|    clip_range           | 0.2        |
|    entropy_loss         | -7.36      |
|    explained_variance   | 0.804      |
|    learning_rate        | 0.000225   |
|    loss                 | 0.0854     |
|    n_updates            | 272        |
|    policy_gradient_loss | 0.00729    |
|    std                  | 0.607      |
|    value_loss           | 0.0622     |
----------------------------------------
Early stopping at step 0 due to reaching max kl: 0.03
-----------------------------------------
| rollout/                |             |
|    ep_len_mean          | 577         |
|    ep_rew_mean          | 926         |
| time/                   |             |
|    fps                  | 2662        |
|    iterations           | 230         |
|    time_elapsed         | 707         |
|    total_timesteps      | 1884160     |
| train/                  |             |
|    approx_kl            | 0.011910954 |
|    clip_fraction        | 0.157       |
|    clip_range           | 0.2         |
|    entropy_loss         | -7.34       |
|    explained_variance   | 0.828       |
|    learning_rate        | 0.000225    |
|    loss                 | 0.0359      |
|    n_updates            | 273         |
|    policy_gradient_loss | 0.00958     |
|    std                  | 0.606       |
|    value_loss           | 0.0376      |
-----------------------------------------
Early stopping at step 0 due to reaching max kl: 0.05
-----------------------------------------
| rollout/                |             |
|    ep_len_mean          | 586         |
|    ep_rew_mean          | 941         |
| time/                   |             |
|    fps                  | 2663        |
|    iterations           | 231         |
|    time_elapsed         | 710         |
|    total_timesteps      | 1892352     |
| train/                  |             |
|    approx_kl            | 0.010427407 |
|    clip_fraction        | 0.124       |
|    clip_range           | 0.2         |
|    entropy_loss         | -7.33       |
|    explained_variance   | 0.813       |
|    learning_rate        | 0.000225    |
|    loss                 | 0.133       |
|    n_updates            | 274         |
|    policy_gradient_loss | 0.00353     |
|    std                  | 0.606       |
|    value_loss           | 0.0518      |
-----------------------------------------
Early stopping at step 0 due to reaching max kl: 0.04
-----------------------------------------
| rollout/                |             |
|    ep_len_mean          | 589         |
|    ep_rew_mean          | 956         |
| time/                   |             |
|    fps                  | 2663        |
|    iterations           | 232         |
|    time_elapsed         | 713         |
|    total_timesteps      | 1900544     |
| train/                  |             |
|    approx_kl            | 0.013133066 |
|    clip_fraction        | 0.168       |
|    clip_range           | 0.2         |
|    entropy_loss         | -7.33       |
|    explained_variance   | 0.74        |
|    learning_rate        | 0.000224    |
|    loss                 | 0.082       |
|    n_updates            | 275         |
|    policy_gradient_loss | 0.00608     |
|    std                  | 0.605       |
|    value_loss           | 0.077       |
-----------------------------------------
Early stopping at step 0 due to reaching max kl: 0.03
-----------------------------------------
| rollout/                |             |
|    ep_len_mean          | 627         |
|    ep_rew_mean          | 1.02e+03    |
| time/                   |             |
|    fps                  | 2663        |
|    iterations           | 233         |
|    time_elapsed         | 716         |
|    total_timesteps      | 1908736     |
| train/                  |             |
|    approx_kl            | 0.014105028 |
|    clip_fraction        | 0.188       |
|    clip_range           | 0.2         |
|    entropy_loss         | -7.31       |
|    explained_variance   | 0.751       |
|    learning_rate        | 0.000224    |
|    loss                 | 0.0403      |
|    n_updates            | 276         |
|    policy_gradient_loss | 0.0105      |
|    std                  | 0.604       |
|    value_loss           | 0.0717      |
-----------------------------------------
Early stopping at step 0 due to reaching max kl: 0.03
----------------------------------------
| rollout/                |            |
|    ep_len_mean          | 595        |
|    ep_rew_mean          | 971        |
| time/                   |            |
|    fps                  | 2663       |
|    iterations           | 234        |
|    time_elapsed         | 719        |
|    total_timesteps      | 1916928    |
| train/                  |            |
|    approx_kl            | 0.01314907 |
|    clip_fraction        | 0.185      |
|    clip_range           | 0.2        |
|    entropy_loss         | -7.3       |
|    explained_variance   | 0.804      |
|    learning_rate        | 0.000224   |
|    loss                 | 0.00123    |
|    n_updates            | 277        |
|    policy_gradient_loss | 0.00746    |
|    std                  | 0.603      |
|    value_loss           | 0.0284     |
----------------------------------------
Early stopping at step 0 due to reaching max kl: 0.03
------------------------------------------
| rollout/                |              |
|    ep_len_mean          | 568          |
|    ep_rew_mean          | 929          |
| time/                   |              |
|    fps                  | 2664         |
|    iterations           | 235          |
|    time_elapsed         | 722          |
|    total_timesteps      | 1925120      |
| train/                  |              |
|    approx_kl            | 0.0109712705 |
|    clip_fraction        | 0.143        |
|    clip_range           | 0.2          |
|    entropy_loss         | -7.28        |
|    explained_variance   | 0.693        |
|    learning_rate        | 0.000223     |
|    loss                 | 0.0358       |
|    n_updates            | 278          |
|    policy_gradient_loss | 0.00512      |
|    std                  | 0.602        |
|    value_loss           | 0.111        |
------------------------------------------
Early stopping at step 0 due to reaching max kl: 0.03
-----------------------------------------
| rollout/                |             |
|    ep_len_mean          | 535         |
|    ep_rew_mean          | 874         |
| time/                   |             |
|    fps                  | 2664        |
|    iterations           | 236         |
|    time_elapsed         | 725         |
|    total_timesteps      | 1933312     |
| train/                  |             |
|    approx_kl            | 0.013560537 |
|    clip_fraction        | 0.188       |
|    clip_range           | 0.2         |
|    entropy_loss         | -7.27       |
|    explained_variance   | 0.738       |
|    learning_rate        | 0.000223    |
|    loss                 | 0.0671      |
|    n_updates            | 279         |
|    policy_gradient_loss | 0.00344     |
|    std                  | 0.601       |
|    value_loss           | 0.103       |
-----------------------------------------
Early stopping at step 0 due to reaching max kl: 0.03
-----------------------------------------
| rollout/                |             |
|    ep_len_mean          | 531         |
|    ep_rew_mean          | 869         |
| time/                   |             |
|    fps                  | 2664        |
|    iterations           | 237         |
|    time_elapsed         | 728         |
|    total_timesteps      | 1941504     |
| train/                  |             |
|    approx_kl            | 0.014616855 |
|    clip_fraction        | 0.191       |
|    clip_range           | 0.2         |
|    entropy_loss         | -7.27       |
|    explained_variance   | 0.749       |
|    learning_rate        | 0.000223    |
|    loss                 | 0.0802      |
|    n_updates            | 280         |
|    policy_gradient_loss | 0.00727     |
|    std                  | 0.6         |
|    value_loss           | 0.083       |
-----------------------------------------
Early stopping at step 0 due to reaching max kl: 0.04
-----------------------------------------
| rollout/                |             |
|    ep_len_mean          | 499         |
|    ep_rew_mean          | 812         |
| time/                   |             |
|    fps                  | 2664        |
|    iterations           | 238         |
|    time_elapsed         | 731         |
|    total_timesteps      | 1949696     |
| train/                  |             |
|    approx_kl            | 0.013047731 |
|    clip_fraction        | 0.181       |
|    clip_range           | 0.2         |
|    entropy_loss         | -7.25       |
|    explained_variance   | 0.795       |
|    learning_rate        | 0.000222    |
|    loss                 | 0.099       |
|    n_updates            | 281         |
|    policy_gradient_loss | 0.0105      |
|    std                  | 0.599       |
|    value_loss           | 0.0755      |
-----------------------------------------
Early stopping at step 0 due to reaching max kl: 0.04
-----------------------------------------
| rollout/                |             |
|    ep_len_mean          | 491         |
|    ep_rew_mean          | 799         |
| time/                   |             |
|    fps                  | 2664        |
|    iterations           | 239         |
|    time_elapsed         | 734         |
|    total_timesteps      | 1957888     |
| train/                  |             |
|    approx_kl            | 0.012860853 |
|    clip_fraction        | 0.162       |
|    clip_range           | 0.2         |
|    entropy_loss         | -7.24       |
|    explained_variance   | 0.791       |
|    learning_rate        | 0.000222    |
|    loss                 | 0.0505      |
|    n_updates            | 282         |
|    policy_gradient_loss | 0.00602     |
|    std                  | 0.599       |
|    value_loss           | 0.089       |
-----------------------------------------
Early stopping at step 0 due to reaching max kl: 0.04
-----------------------------------------
| rollout/                |             |
|    ep_len_mean          | 505         |
|    ep_rew_mean          | 820         |
| time/                   |             |
|    fps                  | 2665        |
|    iterations           | 240         |
|    time_elapsed         | 737         |
|    total_timesteps      | 1966080     |
| train/                  |             |
|    approx_kl            | 0.011046683 |
|    clip_fraction        | 0.143       |
|    clip_range           | 0.2         |
|    entropy_loss         | -7.23       |
|    explained_variance   | 0.779       |
|    learning_rate        | 0.000222    |
|    loss                 | 0.0163      |
|    n_updates            | 283         |
|    policy_gradient_loss | 0.00246     |
|    std                  | 0.598       |
|    value_loss           | 0.0583      |
-----------------------------------------
Early stopping at step 0 due to reaching max kl: 0.04
----------------------------------------
| rollout/                |            |
|    ep_len_mean          | 543        |
|    ep_rew_mean          | 874        |
| time/                   |            |
|    fps                  | 2665       |
|    iterations           | 241        |
|    time_elapsed         | 740        |
|    total_timesteps      | 1974272    |
| train/                  |            |
|    approx_kl            | 0.01268669 |
|    clip_fraction        | 0.173      |
|    clip_range           | 0.2        |
|    entropy_loss         | -7.22      |
|    explained_variance   | 0.8        |
|    learning_rate        | 0.000221   |
|    loss                 | 0.0113     |
|    n_updates            | 284        |
|    policy_gradient_loss | 0.00491    |
|    std                  | 0.597      |
|    value_loss           | 0.0711     |
----------------------------------------
Early stopping at step 0 due to reaching max kl: 0.05
---------------------------------------
| rollout/                |           |
|    ep_len_mean          | 557       |
|    ep_rew_mean          | 901       |
| time/                   |           |
|    fps                  | 2665      |
|    iterations           | 242       |
|    time_elapsed         | 743       |
|    total_timesteps      | 1982464   |
| train/                  |           |
|    approx_kl            | 0.0126425 |
|    clip_fraction        | 0.165     |
|    clip_range           | 0.2       |
|    entropy_loss         | -7.2      |
|    explained_variance   | 0.83      |
|    learning_rate        | 0.000221  |
|    loss                 | 0.102     |
|    n_updates            | 285       |
|    policy_gradient_loss | 0.0142    |
|    std                  | 0.596     |
|    value_loss           | 0.0612    |
---------------------------------------
Early stopping at step 0 due to reaching max kl: 0.04
-----------------------------------------
| rollout/                |             |
|    ep_len_mean          | 556         |
|    ep_rew_mean          | 898         |
| time/                   |             |
|    fps                  | 2665        |
|    iterations           | 243         |
|    time_elapsed         | 746         |
|    total_timesteps      | 1990656     |
| train/                  |             |
|    approx_kl            | 0.016328402 |
|    clip_fraction        | 0.216       |
|    clip_range           | 0.2         |
|    entropy_loss         | -7.19       |
|    explained_variance   | 0.79        |
|    learning_rate        | 0.000221    |
|    loss                 | 0.0757      |
|    n_updates            | 286         |
|    policy_gradient_loss | 0.011       |
|    std                  | 0.594       |
|    value_loss           | 0.081       |
-----------------------------------------
Early stopping at step 0 due to reaching max kl: 0.03
-----------------------------------------
| rollout/                |             |
|    ep_len_mean          | 553         |
|    ep_rew_mean          | 894         |
| time/                   |             |
|    fps                  | 2665        |
|    iterations           | 244         |
|    time_elapsed         | 749         |
|    total_timesteps      | 1998848     |
| train/                  |             |
|    approx_kl            | 0.015283449 |
|    clip_fraction        | 0.213       |
|    clip_range           | 0.2         |
|    entropy_loss         | -7.17       |
|    explained_variance   | 0.81        |
|    learning_rate        | 0.00022     |
|    loss                 | 0.00161     |
|    n_updates            | 287         |
|    policy_gradient_loss | 0.00975     |
|    std                  | 0.593       |
|    value_loss           | 0.0528      |
-----------------------------------------
Early stopping at step 0 due to reaching max kl: 0.03
----------------------------------------
| rollout/                |            |
|    ep_len_mean          | 573        |
|    ep_rew_mean          | 929        |
| time/                   |            |
|    fps                  | 2665       |
|    iterations           | 245        |
|    time_elapsed         | 752        |
|    total_timesteps      | 2007040    |
| train/                  |            |
|    approx_kl            | 0.01066748 |
|    clip_fraction        | 0.141      |
|    clip_range           | 0.2        |
|    entropy_loss         | -7.16      |
|    explained_variance   | 0.738      |
|    learning_rate        | 0.00022    |
|    loss                 | 0.0558     |
|    n_updates            | 288        |
|    policy_gradient_loss | 0.00462    |
|    std                  | 0.593      |
|    value_loss           | 0.106      |
----------------------------------------
Early stopping at step 0 due to reaching max kl: 0.03
-----------------------------------------
| rollout/                |             |
|    ep_len_mean          | 588         |
|    ep_rew_mean          | 953         |
| time/                   |             |
|    fps                  | 2665        |
|    iterations           | 246         |
|    time_elapsed         | 755         |
|    total_timesteps      | 2015232     |
| train/                  |             |
|    approx_kl            | 0.013068659 |
|    clip_fraction        | 0.179       |
|    clip_range           | 0.2         |
|    entropy_loss         | -7.15       |
|    explained_variance   | 0.799       |
|    learning_rate        | 0.00022     |
|    loss                 | 0.0342      |
|    n_updates            | 289         |
|    policy_gradient_loss | 0.0097      |
|    std                  | 0.592       |
|    value_loss           | 0.0349      |
-----------------------------------------
Early stopping at step 0 due to reaching max kl: 0.04
-----------------------------------------
| rollout/                |             |
|    ep_len_mean          | 602         |
|    ep_rew_mean          | 980         |
| time/                   |             |
|    fps                  | 2665        |
|    iterations           | 247         |
|    time_elapsed         | 758         |
|    total_timesteps      | 2023424     |
| train/                  |             |
|    approx_kl            | 0.013386962 |
|    clip_fraction        | 0.174       |
|    clip_range           | 0.2         |
|    entropy_loss         | -7.14       |
|    explained_variance   | 0.708       |
|    learning_rate        | 0.000219    |
|    loss                 | 0.0633      |
|    n_updates            | 290         |
|    policy_gradient_loss | 0.00707     |
|    std                  | 0.591       |
|    value_loss           | 0.0956      |
-----------------------------------------
Early stopping at step 0 due to reaching max kl: 0.03
-----------------------------------------
| rollout/                |             |
|    ep_len_mean          | 597         |
|    ep_rew_mean          | 975         |
| time/                   |             |
|    fps                  | 2666        |
|    iterations           | 248         |
|    time_elapsed         | 761         |
|    total_timesteps      | 2031616     |
| train/                  |             |
|    approx_kl            | 0.015541363 |
|    clip_fraction        | 0.207       |
|    clip_range           | 0.2         |
|    entropy_loss         | -7.13       |
|    explained_variance   | 0.789       |
|    learning_rate        | 0.000219    |
|    loss                 | 0.09        |
|    n_updates            | 291         |
|    policy_gradient_loss | 0.00492     |
|    std                  | 0.59        |
|    value_loss           | 0.0706      |
-----------------------------------------
Early stopping at step 0 due to reaching max kl: 0.03
-----------------------------------------
| rollout/                |             |
|    ep_len_mean          | 586         |
|    ep_rew_mean          | 962         |
| time/                   |             |
|    fps                  | 2666        |
|    iterations           | 249         |
|    time_elapsed         | 764         |
|    total_timesteps      | 2039808     |
| train/                  |             |
|    approx_kl            | 0.011515968 |
|    clip_fraction        | 0.161       |
|    clip_range           | 0.2         |
|    entropy_loss         | -7.12       |
|    explained_variance   | 0.756       |
|    learning_rate        | 0.000219    |
|    loss                 | 0.0451      |
|    n_updates            | 292         |
|    policy_gradient_loss | 0.00788     |
|    std                  | 0.589       |
|    value_loss           | 0.0558      |
-----------------------------------------
Early stopping at step 0 due to reaching max kl: 0.03
-----------------------------------------
| rollout/                |             |
|    ep_len_mean          | 585         |
|    ep_rew_mean          | 963         |
| time/                   |             |
|    fps                  | 2666        |
|    iterations           | 250         |
|    time_elapsed         | 767         |
|    total_timesteps      | 2048000     |
| train/                  |             |
|    approx_kl            | 0.011048418 |
|    clip_fraction        | 0.156       |
|    clip_range           | 0.2         |
|    entropy_loss         | -7.11       |
|    explained_variance   | 0.72        |
|    learning_rate        | 0.000218    |
|    loss                 | 0.0232      |
|    n_updates            | 293         |
|    policy_gradient_loss | 0.00201     |
|    std                  | 0.589       |
|    value_loss           | 0.0948      |
-----------------------------------------
Early stopping at step 0 due to reaching max kl: 0.03
----------------------------------------
| rollout/                |            |
|    ep_len_mean          | 624        |
|    ep_rew_mean          | 1.03e+03   |
| time/                   |            |
|    fps                  | 2666       |
|    iterations           | 251        |
|    time_elapsed         | 771        |
|    total_timesteps      | 2056192    |
| train/                  |            |
|    approx_kl            | 0.01208809 |
|    clip_fraction        | 0.168      |
|    clip_range           | 0.2        |
|    entropy_loss         | -7.1       |
|    explained_variance   | 0.748      |
|    learning_rate        | 0.000218   |
|    loss                 | 0.123      |
|    n_updates            | 294        |
|    policy_gradient_loss | 0.00299    |
|    std                  | 0.588      |
|    value_loss           | 0.0682     |
----------------------------------------
Early stopping at step 0 due to reaching max kl: 0.04
------------------------------------------
| rollout/                |              |
|    ep_len_mean          | 602          |
|    ep_rew_mean          | 1e+03        |
| time/                   |              |
|    fps                  | 2666         |
|    iterations           | 252          |
|    time_elapsed         | 774          |
|    total_timesteps      | 2064384      |
| train/                  |              |
|    approx_kl            | 0.0117541235 |
|    clip_fraction        | 0.162        |
|    clip_range           | 0.2          |
|    entropy_loss         | -7.1         |
|    explained_variance   | 0.806        |
|    learning_rate        | 0.000218     |
|    loss                 | 0.0585       |
|    n_updates            | 295          |
|    policy_gradient_loss | 0.00341      |
|    std                  | 0.588        |
|    value_loss           | 0.0419       |
------------------------------------------
Early stopping at step 0 due to reaching max kl: 0.03
-----------------------------------------
| rollout/                |             |
|    ep_len_mean          | 617         |
|    ep_rew_mean          | 1.03e+03    |
| time/                   |             |
|    fps                  | 2666        |
|    iterations           | 253         |
|    time_elapsed         | 777         |
|    total_timesteps      | 2072576     |
| train/                  |             |
|    approx_kl            | 0.011880265 |
|    clip_fraction        | 0.151       |
|    clip_range           | 0.2         |
|    entropy_loss         | -7.09       |
|    explained_variance   | 0.795       |
|    learning_rate        | 0.000217    |
|    loss                 | 0.0986      |
|    n_updates            | 296         |
|    policy_gradient_loss | 0.00259     |
|    std                  | 0.587       |
|    value_loss           | 0.0646      |
-----------------------------------------
Early stopping at step 0 due to reaching max kl: 0.03
-----------------------------------------
| rollout/                |             |
|    ep_len_mean          | 640         |
|    ep_rew_mean          | 1.07e+03    |
| time/                   |             |
|    fps                  | 2666        |
|    iterations           | 254         |
|    time_elapsed         | 780         |
|    total_timesteps      | 2080768     |
| train/                  |             |
|    approx_kl            | 0.012827635 |
|    clip_fraction        | 0.168       |
|    clip_range           | 0.2         |
|    entropy_loss         | -7.08       |
|    explained_variance   | 0.779       |
|    learning_rate        | 0.000217    |
|    loss                 | 0.0462      |
|    n_updates            | 297         |
|    policy_gradient_loss | 0.00369     |
|    std                  | 0.586       |
|    value_loss           | 0.0575      |
-----------------------------------------
Early stopping at step 0 due to reaching max kl: 0.03
-----------------------------------------
| rollout/                |             |
|    ep_len_mean          | 631         |
|    ep_rew_mean          | 1.06e+03    |
| time/                   |             |
|    fps                  | 2667        |
|    iterations           | 255         |
|    time_elapsed         | 783         |
|    total_timesteps      | 2088960     |
| train/                  |             |
|    approx_kl            | 0.010792249 |
|    clip_fraction        | 0.149       |
|    clip_range           | 0.2         |
|    entropy_loss         | -7.06       |
|    explained_variance   | 0.828       |
|    learning_rate        | 0.000217    |
|    loss                 | -0.00276    |
|    n_updates            | 298         |
|    policy_gradient_loss | 0.00354     |
|    std                  | 0.585       |
|    value_loss           | 0.0396      |
-----------------------------------------
Early stopping at step 0 due to reaching max kl: 0.03
-----------------------------------------
| rollout/                |             |
|    ep_len_mean          | 641         |
|    ep_rew_mean          | 1.08e+03    |
| time/                   |             |
|    fps                  | 2667        |
|    iterations           | 256         |
|    time_elapsed         | 786         |
|    total_timesteps      | 2097152     |
| train/                  |             |
|    approx_kl            | 0.012933346 |
|    clip_fraction        | 0.175       |
|    clip_range           | 0.2         |
|    entropy_loss         | -7.05       |
|    explained_variance   | 0.771       |
|    learning_rate        | 0.000216    |
|    loss                 | 0.0342      |
|    n_updates            | 299         |
|    policy_gradient_loss | 0.00562     |
|    std                  | 0.585       |
|    value_loss           | 0.0642      |
-----------------------------------------
Early stopping at step 0 due to reaching max kl: 0.03
-----------------------------------------
| rollout/                |             |
|    ep_len_mean          | 648         |
|    ep_rew_mean          | 1.1e+03     |
| time/                   |             |
|    fps                  | 2667        |
|    iterations           | 257         |
|    time_elapsed         | 789         |
|    total_timesteps      | 2105344     |
| train/                  |             |
|    approx_kl            | 0.013044083 |
|    clip_fraction        | 0.173       |
|    clip_range           | 0.2         |
|    entropy_loss         | -7.04       |
|    explained_variance   | 0.715       |
|    learning_rate        | 0.000216    |
|    loss                 | 0.0894      |
|    n_updates            | 300         |
|    policy_gradient_loss | 0.00862     |
|    std                  | 0.583       |
|    value_loss           | 0.0582      |
-----------------------------------------
Early stopping at step 0 due to reaching max kl: 0.04
-----------------------------------------
| rollout/                |             |
|    ep_len_mean          | 688         |
|    ep_rew_mean          | 1.17e+03    |
| time/                   |             |
|    fps                  | 2667        |
|    iterations           | 258         |
|    time_elapsed         | 792         |
|    total_timesteps      | 2113536     |
| train/                  |             |
|    approx_kl            | 0.015174811 |
|    clip_fraction        | 0.206       |
|    clip_range           | 0.2         |
|    entropy_loss         | -7.02       |
|    explained_variance   | 0.733       |
|    learning_rate        | 0.000216    |
|    loss                 | 0.0583      |
|    n_updates            | 301         |
|    policy_gradient_loss | 0.00916     |
|    std                  | 0.582       |
|    value_loss           | 0.0825      |
-----------------------------------------
Early stopping at step 0 due to reaching max kl: 0.03
-----------------------------------------
| rollout/                |             |
|    ep_len_mean          | 649         |
|    ep_rew_mean          | 1.1e+03     |
| time/                   |             |
|    fps                  | 2667        |
|    iterations           | 259         |
|    time_elapsed         | 795         |
|    total_timesteps      | 2121728     |
| train/                  |             |
|    approx_kl            | 0.013208278 |
|    clip_fraction        | 0.174       |
|    clip_range           | 0.2         |
|    entropy_loss         | -7.01       |
|    explained_variance   | 0.762       |
|    learning_rate        | 0.000215    |
|    loss                 | 0.0549      |
|    n_updates            | 302         |
|    policy_gradient_loss | 0.00543     |
|    std                  | 0.581       |
|    value_loss           | 0.0299      |
-----------------------------------------
Early stopping at step 0 due to reaching max kl: 0.04
-----------------------------------------
| rollout/                |             |
|    ep_len_mean          | 644         |
|    ep_rew_mean          | 1.1e+03     |
| time/                   |             |
|    fps                  | 2667        |
|    iterations           | 260         |
|    time_elapsed         | 798         |
|    total_timesteps      | 2129920     |
| train/                  |             |
|    approx_kl            | 0.011263378 |
|    clip_fraction        | 0.151       |
|    clip_range           | 0.2         |
|    entropy_loss         | -7          |
|    explained_variance   | 0.667       |
|    learning_rate        | 0.000215    |
|    loss                 | 0.0529      |
|    n_updates            | 303         |
|    policy_gradient_loss | 0.00376     |
|    std                  | 0.581       |
|    value_loss           | 0.0796      |
-----------------------------------------
Early stopping at step 0 due to reaching max kl: 0.03
-----------------------------------------
| rollout/                |             |
|    ep_len_mean          | 635         |
|    ep_rew_mean          | 1.09e+03    |
| time/                   |             |
|    fps                  | 2668        |
|    iterations           | 261         |
|    time_elapsed         | 801         |
|    total_timesteps      | 2138112     |
| train/                  |             |
|    approx_kl            | 0.009593147 |
|    clip_fraction        | 0.129       |
|    clip_range           | 0.2         |
|    entropy_loss         | -6.99       |
|    explained_variance   | 0.751       |
|    learning_rate        | 0.000215    |
|    loss                 | 0.0824      |
|    n_updates            | 304         |
|    policy_gradient_loss | 0.00109     |
|    std                  | 0.58        |
|    value_loss           | 0.0839      |
-----------------------------------------
Early stopping at step 0 due to reaching max kl: 0.03
-----------------------------------------
| rollout/                |             |
|    ep_len_mean          | 626         |
|    ep_rew_mean          | 1.08e+03    |
| time/                   |             |
|    fps                  | 2668        |
|    iterations           | 262         |
|    time_elapsed         | 804         |
|    total_timesteps      | 2146304     |
| train/                  |             |
|    approx_kl            | 0.012428741 |
|    clip_fraction        | 0.167       |
|    clip_range           | 0.2         |
|    entropy_loss         | -6.98       |
|    explained_variance   | 0.697       |
|    learning_rate        | 0.000214    |
|    loss                 | 0.0249      |
|    n_updates            | 305         |
|    policy_gradient_loss | 0.00333     |
|    std                  | 0.579       |
|    value_loss           | 0.0807      |
-----------------------------------------
Early stopping at step 0 due to reaching max kl: 0.03
----------------------------------------
| rollout/                |            |
|    ep_len_mean          | 594        |
|    ep_rew_mean          | 1.02e+03   |
| time/                   |            |
|    fps                  | 2668       |
|    iterations           | 263        |
|    time_elapsed         | 807        |
|    total_timesteps      | 2154496    |
| train/                  |            |
|    approx_kl            | 0.01075644 |
|    clip_fraction        | 0.143      |
|    clip_range           | 0.2        |
|    entropy_loss         | -6.97      |
|    explained_variance   | 0.789      |
|    learning_rate        | 0.000214   |
|    loss                 | 0.0263     |
|    n_updates            | 306        |
|    policy_gradient_loss | 0.00494    |
|    std                  | 0.579      |
|    value_loss           | 0.0671     |
----------------------------------------
Early stopping at step 0 due to reaching max kl: 0.03
-----------------------------------------
| rollout/                |             |
|    ep_len_mean          | 623         |
|    ep_rew_mean          | 1.08e+03    |
| time/                   |             |
|    fps                  | 2668        |
|    iterations           | 264         |
|    time_elapsed         | 810         |
|    total_timesteps      | 2162688     |
| train/                  |             |
|    approx_kl            | 0.012149767 |
|    clip_fraction        | 0.153       |
|    clip_range           | 0.2         |
|    entropy_loss         | -6.96       |
|    explained_variance   | 0.726       |
|    learning_rate        | 0.000214    |
|    loss                 | 0.0634      |
|    n_updates            | 307         |
|    policy_gradient_loss | 0.00786     |
|    std                  | 0.578       |
|    value_loss           | 0.0926      |
-----------------------------------------
Early stopping at step 0 due to reaching max kl: 0.04
-----------------------------------------
| rollout/                |             |
|    ep_len_mean          | 622         |
|    ep_rew_mean          | 1.08e+03    |
| time/                   |             |
|    fps                  | 2668        |
|    iterations           | 265         |
|    time_elapsed         | 813         |
|    total_timesteps      | 2170880     |
| train/                  |             |
|    approx_kl            | 0.016193932 |
|    clip_fraction        | 0.227       |
|    clip_range           | 0.2         |
|    entropy_loss         | -6.95       |
|    explained_variance   | 0.765       |
|    learning_rate        | 0.000213    |
|    loss                 | 0.041       |
|    n_updates            | 308         |
|    policy_gradient_loss | 0.00711     |
|    std                  | 0.576       |
|    value_loss           | 0.0344      |
-----------------------------------------
Early stopping at step 0 due to reaching max kl: 0.04
-----------------------------------------
| rollout/                |             |
|    ep_len_mean          | 617         |
|    ep_rew_mean          | 1.07e+03    |
| time/                   |             |
|    fps                  | 2668        |
|    iterations           | 266         |
|    time_elapsed         | 816         |
|    total_timesteps      | 2179072     |
| train/                  |             |
|    approx_kl            | 0.009955748 |
|    clip_fraction        | 0.131       |
|    clip_range           | 0.2         |
|    entropy_loss         | -6.93       |
|    explained_variance   | 0.741       |
|    learning_rate        | 0.000213    |
|    loss                 | 0.064       |
|    n_updates            | 309         |
|    policy_gradient_loss | 0.00226     |
|    std                  | 0.575       |
|    value_loss           | 0.0551      |
-----------------------------------------
Early stopping at step 0 due to reaching max kl: 0.03
-----------------------------------------
| rollout/                |             |
|    ep_len_mean          | 629         |
|    ep_rew_mean          | 1.1e+03     |
| time/                   |             |
|    fps                  | 2669        |
|    iterations           | 267         |
|    time_elapsed         | 819         |
|    total_timesteps      | 2187264     |
| train/                  |             |
|    approx_kl            | 0.012493006 |
|    clip_fraction        | 0.165       |
|    clip_range           | 0.2         |
|    entropy_loss         | -6.92       |
|    explained_variance   | 0.727       |
|    learning_rate        | 0.000213    |
|    loss                 | 0.0329      |
|    n_updates            | 310         |
|    policy_gradient_loss | 0.00548     |
|    std                  | 0.575       |
|    value_loss           | 0.0699      |
-----------------------------------------
Early stopping at step 0 due to reaching max kl: 0.04
-----------------------------------------
| rollout/                |             |
|    ep_len_mean          | 620         |
|    ep_rew_mean          | 1.08e+03    |
| time/                   |             |
|    fps                  | 2669        |
|    iterations           | 268         |
|    time_elapsed         | 822         |
|    total_timesteps      | 2195456     |
| train/                  |             |
|    approx_kl            | 0.014522244 |
|    clip_fraction        | 0.203       |
|    clip_range           | 0.2         |
|    entropy_loss         | -6.92       |
|    explained_variance   | 0.779       |
|    learning_rate        | 0.000213    |
|    loss                 | 0.0474      |
|    n_updates            | 311         |
|    policy_gradient_loss | 0.00914     |
|    std                  | 0.574       |
|    value_loss           | 0.0497      |
-----------------------------------------
Early stopping at step 0 due to reaching max kl: 0.03
-----------------------------------------
| rollout/                |             |
|    ep_len_mean          | 648         |
|    ep_rew_mean          | 1.13e+03    |
| time/                   |             |
|    fps                  | 2669        |
|    iterations           | 269         |
|    time_elapsed         | 825         |
|    total_timesteps      | 2203648     |
| train/                  |             |
|    approx_kl            | 0.011976732 |
|    clip_fraction        | 0.159       |
|    clip_range           | 0.2         |
|    entropy_loss         | -6.9        |
|    explained_variance   | 0.736       |
|    learning_rate        | 0.000212    |
|    loss                 | 0.0254      |
|    n_updates            | 312         |
|    policy_gradient_loss | 0.00547     |
|    std                  | 0.573       |
|    value_loss           | 0.0778      |
-----------------------------------------
Early stopping at step 0 due to reaching max kl: 0.03
-----------------------------------------
| rollout/                |             |
|    ep_len_mean          | 655         |
|    ep_rew_mean          | 1.14e+03    |
| time/                   |             |
|    fps                  | 2669        |
|    iterations           | 270         |
|    time_elapsed         | 828         |
|    total_timesteps      | 2211840     |
| train/                  |             |
|    approx_kl            | 0.012134301 |
|    clip_fraction        | 0.156       |
|    clip_range           | 0.2         |
|    entropy_loss         | -6.88       |
|    explained_variance   | 0.816       |
|    learning_rate        | 0.000212    |
|    loss                 | 0.0907      |
|    n_updates            | 313         |
|    policy_gradient_loss | 0.00875     |
|    std                  | 0.572       |
|    value_loss           | 0.0448      |
-----------------------------------------
Early stopping at step 0 due to reaching max kl: 0.03
-----------------------------------------
| rollout/                |             |
|    ep_len_mean          | 677         |
|    ep_rew_mean          | 1.18e+03    |
| time/                   |             |
|    fps                  | 2669        |
|    iterations           | 271         |
|    time_elapsed         | 831         |
|    total_timesteps      | 2220032     |
| train/                  |             |
|    approx_kl            | 0.013244854 |
|    clip_fraction        | 0.178       |
|    clip_range           | 0.2         |
|    entropy_loss         | -6.87       |
|    explained_variance   | 0.701       |
|    learning_rate        | 0.000212    |
|    loss                 | 0.11        |
|    n_updates            | 314         |
|    policy_gradient_loss | 0.00684     |
|    std                  | 0.571       |
|    value_loss           | 0.0368      |
-----------------------------------------
Early stopping at step 0 due to reaching max kl: 0.03
-----------------------------------------
| rollout/                |             |
|    ep_len_mean          | 672         |
|    ep_rew_mean          | 1.17e+03    |
| time/                   |             |
|    fps                  | 2669        |
|    iterations           | 272         |
|    time_elapsed         | 834         |
|    total_timesteps      | 2228224     |
| train/                  |             |
|    approx_kl            | 0.010417305 |
|    clip_fraction        | 0.137       |
|    clip_range           | 0.2         |
|    entropy_loss         | -6.85       |
|    explained_variance   | 0.737       |
|    learning_rate        | 0.000211    |
|    loss                 | 0.00898     |
|    n_updates            | 315         |
|    policy_gradient_loss | 0.00157     |
|    std                  | 0.57        |
|    value_loss           | 0.0655      |
-----------------------------------------
Early stopping at step 0 due to reaching max kl: 0.03
-----------------------------------------
| rollout/                |             |
|    ep_len_mean          | 656         |
|    ep_rew_mean          | 1.14e+03    |
| time/                   |             |
|    fps                  | 2669        |
|    iterations           | 273         |
|    time_elapsed         | 837         |
|    total_timesteps      | 2236416     |
| train/                  |             |
|    approx_kl            | 0.009680331 |
|    clip_fraction        | 0.125       |
|    clip_range           | 0.2         |
|    entropy_loss         | -6.84       |
|    explained_variance   | 0.713       |
|    learning_rate        | 0.000211    |
|    loss                 | 0.0534      |
|    n_updates            | 316         |
|    policy_gradient_loss | 1.3e-05     |
|    std                  | 0.569       |
|    value_loss           | 0.0759      |
-----------------------------------------
Early stopping at step 0 due to reaching max kl: 0.03
-----------------------------------------
| rollout/                |             |
|    ep_len_mean          | 645         |
|    ep_rew_mean          | 1.11e+03    |
| time/                   |             |
|    fps                  | 2670        |
|    iterations           | 274         |
|    time_elapsed         | 840         |
|    total_timesteps      | 2244608     |
| train/                  |             |
|    approx_kl            | 0.008945609 |
|    clip_fraction        | 0.123       |
|    clip_range           | 0.2         |
|    entropy_loss         | -6.84       |
|    explained_variance   | 0.75        |
|    learning_rate        | 0.000211    |
|    loss                 | 0.111       |
|    n_updates            | 317         |
|    policy_gradient_loss | 0.00246     |
|    std                  | 0.569       |
|    value_loss           | 0.0724      |
-----------------------------------------
Early stopping at step 0 due to reaching max kl: 0.03
-----------------------------------------
| rollout/                |             |
|    ep_len_mean          | 627         |
|    ep_rew_mean          | 1.08e+03    |
| time/                   |             |
|    fps                  | 2670        |
|    iterations           | 275         |
|    time_elapsed         | 843         |
|    total_timesteps      | 2252800     |
| train/                  |             |
|    approx_kl            | 0.010306084 |
|    clip_fraction        | 0.144       |
|    clip_range           | 0.2         |
|    entropy_loss         | -6.84       |
|    explained_variance   | 0.656       |
|    learning_rate        | 0.00021     |
|    loss                 | 0.0644      |
|    n_updates            | 318         |
|    policy_gradient_loss | 0.00386     |
|    std                  | 0.569       |
|    value_loss           | 0.111       |
-----------------------------------------
Early stopping at step 0 due to reaching max kl: 0.03
-----------------------------------------
| rollout/                |             |
|    ep_len_mean          | 603         |
|    ep_rew_mean          | 1.04e+03    |
| time/                   |             |
|    fps                  | 2670        |
|    iterations           | 276         |
|    time_elapsed         | 846         |
|    total_timesteps      | 2260992     |
| train/                  |             |
|    approx_kl            | 0.009017764 |
|    clip_fraction        | 0.113       |
|    clip_range           | 0.2         |
|    entropy_loss         | -6.83       |
|    explained_variance   | 0.71        |
|    learning_rate        | 0.00021     |
|    loss                 | 0.13        |
|    n_updates            | 319         |
|    policy_gradient_loss | 0.00691     |
|    std                  | 0.569       |
|    value_loss           | 0.0955      |
-----------------------------------------
Early stopping at step 0 due to reaching max kl: 0.04
-----------------------------------------
| rollout/                |             |
|    ep_len_mean          | 587         |
|    ep_rew_mean          | 1.01e+03    |
| time/                   |             |
|    fps                  | 2670        |
|    iterations           | 277         |
|    time_elapsed         | 849         |
|    total_timesteps      | 2269184     |
| train/                  |             |
|    approx_kl            | 0.015445395 |
|    clip_fraction        | 0.205       |
|    clip_range           | 0.2         |
|    entropy_loss         | -6.82       |
|    explained_variance   | 0.712       |
|    learning_rate        | 0.00021     |
|    loss                 | 0.0595      |
|    n_updates            | 320         |
|    policy_gradient_loss | 0.00857     |
|    std                  | 0.568       |
|    value_loss           | 0.0976      |
-----------------------------------------
Early stopping at step 0 due to reaching max kl: 0.03
----------------------------------------
| rollout/                |            |
|    ep_len_mean          | 561        |
|    ep_rew_mean          | 964        |
| time/                   |            |
|    fps                  | 2670       |
|    iterations           | 278        |
|    time_elapsed         | 852        |
|    total_timesteps      | 2277376    |
| train/                  |            |
|    approx_kl            | 0.01124142 |
|    clip_fraction        | 0.149      |
|    clip_range           | 0.2        |
|    entropy_loss         | -6.82      |
|    explained_variance   | 0.765      |
|    learning_rate        | 0.000209   |
|    loss                 | 0.0129     |
|    n_updates            | 321        |
|    policy_gradient_loss | 0.00634    |
|    std                  | 0.568      |
|    value_loss           | 0.0538     |
----------------------------------------
Early stopping at step 0 due to reaching max kl: 0.03
-----------------------------------------
| rollout/                |             |
|    ep_len_mean          | 542         |
|    ep_rew_mean          | 929         |
| time/                   |             |
|    fps                  | 2671        |
|    iterations           | 279         |
|    time_elapsed         | 855         |
|    total_timesteps      | 2285568     |
| train/                  |             |
|    approx_kl            | 0.012832102 |
|    clip_fraction        | 0.177       |
|    clip_range           | 0.2         |
|    entropy_loss         | -6.81       |
|    explained_variance   | 0.765       |
|    learning_rate        | 0.000209    |
|    loss                 | 0.0389      |
|    n_updates            | 322         |
|    policy_gradient_loss | 0.0088      |
|    std                  | 0.567       |
|    value_loss           | 0.0742      |
-----------------------------------------
Early stopping at step 0 due to reaching max kl: 0.03
---------------------------------------
| rollout/                |           |
|    ep_len_mean          | 556       |
|    ep_rew_mean          | 958       |
| time/                   |           |
|    fps                  | 2671      |
|    iterations           | 280       |
|    time_elapsed         | 858       |
|    total_timesteps      | 2293760   |
| train/                  |           |
|    approx_kl            | 0.0106251 |
|    clip_fraction        | 0.139     |
|    clip_range           | 0.2       |
|    entropy_loss         | -6.8      |
|    explained_variance   | 0.789     |
|    learning_rate        | 0.000209  |
|    loss                 | 0.0607    |
|    n_updates            | 323       |
|    policy_gradient_loss | 0.00182   |
|    std                  | 0.567     |
|    value_loss           | 0.0805    |
---------------------------------------
Early stopping at step 0 due to reaching max kl: 0.04
----------------------------------------
| rollout/                |            |
|    ep_len_mean          | 572        |
|    ep_rew_mean          | 989        |
| time/                   |            |
|    fps                  | 2671       |
|    iterations           | 281        |
|    time_elapsed         | 861        |
|    total_timesteps      | 2301952    |
| train/                  |            |
|    approx_kl            | 0.01382864 |
|    clip_fraction        | 0.189      |
|    clip_range           | 0.2        |
|    entropy_loss         | -6.78      |
|    explained_variance   | 0.857      |
|    learning_rate        | 0.000208   |
|    loss                 | 0.154      |
|    n_updates            | 324        |
|    policy_gradient_loss | 0.00561    |
|    std                  | 0.565      |
|    value_loss           | 0.0285     |
----------------------------------------
Early stopping at step 0 due to reaching max kl: 0.04
---------------------------------------
| rollout/                |           |
|    ep_len_mean          | 592       |
|    ep_rew_mean          | 1.03e+03  |
| time/                   |           |
|    fps                  | 2670      |
|    iterations           | 282       |
|    time_elapsed         | 864       |
|    total_timesteps      | 2310144   |
| train/                  |           |
|    approx_kl            | 0.0106128 |
|    clip_fraction        | 0.128     |
|    clip_range           | 0.2       |
|    entropy_loss         | -6.77     |
|    explained_variance   | 0.805     |
|    learning_rate        | 0.000208  |
|    loss                 | 0.00645   |
|    n_updates            | 325       |
|    policy_gradient_loss | 0.00435   |
|    std                  | 0.564     |
|    value_loss           | 0.0626    |
---------------------------------------
Early stopping at step 0 due to reaching max kl: 0.03
----------------------------------------
| rollout/                |            |
|    ep_len_mean          | 620        |
|    ep_rew_mean          | 1.08e+03   |
| time/                   |            |
|    fps                  | 2670       |
|    iterations           | 283        |
|    time_elapsed         | 868        |
|    total_timesteps      | 2318336    |
| train/                  |            |
|    approx_kl            | 0.01518316 |
|    clip_fraction        | 0.212      |
|    clip_range           | 0.2        |
|    entropy_loss         | -6.76      |
|    explained_variance   | 0.799      |
|    learning_rate        | 0.000208   |
|    loss                 | 0.0474     |
|    n_updates            | 326        |
|    policy_gradient_loss | 0.00823    |
|    std                  | 0.563      |
|    value_loss           | 0.0551     |
----------------------------------------
Early stopping at step 0 due to reaching max kl: 0.03
-----------------------------------------
| rollout/                |             |
|    ep_len_mean          | 645         |
|    ep_rew_mean          | 1.12e+03    |
| time/                   |             |
|    fps                  | 2670        |
|    iterations           | 284         |
|    time_elapsed         | 871         |
|    total_timesteps      | 2326528     |
| train/                  |             |
|    approx_kl            | 0.010870367 |
|    clip_fraction        | 0.149       |
|    clip_range           | 0.2         |
|    entropy_loss         | -6.74       |
|    explained_variance   | 0.855       |
|    learning_rate        | 0.000207    |
|    loss                 | 0.0389      |
|    n_updates            | 327         |
|    policy_gradient_loss | 0.00595     |
|    std                  | 0.562       |
|    value_loss           | 0.0243      |
-----------------------------------------
Early stopping at step 0 due to reaching max kl: 0.03
------------------------------------------
| rollout/                |              |
|    ep_len_mean          | 648          |
|    ep_rew_mean          | 1.13e+03     |
| time/                   |              |
|    fps                  | 2670         |
|    iterations           | 285          |
|    time_elapsed         | 874          |
|    total_timesteps      | 2334720      |
| train/                  |              |
|    approx_kl            | 0.0130840195 |
|    clip_fraction        | 0.171        |
|    clip_range           | 0.2          |
|    entropy_loss         | -6.72        |
|    explained_variance   | 0.768        |
|    learning_rate        | 0.000207     |
|    loss                 | 0.0501       |
|    n_updates            | 328          |
|    policy_gradient_loss | 0.00689      |
|    std                  | 0.561        |
|    value_loss           | 0.0665       |
------------------------------------------
Early stopping at step 0 due to reaching max kl: 0.04
-----------------------------------------
| rollout/                |             |
|    ep_len_mean          | 658         |
|    ep_rew_mean          | 1.15e+03    |
| time/                   |             |
|    fps                  | 2670        |
|    iterations           | 286         |
|    time_elapsed         | 877         |
|    total_timesteps      | 2342912     |
| train/                  |             |
|    approx_kl            | 0.012563471 |
|    clip_fraction        | 0.174       |
|    clip_range           | 0.2         |
|    entropy_loss         | -6.71       |
|    explained_variance   | 0.75        |
|    learning_rate        | 0.000207    |
|    loss                 | 0.0617      |
|    n_updates            | 329         |
|    policy_gradient_loss | 0.00473     |
|    std                  | 0.56        |
|    value_loss           | 0.0522      |
-----------------------------------------
Early stopping at step 0 due to reaching max kl: 0.04
-----------------------------------------
| rollout/                |             |
|    ep_len_mean          | 706         |
|    ep_rew_mean          | 1.24e+03    |
| time/                   |             |
|    fps                  | 2670        |
|    iterations           | 287         |
|    time_elapsed         | 880         |
|    total_timesteps      | 2351104     |
| train/                  |             |
|    approx_kl            | 0.011492031 |
|    clip_fraction        | 0.153       |
|    clip_range           | 0.2         |
|    entropy_loss         | -6.7        |
|    explained_variance   | 0.737       |
|    learning_rate        | 0.000206    |
|    loss                 | -0.00481    |
|    n_updates            | 330         |
|    policy_gradient_loss | 0.00599     |
|    std                  | 0.559       |
|    value_loss           | 0.0605      |
-----------------------------------------
Early stopping at step 1 due to reaching max kl: 0.04
----------------------------------------
| rollout/                |            |
|    ep_len_mean          | 726        |
|    ep_rew_mean          | 1.28e+03   |
| time/                   |            |
|    fps                  | 2669       |
|    iterations           | 288        |
|    time_elapsed         | 883        |
|    total_timesteps      | 2359296    |
| train/                  |            |
|    approx_kl            | 0.02225891 |
|    clip_fraction        | 0.217      |
|    clip_range           | 0.2        |
|    entropy_loss         | -6.67      |
|    explained_variance   | 0.893      |
|    learning_rate        | 0.000206   |
|    loss                 | -0.0279    |
|    n_updates            | 332        |
|    policy_gradient_loss | 0.00237    |
|    std                  | 0.556      |
|    value_loss           | 0.00934    |
----------------------------------------
Early stopping at step 0 due to reaching max kl: 0.04
-----------------------------------------
| rollout/                |             |
|    ep_len_mean          | 696         |
|    ep_rew_mean          | 1.23e+03    |
| time/                   |             |
|    fps                  | 2669        |
|    iterations           | 289         |
|    time_elapsed         | 886         |
|    total_timesteps      | 2367488     |
| train/                  |             |
|    approx_kl            | 0.009600129 |
|    clip_fraction        | 0.123       |
|    clip_range           | 0.2         |
|    entropy_loss         | -6.63       |
|    explained_variance   | 0.739       |
|    learning_rate        | 0.000206    |
|    loss                 | 0.0557      |
|    n_updates            | 333         |
|    policy_gradient_loss | 0.00269     |
|    std                  | 0.555       |
|    value_loss           | 0.0674      |
-----------------------------------------
Early stopping at step 0 due to reaching max kl: 0.04
-----------------------------------------
| rollout/                |             |
|    ep_len_mean          | 706         |
|    ep_rew_mean          | 1.24e+03    |
| time/                   |             |
|    fps                  | 2669        |
|    iterations           | 290         |
|    time_elapsed         | 889         |
|    total_timesteps      | 2375680     |
| train/                  |             |
|    approx_kl            | 0.011967435 |
|    clip_fraction        | 0.153       |
|    clip_range           | 0.2         |
|    entropy_loss         | -6.63       |
|    explained_variance   | 0.73        |
|    learning_rate        | 0.000205    |
|    loss                 | 0.00153     |
|    n_updates            | 334         |
|    policy_gradient_loss | 0.00818     |
|    std                  | 0.554       |
|    value_loss           | 0.0686      |
-----------------------------------------
Early stopping at step 0 due to reaching max kl: 0.03
-----------------------------------------
| rollout/                |             |
|    ep_len_mean          | 728         |
|    ep_rew_mean          | 1.28e+03    |
| time/                   |             |
|    fps                  | 2669        |
|    iterations           | 291         |
|    time_elapsed         | 892         |
|    total_timesteps      | 2383872     |
| train/                  |             |
|    approx_kl            | 0.012610767 |
|    clip_fraction        | 0.178       |
|    clip_range           | 0.2         |
|    entropy_loss         | -6.62       |
|    explained_variance   | 0.75        |
|    learning_rate        | 0.000205    |
|    loss                 | 0.052       |
|    n_updates            | 335         |
|    policy_gradient_loss | 0.00608     |
|    std                  | 0.553       |
|    value_loss           | 0.0638      |
-----------------------------------------
Early stopping at step 0 due to reaching max kl: 0.04
-----------------------------------------
| rollout/                |             |
|    ep_len_mean          | 715         |
|    ep_rew_mean          | 1.27e+03    |
| time/                   |             |
|    fps                  | 2669        |
|    iterations           | 292         |
|    time_elapsed         | 896         |
|    total_timesteps      | 2392064     |
| train/                  |             |
|    approx_kl            | 0.015054982 |
|    clip_fraction        | 0.204       |
|    clip_range           | 0.2         |
|    entropy_loss         | -6.6        |
|    explained_variance   | 0.78        |
|    learning_rate        | 0.000205    |
|    loss                 | 0.0174      |
|    n_updates            | 336         |
|    policy_gradient_loss | 0.00787     |
|    std                  | 0.551       |
|    value_loss           | 0.0198      |
-----------------------------------------
Early stopping at step 0 due to reaching max kl: 0.03
-----------------------------------------
| rollout/                |             |
|    ep_len_mean          | 736         |
|    ep_rew_mean          | 1.31e+03    |
| time/                   |             |
|    fps                  | 2668        |
|    iterations           | 293         |
|    time_elapsed         | 899         |
|    total_timesteps      | 2400256     |
| train/                  |             |
|    approx_kl            | 0.015752312 |
|    clip_fraction        | 0.223       |
|    clip_range           | 0.2         |
|    entropy_loss         | -6.56       |
|    explained_variance   | 0.81        |
|    learning_rate        | 0.000204    |
|    loss                 | 0.00691     |
|    n_updates            | 337         |
|    policy_gradient_loss | 0.00904     |
|    std                  | 0.549       |
|    value_loss           | 0.0293      |
-----------------------------------------
Early stopping at step 0 due to reaching max kl: 0.03
[Progress] Training 3/6: 2,401,652/5,000,000 steps (48.0%); 3 full runs remain afterward; rough training ETA 1h 50m.
-----------------------------------------
| rollout/                |             |
|    ep_len_mean          | 737         |
|    ep_rew_mean          | 1.31e+03    |
| time/                   |             |
|    fps                  | 2668        |
|    iterations           | 294         |
|    time_elapsed         | 902         |
|    total_timesteps      | 2408448     |
| train/                  |             |
|    approx_kl            | 0.012146883 |
|    clip_fraction        | 0.165       |
|    clip_range           | 0.2         |
|    entropy_loss         | -6.55       |
|    explained_variance   | 0.79        |
|    learning_rate        | 0.000204    |
|    loss                 | 0.00881     |
|    n_updates            | 338         |
|    policy_gradient_loss | 0.00793     |
|    std                  | 0.549       |
|    value_loss           | 0.0469      |
-----------------------------------------
Early stopping at step 0 due to reaching max kl: 0.03
-----------------------------------------
| rollout/                |             |
|    ep_len_mean          | 748         |
|    ep_rew_mean          | 1.33e+03    |
| time/                   |             |
|    fps                  | 2668        |
|    iterations           | 295         |
|    time_elapsed         | 905         |
|    total_timesteps      | 2416640     |
| train/                  |             |
|    approx_kl            | 0.013840829 |
|    clip_fraction        | 0.184       |
|    clip_range           | 0.2         |
|    entropy_loss         | -6.53       |
|    explained_variance   | 0.758       |
|    learning_rate        | 0.000204    |
|    loss                 | 0.0597      |
|    n_updates            | 339         |
|    policy_gradient_loss | 0.00868     |
|    std                  | 0.547       |
|    value_loss           | 0.0411      |
-----------------------------------------
Early stopping at step 0 due to reaching max kl: 0.03
-----------------------------------------
| rollout/                |             |
|    ep_len_mean          | 736         |
|    ep_rew_mean          | 1.31e+03    |
| time/                   |             |
|    fps                  | 2668        |
|    iterations           | 296         |
|    time_elapsed         | 908         |
|    total_timesteps      | 2424832     |
| train/                  |             |
|    approx_kl            | 0.011359425 |
|    clip_fraction        | 0.158       |
|    clip_range           | 0.2         |
|    entropy_loss         | -6.52       |
|    explained_variance   | 0.691       |
|    learning_rate        | 0.000203    |
|    loss                 | 0.0421      |
|    n_updates            | 340         |
|    policy_gradient_loss | 0.00274     |
|    std                  | 0.547       |
|    value_loss           | 0.0582      |
-----------------------------------------
Early stopping at step 0 due to reaching max kl: 0.03
----------------------------------------
| rollout/                |            |
|    ep_len_mean          | 713        |
|    ep_rew_mean          | 1.28e+03   |
| time/                   |            |
|    fps                  | 2668       |
|    iterations           | 297        |
|    time_elapsed         | 911        |
|    total_timesteps      | 2433024    |
| train/                  |            |
|    approx_kl            | 0.01171875 |
|    clip_fraction        | 0.161      |
|    clip_range           | 0.2        |
|    entropy_loss         | -6.5       |
|    explained_variance   | 0.772      |
|    learning_rate        | 0.000203   |
|    loss                 | 0.00456    |
|    n_updates            | 341        |
|    policy_gradient_loss | 0.00526    |
|    std                  | 0.545      |
|    value_loss           | 0.0236     |
----------------------------------------
Early stopping at step 0 due to reaching max kl: 0.03
-----------------------------------------
| rollout/                |             |
|    ep_len_mean          | 694         |
|    ep_rew_mean          | 1.25e+03    |
| time/                   |             |
|    fps                  | 2668        |
|    iterations           | 298         |
|    time_elapsed         | 914         |
|    total_timesteps      | 2441216     |
| train/                  |             |
|    approx_kl            | 0.011727564 |
|    clip_fraction        | 0.16        |
|    clip_range           | 0.2         |
|    entropy_loss         | -6.49       |
|    explained_variance   | 0.62        |
|    learning_rate        | 0.000203    |
|    loss                 | 0.177       |
|    n_updates            | 342         |
|    policy_gradient_loss | 0.00777     |
|    std                  | 0.545       |
|    value_loss           | 0.0787      |
-----------------------------------------
Early stopping at step 0 due to reaching max kl: 0.03
-----------------------------------------
| rollout/                |             |
|    ep_len_mean          | 677         |
|    ep_rew_mean          | 1.22e+03    |
| time/                   |             |
|    fps                  | 2668        |
|    iterations           | 299         |
|    time_elapsed         | 917         |
|    total_timesteps      | 2449408     |
| train/                  |             |
|    approx_kl            | 0.012644736 |
|    clip_fraction        | 0.165       |
|    clip_range           | 0.2         |
|    entropy_loss         | -6.48       |
|    explained_variance   | 0.695       |
|    learning_rate        | 0.000202    |
|    loss                 | 0.0796      |
|    n_updates            | 343         |
|    policy_gradient_loss | 0.00791     |
|    std                  | 0.544       |
|    value_loss           | 0.0835      |
-----------------------------------------
Early stopping at step 0 due to reaching max kl: 0.03
------------------------------------------
| rollout/                |              |
|    ep_len_mean          | 669          |
|    ep_rew_mean          | 1.2e+03      |
| time/                   |              |
|    fps                  | 2668         |
|    iterations           | 300          |
|    time_elapsed         | 921          |
|    total_timesteps      | 2457600      |
| train/                  |              |
|    approx_kl            | 0.0148837725 |
|    clip_fraction        | 0.2          |
|    clip_range           | 0.2          |
|    entropy_loss         | -6.47        |
|    explained_variance   | 0.771        |
|    learning_rate        | 0.000202     |
|    loss                 | 0.059        |
|    n_updates            | 344          |
|    policy_gradient_loss | 0.0131       |
|    std                  | 0.543        |
|    value_loss           | 0.0612       |
------------------------------------------
Early stopping at step 0 due to reaching max kl: 0.03
-----------------------------------------
| rollout/                |             |
|    ep_len_mean          | 675         |
|    ep_rew_mean          | 1.21e+03    |
| time/                   |             |
|    fps                  | 2668        |
|    iterations           | 301         |
|    time_elapsed         | 924         |
|    total_timesteps      | 2465792     |
| train/                  |             |
|    approx_kl            | 0.012981648 |
|    clip_fraction        | 0.176       |
|    clip_range           | 0.2         |
|    entropy_loss         | -6.46       |
|    explained_variance   | 0.784       |
|    learning_rate        | 0.000202    |
|    loss                 | 0.00721     |
|    n_updates            | 345         |
|    policy_gradient_loss | 0.00564     |
|    std                  | 0.542       |
|    value_loss           | 0.0502      |
-----------------------------------------
Early stopping at step 1 due to reaching max kl: 0.03
----------------------------------------
| rollout/                |            |
|    ep_len_mean          | 668        |
|    ep_rew_mean          | 1.2e+03    |
| time/                   |            |
|    fps                  | 2667       |
|    iterations           | 302        |
|    time_elapsed         | 927        |
|    total_timesteps      | 2473984    |
| train/                  |            |
|    approx_kl            | 0.02506125 |
|    clip_fraction        | 0.217      |
|    clip_range           | 0.2        |
|    entropy_loss         | -6.43      |
|    explained_variance   | 0.842      |
|    learning_rate        | 0.000201   |
|    loss                 | -0.0312    |
|    n_updates            | 347        |
|    policy_gradient_loss | 0.00999    |
|    std                  | 0.54       |
|    value_loss           | 0.0286     |
----------------------------------------
Early stopping at step 0 due to reaching max kl: 0.03
-----------------------------------------
| rollout/                |             |
|    ep_len_mean          | 643         |
|    ep_rew_mean          | 1.15e+03    |
| time/                   |             |
|    fps                  | 2668        |
|    iterations           | 303         |
|    time_elapsed         | 930         |
|    total_timesteps      | 2482176     |
| train/                  |             |
|    approx_kl            | 0.010208082 |
|    clip_fraction        | 0.123       |
|    clip_range           | 0.2         |
|    entropy_loss         | -6.4        |
|    explained_variance   | 0.765       |
|    learning_rate        | 0.000201    |
|    loss                 | 0.0322      |
|    n_updates            | 348         |
|    policy_gradient_loss | 0.00344     |
|    std                  | 0.539       |
|    value_loss           | 0.0763      |
-----------------------------------------
Early stopping at step 0 due to reaching max kl: 0.03
-----------------------------------------
| rollout/                |             |
|    ep_len_mean          | 639         |
|    ep_rew_mean          | 1.15e+03    |
| time/                   |             |
|    fps                  | 2668        |
|    iterations           | 304         |
|    time_elapsed         | 933         |
|    total_timesteps      | 2490368     |
| train/                  |             |
|    approx_kl            | 0.014476732 |
|    clip_fraction        | 0.195       |
|    clip_range           | 0.2         |
|    entropy_loss         | -6.39       |
|    explained_variance   | 0.757       |
|    learning_rate        | 0.000201    |
|    loss                 | 0.0313      |
|    n_updates            | 349         |
|    policy_gradient_loss | 0.00766     |
|    std                  | 0.538       |
|    value_loss           | 0.093       |
-----------------------------------------
Early stopping at step 0 due to reaching max kl: 0.03
-----------------------------------------
| rollout/                |             |
|    ep_len_mean          | 663         |
|    ep_rew_mean          | 1.19e+03    |
| time/                   |             |
|    fps                  | 2668        |
|    iterations           | 305         |
|    time_elapsed         | 936         |
|    total_timesteps      | 2498560     |
| train/                  |             |
|    approx_kl            | 0.010334469 |
|    clip_fraction        | 0.132       |
|    clip_range           | 0.2         |
|    entropy_loss         | -6.39       |
|    explained_variance   | 0.771       |
|    learning_rate        | 0.0002      |
|    loss                 | 0.0498      |
|    n_updates            | 350         |
|    policy_gradient_loss | 0.0036      |
|    std                  | 0.538       |
|    value_loss           | 0.0479      |
-----------------------------------------
Early stopping at step 0 due to reaching max kl: 0.03
-----------------------------------------
| rollout/                |             |
|    ep_len_mean          | 711         |
|    ep_rew_mean          | 1.28e+03    |
| time/                   |             |
|    fps                  | 2668        |
|    iterations           | 306         |
|    time_elapsed         | 939         |
|    total_timesteps      | 2506752     |
| train/                  |             |
|    approx_kl            | 0.014151755 |
|    clip_fraction        | 0.192       |
|    clip_range           | 0.2         |
|    entropy_loss         | -6.39       |
|    explained_variance   | 0.799       |
|    learning_rate        | 0.0002      |
|    loss                 | 0.047       |
|    n_updates            | 351         |
|    policy_gradient_loss | 0.00474     |
|    std                  | 0.538       |
|    value_loss           | 0.0482      |
-----------------------------------------
Early stopping at step 0 due to reaching max kl: 0.04
-----------------------------------------
| rollout/                |             |
|    ep_len_mean          | 690         |
|    ep_rew_mean          | 1.24e+03    |
| time/                   |             |
|    fps                  | 2668        |
|    iterations           | 307         |
|    time_elapsed         | 942         |
|    total_timesteps      | 2514944     |
| train/                  |             |
|    approx_kl            | 0.012242628 |
|    clip_fraction        | 0.155       |
|    clip_range           | 0.2         |
|    entropy_loss         | -6.38       |
|    explained_variance   | 0.777       |
|    learning_rate        | 0.0002      |
|    loss                 | 0.0502      |
|    n_updates            | 352         |
|    policy_gradient_loss | 0.00681     |
|    std                  | 0.537       |
|    value_loss           | 0.0415      |
-----------------------------------------
Early stopping at step 0 due to reaching max kl: 0.03
-----------------------------------------
| rollout/                |             |
|    ep_len_mean          | 692         |
|    ep_rew_mean          | 1.25e+03    |
| time/                   |             |
|    fps                  | 2668        |
|    iterations           | 308         |
|    time_elapsed         | 945         |
|    total_timesteps      | 2523136     |
| train/                  |             |
|    approx_kl            | 0.011509549 |
|    clip_fraction        | 0.155       |
|    clip_range           | 0.2         |
|    entropy_loss         | -6.36       |
|    explained_variance   | 0.779       |
|    learning_rate        | 0.000199    |
|    loss                 | 0.0586      |
|    n_updates            | 353         |
|    policy_gradient_loss | 0.00658     |
|    std                  | 0.536       |
|    value_loss           | 0.0477      |
-----------------------------------------
Early stopping at step 0 due to reaching max kl: 0.03
-----------------------------------------
| rollout/                |             |
|    ep_len_mean          | 674         |
|    ep_rew_mean          | 1.22e+03    |
| time/                   |             |
|    fps                  | 2668        |
|    iterations           | 309         |
|    time_elapsed         | 948         |
|    total_timesteps      | 2531328     |
| train/                  |             |
|    approx_kl            | 0.012826305 |
|    clip_fraction        | 0.173       |
|    clip_range           | 0.2         |
|    entropy_loss         | -6.36       |
|    explained_variance   | 0.713       |
|    learning_rate        | 0.000199    |
|    loss                 | 0.0447      |
|    n_updates            | 354         |
|    policy_gradient_loss | 0.0088      |
|    std                  | 0.536       |
|    value_loss           | 0.0747      |
-----------------------------------------
Early stopping at step 0 due to reaching max kl: 0.03
-----------------------------------------
| rollout/                |             |
|    ep_len_mean          | 691         |
|    ep_rew_mean          | 1.25e+03    |
| time/                   |             |
|    fps                  | 2669        |
|    iterations           | 310         |
|    time_elapsed         | 951         |
|    total_timesteps      | 2539520     |
| train/                  |             |
|    approx_kl            | 0.012205747 |
|    clip_fraction        | 0.159       |
|    clip_range           | 0.2         |
|    entropy_loss         | -6.35       |
|    explained_variance   | 0.818       |
|    learning_rate        | 0.000199    |
|    loss                 | 0.0823      |
|    n_updates            | 355         |
|    policy_gradient_loss | 0.0114      |
|    std                  | 0.535       |
|    value_loss           | 0.0551      |
-----------------------------------------
Early stopping at step 0 due to reaching max kl: 0.03
-----------------------------------------
| rollout/                |             |
|    ep_len_mean          | 685         |
|    ep_rew_mean          | 1.24e+03    |
| time/                   |             |
|    fps                  | 2669        |
|    iterations           | 311         |
|    time_elapsed         | 954         |
|    total_timesteps      | 2547712     |
| train/                  |             |
|    approx_kl            | 0.011760455 |
|    clip_fraction        | 0.155       |
|    clip_range           | 0.2         |
|    entropy_loss         | -6.34       |
|    explained_variance   | 0.79        |
|    learning_rate        | 0.000198    |
|    loss                 | -0.00504    |
|    n_updates            | 356         |
|    policy_gradient_loss | 0.00664     |
|    std                  | 0.534       |
|    value_loss           | 0.0292      |
-----------------------------------------
Early stopping at step 0 due to reaching max kl: 0.03
-----------------------------------------
| rollout/                |             |
|    ep_len_mean          | 716         |
|    ep_rew_mean          | 1.3e+03     |
| time/                   |             |
|    fps                  | 2669        |
|    iterations           | 312         |
|    time_elapsed         | 957         |
|    total_timesteps      | 2555904     |
| train/                  |             |
|    approx_kl            | 0.013163339 |
|    clip_fraction        | 0.177       |
|    clip_range           | 0.2         |
|    entropy_loss         | -6.32       |
|    explained_variance   | 0.781       |
|    learning_rate        | 0.000198    |
|    loss                 | 0.0478      |
|    n_updates            | 357         |
|    policy_gradient_loss | 0.00279     |
|    std                  | 0.534       |
|    value_loss           | 0.0495      |
-----------------------------------------
Early stopping at step 0 due to reaching max kl: 0.04
-----------------------------------------
| rollout/                |             |
|    ep_len_mean          | 682         |
|    ep_rew_mean          | 1.25e+03    |
| time/                   |             |
|    fps                  | 2669        |
|    iterations           | 313         |
|    time_elapsed         | 960         |
|    total_timesteps      | 2564096     |
| train/                  |             |
|    approx_kl            | 0.012468155 |
|    clip_fraction        | 0.169       |
|    clip_range           | 0.2         |
|    entropy_loss         | -6.31       |
|    explained_variance   | 0.809       |
|    learning_rate        | 0.000198    |
|    loss                 | 0.00898     |
|    n_updates            | 358         |
|    policy_gradient_loss | 0.0045      |
|    std                  | 0.532       |
|    value_loss           | 0.0363      |
-----------------------------------------
Early stopping at step 0 due to reaching max kl: 0.03
-----------------------------------------
| rollout/                |             |
|    ep_len_mean          | 679         |
|    ep_rew_mean          | 1.25e+03    |
| time/                   |             |
|    fps                  | 2669        |
|    iterations           | 314         |
|    time_elapsed         | 963         |
|    total_timesteps      | 2572288     |
| train/                  |             |
|    approx_kl            | 0.014421661 |
|    clip_fraction        | 0.199       |
|    clip_range           | 0.2         |
|    entropy_loss         | -6.28       |
|    explained_variance   | 0.682       |
|    learning_rate        | 0.000197    |
|    loss                 | 0.147       |
|    n_updates            | 359         |
|    policy_gradient_loss | 0.00835     |
|    std                  | 0.531       |
|    value_loss           | 0.0887      |
-----------------------------------------
Early stopping at step 0 due to reaching max kl: 0.03
-----------------------------------------
| rollout/                |             |
|    ep_len_mean          | 656         |
|    ep_rew_mean          | 1.21e+03    |
| time/                   |             |
|    fps                  | 2669        |
|    iterations           | 315         |
|    time_elapsed         | 966         |
|    total_timesteps      | 2580480     |
| train/                  |             |
|    approx_kl            | 0.015479157 |
|    clip_fraction        | 0.201       |
|    clip_range           | 0.2         |
|    entropy_loss         | -6.28       |
|    explained_variance   | 0.758       |
|    learning_rate        | 0.000197    |
|    loss                 | 0.0385      |
|    n_updates            | 360         |
|    policy_gradient_loss | 0.00782     |
|    std                  | 0.53        |
|    value_loss           | 0.0552      |
-----------------------------------------
Early stopping at step 0 due to reaching max kl: 0.03
-----------------------------------------
| rollout/                |             |
|    ep_len_mean          | 654         |
|    ep_rew_mean          | 1.21e+03    |
| time/                   |             |
|    fps                  | 2669        |
|    iterations           | 316         |
|    time_elapsed         | 969         |
|    total_timesteps      | 2588672     |
| train/                  |             |
|    approx_kl            | 0.013773948 |
|    clip_fraction        | 0.183       |
|    clip_range           | 0.2         |
|    entropy_loss         | -6.26       |
|    explained_variance   | 0.682       |
|    learning_rate        | 0.000197    |
|    loss                 | 0.132       |
|    n_updates            | 361         |
|    policy_gradient_loss | 0.0068      |
|    std                  | 0.53        |
|    value_loss           | 0.0749      |
-----------------------------------------
Early stopping at step 0 due to reaching max kl: 0.03
-----------------------------------------
| rollout/                |             |
|    ep_len_mean          | 682         |
|    ep_rew_mean          | 1.26e+03    |
| time/                   |             |
|    fps                  | 2669        |
|    iterations           | 317         |
|    time_elapsed         | 972         |
|    total_timesteps      | 2596864     |
| train/                  |             |
|    approx_kl            | 0.012896342 |
|    clip_fraction        | 0.168       |
|    clip_range           | 0.2         |
|    entropy_loss         | -6.26       |
|    explained_variance   | 0.743       |
|    learning_rate        | 0.000196    |
|    loss                 | 0.0469      |
|    n_updates            | 362         |
|    policy_gradient_loss | 0.00475     |
|    std                  | 0.529       |
|    value_loss           | 0.0541      |
-----------------------------------------
Early stopping at step 0 due to reaching max kl: 0.03
------------------------------------------
| rollout/                |              |
|    ep_len_mean          | 682          |
|    ep_rew_mean          | 1.27e+03     |
| time/                   |              |
|    fps                  | 2669         |
|    iterations           | 318          |
|    time_elapsed         | 975          |
|    total_timesteps      | 2605056      |
| train/                  |              |
|    approx_kl            | 0.0132776555 |
|    clip_fraction        | 0.186        |
|    clip_range           | 0.2          |
|    entropy_loss         | -6.24        |
|    explained_variance   | 0.741        |
|    learning_rate        | 0.000196     |
|    loss                 | 0.142        |
|    n_updates            | 363          |
|    policy_gradient_loss | 0.00939      |
|    std                  | 0.528        |
|    value_loss           | 0.0459       |
------------------------------------------
Early stopping at step 0 due to reaching max kl: 0.03
-----------------------------------------
| rollout/                |             |
|    ep_len_mean          | 707         |
|    ep_rew_mean          | 1.32e+03    |
| time/                   |             |
|    fps                  | 2669        |
|    iterations           | 319         |
|    time_elapsed         | 978         |
|    total_timesteps      | 2613248     |
| train/                  |             |
|    approx_kl            | 0.014909094 |
|    clip_fraction        | 0.207       |
|    clip_range           | 0.2         |
|    entropy_loss         | -6.21       |
|    explained_variance   | 0.835       |
|    learning_rate        | 0.000196    |
|    loss                 | -0.0017     |
|    n_updates            | 364         |
|    policy_gradient_loss | 0.00616     |
|    std                  | 0.525       |
|    value_loss           | 0.0192      |
-----------------------------------------
Early stopping at step 0 due to reaching max kl: 0.04
-----------------------------------------
| rollout/                |             |
|    ep_len_mean          | 685         |
|    ep_rew_mean          | 1.28e+03    |
| time/                   |             |
|    fps                  | 2669        |
|    iterations           | 320         |
|    time_elapsed         | 981         |
|    total_timesteps      | 2621440     |
| train/                  |             |
|    approx_kl            | 0.013985765 |
|    clip_fraction        | 0.189       |
|    clip_range           | 0.2         |
|    entropy_loss         | -6.18       |
|    explained_variance   | 0.833       |
|    learning_rate        | 0.000195    |
|    loss                 | 0.00647     |
|    n_updates            | 365         |
|    policy_gradient_loss | 0.00876     |
|    std                  | 0.524       |
|    value_loss           | 0.0182      |
-----------------------------------------
Early stopping at step 0 due to reaching max kl: 0.03
-----------------------------------------
| rollout/                |             |
|    ep_len_mean          | 708         |
|    ep_rew_mean          | 1.33e+03    |
| time/                   |             |
|    fps                  | 2669        |
|    iterations           | 321         |
|    time_elapsed         | 984         |
|    total_timesteps      | 2629632     |
| train/                  |             |
|    approx_kl            | 0.012660698 |
|    clip_fraction        | 0.165       |
|    clip_range           | 0.2         |
|    entropy_loss         | -6.17       |
|    explained_variance   | 0.652       |
|    learning_rate        | 0.000195    |
|    loss                 | 0.0304      |
|    n_updates            | 366         |
|    policy_gradient_loss | 0.00808     |
|    std                  | 0.524       |
|    value_loss           | 0.0778      |
-----------------------------------------
Early stopping at step 0 due to reaching max kl: 0.03
-----------------------------------------
| rollout/                |             |
|    ep_len_mean          | 709         |
|    ep_rew_mean          | 1.33e+03    |
| time/                   |             |
|    fps                  | 2669        |
|    iterations           | 322         |
|    time_elapsed         | 988         |
|    total_timesteps      | 2637824     |
| train/                  |             |
|    approx_kl            | 0.013628273 |
|    clip_fraction        | 0.192       |
|    clip_range           | 0.2         |
|    entropy_loss         | -6.16       |
|    explained_variance   | 0.739       |
|    learning_rate        | 0.000195    |
|    loss                 | 0.0301      |
|    n_updates            | 367         |
|    policy_gradient_loss | 0.00603     |
|    std                  | 0.522       |
|    value_loss           | 0.0359      |
-----------------------------------------
Early stopping at step 0 due to reaching max kl: 0.03
-----------------------------------------
| rollout/                |             |
|    ep_len_mean          | 696         |
|    ep_rew_mean          | 1.31e+03    |
| time/                   |             |
|    fps                  | 2669        |
|    iterations           | 323         |
|    time_elapsed         | 991         |
|    total_timesteps      | 2646016     |
| train/                  |             |
|    approx_kl            | 0.013197264 |
|    clip_fraction        | 0.181       |
|    clip_range           | 0.2         |
|    entropy_loss         | -6.14       |
|    explained_variance   | 0.564       |
|    learning_rate        | 0.000194    |
|    loss                 | 0.038       |
|    n_updates            | 368         |
|    policy_gradient_loss | 0.00702     |
|    std                  | 0.521       |
|    value_loss           | 0.0659      |
-----------------------------------------
Early stopping at step 0 due to reaching max kl: 0.04
-----------------------------------------
| rollout/                |             |
|    ep_len_mean          | 705         |
|    ep_rew_mean          | 1.33e+03    |
| time/                   |             |
|    fps                  | 2670        |
|    iterations           | 324         |
|    time_elapsed         | 993         |
|    total_timesteps      | 2654208     |
| train/                  |             |
|    approx_kl            | 0.010872092 |
|    clip_fraction        | 0.13        |
|    clip_range           | 0.2         |
|    entropy_loss         | -6.12       |
|    explained_variance   | 0.665       |
|    learning_rate        | 0.000194    |
|    loss                 | 0.0448      |
|    n_updates            | 369         |
|    policy_gradient_loss | 0.00249     |
|    std                  | 0.52        |
|    value_loss           | 0.0803      |
-----------------------------------------
Early stopping at step 0 due to reaching max kl: 0.03
----------------------------------------
| rollout/                |            |
|    ep_len_mean          | 703        |
|    ep_rew_mean          | 1.33e+03   |
| time/                   |            |
|    fps                  | 2670       |
|    iterations           | 325        |
|    time_elapsed         | 996        |
|    total_timesteps      | 2662400    |
| train/                  |            |
|    approx_kl            | 0.00968021 |
|    clip_fraction        | 0.123      |
|    clip_range           | 0.2        |
|    entropy_loss         | -6.12      |
|    explained_variance   | 0.656      |
|    learning_rate        | 0.000194   |
|    loss                 | -0.00243   |
|    n_updates            | 370        |
|    policy_gradient_loss | 0.00585    |
|    std                  | 0.52       |
|    value_loss           | 0.0847     |
----------------------------------------
Early stopping at step 0 due to reaching max kl: 0.04
-----------------------------------------
| rollout/                |             |
|    ep_len_mean          | 706         |
|    ep_rew_mean          | 1.34e+03    |
| time/                   |             |
|    fps                  | 2670        |
|    iterations           | 326         |
|    time_elapsed         | 1000        |
|    total_timesteps      | 2670592     |
| train/                  |             |
|    approx_kl            | 0.012538464 |
|    clip_fraction        | 0.171       |
|    clip_range           | 0.2         |
|    entropy_loss         | -6.11       |
|    explained_variance   | 0.701       |
|    learning_rate        | 0.000194    |
|    loss                 | 0.00709     |
|    n_updates            | 371         |
|    policy_gradient_loss | 0.0104      |
|    std                  | 0.52        |
|    value_loss           | 0.0513      |
-----------------------------------------
Early stopping at step 0 due to reaching max kl: 0.05
-----------------------------------------
| rollout/                |             |
|    ep_len_mean          | 696         |
|    ep_rew_mean          | 1.32e+03    |
| time/                   |             |
|    fps                  | 2670        |
|    iterations           | 327         |
|    time_elapsed         | 1002        |
|    total_timesteps      | 2678784     |
| train/                  |             |
|    approx_kl            | 0.010740557 |
|    clip_fraction        | 0.138       |
|    clip_range           | 0.2         |
|    entropy_loss         | -6.1        |
|    explained_variance   | 0.711       |
|    learning_rate        | 0.000193    |
|    loss                 | 0.0723      |
|    n_updates            | 372         |
|    policy_gradient_loss | 0.00857     |
|    std                  | 0.519       |
|    value_loss           | 0.0353      |
-----------------------------------------
Early stopping at step 0 due to reaching max kl: 0.03
-----------------------------------------
| rollout/                |             |
|    ep_len_mean          | 705         |
|    ep_rew_mean          | 1.34e+03    |
| time/                   |             |
|    fps                  | 2670        |
|    iterations           | 328         |
|    time_elapsed         | 1006        |
|    total_timesteps      | 2686976     |
| train/                  |             |
|    approx_kl            | 0.013783263 |
|    clip_fraction        | 0.19        |
|    clip_range           | 0.2         |
|    entropy_loss         | -6.09       |
|    explained_variance   | 0.742       |
|    learning_rate        | 0.000193    |
|    loss                 | 0.178       |
|    n_updates            | 373         |
|    policy_gradient_loss | 0.00732     |
|    std                  | 0.518       |
|    value_loss           | 0.0368      |
-----------------------------------------
Early stopping at step 0 due to reaching max kl: 0.03
-----------------------------------------
| rollout/                |             |
|    ep_len_mean          | 702         |
|    ep_rew_mean          | 1.34e+03    |
| time/                   |             |
|    fps                  | 2670        |
|    iterations           | 329         |
|    time_elapsed         | 1009        |
|    total_timesteps      | 2695168     |
| train/                  |             |
|    approx_kl            | 0.009554789 |
|    clip_fraction        | 0.134       |
|    clip_range           | 0.2         |
|    entropy_loss         | -6.08       |
|    explained_variance   | 0.706       |
|    learning_rate        | 0.000193    |
|    loss                 | 0.0594      |
|    n_updates            | 374         |
|    policy_gradient_loss | 0.0032      |
|    std                  | 0.517       |
|    value_loss           | 0.0285      |
-----------------------------------------
Early stopping at step 0 due to reaching max kl: 0.03
-----------------------------------------
| rollout/                |             |
|    ep_len_mean          | 695         |
|    ep_rew_mean          | 1.33e+03    |
| time/                   |             |
|    fps                  | 2670        |
|    iterations           | 330         |
|    time_elapsed         | 1012        |
|    total_timesteps      | 2703360     |
| train/                  |             |
|    approx_kl            | 0.012803601 |
|    clip_fraction        | 0.173       |
|    clip_range           | 0.2         |
|    entropy_loss         | -6.06       |
|    explained_variance   | 0.659       |
|    learning_rate        | 0.000192    |
|    loss                 | 0.0247      |
|    n_updates            | 375         |
|    policy_gradient_loss | 0.00679     |
|    std                  | 0.516       |
|    value_loss           | 0.063       |
-----------------------------------------
Early stopping at step 0 due to reaching max kl: 0.03
-----------------------------------------
| rollout/                |             |
|    ep_len_mean          | 706         |
|    ep_rew_mean          | 1.35e+03    |
| time/                   |             |
|    fps                  | 2670        |
|    iterations           | 331         |
|    time_elapsed         | 1015        |
|    total_timesteps      | 2711552     |
| train/                  |             |
|    approx_kl            | 0.013426689 |
|    clip_fraction        | 0.183       |
|    clip_range           | 0.2         |
|    entropy_loss         | -6.05       |
|    explained_variance   | 0.737       |
|    learning_rate        | 0.000192    |
|    loss                 | -0.00228    |
|    n_updates            | 376         |
|    policy_gradient_loss | 0.0042      |
|    std                  | 0.515       |
|    value_loss           | 0.042       |
-----------------------------------------
Early stopping at step 0 due to reaching max kl: 0.03
-----------------------------------------
| rollout/                |             |
|    ep_len_mean          | 713         |
|    ep_rew_mean          | 1.37e+03    |
| time/                   |             |
|    fps                  | 2671        |
|    iterations           | 332         |
|    time_elapsed         | 1018        |
|    total_timesteps      | 2719744     |
| train/                  |             |
|    approx_kl            | 0.013895943 |
|    clip_fraction        | 0.197       |
|    clip_range           | 0.2         |
|    entropy_loss         | -6.04       |
|    explained_variance   | 0.685       |
|    learning_rate        | 0.000192    |
|    loss                 | 0.0216      |
|    n_updates            | 377         |
|    policy_gradient_loss | 0.00569     |
|    std                  | 0.515       |
|    value_loss           | 0.0674      |
-----------------------------------------
Early stopping at step 0 due to reaching max kl: 0.03
-----------------------------------------
| rollout/                |             |
|    ep_len_mean          | 745         |
|    ep_rew_mean          | 1.43e+03    |
| time/                   |             |
|    fps                  | 2671        |
|    iterations           | 333         |
|    time_elapsed         | 1021        |
|    total_timesteps      | 2727936     |
| train/                  |             |
|    approx_kl            | 0.015650777 |
|    clip_fraction        | 0.217       |
|    clip_range           | 0.2         |
|    entropy_loss         | -6.02       |
|    explained_variance   | 0.769       |
|    learning_rate        | 0.000191    |
|    loss                 | 0.0701      |
|    n_updates            | 378         |
|    policy_gradient_loss | 0.00747     |
|    std                  | 0.513       |
|    value_loss           | 0.0437      |
-----------------------------------------
Early stopping at step 0 due to reaching max kl: 0.03
-----------------------------------------
| rollout/                |             |
|    ep_len_mean          | 704         |
|    ep_rew_mean          | 1.35e+03    |
| time/                   |             |
|    fps                  | 2671        |
|    iterations           | 334         |
|    time_elapsed         | 1024        |
|    total_timesteps      | 2736128     |
| train/                  |             |
|    approx_kl            | 0.011324379 |
|    clip_fraction        | 0.161       |
|    clip_range           | 0.2         |
|    entropy_loss         | -6          |
|    explained_variance   | 0.801       |
|    learning_rate        | 0.000191    |
|    loss                 | 0.0523      |
|    n_updates            | 379         |
|    policy_gradient_loss | 0.00478     |
|    std                  | 0.512       |
|    value_loss           | 0.022       |
-----------------------------------------
Early stopping at step 0 due to reaching max kl: 0.03
-----------------------------------------
| rollout/                |             |
|    ep_len_mean          | 705         |
|    ep_rew_mean          | 1.35e+03    |
| time/                   |             |
|    fps                  | 2671        |
|    iterations           | 335         |
|    time_elapsed         | 1027        |
|    total_timesteps      | 2744320     |
| train/                  |             |
|    approx_kl            | 0.014876073 |
|    clip_fraction        | 0.191       |
|    clip_range           | 0.2         |
|    entropy_loss         | -5.99       |
|    explained_variance   | 0.603       |
|    learning_rate        | 0.000191    |
|    loss                 | 0.034       |
|    n_updates            | 380         |
|    policy_gradient_loss | 0.00991     |
|    std                  | 0.512       |
|    value_loss           | 0.1         |
-----------------------------------------
Early stopping at step 1 due to reaching max kl: 0.03
----------------------------------------
| rollout/                |            |
|    ep_len_mean          | 683        |
|    ep_rew_mean          | 1.31e+03   |
| time/                   |            |
|    fps                  | 2670       |
|    iterations           | 336        |
|    time_elapsed         | 1030       |
|    total_timesteps      | 2752512    |
| train/                  |            |
|    approx_kl            | 0.02032718 |
|    clip_fraction        | 0.207      |
|    clip_range           | 0.2        |
|    entropy_loss         | -5.98      |
|    explained_variance   | 0.735      |
|    learning_rate        | 0.00019    |
|    loss                 | -0.019     |
|    n_updates            | 382        |
|    policy_gradient_loss | 0.00871    |
|    std                  | 0.51       |
|    value_loss           | 0.034      |
----------------------------------------
Early stopping at step 0 due to reaching max kl: 0.03
-----------------------------------------
| rollout/                |             |
|    ep_len_mean          | 672         |
|    ep_rew_mean          | 1.29e+03    |
| time/                   |             |
|    fps                  | 2670        |
|    iterations           | 337         |
|    time_elapsed         | 1033        |
|    total_timesteps      | 2760704     |
| train/                  |             |
|    approx_kl            | 0.015107619 |
|    clip_fraction        | 0.214       |
|    clip_range           | 0.2         |
|    entropy_loss         | -5.96       |
|    explained_variance   | 0.721       |
|    learning_rate        | 0.00019     |
|    loss                 | 0.0513      |
|    n_updates            | 383         |
|    policy_gradient_loss | 0.00558     |
|    std                  | 0.51        |
|    value_loss           | 0.062       |
-----------------------------------------
Early stopping at step 0 due to reaching max kl: 0.03
-----------------------------------------
| rollout/                |             |
|    ep_len_mean          | 713         |
|    ep_rew_mean          | 1.38e+03    |
| time/                   |             |
|    fps                  | 2670        |
|    iterations           | 338         |
|    time_elapsed         | 1036        |
|    total_timesteps      | 2768896     |
| train/                  |             |
|    approx_kl            | 0.012891721 |
|    clip_fraction        | 0.167       |
|    clip_range           | 0.2         |
|    entropy_loss         | -5.96       |
|    explained_variance   | 0.666       |
|    learning_rate        | 0.00019     |
|    loss                 | -0.0053     |
|    n_updates            | 384         |
|    policy_gradient_loss | 0.00665     |
|    std                  | 0.51        |
|    value_loss           | 0.0368      |
-----------------------------------------
Early stopping at step 1 due to reaching max kl: 0.04
----------------------------------------
| rollout/                |            |
|    ep_len_mean          | 718        |
|    ep_rew_mean          | 1.39e+03   |
| time/                   |            |
|    fps                  | 2670       |
|    iterations           | 339        |
|    time_elapsed         | 1039       |
|    total_timesteps      | 2777088    |
| train/                  |            |
|    approx_kl            | 0.04434619 |
|    clip_fraction        | 0.194      |
|    clip_range           | 0.2        |
|    entropy_loss         | -5.94      |
|    explained_variance   | 0.724      |
|    learning_rate        | 0.000189   |
|    loss                 | 0.00417    |
|    n_updates            | 386        |
|    policy_gradient_loss | 0.0082     |
|    std                  | 0.508      |
|    value_loss           | 0.0201     |
----------------------------------------
Early stopping at step 0 due to reaching max kl: 0.04
-----------------------------------------
| rollout/                |             |
|    ep_len_mean          | 746         |
|    ep_rew_mean          | 1.45e+03    |
| time/                   |             |
|    fps                  | 2670        |
|    iterations           | 340         |
|    time_elapsed         | 1042        |
|    total_timesteps      | 2785280     |
| train/                  |             |
|    approx_kl            | 0.014205658 |
|    clip_fraction        | 0.194       |
|    clip_range           | 0.2         |
|    entropy_loss         | -5.91       |
|    explained_variance   | 0.68        |
|    learning_rate        | 0.000189    |
|    loss                 | 0.0194      |
|    n_updates            | 387         |
|    policy_gradient_loss | 0.0069      |
|    std                  | 0.507       |
|    value_loss           | 0.0381      |
-----------------------------------------
Early stopping at step 0 due to reaching max kl: 0.03
----------------------------------------
| rollout/                |            |
|    ep_len_mean          | 742        |
|    ep_rew_mean          | 1.44e+03   |
| time/                   |            |
|    fps                  | 2670       |
|    iterations           | 341        |
|    time_elapsed         | 1046       |
|    total_timesteps      | 2793472    |
| train/                  |            |
|    approx_kl            | 0.01481809 |
|    clip_fraction        | 0.205      |
|    clip_range           | 0.2        |
|    entropy_loss         | -5.9       |
|    explained_variance   | 0.686      |
|    learning_rate        | 0.000189   |
|    loss                 | 0.0876     |
|    n_updates            | 388        |
|    policy_gradient_loss | 0.00746    |
|    std                  | 0.505      |
|    value_loss           | 0.0212     |
----------------------------------------
Early stopping at step 0 due to reaching max kl: 0.03
-----------------------------------------
| rollout/                |             |
|    ep_len_mean          | 722         |
|    ep_rew_mean          | 1.41e+03    |
| time/                   |             |
|    fps                  | 2670        |
|    iterations           | 342         |
|    time_elapsed         | 1049        |
|    total_timesteps      | 2801664     |
| train/                  |             |
|    approx_kl            | 0.012083197 |
|    clip_fraction        | 0.163       |
|    clip_range           | 0.2         |
|    entropy_loss         | -5.88       |
|    explained_variance   | 0.613       |
|    learning_rate        | 0.000188    |
|    loss                 | 0.0784      |
|    n_updates            | 389         |
|    policy_gradient_loss | 0.00141     |
|    std                  | 0.504       |
|    value_loss           | 0.0447      |
-----------------------------------------
Early stopping at step 0 due to reaching max kl: 0.03
-----------------------------------------
| rollout/                |             |
|    ep_len_mean          | 741         |
|    ep_rew_mean          | 1.45e+03    |
| time/                   |             |
|    fps                  | 2670        |
|    iterations           | 343         |
|    time_elapsed         | 1052        |
|    total_timesteps      | 2809856     |
| train/                  |             |
|    approx_kl            | 0.012070516 |
|    clip_fraction        | 0.165       |
|    clip_range           | 0.2         |
|    entropy_loss         | -5.86       |
|    explained_variance   | 0.619       |
|    learning_rate        | 0.000188    |
|    loss                 | 0.0833      |
|    n_updates            | 390         |
|    policy_gradient_loss | 0.00668     |
|    std                  | 0.503       |
|    value_loss           | 0.0362      |
-----------------------------------------
Early stopping at step 0 due to reaching max kl: 0.03
-----------------------------------------
| rollout/                |             |
|    ep_len_mean          | 731         |
|    ep_rew_mean          | 1.43e+03    |
| time/                   |             |
|    fps                  | 2670        |
|    iterations           | 344         |
|    time_elapsed         | 1055        |
|    total_timesteps      | 2818048     |
| train/                  |             |
|    approx_kl            | 0.013774607 |
|    clip_fraction        | 0.192       |
|    clip_range           | 0.2         |
|    entropy_loss         | -5.85       |
|    explained_variance   | 0.573       |
|    learning_rate        | 0.000188    |
|    loss                 | 0.08        |
|    n_updates            | 391         |
|    policy_gradient_loss | 0.00507     |
|    std                  | 0.503       |
|    value_loss           | 0.0954      |
-----------------------------------------
Early stopping at step 0 due to reaching max kl: 0.03
-----------------------------------------
| rollout/                |             |
|    ep_len_mean          | 735         |
|    ep_rew_mean          | 1.44e+03    |
| time/                   |             |
|    fps                  | 2670        |
|    iterations           | 345         |
|    time_elapsed         | 1058        |
|    total_timesteps      | 2826240     |
| train/                  |             |
|    approx_kl            | 0.014465572 |
|    clip_fraction        | 0.194       |
|    clip_range           | 0.2         |
|    entropy_loss         | -5.85       |
|    explained_variance   | 0.684       |
|    learning_rate        | 0.000187    |
|    loss                 | 0.0537      |
|    n_updates            | 392         |
|    policy_gradient_loss | 0.00832     |
|    std                  | 0.503       |
|    value_loss           | 0.0665      |
-----------------------------------------
Early stopping at step 0 due to reaching max kl: 0.03
-----------------------------------------
| rollout/                |             |
|    ep_len_mean          | 746         |
|    ep_rew_mean          | 1.46e+03    |
| time/                   |             |
|    fps                  | 2670        |
|    iterations           | 346         |
|    time_elapsed         | 1061        |
|    total_timesteps      | 2834432     |
| train/                  |             |
|    approx_kl            | 0.012896476 |
|    clip_fraction        | 0.172       |
|    clip_range           | 0.2         |
|    entropy_loss         | -5.84       |
|    explained_variance   | 0.665       |
|    learning_rate        | 0.000187    |
|    loss                 | 0.0233      |
|    n_updates            | 393         |
|    policy_gradient_loss | 0.00822     |
|    std                  | 0.502       |
|    value_loss           | 0.0575      |
-----------------------------------------
Early stopping at step 0 due to reaching max kl: 0.03
------------------------------------------
| rollout/                |              |
|    ep_len_mean          | 736          |
|    ep_rew_mean          | 1.44e+03     |
| time/                   |              |
|    fps                  | 2670         |
|    iterations           | 347          |
|    time_elapsed         | 1064         |
|    total_timesteps      | 2842624      |
| train/                  |              |
|    approx_kl            | 0.0124511765 |
|    clip_fraction        | 0.173        |
|    clip_range           | 0.2          |
|    entropy_loss         | -5.83        |
|    explained_variance   | 0.681        |
|    learning_rate        | 0.000187     |
|    loss                 | 0.00917      |
|    n_updates            | 394          |
|    policy_gradient_loss | 0.00882      |
|    std                  | 0.501        |
|    value_loss           | 0.0343       |
------------------------------------------
Early stopping at step 0 due to reaching max kl: 0.03
-----------------------------------------
| rollout/                |             |
|    ep_len_mean          | 735         |
|    ep_rew_mean          | 1.45e+03    |
| time/                   |             |
|    fps                  | 2670        |
|    iterations           | 348         |
|    time_elapsed         | 1067        |
|    total_timesteps      | 2850816     |
| train/                  |             |
|    approx_kl            | 0.013380397 |
|    clip_fraction        | 0.177       |
|    clip_range           | 0.2         |
|    entropy_loss         | -5.81       |
|    explained_variance   | 0.572       |
|    learning_rate        | 0.000186    |
|    loss                 | 0.131       |
|    n_updates            | 395         |
|    policy_gradient_loss | 0.00887     |
|    std                  | 0.5         |
|    value_loss           | 0.0447      |
-----------------------------------------
Early stopping at step 0 due to reaching max kl: 0.03
-----------------------------------------
| rollout/                |             |
|    ep_len_mean          | 700         |
|    ep_rew_mean          | 1.37e+03    |
| time/                   |             |
|    fps                  | 2670        |
|    iterations           | 349         |
|    time_elapsed         | 1070        |
|    total_timesteps      | 2859008     |
| train/                  |             |
|    approx_kl            | 0.011827787 |
|    clip_fraction        | 0.158       |
|    clip_range           | 0.2         |
|    entropy_loss         | -5.8        |
|    explained_variance   | 0.735       |
|    learning_rate        | 0.000186    |
|    loss                 | 0.0673      |
|    n_updates            | 396         |
|    policy_gradient_loss | 0.00674     |
|    std                  | 0.499       |
|    value_loss           | 0.0334      |
-----------------------------------------
Early stopping at step 0 due to reaching max kl: 0.03
-----------------------------------------
| rollout/                |             |
|    ep_len_mean          | 691         |
|    ep_rew_mean          | 1.36e+03    |
| time/                   |             |
|    fps                  | 2670        |
|    iterations           | 350         |
|    time_elapsed         | 1073        |
|    total_timesteps      | 2867200     |
| train/                  |             |
|    approx_kl            | 0.012374226 |
|    clip_fraction        | 0.156       |
|    clip_range           | 0.2         |
|    entropy_loss         | -5.79       |
|    explained_variance   | 0.599       |
|    learning_rate        | 0.000186    |
|    loss                 | 0.0538      |
|    n_updates            | 397         |
|    policy_gradient_loss | 0.00737     |
|    std                  | 0.499       |
|    value_loss           | 0.0718      |
-----------------------------------------
Early stopping at step 0 due to reaching max kl: 0.04
-----------------------------------------
| rollout/                |             |
|    ep_len_mean          | 693         |
|    ep_rew_mean          | 1.37e+03    |
| time/                   |             |
|    fps                  | 2670        |
|    iterations           | 351         |
|    time_elapsed         | 1076        |
|    total_timesteps      | 2875392     |
| train/                  |             |
|    approx_kl            | 0.013941169 |
|    clip_fraction        | 0.2         |
|    clip_range           | 0.2         |
|    entropy_loss         | -5.77       |
|    explained_variance   | 0.653       |
|    learning_rate        | 0.000185    |
|    loss                 | 0.0246      |
|    n_updates            | 398         |
|    policy_gradient_loss | 0.007       |
|    std                  | 0.498       |
|    value_loss           | 0.0548      |
-----------------------------------------
Early stopping at step 0 due to reaching max kl: 0.03
-----------------------------------------
| rollout/                |             |
|    ep_len_mean          | 709         |
|    ep_rew_mean          | 1.4e+03     |
| time/                   |             |
|    fps                  | 2670        |
|    iterations           | 352         |
|    time_elapsed         | 1079        |
|    total_timesteps      | 2883584     |
| train/                  |             |
|    approx_kl            | 0.011961613 |
|    clip_fraction        | 0.158       |
|    clip_range           | 0.2         |
|    entropy_loss         | -5.75       |
|    explained_variance   | 0.676       |
|    learning_rate        | 0.000185    |
|    loss                 | 0.0895      |
|    n_updates            | 399         |
|    policy_gradient_loss | 0.0069      |
|    std                  | 0.497       |
|    value_loss           | 0.0744      |
-----------------------------------------
Early stopping at step 0 due to reaching max kl: 0.03
-----------------------------------------
| rollout/                |             |
|    ep_len_mean          | 720         |
|    ep_rew_mean          | 1.43e+03    |
| time/                   |             |
|    fps                  | 2670        |
|    iterations           | 353         |
|    time_elapsed         | 1082        |
|    total_timesteps      | 2891776     |
| train/                  |             |
|    approx_kl            | 0.013196064 |
|    clip_fraction        | 0.181       |
|    clip_range           | 0.2         |
|    entropy_loss         | -5.74       |
|    explained_variance   | 0.686       |
|    learning_rate        | 0.000185    |
|    loss                 | 0.0154      |
|    n_updates            | 400         |
|    policy_gradient_loss | 0.00853     |
|    std                  | 0.496       |
|    value_loss           | 0.0412      |
-----------------------------------------
Early stopping at step 0 due to reaching max kl: 0.03
-----------------------------------------
| rollout/                |             |
|    ep_len_mean          | 729         |
|    ep_rew_mean          | 1.45e+03    |
| time/                   |             |
|    fps                  | 2670        |
|    iterations           | 354         |
|    time_elapsed         | 1085        |
|    total_timesteps      | 2899968     |
| train/                  |             |
|    approx_kl            | 0.014159738 |
|    clip_fraction        | 0.196       |
|    clip_range           | 0.2         |
|    entropy_loss         | -5.72       |
|    explained_variance   | 0.642       |
|    learning_rate        | 0.000184    |
|    loss                 | -0.0118     |
|    n_updates            | 401         |
|    policy_gradient_loss | 0.00475     |
|    std                  | 0.494       |
|    value_loss           | 0.0295      |
-----------------------------------------
Early stopping at step 0 due to reaching max kl: 0.04
------------------------------------------
| rollout/                |              |
|    ep_len_mean          | 717          |
|    ep_rew_mean          | 1.43e+03     |
| time/                   |              |
|    fps                  | 2670         |
|    iterations           | 355          |
|    time_elapsed         | 1088         |
|    total_timesteps      | 2908160      |
| train/                  |              |
|    approx_kl            | 0.0151649555 |
|    clip_fraction        | 0.211        |
|    clip_range           | 0.2          |
|    entropy_loss         | -5.7         |
|    explained_variance   | 0.668        |
|    learning_rate        | 0.000184     |
|    loss                 | -0.031       |
|    n_updates            | 402          |
|    policy_gradient_loss | 0.00689      |
|    std                  | 0.493        |
|    value_loss           | 0.0345       |
------------------------------------------
Early stopping at step 0 due to reaching max kl: 0.03
-----------------------------------------
| rollout/                |             |
|    ep_len_mean          | 705         |
|    ep_rew_mean          | 1.41e+03    |
| time/                   |             |
|    fps                  | 2670        |
|    iterations           | 356         |
|    time_elapsed         | 1091        |
|    total_timesteps      | 2916352     |
| train/                  |             |
|    approx_kl            | 0.013238771 |
|    clip_fraction        | 0.183       |
|    clip_range           | 0.2         |
|    entropy_loss         | -5.69       |
|    explained_variance   | 0.605       |
|    learning_rate        | 0.000184    |
|    loss                 | -0.0321     |
|    n_updates            | 403         |
|    policy_gradient_loss | 0.00848     |
|    std                  | 0.493       |
|    value_loss           | 0.0389      |
-----------------------------------------
Early stopping at step 0 due to reaching max kl: 0.03
-----------------------------------------
| rollout/                |             |
|    ep_len_mean          | 719         |
|    ep_rew_mean          | 1.44e+03    |
| time/                   |             |
|    fps                  | 2670        |
|    iterations           | 357         |
|    time_elapsed         | 1094        |
|    total_timesteps      | 2924544     |
| train/                  |             |
|    approx_kl            | 0.012729505 |
|    clip_fraction        | 0.174       |
|    clip_range           | 0.2         |
|    entropy_loss         | -5.68       |
|    explained_variance   | 0.664       |
|    learning_rate        | 0.000183    |
|    loss                 | 0.0392      |
|    n_updates            | 404         |
|    policy_gradient_loss | 0.00451     |
|    std                  | 0.492       |
|    value_loss           | 0.0552      |
-----------------------------------------
Early stopping at step 0 due to reaching max kl: 0.03
-----------------------------------------
| rollout/                |             |
|    ep_len_mean          | 725         |
|    ep_rew_mean          | 1.46e+03    |
| time/                   |             |
|    fps                  | 2670        |
|    iterations           | 358         |
|    time_elapsed         | 1098        |
|    total_timesteps      | 2932736     |
| train/                  |             |
|    approx_kl            | 0.012366274 |
|    clip_fraction        | 0.175       |
|    clip_range           | 0.2         |
|    entropy_loss         | -5.66       |
|    explained_variance   | 0.686       |
|    learning_rate        | 0.000183    |
|    loss                 | 0.062       |
|    n_updates            | 405         |
|    policy_gradient_loss | 0.00465     |
|    std                  | 0.491       |
|    value_loss           | 0.034       |
-----------------------------------------
Early stopping at step 1 due to reaching max kl: 0.04
-----------------------------------------
| rollout/                |             |
|    ep_len_mean          | 729         |
|    ep_rew_mean          | 1.46e+03    |
| time/                   |             |
|    fps                  | 2670        |
|    iterations           | 359         |
|    time_elapsed         | 1101        |
|    total_timesteps      | 2940928     |
| train/                  |             |
|    approx_kl            | 0.024293521 |
|    clip_fraction        | 0.214       |
|    clip_range           | 0.2         |
|    entropy_loss         | -5.64       |
|    explained_variance   | 0.633       |
|    learning_rate        | 0.000183    |
|    loss                 | 0.0314      |
|    n_updates            | 407         |
|    policy_gradient_loss | 0.0114      |
|    std                  | 0.49        |
|    value_loss           | 0.0667      |
-----------------------------------------
Early stopping at step 0 due to reaching max kl: 0.03
----------------------------------------
| rollout/                |            |
|    ep_len_mean          | 767        |
|    ep_rew_mean          | 1.54e+03   |
| time/                   |            |
|    fps                  | 2670       |
|    iterations           | 360        |
|    time_elapsed         | 1104       |
|    total_timesteps      | 2949120    |
| train/                  |            |
|    approx_kl            | 0.00974531 |
|    clip_fraction        | 0.125      |
|    clip_range           | 0.2        |
|    entropy_loss         | -5.63      |
|    explained_variance   | 0.703      |
|    learning_rate        | 0.000182   |
|    loss                 | 0.0329     |
|    n_updates            | 408        |
|    policy_gradient_loss | 0.00561    |
|    std                  | 0.489      |
|    value_loss           | 0.0625     |
----------------------------------------
Early stopping at step 0 due to reaching max kl: 0.04
------------------------------------------
| rollout/                |              |
|    ep_len_mean          | 752          |
|    ep_rew_mean          | 1.51e+03     |
| time/                   |              |
|    fps                  | 2670         |
|    iterations           | 361          |
|    time_elapsed         | 1107         |
|    total_timesteps      | 2957312      |
| train/                  |              |
|    approx_kl            | 0.0124500375 |
|    clip_fraction        | 0.174        |
|    clip_range           | 0.2          |
|    entropy_loss         | -5.61        |
|    explained_variance   | 0.775        |
|    learning_rate        | 0.000182     |
|    loss                 | 0.0272       |
|    n_updates            | 409          |
|    policy_gradient_loss | 0.00499      |
|    std                  | 0.487        |
|    value_loss           | 0.0155       |
------------------------------------------
Early stopping at step 0 due to reaching max kl: 0.03
-----------------------------------------
| rollout/                |             |
|    ep_len_mean          | 743         |
|    ep_rew_mean          | 1.5e+03     |
| time/                   |             |
|    fps                  | 2670        |
|    iterations           | 362         |
|    time_elapsed         | 1110        |
|    total_timesteps      | 2965504     |
| train/                  |             |
|    approx_kl            | 0.011220746 |
|    clip_fraction        | 0.157       |
|    clip_range           | 0.2         |
|    entropy_loss         | -5.59       |
|    explained_variance   | 0.67        |
|    learning_rate        | 0.000182    |
|    loss                 | 0.142       |
|    n_updates            | 410         |
|    policy_gradient_loss | 0.00602     |
|    std                  | 0.487       |
|    value_loss           | 0.069       |
-----------------------------------------
Early stopping at step 0 due to reaching max kl: 0.03
-----------------------------------------
| rollout/                |             |
|    ep_len_mean          | 761         |
|    ep_rew_mean          | 1.54e+03    |
| time/                   |             |
|    fps                  | 2671        |
|    iterations           | 363         |
|    time_elapsed         | 1113        |
|    total_timesteps      | 2973696     |
| train/                  |             |
|    approx_kl            | 0.010656322 |
|    clip_fraction        | 0.143       |
|    clip_range           | 0.2         |
|    entropy_loss         | -5.58       |
|    explained_variance   | 0.665       |
|    learning_rate        | 0.000181    |
|    loss                 | -0.0104     |
|    n_updates            | 411         |
|    policy_gradient_loss | 0.0054      |
|    std                  | 0.486       |
|    value_loss           | 0.0387      |
-----------------------------------------
Early stopping at step 0 due to reaching max kl: 0.03
-----------------------------------------
| rollout/                |             |
|    ep_len_mean          | 772         |
|    ep_rew_mean          | 1.56e+03    |
| time/                   |             |
|    fps                  | 2671        |
|    iterations           | 364         |
|    time_elapsed         | 1116        |
|    total_timesteps      | 2981888     |
| train/                  |             |
|    approx_kl            | 0.012561157 |
|    clip_fraction        | 0.173       |
|    clip_range           | 0.2         |
|    entropy_loss         | -5.56       |
|    explained_variance   | 0.823       |
|    learning_rate        | 0.000181    |
|    loss                 | 0.0395      |
|    n_updates            | 412         |
|    policy_gradient_loss | 0.00576     |
|    std                  | 0.484       |
|    value_loss           | 0.00724     |
-----------------------------------------
Early stopping at step 1 due to reaching max kl: 0.03
-----------------------------------------
| rollout/                |             |
|    ep_len_mean          | 768         |
|    ep_rew_mean          | 1.55e+03    |
| time/                   |             |
|    fps                  | 2670        |
|    iterations           | 365         |
|    time_elapsed         | 1119        |
|    total_timesteps      | 2990080     |
| train/                  |             |
|    approx_kl            | 0.020681223 |
|    clip_fraction        | 0.206       |
|    clip_range           | 0.2         |
|    entropy_loss         | -5.53       |
|    explained_variance   | 0.732       |
|    learning_rate        | 0.000181    |
|    loss                 | -0.0405     |
|    n_updates            | 414         |
|    policy_gradient_loss | 0.00538     |
|    std                  | 0.482       |
|    value_loss           | 0.0159      |
-----------------------------------------
Early stopping at step 0 due to reaching max kl: 0.04
-----------------------------------------
| rollout/                |             |
|    ep_len_mean          | 757         |
|    ep_rew_mean          | 1.53e+03    |
| time/                   |             |
|    fps                  | 2670        |
|    iterations           | 366         |
|    time_elapsed         | 1122        |
|    total_timesteps      | 2998272     |
| train/                  |             |
|    approx_kl            | 0.013324613 |
|    clip_fraction        | 0.186       |
|    clip_range           | 0.2         |
|    entropy_loss         | -5.51       |
|    explained_variance   | 0.625       |
|    learning_rate        | 0.00018     |
|    loss                 | 0.266       |
|    n_updates            | 415         |
|    policy_gradient_loss | 0.00855     |
|    std                  | 0.482       |
|    value_loss           | 0.0585      |
-----------------------------------------
Early stopping at step 0 due to reaching max kl: 0.03
-----------------------------------------
| rollout/                |             |
|    ep_len_mean          | 760         |
|    ep_rew_mean          | 1.54e+03    |
| time/                   |             |
|    fps                  | 2670        |
|    iterations           | 367         |
|    time_elapsed         | 1125        |
|    total_timesteps      | 3006464     |
| train/                  |             |
|    approx_kl            | 0.011776309 |
|    clip_fraction        | 0.162       |
|    clip_range           | 0.2         |
|    entropy_loss         | -5.49       |
|    explained_variance   | 0.591       |
|    learning_rate        | 0.00018     |
|    loss                 | 0.0531      |
|    n_updates            | 416         |
|    policy_gradient_loss | 0.00388     |
|    std                  | 0.481       |
|    value_loss           | 0.0432      |
-----------------------------------------
Early stopping at step 0 due to reaching max kl: 0.03
-----------------------------------------
| rollout/                |             |
|    ep_len_mean          | 753         |
|    ep_rew_mean          | 1.53e+03    |
| time/                   |             |
|    fps                  | 2671        |
|    iterations           | 368         |
|    time_elapsed         | 1128        |
|    total_timesteps      | 3014656     |
| train/                  |             |
|    approx_kl            | 0.009221477 |
|    clip_fraction        | 0.117       |
|    clip_range           | 0.2         |
|    entropy_loss         | -5.48       |
|    explained_variance   | 0.49        |
|    learning_rate        | 0.00018     |
|    loss                 | 0.0522      |
|    n_updates            | 417         |
|    policy_gradient_loss | 0.00656     |
|    std                  | 0.48        |
|    value_loss           | 0.0657      |
-----------------------------------------
Early stopping at step 0 due to reaching max kl: 0.03
-----------------------------------------
| rollout/                |             |
|    ep_len_mean          | 746         |
|    ep_rew_mean          | 1.52e+03    |
| time/                   |             |
|    fps                  | 2671        |
|    iterations           | 369         |
|    time_elapsed         | 1131        |
|    total_timesteps      | 3022848     |
| train/                  |             |
|    approx_kl            | 0.010846746 |
|    clip_fraction        | 0.153       |
|    clip_range           | 0.2         |
|    entropy_loss         | -5.48       |
|    explained_variance   | 0.617       |
|    learning_rate        | 0.000179    |
|    loss                 | 0.027       |
|    n_updates            | 418         |
|    policy_gradient_loss | 0.00501     |
|    std                  | 0.48        |
|    value_loss           | 0.0708      |
-----------------------------------------
Early stopping at step 0 due to reaching max kl: 0.04
-----------------------------------------
| rollout/                |             |
|    ep_len_mean          | 737         |
|    ep_rew_mean          | 1.51e+03    |
| time/                   |             |
|    fps                  | 2671        |
|    iterations           | 370         |
|    time_elapsed         | 1134        |
|    total_timesteps      | 3031040     |
| train/                  |             |
|    approx_kl            | 0.011879472 |
|    clip_fraction        | 0.16        |
|    clip_range           | 0.2         |
|    entropy_loss         | -5.47       |
|    explained_variance   | 0.745       |
|    learning_rate        | 0.000179    |
|    loss                 | 0.00284     |
|    n_updates            | 419         |
|    policy_gradient_loss | 0.00335     |
|    std                  | 0.479       |
|    value_loss           | 0.0285      |
-----------------------------------------
Early stopping at step 1 due to reaching max kl: 0.04
-----------------------------------------
| rollout/                |             |
|    ep_len_mean          | 731         |
|    ep_rew_mean          | 1.5e+03     |
| time/                   |             |
|    fps                  | 2671        |
|    iterations           | 371         |
|    time_elapsed         | 1137        |
|    total_timesteps      | 3039232     |
| train/                  |             |
|    approx_kl            | 0.024632629 |
|    clip_fraction        | 0.211       |
|    clip_range           | 0.2         |
|    entropy_loss         | -5.45       |
|    explained_variance   | 0.677       |
|    learning_rate        | 0.000179    |
|    loss                 | 0.00901     |
|    n_updates            | 421         |
|    policy_gradient_loss | 0.00711     |
|    std                  | 0.478       |
|    value_loss           | 0.0685      |
-----------------------------------------
Early stopping at step 0 due to reaching max kl: 0.03
-----------------------------------------
| rollout/                |             |
|    ep_len_mean          | 672         |
|    ep_rew_mean          | 1.38e+03    |
| time/                   |             |
|    fps                  | 2670        |
|    iterations           | 372         |
|    time_elapsed         | 1140        |
|    total_timesteps      | 3047424     |
| train/                  |             |
|    approx_kl            | 0.014339091 |
|    clip_fraction        | 0.201       |
|    clip_range           | 0.2         |
|    entropy_loss         | -5.43       |
|    explained_variance   | 0.656       |
|    learning_rate        | 0.000178    |
|    loss                 | 0.0973      |
|    n_updates            | 422         |
|    policy_gradient_loss | 0.00574     |
|    std                  | 0.476       |
|    value_loss           | 0.0356      |
-----------------------------------------
Early stopping at step 0 due to reaching max kl: 0.03
------------------------------------------
| rollout/                |              |
|    ep_len_mean          | 690          |
|    ep_rew_mean          | 1.42e+03     |
| time/                   |              |
|    fps                  | 2670         |
|    iterations           | 373          |
|    time_elapsed         | 1143         |
|    total_timesteps      | 3055616      |
| train/                  |              |
|    approx_kl            | 0.0123231625 |
|    clip_fraction        | 0.16         |
|    clip_range           | 0.2          |
|    entropy_loss         | -5.41        |
|    explained_variance   | 0.592        |
|    learning_rate        | 0.000178     |
|    loss                 | 0.106        |
|    n_updates            | 423          |
|    policy_gradient_loss | 0.00968      |
|    std                  | 0.476        |
|    value_loss           | 0.0788       |
------------------------------------------
Early stopping at step 0 due to reaching max kl: 0.03
-----------------------------------------
| rollout/                |             |
|    ep_len_mean          | 688         |
|    ep_rew_mean          | 1.42e+03    |
| time/                   |             |
|    fps                  | 2670        |
|    iterations           | 374         |
|    time_elapsed         | 1147        |
|    total_timesteps      | 3063808     |
| train/                  |             |
|    approx_kl            | 0.012894719 |
|    clip_fraction        | 0.172       |
|    clip_range           | 0.2         |
|    entropy_loss         | -5.4        |
|    explained_variance   | 0.706       |
|    learning_rate        | 0.000178    |
|    loss                 | 0.0396      |
|    n_updates            | 424         |
|    policy_gradient_loss | 0.00722     |
|    std                  | 0.475       |
|    value_loss           | 0.0206      |
-----------------------------------------
Early stopping at step 0 due to reaching max kl: 0.03
-----------------------------------------
| rollout/                |             |
|    ep_len_mean          | 697         |
|    ep_rew_mean          | 1.44e+03    |
| time/                   |             |
|    fps                  | 2671        |
|    iterations           | 375         |
|    time_elapsed         | 1150        |
|    total_timesteps      | 3072000     |
| train/                  |             |
|    approx_kl            | 0.009213479 |
|    clip_fraction        | 0.125       |
|    clip_range           | 0.2         |
|    entropy_loss         | -5.38       |
|    explained_variance   | 0.592       |
|    learning_rate        | 0.000177    |
|    loss                 | -7.24e-05   |
|    n_updates            | 425         |
|    policy_gradient_loss | 0.000751    |
|    std                  | 0.474       |
|    value_loss           | 0.0501      |
-----------------------------------------
Early stopping at step 0 due to reaching max kl: 0.03
-----------------------------------------
| rollout/                |             |
|    ep_len_mean          | 693         |
|    ep_rew_mean          | 1.43e+03    |
| time/                   |             |
|    fps                  | 2671        |
|    iterations           | 376         |
|    time_elapsed         | 1153        |
|    total_timesteps      | 3080192     |
| train/                  |             |
|    approx_kl            | 0.013891596 |
|    clip_fraction        | 0.193       |
|    clip_range           | 0.2         |
|    entropy_loss         | -5.37       |
|    explained_variance   | 0.626       |
|    learning_rate        | 0.000177    |
|    loss                 | 0.0435      |
|    n_updates            | 426         |
|    policy_gradient_loss | 0.00957     |
|    std                  | 0.473       |
|    value_loss           | 0.0554      |
-----------------------------------------
Early stopping at step 0 due to reaching max kl: 0.03
-----------------------------------------
| rollout/                |             |
|    ep_len_mean          | 680         |
|    ep_rew_mean          | 1.41e+03    |
| time/                   |             |
|    fps                  | 2671        |
|    iterations           | 377         |
|    time_elapsed         | 1156        |
|    total_timesteps      | 3088384     |
| train/                  |             |
|    approx_kl            | 0.015723156 |
|    clip_fraction        | 0.211       |
|    clip_range           | 0.2         |
|    entropy_loss         | -5.36       |
|    explained_variance   | 0.623       |
|    learning_rate        | 0.000177    |
|    loss                 | 0.0367      |
|    n_updates            | 427         |
|    policy_gradient_loss | 0.0132      |
|    std                  | 0.473       |
|    value_loss           | 0.075       |
-----------------------------------------
Early stopping at step 0 due to reaching max kl: 0.03
------------------------------------------
| rollout/                |              |
|    ep_len_mean          | 680          |
|    ep_rew_mean          | 1.41e+03     |
| time/                   |              |
|    fps                  | 2671         |
|    iterations           | 378          |
|    time_elapsed         | 1159         |
|    total_timesteps      | 3096576      |
| train/                  |              |
|    approx_kl            | 0.0106251035 |
|    clip_fraction        | 0.136        |
|    clip_range           | 0.2          |
|    entropy_loss         | -5.35        |
|    explained_variance   | 0.588        |
|    learning_rate        | 0.000176     |
|    loss                 | 0.0283       |
|    n_updates            | 428          |
|    policy_gradient_loss | 0.00354      |
|    std                  | 0.472        |
|    value_loss           | 0.0778       |
------------------------------------------
Early stopping at step 0 due to reaching max kl: 0.03
-----------------------------------------
| rollout/                |             |
|    ep_len_mean          | 701         |
|    ep_rew_mean          | 1.46e+03    |
| time/                   |             |
|    fps                  | 2671        |
|    iterations           | 379         |
|    time_elapsed         | 1162        |
|    total_timesteps      | 3104768     |
| train/                  |             |
|    approx_kl            | 0.013753339 |
|    clip_fraction        | 0.196       |
|    clip_range           | 0.2         |
|    entropy_loss         | -5.34       |
|    explained_variance   | 0.615       |
|    learning_rate        | 0.000176    |
|    loss                 | 0.0608      |
|    n_updates            | 429         |
|    policy_gradient_loss | 0.00668     |
|    std                  | 0.471       |
|    value_loss           | 0.0329      |
-----------------------------------------
Early stopping at step 0 due to reaching max kl: 0.03
-----------------------------------------
| rollout/                |             |
|    ep_len_mean          | 697         |
|    ep_rew_mean          | 1.45e+03    |
| time/                   |             |
|    fps                  | 2670        |
|    iterations           | 380         |
|    time_elapsed         | 1165        |
|    total_timesteps      | 3112960     |
| train/                  |             |
|    approx_kl            | 0.013790345 |
|    clip_fraction        | 0.188       |
|    clip_range           | 0.2         |
|    entropy_loss         | -5.32       |
|    explained_variance   | 0.636       |
|    learning_rate        | 0.000176    |
|    loss                 | -0.0139     |
|    n_updates            | 430         |
|    policy_gradient_loss | 0.00757     |
|    std                  | 0.47        |
|    value_loss           | 0.046       |
-----------------------------------------
Early stopping at step 0 due to reaching max kl: 0.03
-----------------------------------------
| rollout/                |             |
|    ep_len_mean          | 709         |
|    ep_rew_mean          | 1.48e+03    |
| time/                   |             |
|    fps                  | 2670        |
|    iterations           | 381         |
|    time_elapsed         | 1168        |
|    total_timesteps      | 3121152     |
| train/                  |             |
|    approx_kl            | 0.014851457 |
|    clip_fraction        | 0.194       |
|    clip_range           | 0.2         |
|    entropy_loss         | -5.3        |
|    explained_variance   | 0.575       |
|    learning_rate        | 0.000175    |
|    loss                 | 0.159       |
|    n_updates            | 431         |
|    policy_gradient_loss | 0.0108      |
|    std                  | 0.469       |
|    value_loss           | 0.0737      |
-----------------------------------------
Early stopping at step 0 due to reaching max kl: 0.03
-----------------------------------------
| rollout/                |             |
|    ep_len_mean          | 710         |
|    ep_rew_mean          | 1.49e+03    |
| time/                   |             |
|    fps                  | 2670        |
|    iterations           | 382         |
|    time_elapsed         | 1171        |
|    total_timesteps      | 3129344     |
| train/                  |             |
|    approx_kl            | 0.013360366 |
|    clip_fraction        | 0.188       |
|    clip_range           | 0.2         |
|    entropy_loss         | -5.29       |
|    explained_variance   | 0.58        |
|    learning_rate        | 0.000175    |
|    loss                 | -0.0143     |
|    n_updates            | 432         |
|    policy_gradient_loss | 0.0057      |
|    std                  | 0.468       |
|    value_loss           | 0.0441      |
-----------------------------------------
Early stopping at step 0 due to reaching max kl: 0.03
-----------------------------------------
| rollout/                |             |
|    ep_len_mean          | 687         |
|    ep_rew_mean          | 1.44e+03    |
| time/                   |             |
|    fps                  | 2670        |
|    iterations           | 383         |
|    time_elapsed         | 1174        |
|    total_timesteps      | 3137536     |
| train/                  |             |
|    approx_kl            | 0.010124294 |
|    clip_fraction        | 0.141       |
|    clip_range           | 0.2         |
|    entropy_loss         | -5.27       |
|    explained_variance   | 0.643       |
|    learning_rate        | 0.000175    |
|    loss                 | 0.00676     |
|    n_updates            | 433         |
|    policy_gradient_loss | 0.00492     |
|    std                  | 0.467       |
|    value_loss           | 0.0258      |
-----------------------------------------
Early stopping at step 0 due to reaching max kl: 0.03
-----------------------------------------
| rollout/                |             |
|    ep_len_mean          | 700         |
|    ep_rew_mean          | 1.47e+03    |
| time/                   |             |
|    fps                  | 2671        |
|    iterations           | 384         |
|    time_elapsed         | 1177        |
|    total_timesteps      | 3145728     |
| train/                  |             |
|    approx_kl            | 0.011596593 |
|    clip_fraction        | 0.148       |
|    clip_range           | 0.2         |
|    entropy_loss         | -5.27       |
|    explained_variance   | 0.646       |
|    learning_rate        | 0.000174    |
|    loss                 | 0.0379      |
|    n_updates            | 434         |
|    policy_gradient_loss | 0.00136     |
|    std                  | 0.468       |
|    value_loss           | 0.0868      |
-----------------------------------------
Early stopping at step 0 due to reaching max kl: 0.04
----------------------------------------
| rollout/                |            |
|    ep_len_mean          | 724        |
|    ep_rew_mean          | 1.52e+03   |
| time/                   |            |
|    fps                  | 2671       |
|    iterations           | 385        |
|    time_elapsed         | 1180       |
|    total_timesteps      | 3153920    |
| train/                  |            |
|    approx_kl            | 0.01241763 |
|    clip_fraction        | 0.161      |
|    clip_range           | 0.2        |
|    entropy_loss         | -5.26      |
|    explained_variance   | 0.714      |
|    learning_rate        | 0.000174   |
|    loss                 | 0.0156     |
|    n_updates            | 435        |
|    policy_gradient_loss | 0.00498    |
|    std                  | 0.467      |
|    value_loss           | 0.046      |
----------------------------------------
Early stopping at step 0 due to reaching max kl: 0.03
-----------------------------------------
| rollout/                |             |
|    ep_len_mean          | 754         |
|    ep_rew_mean          | 1.58e+03    |
| time/                   |             |
|    fps                  | 2671        |
|    iterations           | 386         |
|    time_elapsed         | 1183        |
|    total_timesteps      | 3162112     |
| train/                  |             |
|    approx_kl            | 0.011757747 |
|    clip_fraction        | 0.164       |
|    clip_range           | 0.2         |
|    entropy_loss         | -5.25       |
|    explained_variance   | 0.749       |
|    learning_rate        | 0.000174    |
|    loss                 | 0.0284      |
|    n_updates            | 436         |
|    policy_gradient_loss | 0.00707     |
|    std                  | 0.466       |
|    value_loss           | 0.0181      |
-----------------------------------------
Early stopping at step 0 due to reaching max kl: 0.03
-----------------------------------------
| rollout/                |             |
|    ep_len_mean          | 755         |
|    ep_rew_mean          | 1.58e+03    |
| time/                   |             |
|    fps                  | 2671        |
|    iterations           | 387         |
|    time_elapsed         | 1186        |
|    total_timesteps      | 3170304     |
| train/                  |             |
|    approx_kl            | 0.014621282 |
|    clip_fraction        | 0.207       |
|    clip_range           | 0.2         |
|    entropy_loss         | -5.22       |
|    explained_variance   | 0.799       |
|    learning_rate        | 0.000174    |
|    loss                 | 0.00993     |
|    n_updates            | 437         |
|    policy_gradient_loss | 0.00687     |
|    std                  | 0.464       |
|    value_loss           | 0.00566     |
-----------------------------------------
Early stopping at step 0 due to reaching max kl: 0.04
------------------------------------------
| rollout/                |              |
|    ep_len_mean          | 748          |
|    ep_rew_mean          | 1.57e+03     |
| time/                   |              |
|    fps                  | 2671         |
|    iterations           | 388          |
|    time_elapsed         | 1190         |
|    total_timesteps      | 3178496      |
| train/                  |              |
|    approx_kl            | 0.0156072285 |
|    clip_fraction        | 0.212        |
|    clip_range           | 0.2          |
|    entropy_loss         | -5.19        |
|    explained_variance   | 0.652        |
|    learning_rate        | 0.000173     |
|    loss                 | 0.0888       |
|    n_updates            | 438          |
|    policy_gradient_loss | 0.0108       |
|    std                  | 0.463        |
|    value_loss           | 0.0439       |
------------------------------------------
Early stopping at step 0 due to reaching max kl: 0.03
----------------------------------------
| rollout/                |            |
|    ep_len_mean          | 773        |
|    ep_rew_mean          | 1.63e+03   |
| time/                   |            |
|    fps                  | 2671       |
|    iterations           | 389        |
|    time_elapsed         | 1193       |
|    total_timesteps      | 3186688    |
| train/                  |            |
|    approx_kl            | 0.01330949 |
|    clip_fraction        | 0.183      |
|    clip_range           | 0.2        |
|    entropy_loss         | -5.18      |
|    explained_variance   | 0.571      |
|    learning_rate        | 0.000173   |
|    loss                 | 0.0381     |
|    n_updates            | 439        |
|    policy_gradient_loss | 0.00655    |
|    std                  | 0.462      |
|    value_loss           | 0.0579     |
----------------------------------------
Early stopping at step 0 due to reaching max kl: 0.04
----------------------------------------
| rollout/                |            |
|    ep_len_mean          | 765        |
|    ep_rew_mean          | 1.61e+03   |
| time/                   |            |
|    fps                  | 2670       |
|    iterations           | 390        |
|    time_elapsed         | 1196       |
|    total_timesteps      | 3194880    |
| train/                  |            |
|    approx_kl            | 0.01191554 |
|    clip_fraction        | 0.166      |
|    clip_range           | 0.2        |
|    entropy_loss         | -5.16      |
|    explained_variance   | 0.601      |
|    learning_rate        | 0.000173   |
|    loss                 | 0.0286     |
|    n_updates            | 440        |
|    policy_gradient_loss | 0.00794    |
|    std                  | 0.461      |
|    value_loss           | 0.0238     |
----------------------------------------
Early stopping at step 0 due to reaching max kl: 0.03
-----------------------------------------
| rollout/                |             |
|    ep_len_mean          | 753         |
|    ep_rew_mean          | 1.58e+03    |
| time/                   |             |
|    fps                  | 2670        |
|    iterations           | 391         |
|    time_elapsed         | 1199        |
|    total_timesteps      | 3203072     |
| train/                  |             |
|    approx_kl            | 0.013523479 |
|    clip_fraction        | 0.18        |
|    clip_range           | 0.2         |
|    entropy_loss         | -5.15       |
|    explained_variance   | 0.581       |
|    learning_rate        | 0.000172    |
|    loss                 | 0.021       |
|    n_updates            | 441         |
|    policy_gradient_loss | 0.00785     |
|    std                  | 0.461       |
|    value_loss           | 0.0552      |
-----------------------------------------
Early stopping at step 0 due to reaching max kl: 0.04
[Progress] Training 3/6: 3,204,596/5,000,000 steps (64.1%); 3 full runs remain afterward; rough training ETA 1h 45m.
-----------------------------------------
| rollout/                |             |
|    ep_len_mean          | 773         |
|    ep_rew_mean          | 1.62e+03    |
| time/                   |             |
|    fps                  | 2670        |
|    iterations           | 392         |
|    time_elapsed         | 1202        |
|    total_timesteps      | 3211264     |
| train/                  |             |
|    approx_kl            | 0.013924989 |
|    clip_fraction        | 0.187       |
|    clip_range           | 0.2         |
|    entropy_loss         | -5.14       |
|    explained_variance   | 0.624       |
|    learning_rate        | 0.000172    |
|    loss                 | -0.0114     |
|    n_updates            | 442         |
|    policy_gradient_loss | 0.0077      |
|    std                  | 0.46        |
|    value_loss           | 0.0702      |
-----------------------------------------
Early stopping at step 0 due to reaching max kl: 0.03
-----------------------------------------
| rollout/                |             |
|    ep_len_mean          | 801         |
|    ep_rew_mean          | 1.69e+03    |
| time/                   |             |
|    fps                  | 2670        |
|    iterations           | 393         |
|    time_elapsed         | 1205        |
|    total_timesteps      | 3219456     |
| train/                  |             |
|    approx_kl            | 0.012849824 |
|    clip_fraction        | 0.179       |
|    clip_range           | 0.2         |
|    entropy_loss         | -5.14       |
|    explained_variance   | 0.692       |
|    learning_rate        | 0.000172    |
|    loss                 | 0.00555     |
|    n_updates            | 443         |
|    policy_gradient_loss | 0.00533     |
|    std                  | 0.46        |
|    value_loss           | 0.0323      |
-----------------------------------------
Early stopping at step 0 due to reaching max kl: 0.03
-----------------------------------------
| rollout/                |             |
|    ep_len_mean          | 771         |
|    ep_rew_mean          | 1.63e+03    |
| time/                   |             |
|    fps                  | 2670        |
|    iterations           | 394         |
|    time_elapsed         | 1208        |
|    total_timesteps      | 3227648     |
| train/                  |             |
|    approx_kl            | 0.013139227 |
|    clip_fraction        | 0.186       |
|    clip_range           | 0.2         |
|    entropy_loss         | -5.12       |
|    explained_variance   | 0.671       |
|    learning_rate        | 0.000171    |
|    loss                 | 0.0285      |
|    n_updates            | 444         |
|    policy_gradient_loss | 0.00664     |
|    std                  | 0.458       |
|    value_loss           | 0.0141      |
-----------------------------------------
Early stopping at step 0 due to reaching max kl: 0.03
-----------------------------------------
| rollout/                |             |
|    ep_len_mean          | 753         |
|    ep_rew_mean          | 1.59e+03    |
| time/                   |             |
|    fps                  | 2670        |
|    iterations           | 395         |
|    time_elapsed         | 1211        |
|    total_timesteps      | 3235840     |
| train/                  |             |
|    approx_kl            | 0.011437186 |
|    clip_fraction        | 0.147       |
|    clip_range           | 0.2         |
|    entropy_loss         | -5.1        |
|    explained_variance   | 0.622       |
|    learning_rate        | 0.000171    |
|    loss                 | 0.0486      |
|    n_updates            | 445         |
|    policy_gradient_loss | 0.00439     |
|    std                  | 0.458       |
|    value_loss           | 0.0601      |
-----------------------------------------
Early stopping at step 0 due to reaching max kl: 0.03
-----------------------------------------
| rollout/                |             |
|    ep_len_mean          | 728         |
|    ep_rew_mean          | 1.54e+03    |
| time/                   |             |
|    fps                  | 2670        |
|    iterations           | 396         |
|    time_elapsed         | 1214        |
|    total_timesteps      | 3244032     |
| train/                  |             |
|    approx_kl            | 0.012444772 |
|    clip_fraction        | 0.167       |
|    clip_range           | 0.2         |
|    entropy_loss         | -5.09       |
|    explained_variance   | 0.664       |
|    learning_rate        | 0.000171    |
|    loss                 | 0.0729      |
|    n_updates            | 446         |
|    policy_gradient_loss | 0.0105      |
|    std                  | 0.457       |
|    value_loss           | 0.0453      |
-----------------------------------------
Early stopping at step 0 due to reaching max kl: 0.03
------------------------------------------
| rollout/                |              |
|    ep_len_mean          | 725          |
|    ep_rew_mean          | 1.54e+03     |
| time/                   |              |
|    fps                  | 2670         |
|    iterations           | 397          |
|    time_elapsed         | 1217         |
|    total_timesteps      | 3252224      |
| train/                  |              |
|    approx_kl            | 0.0140390415 |
|    clip_fraction        | 0.193        |
|    clip_range           | 0.2          |
|    entropy_loss         | -5.08        |
|    explained_variance   | 0.661        |
|    learning_rate        | 0.00017      |
|    loss                 | 0.045        |
|    n_updates            | 447          |
|    policy_gradient_loss | 0.0084       |
|    std                  | 0.456        |
|    value_loss           | 0.0735       |
------------------------------------------
Early stopping at step 0 due to reaching max kl: 0.03
-----------------------------------------
| rollout/                |             |
|    ep_len_mean          | 699         |
|    ep_rew_mean          | 1.48e+03    |
| time/                   |             |
|    fps                  | 2670        |
|    iterations           | 398         |
|    time_elapsed         | 1220        |
|    total_timesteps      | 3260416     |
| train/                  |             |
|    approx_kl            | 0.010114004 |
|    clip_fraction        | 0.132       |
|    clip_range           | 0.2         |
|    entropy_loss         | -5.07       |
|    explained_variance   | 0.633       |
|    learning_rate        | 0.00017     |
|    loss                 | -0.00931    |
|    n_updates            | 448         |
|    policy_gradient_loss | 0.00438     |
|    std                  | 0.456       |
|    value_loss           | 0.0821      |
-----------------------------------------
Early stopping at step 0 due to reaching max kl: 0.03
-----------------------------------------
| rollout/                |             |
|    ep_len_mean          | 718         |
|    ep_rew_mean          | 1.53e+03    |
| time/                   |             |
|    fps                  | 2670        |
|    iterations           | 399         |
|    time_elapsed         | 1223        |
|    total_timesteps      | 3268608     |
| train/                  |             |
|    approx_kl            | 0.009621916 |
|    clip_fraction        | 0.128       |
|    clip_range           | 0.2         |
|    entropy_loss         | -5.06       |
|    explained_variance   | 0.675       |
|    learning_rate        | 0.00017     |
|    loss                 | 0.0476      |
|    n_updates            | 449         |
|    policy_gradient_loss | 0.00702     |
|    std                  | 0.455       |
|    value_loss           | 0.0496      |
-----------------------------------------
Early stopping at step 0 due to reaching max kl: 0.03
-----------------------------------------
| rollout/                |             |
|    ep_len_mean          | 728         |
|    ep_rew_mean          | 1.55e+03    |
| time/                   |             |
|    fps                  | 2670        |
|    iterations           | 400         |
|    time_elapsed         | 1226        |
|    total_timesteps      | 3276800     |
| train/                  |             |
|    approx_kl            | 0.013416176 |
|    clip_fraction        | 0.176       |
|    clip_range           | 0.2         |
|    entropy_loss         | -5.04       |
|    explained_variance   | 0.684       |
|    learning_rate        | 0.000169    |
|    loss                 | 0.0299      |
|    n_updates            | 450         |
|    policy_gradient_loss | 0.00517     |
|    std                  | 0.454       |
|    value_loss           | 0.0328      |
-----------------------------------------
Early stopping at step 0 due to reaching max kl: 0.03
-----------------------------------------
| rollout/                |             |
|    ep_len_mean          | 726         |
|    ep_rew_mean          | 1.55e+03    |
| time/                   |             |
|    fps                  | 2670        |
|    iterations           | 401         |
|    time_elapsed         | 1229        |
|    total_timesteps      | 3284992     |
| train/                  |             |
|    approx_kl            | 0.014391624 |
|    clip_fraction        | 0.195       |
|    clip_range           | 0.2         |
|    entropy_loss         | -5.02       |
|    explained_variance   | 0.737       |
|    learning_rate        | 0.000169    |
|    loss                 | 0.0493      |
|    n_updates            | 451         |
|    policy_gradient_loss | 0.00919     |
|    std                  | 0.453       |
|    value_loss           | 0.0306      |
-----------------------------------------
Early stopping at step 0 due to reaching max kl: 0.03
-----------------------------------------
| rollout/                |             |
|    ep_len_mean          | 696         |
|    ep_rew_mean          | 1.49e+03    |
| time/                   |             |
|    fps                  | 2670        |
|    iterations           | 402         |
|    time_elapsed         | 1233        |
|    total_timesteps      | 3293184     |
| train/                  |             |
|    approx_kl            | 0.011899937 |
|    clip_fraction        | 0.156       |
|    clip_range           | 0.2         |
|    entropy_loss         | -5          |
|    explained_variance   | 0.609       |
|    learning_rate        | 0.000169    |
|    loss                 | -0.00197    |
|    n_updates            | 452         |
|    policy_gradient_loss | 0.00401     |
|    std                  | 0.452       |
|    value_loss           | 0.0447      |
-----------------------------------------
Early stopping at step 0 due to reaching max kl: 0.03
-----------------------------------------
| rollout/                |             |
|    ep_len_mean          | 705         |
|    ep_rew_mean          | 1.5e+03     |
| time/                   |             |
|    fps                  | 2671        |
|    iterations           | 403         |
|    time_elapsed         | 1236        |
|    total_timesteps      | 3301376     |
| train/                  |             |
|    approx_kl            | 0.011665716 |
|    clip_fraction        | 0.153       |
|    clip_range           | 0.2         |
|    entropy_loss         | -4.99       |
|    explained_variance   | 0.566       |
|    learning_rate        | 0.000168    |
|    loss                 | 0.0445      |
|    n_updates            | 453         |
|    policy_gradient_loss | 0.00452     |
|    std                  | 0.452       |
|    value_loss           | 0.0567      |
-----------------------------------------
Early stopping at step 0 due to reaching max kl: 0.04
---------------------------------------
| rollout/                |           |
|    ep_len_mean          | 690       |
|    ep_rew_mean          | 1.47e+03  |
| time/                   |           |
|    fps                  | 2671      |
|    iterations           | 404       |
|    time_elapsed         | 1239      |
|    total_timesteps      | 3309568   |
| train/                  |           |
|    approx_kl            | 0.0125428 |
|    clip_fraction        | 0.164     |
|    clip_range           | 0.2       |
|    entropy_loss         | -4.98     |
|    explained_variance   | 0.6       |
|    learning_rate        | 0.000168  |
|    loss                 | 0.0086    |
|    n_updates            | 454       |
|    policy_gradient_loss | 0.00575   |
|    std                  | 0.451     |
|    value_loss           | 0.0613    |
---------------------------------------
Early stopping at step 0 due to reaching max kl: 0.03
-----------------------------------------
| rollout/                |             |
|    ep_len_mean          | 718         |
|    ep_rew_mean          | 1.53e+03    |
| time/                   |             |
|    fps                  | 2671        |
|    iterations           | 405         |
|    time_elapsed         | 1242        |
|    total_timesteps      | 3317760     |
| train/                  |             |
|    approx_kl            | 0.010239818 |
|    clip_fraction        | 0.14        |
|    clip_range           | 0.2         |
|    entropy_loss         | -4.97       |
|    explained_variance   | 0.654       |
|    learning_rate        | 0.000168    |
|    loss                 | 0.205       |
|    n_updates            | 455         |
|    policy_gradient_loss | 0.00928     |
|    std                  | 0.451       |
|    value_loss           | 0.086       |
-----------------------------------------
Early stopping at step 0 due to reaching max kl: 0.03
-----------------------------------------
| rollout/                |             |
|    ep_len_mean          | 729         |
|    ep_rew_mean          | 1.55e+03    |
| time/                   |             |
|    fps                  | 2671        |
|    iterations           | 406         |
|    time_elapsed         | 1245        |
|    total_timesteps      | 3325952     |
| train/                  |             |
|    approx_kl            | 0.010989827 |
|    clip_fraction        | 0.154       |
|    clip_range           | 0.2         |
|    entropy_loss         | -4.96       |
|    explained_variance   | 0.825       |
|    learning_rate        | 0.000167    |
|    loss                 | 0.0464      |
|    n_updates            | 456         |
|    policy_gradient_loss | 0.00619     |
|    std                  | 0.45        |
|    value_loss           | 0.011       |
-----------------------------------------
Early stopping at step 0 due to reaching max kl: 0.03
-----------------------------------------
| rollout/                |             |
|    ep_len_mean          | 755         |
|    ep_rew_mean          | 1.61e+03    |
| time/                   |             |
|    fps                  | 2671        |
|    iterations           | 407         |
|    time_elapsed         | 1248        |
|    total_timesteps      | 3334144     |
| train/                  |             |
|    approx_kl            | 0.014314905 |
|    clip_fraction        | 0.184       |
|    clip_range           | 0.2         |
|    entropy_loss         | -4.95       |
|    explained_variance   | 0.678       |
|    learning_rate        | 0.000167    |
|    loss                 | 0.0336      |
|    n_updates            | 457         |
|    policy_gradient_loss | 0.00975     |
|    std                  | 0.45        |
|    value_loss           | 0.057       |
-----------------------------------------
Early stopping at step 1 due to reaching max kl: 0.04
-----------------------------------------
| rollout/                |             |
|    ep_len_mean          | 735         |
|    ep_rew_mean          | 1.56e+03    |
| time/                   |             |
|    fps                  | 2671        |
|    iterations           | 408         |
|    time_elapsed         | 1251        |
|    total_timesteps      | 3342336     |
| train/                  |             |
|    approx_kl            | 0.022719637 |
|    clip_fraction        | 0.208       |
|    clip_range           | 0.2         |
|    entropy_loss         | -4.94       |
|    explained_variance   | 0.697       |
|    learning_rate        | 0.000167    |
|    loss                 | 0.0054      |
|    n_updates            | 459         |
|    policy_gradient_loss | 0.00291     |
|    std                  | 0.448       |
|    value_loss           | 0.0341      |
-----------------------------------------
Early stopping at step 0 due to reaching max kl: 0.03
-----------------------------------------
| rollout/                |             |
|    ep_len_mean          | 733         |
|    ep_rew_mean          | 1.56e+03    |
| time/                   |             |
|    fps                  | 2671        |
|    iterations           | 409         |
|    time_elapsed         | 1254        |
|    total_timesteps      | 3350528     |
| train/                  |             |
|    approx_kl            | 0.011117492 |
|    clip_fraction        | 0.152       |
|    clip_range           | 0.2         |
|    entropy_loss         | -4.93       |
|    explained_variance   | 0.647       |
|    learning_rate        | 0.000166    |
|    loss                 | 0.0248      |
|    n_updates            | 460         |
|    policy_gradient_loss | 0.00669     |
|    std                  | 0.448       |
|    value_loss           | 0.0707      |
-----------------------------------------
Early stopping at step 0 due to reaching max kl: 0.03
-----------------------------------------
| rollout/                |             |
|    ep_len_mean          | 733         |
|    ep_rew_mean          | 1.56e+03    |
| time/                   |             |
|    fps                  | 2671        |
|    iterations           | 410         |
|    time_elapsed         | 1257        |
|    total_timesteps      | 3358720     |
| train/                  |             |
|    approx_kl            | 0.010661415 |
|    clip_fraction        | 0.141       |
|    clip_range           | 0.2         |
|    entropy_loss         | -4.92       |
|    explained_variance   | 0.726       |
|    learning_rate        | 0.000166    |
|    loss                 | 0.0218      |
|    n_updates            | 461         |
|    policy_gradient_loss | 0.00729     |
|    std                  | 0.448       |
|    value_loss           | 0.0402      |
-----------------------------------------
Early stopping at step 0 due to reaching max kl: 0.04
-----------------------------------------
| rollout/                |             |
|    ep_len_mean          | 735         |
|    ep_rew_mean          | 1.56e+03    |
| time/                   |             |
|    fps                  | 2671        |
|    iterations           | 411         |
|    time_elapsed         | 1260        |
|    total_timesteps      | 3366912     |
| train/                  |             |
|    approx_kl            | 0.010612134 |
|    clip_fraction        | 0.132       |
|    clip_range           | 0.2         |
|    entropy_loss         | -4.92       |
|    explained_variance   | 0.714       |
|    learning_rate        | 0.000166    |
|    loss                 | 0.039       |
|    n_updates            | 462         |
|    policy_gradient_loss | 0.00505     |
|    std                  | 0.447       |
|    value_loss           | 0.0373      |
-----------------------------------------
Early stopping at step 0 due to reaching max kl: 0.03
-----------------------------------------
| rollout/                |             |
|    ep_len_mean          | 758         |
|    ep_rew_mean          | 1.6e+03     |
| time/                   |             |
|    fps                  | 2671        |
|    iterations           | 412         |
|    time_elapsed         | 1263        |
|    total_timesteps      | 3375104     |
| train/                  |             |
|    approx_kl            | 0.013075872 |
|    clip_fraction        | 0.176       |
|    clip_range           | 0.2         |
|    entropy_loss         | -4.91       |
|    explained_variance   | 0.68        |
|    learning_rate        | 0.000165    |
|    loss                 | 0.00181     |
|    n_updates            | 463         |
|    policy_gradient_loss | 0.00576     |
|    std                  | 0.447       |
|    value_loss           | 0.0561      |
-----------------------------------------
Early stopping at step 0 due to reaching max kl: 0.04
-----------------------------------------
| rollout/                |             |
|    ep_len_mean          | 776         |
|    ep_rew_mean          | 1.65e+03    |
| time/                   |             |
|    fps                  | 2671        |
|    iterations           | 413         |
|    time_elapsed         | 1266        |
|    total_timesteps      | 3383296     |
| train/                  |             |
|    approx_kl            | 0.015254427 |
|    clip_fraction        | 0.207       |
|    clip_range           | 0.2         |
|    entropy_loss         | -4.9        |
|    explained_variance   | 0.723       |
|    learning_rate        | 0.000165    |
|    loss                 | 0.0373      |
|    n_updates            | 464         |
|    policy_gradient_loss | 0.00986     |
|    std                  | 0.447       |
|    value_loss           | 0.0452      |
-----------------------------------------
Early stopping at step 1 due to reaching max kl: 0.03
-----------------------------------------
| rollout/                |             |
|    ep_len_mean          | 787         |
|    ep_rew_mean          | 1.67e+03    |
| time/                   |             |
|    fps                  | 2670        |
|    iterations           | 414         |
|    time_elapsed         | 1269        |
|    total_timesteps      | 3391488     |
| train/                  |             |
|    approx_kl            | 0.022938354 |
|    clip_fraction        | 0.206       |
|    clip_range           | 0.2         |
|    entropy_loss         | -4.89       |
|    explained_variance   | 0.707       |
|    learning_rate        | 0.000165    |
|    loss                 | 0.0319      |
|    n_updates            | 466         |
|    policy_gradient_loss | 0.00564     |
|    std                  | 0.445       |
|    value_loss           | 0.0333      |
-----------------------------------------
Early stopping at step 0 due to reaching max kl: 0.03
-----------------------------------------
| rollout/                |             |
|    ep_len_mean          | 778         |
|    ep_rew_mean          | 1.65e+03    |
| time/                   |             |
|    fps                  | 2671        |
|    iterations           | 415         |
|    time_elapsed         | 1272        |
|    total_timesteps      | 3399680     |
| train/                  |             |
|    approx_kl            | 0.011415649 |
|    clip_fraction        | 0.145       |
|    clip_range           | 0.2         |
|    entropy_loss         | -4.87       |
|    explained_variance   | 0.708       |
|    learning_rate        | 0.000164    |
|    loss                 | 0.0501      |
|    n_updates            | 467         |
|    policy_gradient_loss | 0.00652     |
|    std                  | 0.445       |
|    value_loss           | 0.0445      |
-----------------------------------------
Early stopping at step 0 due to reaching max kl: 0.04
-----------------------------------------
| rollout/                |             |
|    ep_len_mean          | 782         |
|    ep_rew_mean          | 1.67e+03    |
| time/                   |             |
|    fps                  | 2671        |
|    iterations           | 416         |
|    time_elapsed         | 1275        |
|    total_timesteps      | 3407872     |
| train/                  |             |
|    approx_kl            | 0.011093422 |
|    clip_fraction        | 0.154       |
|    clip_range           | 0.2         |
|    entropy_loss         | -4.86       |
|    explained_variance   | 0.636       |
|    learning_rate        | 0.000164    |
|    loss                 | 0.000742    |
|    n_updates            | 468         |
|    policy_gradient_loss | -0.00125    |
|    std                  | 0.444       |
|    value_loss           | 0.0382      |
-----------------------------------------
Early stopping at step 0 due to reaching max kl: 0.04
-----------------------------------------
| rollout/                |             |
|    ep_len_mean          | 761         |
|    ep_rew_mean          | 1.63e+03    |
| time/                   |             |
|    fps                  | 2671        |
|    iterations           | 417         |
|    time_elapsed         | 1278        |
|    total_timesteps      | 3416064     |
| train/                  |             |
|    approx_kl            | 0.012843227 |
|    clip_fraction        | 0.172       |
|    clip_range           | 0.2         |
|    entropy_loss         | -4.86       |
|    explained_variance   | 0.651       |
|    learning_rate        | 0.000164    |
|    loss                 | 0.0381      |
|    n_updates            | 469         |
|    policy_gradient_loss | 0.00707     |
|    std                  | 0.444       |
|    value_loss           | 0.0499      |
-----------------------------------------
Early stopping at step 0 due to reaching max kl: 0.03
------------------------------------------
| rollout/                |              |
|    ep_len_mean          | 763          |
|    ep_rew_mean          | 1.64e+03     |
| time/                   |              |
|    fps                  | 2671         |
|    iterations           | 418          |
|    time_elapsed         | 1281         |
|    total_timesteps      | 3424256      |
| train/                  |              |
|    approx_kl            | 0.0114735905 |
|    clip_fraction        | 0.161        |
|    clip_range           | 0.2          |
|    entropy_loss         | -4.85        |
|    explained_variance   | 0.583        |
|    learning_rate        | 0.000163     |
|    loss                 | 0.0309       |
|    n_updates            | 470          |
|    policy_gradient_loss | 0.00628      |
|    std                  | 0.443        |
|    value_loss           | 0.073        |
------------------------------------------
Early stopping at step 0 due to reaching max kl: 0.03
-----------------------------------------
| rollout/                |             |
|    ep_len_mean          | 752         |
|    ep_rew_mean          | 1.62e+03    |
| time/                   |             |
|    fps                  | 2671        |
|    iterations           | 419         |
|    time_elapsed         | 1284        |
|    total_timesteps      | 3432448     |
| train/                  |             |
|    approx_kl            | 0.011898584 |
|    clip_fraction        | 0.161       |
|    clip_range           | 0.2         |
|    entropy_loss         | -4.84       |
|    explained_variance   | 0.61        |
|    learning_rate        | 0.000163    |
|    loss                 | 0.0179      |
|    n_updates            | 471         |
|    policy_gradient_loss | 0.00738     |
|    std                  | 0.443       |
|    value_loss           | 0.0382      |
-----------------------------------------
Early stopping at step 0 due to reaching max kl: 0.03
-----------------------------------------
| rollout/                |             |
|    ep_len_mean          | 749         |
|    ep_rew_mean          | 1.62e+03    |
| time/                   |             |
|    fps                  | 2671        |
|    iterations           | 420         |
|    time_elapsed         | 1287        |
|    total_timesteps      | 3440640     |
| train/                  |             |
|    approx_kl            | 0.011865464 |
|    clip_fraction        | 0.162       |
|    clip_range           | 0.2         |
|    entropy_loss         | -4.82       |
|    explained_variance   | 0.517       |
|    learning_rate        | 0.000163    |
|    loss                 | 0.049       |
|    n_updates            | 472         |
|    policy_gradient_loss | 0.00668     |
|    std                  | 0.442       |
|    value_loss           | 0.0701      |
-----------------------------------------
Early stopping at step 1 due to reaching max kl: 0.04
-----------------------------------------
| rollout/                |             |
|    ep_len_mean          | 734         |
|    ep_rew_mean          | 1.59e+03    |
| time/                   |             |
|    fps                  | 2671        |
|    iterations           | 421         |
|    time_elapsed         | 1291        |
|    total_timesteps      | 3448832     |
| train/                  |             |
|    approx_kl            | 0.018952403 |
|    clip_fraction        | 0.215       |
|    clip_range           | 0.2         |
|    entropy_loss         | -4.81       |
|    explained_variance   | 0.554       |
|    learning_rate        | 0.000162    |
|    loss                 | 0.0763      |
|    n_updates            | 474         |
|    policy_gradient_loss | 0.0103      |
|    std                  | 0.441       |
|    value_loss           | 0.0543      |
-----------------------------------------
Early stopping at step 1 due to reaching max kl: 0.03
-----------------------------------------
| rollout/                |             |
|    ep_len_mean          | 733         |
|    ep_rew_mean          | 1.6e+03     |
| time/                   |             |
|    fps                  | 2670        |
|    iterations           | 422         |
|    time_elapsed         | 1294        |
|    total_timesteps      | 3457024     |
| train/                  |             |
|    approx_kl            | 0.020044126 |
|    clip_fraction        | 0.216       |
|    clip_range           | 0.2         |
|    entropy_loss         | -4.8        |
|    explained_variance   | 0.52        |
|    learning_rate        | 0.000162    |
|    loss                 | 0.022       |
|    n_updates            | 476         |
|    policy_gradient_loss | 0.00366     |
|    std                  | 0.441       |
|    value_loss           | 0.0721      |
-----------------------------------------
Early stopping at step 1 due to reaching max kl: 0.03
-----------------------------------------
| rollout/                |             |
|    ep_len_mean          | 729         |
|    ep_rew_mean          | 1.59e+03    |
| time/                   |             |
|    fps                  | 2670        |
|    iterations           | 423         |
|    time_elapsed         | 1297        |
|    total_timesteps      | 3465216     |
| train/                  |             |
|    approx_kl            | 0.021420108 |
|    clip_fraction        | 0.192       |
|    clip_range           | 0.2         |
|    entropy_loss         | -4.79       |
|    explained_variance   | 0.588       |
|    learning_rate        | 0.000162    |
|    loss                 | -0.0123     |
|    n_updates            | 478         |
|    policy_gradient_loss | 0.00587     |
|    std                  | 0.44        |
|    value_loss           | 0.036       |
-----------------------------------------
Early stopping at step 0 due to reaching max kl: 0.03
-----------------------------------------
| rollout/                |             |
|    ep_len_mean          | 730         |
|    ep_rew_mean          | 1.59e+03    |
| time/                   |             |
|    fps                  | 2670        |
|    iterations           | 424         |
|    time_elapsed         | 1300        |
|    total_timesteps      | 3473408     |
| train/                  |             |
|    approx_kl            | 0.014230127 |
|    clip_fraction        | 0.2         |
|    clip_range           | 0.2         |
|    entropy_loss         | -4.78       |
|    explained_variance   | 0.595       |
|    learning_rate        | 0.000161    |
|    loss                 | 0.0371      |
|    n_updates            | 479         |
|    policy_gradient_loss | 0.00501     |
|    std                  | 0.44        |
|    value_loss           | 0.0423      |
-----------------------------------------
Early stopping at step 0 due to reaching max kl: 0.03
------------------------------------------
| rollout/                |              |
|    ep_len_mean          | 726          |
|    ep_rew_mean          | 1.59e+03     |
| time/                   |              |
|    fps                  | 2670         |
|    iterations           | 425          |
|    time_elapsed         | 1303         |
|    total_timesteps      | 3481600      |
| train/                  |              |
|    approx_kl            | 0.0123766195 |
|    clip_fraction        | 0.17         |
|    clip_range           | 0.2          |
|    entropy_loss         | -4.76        |
|    explained_variance   | 0.58         |
|    learning_rate        | 0.000161     |
|    loss                 | 0.222        |
|    n_updates            | 480          |
|    policy_gradient_loss | 0.0111       |
|    std                  | 0.438        |
|    value_loss           | 0.0259       |
------------------------------------------
Early stopping at step 0 due to reaching max kl: 0.03
-----------------------------------------
| rollout/                |             |
|    ep_len_mean          | 740         |
|    ep_rew_mean          | 1.62e+03    |
| time/                   |             |
|    fps                  | 2670        |
|    iterations           | 426         |
|    time_elapsed         | 1306        |
|    total_timesteps      | 3489792     |
| train/                  |             |
|    approx_kl            | 0.014007799 |
|    clip_fraction        | 0.188       |
|    clip_range           | 0.2         |
|    entropy_loss         | -4.74       |
|    explained_variance   | 0.516       |
|    learning_rate        | 0.000161    |
|    loss                 | 0.0207      |
|    n_updates            | 481         |
|    policy_gradient_loss | 0.00626     |
|    std                  | 0.438       |
|    value_loss           | 0.0756      |
-----------------------------------------
Early stopping at step 0 due to reaching max kl: 0.03
-----------------------------------------
| rollout/                |             |
|    ep_len_mean          | 756         |
|    ep_rew_mean          | 1.65e+03    |
| time/                   |             |
|    fps                  | 2670        |
|    iterations           | 427         |
|    time_elapsed         | 1309        |
|    total_timesteps      | 3497984     |
| train/                  |             |
|    approx_kl            | 0.013139849 |
|    clip_fraction        | 0.174       |
|    clip_range           | 0.2         |
|    entropy_loss         | -4.74       |
|    explained_variance   | 0.614       |
|    learning_rate        | 0.00016     |
|    loss                 | 0.0523      |
|    n_updates            | 482         |
|    policy_gradient_loss | 0.00194     |
|    std                  | 0.437       |
|    value_loss           | 0.0451      |
-----------------------------------------
Early stopping at step 1 due to reaching max kl: 0.04
-----------------------------------------
| rollout/                |             |
|    ep_len_mean          | 769         |
|    ep_rew_mean          | 1.68e+03    |
| time/                   |             |
|    fps                  | 2670        |
|    iterations           | 428         |
|    time_elapsed         | 1313        |
|    total_timesteps      | 3506176     |
| train/                  |             |
|    approx_kl            | 0.020117952 |
|    clip_fraction        | 0.192       |
|    clip_range           | 0.2         |
|    entropy_loss         | -4.72       |
|    explained_variance   | 0.764       |
|    learning_rate        | 0.00016     |
|    loss                 | -0.0449     |
|    n_updates            | 484         |
|    policy_gradient_loss | 0.00681     |
|    std                  | 0.436       |
|    value_loss           | 0.0161      |
-----------------------------------------
Early stopping at step 0 due to reaching max kl: 0.03
-----------------------------------------
| rollout/                |             |
|    ep_len_mean          | 779         |
|    ep_rew_mean          | 1.7e+03     |
| time/                   |             |
|    fps                  | 2670        |
|    iterations           | 429         |
|    time_elapsed         | 1316        |
|    total_timesteps      | 3514368     |
| train/                  |             |
|    approx_kl            | 0.010963374 |
|    clip_fraction        | 0.15        |
|    clip_range           | 0.2         |
|    entropy_loss         | -4.7        |
|    explained_variance   | 0.72        |
|    learning_rate        | 0.00016     |
|    loss                 | 0.0498      |
|    n_updates            | 485         |
|    policy_gradient_loss | 0.00684     |
|    std                  | 0.435       |
|    value_loss           | 0.0184      |
-----------------------------------------
Early stopping at step 0 due to reaching max kl: 0.04
------------------------------------------
| rollout/                |              |
|    ep_len_mean          | 801          |
|    ep_rew_mean          | 1.75e+03     |
| time/                   |              |
|    fps                  | 2670         |
|    iterations           | 430          |
|    time_elapsed         | 1319         |
|    total_timesteps      | 3522560      |
| train/                  |              |
|    approx_kl            | 0.0119717745 |
|    clip_fraction        | 0.167        |
|    clip_range           | 0.2          |
|    entropy_loss         | -4.69        |
|    explained_variance   | 0.558        |
|    learning_rate        | 0.000159     |
|    loss                 | -0.00588     |
|    n_updates            | 486          |
|    policy_gradient_loss | 0.00188      |
|    std                  | 0.435        |
|    value_loss           | 0.0359       |
------------------------------------------
Early stopping at step 1 due to reaching max kl: 0.03
-----------------------------------------
| rollout/                |             |
|    ep_len_mean          | 812         |
|    ep_rew_mean          | 1.77e+03    |
| time/                   |             |
|    fps                  | 2670        |
|    iterations           | 431         |
|    time_elapsed         | 1322        |
|    total_timesteps      | 3530752     |
| train/                  |             |
|    approx_kl            | 0.019958282 |
|    clip_fraction        | 0.197       |
|    clip_range           | 0.2         |
|    entropy_loss         | -4.67       |
|    explained_variance   | 0.586       |
|    learning_rate        | 0.000159    |
|    loss                 | 0.0404      |
|    n_updates            | 488         |
|    policy_gradient_loss | 0.00655     |
|    std                  | 0.433       |
|    value_loss           | 0.0426      |
-----------------------------------------
Early stopping at step 0 due to reaching max kl: 0.03
-----------------------------------------
| rollout/                |             |
|    ep_len_mean          | 798         |
|    ep_rew_mean          | 1.74e+03    |
| time/                   |             |
|    fps                  | 2670        |
|    iterations           | 432         |
|    time_elapsed         | 1325        |
|    total_timesteps      | 3538944     |
| train/                  |             |
|    approx_kl            | 0.010260766 |
|    clip_fraction        | 0.14        |
|    clip_range           | 0.2         |
|    entropy_loss         | -4.66       |
|    explained_variance   | 0.645       |
|    learning_rate        | 0.000159    |
|    loss                 | 0.0488      |
|    n_updates            | 489         |
|    policy_gradient_loss | 0.00167     |
|    std                  | 0.433       |
|    value_loss           | 0.0272      |
-----------------------------------------
Early stopping at step 1 due to reaching max kl: 0.03
-----------------------------------------
| rollout/                |             |
|    ep_len_mean          | 785         |
|    ep_rew_mean          | 1.71e+03    |
| time/                   |             |
|    fps                  | 2670        |
|    iterations           | 433         |
|    time_elapsed         | 1328        |
|    total_timesteps      | 3547136     |
| train/                  |             |
|    approx_kl            | 0.020963613 |
|    clip_fraction        | 0.188       |
|    clip_range           | 0.2         |
|    entropy_loss         | -4.65       |
|    explained_variance   | 0.598       |
|    learning_rate        | 0.000158    |
|    loss                 | 0.0101      |
|    n_updates            | 491         |
|    policy_gradient_loss | 0.00483     |
|    std                  | 0.432       |
|    value_loss           | 0.0545      |
-----------------------------------------
Early stopping at step 0 due to reaching max kl: 0.04
-----------------------------------------
| rollout/                |             |
|    ep_len_mean          | 799         |
|    ep_rew_mean          | 1.74e+03    |
| time/                   |             |
|    fps                  | 2670        |
|    iterations           | 434         |
|    time_elapsed         | 1331        |
|    total_timesteps      | 3555328     |
| train/                  |             |
|    approx_kl            | 0.013840096 |
|    clip_fraction        | 0.188       |
|    clip_range           | 0.2         |
|    entropy_loss         | -4.64       |
|    explained_variance   | 0.63        |
|    learning_rate        | 0.000158    |
|    loss                 | -0.0364     |
|    n_updates            | 492         |
|    policy_gradient_loss | 0.00439     |
|    std                  | 0.432       |
|    value_loss           | 0.0631      |
-----------------------------------------
Early stopping at step 0 due to reaching max kl: 0.03
-----------------------------------------
| rollout/                |             |
|    ep_len_mean          | 762         |
|    ep_rew_mean          | 1.66e+03    |
| time/                   |             |
|    fps                  | 2670        |
|    iterations           | 435         |
|    time_elapsed         | 1334        |
|    total_timesteps      | 3563520     |
| train/                  |             |
|    approx_kl            | 0.012489895 |
|    clip_fraction        | 0.175       |
|    clip_range           | 0.2         |
|    entropy_loss         | -4.63       |
|    explained_variance   | 0.72        |
|    learning_rate        | 0.000158    |
|    loss                 | 0.0427      |
|    n_updates            | 493         |
|    policy_gradient_loss | 0.00842     |
|    std                  | 0.432       |
|    value_loss           | 0.0554      |
-----------------------------------------
Early stopping at step 0 due to reaching max kl: 0.03
-----------------------------------------
| rollout/                |             |
|    ep_len_mean          | 763         |
|    ep_rew_mean          | 1.67e+03    |
| time/                   |             |
|    fps                  | 2670        |
|    iterations           | 436         |
|    time_elapsed         | 1337        |
|    total_timesteps      | 3571712     |
| train/                  |             |
|    approx_kl            | 0.009829772 |
|    clip_fraction        | 0.126       |
|    clip_range           | 0.2         |
|    entropy_loss         | -4.63       |
|    explained_variance   | 0.539       |
|    learning_rate        | 0.000157    |
|    loss                 | -0.00624    |
|    n_updates            | 494         |
|    policy_gradient_loss | 0.00683     |
|    std                  | 0.432       |
|    value_loss           | 0.0905      |
-----------------------------------------
Early stopping at step 0 due to reaching max kl: 0.03
-----------------------------------------
| rollout/                |             |
|    ep_len_mean          | 753         |
|    ep_rew_mean          | 1.65e+03    |
| time/                   |             |
|    fps                  | 2670        |
|    iterations           | 437         |
|    time_elapsed         | 1340        |
|    total_timesteps      | 3579904     |
| train/                  |             |
|    approx_kl            | 0.011418427 |
|    clip_fraction        | 0.158       |
|    clip_range           | 0.2         |
|    entropy_loss         | -4.62       |
|    explained_variance   | 0.725       |
|    learning_rate        | 0.000157    |
|    loss                 | 0.0426      |
|    n_updates            | 495         |
|    policy_gradient_loss | 0.00909     |
|    std                  | 0.431       |
|    value_loss           | 0.0297      |
-----------------------------------------
Early stopping at step 0 due to reaching max kl: 0.03
-----------------------------------------
| rollout/                |             |
|    ep_len_mean          | 744         |
|    ep_rew_mean          | 1.63e+03    |
| time/                   |             |
|    fps                  | 2670        |
|    iterations           | 438         |
|    time_elapsed         | 1343        |
|    total_timesteps      | 3588096     |
| train/                  |             |
|    approx_kl            | 0.014199492 |
|    clip_fraction        | 0.198       |
|    clip_range           | 0.2         |
|    entropy_loss         | -4.6        |
|    explained_variance   | 0.616       |
|    learning_rate        | 0.000157    |
|    loss                 | 0.168       |
|    n_updates            | 496         |
|    policy_gradient_loss | 0.0101      |
|    std                  | 0.43        |
|    value_loss           | 0.0314      |
-----------------------------------------
Early stopping at step 0 due to reaching max kl: 0.03
------------------------------------------
| rollout/                |              |
|    ep_len_mean          | 765          |
|    ep_rew_mean          | 1.68e+03     |
| time/                   |              |
|    fps                  | 2670         |
|    iterations           | 439          |
|    time_elapsed         | 1346         |
|    total_timesteps      | 3596288      |
| train/                  |              |
|    approx_kl            | 0.0077485563 |
|    clip_fraction        | 0.1          |
|    clip_range           | 0.2          |
|    entropy_loss         | -4.59        |
|    explained_variance   | 0.668        |
|    learning_rate        | 0.000156     |
|    loss                 | 0.00778      |
|    n_updates            | 497          |
|    policy_gradient_loss | 0.00281      |
|    std                  | 0.429        |
|    value_loss           | 0.0418       |
------------------------------------------
Early stopping at step 0 due to reaching max kl: 0.03
-----------------------------------------
| rollout/                |             |
|    ep_len_mean          | 739         |
|    ep_rew_mean          | 1.63e+03    |
| time/                   |             |
|    fps                  | 2670        |
|    iterations           | 440         |
|    time_elapsed         | 1349        |
|    total_timesteps      | 3604480     |
| train/                  |             |
|    approx_kl            | 0.008917702 |
|    clip_fraction        | 0.117       |
|    clip_range           | 0.2         |
|    entropy_loss         | -4.58       |
|    explained_variance   | 0.671       |
|    learning_rate        | 0.000156    |
|    loss                 | 0.0159      |
|    n_updates            | 498         |
|    policy_gradient_loss | 0.00588     |
|    std                  | 0.429       |
|    value_loss           | 0.028       |
-----------------------------------------
Early stopping at step 0 due to reaching max kl: 0.03
-----------------------------------------
| rollout/                |             |
|    ep_len_mean          | 757         |
|    ep_rew_mean          | 1.67e+03    |
| time/                   |             |
|    fps                  | 2670        |
|    iterations           | 441         |
|    time_elapsed         | 1352        |
|    total_timesteps      | 3612672     |
| train/                  |             |
|    approx_kl            | 0.012330079 |
|    clip_fraction        | 0.156       |
|    clip_range           | 0.2         |
|    entropy_loss         | -4.57       |
|    explained_variance   | 0.574       |
|    learning_rate        | 0.000156    |
|    loss                 | 0.0701      |
|    n_updates            | 499         |
|    policy_gradient_loss | 0.00847     |
|    std                  | 0.429       |
|    value_loss           | 0.074       |
-----------------------------------------
Early stopping at step 0 due to reaching max kl: 0.03
-----------------------------------------
| rollout/                |             |
|    ep_len_mean          | 761         |
|    ep_rew_mean          | 1.67e+03    |
| time/                   |             |
|    fps                  | 2670        |
|    iterations           | 442         |
|    time_elapsed         | 1355        |
|    total_timesteps      | 3620864     |
| train/                  |             |
|    approx_kl            | 0.014448186 |
|    clip_fraction        | 0.197       |
|    clip_range           | 0.2         |
|    entropy_loss         | -4.57       |
|    explained_variance   | 0.647       |
|    learning_rate        | 0.000155    |
|    loss                 | 0.00698     |
|    n_updates            | 500         |
|    policy_gradient_loss | 0.00912     |
|    std                  | 0.428       |
|    value_loss           | 0.0276      |
-----------------------------------------
Early stopping at step 0 due to reaching max kl: 0.03
-----------------------------------------
| rollout/                |             |
|    ep_len_mean          | 773         |
|    ep_rew_mean          | 1.7e+03     |
| time/                   |             |
|    fps                  | 2670        |
|    iterations           | 443         |
|    time_elapsed         | 1359        |
|    total_timesteps      | 3629056     |
| train/                  |             |
|    approx_kl            | 0.012451711 |
|    clip_fraction        | 0.174       |
|    clip_range           | 0.2         |
|    entropy_loss         | -4.56       |
|    explained_variance   | 0.692       |
|    learning_rate        | 0.000155    |
|    loss                 | 0.0511      |
|    n_updates            | 501         |
|    policy_gradient_loss | 0.00957     |
|    std                  | 0.427       |
|    value_loss           | 0.0373      |
-----------------------------------------
Early stopping at step 0 due to reaching max kl: 0.03
----------------------------------------
| rollout/                |            |
|    ep_len_mean          | 789        |
|    ep_rew_mean          | 1.74e+03   |
| time/                   |            |
|    fps                  | 2670       |
|    iterations           | 444        |
|    time_elapsed         | 1362       |
|    total_timesteps      | 3637248    |
| train/                  |            |
|    approx_kl            | 0.01078068 |
|    clip_fraction        | 0.151      |
|    clip_range           | 0.2        |
|    entropy_loss         | -4.54      |
|    explained_variance   | 0.861      |
|    learning_rate        | 0.000155   |
|    loss                 | 0.0845     |
|    n_updates            | 502        |
|    policy_gradient_loss | 0.000476   |
|    std                  | 0.426      |
|    value_loss           | 0.0099     |
----------------------------------------
Early stopping at step 1 due to reaching max kl: 0.03
-----------------------------------------
| rollout/                |             |
|    ep_len_mean          | 826         |
|    ep_rew_mean          | 1.82e+03    |
| time/                   |             |
|    fps                  | 2669        |
|    iterations           | 445         |
|    time_elapsed         | 1365        |
|    total_timesteps      | 3645440     |
| train/                  |             |
|    approx_kl            | 0.020858388 |
|    clip_fraction        | 0.186       |
|    clip_range           | 0.2         |
|    entropy_loss         | -4.52       |
|    explained_variance   | 0.761       |
|    learning_rate        | 0.000155    |
|    loss                 | -0.0385     |
|    n_updates            | 504         |
|    policy_gradient_loss | 0.00607     |
|    std                  | 0.425       |
|    value_loss           | 0.0194      |
-----------------------------------------
Early stopping at step 0 due to reaching max kl: 0.04
-----------------------------------------
| rollout/                |             |
|    ep_len_mean          | 841         |
|    ep_rew_mean          | 1.85e+03    |
| time/                   |             |
|    fps                  | 2669        |
|    iterations           | 446         |
|    time_elapsed         | 1368        |
|    total_timesteps      | 3653632     |
| train/                  |             |
|    approx_kl            | 0.011742264 |
|    clip_fraction        | 0.156       |
|    clip_range           | 0.2         |
|    entropy_loss         | -4.5        |
|    explained_variance   | 0.571       |
|    learning_rate        | 0.000154    |
|    loss                 | -0.0361     |
|    n_updates            | 505         |
|    policy_gradient_loss | 0.00521     |
|    std                  | 0.424       |
|    value_loss           | 0.0417      |
-----------------------------------------
Early stopping at step 1 due to reaching max kl: 0.03
-----------------------------------------
| rollout/                |             |
|    ep_len_mean          | 819         |
|    ep_rew_mean          | 1.81e+03    |
| time/                   |             |
|    fps                  | 2669        |
|    iterations           | 447         |
|    time_elapsed         | 1371        |
|    total_timesteps      | 3661824     |
| train/                  |             |
|    approx_kl            | 0.020869758 |
|    clip_fraction        | 0.193       |
|    clip_range           | 0.2         |
|    entropy_loss         | -4.48       |
|    explained_variance   | 0.747       |
|    learning_rate        | 0.000154    |
|    loss                 | 0.0337      |
|    n_updates            | 507         |
|    policy_gradient_loss | 0.00561     |
|    std                  | 0.423       |
|    value_loss           | 0.0159      |
-----------------------------------------
Early stopping at step 0 due to reaching max kl: 0.03
-----------------------------------------
| rollout/                |             |
|    ep_len_mean          | 817         |
|    ep_rew_mean          | 1.8e+03     |
| time/                   |             |
|    fps                  | 2669        |
|    iterations           | 448         |
|    time_elapsed         | 1374        |
|    total_timesteps      | 3670016     |
| train/                  |             |
|    approx_kl            | 0.013548072 |
|    clip_fraction        | 0.182       |
|    clip_range           | 0.2         |
|    entropy_loss         | -4.46       |
|    explained_variance   | 0.451       |
|    learning_rate        | 0.000154    |
|    loss                 | 0.0948      |
|    n_updates            | 508         |
|    policy_gradient_loss | 0.00738     |
|    std                  | 0.422       |
|    value_loss           | 0.0757      |
-----------------------------------------
Early stopping at step 0 due to reaching max kl: 0.03
-----------------------------------------
| rollout/                |             |
|    ep_len_mean          | 826         |
|    ep_rew_mean          | 1.82e+03    |
| time/                   |             |
|    fps                  | 2669        |
|    iterations           | 449         |
|    time_elapsed         | 1378        |
|    total_timesteps      | 3678208     |
| train/                  |             |
|    approx_kl            | 0.013125696 |
|    clip_fraction        | 0.173       |
|    clip_range           | 0.2         |
|    entropy_loss         | -4.45       |
|    explained_variance   | 0.672       |
|    learning_rate        | 0.000153    |
|    loss                 | 0.0751      |
|    n_updates            | 509         |
|    policy_gradient_loss | 0.00871     |
|    std                  | 0.422       |
|    value_loss           | 0.0474      |
-----------------------------------------
Early stopping at step 1 due to reaching max kl: 0.03
---------------------------------------
| rollout/                |           |
|    ep_len_mean          | 826       |
|    ep_rew_mean          | 1.82e+03  |
| time/                   |           |
|    fps                  | 2668      |
|    iterations           | 450       |
|    time_elapsed         | 1381      |
|    total_timesteps      | 3686400   |
| train/                  |           |
|    approx_kl            | 0.0188288 |
|    clip_fraction        | 0.19      |
|    clip_range           | 0.2       |
|    entropy_loss         | -4.43     |
|    explained_variance   | 0.745     |
|    learning_rate        | 0.000153  |
|    loss                 | 0.0138    |
|    n_updates            | 511       |
|    policy_gradient_loss | 0.00442   |
|    std                  | 0.421     |
|    value_loss           | 0.0197    |
---------------------------------------
Early stopping at step 0 due to reaching max kl: 0.03
-----------------------------------------
| rollout/                |             |
|    ep_len_mean          | 832         |
|    ep_rew_mean          | 1.84e+03    |
| time/                   |             |
|    fps                  | 2668        |
|    iterations           | 451         |
|    time_elapsed         | 1384        |
|    total_timesteps      | 3694592     |
| train/                  |             |
|    approx_kl            | 0.012231648 |
|    clip_fraction        | 0.167       |
|    clip_range           | 0.2         |
|    entropy_loss         | -4.41       |
|    explained_variance   | 0.597       |
|    learning_rate        | 0.000153    |
|    loss                 | 0.101       |
|    n_updates            | 512         |
|    policy_gradient_loss | 0.00326     |
|    std                  | 0.42        |
|    value_loss           | 0.0584      |
-----------------------------------------
Early stopping at step 0 due to reaching max kl: 0.04
-----------------------------------------
| rollout/                |             |
|    ep_len_mean          | 814         |
|    ep_rew_mean          | 1.8e+03     |
| time/                   |             |
|    fps                  | 2668        |
|    iterations           | 452         |
|    time_elapsed         | 1387        |
|    total_timesteps      | 3702784     |
| train/                  |             |
|    approx_kl            | 0.012613657 |
|    clip_fraction        | 0.168       |
|    clip_range           | 0.2         |
|    entropy_loss         | -4.4        |
|    explained_variance   | 0.627       |
|    learning_rate        | 0.000152    |
|    loss                 | 0.00592     |
|    n_updates            | 513         |
|    policy_gradient_loss | 0.00569     |
|    std                  | 0.42        |
|    value_loss           | 0.0623      |
-----------------------------------------
Early stopping at step 0 due to reaching max kl: 0.04
-----------------------------------------
| rollout/                |             |
|    ep_len_mean          | 784         |
|    ep_rew_mean          | 1.74e+03    |
| time/                   |             |
|    fps                  | 2668        |
|    iterations           | 453         |
|    time_elapsed         | 1390        |
|    total_timesteps      | 3710976     |
| train/                  |             |
|    approx_kl            | 0.014888756 |
|    clip_fraction        | 0.2         |
|    clip_range           | 0.2         |
|    entropy_loss         | -4.4        |
|    explained_variance   | 0.589       |
|    learning_rate        | 0.000152    |
|    loss                 | 0.0534      |
|    n_updates            | 514         |
|    policy_gradient_loss | 0.007       |
|    std                  | 0.419       |
|    value_loss           | 0.0788      |
-----------------------------------------
Early stopping at step 0 due to reaching max kl: 0.04
-----------------------------------------
| rollout/                |             |
|    ep_len_mean          | 761         |
|    ep_rew_mean          | 1.69e+03    |
| time/                   |             |
|    fps                  | 2668        |
|    iterations           | 454         |
|    time_elapsed         | 1393        |
|    total_timesteps      | 3719168     |
| train/                  |             |
|    approx_kl            | 0.011785941 |
|    clip_fraction        | 0.16        |
|    clip_range           | 0.2         |
|    entropy_loss         | -4.39       |
|    explained_variance   | 0.654       |
|    learning_rate        | 0.000152    |
|    loss                 | 0.186       |
|    n_updates            | 515         |
|    policy_gradient_loss | 0.00784     |
|    std                  | 0.419       |
|    value_loss           | 0.0764      |
-----------------------------------------
Early stopping at step 0 due to reaching max kl: 0.03
-----------------------------------------
| rollout/                |             |
|    ep_len_mean          | 759         |
|    ep_rew_mean          | 1.68e+03    |
| time/                   |             |
|    fps                  | 2668        |
|    iterations           | 455         |
|    time_elapsed         | 1396        |
|    total_timesteps      | 3727360     |
| train/                  |             |
|    approx_kl            | 0.009347029 |
|    clip_fraction        | 0.114       |
|    clip_range           | 0.2         |
|    entropy_loss         | -4.38       |
|    explained_variance   | 0.582       |
|    learning_rate        | 0.000151    |
|    loss                 | 0.0537      |
|    n_updates            | 516         |
|    policy_gradient_loss | 0.00459     |
|    std                  | 0.418       |
|    value_loss           | 0.0802      |
-----------------------------------------
Early stopping at step 1 due to reaching max kl: 0.04
-----------------------------------------
| rollout/                |             |
|    ep_len_mean          | 769         |
|    ep_rew_mean          | 1.71e+03    |
| time/                   |             |
|    fps                  | 2668        |
|    iterations           | 456         |
|    time_elapsed         | 1399        |
|    total_timesteps      | 3735552     |
| train/                  |             |
|    approx_kl            | 0.020217389 |
|    clip_fraction        | 0.198       |
|    clip_range           | 0.2         |
|    entropy_loss         | -4.37       |
|    explained_variance   | 0.648       |
|    learning_rate        | 0.000151    |
|    loss                 | -0.00922    |
|    n_updates            | 518         |
|    policy_gradient_loss | 0.0028      |
|    std                  | 0.417       |
|    value_loss           | 0.0409      |
-----------------------------------------
Early stopping at step 1 due to reaching max kl: 0.03
----------------------------------------
| rollout/                |            |
|    ep_len_mean          | 777        |
|    ep_rew_mean          | 1.74e+03   |
| time/                   |            |
|    fps                  | 2668       |
|    iterations           | 457        |
|    time_elapsed         | 1403       |
|    total_timesteps      | 3743744    |
| train/                  |            |
|    approx_kl            | 0.02055106 |
|    clip_fraction        | 0.198      |
|    clip_range           | 0.2        |
|    entropy_loss         | -4.34      |
|    explained_variance   | 0.692      |
|    learning_rate        | 0.000151   |
|    loss                 | -0.0319    |
|    n_updates            | 520        |
|    policy_gradient_loss | 0.00205    |
|    std                  | 0.416      |
|    value_loss           | 0.0184     |
----------------------------------------
Early stopping at step 0 due to reaching max kl: 0.03
-----------------------------------------
| rollout/                |             |
|    ep_len_mean          | 782         |
|    ep_rew_mean          | 1.75e+03    |
| time/                   |             |
|    fps                  | 2668        |
|    iterations           | 458         |
|    time_elapsed         | 1406        |
|    total_timesteps      | 3751936     |
| train/                  |             |
|    approx_kl            | 0.014292593 |
|    clip_fraction        | 0.189       |
|    clip_range           | 0.2         |
|    entropy_loss         | -4.33       |
|    explained_variance   | 0.616       |
|    learning_rate        | 0.00015     |
|    loss                 | 0.0883      |
|    n_updates            | 521         |
|    policy_gradient_loss | 0.00545     |
|    std                  | 0.416       |
|    value_loss           | 0.0358      |
-----------------------------------------
Early stopping at step 1 due to reaching max kl: 0.04
-----------------------------------------
| rollout/                |             |
|    ep_len_mean          | 782         |
|    ep_rew_mean          | 1.75e+03    |
| time/                   |             |
|    fps                  | 2667        |
|    iterations           | 459         |
|    time_elapsed         | 1409        |
|    total_timesteps      | 3760128     |
| train/                  |             |
|    approx_kl            | 0.021154443 |
|    clip_fraction        | 0.218       |
|    clip_range           | 0.2         |
|    entropy_loss         | -4.32       |
|    explained_variance   | 0.612       |
|    learning_rate        | 0.00015     |
|    loss                 | -0.0381     |
|    n_updates            | 523         |
|    policy_gradient_loss | 0.00253     |
|    std                  | 0.415       |
|    value_loss           | 0.0292      |
-----------------------------------------
Early stopping at step 0 due to reaching max kl: 0.03
----------------------------------------
| rollout/                |            |
|    ep_len_mean          | 753        |
|    ep_rew_mean          | 1.69e+03   |
| time/                   |            |
|    fps                  | 2667       |
|    iterations           | 460        |
|    time_elapsed         | 1412       |
|    total_timesteps      | 3768320    |
| train/                  |            |
|    approx_kl            | 0.01188245 |
|    clip_fraction        | 0.15       |
|    clip_range           | 0.2        |
|    entropy_loss         | -4.31      |
|    explained_variance   | 0.715      |
|    learning_rate        | 0.00015    |
|    loss                 | 0.0544     |
|    n_updates            | 524        |
|    policy_gradient_loss | 0.00566    |
|    std                  | 0.415      |
|    value_loss           | 0.0443     |
----------------------------------------
Early stopping at step 0 due to reaching max kl: 0.03
-----------------------------------------
| rollout/                |             |
|    ep_len_mean          | 764         |
|    ep_rew_mean          | 1.71e+03    |
| time/                   |             |
|    fps                  | 2667        |
|    iterations           | 461         |
|    time_elapsed         | 1415        |
|    total_timesteps      | 3776512     |
| train/                  |             |
|    approx_kl            | 0.010090877 |
|    clip_fraction        | 0.13        |
|    clip_range           | 0.2         |
|    entropy_loss         | -4.3        |
|    explained_variance   | 0.47        |
|    learning_rate        | 0.000149    |
|    loss                 | 0.0738      |
|    n_updates            | 525         |
|    policy_gradient_loss | 0.000374    |
|    std                  | 0.415       |
|    value_loss           | 0.0834      |
-----------------------------------------
Early stopping at step 0 due to reaching max kl: 0.03
-----------------------------------------
| rollout/                |             |
|    ep_len_mean          | 793         |
|    ep_rew_mean          | 1.78e+03    |
| time/                   |             |
|    fps                  | 2667        |
|    iterations           | 462         |
|    time_elapsed         | 1418        |
|    total_timesteps      | 3784704     |
| train/                  |             |
|    approx_kl            | 0.014193558 |
|    clip_fraction        | 0.191       |
|    clip_range           | 0.2         |
|    entropy_loss         | -4.3        |
|    explained_variance   | 0.638       |
|    learning_rate        | 0.000149    |
|    loss                 | 0.0646      |
|    n_updates            | 526         |
|    policy_gradient_loss | 0.00243     |
|    std                  | 0.414       |
|    value_loss           | 0.0352      |
-----------------------------------------
Early stopping at step 1 due to reaching max kl: 0.03
-----------------------------------------
| rollout/                |             |
|    ep_len_mean          | 814         |
|    ep_rew_mean          | 1.84e+03    |
| time/                   |             |
|    fps                  | 2667        |
|    iterations           | 463         |
|    time_elapsed         | 1421        |
|    total_timesteps      | 3792896     |
| train/                  |             |
|    approx_kl            | 0.019485313 |
|    clip_fraction        | 0.193       |
|    clip_range           | 0.2         |
|    entropy_loss         | -4.28       |
|    explained_variance   | 0.763       |
|    learning_rate        | 0.000149    |
|    loss                 | -0.0322     |
|    n_updates            | 528         |
|    policy_gradient_loss | 0.00493     |
|    std                  | 0.413       |
|    value_loss           | 0.0091      |
-----------------------------------------
Early stopping at step 1 due to reaching max kl: 0.03
-----------------------------------------
| rollout/                |             |
|    ep_len_mean          | 817         |
|    ep_rew_mean          | 1.84e+03    |
| time/                   |             |
|    fps                  | 2667        |
|    iterations           | 464         |
|    time_elapsed         | 1425        |
|    total_timesteps      | 3801088     |
| train/                  |             |
|    approx_kl            | 0.019488016 |
|    clip_fraction        | 0.181       |
|    clip_range           | 0.2         |
|    entropy_loss         | -4.25       |
|    explained_variance   | 0.769       |
|    learning_rate        | 0.000148    |
|    loss                 | -0.0202     |
|    n_updates            | 530         |
|    policy_gradient_loss | 0.00589     |
|    std                  | 0.411       |
|    value_loss           | 0.0171      |
-----------------------------------------
Early stopping at step 0 due to reaching max kl: 0.03
-----------------------------------------
| rollout/                |             |
|    ep_len_mean          | 813         |
|    ep_rew_mean          | 1.84e+03    |
| time/                   |             |
|    fps                  | 2667        |
|    iterations           | 465         |
|    time_elapsed         | 1428        |
|    total_timesteps      | 3809280     |
| train/                  |             |
|    approx_kl            | 0.011025834 |
|    clip_fraction        | 0.148       |
|    clip_range           | 0.2         |
|    entropy_loss         | -4.24       |
|    explained_variance   | 0.414       |
|    learning_rate        | 0.000148    |
|    loss                 | 0.0275      |
|    n_updates            | 531         |
|    policy_gradient_loss | 0.005       |
|    std                  | 0.411       |
|    value_loss           | 0.0664      |
-----------------------------------------
Early stopping at step 0 due to reaching max kl: 0.03
-----------------------------------------
| rollout/                |             |
|    ep_len_mean          | 803         |
|    ep_rew_mean          | 1.81e+03    |
| time/                   |             |
|    fps                  | 2667        |
|    iterations           | 466         |
|    time_elapsed         | 1431        |
|    total_timesteps      | 3817472     |
| train/                  |             |
|    approx_kl            | 0.014269287 |
|    clip_fraction        | 0.185       |
|    clip_range           | 0.2         |
|    entropy_loss         | -4.23       |
|    explained_variance   | 0.608       |
|    learning_rate        | 0.000148    |
|    loss                 | 0.00592     |
|    n_updates            | 532         |
|    policy_gradient_loss | 0.00807     |
|    std                  | 0.411       |
|    value_loss           | 0.0582      |
-----------------------------------------
Early stopping at step 1 due to reaching max kl: 0.04
-----------------------------------------
| rollout/                |             |
|    ep_len_mean          | 784         |
|    ep_rew_mean          | 1.77e+03    |
| time/                   |             |
|    fps                  | 2667        |
|    iterations           | 467         |
|    time_elapsed         | 1434        |
|    total_timesteps      | 3825664     |
| train/                  |             |
|    approx_kl            | 0.023994882 |
|    clip_fraction        | 0.191       |
|    clip_range           | 0.2         |
|    entropy_loss         | -4.22       |
|    explained_variance   | 0.593       |
|    learning_rate        | 0.000147    |
|    loss                 | -0.0264     |
|    n_updates            | 534         |
|    policy_gradient_loss | 0.0052      |
|    std                  | 0.41        |
|    value_loss           | 0.04        |
-----------------------------------------
Early stopping at step 0 due to reaching max kl: 0.03
-----------------------------------------
| rollout/                |             |
|    ep_len_mean          | 782         |
|    ep_rew_mean          | 1.77e+03    |
| time/                   |             |
|    fps                  | 2667        |
|    iterations           | 468         |
|    time_elapsed         | 1437        |
|    total_timesteps      | 3833856     |
| train/                  |             |
|    approx_kl            | 0.014351919 |
|    clip_fraction        | 0.195       |
|    clip_range           | 0.2         |
|    entropy_loss         | -4.22       |
|    explained_variance   | 0.453       |
|    learning_rate        | 0.000147    |
|    loss                 | 0.015       |
|    n_updates            | 535         |
|    policy_gradient_loss | 0.00762     |
|    std                  | 0.41        |
|    value_loss           | 0.0737      |
-----------------------------------------
Early stopping at step 1 due to reaching max kl: 0.03
-----------------------------------------
| rollout/                |             |
|    ep_len_mean          | 796         |
|    ep_rew_mean          | 1.8e+03     |
| time/                   |             |
|    fps                  | 2667        |
|    iterations           | 469         |
|    time_elapsed         | 1440        |
|    total_timesteps      | 3842048     |
| train/                  |             |
|    approx_kl            | 0.023350975 |
|    clip_fraction        | 0.192       |
|    clip_range           | 0.2         |
|    entropy_loss         | -4.2        |
|    explained_variance   | 0.591       |
|    learning_rate        | 0.000147    |
|    loss                 | -0.0545     |
|    n_updates            | 537         |
|    policy_gradient_loss | 0.00718     |
|    std                  | 0.409       |
|    value_loss           | 0.0264      |
-----------------------------------------
Early stopping at step 0 due to reaching max kl: 0.03
----------------------------------------
| rollout/                |            |
|    ep_len_mean          | 832        |
|    ep_rew_mean          | 1.88e+03   |
| time/                   |            |
|    fps                  | 2667       |
|    iterations           | 470        |
|    time_elapsed         | 1443       |
|    total_timesteps      | 3850240    |
| train/                  |            |
|    approx_kl            | 0.01273036 |
|    clip_fraction        | 0.18       |
|    clip_range           | 0.2        |
|    entropy_loss         | -4.18      |
|    explained_variance   | 0.681      |
|    learning_rate        | 0.000146   |
|    loss                 | 0.0737     |
|    n_updates            | 538        |
|    policy_gradient_loss | 0.00605    |
|    std                  | 0.408      |
|    value_loss           | 0.0154     |
----------------------------------------
Early stopping at step 0 due to reaching max kl: 0.03
-----------------------------------------
| rollout/                |             |
|    ep_len_mean          | 803         |
|    ep_rew_mean          | 1.82e+03    |
| time/                   |             |
|    fps                  | 2667        |
|    iterations           | 471         |
|    time_elapsed         | 1446        |
|    total_timesteps      | 3858432     |
| train/                  |             |
|    approx_kl            | 0.014052617 |
|    clip_fraction        | 0.183       |
|    clip_range           | 0.2         |
|    entropy_loss         | -4.16       |
|    explained_variance   | 0.717       |
|    learning_rate        | 0.000146    |
|    loss                 | 0.0309      |
|    n_updates            | 539         |
|    policy_gradient_loss | 0.0076      |
|    std                  | 0.407       |
|    value_loss           | 0.0257      |
-----------------------------------------
Early stopping at step 0 due to reaching max kl: 0.03
-----------------------------------------
| rollout/                |             |
|    ep_len_mean          | 789         |
|    ep_rew_mean          | 1.78e+03    |
| time/                   |             |
|    fps                  | 2667        |
|    iterations           | 472         |
|    time_elapsed         | 1449        |
|    total_timesteps      | 3866624     |
| train/                  |             |
|    approx_kl            | 0.011429439 |
|    clip_fraction        | 0.155       |
|    clip_range           | 0.2         |
|    entropy_loss         | -4.16       |
|    explained_variance   | 0.421       |
|    learning_rate        | 0.000146    |
|    loss                 | 0.0589      |
|    n_updates            | 540         |
|    policy_gradient_loss | 0.00547     |
|    std                  | 0.407       |
|    value_loss           | 0.0751      |
-----------------------------------------
Early stopping at step 0 due to reaching max kl: 0.03
-----------------------------------------
| rollout/                |             |
|    ep_len_mean          | 797         |
|    ep_rew_mean          | 1.8e+03     |
| time/                   |             |
|    fps                  | 2667        |
|    iterations           | 473         |
|    time_elapsed         | 1452        |
|    total_timesteps      | 3874816     |
| train/                  |             |
|    approx_kl            | 0.013821024 |
|    clip_fraction        | 0.191       |
|    clip_range           | 0.2         |
|    entropy_loss         | -4.15       |
|    explained_variance   | 0.617       |
|    learning_rate        | 0.000145    |
|    loss                 | -0.00974    |
|    n_updates            | 541         |
|    policy_gradient_loss | 0.00759     |
|    std                  | 0.406       |
|    value_loss           | 0.0309      |
-----------------------------------------
Early stopping at step 0 due to reaching max kl: 0.03
-----------------------------------------
| rollout/                |             |
|    ep_len_mean          | 819         |
|    ep_rew_mean          | 1.85e+03    |
| time/                   |             |
|    fps                  | 2667        |
|    iterations           | 474         |
|    time_elapsed         | 1455        |
|    total_timesteps      | 3883008     |
| train/                  |             |
|    approx_kl            | 0.014411717 |
|    clip_fraction        | 0.198       |
|    clip_range           | 0.2         |
|    entropy_loss         | -4.13       |
|    explained_variance   | 0.625       |
|    learning_rate        | 0.000145    |
|    loss                 | 0.146       |
|    n_updates            | 542         |
|    policy_gradient_loss | 0.00386     |
|    std                  | 0.405       |
|    value_loss           | 0.0408      |
-----------------------------------------
Early stopping at step 1 due to reaching max kl: 0.03
-----------------------------------------
| rollout/                |             |
|    ep_len_mean          | 796         |
|    ep_rew_mean          | 1.8e+03     |
| time/                   |             |
|    fps                  | 2666        |
|    iterations           | 475         |
|    time_elapsed         | 1459        |
|    total_timesteps      | 3891200     |
| train/                  |             |
|    approx_kl            | 0.020237794 |
|    clip_fraction        | 0.21        |
|    clip_range           | 0.2         |
|    entropy_loss         | -4.11       |
|    explained_variance   | 0.686       |
|    learning_rate        | 0.000145    |
|    loss                 | -0.0167     |
|    n_updates            | 544         |
|    policy_gradient_loss | -0.000745   |
|    std                  | 0.404       |
|    value_loss           | 0.0181      |
-----------------------------------------
Early stopping at step 0 due to reaching max kl: 0.03
--------------------------------------
| rollout/                |          |
|    ep_len_mean          | 800      |
|    ep_rew_mean          | 1.8e+03  |
| time/                   |          |
|    fps                  | 2667     |
|    iterations           | 476      |
|    time_elapsed         | 1462     |
|    total_timesteps      | 3899392  |
| train/                  |          |
|    approx_kl            | 0.011519 |
|    clip_fraction        | 0.139    |
|    clip_range           | 0.2      |
|    entropy_loss         | -4.09    |
|    explained_variance   | 0.416    |
|    learning_rate        | 0.000144 |
|    loss                 | 0.0969   |
|    n_updates            | 545      |
|    policy_gradient_loss | 0.0024   |
|    std                  | 0.404    |
|    value_loss           | 0.105    |
--------------------------------------
Early stopping at step 0 due to reaching max kl: 0.04
-----------------------------------------
| rollout/                |             |
|    ep_len_mean          | 819         |
|    ep_rew_mean          | 1.85e+03    |
| time/                   |             |
|    fps                  | 2667        |
|    iterations           | 477         |
|    time_elapsed         | 1464        |
|    total_timesteps      | 3907584     |
| train/                  |             |
|    approx_kl            | 0.009658145 |
|    clip_fraction        | 0.115       |
|    clip_range           | 0.2         |
|    entropy_loss         | -4.09       |
|    explained_variance   | 0.556       |
|    learning_rate        | 0.000144    |
|    loss                 | 0.00505     |
|    n_updates            | 546         |
|    policy_gradient_loss | 0.00469     |
|    std                  | 0.403       |
|    value_loss           | 0.0529      |
-----------------------------------------
Early stopping at step 0 due to reaching max kl: 0.03
-----------------------------------------
| rollout/                |             |
|    ep_len_mean          | 815         |
|    ep_rew_mean          | 1.83e+03    |
| time/                   |             |
|    fps                  | 2667        |
|    iterations           | 478         |
|    time_elapsed         | 1468        |
|    total_timesteps      | 3915776     |
| train/                  |             |
|    approx_kl            | 0.013817904 |
|    clip_fraction        | 0.188       |
|    clip_range           | 0.2         |
|    entropy_loss         | -4.08       |
|    explained_variance   | 0.665       |
|    learning_rate        | 0.000144    |
|    loss                 | 0.0839      |
|    n_updates            | 547         |
|    policy_gradient_loss | 0.00687     |
|    std                  | 0.403       |
|    value_loss           | 0.0217      |
-----------------------------------------
Early stopping at step 0 due to reaching max kl: 0.03
-----------------------------------------
| rollout/                |             |
|    ep_len_mean          | 818         |
|    ep_rew_mean          | 1.84e+03    |
| time/                   |             |
|    fps                  | 2667        |
|    iterations           | 479         |
|    time_elapsed         | 1471        |
|    total_timesteps      | 3923968     |
| train/                  |             |
|    approx_kl            | 0.014061272 |
|    clip_fraction        | 0.187       |
|    clip_range           | 0.2         |
|    entropy_loss         | -4.07       |
|    explained_variance   | 0.631       |
|    learning_rate        | 0.000143    |
|    loss                 | -0.00441    |
|    n_updates            | 548         |
|    policy_gradient_loss | 0.00264     |
|    std                  | 0.402       |
|    value_loss           | 0.0459      |
-----------------------------------------
Early stopping at step 1 due to reaching max kl: 0.03
-----------------------------------------
| rollout/                |             |
|    ep_len_mean          | 806         |
|    ep_rew_mean          | 1.82e+03    |
| time/                   |             |
|    fps                  | 2667        |
|    iterations           | 480         |
|    time_elapsed         | 1474        |
|    total_timesteps      | 3932160     |
| train/                  |             |
|    approx_kl            | 0.021866415 |
|    clip_fraction        | 0.183       |
|    clip_range           | 0.2         |
|    entropy_loss         | -4.06       |
|    explained_variance   | 0.752       |
|    learning_rate        | 0.000143    |
|    loss                 | -0.0168     |
|    n_updates            | 550         |
|    policy_gradient_loss | 0.00684     |
|    std                  | 0.402       |
|    value_loss           | 0.015       |
-----------------------------------------
Early stopping at step 0 due to reaching max kl: 0.03
----------------------------------------
| rollout/                |            |
|    ep_len_mean          | 808        |
|    ep_rew_mean          | 1.82e+03   |
| time/                   |            |
|    fps                  | 2667       |
|    iterations           | 481        |
|    time_elapsed         | 1477       |
|    total_timesteps      | 3940352    |
| train/                  |            |
|    approx_kl            | 0.01363397 |
|    clip_fraction        | 0.195      |
|    clip_range           | 0.2        |
|    entropy_loss         | -4.05      |
|    explained_variance   | 0.397      |
|    learning_rate        | 0.000143   |
|    loss                 | 0.0501     |
|    n_updates            | 551        |
|    policy_gradient_loss | 0.00561    |
|    std                  | 0.401      |
|    value_loss           | 0.0334     |
----------------------------------------
Early stopping at step 0 due to reaching max kl: 0.03
-----------------------------------------
| rollout/                |             |
|    ep_len_mean          | 815         |
|    ep_rew_mean          | 1.84e+03    |
| time/                   |             |
|    fps                  | 2667        |
|    iterations           | 482         |
|    time_elapsed         | 1480        |
|    total_timesteps      | 3948544     |
| train/                  |             |
|    approx_kl            | 0.012751338 |
|    clip_fraction        | 0.178       |
|    clip_range           | 0.2         |
|    entropy_loss         | -4.04       |
|    explained_variance   | 0.571       |
|    learning_rate        | 0.000142    |
|    loss                 | 0.00661     |
|    n_updates            | 552         |
|    policy_gradient_loss | 0.0067      |
|    std                  | 0.401       |
|    value_loss           | 0.0528      |
-----------------------------------------
Early stopping at step 1 due to reaching max kl: 0.03
-----------------------------------------
| rollout/                |             |
|    ep_len_mean          | 807         |
|    ep_rew_mean          | 1.83e+03    |
| time/                   |             |
|    fps                  | 2667        |
|    iterations           | 483         |
|    time_elapsed         | 1483        |
|    total_timesteps      | 3956736     |
| train/                  |             |
|    approx_kl            | 0.021289472 |
|    clip_fraction        | 0.187       |
|    clip_range           | 0.2         |
|    entropy_loss         | -4.02       |
|    explained_variance   | 0.653       |
|    learning_rate        | 0.000142    |
|    loss                 | -0.0204     |
|    n_updates            | 554         |
|    policy_gradient_loss | 0.00257     |
|    std                  | 0.4         |
|    value_loss           | 0.0187      |
-----------------------------------------
Early stopping at step 0 due to reaching max kl: 0.03
-----------------------------------------
| rollout/                |             |
|    ep_len_mean          | 815         |
|    ep_rew_mean          | 1.85e+03    |
| time/                   |             |
|    fps                  | 2666        |
|    iterations           | 484         |
|    time_elapsed         | 1486        |
|    total_timesteps      | 3964928     |
| train/                  |             |
|    approx_kl            | 0.013682828 |
|    clip_fraction        | 0.191       |
|    clip_range           | 0.2         |
|    entropy_loss         | -4.01       |
|    explained_variance   | 0.648       |
|    learning_rate        | 0.000142    |
|    loss                 | 0.0396      |
|    n_updates            | 555         |
|    policy_gradient_loss | 0.00514     |
|    std                  | 0.399       |
|    value_loss           | 0.0412      |
-----------------------------------------
Early stopping at step 0 due to reaching max kl: 0.03
----------------------------------------
| rollout/                |            |
|    ep_len_mean          | 823        |
|    ep_rew_mean          | 1.86e+03   |
| time/                   |            |
|    fps                  | 2666       |
|    iterations           | 485        |
|    time_elapsed         | 1489       |
|    total_timesteps      | 3973120    |
| train/                  |            |
|    approx_kl            | 0.01234323 |
|    clip_fraction        | 0.168      |
|    clip_range           | 0.2        |
|    entropy_loss         | -3.99      |
|    explained_variance   | 0.696      |
|    learning_rate        | 0.000141   |
|    loss                 | -0.0182    |
|    n_updates            | 556        |
|    policy_gradient_loss | 0.00482    |
|    std                  | 0.398      |
|    value_loss           | 0.029      |
----------------------------------------
Early stopping at step 0 due to reaching max kl: 0.04
-----------------------------------------
| rollout/                |             |
|    ep_len_mean          | 829         |
|    ep_rew_mean          | 1.88e+03    |
| time/                   |             |
|    fps                  | 2666        |
|    iterations           | 486         |
|    time_elapsed         | 1492        |
|    total_timesteps      | 3981312     |
| train/                  |             |
|    approx_kl            | 0.012978516 |
|    clip_fraction        | 0.164       |
|    clip_range           | 0.2         |
|    entropy_loss         | -3.98       |
|    explained_variance   | 0.584       |
|    learning_rate        | 0.000141    |
|    loss                 | 0.186       |
|    n_updates            | 557         |
|    policy_gradient_loss | 0.00538     |
|    std                  | 0.398       |
|    value_loss           | 0.0518      |
-----------------------------------------
Early stopping at step 0 due to reaching max kl: 0.04
-----------------------------------------
| rollout/                |             |
|    ep_len_mean          | 837         |
|    ep_rew_mean          | 1.9e+03     |
| time/                   |             |
|    fps                  | 2666        |
|    iterations           | 487         |
|    time_elapsed         | 1495        |
|    total_timesteps      | 3989504     |
| train/                  |             |
|    approx_kl            | 0.014458123 |
|    clip_fraction        | 0.193       |
|    clip_range           | 0.2         |
|    entropy_loss         | -3.97       |
|    explained_variance   | 0.535       |
|    learning_rate        | 0.000141    |
|    loss                 | 0.275       |
|    n_updates            | 558         |
|    policy_gradient_loss | 0.00864     |
|    std                  | 0.398       |
|    value_loss           | 0.0429      |
-----------------------------------------
Early stopping at step 1 due to reaching max kl: 0.04
-----------------------------------------
| rollout/                |             |
|    ep_len_mean          | 842         |
|    ep_rew_mean          | 1.92e+03    |
| time/                   |             |
|    fps                  | 2666        |
|    iterations           | 488         |
|    time_elapsed         | 1499        |
|    total_timesteps      | 3997696     |
| train/                  |             |
|    approx_kl            | 0.019466538 |
|    clip_fraction        | 0.211       |
|    clip_range           | 0.2         |
|    entropy_loss         | -3.95       |
|    explained_variance   | 0.867       |
|    learning_rate        | 0.00014     |
|    loss                 | -0.0174     |
|    n_updates            | 560         |
|    policy_gradient_loss | 5.34e-05    |
|    std                  | 0.396       |
|    value_loss           | 0.00585     |
-----------------------------------------
Early stopping at step 0 due to reaching max kl: 0.03
[Progress] Training 3/6: 3,999,508/5,000,000 steps (80.0%); 3 full runs remain afterward; rough training ETA 1h 40m.
-----------------------------------------
| rollout/                |             |
|    ep_len_mean          | 844         |
|    ep_rew_mean          | 1.93e+03    |
| time/                   |             |
|    fps                  | 2666        |
|    iterations           | 489         |
|    time_elapsed         | 1502        |
|    total_timesteps      | 4005888     |
| train/                  |             |
|    approx_kl            | 0.011426863 |
|    clip_fraction        | 0.16        |
|    clip_range           | 0.2         |
|    entropy_loss         | -3.93       |
|    explained_variance   | 0.542       |
|    learning_rate        | 0.00014     |
|    loss                 | 0.0354      |
|    n_updates            | 561         |
|    policy_gradient_loss | 0.00424     |
|    std                  | 0.395       |
|    value_loss           | 0.0442      |
-----------------------------------------
Early stopping at step 0 due to reaching max kl: 0.03
-----------------------------------------
| rollout/                |             |
|    ep_len_mean          | 826         |
|    ep_rew_mean          | 1.89e+03    |
| time/                   |             |
|    fps                  | 2666        |
|    iterations           | 490         |
|    time_elapsed         | 1505        |
|    total_timesteps      | 4014080     |
| train/                  |             |
|    approx_kl            | 0.011588685 |
|    clip_fraction        | 0.155       |
|    clip_range           | 0.2         |
|    entropy_loss         | -3.92       |
|    explained_variance   | 0.612       |
|    learning_rate        | 0.00014     |
|    loss                 | 0.0792      |
|    n_updates            | 562         |
|    policy_gradient_loss | 0.00661     |
|    std                  | 0.395       |
|    value_loss           | 0.0282      |
-----------------------------------------
Early stopping at step 1 due to reaching max kl: 0.04
-----------------------------------------
| rollout/                |             |
|    ep_len_mean          | 847         |
|    ep_rew_mean          | 1.94e+03    |
| time/                   |             |
|    fps                  | 2666        |
|    iterations           | 491         |
|    time_elapsed         | 1508        |
|    total_timesteps      | 4022272     |
| train/                  |             |
|    approx_kl            | 0.020617392 |
|    clip_fraction        | 0.219       |
|    clip_range           | 0.2         |
|    entropy_loss         | -3.9        |
|    explained_variance   | 0.501       |
|    learning_rate        | 0.000139    |
|    loss                 | -0.0517     |
|    n_updates            | 564         |
|    policy_gradient_loss | 0.00215     |
|    std                  | 0.394       |
|    value_loss           | 0.0575      |
-----------------------------------------
Early stopping at step 1 due to reaching max kl: 0.03
-----------------------------------------
| rollout/                |             |
|    ep_len_mean          | 839         |
|    ep_rew_mean          | 1.93e+03    |
| time/                   |             |
|    fps                  | 2666        |
|    iterations           | 492         |
|    time_elapsed         | 1511        |
|    total_timesteps      | 4030464     |
| train/                  |             |
|    approx_kl            | 0.021301558 |
|    clip_fraction        | 0.197       |
|    clip_range           | 0.2         |
|    entropy_loss         | -3.89       |
|    explained_variance   | 0.629       |
|    learning_rate        | 0.000139    |
|    loss                 | -0.017      |
|    n_updates            | 566         |
|    policy_gradient_loss | 0.00393     |
|    std                  | 0.394       |
|    value_loss           | 0.0318      |
-----------------------------------------
Early stopping at step 1 due to reaching max kl: 0.03
-----------------------------------------
| rollout/                |             |
|    ep_len_mean          | 833         |
|    ep_rew_mean          | 1.92e+03    |
| time/                   |             |
|    fps                  | 2665        |
|    iterations           | 493         |
|    time_elapsed         | 1514        |
|    total_timesteps      | 4038656     |
| train/                  |             |
|    approx_kl            | 0.021102844 |
|    clip_fraction        | 0.199       |
|    clip_range           | 0.2         |
|    entropy_loss         | -3.88       |
|    explained_variance   | 0.533       |
|    learning_rate        | 0.000139    |
|    loss                 | 0.0227      |
|    n_updates            | 568         |
|    policy_gradient_loss | 0.00745     |
|    std                  | 0.393       |
|    value_loss           | 0.0352      |
-----------------------------------------
Early stopping at step 0 due to reaching max kl: 0.03
----------------------------------------
| rollout/                |            |
|    ep_len_mean          | 812        |
|    ep_rew_mean          | 1.87e+03   |
| time/                   |            |
|    fps                  | 2666       |
|    iterations           | 494        |
|    time_elapsed         | 1517       |
|    total_timesteps      | 4046848    |
| train/                  |            |
|    approx_kl            | 0.01064064 |
|    clip_fraction        | 0.147      |
|    clip_range           | 0.2        |
|    entropy_loss         | -3.86      |
|    explained_variance   | 0.511      |
|    learning_rate        | 0.000138   |
|    loss                 | -0.01      |
|    n_updates            | 569        |
|    policy_gradient_loss | 0.00531    |
|    std                  | 0.392      |
|    value_loss           | 0.0442     |
----------------------------------------
Early stopping at step 0 due to reaching max kl: 0.03
-----------------------------------------
| rollout/                |             |
|    ep_len_mean          | 828         |
|    ep_rew_mean          | 1.92e+03    |
| time/                   |             |
|    fps                  | 2666        |
|    iterations           | 495         |
|    time_elapsed         | 1520        |
|    total_timesteps      | 4055040     |
| train/                  |             |
|    approx_kl            | 0.011359325 |
|    clip_fraction        | 0.15        |
|    clip_range           | 0.2         |
|    entropy_loss         | -3.86       |
|    explained_variance   | 0.454       |
|    learning_rate        | 0.000138    |
|    loss                 | 0.0412      |
|    n_updates            | 570         |
|    policy_gradient_loss | 0.00416     |
|    std                  | 0.392       |
|    value_loss           | 0.059       |
-----------------------------------------
Early stopping at step 0 due to reaching max kl: 0.03
-----------------------------------------
| rollout/                |             |
|    ep_len_mean          | 839         |
|    ep_rew_mean          | 1.95e+03    |
| time/                   |             |
|    fps                  | 2666        |
|    iterations           | 496         |
|    time_elapsed         | 1523        |
|    total_timesteps      | 4063232     |
| train/                  |             |
|    approx_kl            | 0.009835571 |
|    clip_fraction        | 0.134       |
|    clip_range           | 0.2         |
|    entropy_loss         | -3.85       |
|    explained_variance   | 0.576       |
|    learning_rate        | 0.000138    |
|    loss                 | 0.0698      |
|    n_updates            | 571         |
|    policy_gradient_loss | 0.005       |
|    std                  | 0.391       |
|    value_loss           | 0.00756     |
-----------------------------------------
Early stopping at step 0 due to reaching max kl: 0.03
-----------------------------------------
| rollout/                |             |
|    ep_len_mean          | 830         |
|    ep_rew_mean          | 1.93e+03    |
| time/                   |             |
|    fps                  | 2666        |
|    iterations           | 497         |
|    time_elapsed         | 1527        |
|    total_timesteps      | 4071424     |
| train/                  |             |
|    approx_kl            | 0.012673564 |
|    clip_fraction        | 0.173       |
|    clip_range           | 0.2         |
|    entropy_loss         | -3.83       |
|    explained_variance   | 0.561       |
|    learning_rate        | 0.000137    |
|    loss                 | 0.0913      |
|    n_updates            | 572         |
|    policy_gradient_loss | 0.00513     |
|    std                  | 0.39        |
|    value_loss           | 0.029       |
-----------------------------------------
Early stopping at step 1 due to reaching max kl: 0.03
-----------------------------------------
| rollout/                |             |
|    ep_len_mean          | 808         |
|    ep_rew_mean          | 1.88e+03    |
| time/                   |             |
|    fps                  | 2665        |
|    iterations           | 498         |
|    time_elapsed         | 1530        |
|    total_timesteps      | 4079616     |
| train/                  |             |
|    approx_kl            | 0.021630723 |
|    clip_fraction        | 0.189       |
|    clip_range           | 0.2         |
|    entropy_loss         | -3.82       |
|    explained_variance   | 0.554       |
|    learning_rate        | 0.000137    |
|    loss                 | -0.0505     |
|    n_updates            | 574         |
|    policy_gradient_loss | 0.00199     |
|    std                  | 0.39        |
|    value_loss           | 0.0292      |
-----------------------------------------
Early stopping at step 0 due to reaching max kl: 0.04
-----------------------------------------
| rollout/                |             |
|    ep_len_mean          | 815         |
|    ep_rew_mean          | 1.9e+03     |
| time/                   |             |
|    fps                  | 2665        |
|    iterations           | 499         |
|    time_elapsed         | 1533        |
|    total_timesteps      | 4087808     |
| train/                  |             |
|    approx_kl            | 0.014124017 |
|    clip_fraction        | 0.185       |
|    clip_range           | 0.2         |
|    entropy_loss         | -3.8        |
|    explained_variance   | 0.476       |
|    learning_rate        | 0.000137    |
|    loss                 | 0.00845     |
|    n_updates            | 575         |
|    policy_gradient_loss | 0.00584     |
|    std                  | 0.389       |
|    value_loss           | 0.0664      |
-----------------------------------------
Early stopping at step 1 due to reaching max kl: 0.03
-----------------------------------------
| rollout/                |             |
|    ep_len_mean          | 826         |
|    ep_rew_mean          | 1.93e+03    |
| time/                   |             |
|    fps                  | 2665        |
|    iterations           | 500         |
|    time_elapsed         | 1536        |
|    total_timesteps      | 4096000     |
| train/                  |             |
|    approx_kl            | 0.020064067 |
|    clip_fraction        | 0.199       |
|    clip_range           | 0.2         |
|    entropy_loss         | -3.79       |
|    explained_variance   | 0.587       |
|    learning_rate        | 0.000136    |
|    loss                 | 0.0443      |
|    n_updates            | 577         |
|    policy_gradient_loss | 0.00255     |
|    std                  | 0.388       |
|    value_loss           | 0.0281      |
-----------------------------------------
Early stopping at step 0 due to reaching max kl: 0.03
-----------------------------------------
| rollout/                |             |
|    ep_len_mean          | 837         |
|    ep_rew_mean          | 1.96e+03    |
| time/                   |             |
|    fps                  | 2665        |
|    iterations           | 501         |
|    time_elapsed         | 1539        |
|    total_timesteps      | 4104192     |
| train/                  |             |
|    approx_kl            | 0.012008483 |
|    clip_fraction        | 0.162       |
|    clip_range           | 0.2         |
|    entropy_loss         | -3.78       |
|    explained_variance   | 0.62        |
|    learning_rate        | 0.000136    |
|    loss                 | 0.0191      |
|    n_updates            | 578         |
|    policy_gradient_loss | 0.00558     |
|    std                  | 0.388       |
|    value_loss           | 0.0199      |
-----------------------------------------
Early stopping at step 0 due to reaching max kl: 0.03
-----------------------------------------
| rollout/                |             |
|    ep_len_mean          | 821         |
|    ep_rew_mean          | 1.93e+03    |
| time/                   |             |
|    fps                  | 2665        |
|    iterations           | 502         |
|    time_elapsed         | 1542        |
|    total_timesteps      | 4112384     |
| train/                  |             |
|    approx_kl            | 0.011076258 |
|    clip_fraction        | 0.161       |
|    clip_range           | 0.2         |
|    entropy_loss         | -3.76       |
|    explained_variance   | 0.433       |
|    learning_rate        | 0.000136    |
|    loss                 | 0.0128      |
|    n_updates            | 579         |
|    policy_gradient_loss | 0.00568     |
|    std                  | 0.387       |
|    value_loss           | 0.0298      |
-----------------------------------------
Early stopping at step 0 due to reaching max kl: 0.03
-----------------------------------------
| rollout/                |             |
|    ep_len_mean          | 824         |
|    ep_rew_mean          | 1.94e+03    |
| time/                   |             |
|    fps                  | 2665        |
|    iterations           | 503         |
|    time_elapsed         | 1545        |
|    total_timesteps      | 4120576     |
| train/                  |             |
|    approx_kl            | 0.013280004 |
|    clip_fraction        | 0.179       |
|    clip_range           | 0.2         |
|    entropy_loss         | -3.75       |
|    explained_variance   | 0.641       |
|    learning_rate        | 0.000136    |
|    loss                 | 0.0488      |
|    n_updates            | 580         |
|    policy_gradient_loss | 0.00714     |
|    std                  | 0.387       |
|    value_loss           | 0.044       |
-----------------------------------------
Early stopping at step 0 due to reaching max kl: 0.04
-----------------------------------------
| rollout/                |             |
|    ep_len_mean          | 830         |
|    ep_rew_mean          | 1.95e+03    |
| time/                   |             |
|    fps                  | 2665        |
|    iterations           | 504         |
|    time_elapsed         | 1548        |
|    total_timesteps      | 4128768     |
| train/                  |             |
|    approx_kl            | 0.011464841 |
|    clip_fraction        | 0.157       |
|    clip_range           | 0.2         |
|    entropy_loss         | -3.74       |
|    explained_variance   | 0.474       |
|    learning_rate        | 0.000135    |
|    loss                 | 0.0327      |
|    n_updates            | 581         |
|    policy_gradient_loss | 0.00606     |
|    std                  | 0.386       |
|    value_loss           | 0.0541      |
-----------------------------------------
Early stopping at step 0 due to reaching max kl: 0.03
----------------------------------------
| rollout/                |            |
|    ep_len_mean          | 839        |
|    ep_rew_mean          | 1.97e+03   |
| time/                   |            |
|    fps                  | 2665       |
|    iterations           | 505        |
|    time_elapsed         | 1552       |
|    total_timesteps      | 4136960    |
| train/                  |            |
|    approx_kl            | 0.01161136 |
|    clip_fraction        | 0.161      |
|    clip_range           | 0.2        |
|    entropy_loss         | -3.74      |
|    explained_variance   | 0.431      |
|    learning_rate        | 0.000135   |
|    loss                 | 0.0124     |
|    n_updates            | 582        |
|    policy_gradient_loss | 0.00601    |
|    std                  | 0.386      |
|    value_loss           | 0.034      |
----------------------------------------
Early stopping at step 1 due to reaching max kl: 0.03
-----------------------------------------
| rollout/                |             |
|    ep_len_mean          | 847         |
|    ep_rew_mean          | 1.99e+03    |
| time/                   |             |
|    fps                  | 2665        |
|    iterations           | 506         |
|    time_elapsed         | 1555        |
|    total_timesteps      | 4145152     |
| train/                  |             |
|    approx_kl            | 0.021436524 |
|    clip_fraction        | 0.19        |
|    clip_range           | 0.2         |
|    entropy_loss         | -3.72       |
|    explained_variance   | 0.699       |
|    learning_rate        | 0.000135    |
|    loss                 | -0.00312    |
|    n_updates            | 584         |
|    policy_gradient_loss | 0.00189     |
|    std                  | 0.385       |
|    value_loss           | 0.0062      |
-----------------------------------------
Early stopping at step 0 due to reaching max kl: 0.04
-----------------------------------------
| rollout/                |             |
|    ep_len_mean          | 858         |
|    ep_rew_mean          | 2.02e+03    |
| time/                   |             |
|    fps                  | 2665        |
|    iterations           | 507         |
|    time_elapsed         | 1558        |
|    total_timesteps      | 4153344     |
| train/                  |             |
|    approx_kl            | 0.010607556 |
|    clip_fraction        | 0.144       |
|    clip_range           | 0.2         |
|    entropy_loss         | -3.7        |
|    explained_variance   | 0.819       |
|    learning_rate        | 0.000134    |
|    loss                 | 0.063       |
|    n_updates            | 585         |
|    policy_gradient_loss | 0.00463     |
|    std                  | 0.384       |
|    value_loss           | 0.0052      |
-----------------------------------------
Early stopping at step 0 due to reaching max kl: 0.03
-----------------------------------------
| rollout/                |             |
|    ep_len_mean          | 877         |
|    ep_rew_mean          | 2.07e+03    |
| time/                   |             |
|    fps                  | 2665        |
|    iterations           | 508         |
|    time_elapsed         | 1561        |
|    total_timesteps      | 4161536     |
| train/                  |             |
|    approx_kl            | 0.011444828 |
|    clip_fraction        | 0.156       |
|    clip_range           | 0.2         |
|    entropy_loss         | -3.69       |
|    explained_variance   | 0.562       |
|    learning_rate        | 0.000134    |
|    loss                 | 0.0906      |
|    n_updates            | 586         |
|    policy_gradient_loss | 0.00728     |
|    std                  | 0.384       |
|    value_loss           | 0.017       |
-----------------------------------------
Early stopping at step 1 due to reaching max kl: 0.03
-----------------------------------------
| rollout/                |             |
|    ep_len_mean          | 893         |
|    ep_rew_mean          | 2.11e+03    |
| time/                   |             |
|    fps                  | 2664        |
|    iterations           | 509         |
|    time_elapsed         | 1564        |
|    total_timesteps      | 4169728     |
| train/                  |             |
|    approx_kl            | 0.018997245 |
|    clip_fraction        | 0.197       |
|    clip_range           | 0.2         |
|    entropy_loss         | -3.67       |
|    explained_variance   | 0.587       |
|    learning_rate        | 0.000134    |
|    loss                 | -0.044      |
|    n_updates            | 588         |
|    policy_gradient_loss | 0.00104     |
|    std                  | 0.383       |
|    value_loss           | 0.00409     |
-----------------------------------------
Early stopping at step 1 due to reaching max kl: 0.03
----------------------------------------
| rollout/                |            |
|    ep_len_mean          | 898        |
|    ep_rew_mean          | 2.12e+03   |
| time/                   |            |
|    fps                  | 2664       |
|    iterations           | 510        |
|    time_elapsed         | 1567       |
|    total_timesteps      | 4177920    |
| train/                  |            |
|    approx_kl            | 0.01911282 |
|    clip_fraction        | 0.206      |
|    clip_range           | 0.2        |
|    entropy_loss         | -3.65      |
|    explained_variance   | 0.248      |
|    learning_rate        | 0.000133   |
|    loss                 | -0.0184    |
|    n_updates            | 590        |
|    policy_gradient_loss | 4.62e-05   |
|    std                  | 0.381      |
|    value_loss           | 0.0159     |
----------------------------------------
Early stopping at step 0 due to reaching max kl: 0.03
-----------------------------------------
| rollout/                |             |
|    ep_len_mean          | 892         |
|    ep_rew_mean          | 2.11e+03    |
| time/                   |             |
|    fps                  | 2664        |
|    iterations           | 511         |
|    time_elapsed         | 1571        |
|    total_timesteps      | 4186112     |
| train/                  |             |
|    approx_kl            | 0.011446516 |
|    clip_fraction        | 0.159       |
|    clip_range           | 0.2         |
|    entropy_loss         | -3.63       |
|    explained_variance   | 0.466       |
|    learning_rate        | 0.000133    |
|    loss                 | 0.115       |
|    n_updates            | 591         |
|    policy_gradient_loss | 0.00276     |
|    std                  | 0.381       |
|    value_loss           | 0.0307      |
-----------------------------------------
Early stopping at step 1 due to reaching max kl: 0.03
-----------------------------------------
| rollout/                |             |
|    ep_len_mean          | 891         |
|    ep_rew_mean          | 2.11e+03    |
| time/                   |             |
|    fps                  | 2664        |
|    iterations           | 512         |
|    time_elapsed         | 1574        |
|    total_timesteps      | 4194304     |
| train/                  |             |
|    approx_kl            | 0.018047135 |
|    clip_fraction        | 0.185       |
|    clip_range           | 0.2         |
|    entropy_loss         | -3.61       |
|    explained_variance   | 0.683       |
|    learning_rate        | 0.000133    |
|    loss                 | -0.0283     |
|    n_updates            | 593         |
|    policy_gradient_loss | 0.00351     |
|    std                  | 0.38        |
|    value_loss           | 0.0108      |
-----------------------------------------
Early stopping at step 0 due to reaching max kl: 0.03
-----------------------------------------
| rollout/                |             |
|    ep_len_mean          | 899         |
|    ep_rew_mean          | 2.13e+03    |
| time/                   |             |
|    fps                  | 2664        |
|    iterations           | 513         |
|    time_elapsed         | 1577        |
|    total_timesteps      | 4202496     |
| train/                  |             |
|    approx_kl            | 0.011626764 |
|    clip_fraction        | 0.161       |
|    clip_range           | 0.2         |
|    entropy_loss         | -3.59       |
|    explained_variance   | 0.452       |
|    learning_rate        | 0.000132    |
|    loss                 | 0.115       |
|    n_updates            | 594         |
|    policy_gradient_loss | 0.00837     |
|    std                  | 0.379       |
|    value_loss           | 0.0286      |
-----------------------------------------
Early stopping at step 1 due to reaching max kl: 0.03
-----------------------------------------
| rollout/                |             |
|    ep_len_mean          | 892         |
|    ep_rew_mean          | 2.11e+03    |
| time/                   |             |
|    fps                  | 2663        |
|    iterations           | 514         |
|    time_elapsed         | 1580        |
|    total_timesteps      | 4210688     |
| train/                  |             |
|    approx_kl            | 0.019436006 |
|    clip_fraction        | 0.203       |
|    clip_range           | 0.2         |
|    entropy_loss         | -3.57       |
|    explained_variance   | 0.515       |
|    learning_rate        | 0.000132    |
|    loss                 | 0.00472     |
|    n_updates            | 596         |
|    policy_gradient_loss | 0.00164     |
|    std                  | 0.378       |
|    value_loss           | 0.0216      |
-----------------------------------------
Early stopping at step 1 due to reaching max kl: 0.04
-----------------------------------------
| rollout/                |             |
|    ep_len_mean          | 904         |
|    ep_rew_mean          | 2.14e+03    |
| time/                   |             |
|    fps                  | 2663        |
|    iterations           | 515         |
|    time_elapsed         | 1583        |
|    total_timesteps      | 4218880     |
| train/                  |             |
|    approx_kl            | 0.022529654 |
|    clip_fraction        | 0.197       |
|    clip_range           | 0.2         |
|    entropy_loss         | -3.55       |
|    explained_variance   | 0.386       |
|    learning_rate        | 0.000132    |
|    loss                 | 0.0457      |
|    n_updates            | 598         |
|    policy_gradient_loss | 0.00126     |
|    std                  | 0.377       |
|    value_loss           | 0.0602      |
-----------------------------------------
Early stopping at step 1 due to reaching max kl: 0.03
----------------------------------------
| rollout/                |            |
|    ep_len_mean          | 898        |
|    ep_rew_mean          | 2.13e+03   |
| time/                   |            |
|    fps                  | 2663       |
|    iterations           | 516        |
|    time_elapsed         | 1586       |
|    total_timesteps      | 4227072    |
| train/                  |            |
|    approx_kl            | 0.01984889 |
|    clip_fraction        | 0.183      |
|    clip_range           | 0.2        |
|    entropy_loss         | -3.54      |
|    explained_variance   | 0.688      |
|    learning_rate        | 0.000131   |
|    loss                 | -0.0248    |
|    n_updates            | 600        |
|    policy_gradient_loss | 0.00493    |
|    std                  | 0.377      |
|    value_loss           | 0.0208     |
----------------------------------------
Early stopping at step 1 due to reaching max kl: 0.04
-----------------------------------------
| rollout/                |             |
|    ep_len_mean          | 885         |
|    ep_rew_mean          | 2.1e+03     |
| time/                   |             |
|    fps                  | 2663        |
|    iterations           | 517         |
|    time_elapsed         | 1590        |
|    total_timesteps      | 4235264     |
| train/                  |             |
|    approx_kl            | 0.020000104 |
|    clip_fraction        | 0.175       |
|    clip_range           | 0.2         |
|    entropy_loss         | -3.52       |
|    explained_variance   | 0.462       |
|    learning_rate        | 0.000131    |
|    loss                 | -0.0337     |
|    n_updates            | 602         |
|    policy_gradient_loss | 0.00295     |
|    std                  | 0.375       |
|    value_loss           | 0.016       |
-----------------------------------------
Early stopping at step 1 due to reaching max kl: 0.04
----------------------------------------
| rollout/                |            |
|    ep_len_mean          | 885        |
|    ep_rew_mean          | 2.1e+03    |
| time/                   |            |
|    fps                  | 2663       |
|    iterations           | 518        |
|    time_elapsed         | 1593       |
|    total_timesteps      | 4243456    |
| train/                  |            |
|    approx_kl            | 0.01982617 |
|    clip_fraction        | 0.175      |
|    clip_range           | 0.2        |
|    entropy_loss         | -3.5       |
|    explained_variance   | 0.599      |
|    learning_rate        | 0.000131   |
|    loss                 | -0.0325    |
|    n_updates            | 604        |
|    policy_gradient_loss | 0.00463    |
|    std                  | 0.375      |
|    value_loss           | 0.0277     |
----------------------------------------
Early stopping at step 1 due to reaching max kl: 0.03
-----------------------------------------
| rollout/                |             |
|    ep_len_mean          | 862         |
|    ep_rew_mean          | 2.05e+03    |
| time/                   |             |
|    fps                  | 2662        |
|    iterations           | 519         |
|    time_elapsed         | 1596        |
|    total_timesteps      | 4251648     |
| train/                  |             |
|    approx_kl            | 0.018362148 |
|    clip_fraction        | 0.176       |
|    clip_range           | 0.2         |
|    entropy_loss         | -3.48       |
|    explained_variance   | 0.795       |
|    learning_rate        | 0.00013     |
|    loss                 | -0.0309     |
|    n_updates            | 606         |
|    policy_gradient_loss | 0.000532    |
|    std                  | 0.373       |
|    value_loss           | 0.00532     |
-----------------------------------------
Early stopping at step 1 due to reaching max kl: 0.03
-----------------------------------------
| rollout/                |             |
|    ep_len_mean          | 875         |
|    ep_rew_mean          | 2.08e+03    |
| time/                   |             |
|    fps                  | 2662        |
|    iterations           | 520         |
|    time_elapsed         | 1599        |
|    total_timesteps      | 4259840     |
| train/                  |             |
|    approx_kl            | 0.027163079 |
|    clip_fraction        | 0.168       |
|    clip_range           | 0.2         |
|    entropy_loss         | -3.46       |
|    explained_variance   | 0.482       |
|    learning_rate        | 0.00013     |
|    loss                 | -0.00697    |
|    n_updates            | 608         |
|    policy_gradient_loss | 0.00767     |
|    std                  | 0.373       |
|    value_loss           | 0.0406      |
-----------------------------------------
Early stopping at step 0 due to reaching max kl: 0.03
-----------------------------------------
| rollout/                |             |
|    ep_len_mean          | 863         |
|    ep_rew_mean          | 2.05e+03    |
| time/                   |             |
|    fps                  | 2662        |
|    iterations           | 521         |
|    time_elapsed         | 1602        |
|    total_timesteps      | 4268032     |
| train/                  |             |
|    approx_kl            | 0.012328907 |
|    clip_fraction        | 0.175       |
|    clip_range           | 0.2         |
|    entropy_loss         | -3.44       |
|    explained_variance   | 0.573       |
|    learning_rate        | 0.00013     |
|    loss                 | 0.0695      |
|    n_updates            | 609         |
|    policy_gradient_loss | 0.00339     |
|    std                  | 0.372       |
|    value_loss           | 0.0179      |
-----------------------------------------
Early stopping at step 0 due to reaching max kl: 0.04
-----------------------------------------
| rollout/                |             |
|    ep_len_mean          | 844         |
|    ep_rew_mean          | 2.01e+03    |
| time/                   |             |
|    fps                  | 2662        |
|    iterations           | 522         |
|    time_elapsed         | 1605        |
|    total_timesteps      | 4276224     |
| train/                  |             |
|    approx_kl            | 0.012162793 |
|    clip_fraction        | 0.156       |
|    clip_range           | 0.2         |
|    entropy_loss         | -3.43       |
|    explained_variance   | 0.584       |
|    learning_rate        | 0.000129    |
|    loss                 | 0.0787      |
|    n_updates            | 610         |
|    policy_gradient_loss | 0.00468     |
|    std                  | 0.372       |
|    value_loss           | 0.056       |
-----------------------------------------
Early stopping at step 0 due to reaching max kl: 0.04
-----------------------------------------
| rollout/                |             |
|    ep_len_mean          | 851         |
|    ep_rew_mean          | 2.03e+03    |
| time/                   |             |
|    fps                  | 2662        |
|    iterations           | 523         |
|    time_elapsed         | 1608        |
|    total_timesteps      | 4284416     |
| train/                  |             |
|    approx_kl            | 0.012081669 |
|    clip_fraction        | 0.152       |
|    clip_range           | 0.2         |
|    entropy_loss         | -3.43       |
|    explained_variance   | 0.48        |
|    learning_rate        | 0.000129    |
|    loss                 | 0.00256     |
|    n_updates            | 611         |
|    policy_gradient_loss | 0.0065      |
|    std                  | 0.372       |
|    value_loss           | 0.0574      |
-----------------------------------------
Early stopping at step 1 due to reaching max kl: 0.04
-----------------------------------------
| rollout/                |             |
|    ep_len_mean          | 836         |
|    ep_rew_mean          | 1.99e+03    |
| time/                   |             |
|    fps                  | 2662        |
|    iterations           | 524         |
|    time_elapsed         | 1612        |
|    total_timesteps      | 4292608     |
| train/                  |             |
|    approx_kl            | 0.019610949 |
|    clip_fraction        | 0.202       |
|    clip_range           | 0.2         |
|    entropy_loss         | -3.41       |
|    explained_variance   | 0.766       |
|    learning_rate        | 0.000129    |
|    loss                 | 0.0169      |
|    n_updates            | 613         |
|    policy_gradient_loss | 0.00167     |
|    std                  | 0.37        |
|    value_loss           | 0.00679     |
-----------------------------------------
Early stopping at step 0 due to reaching max kl: 0.03
-----------------------------------------
| rollout/                |             |
|    ep_len_mean          | 862         |
|    ep_rew_mean          | 2.05e+03    |
| time/                   |             |
|    fps                  | 2662        |
|    iterations           | 525         |
|    time_elapsed         | 1615        |
|    total_timesteps      | 4300800     |
| train/                  |             |
|    approx_kl            | 0.010139915 |
|    clip_fraction        | 0.137       |
|    clip_range           | 0.2         |
|    entropy_loss         | -3.4        |
|    explained_variance   | 0.496       |
|    learning_rate        | 0.000128    |
|    loss                 | 0.0298      |
|    n_updates            | 614         |
|    policy_gradient_loss | 0.00231     |
|    std                  | 0.37        |
|    value_loss           | 0.0607      |
-----------------------------------------
Early stopping at step 1 due to reaching max kl: 0.03
-----------------------------------------
| rollout/                |             |
|    ep_len_mean          | 855         |
|    ep_rew_mean          | 2.04e+03    |
| time/                   |             |
|    fps                  | 2662        |
|    iterations           | 526         |
|    time_elapsed         | 1618        |
|    total_timesteps      | 4308992     |
| train/                  |             |
|    approx_kl            | 0.019586923 |
|    clip_fraction        | 0.204       |
|    clip_range           | 0.2         |
|    entropy_loss         | -3.38       |
|    explained_variance   | 0.571       |
|    learning_rate        | 0.000128    |
|    loss                 | 0.0328      |
|    n_updates            | 616         |
|    policy_gradient_loss | -0.00115    |
|    std                  | 0.369       |
|    value_loss           | 0.0259      |
-----------------------------------------
Early stopping at step 0 due to reaching max kl: 0.03
------------------------------------------
| rollout/                |              |
|    ep_len_mean          | 868          |
|    ep_rew_mean          | 2.07e+03     |
| time/                   |              |
|    fps                  | 2662         |
|    iterations           | 527          |
|    time_elapsed         | 1621         |
|    total_timesteps      | 4317184      |
| train/                  |              |
|    approx_kl            | 0.0111965565 |
|    clip_fraction        | 0.147        |
|    clip_range           | 0.2          |
|    entropy_loss         | -3.36        |
|    explained_variance   | 0.361        |
|    learning_rate        | 0.000128     |
|    loss                 | 0.00657      |
|    n_updates            | 617          |
|    policy_gradient_loss | 0.00388      |
|    std                  | 0.368        |
|    value_loss           | 0.0359       |
------------------------------------------
Early stopping at step 1 due to reaching max kl: 0.03
-----------------------------------------
| rollout/                |             |
|    ep_len_mean          | 859         |
|    ep_rew_mean          | 2.06e+03    |
| time/                   |             |
|    fps                  | 2661        |
|    iterations           | 528         |
|    time_elapsed         | 1624        |
|    total_timesteps      | 4325376     |
| train/                  |             |
|    approx_kl            | 0.018876372 |
|    clip_fraction        | 0.202       |
|    clip_range           | 0.2         |
|    entropy_loss         | -3.35       |
|    explained_variance   | 0.589       |
|    learning_rate        | 0.000127    |
|    loss                 | 0.00506     |
|    n_updates            | 619         |
|    policy_gradient_loss | 0.00221     |
|    std                  | 0.368       |
|    value_loss           | 0.0219      |
-----------------------------------------
Early stopping at step 1 due to reaching max kl: 0.04
-----------------------------------------
| rollout/                |             |
|    ep_len_mean          | 837         |
|    ep_rew_mean          | 2.01e+03    |
| time/                   |             |
|    fps                  | 2661        |
|    iterations           | 529         |
|    time_elapsed         | 1628        |
|    total_timesteps      | 4333568     |
| train/                  |             |
|    approx_kl            | 0.017266156 |
|    clip_fraction        | 0.171       |
|    clip_range           | 0.2         |
|    entropy_loss         | -3.33       |
|    explained_variance   | 0.412       |
|    learning_rate        | 0.000127    |
|    loss                 | 0.0365      |
|    n_updates            | 621         |
|    policy_gradient_loss | 0.0059      |
|    std                  | 0.367       |
|    value_loss           | 0.0183      |
-----------------------------------------
Early stopping at step 0 due to reaching max kl: 0.03
-----------------------------------------
| rollout/                |             |
|    ep_len_mean          | 842         |
|    ep_rew_mean          | 2.03e+03    |
| time/                   |             |
|    fps                  | 2661        |
|    iterations           | 530         |
|    time_elapsed         | 1631        |
|    total_timesteps      | 4341760     |
| train/                  |             |
|    approx_kl            | 0.010434851 |
|    clip_fraction        | 0.145       |
|    clip_range           | 0.2         |
|    entropy_loss         | -3.32       |
|    explained_variance   | 0.458       |
|    learning_rate        | 0.000127    |
|    loss                 | 0.0312      |
|    n_updates            | 622         |
|    policy_gradient_loss | 0.00446     |
|    std                  | 0.367       |
|    value_loss           | 0.0788      |
-----------------------------------------
Early stopping at step 1 due to reaching max kl: 0.03
----------------------------------------
| rollout/                |            |
|    ep_len_mean          | 861        |
|    ep_rew_mean          | 2.07e+03   |
| time/                   |            |
|    fps                  | 2661       |
|    iterations           | 531        |
|    time_elapsed         | 1634       |
|    total_timesteps      | 4349952    |
| train/                  |            |
|    approx_kl            | 0.01928701 |
|    clip_fraction        | 0.164      |
|    clip_range           | 0.2        |
|    entropy_loss         | -3.31      |
|    explained_variance   | 0.741      |
|    learning_rate        | 0.000126   |
|    loss                 | -0.0509    |
|    n_updates            | 624        |
|    policy_gradient_loss | 0.003      |
|    std                  | 0.366      |
|    value_loss           | 0.00407    |
----------------------------------------
Early stopping at step 0 due to reaching max kl: 0.03
------------------------------------------
| rollout/                |              |
|    ep_len_mean          | 830          |
|    ep_rew_mean          | 2e+03        |
| time/                   |              |
|    fps                  | 2661         |
|    iterations           | 532          |
|    time_elapsed         | 1637         |
|    total_timesteps      | 4358144      |
| train/                  |              |
|    approx_kl            | 0.0119217485 |
|    clip_fraction        | 0.168        |
|    clip_range           | 0.2          |
|    entropy_loss         | -3.29        |
|    explained_variance   | 0.365        |
|    learning_rate        | 0.000126     |
|    loss                 | -0.00567     |
|    n_updates            | 625          |
|    policy_gradient_loss | 0.00415      |
|    std                  | 0.365        |
|    value_loss           | 0.0168       |
------------------------------------------
Early stopping at step 0 due to reaching max kl: 0.04
-----------------------------------------
| rollout/                |             |
|    ep_len_mean          | 824         |
|    ep_rew_mean          | 2e+03       |
| time/                   |             |
|    fps                  | 2661        |
|    iterations           | 533         |
|    time_elapsed         | 1640        |
|    total_timesteps      | 4366336     |
| train/                  |             |
|    approx_kl            | 0.011860076 |
|    clip_fraction        | 0.162       |
|    clip_range           | 0.2         |
|    entropy_loss         | -3.28       |
|    explained_variance   | 0.375       |
|    learning_rate        | 0.000126    |
|    loss                 | 0.0558      |
|    n_updates            | 626         |
|    policy_gradient_loss | 0.00697     |
|    std                  | 0.365       |
|    value_loss           | 0.0936      |
-----------------------------------------
Early stopping at step 0 due to reaching max kl: 0.03
-----------------------------------------
| rollout/                |             |
|    ep_len_mean          | 839         |
|    ep_rew_mean          | 2.04e+03    |
| time/                   |             |
|    fps                  | 2661        |
|    iterations           | 534         |
|    time_elapsed         | 1643        |
|    total_timesteps      | 4374528     |
| train/                  |             |
|    approx_kl            | 0.011989501 |
|    clip_fraction        | 0.17        |
|    clip_range           | 0.2         |
|    entropy_loss         | -3.28       |
|    explained_variance   | 0.535       |
|    learning_rate        | 0.000125    |
|    loss                 | 0.0125      |
|    n_updates            | 627         |
|    policy_gradient_loss | 0.00592     |
|    std                  | 0.364       |
|    value_loss           | 0.0179      |
-----------------------------------------
Early stopping at step 1 due to reaching max kl: 0.03
----------------------------------------
| rollout/                |            |
|    ep_len_mean          | 832        |
|    ep_rew_mean          | 2.03e+03   |
| time/                   |            |
|    fps                  | 2661       |
|    iterations           | 535        |
|    time_elapsed         | 1646       |
|    total_timesteps      | 4382720    |
| train/                  |            |
|    approx_kl            | 0.01739188 |
|    clip_fraction        | 0.187      |
|    clip_range           | 0.2        |
|    entropy_loss         | -3.26      |
|    explained_variance   | 0.438      |
|    learning_rate        | 0.000125   |
|    loss                 | 0.0104     |
|    n_updates            | 629        |
|    policy_gradient_loss | 0.00215    |
|    std                  | 0.363      |
|    value_loss           | 0.0169     |
----------------------------------------
Early stopping at step 1 due to reaching max kl: 0.03
-----------------------------------------
| rollout/                |             |
|    ep_len_mean          | 841         |
|    ep_rew_mean          | 2.05e+03    |
| time/                   |             |
|    fps                  | 2660        |
|    iterations           | 536         |
|    time_elapsed         | 1650        |
|    total_timesteps      | 4390912     |
| train/                  |             |
|    approx_kl            | 0.020889781 |
|    clip_fraction        | 0.188       |
|    clip_range           | 0.2         |
|    entropy_loss         | -3.24       |
|    explained_variance   | 0.422       |
|    learning_rate        | 0.000125    |
|    loss                 | 0.0304      |
|    n_updates            | 631         |
|    policy_gradient_loss | 0.0021      |
|    std                  | 0.363       |
|    value_loss           | 0.0294      |
-----------------------------------------
Early stopping at step 0 due to reaching max kl: 0.04
-----------------------------------------
| rollout/                |             |
|    ep_len_mean          | 833         |
|    ep_rew_mean          | 2.03e+03    |
| time/                   |             |
|    fps                  | 2660        |
|    iterations           | 537         |
|    time_elapsed         | 1653        |
|    total_timesteps      | 4399104     |
| train/                  |             |
|    approx_kl            | 0.010312012 |
|    clip_fraction        | 0.135       |
|    clip_range           | 0.2         |
|    entropy_loss         | -3.23       |
|    explained_variance   | 0.321       |
|    learning_rate        | 0.000124    |
|    loss                 | 0.000211    |
|    n_updates            | 632         |
|    policy_gradient_loss | 0.00613     |
|    std                  | 0.362       |
|    value_loss           | 0.0283      |
-----------------------------------------
Early stopping at step 1 due to reaching max kl: 0.03
-----------------------------------------
| rollout/                |             |
|    ep_len_mean          | 832         |
|    ep_rew_mean          | 2.03e+03    |
| time/                   |             |
|    fps                  | 2660        |
|    iterations           | 538         |
|    time_elapsed         | 1656        |
|    total_timesteps      | 4407296     |
| train/                  |             |
|    approx_kl            | 0.016574504 |
|    clip_fraction        | 0.189       |
|    clip_range           | 0.2         |
|    entropy_loss         | -3.21       |
|    explained_variance   | 0.39        |
|    learning_rate        | 0.000124    |
|    loss                 | -0.00742    |
|    n_updates            | 634         |
|    policy_gradient_loss | 0.00199     |
|    std                  | 0.361       |
|    value_loss           | 0.0181      |
-----------------------------------------
Early stopping at step 1 due to reaching max kl: 0.03
-----------------------------------------
| rollout/                |             |
|    ep_len_mean          | 837         |
|    ep_rew_mean          | 2.05e+03    |
| time/                   |             |
|    fps                  | 2660        |
|    iterations           | 539         |
|    time_elapsed         | 1659        |
|    total_timesteps      | 4415488     |
| train/                  |             |
|    approx_kl            | 0.015891332 |
|    clip_fraction        | 0.146       |
|    clip_range           | 0.2         |
|    entropy_loss         | -3.18       |
|    explained_variance   | 0.39        |
|    learning_rate        | 0.000124    |
|    loss                 | -0.00937    |
|    n_updates            | 636         |
|    policy_gradient_loss | 0.00212     |
|    std                  | 0.36        |
|    value_loss           | 0.0176      |
-----------------------------------------
Early stopping at step 1 due to reaching max kl: 0.03
-----------------------------------------
| rollout/                |             |
|    ep_len_mean          | 829         |
|    ep_rew_mean          | 2.03e+03    |
| time/                   |             |
|    fps                  | 2660        |
|    iterations           | 540         |
|    time_elapsed         | 1662        |
|    total_timesteps      | 4423680     |
| train/                  |             |
|    approx_kl            | 0.021555703 |
|    clip_fraction        | 0.194       |
|    clip_range           | 0.2         |
|    entropy_loss         | -3.16       |
|    explained_variance   | 0.327       |
|    learning_rate        | 0.000123    |
|    loss                 | -0.00939    |
|    n_updates            | 638         |
|    policy_gradient_loss | 0.00283     |
|    std                  | 0.359       |
|    value_loss           | 0.0506      |
-----------------------------------------
Early stopping at step 0 due to reaching max kl: 0.03
-----------------------------------------
| rollout/                |             |
|    ep_len_mean          | 822         |
|    ep_rew_mean          | 2.02e+03    |
| time/                   |             |
|    fps                  | 2660        |
|    iterations           | 541         |
|    time_elapsed         | 1666        |
|    total_timesteps      | 4431872     |
| train/                  |             |
|    approx_kl            | 0.011963486 |
|    clip_fraction        | 0.164       |
|    clip_range           | 0.2         |
|    entropy_loss         | -3.15       |
|    explained_variance   | 0.397       |
|    learning_rate        | 0.000123    |
|    loss                 | 0.0723      |
|    n_updates            | 639         |
|    policy_gradient_loss | 0.00638     |
|    std                  | 0.359       |
|    value_loss           | 0.0657      |
-----------------------------------------
Early stopping at step 0 due to reaching max kl: 0.04
-----------------------------------------
| rollout/                |             |
|    ep_len_mean          | 842         |
|    ep_rew_mean          | 2.07e+03    |
| time/                   |             |
|    fps                  | 2660        |
|    iterations           | 542         |
|    time_elapsed         | 1669        |
|    total_timesteps      | 4440064     |
| train/                  |             |
|    approx_kl            | 0.010944468 |
|    clip_fraction        | 0.148       |
|    clip_range           | 0.2         |
|    entropy_loss         | -3.14       |
|    explained_variance   | 0.523       |
|    learning_rate        | 0.000123    |
|    loss                 | 0.0238      |
|    n_updates            | 640         |
|    policy_gradient_loss | 0.00428     |
|    std                  | 0.358       |
|    value_loss           | 0.0276      |
-----------------------------------------
Early stopping at step 0 due to reaching max kl: 0.03
-----------------------------------------
| rollout/                |             |
|    ep_len_mean          | 851         |
|    ep_rew_mean          | 2.09e+03    |
| time/                   |             |
|    fps                  | 2660        |
|    iterations           | 543         |
|    time_elapsed         | 1672        |
|    total_timesteps      | 4448256     |
| train/                  |             |
|    approx_kl            | 0.011406897 |
|    clip_fraction        | 0.143       |
|    clip_range           | 0.2         |
|    entropy_loss         | -3.13       |
|    explained_variance   | 0.454       |
|    learning_rate        | 0.000122    |
|    loss                 | 0.0443      |
|    n_updates            | 641         |
|    policy_gradient_loss | 0.00404     |
|    std                  | 0.358       |
|    value_loss           | 0.043       |
-----------------------------------------
Early stopping at step 0 due to reaching max kl: 0.07
-----------------------------------------
| rollout/                |             |
|    ep_len_mean          | 853         |
|    ep_rew_mean          | 2.1e+03     |
| time/                   |             |
|    fps                  | 2659        |
|    iterations           | 544         |
|    time_elapsed         | 1675        |
|    total_timesteps      | 4456448     |
| train/                  |             |
|    approx_kl            | 0.010500736 |
|    clip_fraction        | 0.14        |
|    clip_range           | 0.2         |
|    entropy_loss         | -3.12       |
|    explained_variance   | 0.533       |
|    learning_rate        | 0.000122    |
|    loss                 | 0.0262      |
|    n_updates            | 642         |
|    policy_gradient_loss | 0.00718     |
|    std                  | 0.358       |
|    value_loss           | 0.0284      |
-----------------------------------------
Early stopping at step 1 due to reaching max kl: 0.03
-----------------------------------------
| rollout/                |             |
|    ep_len_mean          | 863         |
|    ep_rew_mean          | 2.12e+03    |
| time/                   |             |
|    fps                  | 2659        |
|    iterations           | 545         |
|    time_elapsed         | 1678        |
|    total_timesteps      | 4464640     |
| train/                  |             |
|    approx_kl            | 0.025086444 |
|    clip_fraction        | 0.155       |
|    clip_range           | 0.2         |
|    entropy_loss         | -3.11       |
|    explained_variance   | 0.504       |
|    learning_rate        | 0.000122    |
|    loss                 | 0.0162      |
|    n_updates            | 644         |
|    policy_gradient_loss | 0.0071      |
|    std                  | 0.357       |
|    value_loss           | 0.0288      |
-----------------------------------------
Early stopping at step 1 due to reaching max kl: 0.03
----------------------------------------
| rollout/                |            |
|    ep_len_mean          | 869        |
|    ep_rew_mean          | 2.14e+03   |
| time/                   |            |
|    fps                  | 2659       |
|    iterations           | 546        |
|    time_elapsed         | 1681       |
|    total_timesteps      | 4472832    |
| train/                  |            |
|    approx_kl            | 0.01782327 |
|    clip_fraction        | 0.178      |
|    clip_range           | 0.2        |
|    entropy_loss         | -3.1       |
|    explained_variance   | 0.56       |
|    learning_rate        | 0.000121   |
|    loss                 | -0.00646   |
|    n_updates            | 646        |
|    policy_gradient_loss | 0.00209    |
|    std                  | 0.356      |
|    value_loss           | 0.00546    |
----------------------------------------
Early stopping at step 1 due to reaching max kl: 0.03
-----------------------------------------
| rollout/                |             |
|    ep_len_mean          | 875         |
|    ep_rew_mean          | 2.16e+03    |
| time/                   |             |
|    fps                  | 2659        |
|    iterations           | 547         |
|    time_elapsed         | 1684        |
|    total_timesteps      | 4481024     |
| train/                  |             |
|    approx_kl            | 0.016594823 |
|    clip_fraction        | 0.168       |
|    clip_range           | 0.2         |
|    entropy_loss         | -3.07       |
|    explained_variance   | 0.508       |
|    learning_rate        | 0.000121    |
|    loss                 | -0.0613     |
|    n_updates            | 648         |
|    policy_gradient_loss | 0.000705    |
|    std                  | 0.355       |
|    value_loss           | 0.00373     |
-----------------------------------------
Early stopping at step 1 due to reaching max kl: 0.03
-----------------------------------------
| rollout/                |             |
|    ep_len_mean          | 875         |
|    ep_rew_mean          | 2.16e+03    |
| time/                   |             |
|    fps                  | 2659        |
|    iterations           | 548         |
|    time_elapsed         | 1688        |
|    total_timesteps      | 4489216     |
| train/                  |             |
|    approx_kl            | 0.017699974 |
|    clip_fraction        | 0.198       |
|    clip_range           | 0.2         |
|    entropy_loss         | -3.03       |
|    explained_variance   | 0.673       |
|    learning_rate        | 0.000121    |
|    loss                 | -0.0215     |
|    n_updates            | 650         |
|    policy_gradient_loss | -0.0011     |
|    std                  | 0.353       |
|    value_loss           | 0.00337     |
-----------------------------------------
Early stopping at step 0 due to reaching max kl: 0.03
--------------------------------------
| rollout/                |          |
|    ep_len_mean          | 885      |
|    ep_rew_mean          | 2.18e+03 |
| time/                   |          |
|    fps                  | 2659     |
|    iterations           | 549      |
|    time_elapsed         | 1691     |
|    total_timesteps      | 4497408  |
| train/                  |          |
|    approx_kl            | 0.010881 |
|    clip_fraction        | 0.151    |
|    clip_range           | 0.2      |
|    entropy_loss         | -3.01    |
|    explained_variance   | 0.456    |
|    learning_rate        | 0.00012  |
|    loss                 | 0.00301  |
|    n_updates            | 651      |
|    policy_gradient_loss | 0.00831  |
|    std                  | 0.352    |
|    value_loss           | 0.0213   |
--------------------------------------
Early stopping at step 1 due to reaching max kl: 0.03
-----------------------------------------
| rollout/                |             |
|    ep_len_mean          | 874         |
|    ep_rew_mean          | 2.15e+03    |
| time/                   |             |
|    fps                  | 2658        |
|    iterations           | 550         |
|    time_elapsed         | 1694        |
|    total_timesteps      | 4505600     |
| train/                  |             |
|    approx_kl            | 0.019213427 |
|    clip_fraction        | 0.204       |
|    clip_range           | 0.2         |
|    entropy_loss         | -2.99       |
|    explained_variance   | 0.417       |
|    learning_rate        | 0.00012     |
|    loss                 | 0.00534     |
|    n_updates            | 653         |
|    policy_gradient_loss | 0.00134     |
|    std                  | 0.352       |
|    value_loss           | 0.0191      |
-----------------------------------------
Early stopping at step 1 due to reaching max kl: 0.03
----------------------------------------
| rollout/                |            |
|    ep_len_mean          | 898        |
|    ep_rew_mean          | 2.21e+03   |
| time/                   |            |
|    fps                  | 2658       |
|    iterations           | 551        |
|    time_elapsed         | 1697       |
|    total_timesteps      | 4513792    |
| train/                  |            |
|    approx_kl            | 0.02114032 |
|    clip_fraction        | 0.177      |
|    clip_range           | 0.2        |
|    entropy_loss         | -2.98      |
|    explained_variance   | 0.42       |
|    learning_rate        | 0.00012    |
|    loss                 | 0.0149     |
|    n_updates            | 655        |
|    policy_gradient_loss | 0.00269    |
|    std                  | 0.351      |
|    value_loss           | 0.0572     |
----------------------------------------
Early stopping at step 0 due to reaching max kl: 0.04
-----------------------------------------
| rollout/                |             |
|    ep_len_mean          | 905         |
|    ep_rew_mean          | 2.23e+03    |
| time/                   |             |
|    fps                  | 2658        |
|    iterations           | 552         |
|    time_elapsed         | 1700        |
|    total_timesteps      | 4521984     |
| train/                  |             |
|    approx_kl            | 0.012841299 |
|    clip_fraction        | 0.177       |
|    clip_range           | 0.2         |
|    entropy_loss         | -2.96       |
|    explained_variance   | 0.518       |
|    learning_rate        | 0.000119    |
|    loss                 | 0.0399      |
|    n_updates            | 656         |
|    policy_gradient_loss | 0.00418     |
|    std                  | 0.35        |
|    value_loss           | 0.018       |
-----------------------------------------
Early stopping at step 0 due to reaching max kl: 0.03
-----------------------------------------
| rollout/                |             |
|    ep_len_mean          | 900         |
|    ep_rew_mean          | 2.22e+03    |
| time/                   |             |
|    fps                  | 2658        |
|    iterations           | 553         |
|    time_elapsed         | 1704        |
|    total_timesteps      | 4530176     |
| train/                  |             |
|    approx_kl            | 0.011135949 |
|    clip_fraction        | 0.158       |
|    clip_range           | 0.2         |
|    entropy_loss         | -2.95       |
|    explained_variance   | 0.336       |
|    learning_rate        | 0.000119    |
|    loss                 | 0.0183      |
|    n_updates            | 657         |
|    policy_gradient_loss | 0.00375     |
|    std                  | 0.35        |
|    value_loss           | 0.0251      |
-----------------------------------------
Early stopping at step 1 due to reaching max kl: 0.03
-----------------------------------------
| rollout/                |             |
|    ep_len_mean          | 908         |
|    ep_rew_mean          | 2.24e+03    |
| time/                   |             |
|    fps                  | 2658        |
|    iterations           | 554         |
|    time_elapsed         | 1707        |
|    total_timesteps      | 4538368     |
| train/                  |             |
|    approx_kl            | 0.019239176 |
|    clip_fraction        | 0.193       |
|    clip_range           | 0.2         |
|    entropy_loss         | -2.93       |
|    explained_variance   | 0.426       |
|    learning_rate        | 0.000119    |
|    loss                 | -0.0245     |
|    n_updates            | 659         |
|    policy_gradient_loss | -0.000297   |
|    std                  | 0.349       |
|    value_loss           | 0.0267      |
-----------------------------------------
Early stopping at step 1 due to reaching max kl: 0.03
-----------------------------------------
| rollout/                |             |
|    ep_len_mean          | 904         |
|    ep_rew_mean          | 2.23e+03    |
| time/                   |             |
|    fps                  | 2658        |
|    iterations           | 555         |
|    time_elapsed         | 1710        |
|    total_timesteps      | 4546560     |
| train/                  |             |
|    approx_kl            | 0.022857955 |
|    clip_fraction        | 0.176       |
|    clip_range           | 0.2         |
|    entropy_loss         | -2.93       |
|    explained_variance   | 0.583       |
|    learning_rate        | 0.000118    |
|    loss                 | -0.0247     |
|    n_updates            | 661         |
|    policy_gradient_loss | 0.00362     |
|    std                  | 0.349       |
|    value_loss           | 0.0167      |
-----------------------------------------
Early stopping at step 1 due to reaching max kl: 0.03
-----------------------------------------
| rollout/                |             |
|    ep_len_mean          | 895         |
|    ep_rew_mean          | 2.22e+03    |
| time/                   |             |
|    fps                  | 2657        |
|    iterations           | 556         |
|    time_elapsed         | 1713        |
|    total_timesteps      | 4554752     |
| train/                  |             |
|    approx_kl            | 0.018675245 |
|    clip_fraction        | 0.197       |
|    clip_range           | 0.2         |
|    entropy_loss         | -2.91       |
|    explained_variance   | 0.401       |
|    learning_rate        | 0.000118    |
|    loss                 | 0.0814      |
|    n_updates            | 663         |
|    policy_gradient_loss | 0.00238     |
|    std                  | 0.348       |
|    value_loss           | 0.0418      |
-----------------------------------------
Early stopping at step 1 due to reaching max kl: 0.03
-----------------------------------------
| rollout/                |             |
|    ep_len_mean          | 884         |
|    ep_rew_mean          | 2.19e+03    |
| time/                   |             |
|    fps                  | 2657        |
|    iterations           | 557         |
|    time_elapsed         | 1717        |
|    total_timesteps      | 4562944     |
| train/                  |             |
|    approx_kl            | 0.021040905 |
|    clip_fraction        | 0.203       |
|    clip_range           | 0.2         |
|    entropy_loss         | -2.89       |
|    explained_variance   | 0.389       |
|    learning_rate        | 0.000118    |
|    loss                 | -0.0344     |
|    n_updates            | 665         |
|    policy_gradient_loss | -0.00129    |
|    std                  | 0.347       |
|    value_loss           | 0.0157      |
-----------------------------------------
Early stopping at step 0 due to reaching max kl: 0.04
----------------------------------------
| rollout/                |            |
|    ep_len_mean          | 865        |
|    ep_rew_mean          | 2.15e+03   |
| time/                   |            |
|    fps                  | 2657       |
|    iterations           | 558        |
|    time_elapsed         | 1720       |
|    total_timesteps      | 4571136    |
| train/                  |            |
|    approx_kl            | 0.01058302 |
|    clip_fraction        | 0.143      |
|    clip_range           | 0.2        |
|    entropy_loss         | -2.87      |
|    explained_variance   | 0.384      |
|    learning_rate        | 0.000117   |
|    loss                 | 0.0438     |
|    n_updates            | 666        |
|    policy_gradient_loss | 0.00537    |
|    std                  | 0.346      |
|    value_loss           | 0.0433     |
----------------------------------------
Early stopping at step 1 due to reaching max kl: 0.03
-----------------------------------------
| rollout/                |             |
|    ep_len_mean          | 844         |
|    ep_rew_mean          | 2.09e+03    |
| time/                   |             |
|    fps                  | 2657        |
|    iterations           | 559         |
|    time_elapsed         | 1723        |
|    total_timesteps      | 4579328     |
| train/                  |             |
|    approx_kl            | 0.023310892 |
|    clip_fraction        | 0.19        |
|    clip_range           | 0.2         |
|    entropy_loss         | -2.85       |
|    explained_variance   | 0.37        |
|    learning_rate        | 0.000117    |
|    loss                 | -0.0287     |
|    n_updates            | 668         |
|    policy_gradient_loss | 0.00468     |
|    std                  | 0.346       |
|    value_loss           | 0.0567      |
-----------------------------------------
Early stopping at step 1 due to reaching max kl: 0.03
-----------------------------------------
| rollout/                |             |
|    ep_len_mean          | 869         |
|    ep_rew_mean          | 2.16e+03    |
| time/                   |             |
|    fps                  | 2657        |
|    iterations           | 560         |
|    time_elapsed         | 1726        |
|    total_timesteps      | 4587520     |
| train/                  |             |
|    approx_kl            | 0.021956563 |
|    clip_fraction        | 0.174       |
|    clip_range           | 0.2         |
|    entropy_loss         | -2.84       |
|    explained_variance   | 0.462       |
|    learning_rate        | 0.000117    |
|    loss                 | -0.0182     |
|    n_updates            | 670         |
|    policy_gradient_loss | 0.00304     |
|    std                  | 0.345       |
|    value_loss           | 0.0404      |
-----------------------------------------
Early stopping at step 1 due to reaching max kl: 0.03
-----------------------------------------
| rollout/                |             |
|    ep_len_mean          | 871         |
|    ep_rew_mean          | 2.17e+03    |
| time/                   |             |
|    fps                  | 2657        |
|    iterations           | 561         |
|    time_elapsed         | 1729        |
|    total_timesteps      | 4595712     |
| train/                  |             |
|    approx_kl            | 0.021544378 |
|    clip_fraction        | 0.2         |
|    clip_range           | 0.2         |
|    entropy_loss         | -2.83       |
|    explained_variance   | 0.528       |
|    learning_rate        | 0.000116    |
|    loss                 | -0.0151     |
|    n_updates            | 672         |
|    policy_gradient_loss | -0.00135    |
|    std                  | 0.344       |
|    value_loss           | 0.00783     |
-----------------------------------------
Early stopping at step 1 due to reaching max kl: 0.03
-----------------------------------------
| rollout/                |             |
|    ep_len_mean          | 879         |
|    ep_rew_mean          | 2.19e+03    |
| time/                   |             |
|    fps                  | 2656        |
|    iterations           | 562         |
|    time_elapsed         | 1732        |
|    total_timesteps      | 4603904     |
| train/                  |             |
|    approx_kl            | 0.018077267 |
|    clip_fraction        | 0.195       |
|    clip_range           | 0.2         |
|    entropy_loss         | -2.8        |
|    explained_variance   | 0.641       |
|    learning_rate        | 0.000116    |
|    loss                 | 0.0161      |
|    n_updates            | 674         |
|    policy_gradient_loss | 0.00116     |
|    std                  | 0.343       |
|    value_loss           | 0.00544     |
-----------------------------------------
Early stopping at step 1 due to reaching max kl: 0.03
-----------------------------------------
| rollout/                |             |
|    ep_len_mean          | 865         |
|    ep_rew_mean          | 2.16e+03    |
| time/                   |             |
|    fps                  | 2656        |
|    iterations           | 563         |
|    time_elapsed         | 1736        |
|    total_timesteps      | 4612096     |
| train/                  |             |
|    approx_kl            | 0.020870665 |
|    clip_fraction        | 0.212       |
|    clip_range           | 0.2         |
|    entropy_loss         | -2.79       |
|    explained_variance   | 0.387       |
|    learning_rate        | 0.000116    |
|    loss                 | -0.00152    |
|    n_updates            | 676         |
|    policy_gradient_loss | -0.00486    |
|    std                  | 0.343       |
|    value_loss           | 0.0179      |
-----------------------------------------
Early stopping at step 1 due to reaching max kl: 0.03
-----------------------------------------
| rollout/                |             |
|    ep_len_mean          | 854         |
|    ep_rew_mean          | 2.13e+03    |
| time/                   |             |
|    fps                  | 2655        |
|    iterations           | 564         |
|    time_elapsed         | 1739        |
|    total_timesteps      | 4620288     |
| train/                  |             |
|    approx_kl            | 0.017960478 |
|    clip_fraction        | 0.212       |
|    clip_range           | 0.2         |
|    entropy_loss         | -2.76       |
|    explained_variance   | 0.335       |
|    learning_rate        | 0.000116    |
|    loss                 | -0.0203     |
|    n_updates            | 678         |
|    policy_gradient_loss | 0.000153    |
|    std                  | 0.341       |
|    value_loss           | 0.0279      |
-----------------------------------------
Early stopping at step 0 due to reaching max kl: 0.03
-----------------------------------------
| rollout/                |             |
|    ep_len_mean          | 867         |
|    ep_rew_mean          | 2.17e+03    |
| time/                   |             |
|    fps                  | 2655        |
|    iterations           | 565         |
|    time_elapsed         | 1742        |
|    total_timesteps      | 4628480     |
| train/                  |             |
|    approx_kl            | 0.012280286 |
|    clip_fraction        | 0.168       |
|    clip_range           | 0.2         |
|    entropy_loss         | -2.75       |
|    explained_variance   | 0.404       |
|    learning_rate        | 0.000115    |
|    loss                 | 0.0177      |
|    n_updates            | 679         |
|    policy_gradient_loss | 0.00502     |
|    std                  | 0.341       |
|    value_loss           | 0.0449      |
-----------------------------------------
Early stopping at step 1 due to reaching max kl: 0.03
-----------------------------------------
| rollout/                |             |
|    ep_len_mean          | 879         |
|    ep_rew_mean          | 2.2e+03     |
| time/                   |             |
|    fps                  | 2655        |
|    iterations           | 566         |
|    time_elapsed         | 1745        |
|    total_timesteps      | 4636672     |
| train/                  |             |
|    approx_kl            | 0.019582842 |
|    clip_fraction        | 0.178       |
|    clip_range           | 0.2         |
|    entropy_loss         | -2.73       |
|    explained_variance   | 0.39        |
|    learning_rate        | 0.000115    |
|    loss                 | -0.0316     |
|    n_updates            | 681         |
|    policy_gradient_loss | 0.000564    |
|    std                  | 0.34        |
|    value_loss           | 0.0193      |
-----------------------------------------
Early stopping at step 0 due to reaching max kl: 0.03
----------------------------------------
| rollout/                |            |
|    ep_len_mean          | 881        |
|    ep_rew_mean          | 2.2e+03    |
| time/                   |            |
|    fps                  | 2655       |
|    iterations           | 567        |
|    time_elapsed         | 1749       |
|    total_timesteps      | 4644864    |
| train/                  |            |
|    approx_kl            | 0.01190072 |
|    clip_fraction        | 0.165      |
|    clip_range           | 0.2        |
|    entropy_loss         | -2.71      |
|    explained_variance   | 0.52       |
|    learning_rate        | 0.000115   |
|    loss                 | 0.0235     |
|    n_updates            | 682        |
|    policy_gradient_loss | 0.00485    |
|    std                  | 0.34       |
|    value_loss           | 0.0172     |
----------------------------------------
Early stopping at step 1 due to reaching max kl: 0.03
-----------------------------------------
| rollout/                |             |
|    ep_len_mean          | 876         |
|    ep_rew_mean          | 2.19e+03    |
| time/                   |             |
|    fps                  | 2655        |
|    iterations           | 568         |
|    time_elapsed         | 1752        |
|    total_timesteps      | 4653056     |
| train/                  |             |
|    approx_kl            | 0.023727562 |
|    clip_fraction        | 0.172       |
|    clip_range           | 0.2         |
|    entropy_loss         | -2.7        |
|    explained_variance   | 0.503       |
|    learning_rate        | 0.000114    |
|    loss                 | 0.00283     |
|    n_updates            | 684         |
|    policy_gradient_loss | 0.00302     |
|    std                  | 0.339       |
|    value_loss           | 0.0192      |
-----------------------------------------
Early stopping at step 0 due to reaching max kl: 0.03
-----------------------------------------
| rollout/                |             |
|    ep_len_mean          | 880         |
|    ep_rew_mean          | 2.2e+03     |
| time/                   |             |
|    fps                  | 2655        |
|    iterations           | 569         |
|    time_elapsed         | 1755        |
|    total_timesteps      | 4661248     |
| train/                  |             |
|    approx_kl            | 0.009821736 |
|    clip_fraction        | 0.131       |
|    clip_range           | 0.2         |
|    entropy_loss         | -2.69       |
|    explained_variance   | 0.343       |
|    learning_rate        | 0.000114    |
|    loss                 | 0.0811      |
|    n_updates            | 685         |
|    policy_gradient_loss | 0.0021      |
|    std                  | 0.339       |
|    value_loss           | 0.042       |
-----------------------------------------
Early stopping at step 0 due to reaching max kl: 0.03
----------------------------------------
| rollout/                |            |
|    ep_len_mean          | 896        |
|    ep_rew_mean          | 2.24e+03   |
| time/                   |            |
|    fps                  | 2655       |
|    iterations           | 570        |
|    time_elapsed         | 1758       |
|    total_timesteps      | 4669440    |
| train/                  |            |
|    approx_kl            | 0.01139608 |
|    clip_fraction        | 0.154      |
|    clip_range           | 0.2        |
|    entropy_loss         | -2.68      |
|    explained_variance   | 0.426      |
|    learning_rate        | 0.000114   |
|    loss                 | 0.0403     |
|    n_updates            | 686        |
|    policy_gradient_loss | 0.00491    |
|    std                  | 0.338      |
|    value_loss           | 0.0393     |
----------------------------------------
Early stopping at step 0 due to reaching max kl: 0.04
-----------------------------------------
| rollout/                |             |
|    ep_len_mean          | 864         |
|    ep_rew_mean          | 2.17e+03    |
| time/                   |             |
|    fps                  | 2655        |
|    iterations           | 571         |
|    time_elapsed         | 1761        |
|    total_timesteps      | 4677632     |
| train/                  |             |
|    approx_kl            | 0.011752697 |
|    clip_fraction        | 0.157       |
|    clip_range           | 0.2         |
|    entropy_loss         | -2.67       |
|    explained_variance   | 0.531       |
|    learning_rate        | 0.000113    |
|    loss                 | -0.0129     |
|    n_updates            | 687         |
|    policy_gradient_loss | 0.00731     |
|    std                  | 0.338       |
|    value_loss           | 0.0169      |
-----------------------------------------
Early stopping at step 1 due to reaching max kl: 0.03
----------------------------------------
| rollout/                |            |
|    ep_len_mean          | 864        |
|    ep_rew_mean          | 2.17e+03   |
| time/                   |            |
|    fps                  | 2655       |
|    iterations           | 572        |
|    time_elapsed         | 1764       |
|    total_timesteps      | 4685824    |
| train/                  |            |
|    approx_kl            | 0.02651983 |
|    clip_fraction        | 0.165      |
|    clip_range           | 0.2        |
|    entropy_loss         | -2.67      |
|    explained_variance   | 0.37       |
|    learning_rate        | 0.000113   |
|    loss                 | 0.00207    |
|    n_updates            | 689        |
|    policy_gradient_loss | 0.00967    |
|    std                  | 0.338      |
|    value_loss           | 0.0576     |
----------------------------------------
Early stopping at step 1 due to reaching max kl: 0.03
-----------------------------------------
| rollout/                |             |
|    ep_len_mean          | 842         |
|    ep_rew_mean          | 2.11e+03    |
| time/                   |             |
|    fps                  | 2655        |
|    iterations           | 573         |
|    time_elapsed         | 1767        |
|    total_timesteps      | 4694016     |
| train/                  |             |
|    approx_kl            | 0.019669302 |
|    clip_fraction        | 0.2         |
|    clip_range           | 0.2         |
|    entropy_loss         | -2.65       |
|    explained_variance   | 0.62        |
|    learning_rate        | 0.000113    |
|    loss                 | 0.0179      |
|    n_updates            | 691         |
|    policy_gradient_loss | -0.0022     |
|    std                  | 0.337       |
|    value_loss           | 0.005       |
-----------------------------------------
Early stopping at step 1 due to reaching max kl: 0.03
----------------------------------------
| rollout/                |            |
|    ep_len_mean          | 869        |
|    ep_rew_mean          | 2.18e+03   |
| time/                   |            |
|    fps                  | 2655       |
|    iterations           | 574        |
|    time_elapsed         | 1770       |
|    total_timesteps      | 4702208    |
| train/                  |            |
|    approx_kl            | 0.02206452 |
|    clip_fraction        | 0.187      |
|    clip_range           | 0.2        |
|    entropy_loss         | -2.65      |
|    explained_variance   | 0.326      |
|    learning_rate        | 0.000112   |
|    loss                 | 0.0467     |
|    n_updates            | 693        |
|    policy_gradient_loss | 0.00362    |
|    std                  | 0.337      |
|    value_loss           | 0.0569     |
----------------------------------------
Early stopping at step 0 due to reaching max kl: 0.03
-----------------------------------------
| rollout/                |             |
|    ep_len_mean          | 879         |
|    ep_rew_mean          | 2.21e+03    |
| time/                   |             |
|    fps                  | 2655        |
|    iterations           | 575         |
|    time_elapsed         | 1773        |
|    total_timesteps      | 4710400     |
| train/                  |             |
|    approx_kl            | 0.009306899 |
|    clip_fraction        | 0.131       |
|    clip_range           | 0.2         |
|    entropy_loss         | -2.64       |
|    explained_variance   | 0.699       |
|    learning_rate        | 0.000112    |
|    loss                 | 0.000942    |
|    n_updates            | 694         |
|    policy_gradient_loss | 0.00218     |
|    std                  | 0.337       |
|    value_loss           | 0.00529     |
-----------------------------------------
Early stopping at step 1 due to reaching max kl: 0.03
-----------------------------------------
| rollout/                |             |
|    ep_len_mean          | 866         |
|    ep_rew_mean          | 2.18e+03    |
| time/                   |             |
|    fps                  | 2655        |
|    iterations           | 576         |
|    time_elapsed         | 1777        |
|    total_timesteps      | 4718592     |
| train/                  |             |
|    approx_kl            | 0.018582514 |
|    clip_fraction        | 0.176       |
|    clip_range           | 0.2         |
|    entropy_loss         | -2.63       |
|    explained_variance   | 0.338       |
|    learning_rate        | 0.000112    |
|    loss                 | -0.0191     |
|    n_updates            | 696         |
|    policy_gradient_loss | -0.000741   |
|    std                  | 0.336       |
|    value_loss           | 0.0218      |
-----------------------------------------
Early stopping at step 0 due to reaching max kl: 0.03
-----------------------------------------
| rollout/                |             |
|    ep_len_mean          | 857         |
|    ep_rew_mean          | 2.16e+03    |
| time/                   |             |
|    fps                  | 2655        |
|    iterations           | 577         |
|    time_elapsed         | 1780        |
|    total_timesteps      | 4726784     |
| train/                  |             |
|    approx_kl            | 0.011605885 |
|    clip_fraction        | 0.159       |
|    clip_range           | 0.2         |
|    entropy_loss         | -2.62       |
|    explained_variance   | 0.373       |
|    learning_rate        | 0.000111    |
|    loss                 | -0.0104     |
|    n_updates            | 697         |
|    policy_gradient_loss | 0.00234     |
|    std                  | 0.335       |
|    value_loss           | 0.0321      |
-----------------------------------------
Early stopping at step 1 due to reaching max kl: 0.03
-----------------------------------------
| rollout/                |             |
|    ep_len_mean          | 852         |
|    ep_rew_mean          | 2.15e+03    |
| time/                   |             |
|    fps                  | 2654        |
|    iterations           | 578         |
|    time_elapsed         | 1783        |
|    total_timesteps      | 4734976     |
| train/                  |             |
|    approx_kl            | 0.020339528 |
|    clip_fraction        | 0.216       |
|    clip_range           | 0.2         |
|    entropy_loss         | -2.59       |
|    explained_variance   | 0.482       |
|    learning_rate        | 0.000111    |
|    loss                 | -0.0255     |
|    n_updates            | 699         |
|    policy_gradient_loss | -0.00306    |
|    std                  | 0.334       |
|    value_loss           | 0.0189      |
-----------------------------------------
Early stopping at step 0 due to reaching max kl: 0.03
----------------------------------------
| rollout/                |            |
|    ep_len_mean          | 867        |
|    ep_rew_mean          | 2.18e+03   |
| time/                   |            |
|    fps                  | 2654       |
|    iterations           | 579        |
|    time_elapsed         | 1786       |
|    total_timesteps      | 4743168    |
| train/                  |            |
|    approx_kl            | 0.01111973 |
|    clip_fraction        | 0.15       |
|    clip_range           | 0.2        |
|    entropy_loss         | -2.58      |
|    explained_variance   | 0.402      |
|    learning_rate        | 0.000111   |
|    loss                 | 0.00084    |
|    n_updates            | 700        |
|    policy_gradient_loss | 0.00327    |
|    std                  | 0.334      |
|    value_loss           | 0.0323     |
----------------------------------------
Early stopping at step 1 due to reaching max kl: 0.03
-----------------------------------------
| rollout/                |             |
|    ep_len_mean          | 859         |
|    ep_rew_mean          | 2.17e+03    |
| time/                   |             |
|    fps                  | 2654        |
|    iterations           | 580         |
|    time_elapsed         | 1789        |
|    total_timesteps      | 4751360     |
| train/                  |             |
|    approx_kl            | 0.024891848 |
|    clip_fraction        | 0.167       |
|    clip_range           | 0.2         |
|    entropy_loss         | -2.56       |
|    explained_variance   | 0.493       |
|    learning_rate        | 0.00011     |
|    loss                 | -0.0189     |
|    n_updates            | 702         |
|    policy_gradient_loss | 0.00315     |
|    std                  | 0.333       |
|    value_loss           | 0.0172      |
-----------------------------------------
Early stopping at step 1 due to reaching max kl: 0.03
----------------------------------------
| rollout/                |            |
|    ep_len_mean          | 854        |
|    ep_rew_mean          | 2.16e+03   |
| time/                   |            |
|    fps                  | 2654       |
|    iterations           | 581        |
|    time_elapsed         | 1793       |
|    total_timesteps      | 4759552    |
| train/                  |            |
|    approx_kl            | 0.02063965 |
|    clip_fraction        | 0.198      |
|    clip_range           | 0.2        |
|    entropy_loss         | -2.55      |
|    explained_variance   | 0.314      |
|    learning_rate        | 0.00011    |
|    loss                 | 0.0241     |
|    n_updates            | 704        |
|    policy_gradient_loss | 0.00153    |
|    std                  | 0.333      |
|    value_loss           | 0.0338     |
----------------------------------------
Early stopping at step 1 due to reaching max kl: 0.03
-----------------------------------------
| rollout/                |             |
|    ep_len_mean          | 852         |
|    ep_rew_mean          | 2.15e+03    |
| time/                   |             |
|    fps                  | 2654        |
|    iterations           | 582         |
|    time_elapsed         | 1796        |
|    total_timesteps      | 4767744     |
| train/                  |             |
|    approx_kl            | 0.019850163 |
|    clip_fraction        | 0.184       |
|    clip_range           | 0.2         |
|    entropy_loss         | -2.54       |
|    explained_variance   | 0.326       |
|    learning_rate        | 0.00011     |
|    loss                 | 0.0752      |
|    n_updates            | 706         |
|    policy_gradient_loss | 0.00405     |
|    std                  | 0.333       |
|    value_loss           | 0.0599      |
-----------------------------------------
Early stopping at step 1 due to reaching max kl: 0.03
---------------------------------------
| rollout/                |           |
|    ep_len_mean          | 853       |
|    ep_rew_mean          | 2.16e+03  |
| time/                   |           |
|    fps                  | 2653      |
|    iterations           | 583       |
|    time_elapsed         | 1799      |
|    total_timesteps      | 4775936   |
| train/                  |           |
|    approx_kl            | 0.0187191 |
|    clip_fraction        | 0.161     |
|    clip_range           | 0.2       |
|    entropy_loss         | -2.53     |
|    explained_variance   | 0.479     |
|    learning_rate        | 0.000109  |
|    loss                 | -0.0384   |
|    n_updates            | 708       |
|    policy_gradient_loss | 0.00277   |
|    std                  | 0.332     |
|    value_loss           | 0.0182    |
---------------------------------------
Early stopping at step 0 due to reaching max kl: 0.03
[Progress] Training 3/6: 4,776,464/5,000,000 steps (95.5%); 3 full runs remain afterward; rough training ETA 1h 36m.
-----------------------------------------
| rollout/                |             |
|    ep_len_mean          | 841         |
|    ep_rew_mean          | 2.14e+03    |
| time/                   |             |
|    fps                  | 2653        |
|    iterations           | 584         |
|    time_elapsed         | 1802        |
|    total_timesteps      | 4784128     |
| train/                  |             |
|    approx_kl            | 0.011792159 |
|    clip_fraction        | 0.166       |
|    clip_range           | 0.2         |
|    entropy_loss         | -2.53       |
|    explained_variance   | 0.266       |
|    learning_rate        | 0.000109    |
|    loss                 | 0.053       |
|    n_updates            | 709         |
|    policy_gradient_loss | 0.00346     |
|    std                  | 0.332       |
|    value_loss           | 0.0519      |
-----------------------------------------
Early stopping at step 1 due to reaching max kl: 0.03
-----------------------------------------
| rollout/                |             |
|    ep_len_mean          | 839         |
|    ep_rew_mean          | 2.13e+03    |
| time/                   |             |
|    fps                  | 2653        |
|    iterations           | 585         |
|    time_elapsed         | 1805        |
|    total_timesteps      | 4792320     |
| train/                  |             |
|    approx_kl            | 0.017561123 |
|    clip_fraction        | 0.174       |
|    clip_range           | 0.2         |
|    entropy_loss         | -2.52       |
|    explained_variance   | 0.297       |
|    learning_rate        | 0.000109    |
|    loss                 | 0.0145      |
|    n_updates            | 711         |
|    policy_gradient_loss | 0.00121     |
|    std                  | 0.331       |
|    value_loss           | 0.037       |
-----------------------------------------
Early stopping at step 1 due to reaching max kl: 0.03
-----------------------------------------
| rollout/                |             |
|    ep_len_mean          | 856         |
|    ep_rew_mean          | 2.18e+03    |
| time/                   |             |
|    fps                  | 2653        |
|    iterations           | 586         |
|    time_elapsed         | 1809        |
|    total_timesteps      | 4800512     |
| train/                  |             |
|    approx_kl            | 0.022959858 |
|    clip_fraction        | 0.169       |
|    clip_range           | 0.2         |
|    entropy_loss         | -2.5        |
|    explained_variance   | 0.466       |
|    learning_rate        | 0.000108    |
|    loss                 | -0.014      |
|    n_updates            | 713         |
|    policy_gradient_loss | 0.00434     |
|    std                  | 0.331       |
|    value_loss           | 0.0203      |
-----------------------------------------
Early stopping at step 1 due to reaching max kl: 0.03
----------------------------------------
| rollout/                |            |
|    ep_len_mean          | 853        |
|    ep_rew_mean          | 2.17e+03   |
| time/                   |            |
|    fps                  | 2653       |
|    iterations           | 587        |
|    time_elapsed         | 1812       |
|    total_timesteps      | 4808704    |
| train/                  |            |
|    approx_kl            | 0.01831459 |
|    clip_fraction        | 0.21       |
|    clip_range           | 0.2        |
|    entropy_loss         | -2.49      |
|    explained_variance   | 0.491      |
|    learning_rate        | 0.000108   |
|    loss                 | 0.0118     |
|    n_updates            | 715        |
|    policy_gradient_loss | -0.00149   |
|    std                  | 0.33       |
|    value_loss           | 0.0176     |
----------------------------------------
Early stopping at step 1 due to reaching max kl: 0.04
-----------------------------------------
| rollout/                |             |
|    ep_len_mean          | 850         |
|    ep_rew_mean          | 2.17e+03    |
| time/                   |             |
|    fps                  | 2652        |
|    iterations           | 588         |
|    time_elapsed         | 1815        |
|    total_timesteps      | 4816896     |
| train/                  |             |
|    approx_kl            | 0.014613377 |
|    clip_fraction        | 0.164       |
|    clip_range           | 0.2         |
|    entropy_loss         | -2.47       |
|    explained_variance   | 0.152       |
|    learning_rate        | 0.000108    |
|    loss                 | -0.0161     |
|    n_updates            | 717         |
|    policy_gradient_loss | 0.00355     |
|    std                  | 0.329       |
|    value_loss           | 0.0198      |
-----------------------------------------
Early stopping at step 1 due to reaching max kl: 0.03
-----------------------------------------
| rollout/                |             |
|    ep_len_mean          | 857         |
|    ep_rew_mean          | 2.19e+03    |
| time/                   |             |
|    fps                  | 2652        |
|    iterations           | 589         |
|    time_elapsed         | 1818        |
|    total_timesteps      | 4825088     |
| train/                  |             |
|    approx_kl            | 0.018872276 |
|    clip_fraction        | 0.186       |
|    clip_range           | 0.2         |
|    entropy_loss         | -2.46       |
|    explained_variance   | 0.447       |
|    learning_rate        | 0.000107    |
|    loss                 | -0.012      |
|    n_updates            | 719         |
|    policy_gradient_loss | 4.18e-05    |
|    std                  | 0.329       |
|    value_loss           | 0.0354      |
-----------------------------------------
Early stopping at step 1 due to reaching max kl: 0.03
-----------------------------------------
| rollout/                |             |
|    ep_len_mean          | 870         |
|    ep_rew_mean          | 2.22e+03    |
| time/                   |             |
|    fps                  | 2652        |
|    iterations           | 590         |
|    time_elapsed         | 1822        |
|    total_timesteps      | 4833280     |
| train/                  |             |
|    approx_kl            | 0.019650409 |
|    clip_fraction        | 0.177       |
|    clip_range           | 0.2         |
|    entropy_loss         | -2.44       |
|    explained_variance   | 0.309       |
|    learning_rate        | 0.000107    |
|    loss                 | -0.0212     |
|    n_updates            | 721         |
|    policy_gradient_loss | 0.00244     |
|    std                  | 0.329       |
|    value_loss           | 0.0208      |
-----------------------------------------
Early stopping at step 2 due to reaching max kl: 0.03
-----------------------------------------
| rollout/                |             |
|    ep_len_mean          | 877         |
|    ep_rew_mean          | 2.24e+03    |
| time/                   |             |
|    fps                  | 2652        |
|    iterations           | 591         |
|    time_elapsed         | 1825        |
|    total_timesteps      | 4841472     |
| train/                  |             |
|    approx_kl            | 0.023165658 |
|    clip_fraction        | 0.207       |
|    clip_range           | 0.2         |
|    entropy_loss         | -2.42       |
|    explained_variance   | 0.714       |
|    learning_rate        | 0.000107    |
|    loss                 | -0.0633     |
|    n_updates            | 724         |
|    policy_gradient_loss | -0.00423    |
|    std                  | 0.327       |
|    value_loss           | 0.00424     |
-----------------------------------------
Early stopping at step 1 due to reaching max kl: 0.04
-----------------------------------------
| rollout/                |             |
|    ep_len_mean          | 878         |
|    ep_rew_mean          | 2.24e+03    |
| time/                   |             |
|    fps                  | 2652        |
|    iterations           | 592         |
|    time_elapsed         | 1828        |
|    total_timesteps      | 4849664     |
| train/                  |             |
|    approx_kl            | 0.033092413 |
|    clip_fraction        | 0.164       |
|    clip_range           | 0.2         |
|    entropy_loss         | -2.4        |
|    explained_variance   | 0.32        |
|    learning_rate        | 0.000106    |
|    loss                 | -0.0215     |
|    n_updates            | 726         |
|    policy_gradient_loss | 0.00399     |
|    std                  | 0.327       |
|    value_loss           | 0.0416      |
-----------------------------------------
Early stopping at step 1 due to reaching max kl: 0.03
-----------------------------------------
| rollout/                |             |
|    ep_len_mean          | 865         |
|    ep_rew_mean          | 2.21e+03    |
| time/                   |             |
|    fps                  | 2651        |
|    iterations           | 593         |
|    time_elapsed         | 1831        |
|    total_timesteps      | 4857856     |
| train/                  |             |
|    approx_kl            | 0.020407723 |
|    clip_fraction        | 0.168       |
|    clip_range           | 0.2         |
|    entropy_loss         | -2.4        |
|    explained_variance   | 0.314       |
|    learning_rate        | 0.000106    |
|    loss                 | 0.00184     |
|    n_updates            | 728         |
|    policy_gradient_loss | 0.00671     |
|    std                  | 0.327       |
|    value_loss           | 0.0483      |
-----------------------------------------
Early stopping at step 1 due to reaching max kl: 0.03
----------------------------------------
| rollout/                |            |
|    ep_len_mean          | 868        |
|    ep_rew_mean          | 2.22e+03   |
| time/                   |            |
|    fps                  | 2651       |
|    iterations           | 594        |
|    time_elapsed         | 1834       |
|    total_timesteps      | 4866048    |
| train/                  |            |
|    approx_kl            | 0.02340121 |
|    clip_fraction        | 0.165      |
|    clip_range           | 0.2        |
|    entropy_loss         | -2.39      |
|    explained_variance   | 0.278      |
|    learning_rate        | 0.000106   |
|    loss                 | -0.0131    |
|    n_updates            | 730        |
|    policy_gradient_loss | 0.00582    |
|    std                  | 0.326      |
|    value_loss           | 0.0558     |
----------------------------------------
Early stopping at step 0 due to reaching max kl: 0.03
-----------------------------------------
| rollout/                |             |
|    ep_len_mean          | 862         |
|    ep_rew_mean          | 2.21e+03    |
| time/                   |             |
|    fps                  | 2652        |
|    iterations           | 595         |
|    time_elapsed         | 1837        |
|    total_timesteps      | 4874240     |
| train/                  |             |
|    approx_kl            | 0.009413427 |
|    clip_fraction        | 0.121       |
|    clip_range           | 0.2         |
|    entropy_loss         | -2.38       |
|    explained_variance   | 0.24        |
|    learning_rate        | 0.000105    |
|    loss                 | 0.00723     |
|    n_updates            | 731         |
|    policy_gradient_loss | 0.00406     |
|    std                  | 0.326       |
|    value_loss           | 0.0693      |
-----------------------------------------
Early stopping at step 2 due to reaching max kl: 0.04
-----------------------------------------
| rollout/                |             |
|    ep_len_mean          | 852         |
|    ep_rew_mean          | 2.18e+03    |
| time/                   |             |
|    fps                  | 2651        |
|    iterations           | 596         |
|    time_elapsed         | 1841        |
|    total_timesteps      | 4882432     |
| train/                  |             |
|    approx_kl            | 0.019505404 |
|    clip_fraction        | 0.217       |
|    clip_range           | 0.2         |
|    entropy_loss         | -2.37       |
|    explained_variance   | 0.26        |
|    learning_rate        | 0.000105    |
|    loss                 | 0.0286      |
|    n_updates            | 734         |
|    policy_gradient_loss | -0.00275    |
|    std                  | 0.325       |
|    value_loss           | 0.0288      |
-----------------------------------------
Early stopping at step 1 due to reaching max kl: 0.03
-----------------------------------------
| rollout/                |             |
|    ep_len_mean          | 855         |
|    ep_rew_mean          | 2.19e+03    |
| time/                   |             |
|    fps                  | 2651        |
|    iterations           | 597         |
|    time_elapsed         | 1844        |
|    total_timesteps      | 4890624     |
| train/                  |             |
|    approx_kl            | 0.020595877 |
|    clip_fraction        | 0.186       |
|    clip_range           | 0.2         |
|    entropy_loss         | -2.35       |
|    explained_variance   | 0.428       |
|    learning_rate        | 0.000105    |
|    loss                 | -0.0309     |
|    n_updates            | 736         |
|    policy_gradient_loss | 0.00182     |
|    std                  | 0.325       |
|    value_loss           | 0.0302      |
-----------------------------------------
Early stopping at step 1 due to reaching max kl: 0.03
----------------------------------------
| rollout/                |            |
|    ep_len_mean          | 842        |
|    ep_rew_mean          | 2.16e+03   |
| time/                   |            |
|    fps                  | 2651       |
|    iterations           | 598        |
|    time_elapsed         | 1847       |
|    total_timesteps      | 4898816    |
| train/                  |            |
|    approx_kl            | 0.01976677 |
|    clip_fraction        | 0.175      |
|    clip_range           | 0.2        |
|    entropy_loss         | -2.33      |
|    explained_variance   | -0.193     |
|    learning_rate        | 0.000104   |
|    loss                 | -0.00716   |
|    n_updates            | 738        |
|    policy_gradient_loss | 0.00103    |
|    std                  | 0.324      |
|    value_loss           | 0.00468    |
----------------------------------------
Early stopping at step 1 due to reaching max kl: 0.03
----------------------------------------
| rollout/                |            |
|    ep_len_mean          | 838        |
|    ep_rew_mean          | 2.15e+03   |
| time/                   |            |
|    fps                  | 2651       |
|    iterations           | 599        |
|    time_elapsed         | 1850       |
|    total_timesteps      | 4907008    |
| train/                  |            |
|    approx_kl            | 0.01992163 |
|    clip_fraction        | 0.179      |
|    clip_range           | 0.2        |
|    entropy_loss         | -2.31      |
|    explained_variance   | 0.346      |
|    learning_rate        | 0.000104   |
|    loss                 | -0.000349  |
|    n_updates            | 740        |
|    policy_gradient_loss | 0.00235    |
|    std                  | 0.323      |
|    value_loss           | 0.0319     |
----------------------------------------
Early stopping at step 1 due to reaching max kl: 0.03
-----------------------------------------
| rollout/                |             |
|    ep_len_mean          | 810         |
|    ep_rew_mean          | 2.08e+03    |
| time/                   |             |
|    fps                  | 2650        |
|    iterations           | 600         |
|    time_elapsed         | 1854        |
|    total_timesteps      | 4915200     |
| train/                  |             |
|    approx_kl            | 0.024628138 |
|    clip_fraction        | 0.185       |
|    clip_range           | 0.2         |
|    entropy_loss         | -2.3        |
|    explained_variance   | 0.385       |
|    learning_rate        | 0.000104    |
|    loss                 | 0.0487      |
|    n_updates            | 742         |
|    policy_gradient_loss | 0.00377     |
|    std                  | 0.323       |
|    value_loss           | 0.0448      |
-----------------------------------------
Early stopping at step 1 due to reaching max kl: 0.03
-----------------------------------------
| rollout/                |             |
|    ep_len_mean          | 815         |
|    ep_rew_mean          | 2.1e+03     |
| time/                   |             |
|    fps                  | 2650        |
|    iterations           | 601         |
|    time_elapsed         | 1857        |
|    total_timesteps      | 4923392     |
| train/                  |             |
|    approx_kl            | 0.019769097 |
|    clip_fraction        | 0.189       |
|    clip_range           | 0.2         |
|    entropy_loss         | -2.3        |
|    explained_variance   | 0.353       |
|    learning_rate        | 0.000103    |
|    loss                 | 0.0617      |
|    n_updates            | 744         |
|    policy_gradient_loss | 0.00414     |
|    std                  | 0.323       |
|    value_loss           | 0.0701      |
-----------------------------------------
Early stopping at step 1 due to reaching max kl: 0.03
-----------------------------------------
| rollout/                |             |
|    ep_len_mean          | 813         |
|    ep_rew_mean          | 2.09e+03    |
| time/                   |             |
|    fps                  | 2650        |
|    iterations           | 602         |
|    time_elapsed         | 1860        |
|    total_timesteps      | 4931584     |
| train/                  |             |
|    approx_kl            | 0.018808002 |
|    clip_fraction        | 0.162       |
|    clip_range           | 0.2         |
|    entropy_loss         | -2.3        |
|    explained_variance   | 0.358       |
|    learning_rate        | 0.000103    |
|    loss                 | -0.0168     |
|    n_updates            | 746         |
|    policy_gradient_loss | 0.00579     |
|    std                  | 0.323       |
|    value_loss           | 0.0338      |
-----------------------------------------
Early stopping at step 0 due to reaching max kl: 0.04
-----------------------------------------
| rollout/                |             |
|    ep_len_mean          | 824         |
|    ep_rew_mean          | 2.12e+03    |
| time/                   |             |
|    fps                  | 2650        |
|    iterations           | 603         |
|    time_elapsed         | 1863        |
|    total_timesteps      | 4939776     |
| train/                  |             |
|    approx_kl            | 0.013085016 |
|    clip_fraction        | 0.179       |
|    clip_range           | 0.2         |
|    entropy_loss         | -2.29       |
|    explained_variance   | 0.479       |
|    learning_rate        | 0.000103    |
|    loss                 | 0.079       |
|    n_updates            | 747         |
|    policy_gradient_loss | 0.00349     |
|    std                  | 0.322       |
|    value_loss           | 0.0425      |
-----------------------------------------
Early stopping at step 1 due to reaching max kl: 0.04
-----------------------------------------
| rollout/                |             |
|    ep_len_mean          | 837         |
|    ep_rew_mean          | 2.15e+03    |
| time/                   |             |
|    fps                  | 2650        |
|    iterations           | 604         |
|    time_elapsed         | 1866        |
|    total_timesteps      | 4947968     |
| train/                  |             |
|    approx_kl            | 0.019321224 |
|    clip_fraction        | 0.194       |
|    clip_range           | 0.2         |
|    entropy_loss         | -2.28       |
|    explained_variance   | 0.391       |
|    learning_rate        | 0.000102    |
|    loss                 | -0.0276     |
|    n_updates            | 749         |
|    policy_gradient_loss | -0.00166    |
|    std                  | 0.322       |
|    value_loss           | 0.0267      |
-----------------------------------------
Early stopping at step 2 due to reaching max kl: 0.04
-----------------------------------------
| rollout/                |             |
|    ep_len_mean          | 819         |
|    ep_rew_mean          | 2.11e+03    |
| time/                   |             |
|    fps                  | 2649        |
|    iterations           | 605         |
|    time_elapsed         | 1870        |
|    total_timesteps      | 4956160     |
| train/                  |             |
|    approx_kl            | 0.020285616 |
|    clip_fraction        | 0.211       |
|    clip_range           | 0.2         |
|    entropy_loss         | -2.26       |
|    explained_variance   | 0.293       |
|    learning_rate        | 0.000102    |
|    loss                 | -0.0251     |
|    n_updates            | 752         |
|    policy_gradient_loss | -0.00445    |
|    std                  | 0.321       |
|    value_loss           | 0.0182      |
-----------------------------------------
Early stopping at step 1 due to reaching max kl: 0.03
-----------------------------------------
| rollout/                |             |
|    ep_len_mean          | 831         |
|    ep_rew_mean          | 2.14e+03    |
| time/                   |             |
|    fps                  | 2649        |
|    iterations           | 606         |
|    time_elapsed         | 1873        |
|    total_timesteps      | 4964352     |
| train/                  |             |
|    approx_kl            | 0.019300912 |
|    clip_fraction        | 0.188       |
|    clip_range           | 0.2         |
|    entropy_loss         | -2.24       |
|    explained_variance   | 0.351       |
|    learning_rate        | 0.000102    |
|    loss                 | -0.000909   |
|    n_updates            | 754         |
|    policy_gradient_loss | -0.000238   |
|    std                  | 0.32        |
|    value_loss           | 0.044       |
-----------------------------------------
Early stopping at step 1 due to reaching max kl: 0.03
-----------------------------------------
| rollout/                |             |
|    ep_len_mean          | 824         |
|    ep_rew_mean          | 2.12e+03    |
| time/                   |             |
|    fps                  | 2649        |
|    iterations           | 607         |
|    time_elapsed         | 1877        |
|    total_timesteps      | 4972544     |
| train/                  |             |
|    approx_kl            | 0.019460712 |
|    clip_fraction        | 0.211       |
|    clip_range           | 0.2         |
|    entropy_loss         | -2.23       |
|    explained_variance   | 0.259       |
|    learning_rate        | 0.000101    |
|    loss                 | -0.00672    |
|    n_updates            | 756         |
|    policy_gradient_loss | -0.000684   |
|    std                  | 0.319       |
|    value_loss           | 0.0308      |
-----------------------------------------
Early stopping at step 0 due to reaching max kl: 0.03
-----------------------------------------
| rollout/                |             |
|    ep_len_mean          | 828         |
|    ep_rew_mean          | 2.14e+03    |
| time/                   |             |
|    fps                  | 2649        |
|    iterations           | 608         |
|    time_elapsed         | 1880        |
|    total_timesteps      | 4980736     |
| train/                  |             |
|    approx_kl            | 0.010996525 |
|    clip_fraction        | 0.149       |
|    clip_range           | 0.2         |
|    entropy_loss         | -2.21       |
|    explained_variance   | 0.315       |
|    learning_rate        | 0.000101    |
|    loss                 | 0.00812     |
|    n_updates            | 757         |
|    policy_gradient_loss | 0.00498     |
|    std                  | 0.319       |
|    value_loss           | 0.0199      |
-----------------------------------------
Early stopping at step 1 due to reaching max kl: 0.03
-----------------------------------------
| rollout/                |             |
|    ep_len_mean          | 847         |
|    ep_rew_mean          | 2.19e+03    |
| time/                   |             |
|    fps                  | 2648        |
|    iterations           | 609         |
|    time_elapsed         | 1883        |
|    total_timesteps      | 4988928     |
| train/                  |             |
|    approx_kl            | 0.017953234 |
|    clip_fraction        | 0.195       |
|    clip_range           | 0.2         |
|    entropy_loss         | -2.2        |
|    explained_variance   | 0.441       |
|    learning_rate        | 0.000101    |
|    loss                 | -0.0372     |
|    n_updates            | 759         |
|    policy_gradient_loss | 0.000452    |
|    std                  | 0.319       |
|    value_loss           | 0.0305      |
-----------------------------------------
Early stopping at step 1 due to reaching max kl: 0.03
-----------------------------------------
| rollout/                |             |
|    ep_len_mean          | 856         |
|    ep_rew_mean          | 2.22e+03    |
| time/                   |             |
|    fps                  | 2648        |
|    iterations           | 610         |
|    time_elapsed         | 1886        |
|    total_timesteps      | 4997120     |
| train/                  |             |
|    approx_kl            | 0.018127771 |
|    clip_fraction        | 0.189       |
|    clip_range           | 0.2         |
|    entropy_loss         | -2.19       |
|    explained_variance   | -0.215      |
|    learning_rate        | 0.0001      |
|    loss                 | 0.000118    |
|    n_updates            | 761         |
|    policy_gradient_loss | -0.00219    |
|    std                  | 0.318       |
|    value_loss           | 0.00474     |
-----------------------------------------
Early stopping at step 1 due to reaching max kl: 0.03
-----------------------------------------
| rollout/                |             |
|    ep_len_mean          | 873         |
|    ep_rew_mean          | 2.26e+03    |
| time/                   |             |
|    fps                  | 2648        |
|    iterations           | 611         |
|    time_elapsed         | 1890        |
|    total_timesteps      | 5005312     |
| train/                  |             |
|    approx_kl            | 0.018624872 |
|    clip_fraction        | 0.193       |
|    clip_range           | 0.2         |
|    entropy_loss         | -2.17       |
|    explained_variance   | 0.134       |
|    learning_rate        | 0.0001      |
|    loss                 | -0.019      |
|    n_updates            | 763         |
|    policy_gradient_loss | -0.00174    |
|    std                  | 0.317       |
|    value_loss           | 0.00377     |
-----------------------------------------
Early stopping at step 1 due to reaching max kl: 0.03
-----------------------------------------
| train/                  |             |
|    approx_kl            | 0.018317245 |
|    clip_fraction        | 0.204       |
|    clip_range           | 0.2         |
|    entropy_loss         | -2.15       |
|    explained_variance   | 0.249       |
|    learning_rate        | 9.98e-05    |
|    loss                 | 0.0193      |
|    n_updates            | 765         |
|    policy_gradient_loss | -0.00252    |
|    std                  | 0.316       |
|    value_loss           | 0.0379      |
-----------------------------------------
Finished actual_steps=5005312 elapsed=1890.6s fps=2647
Model: artifacts/final/nominal_seed_7/final_model.zip
