Training condition=nominal seed=6 requested_steps=5000000 num_envs=4
Using cpu device
Logging to artifacts/final/nominal_seed_6/tensorboard/PPO_1
[Progress] Plain-language training summaries will appear about every five minutes.
---------------------------------
| rollout/           |          |
|    ep_len_mean     | 87.9     |
|    ep_rew_mean     | 81.1     |
| time/              |          |
|    fps             | 2939     |
|    iterations      | 1        |
|    time_elapsed    | 2        |
|    total_timesteps | 8192     |
---------------------------------
Early stopping at step 1 due to reaching max kl: 0.03
-----------------------------------------
| rollout/                |             |
|    ep_len_mean          | 83.5        |
|    ep_rew_mean          | 74.3        |
| time/                   |             |
|    fps                  | 2686        |
|    iterations           | 2           |
|    time_elapsed         | 6           |
|    total_timesteps      | 16384       |
| train/                  |             |
|    approx_kl            | 0.012820306 |
|    clip_fraction        | 0.131       |
|    clip_range           | 0.2         |
|    entropy_loss         | -11.3       |
|    explained_variance   | -1.56       |
|    learning_rate        | 0.0003      |
|    loss                 | 0.0727      |
|    n_updates            | 2           |
|    policy_gradient_loss | -0.00274    |
|    std                  | 0.996       |
|    value_loss           | 0.196       |
-----------------------------------------
Early stopping at step 3 due to reaching max kl: 0.04
-----------------------------------------
| rollout/                |             |
|    ep_len_mean          | 108         |
|    ep_rew_mean          | 98.7        |
| time/                   |             |
|    fps                  | 2491        |
|    iterations           | 3           |
|    time_elapsed         | 9           |
|    total_timesteps      | 24576       |
| train/                  |             |
|    approx_kl            | 0.020593137 |
|    clip_fraction        | 0.211       |
|    clip_range           | 0.2         |
|    entropy_loss         | -11.3       |
|    explained_variance   | 0.0415      |
|    learning_rate        | 0.000299    |
|    loss                 | 0.0203      |
|    n_updates            | 6           |
|    policy_gradient_loss | -0.0133     |
|    std                  | 0.989       |
|    value_loss           | 0.0535      |
-----------------------------------------
Early stopping at step 1 due to reaching max kl: 0.03
----------------------------------------
| rollout/                |            |
|    ep_len_mean          | 111        |
|    ep_rew_mean          | 105        |
| time/                   |            |
|    fps                  | 2501       |
|    iterations           | 4          |
|    time_elapsed         | 13         |
|    total_timesteps      | 32768      |
| train/                  |            |
|    approx_kl            | 0.01806323 |
|    clip_fraction        | 0.173      |
|    clip_range           | 0.2        |
|    entropy_loss         | -11.3      |
|    explained_variance   | 0.343      |
|    learning_rate        | 0.000299   |
|    loss                 | 0.0428     |
|    n_updates            | 8          |
|    policy_gradient_loss | -0.00546   |
|    std                  | 0.984      |
|    value_loss           | 0.0765     |
----------------------------------------
Early stopping at step 2 due to reaching max kl: 0.03
-----------------------------------------
| rollout/                |             |
|    ep_len_mean          | 141         |
|    ep_rew_mean          | 135         |
| time/                   |             |
|    fps                  | 2474        |
|    iterations           | 5           |
|    time_elapsed         | 16          |
|    total_timesteps      | 40960       |
| train/                  |             |
|    approx_kl            | 0.018598896 |
|    clip_fraction        | 0.194       |
|    clip_range           | 0.2         |
|    entropy_loss         | -11.2       |
|    explained_variance   | 0.402       |
|    learning_rate        | 0.000299    |
|    loss                 | -0.00689    |
|    n_updates            | 11          |
|    policy_gradient_loss | -0.00567    |
|    std                  | 0.975       |
|    value_loss           | 0.0761      |
-----------------------------------------
Early stopping at step 1 due to reaching max kl: 0.03
-----------------------------------------
| rollout/                |             |
|    ep_len_mean          | 113         |
|    ep_rew_mean          | 110         |
| time/                   |             |
|    fps                  | 2473        |
|    iterations           | 6           |
|    time_elapsed         | 19          |
|    total_timesteps      | 49152       |
| train/                  |             |
|    approx_kl            | 0.018485647 |
|    clip_fraction        | 0.192       |
|    clip_range           | 0.2         |
|    entropy_loss         | -11.1       |
|    explained_variance   | 0.558       |
|    learning_rate        | 0.000298    |
|    loss                 | 0.0166      |
|    n_updates            | 13          |
|    policy_gradient_loss | -0.00423    |
|    std                  | 0.969       |
|    value_loss           | 0.0816      |
-----------------------------------------
Early stopping at step 1 due to reaching max kl: 0.03
-----------------------------------------
| rollout/                |             |
|    ep_len_mean          | 88.2        |
|    ep_rew_mean          | 85.1        |
| time/                   |             |
|    fps                  | 2485        |
|    iterations           | 7           |
|    time_elapsed         | 23          |
|    total_timesteps      | 57344       |
| train/                  |             |
|    approx_kl            | 0.015243701 |
|    clip_fraction        | 0.165       |
|    clip_range           | 0.2         |
|    entropy_loss         | -11.1       |
|    explained_variance   | 0.609       |
|    learning_rate        | 0.000298    |
|    loss                 | 0.0962      |
|    n_updates            | 15          |
|    policy_gradient_loss | 0.00122     |
|    std                  | 0.964       |
|    value_loss           | 0.104       |
-----------------------------------------
Early stopping at step 1 due to reaching max kl: 0.04
-----------------------------------------
| rollout/                |             |
|    ep_len_mean          | 148         |
|    ep_rew_mean          | 140         |
| time/                   |             |
|    fps                  | 2496        |
|    iterations           | 8           |
|    time_elapsed         | 26          |
|    total_timesteps      | 65536       |
| train/                  |             |
|    approx_kl            | 0.017388647 |
|    clip_fraction        | 0.167       |
|    clip_range           | 0.2         |
|    entropy_loss         | -11         |
|    explained_variance   | 0.657       |
|    learning_rate        | 0.000298    |
|    loss                 | 0.00237     |
|    n_updates            | 17          |
|    policy_gradient_loss | 0.000653    |
|    std                  | 0.961       |
|    value_loss           | 0.113       |
-----------------------------------------
Early stopping at step 1 due to reaching max kl: 0.03
-----------------------------------------
| rollout/                |             |
|    ep_len_mean          | 142         |
|    ep_rew_mean          | 137         |
| time/                   |             |
|    fps                  | 2510        |
|    iterations           | 9           |
|    time_elapsed         | 29          |
|    total_timesteps      | 73728       |
| train/                  |             |
|    approx_kl            | 0.018800369 |
|    clip_fraction        | 0.179       |
|    clip_range           | 0.2         |
|    entropy_loss         | -11         |
|    explained_variance   | 0.705       |
|    learning_rate        | 0.000297    |
|    loss                 | 0.0185      |
|    n_updates            | 19          |
|    policy_gradient_loss | -0.000982   |
|    std                  | 0.958       |
|    value_loss           | 0.0728      |
-----------------------------------------
Early stopping at step 1 due to reaching max kl: 0.03
-----------------------------------------
| rollout/                |             |
|    ep_len_mean          | 77          |
|    ep_rew_mean          | 75.6        |
| time/                   |             |
|    fps                  | 2518        |
|    iterations           | 10          |
|    time_elapsed         | 32          |
|    total_timesteps      | 81920       |
| train/                  |             |
|    approx_kl            | 0.019728284 |
|    clip_fraction        | 0.195       |
|    clip_range           | 0.2         |
|    entropy_loss         | -11         |
|    explained_variance   | 0.66        |
|    learning_rate        | 0.000297    |
|    loss                 | 0.0844      |
|    n_updates            | 21          |
|    policy_gradient_loss | 0.000803    |
|    std                  | 0.953       |
|    value_loss           | 0.125       |
-----------------------------------------
Early stopping at step 1 due to reaching max kl: 0.03
-----------------------------------------
| rollout/                |             |
|    ep_len_mean          | 85.2        |
|    ep_rew_mean          | 86          |
| time/                   |             |
|    fps                  | 2512        |
|    iterations           | 11          |
|    time_elapsed         | 35          |
|    total_timesteps      | 90112       |
| train/                  |             |
|    approx_kl            | 0.018675523 |
|    clip_fraction        | 0.209       |
|    clip_range           | 0.2         |
|    entropy_loss         | -11         |
|    explained_variance   | 0.566       |
|    learning_rate        | 0.000297    |
|    loss                 | 0.0709      |
|    n_updates            | 23          |
|    policy_gradient_loss | -0.00163    |
|    std                  | 0.95        |
|    value_loss           | 0.17        |
-----------------------------------------
Early stopping at step 1 due to reaching max kl: 0.03
-----------------------------------------
| rollout/                |             |
|    ep_len_mean          | 96.8        |
|    ep_rew_mean          | 91.9        |
| time/                   |             |
|    fps                  | 2518        |
|    iterations           | 12          |
|    time_elapsed         | 39          |
|    total_timesteps      | 98304       |
| train/                  |             |
|    approx_kl            | 0.019527357 |
|    clip_fraction        | 0.181       |
|    clip_range           | 0.2         |
|    entropy_loss         | -10.9       |
|    explained_variance   | 0.745       |
|    learning_rate        | 0.000296    |
|    loss                 | 0.0708      |
|    n_updates            | 25          |
|    policy_gradient_loss | 0.00109     |
|    std                  | 0.947       |
|    value_loss           | 0.129       |
-----------------------------------------
Early stopping at step 1 due to reaching max kl: 0.03
-----------------------------------------
| rollout/                |             |
|    ep_len_mean          | 120         |
|    ep_rew_mean          | 114         |
| time/                   |             |
|    fps                  | 2525        |
|    iterations           | 13          |
|    time_elapsed         | 42          |
|    total_timesteps      | 106496      |
| train/                  |             |
|    approx_kl            | 0.018288068 |
|    clip_fraction        | 0.178       |
|    clip_range           | 0.2         |
|    entropy_loss         | -10.9       |
|    explained_variance   | 0.8         |
|    learning_rate        | 0.000296    |
|    loss                 | 0.0201      |
|    n_updates            | 27          |
|    policy_gradient_loss | 0.00399     |
|    std                  | 0.945       |
|    value_loss           | 0.11        |
-----------------------------------------
Early stopping at step 1 due to reaching max kl: 0.03
-----------------------------------------
| rollout/                |             |
|    ep_len_mean          | 121         |
|    ep_rew_mean          | 119         |
| time/                   |             |
|    fps                  | 2533        |
|    iterations           | 14          |
|    time_elapsed         | 45          |
|    total_timesteps      | 114688      |
| train/                  |             |
|    approx_kl            | 0.015792647 |
|    clip_fraction        | 0.179       |
|    clip_range           | 0.2         |
|    entropy_loss         | -10.9       |
|    explained_variance   | 0.814       |
|    learning_rate        | 0.000296    |
|    loss                 | 0.0237      |
|    n_updates            | 29          |
|    policy_gradient_loss | 0.00636     |
|    std                  | 0.942       |
|    value_loss           | 0.111       |
-----------------------------------------
Early stopping at step 1 due to reaching max kl: 0.04
----------------------------------------
| rollout/                |            |
|    ep_len_mean          | 137        |
|    ep_rew_mean          | 136        |
| time/                   |            |
|    fps                  | 2537       |
|    iterations           | 15         |
|    time_elapsed         | 48         |
|    total_timesteps      | 122880     |
| train/                  |            |
|    approx_kl            | 0.02175178 |
|    clip_fraction        | 0.182      |
|    clip_range           | 0.2        |
|    entropy_loss         | -10.9      |
|    explained_variance   | 0.838      |
|    learning_rate        | 0.000295   |
|    loss                 | 0.00977    |
|    n_updates            | 31         |
|    policy_gradient_loss | 0.00166    |
|    std                  | 0.94       |
|    value_loss           | 0.104      |
----------------------------------------
Early stopping at step 1 due to reaching max kl: 0.04
-----------------------------------------
| rollout/                |             |
|    ep_len_mean          | 175         |
|    ep_rew_mean          | 176         |
| time/                   |             |
|    fps                  | 2540        |
|    iterations           | 16          |
|    time_elapsed         | 51          |
|    total_timesteps      | 131072      |
| train/                  |             |
|    approx_kl            | 0.021989174 |
|    clip_fraction        | 0.174       |
|    clip_range           | 0.2         |
|    entropy_loss         | -10.8       |
|    explained_variance   | 0.807       |
|    learning_rate        | 0.000295    |
|    loss                 | 0.0537      |
|    n_updates            | 33          |
|    policy_gradient_loss | 0.00271     |
|    std                  | 0.935       |
|    value_loss           | 0.107       |
-----------------------------------------
Early stopping at step 1 due to reaching max kl: 0.03
-----------------------------------------
| rollout/                |             |
|    ep_len_mean          | 203         |
|    ep_rew_mean          | 206         |
| time/                   |             |
|    fps                  | 2540        |
|    iterations           | 17          |
|    time_elapsed         | 54          |
|    total_timesteps      | 139264      |
| train/                  |             |
|    approx_kl            | 0.020432912 |
|    clip_fraction        | 0.201       |
|    clip_range           | 0.2         |
|    entropy_loss         | -10.8       |
|    explained_variance   | 0.795       |
|    learning_rate        | 0.000295    |
|    loss                 | 0.0384      |
|    n_updates            | 35          |
|    policy_gradient_loss | -0.000836   |
|    std                  | 0.93        |
|    value_loss           | 0.086       |
-----------------------------------------
Early stopping at step 1 due to reaching max kl: 0.03
----------------------------------------
| rollout/                |            |
|    ep_len_mean          | 175        |
|    ep_rew_mean          | 181        |
| time/                   |            |
|    fps                  | 2540       |
|    iterations           | 18         |
|    time_elapsed         | 58         |
|    total_timesteps      | 147456     |
| train/                  |            |
|    approx_kl            | 0.02033126 |
|    clip_fraction        | 0.194      |
|    clip_range           | 0.2        |
|    entropy_loss         | -10.7      |
|    explained_variance   | 0.789      |
|    learning_rate        | 0.000294   |
|    loss                 | 0.0102     |
|    n_updates            | 37         |
|    policy_gradient_loss | -0.000867  |
|    std                  | 0.924      |
|    value_loss           | 0.0917     |
----------------------------------------
Early stopping at step 1 due to reaching max kl: 0.04
-----------------------------------------
| rollout/                |             |
|    ep_len_mean          | 121         |
|    ep_rew_mean          | 123         |
| time/                   |             |
|    fps                  | 2545        |
|    iterations           | 19          |
|    time_elapsed         | 61          |
|    total_timesteps      | 155648      |
| train/                  |             |
|    approx_kl            | 0.022654422 |
|    clip_fraction        | 0.163       |
|    clip_range           | 0.2         |
|    entropy_loss         | -10.7       |
|    explained_variance   | 0.814       |
|    learning_rate        | 0.000294    |
|    loss                 | 0.0209      |
|    n_updates            | 39          |
|    policy_gradient_loss | 0.00641     |
|    std                  | 0.924       |
|    value_loss           | 0.101       |
-----------------------------------------
Early stopping at step 0 due to reaching max kl: 0.03
-----------------------------------------
| rollout/                |             |
|    ep_len_mean          | 141         |
|    ep_rew_mean          | 146         |
| time/                   |             |
|    fps                  | 2551        |
|    iterations           | 20          |
|    time_elapsed         | 64          |
|    total_timesteps      | 163840      |
| train/                  |             |
|    approx_kl            | 0.010642687 |
|    clip_fraction        | 0.139       |
|    clip_range           | 0.2         |
|    entropy_loss         | -10.7       |
|    explained_variance   | 0.772       |
|    learning_rate        | 0.000294    |
|    loss                 | 0.0486      |
|    n_updates            | 40          |
|    policy_gradient_loss | 0.00714     |
|    std                  | 0.921       |
|    value_loss           | 0.141       |
-----------------------------------------
Early stopping at step 1 due to reaching max kl: 0.03
-----------------------------------------
| rollout/                |             |
|    ep_len_mean          | 175         |
|    ep_rew_mean          | 181         |
| time/                   |             |
|    fps                  | 2553        |
|    iterations           | 21          |
|    time_elapsed         | 67          |
|    total_timesteps      | 172032      |
| train/                  |             |
|    approx_kl            | 0.021532813 |
|    clip_fraction        | 0.197       |
|    clip_range           | 0.2         |
|    entropy_loss         | -10.7       |
|    explained_variance   | 0.816       |
|    learning_rate        | 0.000293    |
|    loss                 | 0.000117    |
|    n_updates            | 42          |
|    policy_gradient_loss | 0.00136     |
|    std                  | 0.917       |
|    value_loss           | 0.0983      |
-----------------------------------------
Early stopping at step 1 due to reaching max kl: 0.03
-----------------------------------------
| rollout/                |             |
|    ep_len_mean          | 196         |
|    ep_rew_mean          | 202         |
| time/                   |             |
|    fps                  | 2549        |
|    iterations           | 22          |
|    time_elapsed         | 70          |
|    total_timesteps      | 180224      |
| train/                  |             |
|    approx_kl            | 0.019347945 |
|    clip_fraction        | 0.225       |
|    clip_range           | 0.2         |
|    entropy_loss         | -10.6       |
|    explained_variance   | 0.781       |
|    learning_rate        | 0.000293    |
|    loss                 | 0.027       |
|    n_updates            | 44          |
|    policy_gradient_loss | -0.00122    |
|    std                  | 0.91        |
|    value_loss           | 0.0813      |
-----------------------------------------
Early stopping at step 1 due to reaching max kl: 0.03
-----------------------------------------
| rollout/                |             |
|    ep_len_mean          | 229         |
|    ep_rew_mean          | 238         |
| time/                   |             |
|    fps                  | 2548        |
|    iterations           | 23          |
|    time_elapsed         | 73          |
|    total_timesteps      | 188416      |
| train/                  |             |
|    approx_kl            | 0.020136459 |
|    clip_fraction        | 0.212       |
|    clip_range           | 0.2         |
|    entropy_loss         | -10.6       |
|    explained_variance   | 0.843       |
|    learning_rate        | 0.000293    |
|    loss                 | 0.0279      |
|    n_updates            | 46          |
|    policy_gradient_loss | 0.000977    |
|    std                  | 0.907       |
|    value_loss           | 0.0846      |
-----------------------------------------
Early stopping at step 0 due to reaching max kl: 0.03
-----------------------------------------
| rollout/                |             |
|    ep_len_mean          | 241         |
|    ep_rew_mean          | 252         |
| time/                   |             |
|    fps                  | 2553        |
|    iterations           | 24          |
|    time_elapsed         | 77          |
|    total_timesteps      | 196608      |
| train/                  |             |
|    approx_kl            | 0.011890697 |
|    clip_fraction        | 0.165       |
|    clip_range           | 0.2         |
|    entropy_loss         | -10.6       |
|    explained_variance   | 0.779       |
|    learning_rate        | 0.000292    |
|    loss                 | 0.0322      |
|    n_updates            | 47          |
|    policy_gradient_loss | 0.00712     |
|    std                  | 0.904       |
|    value_loss           | 0.0987      |
-----------------------------------------
Early stopping at step 1 due to reaching max kl: 0.03
-----------------------------------------
| rollout/                |             |
|    ep_len_mean          | 247         |
|    ep_rew_mean          | 257         |
| time/                   |             |
|    fps                  | 2555        |
|    iterations           | 25          |
|    time_elapsed         | 80          |
|    total_timesteps      | 204800      |
| train/                  |             |
|    approx_kl            | 0.021675551 |
|    clip_fraction        | 0.188       |
|    clip_range           | 0.2         |
|    entropy_loss         | -10.5       |
|    explained_variance   | 0.819       |
|    learning_rate        | 0.000292    |
|    loss                 | 0.00843     |
|    n_updates            | 49          |
|    policy_gradient_loss | 0.00531     |
|    std                  | 0.902       |
|    value_loss           | 0.0852      |
-----------------------------------------
Early stopping at step 1 due to reaching max kl: 0.03
-----------------------------------------
| rollout/                |             |
|    ep_len_mean          | 211         |
|    ep_rew_mean          | 220         |
| time/                   |             |
|    fps                  | 2556        |
|    iterations           | 26          |
|    time_elapsed         | 83          |
|    total_timesteps      | 212992      |
| train/                  |             |
|    approx_kl            | 0.018711625 |
|    clip_fraction        | 0.2         |
|    clip_range           | 0.2         |
|    entropy_loss         | -10.5       |
|    explained_variance   | 0.812       |
|    learning_rate        | 0.000292    |
|    loss                 | -0.0102     |
|    n_updates            | 51          |
|    policy_gradient_loss | 0.00551     |
|    std                  | 0.898       |
|    value_loss           | 0.0961      |
-----------------------------------------
Early stopping at step 1 due to reaching max kl: 0.03
-----------------------------------------
| rollout/                |             |
|    ep_len_mean          | 194         |
|    ep_rew_mean          | 209         |
| time/                   |             |
|    fps                  | 2554        |
|    iterations           | 27          |
|    time_elapsed         | 86          |
|    total_timesteps      | 221184      |
| train/                  |             |
|    approx_kl            | 0.019798266 |
|    clip_fraction        | 0.227       |
|    clip_range           | 0.2         |
|    entropy_loss         | -10.5       |
|    explained_variance   | 0.761       |
|    learning_rate        | 0.000291    |
|    loss                 | 0.0484      |
|    n_updates            | 53          |
|    policy_gradient_loss | 0.0032      |
|    std                  | 0.895       |
|    value_loss           | 0.116       |
-----------------------------------------
Early stopping at step 1 due to reaching max kl: 0.03
-----------------------------------------
| rollout/                |             |
|    ep_len_mean          | 179         |
|    ep_rew_mean          | 193         |
| time/                   |             |
|    fps                  | 2556        |
|    iterations           | 28          |
|    time_elapsed         | 89          |
|    total_timesteps      | 229376      |
| train/                  |             |
|    approx_kl            | 0.022206334 |
|    clip_fraction        | 0.195       |
|    clip_range           | 0.2         |
|    entropy_loss         | -10.4       |
|    explained_variance   | 0.751       |
|    learning_rate        | 0.000291    |
|    loss                 | 0.0389      |
|    n_updates            | 55          |
|    policy_gradient_loss | 0.00263     |
|    std                  | 0.892       |
|    value_loss           | 0.136       |
-----------------------------------------
Early stopping at step 0 due to reaching max kl: 0.03
-----------------------------------------
| rollout/                |             |
|    ep_len_mean          | 189         |
|    ep_rew_mean          | 202         |
| time/                   |             |
|    fps                  | 2560        |
|    iterations           | 29          |
|    time_elapsed         | 92          |
|    total_timesteps      | 237568      |
| train/                  |             |
|    approx_kl            | 0.012174969 |
|    clip_fraction        | 0.167       |
|    clip_range           | 0.2         |
|    entropy_loss         | -10.4       |
|    explained_variance   | 0.725       |
|    learning_rate        | 0.000291    |
|    loss                 | 0.0665      |
|    n_updates            | 56          |
|    policy_gradient_loss | 0.0018      |
|    std                  | 0.888       |
|    value_loss           | 0.162       |
-----------------------------------------
Early stopping at step 0 due to reaching max kl: 0.03
-----------------------------------------
| rollout/                |             |
|    ep_len_mean          | 215         |
|    ep_rew_mean          | 227         |
| time/                   |             |
|    fps                  | 2565        |
|    iterations           | 30          |
|    time_elapsed         | 95          |
|    total_timesteps      | 245760      |
| train/                  |             |
|    approx_kl            | 0.013428163 |
|    clip_fraction        | 0.183       |
|    clip_range           | 0.2         |
|    entropy_loss         | -10.4       |
|    explained_variance   | 0.818       |
|    learning_rate        | 0.00029     |
|    loss                 | 0.0775      |
|    n_updates            | 57          |
|    policy_gradient_loss | 0.00351     |
|    std                  | 0.885       |
|    value_loss           | 0.0739      |
-----------------------------------------
Early stopping at step 1 due to reaching max kl: 0.03
----------------------------------------
| rollout/                |            |
|    ep_len_mean          | 174        |
|    ep_rew_mean          | 183        |
| time/                   |            |
|    fps                  | 2566       |
|    iterations           | 31         |
|    time_elapsed         | 98         |
|    total_timesteps      | 253952     |
| train/                  |            |
|    approx_kl            | 0.02341954 |
|    clip_fraction        | 0.195      |
|    clip_range           | 0.2        |
|    entropy_loss         | -10.4      |
|    explained_variance   | 0.809      |
|    learning_rate        | 0.00029    |
|    loss                 | 0.00677    |
|    n_updates            | 59         |
|    policy_gradient_loss | 0.00527    |
|    std                  | 0.883      |
|    value_loss           | 0.117      |
----------------------------------------
Early stopping at step 1 due to reaching max kl: 0.03
-----------------------------------------
| rollout/                |             |
|    ep_len_mean          | 197         |
|    ep_rew_mean          | 209         |
| time/                   |             |
|    fps                  | 2567        |
|    iterations           | 32          |
|    time_elapsed         | 102         |
|    total_timesteps      | 262144      |
| train/                  |             |
|    approx_kl            | 0.020724228 |
|    clip_fraction        | 0.205       |
|    clip_range           | 0.2         |
|    entropy_loss         | -10.3       |
|    explained_variance   | 0.84        |
|    learning_rate        | 0.00029     |
|    loss                 | 0.0246      |
|    n_updates            | 61          |
|    policy_gradient_loss | 0.00388     |
|    std                  | 0.878       |
|    value_loss           | 0.0943      |
-----------------------------------------
Early stopping at step 1 due to reaching max kl: 0.04
-----------------------------------------
| rollout/                |             |
|    ep_len_mean          | 184         |
|    ep_rew_mean          | 200         |
| time/                   |             |
|    fps                  | 2568        |
|    iterations           | 33          |
|    time_elapsed         | 105         |
|    total_timesteps      | 270336      |
| train/                  |             |
|    approx_kl            | 0.020275151 |
|    clip_fraction        | 0.197       |
|    clip_range           | 0.2         |
|    entropy_loss         | -10.3       |
|    explained_variance   | 0.812       |
|    learning_rate        | 0.00029     |
|    loss                 | 0.0149      |
|    n_updates            | 63          |
|    policy_gradient_loss | 0.00341     |
|    std                  | 0.874       |
|    value_loss           | 0.105       |
-----------------------------------------
Early stopping at step 0 due to reaching max kl: 0.03
-----------------------------------------
| rollout/                |             |
|    ep_len_mean          | 215         |
|    ep_rew_mean          | 236         |
| time/                   |             |
|    fps                  | 2571        |
|    iterations           | 34          |
|    time_elapsed         | 108         |
|    total_timesteps      | 278528      |
| train/                  |             |
|    approx_kl            | 0.011923801 |
|    clip_fraction        | 0.169       |
|    clip_range           | 0.2         |
|    entropy_loss         | -10.3       |
|    explained_variance   | 0.84        |
|    learning_rate        | 0.000289    |
|    loss                 | 0.211       |
|    n_updates            | 64          |
|    policy_gradient_loss | 0.00517     |
|    std                  | 0.871       |
|    value_loss           | 0.099       |
-----------------------------------------
Early stopping at step 1 due to reaching max kl: 0.03
-----------------------------------------
| rollout/                |             |
|    ep_len_mean          | 215         |
|    ep_rew_mean          | 238         |
| time/                   |             |
|    fps                  | 2570        |
|    iterations           | 35          |
|    time_elapsed         | 111         |
|    total_timesteps      | 286720      |
| train/                  |             |
|    approx_kl            | 0.019726593 |
|    clip_fraction        | 0.211       |
|    clip_range           | 0.2         |
|    entropy_loss         | -10.2       |
|    explained_variance   | 0.813       |
|    learning_rate        | 0.000289    |
|    loss                 | 0.0195      |
|    n_updates            | 66          |
|    policy_gradient_loss | -0.000847   |
|    std                  | 0.868       |
|    value_loss           | 0.101       |
-----------------------------------------
Early stopping at step 0 due to reaching max kl: 0.03
-----------------------------------------
| rollout/                |             |
|    ep_len_mean          | 256         |
|    ep_rew_mean          | 284         |
| time/                   |             |
|    fps                  | 2574        |
|    iterations           | 36          |
|    time_elapsed         | 114         |
|    total_timesteps      | 294912      |
| train/                  |             |
|    approx_kl            | 0.012537593 |
|    clip_fraction        | 0.172       |
|    clip_range           | 0.2         |
|    entropy_loss         | -10.2       |
|    explained_variance   | 0.774       |
|    learning_rate        | 0.000289    |
|    loss                 | 0.11        |
|    n_updates            | 67          |
|    policy_gradient_loss | 0.00507     |
|    std                  | 0.866       |
|    value_loss           | 0.104       |
-----------------------------------------
Early stopping at step 0 due to reaching max kl: 0.03
-----------------------------------------
| rollout/                |             |
|    ep_len_mean          | 271         |
|    ep_rew_mean          | 301         |
| time/                   |             |
|    fps                  | 2576        |
|    iterations           | 37          |
|    time_elapsed         | 117         |
|    total_timesteps      | 303104      |
| train/                  |             |
|    approx_kl            | 0.010971516 |
|    clip_fraction        | 0.154       |
|    clip_range           | 0.2         |
|    entropy_loss         | -10.2       |
|    explained_variance   | 0.802       |
|    learning_rate        | 0.000288    |
|    loss                 | 0.0469      |
|    n_updates            | 68          |
|    policy_gradient_loss | 0.00629     |
|    std                  | 0.864       |
|    value_loss           | 0.1         |
-----------------------------------------
Early stopping at step 0 due to reaching max kl: 0.03
-----------------------------------------
| rollout/                |             |
|    ep_len_mean          | 257         |
|    ep_rew_mean          | 286         |
| time/                   |             |
|    fps                  | 2578        |
|    iterations           | 38          |
|    time_elapsed         | 120         |
|    total_timesteps      | 311296      |
| train/                  |             |
|    approx_kl            | 0.012775387 |
|    clip_fraction        | 0.184       |
|    clip_range           | 0.2         |
|    entropy_loss         | -10.2       |
|    explained_variance   | 0.808       |
|    learning_rate        | 0.000288    |
|    loss                 | 0.0233      |
|    n_updates            | 69          |
|    policy_gradient_loss | 0.00888     |
|    std                  | 0.861       |
|    value_loss           | 0.0714      |
-----------------------------------------
Early stopping at step 1 due to reaching max kl: 0.03
-----------------------------------------
| rollout/                |             |
|    ep_len_mean          | 228         |
|    ep_rew_mean          | 256         |
| time/                   |             |
|    fps                  | 2579        |
|    iterations           | 39          |
|    time_elapsed         | 123         |
|    total_timesteps      | 319488      |
| train/                  |             |
|    approx_kl            | 0.021171281 |
|    clip_fraction        | 0.206       |
|    clip_range           | 0.2         |
|    entropy_loss         | -10.1       |
|    explained_variance   | 0.799       |
|    learning_rate        | 0.000288    |
|    loss                 | 0.0447      |
|    n_updates            | 71          |
|    policy_gradient_loss | 0.00677     |
|    std                  | 0.857       |
|    value_loss           | 0.117       |
-----------------------------------------
Early stopping at step 0 due to reaching max kl: 0.03
----------------------------------------
| rollout/                |            |
|    ep_len_mean          | 222        |
|    ep_rew_mean          | 247        |
| time/                   |            |
|    fps                  | 2580       |
|    iterations           | 40         |
|    time_elapsed         | 126        |
|    total_timesteps      | 327680     |
| train/                  |            |
|    approx_kl            | 0.01296178 |
|    clip_fraction        | 0.174      |
|    clip_range           | 0.2        |
|    entropy_loss         | -10.1      |
|    explained_variance   | 0.79       |
|    learning_rate        | 0.000287   |
|    loss                 | 0.106      |
|    n_updates            | 72         |
|    policy_gradient_loss | 0.00743    |
|    std                  | 0.853      |
|    value_loss           | 0.125      |
----------------------------------------
Early stopping at step 1 due to reaching max kl: 0.03
-----------------------------------------
| rollout/                |             |
|    ep_len_mean          | 201         |
|    ep_rew_mean          | 225         |
| time/                   |             |
|    fps                  | 2581        |
|    iterations           | 41          |
|    time_elapsed         | 130         |
|    total_timesteps      | 335872      |
| train/                  |             |
|    approx_kl            | 0.019950729 |
|    clip_fraction        | 0.211       |
|    clip_range           | 0.2         |
|    entropy_loss         | -10.1       |
|    explained_variance   | 0.821       |
|    learning_rate        | 0.000287    |
|    loss                 | 0.0228      |
|    n_updates            | 74          |
|    policy_gradient_loss | 0.00838     |
|    std                  | 0.851       |
|    value_loss           | 0.0987      |
-----------------------------------------
Early stopping at step 0 due to reaching max kl: 0.03
-----------------------------------------
| rollout/                |             |
|    ep_len_mean          | 231         |
|    ep_rew_mean          | 255         |
| time/                   |             |
|    fps                  | 2582        |
|    iterations           | 42          |
|    time_elapsed         | 133         |
|    total_timesteps      | 344064      |
| train/                  |             |
|    approx_kl            | 0.013159654 |
|    clip_fraction        | 0.186       |
|    clip_range           | 0.2         |
|    entropy_loss         | -10         |
|    explained_variance   | 0.812       |
|    learning_rate        | 0.000287    |
|    loss                 | 0.161       |
|    n_updates            | 75          |
|    policy_gradient_loss | 0.00895     |
|    std                  | 0.847       |
|    value_loss           | 0.113       |
-----------------------------------------
Early stopping at step 0 due to reaching max kl: 0.03
----------------------------------------
| rollout/                |            |
|    ep_len_mean          | 239        |
|    ep_rew_mean          | 265        |
| time/                   |            |
|    fps                  | 2585       |
|    iterations           | 43         |
|    time_elapsed         | 136        |
|    total_timesteps      | 352256     |
| train/                  |            |
|    approx_kl            | 0.01312793 |
|    clip_fraction        | 0.182      |
|    clip_range           | 0.2        |
|    entropy_loss         | -10        |
|    explained_variance   | 0.842      |
|    learning_rate        | 0.000286   |
|    loss                 | 0.104      |
|    n_updates            | 76         |
|    policy_gradient_loss | 0.00772    |
|    std                  | 0.844      |
|    value_loss           | 0.107      |
----------------------------------------
Early stopping at step 0 due to reaching max kl: 0.03
-----------------------------------------
| rollout/                |             |
|    ep_len_mean          | 219         |
|    ep_rew_mean          | 246         |
| time/                   |             |
|    fps                  | 2586        |
|    iterations           | 44          |
|    time_elapsed         | 139         |
|    total_timesteps      | 360448      |
| train/                  |             |
|    approx_kl            | 0.012569651 |
|    clip_fraction        | 0.179       |
|    clip_range           | 0.2         |
|    entropy_loss         | -9.97       |
|    explained_variance   | 0.813       |
|    learning_rate        | 0.000286    |
|    loss                 | 0.0198      |
|    n_updates            | 77          |
|    policy_gradient_loss | 0.00799     |
|    std                  | 0.841       |
|    value_loss           | 0.0885      |
-----------------------------------------
Early stopping at step 0 due to reaching max kl: 0.03
-----------------------------------------
| rollout/                |             |
|    ep_len_mean          | 192         |
|    ep_rew_mean          | 225         |
| time/                   |             |
|    fps                  | 2588        |
|    iterations           | 45          |
|    time_elapsed         | 142         |
|    total_timesteps      | 368640      |
| train/                  |             |
|    approx_kl            | 0.013435779 |
|    clip_fraction        | 0.189       |
|    clip_range           | 0.2         |
|    entropy_loss         | -9.95       |
|    explained_variance   | 0.785       |
|    learning_rate        | 0.000286    |
|    loss                 | 0.105       |
|    n_updates            | 78          |
|    policy_gradient_loss | 0.00536     |
|    std                  | 0.839       |
|    value_loss           | 0.145       |
-----------------------------------------
Early stopping at step 0 due to reaching max kl: 0.04
-----------------------------------------
| rollout/                |             |
|    ep_len_mean          | 163         |
|    ep_rew_mean          | 190         |
| time/                   |             |
|    fps                  | 2590        |
|    iterations           | 46          |
|    time_elapsed         | 145         |
|    total_timesteps      | 376832      |
| train/                  |             |
|    approx_kl            | 0.012981121 |
|    clip_fraction        | 0.182       |
|    clip_range           | 0.2         |
|    entropy_loss         | -9.93       |
|    explained_variance   | 0.751       |
|    learning_rate        | 0.000285    |
|    loss                 | 0.141       |
|    n_updates            | 79          |
|    policy_gradient_loss | 0.00573     |
|    std                  | 0.837       |
|    value_loss           | 0.154       |
-----------------------------------------
Early stopping at step 0 due to reaching max kl: 0.04
---------------------------------------
| rollout/                |           |
|    ep_len_mean          | 163       |
|    ep_rew_mean          | 185       |
| time/                   |           |
|    fps                  | 2592      |
|    iterations           | 47        |
|    time_elapsed         | 148       |
|    total_timesteps      | 385024    |
| train/                  |           |
|    approx_kl            | 0.0132357 |
|    clip_fraction        | 0.181     |
|    clip_range           | 0.2       |
|    entropy_loss         | -9.92     |
|    explained_variance   | 0.764     |
|    learning_rate        | 0.000285  |
|    loss                 | 0.0403    |
|    n_updates            | 80        |
|    policy_gradient_loss | 0.00634   |
|    std                  | 0.836     |
|    value_loss           | 0.161     |
---------------------------------------
Early stopping at step 0 due to reaching max kl: 0.03
-----------------------------------------
| rollout/                |             |
|    ep_len_mean          | 211         |
|    ep_rew_mean          | 240         |
| time/                   |             |
|    fps                  | 2594        |
|    iterations           | 48          |
|    time_elapsed         | 151         |
|    total_timesteps      | 393216      |
| train/                  |             |
|    approx_kl            | 0.014212407 |
|    clip_fraction        | 0.198       |
|    clip_range           | 0.2         |
|    entropy_loss         | -9.91       |
|    explained_variance   | 0.81        |
|    learning_rate        | 0.000285    |
|    loss                 | 0.165       |
|    n_updates            | 81          |
|    policy_gradient_loss | 0.0113      |
|    std                  | 0.835       |
|    value_loss           | 0.12        |
-----------------------------------------
Early stopping at step 0 due to reaching max kl: 0.04
-----------------------------------------
| rollout/                |             |
|    ep_len_mean          | 242         |
|    ep_rew_mean          | 277         |
| time/                   |             |
|    fps                  | 2596        |
|    iterations           | 49          |
|    time_elapsed         | 154         |
|    total_timesteps      | 401408      |
| train/                  |             |
|    approx_kl            | 0.013112188 |
|    clip_fraction        | 0.174       |
|    clip_range           | 0.2         |
|    entropy_loss         | -9.89       |
|    explained_variance   | 0.784       |
|    learning_rate        | 0.000284    |
|    loss                 | 0.0444      |
|    n_updates            | 82          |
|    policy_gradient_loss | 0.00915     |
|    std                  | 0.832       |
|    value_loss           | 0.0959      |
-----------------------------------------
Early stopping at step 0 due to reaching max kl: 0.03
-----------------------------------------
| rollout/                |             |
|    ep_len_mean          | 277         |
|    ep_rew_mean          | 316         |
| time/                   |             |
|    fps                  | 2597        |
|    iterations           | 50          |
|    time_elapsed         | 157         |
|    total_timesteps      | 409600      |
| train/                  |             |
|    approx_kl            | 0.012793229 |
|    clip_fraction        | 0.178       |
|    clip_range           | 0.2         |
|    entropy_loss         | -9.87       |
|    explained_variance   | 0.793       |
|    learning_rate        | 0.000284    |
|    loss                 | 0.0202      |
|    n_updates            | 83          |
|    policy_gradient_loss | 0.00755     |
|    std                  | 0.829       |
|    value_loss           | 0.0922      |
-----------------------------------------
Early stopping at step 1 due to reaching max kl: 0.03
-----------------------------------------
| rollout/                |             |
|    ep_len_mean          | 298         |
|    ep_rew_mean          | 342         |
| time/                   |             |
|    fps                  | 2598        |
|    iterations           | 51          |
|    time_elapsed         | 160         |
|    total_timesteps      | 417792      |
| train/                  |             |
|    approx_kl            | 0.023315245 |
|    clip_fraction        | 0.212       |
|    clip_range           | 0.2         |
|    entropy_loss         | -9.84       |
|    explained_variance   | 0.817       |
|    learning_rate        | 0.000284    |
|    loss                 | -0.00927    |
|    n_updates            | 85          |
|    policy_gradient_loss | 0.00742     |
|    std                  | 0.827       |
|    value_loss           | 0.0925      |
-----------------------------------------
Early stopping at step 0 due to reaching max kl: 0.03
------------------------------------------
| rollout/                |              |
|    ep_len_mean          | 297          |
|    ep_rew_mean          | 341          |
| time/                   |              |
|    fps                  | 2599         |
|    iterations           | 52           |
|    time_elapsed         | 163          |
|    total_timesteps      | 425984       |
| train/                  |              |
|    approx_kl            | 0.0132393325 |
|    clip_fraction        | 0.184        |
|    clip_range           | 0.2          |
|    entropy_loss         | -9.81        |
|    explained_variance   | 0.803        |
|    learning_rate        | 0.000283     |
|    loss                 | 0.074        |
|    n_updates            | 86           |
|    policy_gradient_loss | 0.00717      |
|    std                  | 0.823        |
|    value_loss           | 0.0968       |
------------------------------------------
Early stopping at step 0 due to reaching max kl: 0.04
-----------------------------------------
| rollout/                |             |
|    ep_len_mean          | 305         |
|    ep_rew_mean          | 358         |
| time/                   |             |
|    fps                  | 2601        |
|    iterations           | 53          |
|    time_elapsed         | 166         |
|    total_timesteps      | 434176      |
| train/                  |             |
|    approx_kl            | 0.014304253 |
|    clip_fraction        | 0.197       |
|    clip_range           | 0.2         |
|    entropy_loss         | -9.78       |
|    explained_variance   | 0.792       |
|    learning_rate        | 0.000283    |
|    loss                 | 0.0867      |
|    n_updates            | 87          |
|    policy_gradient_loss | 0.00571     |
|    std                  | 0.82        |
|    value_loss           | 0.0901      |
-----------------------------------------
Early stopping at step 0 due to reaching max kl: 0.03
-----------------------------------------
| rollout/                |             |
|    ep_len_mean          | 292         |
|    ep_rew_mean          | 344         |
| time/                   |             |
|    fps                  | 2604        |
|    iterations           | 54          |
|    time_elapsed         | 169         |
|    total_timesteps      | 442368      |
| train/                  |             |
|    approx_kl            | 0.010965424 |
|    clip_fraction        | 0.151       |
|    clip_range           | 0.2         |
|    entropy_loss         | -9.75       |
|    explained_variance   | 0.781       |
|    learning_rate        | 0.000283    |
|    loss                 | 0.00902     |
|    n_updates            | 88          |
|    policy_gradient_loss | 0.00402     |
|    std                  | 0.818       |
|    value_loss           | 0.088       |
-----------------------------------------
Early stopping at step 0 due to reaching max kl: 0.03
-----------------------------------------
| rollout/                |             |
|    ep_len_mean          | 317         |
|    ep_rew_mean          | 375         |
| time/                   |             |
|    fps                  | 2605        |
|    iterations           | 55          |
|    time_elapsed         | 172         |
|    total_timesteps      | 450560      |
| train/                  |             |
|    approx_kl            | 0.014173755 |
|    clip_fraction        | 0.196       |
|    clip_range           | 0.2         |
|    entropy_loss         | -9.73       |
|    explained_variance   | 0.732       |
|    learning_rate        | 0.000282    |
|    loss                 | 0.0786      |
|    n_updates            | 89          |
|    policy_gradient_loss | 0.00713     |
|    std                  | 0.815       |
|    value_loss           | 0.128       |
-----------------------------------------
Early stopping at step 0 due to reaching max kl: 0.03
-----------------------------------------
| rollout/                |             |
|    ep_len_mean          | 299         |
|    ep_rew_mean          | 352         |
| time/                   |             |
|    fps                  | 2607        |
|    iterations           | 56          |
|    time_elapsed         | 175         |
|    total_timesteps      | 458752      |
| train/                  |             |
|    approx_kl            | 0.012498107 |
|    clip_fraction        | 0.176       |
|    clip_range           | 0.2         |
|    entropy_loss         | -9.71       |
|    explained_variance   | 0.765       |
|    learning_rate        | 0.000282    |
|    loss                 | 0.0736      |
|    n_updates            | 90          |
|    policy_gradient_loss | 0.00772     |
|    std                  | 0.813       |
|    value_loss           | 0.0933      |
-----------------------------------------
Early stopping at step 0 due to reaching max kl: 0.03
-----------------------------------------
| rollout/                |             |
|    ep_len_mean          | 304         |
|    ep_rew_mean          | 361         |
| time/                   |             |
|    fps                  | 2609        |
|    iterations           | 57          |
|    time_elapsed         | 178         |
|    total_timesteps      | 466944      |
| train/                  |             |
|    approx_kl            | 0.011303665 |
|    clip_fraction        | 0.157       |
|    clip_range           | 0.2         |
|    entropy_loss         | -9.68       |
|    explained_variance   | 0.741       |
|    learning_rate        | 0.000282    |
|    loss                 | 0.059       |
|    n_updates            | 91          |
|    policy_gradient_loss | 0.00296     |
|    std                  | 0.811       |
|    value_loss           | 0.0964      |
-----------------------------------------
Early stopping at step 0 due to reaching max kl: 0.03
-----------------------------------------
| rollout/                |             |
|    ep_len_mean          | 318         |
|    ep_rew_mean          | 380         |
| time/                   |             |
|    fps                  | 2611        |
|    iterations           | 58          |
|    time_elapsed         | 181         |
|    total_timesteps      | 475136      |
| train/                  |             |
|    approx_kl            | 0.014633329 |
|    clip_fraction        | 0.203       |
|    clip_range           | 0.2         |
|    entropy_loss         | -9.66       |
|    explained_variance   | 0.709       |
|    learning_rate        | 0.000281    |
|    loss                 | 0.0465      |
|    n_updates            | 92          |
|    policy_gradient_loss | 0.00597     |
|    std                  | 0.809       |
|    value_loss           | 0.0993      |
-----------------------------------------
Early stopping at step 0 due to reaching max kl: 0.03
-----------------------------------------
| rollout/                |             |
|    ep_len_mean          | 274         |
|    ep_rew_mean          | 332         |
| time/                   |             |
|    fps                  | 2613        |
|    iterations           | 59          |
|    time_elapsed         | 184         |
|    total_timesteps      | 483328      |
| train/                  |             |
|    approx_kl            | 0.012236594 |
|    clip_fraction        | 0.165       |
|    clip_range           | 0.2         |
|    entropy_loss         | -9.65       |
|    explained_variance   | 0.789       |
|    learning_rate        | 0.000281    |
|    loss                 | 0.0764      |
|    n_updates            | 93          |
|    policy_gradient_loss | 0.00487     |
|    std                  | 0.808       |
|    value_loss           | 0.1         |
-----------------------------------------
Early stopping at step 0 due to reaching max kl: 0.04
-----------------------------------------
| rollout/                |             |
|    ep_len_mean          | 295         |
|    ep_rew_mean          | 355         |
| time/                   |             |
|    fps                  | 2614        |
|    iterations           | 60          |
|    time_elapsed         | 188         |
|    total_timesteps      | 491520      |
| train/                  |             |
|    approx_kl            | 0.013079344 |
|    clip_fraction        | 0.183       |
|    clip_range           | 0.2         |
|    entropy_loss         | -9.63       |
|    explained_variance   | 0.746       |
|    learning_rate        | 0.000281    |
|    loss                 | 0.0968      |
|    n_updates            | 94          |
|    policy_gradient_loss | 0.00604     |
|    std                  | 0.806       |
|    value_loss           | 0.13        |
-----------------------------------------
Early stopping at step 1 due to reaching max kl: 0.03
----------------------------------------
| rollout/                |            |
|    ep_len_mean          | 292        |
|    ep_rew_mean          | 355        |
| time/                   |            |
|    fps                  | 2614       |
|    iterations           | 61         |
|    time_elapsed         | 191        |
|    total_timesteps      | 499712     |
| train/                  |            |
|    approx_kl            | 0.02599371 |
|    clip_fraction        | 0.219      |
|    clip_range           | 0.2        |
|    entropy_loss         | -9.6       |
|    explained_variance   | 0.83       |
|    learning_rate        | 0.00028    |
|    loss                 | -0.0123    |
|    n_updates            | 96         |
|    policy_gradient_loss | 0.00937    |
|    std                  | 0.801      |
|    value_loss           | 0.0529     |
----------------------------------------
Early stopping at step 0 due to reaching max kl: 0.04
----------------------------------------
| rollout/                |            |
|    ep_len_mean          | 313        |
|    ep_rew_mean          | 386        |
| time/                   |            |
|    fps                  | 2615       |
|    iterations           | 62         |
|    time_elapsed         | 194        |
|    total_timesteps      | 507904     |
| train/                  |            |
|    approx_kl            | 0.01358681 |
|    clip_fraction        | 0.189      |
|    clip_range           | 0.2        |
|    entropy_loss         | -9.57      |
|    explained_variance   | 0.735      |
|    learning_rate        | 0.00028    |
|    loss                 | 0.0826     |
|    n_updates            | 97         |
|    policy_gradient_loss | 0.00269    |
|    std                  | 0.8        |
|    value_loss           | 0.125      |
----------------------------------------
Early stopping at step 0 due to reaching max kl: 0.04
-----------------------------------------
| rollout/                |             |
|    ep_len_mean          | 328         |
|    ep_rew_mean          | 406         |
| time/                   |             |
|    fps                  | 2617        |
|    iterations           | 63          |
|    time_elapsed         | 197         |
|    total_timesteps      | 516096      |
| train/                  |             |
|    approx_kl            | 0.013378358 |
|    clip_fraction        | 0.183       |
|    clip_range           | 0.2         |
|    entropy_loss         | -9.54       |
|    explained_variance   | 0.716       |
|    learning_rate        | 0.00028     |
|    loss                 | 0.0747      |
|    n_updates            | 98          |
|    policy_gradient_loss | 0.0046      |
|    std                  | 0.797       |
|    value_loss           | 0.0877      |
-----------------------------------------
Early stopping at step 0 due to reaching max kl: 0.03
-----------------------------------------
| rollout/                |             |
|    ep_len_mean          | 304         |
|    ep_rew_mean          | 383         |
| time/                   |             |
|    fps                  | 2619        |
|    iterations           | 64          |
|    time_elapsed         | 200         |
|    total_timesteps      | 524288      |
| train/                  |             |
|    approx_kl            | 0.009568909 |
|    clip_fraction        | 0.124       |
|    clip_range           | 0.2         |
|    entropy_loss         | -9.53       |
|    explained_variance   | 0.724       |
|    learning_rate        | 0.000279    |
|    loss                 | 0.111       |
|    n_updates            | 99          |
|    policy_gradient_loss | 0.00132     |
|    std                  | 0.796       |
|    value_loss           | 0.131       |
-----------------------------------------
Early stopping at step 0 due to reaching max kl: 0.03
-----------------------------------------
| rollout/                |             |
|    ep_len_mean          | 331         |
|    ep_rew_mean          | 414         |
| time/                   |             |
|    fps                  | 2621        |
|    iterations           | 65          |
|    time_elapsed         | 203         |
|    total_timesteps      | 532480      |
| train/                  |             |
|    approx_kl            | 0.010955914 |
|    clip_fraction        | 0.148       |
|    clip_range           | 0.2         |
|    entropy_loss         | -9.51       |
|    explained_variance   | 0.743       |
|    learning_rate        | 0.000279    |
|    loss                 | 0.0599      |
|    n_updates            | 100         |
|    policy_gradient_loss | 0.00688     |
|    std                  | 0.794       |
|    value_loss           | 0.0879      |
-----------------------------------------
Early stopping at step 0 due to reaching max kl: 0.03
-----------------------------------------
| rollout/                |             |
|    ep_len_mean          | 304         |
|    ep_rew_mean          | 381         |
| time/                   |             |
|    fps                  | 2622        |
|    iterations           | 66          |
|    time_elapsed         | 206         |
|    total_timesteps      | 540672      |
| train/                  |             |
|    approx_kl            | 0.012138486 |
|    clip_fraction        | 0.167       |
|    clip_range           | 0.2         |
|    entropy_loss         | -9.5        |
|    explained_variance   | 0.779       |
|    learning_rate        | 0.000279    |
|    loss                 | 0.0249      |
|    n_updates            | 101         |
|    policy_gradient_loss | 0.00963     |
|    std                  | 0.793       |
|    value_loss           | 0.0805      |
-----------------------------------------
Early stopping at step 0 due to reaching max kl: 0.03
-----------------------------------------
| rollout/                |             |
|    ep_len_mean          | 320         |
|    ep_rew_mean          | 399         |
| time/                   |             |
|    fps                  | 2623        |
|    iterations           | 67          |
|    time_elapsed         | 209         |
|    total_timesteps      | 548864      |
| train/                  |             |
|    approx_kl            | 0.011654212 |
|    clip_fraction        | 0.155       |
|    clip_range           | 0.2         |
|    entropy_loss         | -9.49       |
|    explained_variance   | 0.791       |
|    learning_rate        | 0.000278    |
|    loss                 | 0.0639      |
|    n_updates            | 102         |
|    policy_gradient_loss | 0.00472     |
|    std                  | 0.792       |
|    value_loss           | 0.12        |
-----------------------------------------
Early stopping at step 0 due to reaching max kl: 0.03
-----------------------------------------
| rollout/                |             |
|    ep_len_mean          | 305         |
|    ep_rew_mean          | 383         |
| time/                   |             |
|    fps                  | 2624        |
|    iterations           | 68          |
|    time_elapsed         | 212         |
|    total_timesteps      | 557056      |
| train/                  |             |
|    approx_kl            | 0.014984199 |
|    clip_fraction        | 0.198       |
|    clip_range           | 0.2         |
|    entropy_loss         | -9.47       |
|    explained_variance   | 0.787       |
|    learning_rate        | 0.000278    |
|    loss                 | 0.0955      |
|    n_updates            | 103         |
|    policy_gradient_loss | 0.00754     |
|    std                  | 0.79        |
|    value_loss           | 0.105       |
-----------------------------------------
Early stopping at step 0 due to reaching max kl: 0.04
------------------------------------------
| rollout/                |              |
|    ep_len_mean          | 286          |
|    ep_rew_mean          | 355          |
| time/                   |              |
|    fps                  | 2625         |
|    iterations           | 69           |
|    time_elapsed         | 215          |
|    total_timesteps      | 565248       |
| train/                  |              |
|    approx_kl            | 0.0135544995 |
|    clip_fraction        | 0.19         |
|    clip_range           | 0.2          |
|    entropy_loss         | -9.45        |
|    explained_variance   | 0.79         |
|    learning_rate        | 0.000278     |
|    loss                 | 0.125        |
|    n_updates            | 104          |
|    policy_gradient_loss | 0.00882      |
|    std                  | 0.788        |
|    value_loss           | 0.0922       |
------------------------------------------
Early stopping at step 0 due to reaching max kl: 0.04
-----------------------------------------
| rollout/                |             |
|    ep_len_mean          | 321         |
|    ep_rew_mean          | 399         |
| time/                   |             |
|    fps                  | 2626        |
|    iterations           | 70          |
|    time_elapsed         | 218         |
|    total_timesteps      | 573440      |
| train/                  |             |
|    approx_kl            | 0.012415599 |
|    clip_fraction        | 0.171       |
|    clip_range           | 0.2         |
|    entropy_loss         | -9.44       |
|    explained_variance   | 0.8         |
|    learning_rate        | 0.000277    |
|    loss                 | 0.12        |
|    n_updates            | 105         |
|    policy_gradient_loss | 0.00883     |
|    std                  | 0.787       |
|    value_loss           | 0.105       |
-----------------------------------------
Early stopping at step 0 due to reaching max kl: 0.04
-----------------------------------------
| rollout/                |             |
|    ep_len_mean          | 319         |
|    ep_rew_mean          | 394         |
| time/                   |             |
|    fps                  | 2629        |
|    iterations           | 71          |
|    time_elapsed         | 221         |
|    total_timesteps      | 581632      |
| train/                  |             |
|    approx_kl            | 0.009372755 |
|    clip_fraction        | 0.122       |
|    clip_range           | 0.2         |
|    entropy_loss         | -9.42       |
|    explained_variance   | 0.773       |
|    learning_rate        | 0.000277    |
|    loss                 | 0.0204      |
|    n_updates            | 106         |
|    policy_gradient_loss | 0.00252     |
|    std                  | 0.785       |
|    value_loss           | 0.0692      |
-----------------------------------------
Early stopping at step 0 due to reaching max kl: 0.03
-----------------------------------------
| rollout/                |             |
|    ep_len_mean          | 315         |
|    ep_rew_mean          | 389         |
| time/                   |             |
|    fps                  | 2630        |
|    iterations           | 72          |
|    time_elapsed         | 224         |
|    total_timesteps      | 589824      |
| train/                  |             |
|    approx_kl            | 0.014844912 |
|    clip_fraction        | 0.203       |
|    clip_range           | 0.2         |
|    entropy_loss         | -9.41       |
|    explained_variance   | 0.798       |
|    learning_rate        | 0.000277    |
|    loss                 | 0.108       |
|    n_updates            | 107         |
|    policy_gradient_loss | 0.0081      |
|    std                  | 0.784       |
|    value_loss           | 0.0849      |
-----------------------------------------
Early stopping at step 0 due to reaching max kl: 0.03
-----------------------------------------
| rollout/                |             |
|    ep_len_mean          | 322         |
|    ep_rew_mean          | 400         |
| time/                   |             |
|    fps                  | 2631        |
|    iterations           | 73          |
|    time_elapsed         | 227         |
|    total_timesteps      | 598016      |
| train/                  |             |
|    approx_kl            | 0.013937137 |
|    clip_fraction        | 0.191       |
|    clip_range           | 0.2         |
|    entropy_loss         | -9.39       |
|    explained_variance   | 0.783       |
|    learning_rate        | 0.000276    |
|    loss                 | 0.0878      |
|    n_updates            | 108         |
|    policy_gradient_loss | 0.00399     |
|    std                  | 0.781       |
|    value_loss           | 0.0993      |
-----------------------------------------
Early stopping at step 0 due to reaching max kl: 0.03
------------------------------------------
| rollout/                |              |
|    ep_len_mean          | 322          |
|    ep_rew_mean          | 400          |
| time/                   |              |
|    fps                  | 2632         |
|    iterations           | 74           |
|    time_elapsed         | 230          |
|    total_timesteps      | 606208       |
| train/                  |              |
|    approx_kl            | 0.0133521585 |
|    clip_fraction        | 0.185        |
|    clip_range           | 0.2          |
|    entropy_loss         | -9.37        |
|    explained_variance   | 0.8          |
|    learning_rate        | 0.000276     |
|    loss                 | 0.00575      |
|    n_updates            | 109          |
|    policy_gradient_loss | 0.00633      |
|    std                  | 0.78         |
|    value_loss           | 0.0885       |
------------------------------------------
Early stopping at step 0 due to reaching max kl: 0.03
-----------------------------------------
| rollout/                |             |
|    ep_len_mean          | 353         |
|    ep_rew_mean          | 440         |
| time/                   |             |
|    fps                  | 2633        |
|    iterations           | 75          |
|    time_elapsed         | 233         |
|    total_timesteps      | 614400      |
| train/                  |             |
|    approx_kl            | 0.012845299 |
|    clip_fraction        | 0.175       |
|    clip_range           | 0.2         |
|    entropy_loss         | -9.36       |
|    explained_variance   | 0.817       |
|    learning_rate        | 0.000276    |
|    loss                 | 0.0954      |
|    n_updates            | 110         |
|    policy_gradient_loss | 0.00968     |
|    std                  | 0.779       |
|    value_loss           | 0.0893      |
-----------------------------------------
Early stopping at step 0 due to reaching max kl: 0.03
-----------------------------------------
| rollout/                |             |
|    ep_len_mean          | 377         |
|    ep_rew_mean          | 474         |
| time/                   |             |
|    fps                  | 2634        |
|    iterations           | 76          |
|    time_elapsed         | 236         |
|    total_timesteps      | 622592      |
| train/                  |             |
|    approx_kl            | 0.014799596 |
|    clip_fraction        | 0.202       |
|    clip_range           | 0.2         |
|    entropy_loss         | -9.35       |
|    explained_variance   | 0.789       |
|    learning_rate        | 0.000275    |
|    loss                 | 0.0464      |
|    n_updates            | 111         |
|    policy_gradient_loss | 0.00839     |
|    std                  | 0.778       |
|    value_loss           | 0.063       |
-----------------------------------------
Early stopping at step 0 due to reaching max kl: 0.03
-----------------------------------------
| rollout/                |             |
|    ep_len_mean          | 393         |
|    ep_rew_mean          | 489         |
| time/                   |             |
|    fps                  | 2635        |
|    iterations           | 77          |
|    time_elapsed         | 239         |
|    total_timesteps      | 630784      |
| train/                  |             |
|    approx_kl            | 0.014050071 |
|    clip_fraction        | 0.196       |
|    clip_range           | 0.2         |
|    entropy_loss         | -9.33       |
|    explained_variance   | 0.798       |
|    learning_rate        | 0.000275    |
|    loss                 | 0.0371      |
|    n_updates            | 112         |
|    policy_gradient_loss | 0.00779     |
|    std                  | 0.777       |
|    value_loss           | 0.0686      |
-----------------------------------------
Early stopping at step 0 due to reaching max kl: 0.04
-----------------------------------------
| rollout/                |             |
|    ep_len_mean          | 418         |
|    ep_rew_mean          | 521         |
| time/                   |             |
|    fps                  | 2635        |
|    iterations           | 78          |
|    time_elapsed         | 242         |
|    total_timesteps      | 638976      |
| train/                  |             |
|    approx_kl            | 0.013441174 |
|    clip_fraction        | 0.199       |
|    clip_range           | 0.2         |
|    entropy_loss         | -9.31       |
|    explained_variance   | 0.791       |
|    learning_rate        | 0.000275    |
|    loss                 | 0.102       |
|    n_updates            | 113         |
|    policy_gradient_loss | 0.00807     |
|    std                  | 0.774       |
|    value_loss           | 0.0625      |
-----------------------------------------
Early stopping at step 0 due to reaching max kl: 0.04
------------------------------------------
| rollout/                |              |
|    ep_len_mean          | 447          |
|    ep_rew_mean          | 558          |
| time/                   |              |
|    fps                  | 2636         |
|    iterations           | 79           |
|    time_elapsed         | 245          |
|    total_timesteps      | 647168       |
| train/                  |              |
|    approx_kl            | 0.0140812015 |
|    clip_fraction        | 0.193        |
|    clip_range           | 0.2          |
|    entropy_loss         | -9.29        |
|    explained_variance   | 0.791        |
|    learning_rate        | 0.000274     |
|    loss                 | 0.0747       |
|    n_updates            | 114          |
|    policy_gradient_loss | 0.00359      |
|    std                  | 0.772        |
|    value_loss           | 0.0768       |
------------------------------------------
Early stopping at step 0 due to reaching max kl: 0.03
-----------------------------------------
| rollout/                |             |
|    ep_len_mean          | 457         |
|    ep_rew_mean          | 569         |
| time/                   |             |
|    fps                  | 2638        |
|    iterations           | 80          |
|    time_elapsed         | 248         |
|    total_timesteps      | 655360      |
| train/                  |             |
|    approx_kl            | 0.012138979 |
|    clip_fraction        | 0.162       |
|    clip_range           | 0.2         |
|    entropy_loss         | -9.27       |
|    explained_variance   | 0.8         |
|    learning_rate        | 0.000274    |
|    loss                 | 0.0585      |
|    n_updates            | 115         |
|    policy_gradient_loss | 0.00539     |
|    std                  | 0.771       |
|    value_loss           | 0.0686      |
-----------------------------------------
Early stopping at step 0 due to reaching max kl: 0.03
-----------------------------------------
| rollout/                |             |
|    ep_len_mean          | 468         |
|    ep_rew_mean          | 583         |
| time/                   |             |
|    fps                  | 2638        |
|    iterations           | 81          |
|    time_elapsed         | 251         |
|    total_timesteps      | 663552      |
| train/                  |             |
|    approx_kl            | 0.013306737 |
|    clip_fraction        | 0.182       |
|    clip_range           | 0.2         |
|    entropy_loss         | -9.26       |
|    explained_variance   | 0.786       |
|    learning_rate        | 0.000274    |
|    loss                 | 0.0702      |
|    n_updates            | 116         |
|    policy_gradient_loss | 0.0105      |
|    std                  | 0.769       |
|    value_loss           | 0.0743      |
-----------------------------------------
Early stopping at step 0 due to reaching max kl: 0.03
------------------------------------------
| rollout/                |              |
|    ep_len_mean          | 485          |
|    ep_rew_mean          | 604          |
| time/                   |              |
|    fps                  | 2638         |
|    iterations           | 82           |
|    time_elapsed         | 254          |
|    total_timesteps      | 671744       |
| train/                  |              |
|    approx_kl            | 0.0152928755 |
|    clip_fraction        | 0.215        |
|    clip_range           | 0.2          |
|    entropy_loss         | -9.24        |
|    explained_variance   | 0.784        |
|    learning_rate        | 0.000273     |
|    loss                 | 0.0117       |
|    n_updates            | 117          |
|    policy_gradient_loss | 0.0122       |
|    std                  | 0.767        |
|    value_loss           | 0.0581       |
------------------------------------------
Early stopping at step 0 due to reaching max kl: 0.03
-----------------------------------------
| rollout/                |             |
|    ep_len_mean          | 461         |
|    ep_rew_mean          | 578         |
| time/                   |             |
|    fps                  | 2638        |
|    iterations           | 83          |
|    time_elapsed         | 257         |
|    total_timesteps      | 679936      |
| train/                  |             |
|    approx_kl            | 0.016250862 |
|    clip_fraction        | 0.224       |
|    clip_range           | 0.2         |
|    entropy_loss         | -9.21       |
|    explained_variance   | 0.728       |
|    learning_rate        | 0.000273    |
|    loss                 | 0.0366      |
|    n_updates            | 118         |
|    policy_gradient_loss | 0.00828     |
|    std                  | 0.763       |
|    value_loss           | 0.0542      |
-----------------------------------------
Early stopping at step 0 due to reaching max kl: 0.03
-----------------------------------------
| rollout/                |             |
|    ep_len_mean          | 446         |
|    ep_rew_mean          | 564         |
| time/                   |             |
|    fps                  | 2639        |
|    iterations           | 84          |
|    time_elapsed         | 260         |
|    total_timesteps      | 688128      |
| train/                  |             |
|    approx_kl            | 0.013460461 |
|    clip_fraction        | 0.185       |
|    clip_range           | 0.2         |
|    entropy_loss         | -9.17       |
|    explained_variance   | 0.76        |
|    learning_rate        | 0.000273    |
|    loss                 | 0.0916      |
|    n_updates            | 119         |
|    policy_gradient_loss | 0.00965     |
|    std                  | 0.761       |
|    value_loss           | 0.0903      |
-----------------------------------------
Early stopping at step 0 due to reaching max kl: 0.03
-----------------------------------------
| rollout/                |             |
|    ep_len_mean          | 461         |
|    ep_rew_mean          | 587         |
| time/                   |             |
|    fps                  | 2639        |
|    iterations           | 85          |
|    time_elapsed         | 263         |
|    total_timesteps      | 696320      |
| train/                  |             |
|    approx_kl            | 0.013439026 |
|    clip_fraction        | 0.171       |
|    clip_range           | 0.2         |
|    entropy_loss         | -9.16       |
|    explained_variance   | 0.769       |
|    learning_rate        | 0.000272    |
|    loss                 | 0.0283      |
|    n_updates            | 120         |
|    policy_gradient_loss | 0.00838     |
|    std                  | 0.76        |
|    value_loss           | 0.0704      |
-----------------------------------------
Early stopping at step 0 due to reaching max kl: 0.04
-----------------------------------------
| rollout/                |             |
|    ep_len_mean          | 437         |
|    ep_rew_mean          | 558         |
| time/                   |             |
|    fps                  | 2641        |
|    iterations           | 86          |
|    time_elapsed         | 266         |
|    total_timesteps      | 704512      |
| train/                  |             |
|    approx_kl            | 0.010734091 |
|    clip_fraction        | 0.146       |
|    clip_range           | 0.2         |
|    entropy_loss         | -9.15       |
|    explained_variance   | 0.783       |
|    learning_rate        | 0.000272    |
|    loss                 | 0.0324      |
|    n_updates            | 121         |
|    policy_gradient_loss | 0.00531     |
|    std                  | 0.759       |
|    value_loss           | 0.0814      |
-----------------------------------------
Early stopping at step 0 due to reaching max kl: 0.03
-----------------------------------------
| rollout/                |             |
|    ep_len_mean          | 365         |
|    ep_rew_mean          | 471         |
| time/                   |             |
|    fps                  | 2642        |
|    iterations           | 87          |
|    time_elapsed         | 269         |
|    total_timesteps      | 712704      |
| train/                  |             |
|    approx_kl            | 0.012321883 |
|    clip_fraction        | 0.168       |
|    clip_range           | 0.2         |
|    entropy_loss         | -9.14       |
|    explained_variance   | 0.778       |
|    learning_rate        | 0.000272    |
|    loss                 | 0.0848      |
|    n_updates            | 122         |
|    policy_gradient_loss | 0.00698     |
|    std                  | 0.757       |
|    value_loss           | 0.104       |
-----------------------------------------
Early stopping at step 0 due to reaching max kl: 0.03
-----------------------------------------
| rollout/                |             |
|    ep_len_mean          | 372         |
|    ep_rew_mean          | 478         |
| time/                   |             |
|    fps                  | 2643        |
|    iterations           | 88          |
|    time_elapsed         | 272         |
|    total_timesteps      | 720896      |
| train/                  |             |
|    approx_kl            | 0.012627898 |
|    clip_fraction        | 0.16        |
|    clip_range           | 0.2         |
|    entropy_loss         | -9.12       |
|    explained_variance   | 0.772       |
|    learning_rate        | 0.000271    |
|    loss                 | 0.0338      |
|    n_updates            | 123         |
|    policy_gradient_loss | 0.00934     |
|    std                  | 0.757       |
|    value_loss           | 0.123       |
-----------------------------------------
Early stopping at step 0 due to reaching max kl: 0.03
-----------------------------------------
| rollout/                |             |
|    ep_len_mean          | 347         |
|    ep_rew_mean          | 443         |
| time/                   |             |
|    fps                  | 2643        |
|    iterations           | 89          |
|    time_elapsed         | 275         |
|    total_timesteps      | 729088      |
| train/                  |             |
|    approx_kl            | 0.014287965 |
|    clip_fraction        | 0.201       |
|    clip_range           | 0.2         |
|    entropy_loss         | -9.11       |
|    explained_variance   | 0.801       |
|    learning_rate        | 0.000271    |
|    loss                 | 0.0949      |
|    n_updates            | 124         |
|    policy_gradient_loss | 0.0066      |
|    std                  | 0.755       |
|    value_loss           | 0.0929      |
-----------------------------------------
Early stopping at step 0 due to reaching max kl: 0.03
----------------------------------------
| rollout/                |            |
|    ep_len_mean          | 318        |
|    ep_rew_mean          | 409        |
| time/                   |            |
|    fps                  | 2644       |
|    iterations           | 90         |
|    time_elapsed         | 278        |
|    total_timesteps      | 737280     |
| train/                  |            |
|    approx_kl            | 0.01239882 |
|    clip_fraction        | 0.165      |
|    clip_range           | 0.2        |
|    entropy_loss         | -9.09      |
|    explained_variance   | 0.823      |
|    learning_rate        | 0.000271   |
|    loss                 | 0.176      |
|    n_updates            | 125        |
|    policy_gradient_loss | 0.00913    |
|    std                  | 0.753      |
|    value_loss           | 0.0954     |
----------------------------------------
Early stopping at step 0 due to reaching max kl: 0.03
-----------------------------------------
| rollout/                |             |
|    ep_len_mean          | 339         |
|    ep_rew_mean          | 434         |
| time/                   |             |
|    fps                  | 2644        |
|    iterations           | 91          |
|    time_elapsed         | 281         |
|    total_timesteps      | 745472      |
| train/                  |             |
|    approx_kl            | 0.013824529 |
|    clip_fraction        | 0.189       |
|    clip_range           | 0.2         |
|    entropy_loss         | -9.07       |
|    explained_variance   | 0.802       |
|    learning_rate        | 0.000271    |
|    loss                 | 0.081       |
|    n_updates            | 126         |
|    policy_gradient_loss | 0.00826     |
|    std                  | 0.751       |
|    value_loss           | 0.118       |
-----------------------------------------
Early stopping at step 0 due to reaching max kl: 0.03
-----------------------------------------
| rollout/                |             |
|    ep_len_mean          | 371         |
|    ep_rew_mean          | 478         |
| time/                   |             |
|    fps                  | 2645        |
|    iterations           | 92          |
|    time_elapsed         | 284         |
|    total_timesteps      | 753664      |
| train/                  |             |
|    approx_kl            | 0.012869738 |
|    clip_fraction        | 0.172       |
|    clip_range           | 0.2         |
|    entropy_loss         | -9.06       |
|    explained_variance   | 0.816       |
|    learning_rate        | 0.00027     |
|    loss                 | 0.0339      |
|    n_updates            | 127         |
|    policy_gradient_loss | -0.00249    |
|    std                  | 0.751       |
|    value_loss           | 0.075       |
-----------------------------------------
Early stopping at step 0 due to reaching max kl: 0.03
-----------------------------------------
| rollout/                |             |
|    ep_len_mean          | 378         |
|    ep_rew_mean          | 488         |
| time/                   |             |
|    fps                  | 2646        |
|    iterations           | 93          |
|    time_elapsed         | 287         |
|    total_timesteps      | 761856      |
| train/                  |             |
|    approx_kl            | 0.012951501 |
|    clip_fraction        | 0.182       |
|    clip_range           | 0.2         |
|    entropy_loss         | -9.04       |
|    explained_variance   | 0.815       |
|    learning_rate        | 0.00027     |
|    loss                 | 0.0214      |
|    n_updates            | 128         |
|    policy_gradient_loss | 0.00839     |
|    std                  | 0.749       |
|    value_loss           | 0.0795      |
-----------------------------------------
Early stopping at step 0 due to reaching max kl: 0.03
----------------------------------------
| rollout/                |            |
|    ep_len_mean          | 411        |
|    ep_rew_mean          | 532        |
| time/                   |            |
|    fps                  | 2647       |
|    iterations           | 94         |
|    time_elapsed         | 290        |
|    total_timesteps      | 770048     |
| train/                  |            |
|    approx_kl            | 0.01285012 |
|    clip_fraction        | 0.178      |
|    clip_range           | 0.2        |
|    entropy_loss         | -9.02      |
|    explained_variance   | 0.805      |
|    learning_rate        | 0.00027    |
|    loss                 | 0.0197     |
|    n_updates            | 129        |
|    policy_gradient_loss | 0.0073     |
|    std                  | 0.746      |
|    value_loss           | 0.0485     |
----------------------------------------
Early stopping at step 0 due to reaching max kl: 0.03
-----------------------------------------
| rollout/                |             |
|    ep_len_mean          | 465         |
|    ep_rew_mean          | 603         |
| time/                   |             |
|    fps                  | 2648        |
|    iterations           | 95          |
|    time_elapsed         | 293         |
|    total_timesteps      | 778240      |
| train/                  |             |
|    approx_kl            | 0.010809324 |
|    clip_fraction        | 0.143       |
|    clip_range           | 0.2         |
|    entropy_loss         | -9          |
|    explained_variance   | 0.764       |
|    learning_rate        | 0.000269    |
|    loss                 | 0.0718      |
|    n_updates            | 130         |
|    policy_gradient_loss | 0.00486     |
|    std                  | 0.745       |
|    value_loss           | 0.0695      |
-----------------------------------------
Early stopping at step 0 due to reaching max kl: 0.03
-----------------------------------------
| rollout/                |             |
|    ep_len_mean          | 469         |
|    ep_rew_mean          | 610         |
| time/                   |             |
|    fps                  | 2649        |
|    iterations           | 96          |
|    time_elapsed         | 296         |
|    total_timesteps      | 786432      |
| train/                  |             |
|    approx_kl            | 0.010481793 |
|    clip_fraction        | 0.147       |
|    clip_range           | 0.2         |
|    entropy_loss         | -8.98       |
|    explained_variance   | 0.753       |
|    learning_rate        | 0.000269    |
|    loss                 | -0.0181     |
|    n_updates            | 131         |
|    policy_gradient_loss | 0.00287     |
|    std                  | 0.743       |
|    value_loss           | 0.0756      |
-----------------------------------------
Early stopping at step 0 due to reaching max kl: 0.03
-----------------------------------------
| rollout/                |             |
|    ep_len_mean          | 439         |
|    ep_rew_mean          | 573         |
| time/                   |             |
|    fps                  | 2650        |
|    iterations           | 97          |
|    time_elapsed         | 299         |
|    total_timesteps      | 794624      |
| train/                  |             |
|    approx_kl            | 0.013218902 |
|    clip_fraction        | 0.179       |
|    clip_range           | 0.2         |
|    entropy_loss         | -8.96       |
|    explained_variance   | 0.72        |
|    learning_rate        | 0.000269    |
|    loss                 | 0.0476      |
|    n_updates            | 132         |
|    policy_gradient_loss | 0.00623     |
|    std                  | 0.741       |
|    value_loss           | 0.0937      |
-----------------------------------------
Early stopping at step 0 due to reaching max kl: 0.04
[Progress] Training 2/6: 794,628/5,000,000 steps (15.9%); 4 full runs remain afterward; rough training ETA 2h 32m.
----------------------------------------
| rollout/                |            |
|    ep_len_mean          | 429        |
|    ep_rew_mean          | 561        |
| time/                   |            |
|    fps                  | 2650       |
|    iterations           | 98         |
|    time_elapsed         | 302        |
|    total_timesteps      | 802816     |
| train/                  |            |
|    approx_kl            | 0.01652909 |
|    clip_fraction        | 0.23       |
|    clip_range           | 0.2        |
|    entropy_loss         | -8.94      |
|    explained_variance   | 0.746      |
|    learning_rate        | 0.000268   |
|    loss                 | 0.182      |
|    n_updates            | 133        |
|    policy_gradient_loss | 0.0125     |
|    std                  | 0.739      |
|    value_loss           | 0.105      |
----------------------------------------
Early stopping at step 0 due to reaching max kl: 0.03
-----------------------------------------
| rollout/                |             |
|    ep_len_mean          | 430         |
|    ep_rew_mean          | 567         |
| time/                   |             |
|    fps                  | 2651        |
|    iterations           | 99          |
|    time_elapsed         | 305         |
|    total_timesteps      | 811008      |
| train/                  |             |
|    approx_kl            | 0.010682809 |
|    clip_fraction        | 0.142       |
|    clip_range           | 0.2         |
|    entropy_loss         | -8.93       |
|    explained_variance   | 0.789       |
|    learning_rate        | 0.000268    |
|    loss                 | 0.0403      |
|    n_updates            | 134         |
|    policy_gradient_loss | 0.000727    |
|    std                  | 0.738       |
|    value_loss           | 0.0868      |
-----------------------------------------
Early stopping at step 0 due to reaching max kl: 0.03
----------------------------------------
| rollout/                |            |
|    ep_len_mean          | 423        |
|    ep_rew_mean          | 559        |
| time/                   |            |
|    fps                  | 2652       |
|    iterations           | 100        |
|    time_elapsed         | 308        |
|    total_timesteps      | 819200     |
| train/                  |            |
|    approx_kl            | 0.01202772 |
|    clip_fraction        | 0.174      |
|    clip_range           | 0.2        |
|    entropy_loss         | -8.92      |
|    explained_variance   | 0.778      |
|    learning_rate        | 0.000268   |
|    loss                 | 0.0509     |
|    n_updates            | 135        |
|    policy_gradient_loss | 0.00818    |
|    std                  | 0.737      |
|    value_loss           | 0.0534     |
----------------------------------------
Early stopping at step 0 due to reaching max kl: 0.03
-----------------------------------------
| rollout/                |             |
|    ep_len_mean          | 425         |
|    ep_rew_mean          | 563         |
| time/                   |             |
|    fps                  | 2653        |
|    iterations           | 101         |
|    time_elapsed         | 311         |
|    total_timesteps      | 827392      |
| train/                  |             |
|    approx_kl            | 0.011257183 |
|    clip_fraction        | 0.151       |
|    clip_range           | 0.2         |
|    entropy_loss         | -8.91       |
|    explained_variance   | 0.751       |
|    learning_rate        | 0.000267    |
|    loss                 | 0.0143      |
|    n_updates            | 136         |
|    policy_gradient_loss | 0.0028      |
|    std                  | 0.736       |
|    value_loss           | 0.0634      |
-----------------------------------------
Early stopping at step 0 due to reaching max kl: 0.03
-----------------------------------------
| rollout/                |             |
|    ep_len_mean          | 445         |
|    ep_rew_mean          | 590         |
| time/                   |             |
|    fps                  | 2654        |
|    iterations           | 102         |
|    time_elapsed         | 314         |
|    total_timesteps      | 835584      |
| train/                  |             |
|    approx_kl            | 0.009988176 |
|    clip_fraction        | 0.135       |
|    clip_range           | 0.2         |
|    entropy_loss         | -8.89       |
|    explained_variance   | 0.779       |
|    learning_rate        | 0.000267    |
|    loss                 | 0.124       |
|    n_updates            | 137         |
|    policy_gradient_loss | 0.00596     |
|    std                  | 0.735       |
|    value_loss           | 0.0802      |
-----------------------------------------
Early stopping at step 0 due to reaching max kl: 0.04
-----------------------------------------
| rollout/                |             |
|    ep_len_mean          | 439         |
|    ep_rew_mean          | 586         |
| time/                   |             |
|    fps                  | 2654        |
|    iterations           | 103         |
|    time_elapsed         | 317         |
|    total_timesteps      | 843776      |
| train/                  |             |
|    approx_kl            | 0.014057255 |
|    clip_fraction        | 0.191       |
|    clip_range           | 0.2         |
|    entropy_loss         | -8.88       |
|    explained_variance   | 0.779       |
|    learning_rate        | 0.000267    |
|    loss                 | 0.0866      |
|    n_updates            | 138         |
|    policy_gradient_loss | 0.00799     |
|    std                  | 0.734       |
|    value_loss           | 0.0644      |
-----------------------------------------
Early stopping at step 0 due to reaching max kl: 0.03
-----------------------------------------
| rollout/                |             |
|    ep_len_mean          | 393         |
|    ep_rew_mean          | 521         |
| time/                   |             |
|    fps                  | 2656        |
|    iterations           | 104         |
|    time_elapsed         | 320         |
|    total_timesteps      | 851968      |
| train/                  |             |
|    approx_kl            | 0.010791632 |
|    clip_fraction        | 0.136       |
|    clip_range           | 0.2         |
|    entropy_loss         | -8.87       |
|    explained_variance   | 0.726       |
|    learning_rate        | 0.000266    |
|    loss                 | 0.0126      |
|    n_updates            | 139         |
|    policy_gradient_loss | 0.000676    |
|    std                  | 0.733       |
|    value_loss           | 0.0964      |
-----------------------------------------
Early stopping at step 0 due to reaching max kl: 0.03
-----------------------------------------
| rollout/                |             |
|    ep_len_mean          | 371         |
|    ep_rew_mean          | 492         |
| time/                   |             |
|    fps                  | 2657        |
|    iterations           | 105         |
|    time_elapsed         | 323         |
|    total_timesteps      | 860160      |
| train/                  |             |
|    approx_kl            | 0.009049125 |
|    clip_fraction        | 0.115       |
|    clip_range           | 0.2         |
|    entropy_loss         | -8.86       |
|    explained_variance   | 0.742       |
|    learning_rate        | 0.000266    |
|    loss                 | 0.113       |
|    n_updates            | 140         |
|    policy_gradient_loss | 0.00384     |
|    std                  | 0.732       |
|    value_loss           | 0.129       |
-----------------------------------------
Early stopping at step 0 due to reaching max kl: 0.04
-----------------------------------------
| rollout/                |             |
|    ep_len_mean          | 330         |
|    ep_rew_mean          | 442         |
| time/                   |             |
|    fps                  | 2658        |
|    iterations           | 106         |
|    time_elapsed         | 326         |
|    total_timesteps      | 868352      |
| train/                  |             |
|    approx_kl            | 0.014018257 |
|    clip_fraction        | 0.188       |
|    clip_range           | 0.2         |
|    entropy_loss         | -8.85       |
|    explained_variance   | 0.766       |
|    learning_rate        | 0.000266    |
|    loss                 | 0.18        |
|    n_updates            | 141         |
|    policy_gradient_loss | 0.00986     |
|    std                  | 0.731       |
|    value_loss           | 0.0941      |
-----------------------------------------
Early stopping at step 0 due to reaching max kl: 0.04
-----------------------------------------
| rollout/                |             |
|    ep_len_mean          | 313         |
|    ep_rew_mean          | 419         |
| time/                   |             |
|    fps                  | 2659        |
|    iterations           | 107         |
|    time_elapsed         | 329         |
|    total_timesteps      | 876544      |
| train/                  |             |
|    approx_kl            | 0.014590132 |
|    clip_fraction        | 0.201       |
|    clip_range           | 0.2         |
|    entropy_loss         | -8.83       |
|    explained_variance   | 0.731       |
|    learning_rate        | 0.000265    |
|    loss                 | 0.0795      |
|    n_updates            | 142         |
|    policy_gradient_loss | 0.00573     |
|    std                  | 0.73        |
|    value_loss           | 0.143       |
-----------------------------------------
Early stopping at step 0 due to reaching max kl: 0.03
----------------------------------------
| rollout/                |            |
|    ep_len_mean          | 351        |
|    ep_rew_mean          | 473        |
| time/                   |            |
|    fps                  | 2659       |
|    iterations           | 108        |
|    time_elapsed         | 332        |
|    total_timesteps      | 884736     |
| train/                  |            |
|    approx_kl            | 0.01345345 |
|    clip_fraction        | 0.182      |
|    clip_range           | 0.2        |
|    entropy_loss         | -8.82      |
|    explained_variance   | 0.777      |
|    learning_rate        | 0.000265   |
|    loss                 | 0.0594     |
|    n_updates            | 143        |
|    policy_gradient_loss | 0.00345    |
|    std                  | 0.729      |
|    value_loss           | 0.114      |
----------------------------------------
Early stopping at step 0 due to reaching max kl: 0.03
-----------------------------------------
| rollout/                |             |
|    ep_len_mean          | 381         |
|    ep_rew_mean          | 515         |
| time/                   |             |
|    fps                  | 2660        |
|    iterations           | 109         |
|    time_elapsed         | 335         |
|    total_timesteps      | 892928      |
| train/                  |             |
|    approx_kl            | 0.011319918 |
|    clip_fraction        | 0.155       |
|    clip_range           | 0.2         |
|    entropy_loss         | -8.81       |
|    explained_variance   | 0.791       |
|    learning_rate        | 0.000265    |
|    loss                 | 0.0932      |
|    n_updates            | 144         |
|    policy_gradient_loss | 0.00867     |
|    std                  | 0.728       |
|    value_loss           | 0.0664      |
-----------------------------------------
Early stopping at step 0 due to reaching max kl: 0.03
-----------------------------------------
| rollout/                |             |
|    ep_len_mean          | 384         |
|    ep_rew_mean          | 520         |
| time/                   |             |
|    fps                  | 2661        |
|    iterations           | 110         |
|    time_elapsed         | 338         |
|    total_timesteps      | 901120      |
| train/                  |             |
|    approx_kl            | 0.010874727 |
|    clip_fraction        | 0.155       |
|    clip_range           | 0.2         |
|    entropy_loss         | -8.8        |
|    explained_variance   | 0.745       |
|    learning_rate        | 0.000264    |
|    loss                 | 0.0294      |
|    n_updates            | 145         |
|    policy_gradient_loss | 0.000139    |
|    std                  | 0.726       |
|    value_loss           | 0.0678      |
-----------------------------------------
Early stopping at step 0 due to reaching max kl: 0.03
-----------------------------------------
| rollout/                |             |
|    ep_len_mean          | 411         |
|    ep_rew_mean          | 558         |
| time/                   |             |
|    fps                  | 2662        |
|    iterations           | 111         |
|    time_elapsed         | 341         |
|    total_timesteps      | 909312      |
| train/                  |             |
|    approx_kl            | 0.010943385 |
|    clip_fraction        | 0.149       |
|    clip_range           | 0.2         |
|    entropy_loss         | -8.79       |
|    explained_variance   | 0.75        |
|    learning_rate        | 0.000264    |
|    loss                 | 0.0755      |
|    n_updates            | 146         |
|    policy_gradient_loss | 0.00288     |
|    std                  | 0.725       |
|    value_loss           | 0.088       |
-----------------------------------------
Early stopping at step 0 due to reaching max kl: 0.03
-----------------------------------------
| rollout/                |             |
|    ep_len_mean          | 439         |
|    ep_rew_mean          | 599         |
| time/                   |             |
|    fps                  | 2663        |
|    iterations           | 112         |
|    time_elapsed         | 344         |
|    total_timesteps      | 917504      |
| train/                  |             |
|    approx_kl            | 0.007592024 |
|    clip_fraction        | 0.0922      |
|    clip_range           | 0.2         |
|    entropy_loss         | -8.77       |
|    explained_variance   | 0.744       |
|    learning_rate        | 0.000264    |
|    loss                 | 0.0971      |
|    n_updates            | 147         |
|    policy_gradient_loss | 0.00622     |
|    std                  | 0.724       |
|    value_loss           | 0.0733      |
-----------------------------------------
Early stopping at step 0 due to reaching max kl: 0.03
-----------------------------------------
| rollout/                |             |
|    ep_len_mean          | 457         |
|    ep_rew_mean          | 627         |
| time/                   |             |
|    fps                  | 2663        |
|    iterations           | 113         |
|    time_elapsed         | 347         |
|    total_timesteps      | 925696      |
| train/                  |             |
|    approx_kl            | 0.013288196 |
|    clip_fraction        | 0.177       |
|    clip_range           | 0.2         |
|    entropy_loss         | -8.77       |
|    explained_variance   | 0.704       |
|    learning_rate        | 0.000263    |
|    loss                 | 0.0404      |
|    n_updates            | 148         |
|    policy_gradient_loss | 0.00801     |
|    std                  | 0.724       |
|    value_loss           | 0.0816      |
-----------------------------------------
Early stopping at step 0 due to reaching max kl: 0.03
-----------------------------------------
| rollout/                |             |
|    ep_len_mean          | 425         |
|    ep_rew_mean          | 586         |
| time/                   |             |
|    fps                  | 2664        |
|    iterations           | 114         |
|    time_elapsed         | 350         |
|    total_timesteps      | 933888      |
| train/                  |             |
|    approx_kl            | 0.013944973 |
|    clip_fraction        | 0.186       |
|    clip_range           | 0.2         |
|    entropy_loss         | -8.75       |
|    explained_variance   | 0.76        |
|    learning_rate        | 0.000263    |
|    loss                 | -0.0147     |
|    n_updates            | 149         |
|    policy_gradient_loss | 0.00814     |
|    std                  | 0.723       |
|    value_loss           | 0.0983      |
-----------------------------------------
Early stopping at step 0 due to reaching max kl: 0.04
-----------------------------------------
| rollout/                |             |
|    ep_len_mean          | 442         |
|    ep_rew_mean          | 610         |
| time/                   |             |
|    fps                  | 2664        |
|    iterations           | 115         |
|    time_elapsed         | 353         |
|    total_timesteps      | 942080      |
| train/                  |             |
|    approx_kl            | 0.013723176 |
|    clip_fraction        | 0.191       |
|    clip_range           | 0.2         |
|    entropy_loss         | -8.74       |
|    explained_variance   | 0.705       |
|    learning_rate        | 0.000263    |
|    loss                 | 0.0429      |
|    n_updates            | 150         |
|    policy_gradient_loss | 0.00611     |
|    std                  | 0.722       |
|    value_loss           | 0.115       |
-----------------------------------------
Early stopping at step 0 due to reaching max kl: 0.04
-----------------------------------------
| rollout/                |             |
|    ep_len_mean          | 424         |
|    ep_rew_mean          | 583         |
| time/                   |             |
|    fps                  | 2664        |
|    iterations           | 116         |
|    time_elapsed         | 356         |
|    total_timesteps      | 950272      |
| train/                  |             |
|    approx_kl            | 0.015228572 |
|    clip_fraction        | 0.215       |
|    clip_range           | 0.2         |
|    entropy_loss         | -8.72       |
|    explained_variance   | 0.777       |
|    learning_rate        | 0.000262    |
|    loss                 | 0.0176      |
|    n_updates            | 151         |
|    policy_gradient_loss | 0.00855     |
|    std                  | 0.719       |
|    value_loss           | 0.0626      |
-----------------------------------------
Early stopping at step 0 due to reaching max kl: 0.03
-----------------------------------------
| rollout/                |             |
|    ep_len_mean          | 402         |
|    ep_rew_mean          | 556         |
| time/                   |             |
|    fps                  | 2664        |
|    iterations           | 117         |
|    time_elapsed         | 359         |
|    total_timesteps      | 958464      |
| train/                  |             |
|    approx_kl            | 0.015501971 |
|    clip_fraction        | 0.207       |
|    clip_range           | 0.2         |
|    entropy_loss         | -8.69       |
|    explained_variance   | 0.735       |
|    learning_rate        | 0.000262    |
|    loss                 | 0.118       |
|    n_updates            | 152         |
|    policy_gradient_loss | 0.00915     |
|    std                  | 0.716       |
|    value_loss           | 0.111       |
-----------------------------------------
Early stopping at step 0 due to reaching max kl: 0.03
-----------------------------------------
| rollout/                |             |
|    ep_len_mean          | 386         |
|    ep_rew_mean          | 534         |
| time/                   |             |
|    fps                  | 2665        |
|    iterations           | 118         |
|    time_elapsed         | 362         |
|    total_timesteps      | 966656      |
| train/                  |             |
|    approx_kl            | 0.010217115 |
|    clip_fraction        | 0.138       |
|    clip_range           | 0.2         |
|    entropy_loss         | -8.67       |
|    explained_variance   | 0.736       |
|    learning_rate        | 0.000262    |
|    loss                 | 0.0656      |
|    n_updates            | 153         |
|    policy_gradient_loss | 0.00559     |
|    std                  | 0.715       |
|    value_loss           | 0.123       |
-----------------------------------------
Early stopping at step 0 due to reaching max kl: 0.03
-----------------------------------------
| rollout/                |             |
|    ep_len_mean          | 421         |
|    ep_rew_mean          | 583         |
| time/                   |             |
|    fps                  | 2666        |
|    iterations           | 119         |
|    time_elapsed         | 365         |
|    total_timesteps      | 974848      |
| train/                  |             |
|    approx_kl            | 0.012240238 |
|    clip_fraction        | 0.155       |
|    clip_range           | 0.2         |
|    entropy_loss         | -8.66       |
|    explained_variance   | 0.726       |
|    learning_rate        | 0.000261    |
|    loss                 | 0.0826      |
|    n_updates            | 154         |
|    policy_gradient_loss | 0.00385     |
|    std                  | 0.714       |
|    value_loss           | 0.136       |
-----------------------------------------
Early stopping at step 0 due to reaching max kl: 0.03
----------------------------------------
| rollout/                |            |
|    ep_len_mean          | 416        |
|    ep_rew_mean          | 576        |
| time/                   |            |
|    fps                  | 2666       |
|    iterations           | 120        |
|    time_elapsed         | 368        |
|    total_timesteps      | 983040     |
| train/                  |            |
|    approx_kl            | 0.01441606 |
|    clip_fraction        | 0.189      |
|    clip_range           | 0.2        |
|    entropy_loss         | -8.66      |
|    explained_variance   | 0.774      |
|    learning_rate        | 0.000261   |
|    loss                 | 0.105      |
|    n_updates            | 155        |
|    policy_gradient_loss | 0.00724    |
|    std                  | 0.714      |
|    value_loss           | 0.0696     |
----------------------------------------
Early stopping at step 0 due to reaching max kl: 0.03
----------------------------------------
| rollout/                |            |
|    ep_len_mean          | 441        |
|    ep_rew_mean          | 612        |
| time/                   |            |
|    fps                  | 2666       |
|    iterations           | 121        |
|    time_elapsed         | 371        |
|    total_timesteps      | 991232     |
| train/                  |            |
|    approx_kl            | 0.01311791 |
|    clip_fraction        | 0.184      |
|    clip_range           | 0.2        |
|    entropy_loss         | -8.64      |
|    explained_variance   | 0.767      |
|    learning_rate        | 0.000261   |
|    loss                 | 0.119      |
|    n_updates            | 156        |
|    policy_gradient_loss | 0.00773    |
|    std                  | 0.712      |
|    value_loss           | 0.0431     |
----------------------------------------
Early stopping at step 0 due to reaching max kl: 0.04
-----------------------------------------
| rollout/                |             |
|    ep_len_mean          | 471         |
|    ep_rew_mean          | 655         |
| time/                   |             |
|    fps                  | 2667        |
|    iterations           | 122         |
|    time_elapsed         | 374         |
|    total_timesteps      | 999424      |
| train/                  |             |
|    approx_kl            | 0.011643257 |
|    clip_fraction        | 0.152       |
|    clip_range           | 0.2         |
|    entropy_loss         | -8.62       |
|    explained_variance   | 0.758       |
|    learning_rate        | 0.00026     |
|    loss                 | 0.0207      |
|    n_updates            | 157         |
|    policy_gradient_loss | -8.1e-05    |
|    std                  | 0.711       |
|    value_loss           | 0.0831      |
-----------------------------------------
Early stopping at step 0 due to reaching max kl: 0.03
-----------------------------------------
| rollout/                |             |
|    ep_len_mean          | 487         |
|    ep_rew_mean          | 677         |
| time/                   |             |
|    fps                  | 2668        |
|    iterations           | 123         |
|    time_elapsed         | 377         |
|    total_timesteps      | 1007616     |
| train/                  |             |
|    approx_kl            | 0.009671784 |
|    clip_fraction        | 0.132       |
|    clip_range           | 0.2         |
|    entropy_loss         | -8.62       |
|    explained_variance   | 0.681       |
|    learning_rate        | 0.00026     |
|    loss                 | 0.0254      |
|    n_updates            | 158         |
|    policy_gradient_loss | 0.000631    |
|    std                  | 0.71        |
|    value_loss           | 0.0746      |
-----------------------------------------
Early stopping at step 1 due to reaching max kl: 0.04
-----------------------------------------
| rollout/                |             |
|    ep_len_mean          | 494         |
|    ep_rew_mean          | 689         |
| time/                   |             |
|    fps                  | 2667        |
|    iterations           | 124         |
|    time_elapsed         | 380         |
|    total_timesteps      | 1015808     |
| train/                  |             |
|    approx_kl            | 0.027381971 |
|    clip_fraction        | 0.221       |
|    clip_range           | 0.2         |
|    entropy_loss         | -8.59       |
|    explained_variance   | 0.762       |
|    learning_rate        | 0.00026     |
|    loss                 | -0.0284     |
|    n_updates            | 160         |
|    policy_gradient_loss | 0.0115      |
|    std                  | 0.708       |
|    value_loss           | 0.0524      |
-----------------------------------------
Early stopping at step 0 due to reaching max kl: 0.03
-----------------------------------------
| rollout/                |             |
|    ep_len_mean          | 522         |
|    ep_rew_mean          | 727         |
| time/                   |             |
|    fps                  | 2668        |
|    iterations           | 125         |
|    time_elapsed         | 383         |
|    total_timesteps      | 1024000     |
| train/                  |             |
|    approx_kl            | 0.013773904 |
|    clip_fraction        | 0.183       |
|    clip_range           | 0.2         |
|    entropy_loss         | -8.57       |
|    explained_variance   | 0.775       |
|    learning_rate        | 0.000259    |
|    loss                 | 0.14        |
|    n_updates            | 161         |
|    policy_gradient_loss | 0.00892     |
|    std                  | 0.706       |
|    value_loss           | 0.0909      |
-----------------------------------------
Early stopping at step 0 due to reaching max kl: 0.03
-----------------------------------------
| rollout/                |             |
|    ep_len_mean          | 560         |
|    ep_rew_mean          | 781         |
| time/                   |             |
|    fps                  | 2668        |
|    iterations           | 126         |
|    time_elapsed         | 386         |
|    total_timesteps      | 1032192     |
| train/                  |             |
|    approx_kl            | 0.013015672 |
|    clip_fraction        | 0.183       |
|    clip_range           | 0.2         |
|    entropy_loss         | -8.56       |
|    explained_variance   | 0.826       |
|    learning_rate        | 0.000259    |
|    loss                 | 0.02        |
|    n_updates            | 162         |
|    policy_gradient_loss | 0.0094      |
|    std                  | 0.705       |
|    value_loss           | 0.0547      |
-----------------------------------------
Early stopping at step 0 due to reaching max kl: 0.03
-----------------------------------------
| rollout/                |             |
|    ep_len_mean          | 521         |
|    ep_rew_mean          | 728         |
| time/                   |             |
|    fps                  | 2668        |
|    iterations           | 127         |
|    time_elapsed         | 389         |
|    total_timesteps      | 1040384     |
| train/                  |             |
|    approx_kl            | 0.013995722 |
|    clip_fraction        | 0.196       |
|    clip_range           | 0.2         |
|    entropy_loss         | -8.54       |
|    explained_variance   | 0.718       |
|    learning_rate        | 0.000259    |
|    loss                 | 0.0285      |
|    n_updates            | 163         |
|    policy_gradient_loss | 0.00714     |
|    std                  | 0.702       |
|    value_loss           | 0.0271      |
-----------------------------------------
Early stopping at step 0 due to reaching max kl: 0.03
-----------------------------------------
| rollout/                |             |
|    ep_len_mean          | 523         |
|    ep_rew_mean          | 731         |
| time/                   |             |
|    fps                  | 2669        |
|    iterations           | 128         |
|    time_elapsed         | 392         |
|    total_timesteps      | 1048576     |
| train/                  |             |
|    approx_kl            | 0.012943182 |
|    clip_fraction        | 0.166       |
|    clip_range           | 0.2         |
|    entropy_loss         | -8.51       |
|    explained_variance   | 0.729       |
|    learning_rate        | 0.000258    |
|    loss                 | -0.00554    |
|    n_updates            | 164         |
|    policy_gradient_loss | 0.00417     |
|    std                  | 0.701       |
|    value_loss           | 0.0942      |
-----------------------------------------
Early stopping at step 0 due to reaching max kl: 0.04
-----------------------------------------
| rollout/                |             |
|    ep_len_mean          | 509         |
|    ep_rew_mean          | 711         |
| time/                   |             |
|    fps                  | 2669        |
|    iterations           | 129         |
|    time_elapsed         | 395         |
|    total_timesteps      | 1056768     |
| train/                  |             |
|    approx_kl            | 0.012251285 |
|    clip_fraction        | 0.164       |
|    clip_range           | 0.2         |
|    entropy_loss         | -8.51       |
|    explained_variance   | 0.751       |
|    learning_rate        | 0.000258    |
|    loss                 | 0.0962      |
|    n_updates            | 165         |
|    policy_gradient_loss | 0.00795     |
|    std                  | 0.701       |
|    value_loss           | 0.0856      |
-----------------------------------------
Early stopping at step 0 due to reaching max kl: 0.04
-----------------------------------------
| rollout/                |             |
|    ep_len_mean          | 542         |
|    ep_rew_mean          | 761         |
| time/                   |             |
|    fps                  | 2670        |
|    iterations           | 130         |
|    time_elapsed         | 398         |
|    total_timesteps      | 1064960     |
| train/                  |             |
|    approx_kl            | 0.013004945 |
|    clip_fraction        | 0.16        |
|    clip_range           | 0.2         |
|    entropy_loss         | -8.5        |
|    explained_variance   | 0.767       |
|    learning_rate        | 0.000258    |
|    loss                 | 0.201       |
|    n_updates            | 166         |
|    policy_gradient_loss | 0.00431     |
|    std                  | 0.7         |
|    value_loss           | 0.0924      |
-----------------------------------------
Early stopping at step 0 due to reaching max kl: 0.03
-----------------------------------------
| rollout/                |             |
|    ep_len_mean          | 546         |
|    ep_rew_mean          | 765         |
| time/                   |             |
|    fps                  | 2671        |
|    iterations           | 131         |
|    time_elapsed         | 401         |
|    total_timesteps      | 1073152     |
| train/                  |             |
|    approx_kl            | 0.011989312 |
|    clip_fraction        | 0.16        |
|    clip_range           | 0.2         |
|    entropy_loss         | -8.48       |
|    explained_variance   | 0.745       |
|    learning_rate        | 0.000257    |
|    loss                 | 0.0286      |
|    n_updates            | 167         |
|    policy_gradient_loss | 0.00699     |
|    std                  | 0.698       |
|    value_loss           | 0.048       |
-----------------------------------------
Early stopping at step 0 due to reaching max kl: 0.03
----------------------------------------
| rollout/                |            |
|    ep_len_mean          | 485        |
|    ep_rew_mean          | 682        |
| time/                   |            |
|    fps                  | 2671       |
|    iterations           | 132        |
|    time_elapsed         | 404        |
|    total_timesteps      | 1081344    |
| train/                  |            |
|    approx_kl            | 0.01374255 |
|    clip_fraction        | 0.2        |
|    clip_range           | 0.2        |
|    entropy_loss         | -8.46      |
|    explained_variance   | 0.777      |
|    learning_rate        | 0.000257   |
|    loss                 | 0.0197     |
|    n_updates            | 168        |
|    policy_gradient_loss | 0.00672    |
|    std                  | 0.697      |
|    value_loss           | 0.0659     |
----------------------------------------
Early stopping at step 0 due to reaching max kl: 0.03
-----------------------------------------
| rollout/                |             |
|    ep_len_mean          | 513         |
|    ep_rew_mean          | 722         |
| time/                   |             |
|    fps                  | 2672        |
|    iterations           | 133         |
|    time_elapsed         | 407         |
|    total_timesteps      | 1089536     |
| train/                  |             |
|    approx_kl            | 0.011036186 |
|    clip_fraction        | 0.145       |
|    clip_range           | 0.2         |
|    entropy_loss         | -8.45       |
|    explained_variance   | 0.773       |
|    learning_rate        | 0.000257    |
|    loss                 | 0.0166      |
|    n_updates            | 169         |
|    policy_gradient_loss | 0.00691     |
|    std                  | 0.696       |
|    value_loss           | 0.0898      |
-----------------------------------------
Early stopping at step 0 due to reaching max kl: 0.04
-----------------------------------------
| rollout/                |             |
|    ep_len_mean          | 512         |
|    ep_rew_mean          | 722         |
| time/                   |             |
|    fps                  | 2672        |
|    iterations           | 134         |
|    time_elapsed         | 410         |
|    total_timesteps      | 1097728     |
| train/                  |             |
|    approx_kl            | 0.011430823 |
|    clip_fraction        | 0.153       |
|    clip_range           | 0.2         |
|    entropy_loss         | -8.45       |
|    explained_variance   | 0.819       |
|    learning_rate        | 0.000256    |
|    loss                 | -0.00776    |
|    n_updates            | 170         |
|    policy_gradient_loss | 0.000984    |
|    std                  | 0.695       |
|    value_loss           | 0.0494      |
-----------------------------------------
Early stopping at step 0 due to reaching max kl: 0.03
-----------------------------------------
| rollout/                |             |
|    ep_len_mean          | 546         |
|    ep_rew_mean          | 772         |
| time/                   |             |
|    fps                  | 2673        |
|    iterations           | 135         |
|    time_elapsed         | 413         |
|    total_timesteps      | 1105920     |
| train/                  |             |
|    approx_kl            | 0.014658071 |
|    clip_fraction        | 0.207       |
|    clip_range           | 0.2         |
|    entropy_loss         | -8.43       |
|    explained_variance   | 0.783       |
|    learning_rate        | 0.000256    |
|    loss                 | 0.0954      |
|    n_updates            | 171         |
|    policy_gradient_loss | 0.00773     |
|    std                  | 0.694       |
|    value_loss           | 0.0857      |
-----------------------------------------
Early stopping at step 0 due to reaching max kl: 0.04
-----------------------------------------
| rollout/                |             |
|    ep_len_mean          | 533         |
|    ep_rew_mean          | 753         |
| time/                   |             |
|    fps                  | 2673        |
|    iterations           | 136         |
|    time_elapsed         | 416         |
|    total_timesteps      | 1114112     |
| train/                  |             |
|    approx_kl            | 0.014817326 |
|    clip_fraction        | 0.205       |
|    clip_range           | 0.2         |
|    entropy_loss         | -8.42       |
|    explained_variance   | 0.824       |
|    learning_rate        | 0.000256    |
|    loss                 | 0.0913      |
|    n_updates            | 172         |
|    policy_gradient_loss | 0.00833     |
|    std                  | 0.693       |
|    value_loss           | 0.0508      |
-----------------------------------------
Early stopping at step 0 due to reaching max kl: 0.03
-----------------------------------------
| rollout/                |             |
|    ep_len_mean          | 541         |
|    ep_rew_mean          | 768         |
| time/                   |             |
|    fps                  | 2672        |
|    iterations           | 137         |
|    time_elapsed         | 419         |
|    total_timesteps      | 1122304     |
| train/                  |             |
|    approx_kl            | 0.013866712 |
|    clip_fraction        | 0.176       |
|    clip_range           | 0.2         |
|    entropy_loss         | -8.4        |
|    explained_variance   | 0.687       |
|    learning_rate        | 0.000255    |
|    loss                 | 0.0446      |
|    n_updates            | 173         |
|    policy_gradient_loss | 0.00948     |
|    std                  | 0.691       |
|    value_loss           | 0.0672      |
-----------------------------------------
Early stopping at step 0 due to reaching max kl: 0.04
-----------------------------------------
| rollout/                |             |
|    ep_len_mean          | 528         |
|    ep_rew_mean          | 751         |
| time/                   |             |
|    fps                  | 2672        |
|    iterations           | 138         |
|    time_elapsed         | 423         |
|    total_timesteps      | 1130496     |
| train/                  |             |
|    approx_kl            | 0.016932901 |
|    clip_fraction        | 0.233       |
|    clip_range           | 0.2         |
|    entropy_loss         | -8.37       |
|    explained_variance   | 0.722       |
|    learning_rate        | 0.000255    |
|    loss                 | 0.0304      |
|    n_updates            | 174         |
|    policy_gradient_loss | 0.0123      |
|    std                  | 0.687       |
|    value_loss           | 0.0344      |
-----------------------------------------
Early stopping at step 0 due to reaching max kl: 0.03
-----------------------------------------
| rollout/                |             |
|    ep_len_mean          | 560         |
|    ep_rew_mean          | 799         |
| time/                   |             |
|    fps                  | 2672        |
|    iterations           | 139         |
|    time_elapsed         | 426         |
|    total_timesteps      | 1138688     |
| train/                  |             |
|    approx_kl            | 0.012256853 |
|    clip_fraction        | 0.165       |
|    clip_range           | 0.2         |
|    entropy_loss         | -8.34       |
|    explained_variance   | 0.742       |
|    learning_rate        | 0.000255    |
|    loss                 | 0.0481      |
|    n_updates            | 175         |
|    policy_gradient_loss | 0.00523     |
|    std                  | 0.686       |
|    value_loss           | 0.0682      |
-----------------------------------------
Early stopping at step 0 due to reaching max kl: 0.03
-----------------------------------------
| rollout/                |             |
|    ep_len_mean          | 574         |
|    ep_rew_mean          | 821         |
| time/                   |             |
|    fps                  | 2672        |
|    iterations           | 140         |
|    time_elapsed         | 429         |
|    total_timesteps      | 1146880     |
| train/                  |             |
|    approx_kl            | 0.011012267 |
|    clip_fraction        | 0.147       |
|    clip_range           | 0.2         |
|    entropy_loss         | -8.32       |
|    explained_variance   | 0.766       |
|    learning_rate        | 0.000254    |
|    loss                 | 0.0479      |
|    n_updates            | 176         |
|    policy_gradient_loss | 0.00495     |
|    std                  | 0.684       |
|    value_loss           | 0.0352      |
-----------------------------------------
Early stopping at step 0 due to reaching max kl: 0.04
-----------------------------------------
| rollout/                |             |
|    ep_len_mean          | 585         |
|    ep_rew_mean          | 841         |
| time/                   |             |
|    fps                  | 2672        |
|    iterations           | 141         |
|    time_elapsed         | 432         |
|    total_timesteps      | 1155072     |
| train/                  |             |
|    approx_kl            | 0.016249523 |
|    clip_fraction        | 0.223       |
|    clip_range           | 0.2         |
|    entropy_loss         | -8.29       |
|    explained_variance   | 0.784       |
|    learning_rate        | 0.000254    |
|    loss                 | 0.00235     |
|    n_updates            | 177         |
|    policy_gradient_loss | 0.00985     |
|    std                  | 0.681       |
|    value_loss           | 0.0578      |
-----------------------------------------
Early stopping at step 0 due to reaching max kl: 0.03
-----------------------------------------
| rollout/                |             |
|    ep_len_mean          | 588         |
|    ep_rew_mean          | 849         |
| time/                   |             |
|    fps                  | 2673        |
|    iterations           | 142         |
|    time_elapsed         | 435         |
|    total_timesteps      | 1163264     |
| train/                  |             |
|    approx_kl            | 0.013178233 |
|    clip_fraction        | 0.181       |
|    clip_range           | 0.2         |
|    entropy_loss         | -8.28       |
|    explained_variance   | 0.782       |
|    learning_rate        | 0.000254    |
|    loss                 | 0.0717      |
|    n_updates            | 178         |
|    policy_gradient_loss | 0.008       |
|    std                  | 0.681       |
|    value_loss           | 0.0718      |
-----------------------------------------
Early stopping at step 0 due to reaching max kl: 0.03
------------------------------------------
| rollout/                |              |
|    ep_len_mean          | 607          |
|    ep_rew_mean          | 880          |
| time/                   |              |
|    fps                  | 2673         |
|    iterations           | 143          |
|    time_elapsed         | 438          |
|    total_timesteps      | 1171456      |
| train/                  |              |
|    approx_kl            | 0.0138509665 |
|    clip_fraction        | 0.198        |
|    clip_range           | 0.2          |
|    entropy_loss         | -8.27        |
|    explained_variance   | 0.794        |
|    learning_rate        | 0.000253     |
|    loss                 | 0.0476       |
|    n_updates            | 179          |
|    policy_gradient_loss | 0.00756      |
|    std                  | 0.68         |
|    value_loss           | 0.0582       |
------------------------------------------
Early stopping at step 0 due to reaching max kl: 0.03
-----------------------------------------
| rollout/                |             |
|    ep_len_mean          | 574         |
|    ep_rew_mean          | 833         |
| time/                   |             |
|    fps                  | 2673        |
|    iterations           | 144         |
|    time_elapsed         | 441         |
|    total_timesteps      | 1179648     |
| train/                  |             |
|    approx_kl            | 0.015599585 |
|    clip_fraction        | 0.215       |
|    clip_range           | 0.2         |
|    entropy_loss         | -8.24       |
|    explained_variance   | 0.777       |
|    learning_rate        | 0.000253    |
|    loss                 | -0.00237    |
|    n_updates            | 180         |
|    policy_gradient_loss | 0.00904     |
|    std                  | 0.677       |
|    value_loss           | 0.0458      |
-----------------------------------------
Early stopping at step 0 due to reaching max kl: 0.03
-----------------------------------------
| rollout/                |             |
|    ep_len_mean          | 578         |
|    ep_rew_mean          | 838         |
| time/                   |             |
|    fps                  | 2673        |
|    iterations           | 145         |
|    time_elapsed         | 444         |
|    total_timesteps      | 1187840     |
| train/                  |             |
|    approx_kl            | 0.009955794 |
|    clip_fraction        | 0.13        |
|    clip_range           | 0.2         |
|    entropy_loss         | -8.22       |
|    explained_variance   | 0.773       |
|    learning_rate        | 0.000253    |
|    loss                 | 0.188       |
|    n_updates            | 181         |
|    policy_gradient_loss | 0.00891     |
|    std                  | 0.676       |
|    value_loss           | 0.0871      |
-----------------------------------------
Early stopping at step 0 due to reaching max kl: 0.03
-----------------------------------------
| rollout/                |             |
|    ep_len_mean          | 580         |
|    ep_rew_mean          | 842         |
| time/                   |             |
|    fps                  | 2674        |
|    iterations           | 146         |
|    time_elapsed         | 447         |
|    total_timesteps      | 1196032     |
| train/                  |             |
|    approx_kl            | 0.010979077 |
|    clip_fraction        | 0.15        |
|    clip_range           | 0.2         |
|    entropy_loss         | -8.21       |
|    explained_variance   | 0.764       |
|    learning_rate        | 0.000252    |
|    loss                 | 0.00409     |
|    n_updates            | 182         |
|    policy_gradient_loss | 0.00449     |
|    std                  | 0.676       |
|    value_loss           | 0.0802      |
-----------------------------------------
Early stopping at step 0 due to reaching max kl: 0.03
-----------------------------------------
| rollout/                |             |
|    ep_len_mean          | 588         |
|    ep_rew_mean          | 857         |
| time/                   |             |
|    fps                  | 2674        |
|    iterations           | 147         |
|    time_elapsed         | 450         |
|    total_timesteps      | 1204224     |
| train/                  |             |
|    approx_kl            | 0.011422096 |
|    clip_fraction        | 0.155       |
|    clip_range           | 0.2         |
|    entropy_loss         | -8.21       |
|    explained_variance   | 0.778       |
|    learning_rate        | 0.000252    |
|    loss                 | 0.034       |
|    n_updates            | 183         |
|    policy_gradient_loss | 0.00296     |
|    std                  | 0.675       |
|    value_loss           | 0.0352      |
-----------------------------------------
Early stopping at step 0 due to reaching max kl: 0.04
----------------------------------------
| rollout/                |            |
|    ep_len_mean          | 556        |
|    ep_rew_mean          | 810        |
| time/                   |            |
|    fps                  | 2674       |
|    iterations           | 148        |
|    time_elapsed         | 453        |
|    total_timesteps      | 1212416    |
| train/                  |            |
|    approx_kl            | 0.01395264 |
|    clip_fraction        | 0.188      |
|    clip_range           | 0.2        |
|    entropy_loss         | -8.18      |
|    explained_variance   | 0.758      |
|    learning_rate        | 0.000252   |
|    loss                 | 0.00379    |
|    n_updates            | 184        |
|    policy_gradient_loss | 0.00603    |
|    std                  | 0.672      |
|    value_loss           | 0.0421     |
----------------------------------------
Early stopping at step 0 due to reaching max kl: 0.04
-----------------------------------------
| rollout/                |             |
|    ep_len_mean          | 543         |
|    ep_rew_mean          | 793         |
| time/                   |             |
|    fps                  | 2675        |
|    iterations           | 149         |
|    time_elapsed         | 456         |
|    total_timesteps      | 1220608     |
| train/                  |             |
|    approx_kl            | 0.011367551 |
|    clip_fraction        | 0.145       |
|    clip_range           | 0.2         |
|    entropy_loss         | -8.17       |
|    explained_variance   | 0.735       |
|    learning_rate        | 0.000252    |
|    loss                 | 0.126       |
|    n_updates            | 185         |
|    policy_gradient_loss | 0.00878     |
|    std                  | 0.672       |
|    value_loss           | 0.113       |
-----------------------------------------
Early stopping at step 0 due to reaching max kl: 0.03
-----------------------------------------
| rollout/                |             |
|    ep_len_mean          | 539         |
|    ep_rew_mean          | 792         |
| time/                   |             |
|    fps                  | 2675        |
|    iterations           | 150         |
|    time_elapsed         | 459         |
|    total_timesteps      | 1228800     |
| train/                  |             |
|    approx_kl            | 0.014221226 |
|    clip_fraction        | 0.192       |
|    clip_range           | 0.2         |
|    entropy_loss         | -8.15       |
|    explained_variance   | 0.794       |
|    learning_rate        | 0.000251    |
|    loss                 | 0.0294      |
|    n_updates            | 186         |
|    policy_gradient_loss | 0.00963     |
|    std                  | 0.67        |
|    value_loss           | 0.0428      |
-----------------------------------------
Early stopping at step 0 due to reaching max kl: 0.03
-----------------------------------------
| rollout/                |             |
|    ep_len_mean          | 556         |
|    ep_rew_mean          | 822         |
| time/                   |             |
|    fps                  | 2675        |
|    iterations           | 151         |
|    time_elapsed         | 462         |
|    total_timesteps      | 1236992     |
| train/                  |             |
|    approx_kl            | 0.013707529 |
|    clip_fraction        | 0.187       |
|    clip_range           | 0.2         |
|    entropy_loss         | -8.12       |
|    explained_variance   | 0.713       |
|    learning_rate        | 0.000251    |
|    loss                 | 0.0517      |
|    n_updates            | 187         |
|    policy_gradient_loss | 0.00736     |
|    std                  | 0.667       |
|    value_loss           | 0.046       |
-----------------------------------------
Early stopping at step 0 due to reaching max kl: 0.03
-----------------------------------------
| rollout/                |             |
|    ep_len_mean          | 577         |
|    ep_rew_mean          | 861         |
| time/                   |             |
|    fps                  | 2675        |
|    iterations           | 152         |
|    time_elapsed         | 465         |
|    total_timesteps      | 1245184     |
| train/                  |             |
|    approx_kl            | 0.013844308 |
|    clip_fraction        | 0.184       |
|    clip_range           | 0.2         |
|    entropy_loss         | -8.11       |
|    explained_variance   | 0.736       |
|    learning_rate        | 0.000251    |
|    loss                 | 0.0434      |
|    n_updates            | 188         |
|    policy_gradient_loss | 0.00828     |
|    std                  | 0.666       |
|    value_loss           | 0.0648      |
-----------------------------------------
Early stopping at step 0 due to reaching max kl: 0.03
-----------------------------------------
| rollout/                |             |
|    ep_len_mean          | 566         |
|    ep_rew_mean          | 848         |
| time/                   |             |
|    fps                  | 2676        |
|    iterations           | 153         |
|    time_elapsed         | 468         |
|    total_timesteps      | 1253376     |
| train/                  |             |
|    approx_kl            | 0.010001364 |
|    clip_fraction        | 0.122       |
|    clip_range           | 0.2         |
|    entropy_loss         | -8.09       |
|    explained_variance   | 0.704       |
|    learning_rate        | 0.00025     |
|    loss                 | 0.0377      |
|    n_updates            | 189         |
|    policy_gradient_loss | 0.00196     |
|    std                  | 0.665       |
|    value_loss           | 0.0623      |
-----------------------------------------
Early stopping at step 0 due to reaching max kl: 0.03
-----------------------------------------
| rollout/                |             |
|    ep_len_mean          | 533         |
|    ep_rew_mean          | 804         |
| time/                   |             |
|    fps                  | 2676        |
|    iterations           | 154         |
|    time_elapsed         | 471         |
|    total_timesteps      | 1261568     |
| train/                  |             |
|    approx_kl            | 0.011931115 |
|    clip_fraction        | 0.167       |
|    clip_range           | 0.2         |
|    entropy_loss         | -8.08       |
|    explained_variance   | 0.764       |
|    learning_rate        | 0.00025     |
|    loss                 | 0.0179      |
|    n_updates            | 190         |
|    policy_gradient_loss | 0.00774     |
|    std                  | 0.664       |
|    value_loss           | 0.0474      |
-----------------------------------------
Early stopping at step 0 due to reaching max kl: 0.03
-----------------------------------------
| rollout/                |             |
|    ep_len_mean          | 589         |
|    ep_rew_mean          | 893         |
| time/                   |             |
|    fps                  | 2676        |
|    iterations           | 155         |
|    time_elapsed         | 474         |
|    total_timesteps      | 1269760     |
| train/                  |             |
|    approx_kl            | 0.012404147 |
|    clip_fraction        | 0.17        |
|    clip_range           | 0.2         |
|    entropy_loss         | -8.06       |
|    explained_variance   | 0.712       |
|    learning_rate        | 0.00025     |
|    loss                 | 0.00363     |
|    n_updates            | 191         |
|    policy_gradient_loss | 3.54e-06    |
|    std                  | 0.662       |
|    value_loss           | 0.0611      |
-----------------------------------------
Early stopping at step 0 due to reaching max kl: 0.03
-----------------------------------------
| rollout/                |             |
|    ep_len_mean          | 602         |
|    ep_rew_mean          | 915         |
| time/                   |             |
|    fps                  | 2677        |
|    iterations           | 156         |
|    time_elapsed         | 477         |
|    total_timesteps      | 1277952     |
| train/                  |             |
|    approx_kl            | 0.011900091 |
|    clip_fraction        | 0.166       |
|    clip_range           | 0.2         |
|    entropy_loss         | -8.04       |
|    explained_variance   | 0.749       |
|    learning_rate        | 0.000249    |
|    loss                 | 0.0488      |
|    n_updates            | 192         |
|    policy_gradient_loss | 0.00489     |
|    std                  | 0.661       |
|    value_loss           | 0.0628      |
-----------------------------------------
Early stopping at step 0 due to reaching max kl: 0.03
-----------------------------------------
| rollout/                |             |
|    ep_len_mean          | 602         |
|    ep_rew_mean          | 914         |
| time/                   |             |
|    fps                  | 2677        |
|    iterations           | 157         |
|    time_elapsed         | 480         |
|    total_timesteps      | 1286144     |
| train/                  |             |
|    approx_kl            | 0.012177632 |
|    clip_fraction        | 0.161       |
|    clip_range           | 0.2         |
|    entropy_loss         | -8.03       |
|    explained_variance   | 0.734       |
|    learning_rate        | 0.000249    |
|    loss                 | 0.0468      |
|    n_updates            | 193         |
|    policy_gradient_loss | 0.00369     |
|    std                  | 0.659       |
|    value_loss           | 0.0576      |
-----------------------------------------
Early stopping at step 0 due to reaching max kl: 0.03
----------------------------------------
| rollout/                |            |
|    ep_len_mean          | 623        |
|    ep_rew_mean          | 945        |
| time/                   |            |
|    fps                  | 2677       |
|    iterations           | 158        |
|    time_elapsed         | 483        |
|    total_timesteps      | 1294336    |
| train/                  |            |
|    approx_kl            | 0.01213843 |
|    clip_fraction        | 0.162      |
|    clip_range           | 0.2        |
|    entropy_loss         | -8         |
|    explained_variance   | 0.701      |
|    learning_rate        | 0.000249   |
|    loss                 | 0.0886     |
|    n_updates            | 194        |
|    policy_gradient_loss | 0.00689    |
|    std                  | 0.657      |
|    value_loss           | 0.0702     |
----------------------------------------
Early stopping at step 0 due to reaching max kl: 0.03
-----------------------------------------
| rollout/                |             |
|    ep_len_mean          | 590         |
|    ep_rew_mean          | 892         |
| time/                   |             |
|    fps                  | 2677        |
|    iterations           | 159         |
|    time_elapsed         | 486         |
|    total_timesteps      | 1302528     |
| train/                  |             |
|    approx_kl            | 0.013915864 |
|    clip_fraction        | 0.189       |
|    clip_range           | 0.2         |
|    entropy_loss         | -7.98       |
|    explained_variance   | 0.729       |
|    learning_rate        | 0.000248    |
|    loss                 | 0.0261      |
|    n_updates            | 195         |
|    policy_gradient_loss | 0.00773     |
|    std                  | 0.655       |
|    value_loss           | 0.0574      |
-----------------------------------------
Early stopping at step 0 due to reaching max kl: 0.03
----------------------------------------
| rollout/                |            |
|    ep_len_mean          | 578        |
|    ep_rew_mean          | 876        |
| time/                   |            |
|    fps                  | 2677       |
|    iterations           | 160        |
|    time_elapsed         | 489        |
|    total_timesteps      | 1310720    |
| train/                  |            |
|    approx_kl            | 0.01172729 |
|    clip_fraction        | 0.153      |
|    clip_range           | 0.2        |
|    entropy_loss         | -7.96      |
|    explained_variance   | 0.701      |
|    learning_rate        | 0.000248   |
|    loss                 | 0.0377     |
|    n_updates            | 196        |
|    policy_gradient_loss | 0.0084     |
|    std                  | 0.654      |
|    value_loss           | 0.0705     |
----------------------------------------
Early stopping at step 0 due to reaching max kl: 0.04
-----------------------------------------
| rollout/                |             |
|    ep_len_mean          | 586         |
|    ep_rew_mean          | 894         |
| time/                   |             |
|    fps                  | 2677        |
|    iterations           | 161         |
|    time_elapsed         | 492         |
|    total_timesteps      | 1318912     |
| train/                  |             |
|    approx_kl            | 0.013793821 |
|    clip_fraction        | 0.182       |
|    clip_range           | 0.2         |
|    entropy_loss         | -7.95       |
|    explained_variance   | 0.738       |
|    learning_rate        | 0.000248    |
|    loss                 | 0.0847      |
|    n_updates            | 197         |
|    policy_gradient_loss | 0.0112      |
|    std                  | 0.653       |
|    value_loss           | 0.0905      |
-----------------------------------------
Early stopping at step 0 due to reaching max kl: 0.03
-----------------------------------------
| rollout/                |             |
|    ep_len_mean          | 603         |
|    ep_rew_mean          | 922         |
| time/                   |             |
|    fps                  | 2677        |
|    iterations           | 162         |
|    time_elapsed         | 495         |
|    total_timesteps      | 1327104     |
| train/                  |             |
|    approx_kl            | 0.014964187 |
|    clip_fraction        | 0.205       |
|    clip_range           | 0.2         |
|    entropy_loss         | -7.92       |
|    explained_variance   | 0.701       |
|    learning_rate        | 0.000247    |
|    loss                 | 0.082       |
|    n_updates            | 198         |
|    policy_gradient_loss | 0.00825     |
|    std                  | 0.65        |
|    value_loss           | 0.0316      |
-----------------------------------------
Early stopping at step 0 due to reaching max kl: 0.03
-----------------------------------------
| rollout/                |             |
|    ep_len_mean          | 580         |
|    ep_rew_mean          | 888         |
| time/                   |             |
|    fps                  | 2678        |
|    iterations           | 163         |
|    time_elapsed         | 498         |
|    total_timesteps      | 1335296     |
| train/                  |             |
|    approx_kl            | 0.014010008 |
|    clip_fraction        | 0.19        |
|    clip_range           | 0.2         |
|    entropy_loss         | -7.89       |
|    explained_variance   | 0.693       |
|    learning_rate        | 0.000247    |
|    loss                 | 0.0133      |
|    n_updates            | 199         |
|    policy_gradient_loss | 0.00874     |
|    std                  | 0.648       |
|    value_loss           | 0.0571      |
-----------------------------------------
Early stopping at step 0 due to reaching max kl: 0.04
-----------------------------------------
| rollout/                |             |
|    ep_len_mean          | 579         |
|    ep_rew_mean          | 893         |
| time/                   |             |
|    fps                  | 2678        |
|    iterations           | 164         |
|    time_elapsed         | 501         |
|    total_timesteps      | 1343488     |
| train/                  |             |
|    approx_kl            | 0.011568821 |
|    clip_fraction        | 0.151       |
|    clip_range           | 0.2         |
|    entropy_loss         | -7.88       |
|    explained_variance   | 0.668       |
|    learning_rate        | 0.000247    |
|    loss                 | 0.0995      |
|    n_updates            | 200         |
|    policy_gradient_loss | 0.00387     |
|    std                  | 0.648       |
|    value_loss           | 0.0907      |
-----------------------------------------
Early stopping at step 0 due to reaching max kl: 0.04
-----------------------------------------
| rollout/                |             |
|    ep_len_mean          | 557         |
|    ep_rew_mean          | 862         |
| time/                   |             |
|    fps                  | 2678        |
|    iterations           | 165         |
|    time_elapsed         | 504         |
|    total_timesteps      | 1351680     |
| train/                  |             |
|    approx_kl            | 0.011897738 |
|    clip_fraction        | 0.162       |
|    clip_range           | 0.2         |
|    entropy_loss         | -7.87       |
|    explained_variance   | 0.723       |
|    learning_rate        | 0.000246    |
|    loss                 | 0.0294      |
|    n_updates            | 201         |
|    policy_gradient_loss | 0.00579     |
|    std                  | 0.647       |
|    value_loss           | 0.0407      |
-----------------------------------------
Early stopping at step 0 due to reaching max kl: 0.03
-----------------------------------------
| rollout/                |             |
|    ep_len_mean          | 589         |
|    ep_rew_mean          | 917         |
| time/                   |             |
|    fps                  | 2679        |
|    iterations           | 166         |
|    time_elapsed         | 507         |
|    total_timesteps      | 1359872     |
| train/                  |             |
|    approx_kl            | 0.010304252 |
|    clip_fraction        | 0.13        |
|    clip_range           | 0.2         |
|    entropy_loss         | -7.86       |
|    explained_variance   | 0.647       |
|    learning_rate        | 0.000246    |
|    loss                 | 0.045       |
|    n_updates            | 202         |
|    policy_gradient_loss | 0.00624     |
|    std                  | 0.646       |
|    value_loss           | 0.0809      |
-----------------------------------------
Early stopping at step 0 due to reaching max kl: 0.03
-----------------------------------------
| rollout/                |             |
|    ep_len_mean          | 603         |
|    ep_rew_mean          | 941         |
| time/                   |             |
|    fps                  | 2679        |
|    iterations           | 167         |
|    time_elapsed         | 510         |
|    total_timesteps      | 1368064     |
| train/                  |             |
|    approx_kl            | 0.015107582 |
|    clip_fraction        | 0.211       |
|    clip_range           | 0.2         |
|    entropy_loss         | -7.84       |
|    explained_variance   | 0.65        |
|    learning_rate        | 0.000246    |
|    loss                 | 0.0091      |
|    n_updates            | 203         |
|    policy_gradient_loss | 0.00485     |
|    std                  | 0.644       |
|    value_loss           | 0.0346      |
-----------------------------------------
Early stopping at step 0 due to reaching max kl: 0.03
-----------------------------------------
| rollout/                |             |
|    ep_len_mean          | 598         |
|    ep_rew_mean          | 936         |
| time/                   |             |
|    fps                  | 2680        |
|    iterations           | 168         |
|    time_elapsed         | 513         |
|    total_timesteps      | 1376256     |
| train/                  |             |
|    approx_kl            | 0.010062129 |
|    clip_fraction        | 0.129       |
|    clip_range           | 0.2         |
|    entropy_loss         | -7.83       |
|    explained_variance   | 0.685       |
|    learning_rate        | 0.000245    |
|    loss                 | 0.0054      |
|    n_updates            | 204         |
|    policy_gradient_loss | 0.00318     |
|    std                  | 0.644       |
|    value_loss           | 0.0914      |
-----------------------------------------
Early stopping at step 0 due to reaching max kl: 0.03
-----------------------------------------
| rollout/                |             |
|    ep_len_mean          | 609         |
|    ep_rew_mean          | 953         |
| time/                   |             |
|    fps                  | 2680        |
|    iterations           | 169         |
|    time_elapsed         | 516         |
|    total_timesteps      | 1384448     |
| train/                  |             |
|    approx_kl            | 0.014426929 |
|    clip_fraction        | 0.197       |
|    clip_range           | 0.2         |
|    entropy_loss         | -7.81       |
|    explained_variance   | 0.717       |
|    learning_rate        | 0.000245    |
|    loss                 | 0.0483      |
|    n_updates            | 205         |
|    policy_gradient_loss | 0.00714     |
|    std                  | 0.642       |
|    value_loss           | 0.0449      |
-----------------------------------------
Early stopping at step 0 due to reaching max kl: 0.03
-----------------------------------------
| rollout/                |             |
|    ep_len_mean          | 628         |
|    ep_rew_mean          | 983         |
| time/                   |             |
|    fps                  | 2680        |
|    iterations           | 170         |
|    time_elapsed         | 519         |
|    total_timesteps      | 1392640     |
| train/                  |             |
|    approx_kl            | 0.014014551 |
|    clip_fraction        | 0.184       |
|    clip_range           | 0.2         |
|    entropy_loss         | -7.79       |
|    explained_variance   | 0.763       |
|    learning_rate        | 0.000245    |
|    loss                 | 0.0318      |
|    n_updates            | 206         |
|    policy_gradient_loss | 0.00537     |
|    std                  | 0.641       |
|    value_loss           | 0.0563      |
-----------------------------------------
Early stopping at step 0 due to reaching max kl: 0.03
-----------------------------------------
| rollout/                |             |
|    ep_len_mean          | 660         |
|    ep_rew_mean          | 1.03e+03    |
| time/                   |             |
|    fps                  | 2680        |
|    iterations           | 171         |
|    time_elapsed         | 522         |
|    total_timesteps      | 1400832     |
| train/                  |             |
|    approx_kl            | 0.012932376 |
|    clip_fraction        | 0.176       |
|    clip_range           | 0.2         |
|    entropy_loss         | -7.76       |
|    explained_variance   | 0.75        |
|    learning_rate        | 0.000244    |
|    loss                 | 0.0305      |
|    n_updates            | 207         |
|    policy_gradient_loss | 0.00299     |
|    std                  | 0.638       |
|    value_loss           | 0.0223      |
-----------------------------------------
Early stopping at step 0 due to reaching max kl: 0.04
-----------------------------------------
| rollout/                |             |
|    ep_len_mean          | 646         |
|    ep_rew_mean          | 1.02e+03    |
| time/                   |             |
|    fps                  | 2680        |
|    iterations           | 172         |
|    time_elapsed         | 525         |
|    total_timesteps      | 1409024     |
| train/                  |             |
|    approx_kl            | 0.013938355 |
|    clip_fraction        | 0.2         |
|    clip_range           | 0.2         |
|    entropy_loss         | -7.74       |
|    explained_variance   | 0.639       |
|    learning_rate        | 0.000244    |
|    loss                 | 0.0298      |
|    n_updates            | 208         |
|    policy_gradient_loss | 0.00639     |
|    std                  | 0.636       |
|    value_loss           | 0.0375      |
-----------------------------------------
Early stopping at step 0 due to reaching max kl: 0.03
-----------------------------------------
| rollout/                |             |
|    ep_len_mean          | 643         |
|    ep_rew_mean          | 1.01e+03    |
| time/                   |             |
|    fps                  | 2681        |
|    iterations           | 173         |
|    time_elapsed         | 528         |
|    total_timesteps      | 1417216     |
| train/                  |             |
|    approx_kl            | 0.013242957 |
|    clip_fraction        | 0.172       |
|    clip_range           | 0.2         |
|    entropy_loss         | -7.72       |
|    explained_variance   | 0.643       |
|    learning_rate        | 0.000244    |
|    loss                 | 0.0537      |
|    n_updates            | 209         |
|    policy_gradient_loss | 0.0103      |
|    std                  | 0.635       |
|    value_loss           | 0.0649      |
-----------------------------------------
Early stopping at step 0 due to reaching max kl: 0.03
-----------------------------------------
| rollout/                |             |
|    ep_len_mean          | 623         |
|    ep_rew_mean          | 981         |
| time/                   |             |
|    fps                  | 2681        |
|    iterations           | 174         |
|    time_elapsed         | 531         |
|    total_timesteps      | 1425408     |
| train/                  |             |
|    approx_kl            | 0.010570104 |
|    clip_fraction        | 0.141       |
|    clip_range           | 0.2         |
|    entropy_loss         | -7.71       |
|    explained_variance   | 0.638       |
|    learning_rate        | 0.000243    |
|    loss                 | 0.0643      |
|    n_updates            | 210         |
|    policy_gradient_loss | 0.00475     |
|    std                  | 0.634       |
|    value_loss           | 0.0965      |
-----------------------------------------
Early stopping at step 0 due to reaching max kl: 0.04
----------------------------------------
| rollout/                |            |
|    ep_len_mean          | 609        |
|    ep_rew_mean          | 958        |
| time/                   |            |
|    fps                  | 2682       |
|    iterations           | 175        |
|    time_elapsed         | 534        |
|    total_timesteps      | 1433600    |
| train/                  |            |
|    approx_kl            | 0.01179507 |
|    clip_fraction        | 0.149      |
|    clip_range           | 0.2        |
|    entropy_loss         | -7.7       |
|    explained_variance   | 0.644      |
|    learning_rate        | 0.000243   |
|    loss                 | 0.101      |
|    n_updates            | 211        |
|    policy_gradient_loss | 0.00433    |
|    std                  | 0.634      |
|    value_loss           | 0.0839     |
----------------------------------------
Early stopping at step 0 due to reaching max kl: 0.03
-----------------------------------------
| rollout/                |             |
|    ep_len_mean          | 626         |
|    ep_rew_mean          | 988         |
| time/                   |             |
|    fps                  | 2682        |
|    iterations           | 176         |
|    time_elapsed         | 537         |
|    total_timesteps      | 1441792     |
| train/                  |             |
|    approx_kl            | 0.013060394 |
|    clip_fraction        | 0.172       |
|    clip_range           | 0.2         |
|    entropy_loss         | -7.69       |
|    explained_variance   | 0.627       |
|    learning_rate        | 0.000243    |
|    loss                 | 0.0319      |
|    n_updates            | 212         |
|    policy_gradient_loss | 0.00442     |
|    std                  | 0.633       |
|    value_loss           | 0.109       |
-----------------------------------------
Early stopping at step 0 due to reaching max kl: 0.03
------------------------------------------
| rollout/                |              |
|    ep_len_mean          | 642          |
|    ep_rew_mean          | 1.02e+03     |
| time/                   |              |
|    fps                  | 2682         |
|    iterations           | 177          |
|    time_elapsed         | 540          |
|    total_timesteps      | 1449984      |
| train/                  |              |
|    approx_kl            | 0.0106124235 |
|    clip_fraction        | 0.143        |
|    clip_range           | 0.2          |
|    entropy_loss         | -7.68        |
|    explained_variance   | 0.673        |
|    learning_rate        | 0.000242     |
|    loss                 | -0.0122      |
|    n_updates            | 213          |
|    policy_gradient_loss | 0.00332      |
|    std                  | 0.631        |
|    value_loss           | 0.0263       |
------------------------------------------
Early stopping at step 0 due to reaching max kl: 0.04
-----------------------------------------
| rollout/                |             |
|    ep_len_mean          | 604         |
|    ep_rew_mean          | 962         |
| time/                   |             |
|    fps                  | 2683        |
|    iterations           | 178         |
|    time_elapsed         | 543         |
|    total_timesteps      | 1458176     |
| train/                  |             |
|    approx_kl            | 0.013107493 |
|    clip_fraction        | 0.177       |
|    clip_range           | 0.2         |
|    entropy_loss         | -7.66       |
|    explained_variance   | 0.602       |
|    learning_rate        | 0.000242    |
|    loss                 | 0.0176      |
|    n_updates            | 214         |
|    policy_gradient_loss | 0.00427     |
|    std                  | 0.63        |
|    value_loss           | 0.0285      |
-----------------------------------------
Early stopping at step 0 due to reaching max kl: 0.03
-----------------------------------------
| rollout/                |             |
|    ep_len_mean          | 563         |
|    ep_rew_mean          | 897         |
| time/                   |             |
|    fps                  | 2683        |
|    iterations           | 179         |
|    time_elapsed         | 546         |
|    total_timesteps      | 1466368     |
| train/                  |             |
|    approx_kl            | 0.013306033 |
|    clip_fraction        | 0.182       |
|    clip_range           | 0.2         |
|    entropy_loss         | -7.64       |
|    explained_variance   | 0.666       |
|    learning_rate        | 0.000242    |
|    loss                 | 0.0593      |
|    n_updates            | 215         |
|    policy_gradient_loss | 0.00457     |
|    std                  | 0.628       |
|    value_loss           | 0.0739      |
-----------------------------------------
Early stopping at step 0 due to reaching max kl: 0.03
-----------------------------------------
| rollout/                |             |
|    ep_len_mean          | 588         |
|    ep_rew_mean          | 940         |
| time/                   |             |
|    fps                  | 2683        |
|    iterations           | 180         |
|    time_elapsed         | 549         |
|    total_timesteps      | 1474560     |
| train/                  |             |
|    approx_kl            | 0.012751973 |
|    clip_fraction        | 0.169       |
|    clip_range           | 0.2         |
|    entropy_loss         | -7.62       |
|    explained_variance   | 0.652       |
|    learning_rate        | 0.000241    |
|    loss                 | 0.00919     |
|    n_updates            | 216         |
|    policy_gradient_loss | 0.0103      |
|    std                  | 0.627       |
|    value_loss           | 0.0754      |
-----------------------------------------
Early stopping at step 0 due to reaching max kl: 0.03
------------------------------------------
| rollout/                |              |
|    ep_len_mean          | 611          |
|    ep_rew_mean          | 975          |
| time/                   |              |
|    fps                  | 2684         |
|    iterations           | 181          |
|    time_elapsed         | 552          |
|    total_timesteps      | 1482752      |
| train/                  |              |
|    approx_kl            | 0.0119815385 |
|    clip_fraction        | 0.167        |
|    clip_range           | 0.2          |
|    entropy_loss         | -7.61        |
|    explained_variance   | 0.739        |
|    learning_rate        | 0.000241     |
|    loss                 | -0.0239      |
|    n_updates            | 217          |
|    policy_gradient_loss | 0.00801      |
|    std                  | 0.626        |
|    value_loss           | 0.0397       |
------------------------------------------
Early stopping at step 0 due to reaching max kl: 0.03
-----------------------------------------
| rollout/                |             |
|    ep_len_mean          | 622         |
|    ep_rew_mean          | 995         |
| time/                   |             |
|    fps                  | 2684        |
|    iterations           | 182         |
|    time_elapsed         | 555         |
|    total_timesteps      | 1490944     |
| train/                  |             |
|    approx_kl            | 0.013976393 |
|    clip_fraction        | 0.19        |
|    clip_range           | 0.2         |
|    entropy_loss         | -7.59       |
|    explained_variance   | 0.733       |
|    learning_rate        | 0.000241    |
|    loss                 | 0.0813      |
|    n_updates            | 218         |
|    policy_gradient_loss | 0.00898     |
|    std                  | 0.625       |
|    value_loss           | 0.0496      |
-----------------------------------------
Early stopping at step 0 due to reaching max kl: 0.03
-----------------------------------------
| rollout/                |             |
|    ep_len_mean          | 647         |
|    ep_rew_mean          | 1.04e+03    |
| time/                   |             |
|    fps                  | 2684        |
|    iterations           | 183         |
|    time_elapsed         | 558         |
|    total_timesteps      | 1499136     |
| train/                  |             |
|    approx_kl            | 0.012682438 |
|    clip_fraction        | 0.165       |
|    clip_range           | 0.2         |
|    entropy_loss         | -7.57       |
|    explained_variance   | 0.766       |
|    learning_rate        | 0.00024     |
|    loss                 | 0.0798      |
|    n_updates            | 219         |
|    policy_gradient_loss | 0.00648     |
|    std                  | 0.623       |
|    value_loss           | 0.0565      |
-----------------------------------------
Early stopping at step 0 due to reaching max kl: 0.03
-----------------------------------------
| rollout/                |             |
|    ep_len_mean          | 630         |
|    ep_rew_mean          | 1.01e+03    |
| time/                   |             |
|    fps                  | 2684        |
|    iterations           | 184         |
|    time_elapsed         | 561         |
|    total_timesteps      | 1507328     |
| train/                  |             |
|    approx_kl            | 0.014861343 |
|    clip_fraction        | 0.204       |
|    clip_range           | 0.2         |
|    entropy_loss         | -7.56       |
|    explained_variance   | 0.689       |
|    learning_rate        | 0.00024     |
|    loss                 | 0.0586      |
|    n_updates            | 220         |
|    policy_gradient_loss | 0.00484     |
|    std                  | 0.622       |
|    value_loss           | 0.0504      |
-----------------------------------------
Early stopping at step 0 due to reaching max kl: 0.03
-----------------------------------------
| rollout/                |             |
|    ep_len_mean          | 639         |
|    ep_rew_mean          | 1.03e+03    |
| time/                   |             |
|    fps                  | 2685        |
|    iterations           | 185         |
|    time_elapsed         | 564         |
|    total_timesteps      | 1515520     |
| train/                  |             |
|    approx_kl            | 0.009534746 |
|    clip_fraction        | 0.121       |
|    clip_range           | 0.2         |
|    entropy_loss         | -7.54       |
|    explained_variance   | 0.775       |
|    learning_rate        | 0.00024     |
|    loss                 | 0.0535      |
|    n_updates            | 221         |
|    policy_gradient_loss | 0.00292     |
|    std                  | 0.621       |
|    value_loss           | 0.0345      |
-----------------------------------------
Early stopping at step 0 due to reaching max kl: 0.04
-----------------------------------------
| rollout/                |             |
|    ep_len_mean          | 652         |
|    ep_rew_mean          | 1.05e+03    |
| time/                   |             |
|    fps                  | 2685        |
|    iterations           | 186         |
|    time_elapsed         | 567         |
|    total_timesteps      | 1523712     |
| train/                  |             |
|    approx_kl            | 0.013895255 |
|    clip_fraction        | 0.191       |
|    clip_range           | 0.2         |
|    entropy_loss         | -7.52       |
|    explained_variance   | 0.8         |
|    learning_rate        | 0.000239    |
|    loss                 | 0.0416      |
|    n_updates            | 222         |
|    policy_gradient_loss | 0.00615     |
|    std                  | 0.619       |
|    value_loss           | 0.0243      |
-----------------------------------------
Early stopping at step 0 due to reaching max kl: 0.03
-----------------------------------------
| rollout/                |             |
|    ep_len_mean          | 673         |
|    ep_rew_mean          | 1.08e+03    |
| time/                   |             |
|    fps                  | 2685        |
|    iterations           | 187         |
|    time_elapsed         | 570         |
|    total_timesteps      | 1531904     |
| train/                  |             |
|    approx_kl            | 0.011110774 |
|    clip_fraction        | 0.148       |
|    clip_range           | 0.2         |
|    entropy_loss         | -7.5        |
|    explained_variance   | 0.67        |
|    learning_rate        | 0.000239    |
|    loss                 | 0.0189      |
|    n_updates            | 223         |
|    policy_gradient_loss | 0.00611     |
|    std                  | 0.618       |
|    value_loss           | 0.0649      |
-----------------------------------------
Early stopping at step 0 due to reaching max kl: 0.03
-----------------------------------------
| rollout/                |             |
|    ep_len_mean          | 681         |
|    ep_rew_mean          | 1.1e+03     |
| time/                   |             |
|    fps                  | 2685        |
|    iterations           | 188         |
|    time_elapsed         | 573         |
|    total_timesteps      | 1540096     |
| train/                  |             |
|    approx_kl            | 0.013482151 |
|    clip_fraction        | 0.184       |
|    clip_range           | 0.2         |
|    entropy_loss         | -7.48       |
|    explained_variance   | 0.679       |
|    learning_rate        | 0.000239    |
|    loss                 | 0.149       |
|    n_updates            | 224         |
|    policy_gradient_loss | 0.00888     |
|    std                  | 0.616       |
|    value_loss           | 0.0606      |
-----------------------------------------
Early stopping at step 1 due to reaching max kl: 0.05
-----------------------------------------
| rollout/                |             |
|    ep_len_mean          | 697         |
|    ep_rew_mean          | 1.13e+03    |
| time/                   |             |
|    fps                  | 2684        |
|    iterations           | 189         |
|    time_elapsed         | 576         |
|    total_timesteps      | 1548288     |
| train/                  |             |
|    approx_kl            | 0.025014438 |
|    clip_fraction        | 0.221       |
|    clip_range           | 0.2         |
|    entropy_loss         | -7.44       |
|    explained_variance   | 0.66        |
|    learning_rate        | 0.000238    |
|    loss                 | -0.019      |
|    n_updates            | 226         |
|    policy_gradient_loss | 0.00862     |
|    std                  | 0.612       |
|    value_loss           | 0.0421      |
-----------------------------------------
Early stopping at step 0 due to reaching max kl: 0.03
-----------------------------------------
| rollout/                |             |
|    ep_len_mean          | 703         |
|    ep_rew_mean          | 1.15e+03    |
| time/                   |             |
|    fps                  | 2684        |
|    iterations           | 190         |
|    time_elapsed         | 579         |
|    total_timesteps      | 1556480     |
| train/                  |             |
|    approx_kl            | 0.013999802 |
|    clip_fraction        | 0.192       |
|    clip_range           | 0.2         |
|    entropy_loss         | -7.41       |
|    explained_variance   | 0.663       |
|    learning_rate        | 0.000238    |
|    loss                 | 0.0437      |
|    n_updates            | 227         |
|    policy_gradient_loss | 0.00519     |
|    std                  | 0.611       |
|    value_loss           | 0.0299      |
-----------------------------------------
Early stopping at step 0 due to reaching max kl: 0.03
----------------------------------------
| rollout/                |            |
|    ep_len_mean          | 705        |
|    ep_rew_mean          | 1.16e+03   |
| time/                   |            |
|    fps                  | 2684       |
|    iterations           | 191        |
|    time_elapsed         | 582        |
|    total_timesteps      | 1564672    |
| train/                  |            |
|    approx_kl            | 0.01279254 |
|    clip_fraction        | 0.182      |
|    clip_range           | 0.2        |
|    entropy_loss         | -7.39      |
|    explained_variance   | 0.648      |
|    learning_rate        | 0.000238   |
|    loss                 | 0.0113     |
|    n_updates            | 228        |
|    policy_gradient_loss | 0.0064     |
|    std                  | 0.609      |
|    value_loss           | 0.0478     |
----------------------------------------
Early stopping at step 0 due to reaching max kl: 0.03
-----------------------------------------
| rollout/                |             |
|    ep_len_mean          | 682         |
|    ep_rew_mean          | 1.13e+03    |
| time/                   |             |
|    fps                  | 2684        |
|    iterations           | 192         |
|    time_elapsed         | 585         |
|    total_timesteps      | 1572864     |
| train/                  |             |
|    approx_kl            | 0.015323871 |
|    clip_fraction        | 0.205       |
|    clip_range           | 0.2         |
|    entropy_loss         | -7.36       |
|    explained_variance   | 0.622       |
|    learning_rate        | 0.000237    |
|    loss                 | 0.0737      |
|    n_updates            | 229         |
|    policy_gradient_loss | 0.0124      |
|    std                  | 0.607       |
|    value_loss           | 0.0605      |
-----------------------------------------
Early stopping at step 0 due to reaching max kl: 0.04
-----------------------------------------
| rollout/                |             |
|    ep_len_mean          | 631         |
|    ep_rew_mean          | 1.05e+03    |
| time/                   |             |
|    fps                  | 2684        |
|    iterations           | 193         |
|    time_elapsed         | 589         |
|    total_timesteps      | 1581056     |
| train/                  |             |
|    approx_kl            | 0.012452355 |
|    clip_fraction        | 0.17        |
|    clip_range           | 0.2         |
|    entropy_loss         | -7.35       |
|    explained_variance   | 0.598       |
|    learning_rate        | 0.000237    |
|    loss                 | 0.044       |
|    n_updates            | 230         |
|    policy_gradient_loss | 0.00712     |
|    std                  | 0.606       |
|    value_loss           | 0.0789      |
-----------------------------------------
Early stopping at step 0 due to reaching max kl: 0.03
-----------------------------------------
| rollout/                |             |
|    ep_len_mean          | 617         |
|    ep_rew_mean          | 1.03e+03    |
| time/                   |             |
|    fps                  | 2684        |
|    iterations           | 194         |
|    time_elapsed         | 591         |
|    total_timesteps      | 1589248     |
| train/                  |             |
|    approx_kl            | 0.011102497 |
|    clip_fraction        | 0.148       |
|    clip_range           | 0.2         |
|    entropy_loss         | -7.34       |
|    explained_variance   | 0.732       |
|    learning_rate        | 0.000237    |
|    loss                 | 0.105       |
|    n_updates            | 231         |
|    policy_gradient_loss | 0.0108      |
|    std                  | 0.606       |
|    value_loss           | 0.0878      |
-----------------------------------------
Early stopping at step 0 due to reaching max kl: 0.04
-----------------------------------------
| rollout/                |             |
|    ep_len_mean          | 651         |
|    ep_rew_mean          | 1.09e+03    |
| time/                   |             |
|    fps                  | 2684        |
|    iterations           | 195         |
|    time_elapsed         | 595         |
|    total_timesteps      | 1597440     |
| train/                  |             |
|    approx_kl            | 0.014934254 |
|    clip_fraction        | 0.208       |
|    clip_range           | 0.2         |
|    entropy_loss         | -7.32       |
|    explained_variance   | 0.749       |
|    learning_rate        | 0.000236    |
|    loss                 | 0.00258     |
|    n_updates            | 232         |
|    policy_gradient_loss | 0.0079      |
|    std                  | 0.603       |
|    value_loss           | 0.0618      |
-----------------------------------------
Early stopping at step 0 due to reaching max kl: 0.03
------------------------------------------
| rollout/                |              |
|    ep_len_mean          | 601          |
|    ep_rew_mean          | 1.01e+03     |
| time/                   |              |
|    fps                  | 2684         |
|    iterations           | 196          |
|    time_elapsed         | 598          |
|    total_timesteps      | 1605632      |
| train/                  |              |
|    approx_kl            | 0.0116365375 |
|    clip_fraction        | 0.16         |
|    clip_range           | 0.2          |
|    entropy_loss         | -7.29        |
|    explained_variance   | 0.655        |
|    learning_rate        | 0.000236     |
|    loss                 | 0.029        |
|    n_updates            | 233          |
|    policy_gradient_loss | 0.00467      |
|    std                  | 0.602        |
|    value_loss           | 0.0253       |
------------------------------------------
Early stopping at step 0 due to reaching max kl: 0.03
[Progress] Training 2/6: 1,610,904/5,000,000 steps (32.2%); 4 full runs remain afterward; rough training ETA 2h 25m.
-----------------------------------------
| rollout/                |             |
|    ep_len_mean          | 574         |
|    ep_rew_mean          | 973         |
| time/                   |             |
|    fps                  | 2684        |
|    iterations           | 197         |
|    time_elapsed         | 601         |
|    total_timesteps      | 1613824     |
| train/                  |             |
|    approx_kl            | 0.009814118 |
|    clip_fraction        | 0.13        |
|    clip_range           | 0.2         |
|    entropy_loss         | -7.28       |
|    explained_variance   | 0.632       |
|    learning_rate        | 0.000236    |
|    loss                 | 0.0713      |
|    n_updates            | 234         |
|    policy_gradient_loss | 0.00728     |
|    std                  | 0.601       |
|    value_loss           | 0.0984      |
-----------------------------------------
Early stopping at step 0 due to reaching max kl: 0.03
-----------------------------------------
| rollout/                |             |
|    ep_len_mean          | 518         |
|    ep_rew_mean          | 881         |
| time/                   |             |
|    fps                  | 2685        |
|    iterations           | 198         |
|    time_elapsed         | 604         |
|    total_timesteps      | 1622016     |
| train/                  |             |
|    approx_kl            | 0.009669243 |
|    clip_fraction        | 0.126       |
|    clip_range           | 0.2         |
|    entropy_loss         | -7.27       |
|    explained_variance   | 0.697       |
|    learning_rate        | 0.000235    |
|    loss                 | 0.0581      |
|    n_updates            | 235         |
|    policy_gradient_loss | 0.00624     |
|    std                  | 0.6         |
|    value_loss           | 0.0767      |
-----------------------------------------
Early stopping at step 0 due to reaching max kl: 0.05
-----------------------------------------
| rollout/                |             |
|    ep_len_mean          | 486         |
|    ep_rew_mean          | 829         |
| time/                   |             |
|    fps                  | 2685        |
|    iterations           | 199         |
|    time_elapsed         | 607         |
|    total_timesteps      | 1630208     |
| train/                  |             |
|    approx_kl            | 0.012169654 |
|    clip_fraction        | 0.164       |
|    clip_range           | 0.2         |
|    entropy_loss         | -7.26       |
|    explained_variance   | 0.638       |
|    learning_rate        | 0.000235    |
|    loss                 | 0.0613      |
|    n_updates            | 236         |
|    policy_gradient_loss | 0.00806     |
|    std                  | 0.6         |
|    value_loss           | 0.131       |
-----------------------------------------
Early stopping at step 0 due to reaching max kl: 0.04
-----------------------------------------
| rollout/                |             |
|    ep_len_mean          | 413         |
|    ep_rew_mean          | 708         |
| time/                   |             |
|    fps                  | 2685        |
|    iterations           | 200         |
|    time_elapsed         | 610         |
|    total_timesteps      | 1638400     |
| train/                  |             |
|    approx_kl            | 0.011858315 |
|    clip_fraction        | 0.159       |
|    clip_range           | 0.2         |
|    entropy_loss         | -7.25       |
|    explained_variance   | 0.698       |
|    learning_rate        | 0.000235    |
|    loss                 | 0.0818      |
|    n_updates            | 237         |
|    policy_gradient_loss | 0.00546     |
|    std                  | 0.599       |
|    value_loss           | 0.131       |
-----------------------------------------
Early stopping at step 0 due to reaching max kl: 0.03
-----------------------------------------
| rollout/                |             |
|    ep_len_mean          | 419         |
|    ep_rew_mean          | 719         |
| time/                   |             |
|    fps                  | 2685        |
|    iterations           | 201         |
|    time_elapsed         | 613         |
|    total_timesteps      | 1646592     |
| train/                  |             |
|    approx_kl            | 0.011641615 |
|    clip_fraction        | 0.155       |
|    clip_range           | 0.2         |
|    entropy_loss         | -7.25       |
|    explained_variance   | 0.732       |
|    learning_rate        | 0.000234    |
|    loss                 | 0.0439      |
|    n_updates            | 238         |
|    policy_gradient_loss | 0.00434     |
|    std                  | 0.599       |
|    value_loss           | 0.13        |
-----------------------------------------
Early stopping at step 1 due to reaching max kl: 0.04
----------------------------------------
| rollout/                |            |
|    ep_len_mean          | 451        |
|    ep_rew_mean          | 777        |
| time/                   |            |
|    fps                  | 2685       |
|    iterations           | 202        |
|    time_elapsed         | 616        |
|    total_timesteps      | 1654784    |
| train/                  |            |
|    approx_kl            | 0.02182656 |
|    clip_fraction        | 0.215      |
|    clip_range           | 0.2        |
|    entropy_loss         | -7.23      |
|    explained_variance   | 0.774      |
|    learning_rate        | 0.000234   |
|    loss                 | 0.016      |
|    n_updates            | 240        |
|    policy_gradient_loss | 0.0103     |
|    std                  | 0.597      |
|    value_loss           | 0.054      |
----------------------------------------
Early stopping at step 0 due to reaching max kl: 0.04
-----------------------------------------
| rollout/                |             |
|    ep_len_mean          | 453         |
|    ep_rew_mean          | 777         |
| time/                   |             |
|    fps                  | 2685        |
|    iterations           | 203         |
|    time_elapsed         | 619         |
|    total_timesteps      | 1662976     |
| train/                  |             |
|    approx_kl            | 0.013627514 |
|    clip_fraction        | 0.188       |
|    clip_range           | 0.2         |
|    entropy_loss         | -7.22       |
|    explained_variance   | 0.757       |
|    learning_rate        | 0.000234    |
|    loss                 | 0.0671      |
|    n_updates            | 241         |
|    policy_gradient_loss | 0.00603     |
|    std                  | 0.596       |
|    value_loss           | 0.0495      |
-----------------------------------------
Early stopping at step 0 due to reaching max kl: 0.03
-----------------------------------------
| rollout/                |             |
|    ep_len_mean          | 474         |
|    ep_rew_mean          | 810         |
| time/                   |             |
|    fps                  | 2685        |
|    iterations           | 204         |
|    time_elapsed         | 622         |
|    total_timesteps      | 1671168     |
| train/                  |             |
|    approx_kl            | 0.010045518 |
|    clip_fraction        | 0.138       |
|    clip_range           | 0.2         |
|    entropy_loss         | -7.21       |
|    explained_variance   | 0.747       |
|    learning_rate        | 0.000233    |
|    loss                 | -0.00218    |
|    n_updates            | 242         |
|    policy_gradient_loss | 0.00413     |
|    std                  | 0.596       |
|    value_loss           | 0.0869      |
-----------------------------------------
Early stopping at step 0 due to reaching max kl: 0.03
-----------------------------------------
| rollout/                |             |
|    ep_len_mean          | 506         |
|    ep_rew_mean          | 864         |
| time/                   |             |
|    fps                  | 2685        |
|    iterations           | 205         |
|    time_elapsed         | 625         |
|    total_timesteps      | 1679360     |
| train/                  |             |
|    approx_kl            | 0.013651338 |
|    clip_fraction        | 0.184       |
|    clip_range           | 0.2         |
|    entropy_loss         | -7.2        |
|    explained_variance   | 0.765       |
|    learning_rate        | 0.000233    |
|    loss                 | 0.114       |
|    n_updates            | 243         |
|    policy_gradient_loss | 0.00686     |
|    std                  | 0.595       |
|    value_loss           | 0.0889      |
-----------------------------------------
Early stopping at step 0 due to reaching max kl: 0.03
-----------------------------------------
| rollout/                |             |
|    ep_len_mean          | 524         |
|    ep_rew_mean          | 897         |
| time/                   |             |
|    fps                  | 2685        |
|    iterations           | 206         |
|    time_elapsed         | 628         |
|    total_timesteps      | 1687552     |
| train/                  |             |
|    approx_kl            | 0.012961456 |
|    clip_fraction        | 0.183       |
|    clip_range           | 0.2         |
|    entropy_loss         | -7.19       |
|    explained_variance   | 0.769       |
|    learning_rate        | 0.000233    |
|    loss                 | 0.0641      |
|    n_updates            | 244         |
|    policy_gradient_loss | 0.0116      |
|    std                  | 0.594       |
|    value_loss           | 0.067       |
-----------------------------------------
Early stopping at step 0 due to reaching max kl: 0.03
-----------------------------------------
| rollout/                |             |
|    ep_len_mean          | 543         |
|    ep_rew_mean          | 926         |
| time/                   |             |
|    fps                  | 2686        |
|    iterations           | 207         |
|    time_elapsed         | 631         |
|    total_timesteps      | 1695744     |
| train/                  |             |
|    approx_kl            | 0.012067251 |
|    clip_fraction        | 0.163       |
|    clip_range           | 0.2         |
|    entropy_loss         | -7.18       |
|    explained_variance   | 0.739       |
|    learning_rate        | 0.000232    |
|    loss                 | 0.0524      |
|    n_updates            | 245         |
|    policy_gradient_loss | 0.00634     |
|    std                  | 0.594       |
|    value_loss           | 0.0764      |
-----------------------------------------
Early stopping at step 0 due to reaching max kl: 0.04
-----------------------------------------
| rollout/                |             |
|    ep_len_mean          | 554         |
|    ep_rew_mean          | 944         |
| time/                   |             |
|    fps                  | 2686        |
|    iterations           | 208         |
|    time_elapsed         | 634         |
|    total_timesteps      | 1703936     |
| train/                  |             |
|    approx_kl            | 0.013074848 |
|    clip_fraction        | 0.176       |
|    clip_range           | 0.2         |
|    entropy_loss         | -7.17       |
|    explained_variance   | 0.747       |
|    learning_rate        | 0.000232    |
|    loss                 | 0.0532      |
|    n_updates            | 246         |
|    policy_gradient_loss | 0.00404     |
|    std                  | 0.593       |
|    value_loss           | 0.0908      |
-----------------------------------------
Early stopping at step 0 due to reaching max kl: 0.03
-----------------------------------------
| rollout/                |             |
|    ep_len_mean          | 567         |
|    ep_rew_mean          | 965         |
| time/                   |             |
|    fps                  | 2686        |
|    iterations           | 209         |
|    time_elapsed         | 637         |
|    total_timesteps      | 1712128     |
| train/                  |             |
|    approx_kl            | 0.013642208 |
|    clip_fraction        | 0.188       |
|    clip_range           | 0.2         |
|    entropy_loss         | -7.16       |
|    explained_variance   | 0.77        |
|    learning_rate        | 0.000232    |
|    loss                 | 0.0562      |
|    n_updates            | 247         |
|    policy_gradient_loss | 0.00621     |
|    std                  | 0.592       |
|    value_loss           | 0.0433      |
-----------------------------------------
Early stopping at step 1 due to reaching max kl: 0.04
-----------------------------------------
| rollout/                |             |
|    ep_len_mean          | 593         |
|    ep_rew_mean          | 1.01e+03    |
| time/                   |             |
|    fps                  | 2685        |
|    iterations           | 210         |
|    time_elapsed         | 640         |
|    total_timesteps      | 1720320     |
| train/                  |             |
|    approx_kl            | 0.025188418 |
|    clip_fraction        | 0.216       |
|    clip_range           | 0.2         |
|    entropy_loss         | -7.14       |
|    explained_variance   | 0.782       |
|    learning_rate        | 0.000232    |
|    loss                 | -0.0488     |
|    n_updates            | 249         |
|    policy_gradient_loss | 0.00902     |
|    std                  | 0.589       |
|    value_loss           | 0.0242      |
-----------------------------------------
Early stopping at step 0 due to reaching max kl: 0.03
-----------------------------------------
| rollout/                |             |
|    ep_len_mean          | 580         |
|    ep_rew_mean          | 991         |
| time/                   |             |
|    fps                  | 2686        |
|    iterations           | 211         |
|    time_elapsed         | 643         |
|    total_timesteps      | 1728512     |
| train/                  |             |
|    approx_kl            | 0.014670594 |
|    clip_fraction        | 0.193       |
|    clip_range           | 0.2         |
|    entropy_loss         | -7.1        |
|    explained_variance   | 0.629       |
|    learning_rate        | 0.000231    |
|    loss                 | -0.0329     |
|    n_updates            | 250         |
|    policy_gradient_loss | 0.00491     |
|    std                  | 0.588       |
|    value_loss           | 0.0547      |
-----------------------------------------
Early stopping at step 0 due to reaching max kl: 0.03
-----------------------------------------
| rollout/                |             |
|    ep_len_mean          | 579         |
|    ep_rew_mean          | 991         |
| time/                   |             |
|    fps                  | 2686        |
|    iterations           | 212         |
|    time_elapsed         | 646         |
|    total_timesteps      | 1736704     |
| train/                  |             |
|    approx_kl            | 0.010255982 |
|    clip_fraction        | 0.125       |
|    clip_range           | 0.2         |
|    entropy_loss         | -7.09       |
|    explained_variance   | 0.647       |
|    learning_rate        | 0.000231    |
|    loss                 | 0.0713      |
|    n_updates            | 251         |
|    policy_gradient_loss | 0.00217     |
|    std                  | 0.587       |
|    value_loss           | 0.125       |
-----------------------------------------
Early stopping at step 0 due to reaching max kl: 0.03
-----------------------------------------
| rollout/                |             |
|    ep_len_mean          | 541         |
|    ep_rew_mean          | 921         |
| time/                   |             |
|    fps                  | 2686        |
|    iterations           | 213         |
|    time_elapsed         | 649         |
|    total_timesteps      | 1744896     |
| train/                  |             |
|    approx_kl            | 0.012423243 |
|    clip_fraction        | 0.171       |
|    clip_range           | 0.2         |
|    entropy_loss         | -7.08       |
|    explained_variance   | 0.747       |
|    learning_rate        | 0.000231    |
|    loss                 | 0.0552      |
|    n_updates            | 252         |
|    policy_gradient_loss | 0.00511     |
|    std                  | 0.586       |
|    value_loss           | 0.0467      |
-----------------------------------------
Early stopping at step 0 due to reaching max kl: 0.03
----------------------------------------
| rollout/                |            |
|    ep_len_mean          | 555        |
|    ep_rew_mean          | 949        |
| time/                   |            |
|    fps                  | 2687       |
|    iterations           | 214        |
|    time_elapsed         | 652        |
|    total_timesteps      | 1753088    |
| train/                  |            |
|    approx_kl            | 0.01322841 |
|    clip_fraction        | 0.179      |
|    clip_range           | 0.2        |
|    entropy_loss         | -7.07      |
|    explained_variance   | 0.652      |
|    learning_rate        | 0.00023    |
|    loss                 | 0.082      |
|    n_updates            | 253        |
|    policy_gradient_loss | 0.00529    |
|    std                  | 0.586      |
|    value_loss           | 0.142      |
----------------------------------------
Early stopping at step 0 due to reaching max kl: 0.03
-----------------------------------------
| rollout/                |             |
|    ep_len_mean          | 531         |
|    ep_rew_mean          | 910         |
| time/                   |             |
|    fps                  | 2687        |
|    iterations           | 215         |
|    time_elapsed         | 655         |
|    total_timesteps      | 1761280     |
| train/                  |             |
|    approx_kl            | 0.011707073 |
|    clip_fraction        | 0.162       |
|    clip_range           | 0.2         |
|    entropy_loss         | -7.07       |
|    explained_variance   | 0.734       |
|    learning_rate        | 0.00023     |
|    loss                 | 0.00951     |
|    n_updates            | 254         |
|    policy_gradient_loss | 0.00553     |
|    std                  | 0.585       |
|    value_loss           | 0.0673      |
-----------------------------------------
Early stopping at step 0 due to reaching max kl: 0.03
-----------------------------------------
| rollout/                |             |
|    ep_len_mean          | 549         |
|    ep_rew_mean          | 942         |
| time/                   |             |
|    fps                  | 2687        |
|    iterations           | 216         |
|    time_elapsed         | 658         |
|    total_timesteps      | 1769472     |
| train/                  |             |
|    approx_kl            | 0.011298947 |
|    clip_fraction        | 0.147       |
|    clip_range           | 0.2         |
|    entropy_loss         | -7.05       |
|    explained_variance   | 0.733       |
|    learning_rate        | 0.00023     |
|    loss                 | 0.0166      |
|    n_updates            | 255         |
|    policy_gradient_loss | 0.00565     |
|    std                  | 0.584       |
|    value_loss           | 0.0467      |
-----------------------------------------
Early stopping at step 0 due to reaching max kl: 0.03
----------------------------------------
| rollout/                |            |
|    ep_len_mean          | 553        |
|    ep_rew_mean          | 944        |
| time/                   |            |
|    fps                  | 2687       |
|    iterations           | 217        |
|    time_elapsed         | 661        |
|    total_timesteps      | 1777664    |
| train/                  |            |
|    approx_kl            | 0.01433032 |
|    clip_fraction        | 0.19       |
|    clip_range           | 0.2        |
|    entropy_loss         | -7.04      |
|    explained_variance   | 0.8        |
|    learning_rate        | 0.000229   |
|    loss                 | 0.0201     |
|    n_updates            | 256        |
|    policy_gradient_loss | 0.00918    |
|    std                  | 0.584      |
|    value_loss           | 0.0382     |
----------------------------------------
Early stopping at step 0 due to reaching max kl: 0.03
-----------------------------------------
| rollout/                |             |
|    ep_len_mean          | 580         |
|    ep_rew_mean          | 993         |
| time/                   |             |
|    fps                  | 2688        |
|    iterations           | 218         |
|    time_elapsed         | 664         |
|    total_timesteps      | 1785856     |
| train/                  |             |
|    approx_kl            | 0.015330223 |
|    clip_fraction        | 0.209       |
|    clip_range           | 0.2         |
|    entropy_loss         | -7.03       |
|    explained_variance   | 0.693       |
|    learning_rate        | 0.000229    |
|    loss                 | 0.0751      |
|    n_updates            | 257         |
|    policy_gradient_loss | 0.00681     |
|    std                  | 0.582       |
|    value_loss           | 0.0642      |
-----------------------------------------
Early stopping at step 0 due to reaching max kl: 0.03
-----------------------------------------
| rollout/                |             |
|    ep_len_mean          | 569         |
|    ep_rew_mean          | 973         |
| time/                   |             |
|    fps                  | 2688        |
|    iterations           | 219         |
|    time_elapsed         | 667         |
|    total_timesteps      | 1794048     |
| train/                  |             |
|    approx_kl            | 0.011531624 |
|    clip_fraction        | 0.16        |
|    clip_range           | 0.2         |
|    entropy_loss         | -7.02       |
|    explained_variance   | 0.708       |
|    learning_rate        | 0.000229    |
|    loss                 | 0.12        |
|    n_updates            | 258         |
|    policy_gradient_loss | 0.00537     |
|    std                  | 0.582       |
|    value_loss           | 0.0423      |
-----------------------------------------
Early stopping at step 0 due to reaching max kl: 0.03
----------------------------------------
| rollout/                |            |
|    ep_len_mean          | 614        |
|    ep_rew_mean          | 1.05e+03   |
| time/                   |            |
|    fps                  | 2688       |
|    iterations           | 220        |
|    time_elapsed         | 670        |
|    total_timesteps      | 1802240    |
| train/                  |            |
|    approx_kl            | 0.01216242 |
|    clip_fraction        | 0.173      |
|    clip_range           | 0.2        |
|    entropy_loss         | -7.01      |
|    explained_variance   | 0.719      |
|    learning_rate        | 0.000228   |
|    loss                 | 0.0561     |
|    n_updates            | 259        |
|    policy_gradient_loss | 0.0108     |
|    std                  | 0.581      |
|    value_loss           | 0.0836     |
----------------------------------------
Early stopping at step 0 due to reaching max kl: 0.04
-----------------------------------------
| rollout/                |             |
|    ep_len_mean          | 634         |
|    ep_rew_mean          | 1.09e+03    |
| time/                   |             |
|    fps                  | 2688        |
|    iterations           | 221         |
|    time_elapsed         | 673         |
|    total_timesteps      | 1810432     |
| train/                  |             |
|    approx_kl            | 0.012852055 |
|    clip_fraction        | 0.17        |
|    clip_range           | 0.2         |
|    entropy_loss         | -6.99       |
|    explained_variance   | 0.825       |
|    learning_rate        | 0.000228    |
|    loss                 | 0.125       |
|    n_updates            | 260         |
|    policy_gradient_loss | 0.00881     |
|    std                  | 0.58        |
|    value_loss           | 0.0378      |
-----------------------------------------
Early stopping at step 0 due to reaching max kl: 0.05
-----------------------------------------
| rollout/                |             |
|    ep_len_mean          | 641         |
|    ep_rew_mean          | 1.1e+03     |
| time/                   |             |
|    fps                  | 2688        |
|    iterations           | 222         |
|    time_elapsed         | 676         |
|    total_timesteps      | 1818624     |
| train/                  |             |
|    approx_kl            | 0.011430583 |
|    clip_fraction        | 0.153       |
|    clip_range           | 0.2         |
|    entropy_loss         | -6.99       |
|    explained_variance   | 0.717       |
|    learning_rate        | 0.000228    |
|    loss                 | 0.0624      |
|    n_updates            | 261         |
|    policy_gradient_loss | 0.00796     |
|    std                  | 0.58        |
|    value_loss           | 0.0802      |
-----------------------------------------
Early stopping at step 0 due to reaching max kl: 0.04
-----------------------------------------
| rollout/                |             |
|    ep_len_mean          | 617         |
|    ep_rew_mean          | 1.06e+03    |
| time/                   |             |
|    fps                  | 2689        |
|    iterations           | 223         |
|    time_elapsed         | 679         |
|    total_timesteps      | 1826816     |
| train/                  |             |
|    approx_kl            | 0.011132834 |
|    clip_fraction        | 0.15        |
|    clip_range           | 0.2         |
|    entropy_loss         | -6.98       |
|    explained_variance   | 0.767       |
|    learning_rate        | 0.000227    |
|    loss                 | 0.00802     |
|    n_updates            | 262         |
|    policy_gradient_loss | 0.0055      |
|    std                  | 0.579       |
|    value_loss           | 0.0551      |
-----------------------------------------
Early stopping at step 0 due to reaching max kl: 0.03
------------------------------------------
| rollout/                |              |
|    ep_len_mean          | 616          |
|    ep_rew_mean          | 1.06e+03     |
| time/                   |              |
|    fps                  | 2689         |
|    iterations           | 224          |
|    time_elapsed         | 682          |
|    total_timesteps      | 1835008      |
| train/                  |              |
|    approx_kl            | 0.0137105035 |
|    clip_fraction        | 0.173        |
|    clip_range           | 0.2          |
|    entropy_loss         | -6.97        |
|    explained_variance   | 0.729        |
|    learning_rate        | 0.000227     |
|    loss                 | 0.0424       |
|    n_updates            | 263          |
|    policy_gradient_loss | 0.00769      |
|    std                  | 0.578        |
|    value_loss           | 0.0669       |
------------------------------------------
Early stopping at step 0 due to reaching max kl: 0.04
-----------------------------------------
| rollout/                |             |
|    ep_len_mean          | 616         |
|    ep_rew_mean          | 1.07e+03    |
| time/                   |             |
|    fps                  | 2689        |
|    iterations           | 225         |
|    time_elapsed         | 685         |
|    total_timesteps      | 1843200     |
| train/                  |             |
|    approx_kl            | 0.015352934 |
|    clip_fraction        | 0.211       |
|    clip_range           | 0.2         |
|    entropy_loss         | -6.95       |
|    explained_variance   | 0.702       |
|    learning_rate        | 0.000227    |
|    loss                 | 0.0402      |
|    n_updates            | 264         |
|    policy_gradient_loss | 0.00494     |
|    std                  | 0.577       |
|    value_loss           | 0.0414      |
-----------------------------------------
Early stopping at step 0 due to reaching max kl: 0.03
-----------------------------------------
| rollout/                |             |
|    ep_len_mean          | 638         |
|    ep_rew_mean          | 1.11e+03    |
| time/                   |             |
|    fps                  | 2689        |
|    iterations           | 226         |
|    time_elapsed         | 688         |
|    total_timesteps      | 1851392     |
| train/                  |             |
|    approx_kl            | 0.013876062 |
|    clip_fraction        | 0.189       |
|    clip_range           | 0.2         |
|    entropy_loss         | -6.93       |
|    explained_variance   | 0.705       |
|    learning_rate        | 0.000226    |
|    loss                 | 0.0789      |
|    n_updates            | 265         |
|    policy_gradient_loss | 0.0067      |
|    std                  | 0.575       |
|    value_loss           | 0.0931      |
-----------------------------------------
Early stopping at step 0 due to reaching max kl: 0.03
-----------------------------------------
| rollout/                |             |
|    ep_len_mean          | 663         |
|    ep_rew_mean          | 1.15e+03    |
| time/                   |             |
|    fps                  | 2689        |
|    iterations           | 227         |
|    time_elapsed         | 691         |
|    total_timesteps      | 1859584     |
| train/                  |             |
|    approx_kl            | 0.016225452 |
|    clip_fraction        | 0.222       |
|    clip_range           | 0.2         |
|    entropy_loss         | -6.91       |
|    explained_variance   | 0.751       |
|    learning_rate        | 0.000226    |
|    loss                 | 0.0334      |
|    n_updates            | 266         |
|    policy_gradient_loss | 0.0111      |
|    std                  | 0.573       |
|    value_loss           | 0.0312      |
-----------------------------------------
Early stopping at step 0 due to reaching max kl: 0.03
----------------------------------------
| rollout/                |            |
|    ep_len_mean          | 662        |
|    ep_rew_mean          | 1.15e+03   |
| time/                   |            |
|    fps                  | 2689       |
|    iterations           | 228        |
|    time_elapsed         | 694        |
|    total_timesteps      | 1867776    |
| train/                  |            |
|    approx_kl            | 0.01451394 |
|    clip_fraction        | 0.206      |
|    clip_range           | 0.2        |
|    entropy_loss         | -6.88      |
|    explained_variance   | 0.753      |
|    learning_rate        | 0.000226   |
|    loss                 | 0.0554     |
|    n_updates            | 267        |
|    policy_gradient_loss | 0.0102     |
|    std                  | 0.571      |
|    value_loss           | 0.0378     |
----------------------------------------
Early stopping at step 0 due to reaching max kl: 0.03
-----------------------------------------
| rollout/                |             |
|    ep_len_mean          | 652         |
|    ep_rew_mean          | 1.13e+03    |
| time/                   |             |
|    fps                  | 2689        |
|    iterations           | 229         |
|    time_elapsed         | 697         |
|    total_timesteps      | 1875968     |
| train/                  |             |
|    approx_kl            | 0.012323288 |
|    clip_fraction        | 0.159       |
|    clip_range           | 0.2         |
|    entropy_loss         | -6.86       |
|    explained_variance   | 0.769       |
|    learning_rate        | 0.000225    |
|    loss                 | 0.0436      |
|    n_updates            | 268         |
|    policy_gradient_loss | 0.00399     |
|    std                  | 0.57        |
|    value_loss           | 0.0678      |
-----------------------------------------
Early stopping at step 0 due to reaching max kl: 0.03
-----------------------------------------
| rollout/                |             |
|    ep_len_mean          | 625         |
|    ep_rew_mean          | 1.08e+03    |
| time/                   |             |
|    fps                  | 2689        |
|    iterations           | 230         |
|    time_elapsed         | 700         |
|    total_timesteps      | 1884160     |
| train/                  |             |
|    approx_kl            | 0.011999136 |
|    clip_fraction        | 0.162       |
|    clip_range           | 0.2         |
|    entropy_loss         | -6.85       |
|    explained_variance   | 0.677       |
|    learning_rate        | 0.000225    |
|    loss                 | 0.04        |
|    n_updates            | 269         |
|    policy_gradient_loss | 0.00739     |
|    std                  | 0.569       |
|    value_loss           | 0.0971      |
-----------------------------------------
Early stopping at step 0 due to reaching max kl: 0.03
----------------------------------------
| rollout/                |            |
|    ep_len_mean          | 676        |
|    ep_rew_mean          | 1.18e+03   |
| time/                   |            |
|    fps                  | 2689       |
|    iterations           | 231        |
|    time_elapsed         | 703        |
|    total_timesteps      | 1892352    |
| train/                  |            |
|    approx_kl            | 0.01060844 |
|    clip_fraction        | 0.14       |
|    clip_range           | 0.2        |
|    entropy_loss         | -6.84      |
|    explained_variance   | 0.759      |
|    learning_rate        | 0.000225   |
|    loss                 | 0.0288     |
|    n_updates            | 270        |
|    policy_gradient_loss | 0.00502    |
|    std                  | 0.569      |
|    value_loss           | 0.0648     |
----------------------------------------
Early stopping at step 0 due to reaching max kl: 0.03
----------------------------------------
| rollout/                |            |
|    ep_len_mean          | 610        |
|    ep_rew_mean          | 1.06e+03   |
| time/                   |            |
|    fps                  | 2689       |
|    iterations           | 232        |
|    time_elapsed         | 706        |
|    total_timesteps      | 1900544    |
| train/                  |            |
|    approx_kl            | 0.01525245 |
|    clip_fraction        | 0.214      |
|    clip_range           | 0.2        |
|    entropy_loss         | -6.82      |
|    explained_variance   | 0.843      |
|    learning_rate        | 0.000224   |
|    loss                 | 0.0328     |
|    n_updates            | 271        |
|    policy_gradient_loss | 0.00845    |
|    std                  | 0.567      |
|    value_loss           | 0.0197     |
----------------------------------------
Early stopping at step 0 due to reaching max kl: 0.03
-----------------------------------------
| rollout/                |             |
|    ep_len_mean          | 633         |
|    ep_rew_mean          | 1.1e+03     |
| time/                   |             |
|    fps                  | 2689        |
|    iterations           | 233         |
|    time_elapsed         | 709         |
|    total_timesteps      | 1908736     |
| train/                  |             |
|    approx_kl            | 0.013189088 |
|    clip_fraction        | 0.181       |
|    clip_range           | 0.2         |
|    entropy_loss         | -6.8        |
|    explained_variance   | 0.691       |
|    learning_rate        | 0.000224    |
|    loss                 | 0.0447      |
|    n_updates            | 272         |
|    policy_gradient_loss | 0.00912     |
|    std                  | 0.566       |
|    value_loss           | 0.0974      |
-----------------------------------------
Early stopping at step 0 due to reaching max kl: 0.03
------------------------------------------
| rollout/                |              |
|    ep_len_mean          | 617          |
|    ep_rew_mean          | 1.07e+03     |
| time/                   |              |
|    fps                  | 2689         |
|    iterations           | 234          |
|    time_elapsed         | 712          |
|    total_timesteps      | 1916928      |
| train/                  |              |
|    approx_kl            | 0.0126983635 |
|    clip_fraction        | 0.172        |
|    clip_range           | 0.2          |
|    entropy_loss         | -6.79        |
|    explained_variance   | 0.799        |
|    learning_rate        | 0.000224     |
|    loss                 | 0.0454       |
|    n_updates            | 273          |
|    policy_gradient_loss | 0.000782     |
|    std                  | 0.566        |
|    value_loss           | 0.0571       |
------------------------------------------
Early stopping at step 0 due to reaching max kl: 0.03
-----------------------------------------
| rollout/                |             |
|    ep_len_mean          | 595         |
|    ep_rew_mean          | 1.04e+03    |
| time/                   |             |
|    fps                  | 2689        |
|    iterations           | 235         |
|    time_elapsed         | 715         |
|    total_timesteps      | 1925120     |
| train/                  |             |
|    approx_kl            | 0.012559196 |
|    clip_fraction        | 0.171       |
|    clip_range           | 0.2         |
|    entropy_loss         | -6.78       |
|    explained_variance   | 0.755       |
|    learning_rate        | 0.000223    |
|    loss                 | 0.00897     |
|    n_updates            | 274         |
|    policy_gradient_loss | 0.00985     |
|    std                  | 0.564       |
|    value_loss           | 0.0533      |
-----------------------------------------
Early stopping at step 0 due to reaching max kl: 0.03
-----------------------------------------
| rollout/                |             |
|    ep_len_mean          | 637         |
|    ep_rew_mean          | 1.11e+03    |
| time/                   |             |
|    fps                  | 2689        |
|    iterations           | 236         |
|    time_elapsed         | 718         |
|    total_timesteps      | 1933312     |
| train/                  |             |
|    approx_kl            | 0.014679471 |
|    clip_fraction        | 0.204       |
|    clip_range           | 0.2         |
|    entropy_loss         | -6.76       |
|    explained_variance   | 0.732       |
|    learning_rate        | 0.000223    |
|    loss                 | -0.0144     |
|    n_updates            | 275         |
|    policy_gradient_loss | 0.00347     |
|    std                  | 0.563       |
|    value_loss           | 0.0467      |
-----------------------------------------
Early stopping at step 0 due to reaching max kl: 0.03
-----------------------------------------
| rollout/                |             |
|    ep_len_mean          | 663         |
|    ep_rew_mean          | 1.16e+03    |
| time/                   |             |
|    fps                  | 2690        |
|    iterations           | 237         |
|    time_elapsed         | 721         |
|    total_timesteps      | 1941504     |
| train/                  |             |
|    approx_kl            | 0.009099798 |
|    clip_fraction        | 0.112       |
|    clip_range           | 0.2         |
|    entropy_loss         | -6.74       |
|    explained_variance   | 0.792       |
|    learning_rate        | 0.000223    |
|    loss                 | 0.03        |
|    n_updates            | 276         |
|    policy_gradient_loss | 0.00222     |
|    std                  | 0.562       |
|    value_loss           | 0.0441      |
-----------------------------------------
Early stopping at step 0 due to reaching max kl: 0.03
------------------------------------------
| rollout/                |              |
|    ep_len_mean          | 676          |
|    ep_rew_mean          | 1.19e+03     |
| time/                   |              |
|    fps                  | 2690         |
|    iterations           | 238          |
|    time_elapsed         | 724          |
|    total_timesteps      | 1949696      |
| train/                  |              |
|    approx_kl            | 0.0093255555 |
|    clip_fraction        | 0.13         |
|    clip_range           | 0.2          |
|    entropy_loss         | -6.73        |
|    explained_variance   | 0.766        |
|    learning_rate        | 0.000222     |
|    loss                 | 0.00525      |
|    n_updates            | 277          |
|    policy_gradient_loss | 0.000674     |
|    std                  | 0.561        |
|    value_loss           | 0.0496       |
------------------------------------------
Early stopping at step 0 due to reaching max kl: 0.03
-----------------------------------------
| rollout/                |             |
|    ep_len_mean          | 676         |
|    ep_rew_mean          | 1.19e+03    |
| time/                   |             |
|    fps                  | 2690        |
|    iterations           | 239         |
|    time_elapsed         | 727         |
|    total_timesteps      | 1957888     |
| train/                  |             |
|    approx_kl            | 0.009540717 |
|    clip_fraction        | 0.12        |
|    clip_range           | 0.2         |
|    entropy_loss         | -6.72       |
|    explained_variance   | 0.766       |
|    learning_rate        | 0.000222    |
|    loss                 | 0.124       |
|    n_updates            | 278         |
|    policy_gradient_loss | 0.0018      |
|    std                  | 0.561       |
|    value_loss           | 0.04        |
-----------------------------------------
Early stopping at step 0 due to reaching max kl: 0.03
-----------------------------------------
| rollout/                |             |
|    ep_len_mean          | 683         |
|    ep_rew_mean          | 1.2e+03     |
| time/                   |             |
|    fps                  | 2690        |
|    iterations           | 240         |
|    time_elapsed         | 730         |
|    total_timesteps      | 1966080     |
| train/                  |             |
|    approx_kl            | 0.013305107 |
|    clip_fraction        | 0.181       |
|    clip_range           | 0.2         |
|    entropy_loss         | -6.71       |
|    explained_variance   | 0.749       |
|    learning_rate        | 0.000222    |
|    loss                 | 0.0415      |
|    n_updates            | 279         |
|    policy_gradient_loss | 0.00559     |
|    std                  | 0.56        |
|    value_loss           | 0.0349      |
-----------------------------------------
Early stopping at step 0 due to reaching max kl: 0.04
-----------------------------------------
| rollout/                |             |
|    ep_len_mean          | 728         |
|    ep_rew_mean          | 1.29e+03    |
| time/                   |             |
|    fps                  | 2691        |
|    iterations           | 241         |
|    time_elapsed         | 733         |
|    total_timesteps      | 1974272     |
| train/                  |             |
|    approx_kl            | 0.014451477 |
|    clip_fraction        | 0.188       |
|    clip_range           | 0.2         |
|    entropy_loss         | -6.69       |
|    explained_variance   | 0.748       |
|    learning_rate        | 0.000221    |
|    loss                 | 0.0142      |
|    n_updates            | 280         |
|    policy_gradient_loss | 0.0105      |
|    std                  | 0.558       |
|    value_loss           | 0.0359      |
-----------------------------------------
Early stopping at step 0 due to reaching max kl: 0.03
-----------------------------------------
| rollout/                |             |
|    ep_len_mean          | 728         |
|    ep_rew_mean          | 1.29e+03    |
| time/                   |             |
|    fps                  | 2691        |
|    iterations           | 242         |
|    time_elapsed         | 736         |
|    total_timesteps      | 1982464     |
| train/                  |             |
|    approx_kl            | 0.011144466 |
|    clip_fraction        | 0.141       |
|    clip_range           | 0.2         |
|    entropy_loss         | -6.68       |
|    explained_variance   | 0.708       |
|    learning_rate        | 0.000221    |
|    loss                 | 0.0141      |
|    n_updates            | 281         |
|    policy_gradient_loss | 0.00434     |
|    std                  | 0.558       |
|    value_loss           | 0.0656      |
-----------------------------------------
Early stopping at step 0 due to reaching max kl: 0.03
-----------------------------------------
| rollout/                |             |
|    ep_len_mean          | 754         |
|    ep_rew_mean          | 1.34e+03    |
| time/                   |             |
|    fps                  | 2691        |
|    iterations           | 243         |
|    time_elapsed         | 739         |
|    total_timesteps      | 1990656     |
| train/                  |             |
|    approx_kl            | 0.013837202 |
|    clip_fraction        | 0.19        |
|    clip_range           | 0.2         |
|    entropy_loss         | -6.66       |
|    explained_variance   | 0.76        |
|    learning_rate        | 0.000221    |
|    loss                 | 0.0508      |
|    n_updates            | 282         |
|    policy_gradient_loss | 0.0109      |
|    std                  | 0.556       |
|    value_loss           | 0.0353      |
-----------------------------------------
Early stopping at step 0 due to reaching max kl: 0.04
-----------------------------------------
| rollout/                |             |
|    ep_len_mean          | 748         |
|    ep_rew_mean          | 1.33e+03    |
| time/                   |             |
|    fps                  | 2691        |
|    iterations           | 244         |
|    time_elapsed         | 742         |
|    total_timesteps      | 1998848     |
| train/                  |             |
|    approx_kl            | 0.012435066 |
|    clip_fraction        | 0.168       |
|    clip_range           | 0.2         |
|    entropy_loss         | -6.64       |
|    explained_variance   | 0.717       |
|    learning_rate        | 0.00022     |
|    loss                 | 0.0413      |
|    n_updates            | 283         |
|    policy_gradient_loss | 0.00683     |
|    std                  | 0.555       |
|    value_loss           | 0.0166      |
-----------------------------------------
Early stopping at step 0 due to reaching max kl: 0.03
-----------------------------------------
| rollout/                |             |
|    ep_len_mean          | 756         |
|    ep_rew_mean          | 1.35e+03    |
| time/                   |             |
|    fps                  | 2691        |
|    iterations           | 245         |
|    time_elapsed         | 745         |
|    total_timesteps      | 2007040     |
| train/                  |             |
|    approx_kl            | 0.013540228 |
|    clip_fraction        | 0.178       |
|    clip_range           | 0.2         |
|    entropy_loss         | -6.63       |
|    explained_variance   | 0.638       |
|    learning_rate        | 0.00022     |
|    loss                 | 0.0464      |
|    n_updates            | 284         |
|    policy_gradient_loss | 0.00504     |
|    std                  | 0.554       |
|    value_loss           | 0.0642      |
-----------------------------------------
Early stopping at step 0 due to reaching max kl: 0.03
-----------------------------------------
| rollout/                |             |
|    ep_len_mean          | 740         |
|    ep_rew_mean          | 1.32e+03    |
| time/                   |             |
|    fps                  | 2691        |
|    iterations           | 246         |
|    time_elapsed         | 748         |
|    total_timesteps      | 2015232     |
| train/                  |             |
|    approx_kl            | 0.014052277 |
|    clip_fraction        | 0.186       |
|    clip_range           | 0.2         |
|    entropy_loss         | -6.61       |
|    explained_variance   | 0.713       |
|    learning_rate        | 0.00022     |
|    loss                 | 0.0303      |
|    n_updates            | 285         |
|    policy_gradient_loss | 0.0069      |
|    std                  | 0.553       |
|    value_loss           | 0.0252      |
-----------------------------------------
Early stopping at step 0 due to reaching max kl: 0.04
-----------------------------------------
| rollout/                |             |
|    ep_len_mean          | 739         |
|    ep_rew_mean          | 1.32e+03    |
| time/                   |             |
|    fps                  | 2691        |
|    iterations           | 247         |
|    time_elapsed         | 751         |
|    total_timesteps      | 2023424     |
| train/                  |             |
|    approx_kl            | 0.016879505 |
|    clip_fraction        | 0.236       |
|    clip_range           | 0.2         |
|    entropy_loss         | -6.59       |
|    explained_variance   | 0.684       |
|    learning_rate        | 0.000219    |
|    loss                 | 0.0392      |
|    n_updates            | 286         |
|    policy_gradient_loss | 0.00909     |
|    std                  | 0.551       |
|    value_loss           | 0.0602      |
-----------------------------------------
Early stopping at step 0 due to reaching max kl: 0.03
-----------------------------------------
| rollout/                |             |
|    ep_len_mean          | 748         |
|    ep_rew_mean          | 1.34e+03    |
| time/                   |             |
|    fps                  | 2691        |
|    iterations           | 248         |
|    time_elapsed         | 754         |
|    total_timesteps      | 2031616     |
| train/                  |             |
|    approx_kl            | 0.013518464 |
|    clip_fraction        | 0.19        |
|    clip_range           | 0.2         |
|    entropy_loss         | -6.57       |
|    explained_variance   | 0.68        |
|    learning_rate        | 0.000219    |
|    loss                 | 0.012       |
|    n_updates            | 287         |
|    policy_gradient_loss | 0.00992     |
|    std                  | 0.55        |
|    value_loss           | 0.0313      |
-----------------------------------------
Early stopping at step 0 due to reaching max kl: 0.03
-----------------------------------------
| rollout/                |             |
|    ep_len_mean          | 768         |
|    ep_rew_mean          | 1.38e+03    |
| time/                   |             |
|    fps                  | 2691        |
|    iterations           | 249         |
|    time_elapsed         | 757         |
|    total_timesteps      | 2039808     |
| train/                  |             |
|    approx_kl            | 0.013484887 |
|    clip_fraction        | 0.187       |
|    clip_range           | 0.2         |
|    entropy_loss         | -6.55       |
|    explained_variance   | 0.669       |
|    learning_rate        | 0.000219    |
|    loss                 | 0.0217      |
|    n_updates            | 288         |
|    policy_gradient_loss | 0.00739     |
|    std                  | 0.548       |
|    value_loss           | 0.0321      |
-----------------------------------------
Early stopping at step 0 due to reaching max kl: 0.03
-----------------------------------------
| rollout/                |             |
|    ep_len_mean          | 755         |
|    ep_rew_mean          | 1.36e+03    |
| time/                   |             |
|    fps                  | 2691        |
|    iterations           | 250         |
|    time_elapsed         | 760         |
|    total_timesteps      | 2048000     |
| train/                  |             |
|    approx_kl            | 0.012572528 |
|    clip_fraction        | 0.171       |
|    clip_range           | 0.2         |
|    entropy_loss         | -6.53       |
|    explained_variance   | 0.646       |
|    learning_rate        | 0.000218    |
|    loss                 | 0.0199      |
|    n_updates            | 289         |
|    policy_gradient_loss | 0.0089      |
|    std                  | 0.547       |
|    value_loss           | 0.0294      |
-----------------------------------------
Early stopping at step 0 due to reaching max kl: 0.04
-----------------------------------------
| rollout/                |             |
|    ep_len_mean          | 723         |
|    ep_rew_mean          | 1.31e+03    |
| time/                   |             |
|    fps                  | 2691        |
|    iterations           | 251         |
|    time_elapsed         | 763         |
|    total_timesteps      | 2056192     |
| train/                  |             |
|    approx_kl            | 0.011900181 |
|    clip_fraction        | 0.156       |
|    clip_range           | 0.2         |
|    entropy_loss         | -6.51       |
|    explained_variance   | 0.661       |
|    learning_rate        | 0.000218    |
|    loss                 | 0.109       |
|    n_updates            | 290         |
|    policy_gradient_loss | 0.00531     |
|    std                  | 0.546       |
|    value_loss           | 0.0566      |
-----------------------------------------
Early stopping at step 0 due to reaching max kl: 0.04
-----------------------------------------
| rollout/                |             |
|    ep_len_mean          | 725         |
|    ep_rew_mean          | 1.31e+03    |
| time/                   |             |
|    fps                  | 2691        |
|    iterations           | 252         |
|    time_elapsed         | 766         |
|    total_timesteps      | 2064384     |
| train/                  |             |
|    approx_kl            | 0.011458039 |
|    clip_fraction        | 0.152       |
|    clip_range           | 0.2         |
|    entropy_loss         | -6.5        |
|    explained_variance   | 0.696       |
|    learning_rate        | 0.000218    |
|    loss                 | 0.115       |
|    n_updates            | 291         |
|    policy_gradient_loss | 0.0114      |
|    std                  | 0.545       |
|    value_loss           | 0.0738      |
-----------------------------------------
Early stopping at step 0 due to reaching max kl: 0.03
-----------------------------------------
| rollout/                |             |
|    ep_len_mean          | 720         |
|    ep_rew_mean          | 1.31e+03    |
| time/                   |             |
|    fps                  | 2691        |
|    iterations           | 253         |
|    time_elapsed         | 769         |
|    total_timesteps      | 2072576     |
| train/                  |             |
|    approx_kl            | 0.011570884 |
|    clip_fraction        | 0.151       |
|    clip_range           | 0.2         |
|    entropy_loss         | -6.49       |
|    explained_variance   | 0.749       |
|    learning_rate        | 0.000217    |
|    loss                 | 0.212       |
|    n_updates            | 292         |
|    policy_gradient_loss | 0.0096      |
|    std                  | 0.544       |
|    value_loss           | 0.0292      |
-----------------------------------------
Early stopping at step 0 due to reaching max kl: 0.03
-----------------------------------------
| rollout/                |             |
|    ep_len_mean          | 709         |
|    ep_rew_mean          | 1.29e+03    |
| time/                   |             |
|    fps                  | 2692        |
|    iterations           | 254         |
|    time_elapsed         | 772         |
|    total_timesteps      | 2080768     |
| train/                  |             |
|    approx_kl            | 0.011822694 |
|    clip_fraction        | 0.155       |
|    clip_range           | 0.2         |
|    entropy_loss         | -6.47       |
|    explained_variance   | 0.715       |
|    learning_rate        | 0.000217    |
|    loss                 | 0.031       |
|    n_updates            | 293         |
|    policy_gradient_loss | 0.00155     |
|    std                  | 0.543       |
|    value_loss           | 0.0692      |
-----------------------------------------
Early stopping at step 0 due to reaching max kl: 0.03
-----------------------------------------
| rollout/                |             |
|    ep_len_mean          | 721         |
|    ep_rew_mean          | 1.32e+03    |
| time/                   |             |
|    fps                  | 2692        |
|    iterations           | 255         |
|    time_elapsed         | 775         |
|    total_timesteps      | 2088960     |
| train/                  |             |
|    approx_kl            | 0.010695728 |
|    clip_fraction        | 0.14        |
|    clip_range           | 0.2         |
|    entropy_loss         | -6.46       |
|    explained_variance   | 0.688       |
|    learning_rate        | 0.000217    |
|    loss                 | 0.106       |
|    n_updates            | 294         |
|    policy_gradient_loss | 0.00849     |
|    std                  | 0.542       |
|    value_loss           | 0.0405      |
-----------------------------------------
Early stopping at step 0 due to reaching max kl: 0.04
-----------------------------------------
| rollout/                |             |
|    ep_len_mean          | 729         |
|    ep_rew_mean          | 1.34e+03    |
| time/                   |             |
|    fps                  | 2692        |
|    iterations           | 256         |
|    time_elapsed         | 778         |
|    total_timesteps      | 2097152     |
| train/                  |             |
|    approx_kl            | 0.011175342 |
|    clip_fraction        | 0.144       |
|    clip_range           | 0.2         |
|    entropy_loss         | -6.45       |
|    explained_variance   | 0.746       |
|    learning_rate        | 0.000216    |
|    loss                 | 0.0259      |
|    n_updates            | 295         |
|    policy_gradient_loss | 0.00723     |
|    std                  | 0.542       |
|    value_loss           | 0.0559      |
-----------------------------------------
Early stopping at step 0 due to reaching max kl: 0.03
-----------------------------------------
| rollout/                |             |
|    ep_len_mean          | 690         |
|    ep_rew_mean          | 1.27e+03    |
| time/                   |             |
|    fps                  | 2692        |
|    iterations           | 257         |
|    time_elapsed         | 781         |
|    total_timesteps      | 2105344     |
| train/                  |             |
|    approx_kl            | 0.013389789 |
|    clip_fraction        | 0.189       |
|    clip_range           | 0.2         |
|    entropy_loss         | -6.44       |
|    explained_variance   | 0.782       |
|    learning_rate        | 0.000216    |
|    loss                 | 0.0271      |
|    n_updates            | 296         |
|    policy_gradient_loss | 0.00647     |
|    std                  | 0.541       |
|    value_loss           | 0.0262      |
-----------------------------------------
Early stopping at step 0 due to reaching max kl: 0.04
------------------------------------------
| rollout/                |              |
|    ep_len_mean          | 689          |
|    ep_rew_mean          | 1.27e+03     |
| time/                   |              |
|    fps                  | 2692         |
|    iterations           | 258          |
|    time_elapsed         | 784          |
|    total_timesteps      | 2113536      |
| train/                  |              |
|    approx_kl            | 0.0133280875 |
|    clip_fraction        | 0.183        |
|    clip_range           | 0.2          |
|    entropy_loss         | -6.42        |
|    explained_variance   | 0.617        |
|    learning_rate        | 0.000216     |
|    loss                 | 0.0996       |
|    n_updates            | 297          |
|    policy_gradient_loss | 0.00724      |
|    std                  | 0.54         |
|    value_loss           | 0.0859       |
------------------------------------------
Early stopping at step 0 due to reaching max kl: 0.03
----------------------------------------
| rollout/                |            |
|    ep_len_mean          | 667        |
|    ep_rew_mean          | 1.23e+03   |
| time/                   |            |
|    fps                  | 2692       |
|    iterations           | 259        |
|    time_elapsed         | 787        |
|    total_timesteps      | 2121728    |
| train/                  |            |
|    approx_kl            | 0.01139727 |
|    clip_fraction        | 0.155      |
|    clip_range           | 0.2        |
|    entropy_loss         | -6.41      |
|    explained_variance   | 0.72       |
|    learning_rate        | 0.000215   |
|    loss                 | 0.0339     |
|    n_updates            | 298        |
|    policy_gradient_loss | 0.00392    |
|    std                  | 0.539      |
|    value_loss           | 0.0506     |
----------------------------------------
Early stopping at step 0 due to reaching max kl: 0.03
-----------------------------------------
| rollout/                |             |
|    ep_len_mean          | 686         |
|    ep_rew_mean          | 1.26e+03    |
| time/                   |             |
|    fps                  | 2692        |
|    iterations           | 260         |
|    time_elapsed         | 790         |
|    total_timesteps      | 2129920     |
| train/                  |             |
|    approx_kl            | 0.013382071 |
|    clip_fraction        | 0.167       |
|    clip_range           | 0.2         |
|    entropy_loss         | -6.4        |
|    explained_variance   | 0.664       |
|    learning_rate        | 0.000215    |
|    loss                 | 0.00505     |
|    n_updates            | 299         |
|    policy_gradient_loss | 0.00959     |
|    std                  | 0.539       |
|    value_loss           | 0.0963      |
-----------------------------------------
Early stopping at step 0 due to reaching max kl: 0.03
-----------------------------------------
| rollout/                |             |
|    ep_len_mean          | 680         |
|    ep_rew_mean          | 1.25e+03    |
| time/                   |             |
|    fps                  | 2692        |
|    iterations           | 261         |
|    time_elapsed         | 793         |
|    total_timesteps      | 2138112     |
| train/                  |             |
|    approx_kl            | 0.012212192 |
|    clip_fraction        | 0.165       |
|    clip_range           | 0.2         |
|    entropy_loss         | -6.39       |
|    explained_variance   | 0.674       |
|    learning_rate        | 0.000215    |
|    loss                 | 0.154       |
|    n_updates            | 300         |
|    policy_gradient_loss | 0.00592     |
|    std                  | 0.538       |
|    value_loss           | 0.0585      |
-----------------------------------------
Early stopping at step 0 due to reaching max kl: 0.04
-----------------------------------------
| rollout/                |             |
|    ep_len_mean          | 658         |
|    ep_rew_mean          | 1.22e+03    |
| time/                   |             |
|    fps                  | 2693        |
|    iterations           | 262         |
|    time_elapsed         | 796         |
|    total_timesteps      | 2146304     |
| train/                  |             |
|    approx_kl            | 0.011250608 |
|    clip_fraction        | 0.147       |
|    clip_range           | 0.2         |
|    entropy_loss         | -6.38       |
|    explained_variance   | 0.648       |
|    learning_rate        | 0.000214    |
|    loss                 | 0.0244      |
|    n_updates            | 301         |
|    policy_gradient_loss | 0.00599     |
|    std                  | 0.537       |
|    value_loss           | 0.063       |
-----------------------------------------
Early stopping at step 0 due to reaching max kl: 0.03
-----------------------------------------
| rollout/                |             |
|    ep_len_mean          | 632         |
|    ep_rew_mean          | 1.17e+03    |
| time/                   |             |
|    fps                  | 2693        |
|    iterations           | 263         |
|    time_elapsed         | 799         |
|    total_timesteps      | 2154496     |
| train/                  |             |
|    approx_kl            | 0.010290941 |
|    clip_fraction        | 0.135       |
|    clip_range           | 0.2         |
|    entropy_loss         | -6.36       |
|    explained_variance   | 0.687       |
|    learning_rate        | 0.000214    |
|    loss                 | 0.00873     |
|    n_updates            | 302         |
|    policy_gradient_loss | 0.00411     |
|    std                  | 0.536       |
|    value_loss           | 0.074       |
-----------------------------------------
Early stopping at step 0 due to reaching max kl: 0.04
-----------------------------------------
| rollout/                |             |
|    ep_len_mean          | 634         |
|    ep_rew_mean          | 1.17e+03    |
| time/                   |             |
|    fps                  | 2693        |
|    iterations           | 264         |
|    time_elapsed         | 802         |
|    total_timesteps      | 2162688     |
| train/                  |             |
|    approx_kl            | 0.012239427 |
|    clip_fraction        | 0.172       |
|    clip_range           | 0.2         |
|    entropy_loss         | -6.35       |
|    explained_variance   | 0.695       |
|    learning_rate        | 0.000214    |
|    loss                 | 0.0858      |
|    n_updates            | 303         |
|    policy_gradient_loss | 0.00568     |
|    std                  | 0.536       |
|    value_loss           | 0.0846      |
-----------------------------------------
Early stopping at step 0 due to reaching max kl: 0.03
-----------------------------------------
| rollout/                |             |
|    ep_len_mean          | 614         |
|    ep_rew_mean          | 1.13e+03    |
| time/                   |             |
|    fps                  | 2693        |
|    iterations           | 265         |
|    time_elapsed         | 805         |
|    total_timesteps      | 2170880     |
| train/                  |             |
|    approx_kl            | 0.013721027 |
|    clip_fraction        | 0.19        |
|    clip_range           | 0.2         |
|    entropy_loss         | -6.35       |
|    explained_variance   | 0.734       |
|    learning_rate        | 0.000213    |
|    loss                 | 0.0641      |
|    n_updates            | 304         |
|    policy_gradient_loss | 0.0057      |
|    std                  | 0.535       |
|    value_loss           | 0.0432      |
-----------------------------------------
Early stopping at step 0 due to reaching max kl: 0.04
-----------------------------------------
| rollout/                |             |
|    ep_len_mean          | 611         |
|    ep_rew_mean          | 1.13e+03    |
| time/                   |             |
|    fps                  | 2694        |
|    iterations           | 266         |
|    time_elapsed         | 808         |
|    total_timesteps      | 2179072     |
| train/                  |             |
|    approx_kl            | 0.009052549 |
|    clip_fraction        | 0.106       |
|    clip_range           | 0.2         |
|    entropy_loss         | -6.34       |
|    explained_variance   | 0.665       |
|    learning_rate        | 0.000213    |
|    loss                 | 0.0519      |
|    n_updates            | 305         |
|    policy_gradient_loss | 0.0071      |
|    std                  | 0.534       |
|    value_loss           | 0.076       |
-----------------------------------------
Early stopping at step 0 due to reaching max kl: 0.03
-----------------------------------------
| rollout/                |             |
|    ep_len_mean          | 615         |
|    ep_rew_mean          | 1.14e+03    |
| time/                   |             |
|    fps                  | 2694        |
|    iterations           | 267         |
|    time_elapsed         | 811         |
|    total_timesteps      | 2187264     |
| train/                  |             |
|    approx_kl            | 0.014571097 |
|    clip_fraction        | 0.186       |
|    clip_range           | 0.2         |
|    entropy_loss         | -6.33       |
|    explained_variance   | 0.675       |
|    learning_rate        | 0.000213    |
|    loss                 | 0.0402      |
|    n_updates            | 306         |
|    policy_gradient_loss | 0.0116      |
|    std                  | 0.534       |
|    value_loss           | 0.0953      |
-----------------------------------------
Early stopping at step 0 due to reaching max kl: 0.03
-----------------------------------------
| rollout/                |             |
|    ep_len_mean          | 627         |
|    ep_rew_mean          | 1.17e+03    |
| time/                   |             |
|    fps                  | 2694        |
|    iterations           | 268         |
|    time_elapsed         | 814         |
|    total_timesteps      | 2195456     |
| train/                  |             |
|    approx_kl            | 0.010882887 |
|    clip_fraction        | 0.149       |
|    clip_range           | 0.2         |
|    entropy_loss         | -6.33       |
|    explained_variance   | 0.689       |
|    learning_rate        | 0.000213    |
|    loss                 | 0.0587      |
|    n_updates            | 307         |
|    policy_gradient_loss | 0.00466     |
|    std                  | 0.534       |
|    value_loss           | 0.0553      |
-----------------------------------------
Early stopping at step 0 due to reaching max kl: 0.03
-----------------------------------------
| rollout/                |             |
|    ep_len_mean          | 628         |
|    ep_rew_mean          | 1.17e+03    |
| time/                   |             |
|    fps                  | 2694        |
|    iterations           | 269         |
|    time_elapsed         | 817         |
|    total_timesteps      | 2203648     |
| train/                  |             |
|    approx_kl            | 0.013276942 |
|    clip_fraction        | 0.184       |
|    clip_range           | 0.2         |
|    entropy_loss         | -6.31       |
|    explained_variance   | 0.736       |
|    learning_rate        | 0.000212    |
|    loss                 | 0.0435      |
|    n_updates            | 308         |
|    policy_gradient_loss | 0.00791     |
|    std                  | 0.532       |
|    value_loss           | 0.0418      |
-----------------------------------------
Early stopping at step 0 due to reaching max kl: 0.04
-----------------------------------------
| rollout/                |             |
|    ep_len_mean          | 669         |
|    ep_rew_mean          | 1.25e+03    |
| time/                   |             |
|    fps                  | 2694        |
|    iterations           | 270         |
|    time_elapsed         | 820         |
|    total_timesteps      | 2211840     |
| train/                  |             |
|    approx_kl            | 0.013397659 |
|    clip_fraction        | 0.183       |
|    clip_range           | 0.2         |
|    entropy_loss         | -6.29       |
|    explained_variance   | 0.761       |
|    learning_rate        | 0.000212    |
|    loss                 | -0.0222     |
|    n_updates            | 309         |
|    policy_gradient_loss | 0.00898     |
|    std                  | 0.531       |
|    value_loss           | 0.0385      |
-----------------------------------------
Early stopping at step 0 due to reaching max kl: 0.03
-----------------------------------------
| rollout/                |             |
|    ep_len_mean          | 651         |
|    ep_rew_mean          | 1.22e+03    |
| time/                   |             |
|    fps                  | 2694        |
|    iterations           | 271         |
|    time_elapsed         | 823         |
|    total_timesteps      | 2220032     |
| train/                  |             |
|    approx_kl            | 0.013868634 |
|    clip_fraction        | 0.196       |
|    clip_range           | 0.2         |
|    entropy_loss         | -6.28       |
|    explained_variance   | 0.71        |
|    learning_rate        | 0.000212    |
|    loss                 | -0.0065     |
|    n_updates            | 310         |
|    policy_gradient_loss | 0.00539     |
|    std                  | 0.53        |
|    value_loss           | 0.0215      |
-----------------------------------------
Early stopping at step 0 due to reaching max kl: 0.04
-----------------------------------------
| rollout/                |             |
|    ep_len_mean          | 658         |
|    ep_rew_mean          | 1.24e+03    |
| time/                   |             |
|    fps                  | 2694        |
|    iterations           | 272         |
|    time_elapsed         | 826         |
|    total_timesteps      | 2228224     |
| train/                  |             |
|    approx_kl            | 0.012299278 |
|    clip_fraction        | 0.168       |
|    clip_range           | 0.2         |
|    entropy_loss         | -6.25       |
|    explained_variance   | 0.612       |
|    learning_rate        | 0.000211    |
|    loss                 | 0.0391      |
|    n_updates            | 311         |
|    policy_gradient_loss | 0.00648     |
|    std                  | 0.528       |
|    value_loss           | 0.105       |
-----------------------------------------
Early stopping at step 0 due to reaching max kl: 0.04
------------------------------------------
| rollout/                |              |
|    ep_len_mean          | 676          |
|    ep_rew_mean          | 1.27e+03     |
| time/                   |              |
|    fps                  | 2695         |
|    iterations           | 273          |
|    time_elapsed         | 829          |
|    total_timesteps      | 2236416      |
| train/                  |              |
|    approx_kl            | 0.0121573405 |
|    clip_fraction        | 0.149        |
|    clip_range           | 0.2          |
|    entropy_loss         | -6.23        |
|    explained_variance   | 0.803        |
|    learning_rate        | 0.000211     |
|    loss                 | 0.16         |
|    n_updates            | 312          |
|    policy_gradient_loss | 0.00648      |
|    std                  | 0.527        |
|    value_loss           | 0.0256       |
------------------------------------------
Early stopping at step 0 due to reaching max kl: 0.03
-----------------------------------------
| rollout/                |             |
|    ep_len_mean          | 685         |
|    ep_rew_mean          | 1.29e+03    |
| time/                   |             |
|    fps                  | 2695        |
|    iterations           | 274         |
|    time_elapsed         | 832         |
|    total_timesteps      | 2244608     |
| train/                  |             |
|    approx_kl            | 0.011727013 |
|    clip_fraction        | 0.158       |
|    clip_range           | 0.2         |
|    entropy_loss         | -6.22       |
|    explained_variance   | 0.633       |
|    learning_rate        | 0.000211    |
|    loss                 | 0.107       |
|    n_updates            | 313         |
|    policy_gradient_loss | 0.00722     |
|    std                  | 0.526       |
|    value_loss           | 0.0559      |
-----------------------------------------
Early stopping at step 0 due to reaching max kl: 0.03
-----------------------------------------
| rollout/                |             |
|    ep_len_mean          | 666         |
|    ep_rew_mean          | 1.26e+03    |
| time/                   |             |
|    fps                  | 2695        |
|    iterations           | 275         |
|    time_elapsed         | 835         |
|    total_timesteps      | 2252800     |
| train/                  |             |
|    approx_kl            | 0.012421896 |
|    clip_fraction        | 0.165       |
|    clip_range           | 0.2         |
|    entropy_loss         | -6.2        |
|    explained_variance   | 0.669       |
|    learning_rate        | 0.00021     |
|    loss                 | 0.0697      |
|    n_updates            | 314         |
|    policy_gradient_loss | 0.0025      |
|    std                  | 0.526       |
|    value_loss           | 0.0639      |
-----------------------------------------
Early stopping at step 0 due to reaching max kl: 0.03
-----------------------------------------
| rollout/                |             |
|    ep_len_mean          | 669         |
|    ep_rew_mean          | 1.26e+03    |
| time/                   |             |
|    fps                  | 2695        |
|    iterations           | 276         |
|    time_elapsed         | 838         |
|    total_timesteps      | 2260992     |
| train/                  |             |
|    approx_kl            | 0.013153736 |
|    clip_fraction        | 0.184       |
|    clip_range           | 0.2         |
|    entropy_loss         | -6.2        |
|    explained_variance   | 0.635       |
|    learning_rate        | 0.00021     |
|    loss                 | 0.0509      |
|    n_updates            | 315         |
|    policy_gradient_loss | 0.00567     |
|    std                  | 0.525       |
|    value_loss           | 0.0854      |
-----------------------------------------
Early stopping at step 0 due to reaching max kl: 0.03
-----------------------------------------
| rollout/                |             |
|    ep_len_mean          | 690         |
|    ep_rew_mean          | 1.31e+03    |
| time/                   |             |
|    fps                  | 2695        |
|    iterations           | 277         |
|    time_elapsed         | 841         |
|    total_timesteps      | 2269184     |
| train/                  |             |
|    approx_kl            | 0.011276069 |
|    clip_fraction        | 0.141       |
|    clip_range           | 0.2         |
|    entropy_loss         | -6.19       |
|    explained_variance   | 0.687       |
|    learning_rate        | 0.00021     |
|    loss                 | 0.0198      |
|    n_updates            | 316         |
|    policy_gradient_loss | 0.0051      |
|    std                  | 0.525       |
|    value_loss           | 0.0518      |
-----------------------------------------
Early stopping at step 0 due to reaching max kl: 0.04
----------------------------------------
| rollout/                |            |
|    ep_len_mean          | 674        |
|    ep_rew_mean          | 1.28e+03   |
| time/                   |            |
|    fps                  | 2695       |
|    iterations           | 278        |
|    time_elapsed         | 844        |
|    total_timesteps      | 2277376    |
| train/                  |            |
|    approx_kl            | 0.01281368 |
|    clip_fraction        | 0.165      |
|    clip_range           | 0.2        |
|    entropy_loss         | -6.17      |
|    explained_variance   | 0.742      |
|    learning_rate        | 0.000209   |
|    loss                 | 0.0165     |
|    n_updates            | 317        |
|    policy_gradient_loss | 0.0054     |
|    std                  | 0.523      |
|    value_loss           | 0.0254     |
----------------------------------------
Early stopping at step 0 due to reaching max kl: 0.03
----------------------------------------
| rollout/                |            |
|    ep_len_mean          | 721        |
|    ep_rew_mean          | 1.37e+03   |
| time/                   |            |
|    fps                  | 2695       |
|    iterations           | 279        |
|    time_elapsed         | 847        |
|    total_timesteps      | 2285568    |
| train/                  |            |
|    approx_kl            | 0.01036137 |
|    clip_fraction        | 0.14       |
|    clip_range           | 0.2        |
|    entropy_loss         | -6.16      |
|    explained_variance   | 0.686      |
|    learning_rate        | 0.000209   |
|    loss                 | 0.13       |
|    n_updates            | 318        |
|    policy_gradient_loss | 0.00679    |
|    std                  | 0.522      |
|    value_loss           | 0.0315     |
----------------------------------------
Early stopping at step 0 due to reaching max kl: 0.03
-----------------------------------------
| rollout/                |             |
|    ep_len_mean          | 707         |
|    ep_rew_mean          | 1.34e+03    |
| time/                   |             |
|    fps                  | 2696        |
|    iterations           | 280         |
|    time_elapsed         | 850         |
|    total_timesteps      | 2293760     |
| train/                  |             |
|    approx_kl            | 0.015163186 |
|    clip_fraction        | 0.207       |
|    clip_range           | 0.2         |
|    entropy_loss         | -6.14       |
|    explained_variance   | 0.673       |
|    learning_rate        | 0.000209    |
|    loss                 | 0.0188      |
|    n_updates            | 319         |
|    policy_gradient_loss | 0.00646     |
|    std                  | 0.521       |
|    value_loss           | 0.0335      |
-----------------------------------------
Early stopping at step 0 due to reaching max kl: 0.03
-----------------------------------------
| rollout/                |             |
|    ep_len_mean          | 709         |
|    ep_rew_mean          | 1.35e+03    |
| time/                   |             |
|    fps                  | 2696        |
|    iterations           | 281         |
|    time_elapsed         | 853         |
|    total_timesteps      | 2301952     |
| train/                  |             |
|    approx_kl            | 0.009789741 |
|    clip_fraction        | 0.118       |
|    clip_range           | 0.2         |
|    entropy_loss         | -6.13       |
|    explained_variance   | 0.562       |
|    learning_rate        | 0.000208    |
|    loss                 | 0.0183      |
|    n_updates            | 320         |
|    policy_gradient_loss | 0.00108     |
|    std                  | 0.521       |
|    value_loss           | 0.0618      |
-----------------------------------------
Early stopping at step 0 due to reaching max kl: 0.04
-----------------------------------------
| rollout/                |             |
|    ep_len_mean          | 732         |
|    ep_rew_mean          | 1.4e+03     |
| time/                   |             |
|    fps                  | 2696        |
|    iterations           | 282         |
|    time_elapsed         | 856         |
|    total_timesteps      | 2310144     |
| train/                  |             |
|    approx_kl            | 0.012301841 |
|    clip_fraction        | 0.17        |
|    clip_range           | 0.2         |
|    entropy_loss         | -6.12       |
|    explained_variance   | 0.678       |
|    learning_rate        | 0.000208    |
|    loss                 | 0.00718     |
|    n_updates            | 321         |
|    policy_gradient_loss | 0.00546     |
|    std                  | 0.519       |
|    value_loss           | 0.0215      |
-----------------------------------------
Early stopping at step 0 due to reaching max kl: 0.03
-----------------------------------------
| rollout/                |             |
|    ep_len_mean          | 736         |
|    ep_rew_mean          | 1.41e+03    |
| time/                   |             |
|    fps                  | 2696        |
|    iterations           | 283         |
|    time_elapsed         | 859         |
|    total_timesteps      | 2318336     |
| train/                  |             |
|    approx_kl            | 0.014191251 |
|    clip_fraction        | 0.191       |
|    clip_range           | 0.2         |
|    entropy_loss         | -6.1        |
|    explained_variance   | 0.623       |
|    learning_rate        | 0.000208    |
|    loss                 | 0.0997      |
|    n_updates            | 322         |
|    policy_gradient_loss | 0.00856     |
|    std                  | 0.519       |
|    value_loss           | 0.0498      |
-----------------------------------------
Early stopping at step 0 due to reaching max kl: 0.04
-----------------------------------------
| rollout/                |             |
|    ep_len_mean          | 755         |
|    ep_rew_mean          | 1.45e+03    |
| time/                   |             |
|    fps                  | 2696        |
|    iterations           | 284         |
|    time_elapsed         | 862         |
|    total_timesteps      | 2326528     |
| train/                  |             |
|    approx_kl            | 0.013492853 |
|    clip_fraction        | 0.185       |
|    clip_range           | 0.2         |
|    entropy_loss         | -6.09       |
|    explained_variance   | 0.569       |
|    learning_rate        | 0.000207    |
|    loss                 | 0.067       |
|    n_updates            | 323         |
|    policy_gradient_loss | 0.00808     |
|    std                  | 0.518       |
|    value_loss           | 0.0591      |
-----------------------------------------
Early stopping at step 0 due to reaching max kl: 0.03
-----------------------------------------
| rollout/                |             |
|    ep_len_mean          | 783         |
|    ep_rew_mean          | 1.51e+03    |
| time/                   |             |
|    fps                  | 2696        |
|    iterations           | 285         |
|    time_elapsed         | 865         |
|    total_timesteps      | 2334720     |
| train/                  |             |
|    approx_kl            | 0.012927434 |
|    clip_fraction        | 0.178       |
|    clip_range           | 0.2         |
|    entropy_loss         | -6.07       |
|    explained_variance   | 0.545       |
|    learning_rate        | 0.000207    |
|    loss                 | 0.0615      |
|    n_updates            | 324         |
|    policy_gradient_loss | 0.00551     |
|    std                  | 0.517       |
|    value_loss           | 0.0172      |
-----------------------------------------
Early stopping at step 0 due to reaching max kl: 0.03
-----------------------------------------
| rollout/                |             |
|    ep_len_mean          | 753         |
|    ep_rew_mean          | 1.45e+03    |
| time/                   |             |
|    fps                  | 2697        |
|    iterations           | 286         |
|    time_elapsed         | 868         |
|    total_timesteps      | 2342912     |
| train/                  |             |
|    approx_kl            | 0.011823521 |
|    clip_fraction        | 0.16        |
|    clip_range           | 0.2         |
|    entropy_loss         | -6.05       |
|    explained_variance   | 0.511       |
|    learning_rate        | 0.000207    |
|    loss                 | 0.0451      |
|    n_updates            | 325         |
|    policy_gradient_loss | 0.00868     |
|    std                  | 0.516       |
|    value_loss           | 0.0374      |
-----------------------------------------
Early stopping at step 0 due to reaching max kl: 0.03
-----------------------------------------
| rollout/                |             |
|    ep_len_mean          | 721         |
|    ep_rew_mean          | 1.4e+03     |
| time/                   |             |
|    fps                  | 2697        |
|    iterations           | 287         |
|    time_elapsed         | 871         |
|    total_timesteps      | 2351104     |
| train/                  |             |
|    approx_kl            | 0.010033218 |
|    clip_fraction        | 0.133       |
|    clip_range           | 0.2         |
|    entropy_loss         | -6.04       |
|    explained_variance   | 0.549       |
|    learning_rate        | 0.000206    |
|    loss                 | 0.0681      |
|    n_updates            | 326         |
|    policy_gradient_loss | 0.00362     |
|    std                  | 0.515       |
|    value_loss           | 0.0818      |
-----------------------------------------
Early stopping at step 0 due to reaching max kl: 0.04
-----------------------------------------
| rollout/                |             |
|    ep_len_mean          | 740         |
|    ep_rew_mean          | 1.43e+03    |
| time/                   |             |
|    fps                  | 2697        |
|    iterations           | 288         |
|    time_elapsed         | 874         |
|    total_timesteps      | 2359296     |
| train/                  |             |
|    approx_kl            | 0.014838825 |
|    clip_fraction        | 0.193       |
|    clip_range           | 0.2         |
|    entropy_loss         | -6.03       |
|    explained_variance   | 0.559       |
|    learning_rate        | 0.000206    |
|    loss                 | 0.0491      |
|    n_updates            | 327         |
|    policy_gradient_loss | 0.00768     |
|    std                  | 0.514       |
|    value_loss           | 0.071       |
-----------------------------------------
Early stopping at step 0 due to reaching max kl: 0.03
----------------------------------------
| rollout/                |            |
|    ep_len_mean          | 723        |
|    ep_rew_mean          | 1.41e+03   |
| time/                   |            |
|    fps                  | 2697       |
|    iterations           | 289        |
|    time_elapsed         | 877        |
|    total_timesteps      | 2367488    |
| train/                  |            |
|    approx_kl            | 0.01173792 |
|    clip_fraction        | 0.166      |
|    clip_range           | 0.2        |
|    entropy_loss         | -6.02      |
|    explained_variance   | 0.628      |
|    learning_rate        | 0.000206   |
|    loss                 | 0.0256     |
|    n_updates            | 328        |
|    policy_gradient_loss | 0.00223    |
|    std                  | 0.513      |
|    value_loss           | 0.00691    |
----------------------------------------
Early stopping at step 0 due to reaching max kl: 0.03
-----------------------------------------
| rollout/                |             |
|    ep_len_mean          | 667         |
|    ep_rew_mean          | 1.3e+03     |
| time/                   |             |
|    fps                  | 2697        |
|    iterations           | 290         |
|    time_elapsed         | 880         |
|    total_timesteps      | 2375680     |
| train/                  |             |
|    approx_kl            | 0.012773497 |
|    clip_fraction        | 0.162       |
|    clip_range           | 0.2         |
|    entropy_loss         | -6          |
|    explained_variance   | 0.488       |
|    learning_rate        | 0.000205    |
|    loss                 | 0.148       |
|    n_updates            | 329         |
|    policy_gradient_loss | 0.00839     |
|    std                  | 0.512       |
|    value_loss           | 0.0932      |
-----------------------------------------
Early stopping at step 0 due to reaching max kl: 0.03
-----------------------------------------
| rollout/                |             |
|    ep_len_mean          | 675         |
|    ep_rew_mean          | 1.31e+03    |
| time/                   |             |
|    fps                  | 2697        |
|    iterations           | 291         |
|    time_elapsed         | 883         |
|    total_timesteps      | 2383872     |
| train/                  |             |
|    approx_kl            | 0.011004167 |
|    clip_fraction        | 0.148       |
|    clip_range           | 0.2         |
|    entropy_loss         | -6          |
|    explained_variance   | 0.501       |
|    learning_rate        | 0.000205    |
|    loss                 | 0.0561      |
|    n_updates            | 330         |
|    policy_gradient_loss | 0.00429     |
|    std                  | 0.512       |
|    value_loss           | 0.0924      |
-----------------------------------------
Early stopping at step 0 due to reaching max kl: 0.03
-----------------------------------------
| rollout/                |             |
|    ep_len_mean          | 650         |
|    ep_rew_mean          | 1.26e+03    |
| time/                   |             |
|    fps                  | 2698        |
|    iterations           | 292         |
|    time_elapsed         | 886         |
|    total_timesteps      | 2392064     |
| train/                  |             |
|    approx_kl            | 0.013005466 |
|    clip_fraction        | 0.175       |
|    clip_range           | 0.2         |
|    entropy_loss         | -5.99       |
|    explained_variance   | 0.775       |
|    learning_rate        | 0.000205    |
|    loss                 | 0.0591      |
|    n_updates            | 331         |
|    policy_gradient_loss | 0.00906     |
|    std                  | 0.511       |
|    value_loss           | 0.0406      |
-----------------------------------------
Early stopping at step 0 due to reaching max kl: 0.03
-----------------------------------------
| rollout/                |             |
|    ep_len_mean          | 653         |
|    ep_rew_mean          | 1.26e+03    |
| time/                   |             |
|    fps                  | 2697        |
|    iterations           | 293         |
|    time_elapsed         | 889         |
|    total_timesteps      | 2400256     |
| train/                  |             |
|    approx_kl            | 0.014503449 |
|    clip_fraction        | 0.194       |
|    clip_range           | 0.2         |
|    entropy_loss         | -5.97       |
|    explained_variance   | 0.74        |
|    learning_rate        | 0.000204    |
|    loss                 | 0.067       |
|    n_updates            | 332         |
|    policy_gradient_loss | 0.00723     |
|    std                  | 0.51        |
|    value_loss           | 0.0529      |
-----------------------------------------
Early stopping at step 0 due to reaching max kl: 0.04
----------------------------------------
| rollout/                |            |
|    ep_len_mean          | 663        |
|    ep_rew_mean          | 1.28e+03   |
| time/                   |            |
|    fps                  | 2698       |
|    iterations           | 294        |
|    time_elapsed         | 892        |
|    total_timesteps      | 2408448    |
| train/                  |            |
|    approx_kl            | 0.01255056 |
|    clip_fraction        | 0.168      |
|    clip_range           | 0.2        |
|    entropy_loss         | -5.96      |
|    explained_variance   | 0.732      |
|    learning_rate        | 0.000204   |
|    loss                 | 0.0147     |
|    n_updates            | 333        |
|    policy_gradient_loss | 0.00718    |
|    std                  | 0.51       |
|    value_loss           | 0.0456     |
----------------------------------------
Early stopping at step 0 due to reaching max kl: 0.03
------------------------------------------
| rollout/                |              |
|    ep_len_mean          | 663          |
|    ep_rew_mean          | 1.29e+03     |
| time/                   |              |
|    fps                  | 2698         |
|    iterations           | 295          |
|    time_elapsed         | 895          |
|    total_timesteps      | 2416640      |
| train/                  |              |
|    approx_kl            | 0.0125632575 |
|    clip_fraction        | 0.171        |
|    clip_range           | 0.2          |
|    entropy_loss         | -5.94        |
|    explained_variance   | 0.696        |
|    learning_rate        | 0.000204     |
|    loss                 | -0.00764     |
|    n_updates            | 334          |
|    policy_gradient_loss | 0.00723      |
|    std                  | 0.509        |
|    value_loss           | 0.0423       |
------------------------------------------
Early stopping at step 0 due to reaching max kl: 0.03
-----------------------------------------
| rollout/                |             |
|    ep_len_mean          | 653         |
|    ep_rew_mean          | 1.27e+03    |
| time/                   |             |
|    fps                  | 2698        |
|    iterations           | 296         |
|    time_elapsed         | 898         |
|    total_timesteps      | 2424832     |
| train/                  |             |
|    approx_kl            | 0.012692573 |
|    clip_fraction        | 0.174       |
|    clip_range           | 0.2         |
|    entropy_loss         | -5.94       |
|    explained_variance   | 0.628       |
|    learning_rate        | 0.000203    |
|    loss                 | 0.0307      |
|    n_updates            | 335         |
|    policy_gradient_loss | 0.00343     |
|    std                  | 0.508       |
|    value_loss           | 0.075       |
-----------------------------------------
Early stopping at step 0 due to reaching max kl: 0.03
[Progress] Training 2/6: 2,428,432/5,000,000 steps (48.6%); 4 full runs remain afterward; rough training ETA 2h 19m.
-----------------------------------------
| rollout/                |             |
|    ep_len_mean          | 689         |
|    ep_rew_mean          | 1.34e+03    |
| time/                   |             |
|    fps                  | 2698        |
|    iterations           | 297         |
|    time_elapsed         | 901         |
|    total_timesteps      | 2433024     |
| train/                  |             |
|    approx_kl            | 0.011552942 |
|    clip_fraction        | 0.154       |
|    clip_range           | 0.2         |
|    entropy_loss         | -5.93       |
|    explained_variance   | 0.67        |
|    learning_rate        | 0.000203    |
|    loss                 | 0.249       |
|    n_updates            | 336         |
|    policy_gradient_loss | 0.0111      |
|    std                  | 0.508       |
|    value_loss           | 0.0336      |
-----------------------------------------
Early stopping at step 0 due to reaching max kl: 0.03
------------------------------------------
| rollout/                |              |
|    ep_len_mean          | 698          |
|    ep_rew_mean          | 1.36e+03     |
| time/                   |              |
|    fps                  | 2698         |
|    iterations           | 298          |
|    time_elapsed         | 904          |
|    total_timesteps      | 2441216      |
| train/                  |              |
|    approx_kl            | 0.0103470925 |
|    clip_fraction        | 0.14         |
|    clip_range           | 0.2          |
|    entropy_loss         | -5.91        |
|    explained_variance   | 0.695        |
|    learning_rate        | 0.000203     |
|    loss                 | 0.0228       |
|    n_updates            | 337          |
|    policy_gradient_loss | 0.00175      |
|    std                  | 0.507        |
|    value_loss           | 0.0449       |
------------------------------------------
Early stopping at step 0 due to reaching max kl: 0.03
-----------------------------------------
| rollout/                |             |
|    ep_len_mean          | 708         |
|    ep_rew_mean          | 1.37e+03    |
| time/                   |             |
|    fps                  | 2698        |
|    iterations           | 299         |
|    time_elapsed         | 907         |
|    total_timesteps      | 2449408     |
| train/                  |             |
|    approx_kl            | 0.013612214 |
|    clip_fraction        | 0.189       |
|    clip_range           | 0.2         |
|    entropy_loss         | -5.9        |
|    explained_variance   | 0.713       |
|    learning_rate        | 0.000202    |
|    loss                 | 0.0402      |
|    n_updates            | 338         |
|    policy_gradient_loss | 0.00706     |
|    std                  | 0.506       |
|    value_loss           | 0.0428      |
-----------------------------------------
Early stopping at step 0 due to reaching max kl: 0.03
-----------------------------------------
| rollout/                |             |
|    ep_len_mean          | 718         |
|    ep_rew_mean          | 1.4e+03     |
| time/                   |             |
|    fps                  | 2698        |
|    iterations           | 300         |
|    time_elapsed         | 910         |
|    total_timesteps      | 2457600     |
| train/                  |             |
|    approx_kl            | 0.011542821 |
|    clip_fraction        | 0.155       |
|    clip_range           | 0.2         |
|    entropy_loss         | -5.89       |
|    explained_variance   | 0.701       |
|    learning_rate        | 0.000202    |
|    loss                 | 0.142       |
|    n_updates            | 339         |
|    policy_gradient_loss | 0.0088      |
|    std                  | 0.506       |
|    value_loss           | 0.0595      |
-----------------------------------------
Early stopping at step 0 due to reaching max kl: 0.03
-----------------------------------------
| rollout/                |             |
|    ep_len_mean          | 712         |
|    ep_rew_mean          | 1.39e+03    |
| time/                   |             |
|    fps                  | 2698        |
|    iterations           | 301         |
|    time_elapsed         | 913         |
|    total_timesteps      | 2465792     |
| train/                  |             |
|    approx_kl            | 0.011908513 |
|    clip_fraction        | 0.165       |
|    clip_range           | 0.2         |
|    entropy_loss         | -5.89       |
|    explained_variance   | 0.786       |
|    learning_rate        | 0.000202    |
|    loss                 | 0.023       |
|    n_updates            | 340         |
|    policy_gradient_loss | 0.00242     |
|    std                  | 0.505       |
|    value_loss           | 0.0435      |
-----------------------------------------
Early stopping at step 0 due to reaching max kl: 0.03
-----------------------------------------
| rollout/                |             |
|    ep_len_mean          | 728         |
|    ep_rew_mean          | 1.42e+03    |
| time/                   |             |
|    fps                  | 2698        |
|    iterations           | 302         |
|    time_elapsed         | 916         |
|    total_timesteps      | 2473984     |
| train/                  |             |
|    approx_kl            | 0.014787436 |
|    clip_fraction        | 0.203       |
|    clip_range           | 0.2         |
|    entropy_loss         | -5.88       |
|    explained_variance   | 0.738       |
|    learning_rate        | 0.000201    |
|    loss                 | 0.0387      |
|    n_updates            | 341         |
|    policy_gradient_loss | 0.00929     |
|    std                  | 0.504       |
|    value_loss           | 0.0387      |
-----------------------------------------
Early stopping at step 0 due to reaching max kl: 0.03
------------------------------------------
| rollout/                |              |
|    ep_len_mean          | 695          |
|    ep_rew_mean          | 1.35e+03     |
| time/                   |              |
|    fps                  | 2698         |
|    iterations           | 303          |
|    time_elapsed         | 919          |
|    total_timesteps      | 2482176      |
| train/                  |              |
|    approx_kl            | 0.0122078685 |
|    clip_fraction        | 0.171        |
|    clip_range           | 0.2          |
|    entropy_loss         | -5.86        |
|    explained_variance   | 0.738        |
|    learning_rate        | 0.000201     |
|    loss                 | 0.0167       |
|    n_updates            | 342          |
|    policy_gradient_loss | 0.00732      |
|    std                  | 0.503        |
|    value_loss           | 0.0279       |
------------------------------------------
Early stopping at step 0 due to reaching max kl: 0.04
-----------------------------------------
| rollout/                |             |
|    ep_len_mean          | 684         |
|    ep_rew_mean          | 1.33e+03    |
| time/                   |             |
|    fps                  | 2699        |
|    iterations           | 304         |
|    time_elapsed         | 922         |
|    total_timesteps      | 2490368     |
| train/                  |             |
|    approx_kl            | 0.010722735 |
|    clip_fraction        | 0.131       |
|    clip_range           | 0.2         |
|    entropy_loss         | -5.85       |
|    explained_variance   | 0.61        |
|    learning_rate        | 0.000201    |
|    loss                 | 0.176       |
|    n_updates            | 343         |
|    policy_gradient_loss | 0.00974     |
|    std                  | 0.503       |
|    value_loss           | 0.0975      |
-----------------------------------------
Early stopping at step 0 due to reaching max kl: 0.03
-----------------------------------------
| rollout/                |             |
|    ep_len_mean          | 681         |
|    ep_rew_mean          | 1.33e+03    |
| time/                   |             |
|    fps                  | 2699        |
|    iterations           | 305         |
|    time_elapsed         | 925         |
|    total_timesteps      | 2498560     |
| train/                  |             |
|    approx_kl            | 0.012225533 |
|    clip_fraction        | 0.166       |
|    clip_range           | 0.2         |
|    entropy_loss         | -5.84       |
|    explained_variance   | 0.672       |
|    learning_rate        | 0.0002      |
|    loss                 | 0.0801      |
|    n_updates            | 344         |
|    policy_gradient_loss | 0.00715     |
|    std                  | 0.502       |
|    value_loss           | 0.065       |
-----------------------------------------
Early stopping at step 0 due to reaching max kl: 0.03
-----------------------------------------
| rollout/                |             |
|    ep_len_mean          | 703         |
|    ep_rew_mean          | 1.37e+03    |
| time/                   |             |
|    fps                  | 2699        |
|    iterations           | 306         |
|    time_elapsed         | 928         |
|    total_timesteps      | 2506752     |
| train/                  |             |
|    approx_kl            | 0.011598097 |
|    clip_fraction        | 0.16        |
|    clip_range           | 0.2         |
|    entropy_loss         | -5.83       |
|    explained_variance   | 0.739       |
|    learning_rate        | 0.0002      |
|    loss                 | 0.0464      |
|    n_updates            | 345         |
|    policy_gradient_loss | 0.00543     |
|    std                  | 0.501       |
|    value_loss           | 0.0408      |
-----------------------------------------
Early stopping at step 0 due to reaching max kl: 0.03
-----------------------------------------
| rollout/                |             |
|    ep_len_mean          | 698         |
|    ep_rew_mean          | 1.36e+03    |
| time/                   |             |
|    fps                  | 2699        |
|    iterations           | 307         |
|    time_elapsed         | 931         |
|    total_timesteps      | 2514944     |
| train/                  |             |
|    approx_kl            | 0.013173568 |
|    clip_fraction        | 0.175       |
|    clip_range           | 0.2         |
|    entropy_loss         | -5.82       |
|    explained_variance   | 0.732       |
|    learning_rate        | 0.0002      |
|    loss                 | -0.017      |
|    n_updates            | 346         |
|    policy_gradient_loss | 0.00591     |
|    std                  | 0.501       |
|    value_loss           | 0.0342      |
-----------------------------------------
Early stopping at step 0 due to reaching max kl: 0.03
-----------------------------------------
| rollout/                |             |
|    ep_len_mean          | 714         |
|    ep_rew_mean          | 1.4e+03     |
| time/                   |             |
|    fps                  | 2699        |
|    iterations           | 308         |
|    time_elapsed         | 934         |
|    total_timesteps      | 2523136     |
| train/                  |             |
|    approx_kl            | 0.010427118 |
|    clip_fraction        | 0.129       |
|    clip_range           | 0.2         |
|    entropy_loss         | -5.81       |
|    explained_variance   | 0.587       |
|    learning_rate        | 0.000199    |
|    loss                 | 0.0448      |
|    n_updates            | 347         |
|    policy_gradient_loss | 0.0105      |
|    std                  | 0.5         |
|    value_loss           | 0.0669      |
-----------------------------------------
Early stopping at step 0 due to reaching max kl: 0.03
-----------------------------------------
| rollout/                |             |
|    ep_len_mean          | 708         |
|    ep_rew_mean          | 1.4e+03     |
| time/                   |             |
|    fps                  | 2699        |
|    iterations           | 309         |
|    time_elapsed         | 937         |
|    total_timesteps      | 2531328     |
| train/                  |             |
|    approx_kl            | 0.012797249 |
|    clip_fraction        | 0.171       |
|    clip_range           | 0.2         |
|    entropy_loss         | -5.8        |
|    explained_variance   | 0.634       |
|    learning_rate        | 0.000199    |
|    loss                 | -0.015      |
|    n_updates            | 348         |
|    policy_gradient_loss | 0.0033      |
|    std                  | 0.499       |
|    value_loss           | 0.0198      |
-----------------------------------------
Early stopping at step 0 due to reaching max kl: 0.03
-----------------------------------------
| rollout/                |             |
|    ep_len_mean          | 698         |
|    ep_rew_mean          | 1.38e+03    |
| time/                   |             |
|    fps                  | 2700        |
|    iterations           | 310         |
|    time_elapsed         | 940         |
|    total_timesteps      | 2539520     |
| train/                  |             |
|    approx_kl            | 0.008844675 |
|    clip_fraction        | 0.111       |
|    clip_range           | 0.2         |
|    entropy_loss         | -5.78       |
|    explained_variance   | 0.525       |
|    learning_rate        | 0.000199    |
|    loss                 | 0.00745     |
|    n_updates            | 349         |
|    policy_gradient_loss | 0.00138     |
|    std                  | 0.498       |
|    value_loss           | 0.0342      |
-----------------------------------------
Early stopping at step 0 due to reaching max kl: 0.03
------------------------------------------
| rollout/                |              |
|    ep_len_mean          | 700          |
|    ep_rew_mean          | 1.38e+03     |
| time/                   |              |
|    fps                  | 2700         |
|    iterations           | 311          |
|    time_elapsed         | 943          |
|    total_timesteps      | 2547712      |
| train/                  |              |
|    approx_kl            | 0.0128601035 |
|    clip_fraction        | 0.181        |
|    clip_range           | 0.2          |
|    entropy_loss         | -5.76        |
|    explained_variance   | 0.599        |
|    learning_rate        | 0.000198     |
|    loss                 | 0.0312       |
|    n_updates            | 350          |
|    policy_gradient_loss | 0.007        |
|    std                  | 0.497        |
|    value_loss           | 0.0349       |
------------------------------------------
Early stopping at step 0 due to reaching max kl: 0.04
----------------------------------------
| rollout/                |            |
|    ep_len_mean          | 728        |
|    ep_rew_mean          | 1.44e+03   |
| time/                   |            |
|    fps                  | 2700       |
|    iterations           | 312        |
|    time_elapsed         | 946        |
|    total_timesteps      | 2555904    |
| train/                  |            |
|    approx_kl            | 0.01245769 |
|    clip_fraction        | 0.169      |
|    clip_range           | 0.2        |
|    entropy_loss         | -5.75      |
|    explained_variance   | 0.665      |
|    learning_rate        | 0.000198   |
|    loss                 | -0.00705   |
|    n_updates            | 351        |
|    policy_gradient_loss | 0.00907    |
|    std                  | 0.496      |
|    value_loss           | 0.043      |
----------------------------------------
Early stopping at step 0 due to reaching max kl: 0.05
-----------------------------------------
| rollout/                |             |
|    ep_len_mean          | 738         |
|    ep_rew_mean          | 1.46e+03    |
| time/                   |             |
|    fps                  | 2700        |
|    iterations           | 313         |
|    time_elapsed         | 949         |
|    total_timesteps      | 2564096     |
| train/                  |             |
|    approx_kl            | 0.011426249 |
|    clip_fraction        | 0.155       |
|    clip_range           | 0.2         |
|    entropy_loss         | -5.74       |
|    explained_variance   | 0.676       |
|    learning_rate        | 0.000198    |
|    loss                 | 0.057       |
|    n_updates            | 352         |
|    policy_gradient_loss | 0.0073      |
|    std                  | 0.496       |
|    value_loss           | 0.0535      |
-----------------------------------------
Early stopping at step 0 due to reaching max kl: 0.03
-----------------------------------------
| rollout/                |             |
|    ep_len_mean          | 721         |
|    ep_rew_mean          | 1.43e+03    |
| time/                   |             |
|    fps                  | 2700        |
|    iterations           | 314         |
|    time_elapsed         | 952         |
|    total_timesteps      | 2572288     |
| train/                  |             |
|    approx_kl            | 0.012595196 |
|    clip_fraction        | 0.166       |
|    clip_range           | 0.2         |
|    entropy_loss         | -5.72       |
|    explained_variance   | 0.642       |
|    learning_rate        | 0.000197    |
|    loss                 | 0.0101      |
|    n_updates            | 353         |
|    policy_gradient_loss | 5.68e-05    |
|    std                  | 0.495       |
|    value_loss           | 0.0644      |
-----------------------------------------
Early stopping at step 0 due to reaching max kl: 0.03
-----------------------------------------
| rollout/                |             |
|    ep_len_mean          | 707         |
|    ep_rew_mean          | 1.4e+03     |
| time/                   |             |
|    fps                  | 2700        |
|    iterations           | 315         |
|    time_elapsed         | 955         |
|    total_timesteps      | 2580480     |
| train/                  |             |
|    approx_kl            | 0.010981221 |
|    clip_fraction        | 0.155       |
|    clip_range           | 0.2         |
|    entropy_loss         | -5.71       |
|    explained_variance   | 0.622       |
|    learning_rate        | 0.000197    |
|    loss                 | 0.232       |
|    n_updates            | 354         |
|    policy_gradient_loss | 0.00672     |
|    std                  | 0.494       |
|    value_loss           | 0.0329      |
-----------------------------------------
Early stopping at step 0 due to reaching max kl: 0.03
------------------------------------------
| rollout/                |              |
|    ep_len_mean          | 730          |
|    ep_rew_mean          | 1.45e+03     |
| time/                   |              |
|    fps                  | 2701         |
|    iterations           | 316          |
|    time_elapsed         | 958          |
|    total_timesteps      | 2588672      |
| train/                  |              |
|    approx_kl            | 0.0126681235 |
|    clip_fraction        | 0.177        |
|    clip_range           | 0.2          |
|    entropy_loss         | -5.7         |
|    explained_variance   | 0.643        |
|    learning_rate        | 0.000197     |
|    loss                 | 0.0224       |
|    n_updates            | 355          |
|    policy_gradient_loss | 0.00549      |
|    std                  | 0.494        |
|    value_loss           | 0.051        |
------------------------------------------
Early stopping at step 0 due to reaching max kl: 0.03
-----------------------------------------
| rollout/                |             |
|    ep_len_mean          | 705         |
|    ep_rew_mean          | 1.4e+03     |
| time/                   |             |
|    fps                  | 2701        |
|    iterations           | 317         |
|    time_elapsed         | 961         |
|    total_timesteps      | 2596864     |
| train/                  |             |
|    approx_kl            | 0.013012186 |
|    clip_fraction        | 0.158       |
|    clip_range           | 0.2         |
|    entropy_loss         | -5.69       |
|    explained_variance   | 0.695       |
|    learning_rate        | 0.000196    |
|    loss                 | 0.12        |
|    n_updates            | 356         |
|    policy_gradient_loss | 0.00693     |
|    std                  | 0.493       |
|    value_loss           | 0.0417      |
-----------------------------------------
Early stopping at step 0 due to reaching max kl: 0.03
-----------------------------------------
| rollout/                |             |
|    ep_len_mean          | 730         |
|    ep_rew_mean          | 1.45e+03    |
| time/                   |             |
|    fps                  | 2701        |
|    iterations           | 318         |
|    time_elapsed         | 964         |
|    total_timesteps      | 2605056     |
| train/                  |             |
|    approx_kl            | 0.010424962 |
|    clip_fraction        | 0.132       |
|    clip_range           | 0.2         |
|    entropy_loss         | -5.69       |
|    explained_variance   | 0.67        |
|    learning_rate        | 0.000196    |
|    loss                 | 0.0321      |
|    n_updates            | 357         |
|    policy_gradient_loss | 0.00824     |
|    std                  | 0.493       |
|    value_loss           | 0.0493      |
-----------------------------------------
Early stopping at step 0 due to reaching max kl: 0.03
-----------------------------------------
| rollout/                |             |
|    ep_len_mean          | 710         |
|    ep_rew_mean          | 1.4e+03     |
| time/                   |             |
|    fps                  | 2701        |
|    iterations           | 319         |
|    time_elapsed         | 967         |
|    total_timesteps      | 2613248     |
| train/                  |             |
|    approx_kl            | 0.012281057 |
|    clip_fraction        | 0.156       |
|    clip_range           | 0.2         |
|    entropy_loss         | -5.68       |
|    explained_variance   | 0.719       |
|    learning_rate        | 0.000196    |
|    loss                 | 0.0286      |
|    n_updates            | 358         |
|    policy_gradient_loss | 0.00751     |
|    std                  | 0.492       |
|    value_loss           | 0.0329      |
-----------------------------------------
Early stopping at step 0 due to reaching max kl: 0.04
-----------------------------------------
| rollout/                |             |
|    ep_len_mean          | 685         |
|    ep_rew_mean          | 1.36e+03    |
| time/                   |             |
|    fps                  | 2701        |
|    iterations           | 320         |
|    time_elapsed         | 970         |
|    total_timesteps      | 2621440     |
| train/                  |             |
|    approx_kl            | 0.011367571 |
|    clip_fraction        | 0.149       |
|    clip_range           | 0.2         |
|    entropy_loss         | -5.67       |
|    explained_variance   | 0.698       |
|    learning_rate        | 0.000195    |
|    loss                 | -0.00713    |
|    n_updates            | 359         |
|    policy_gradient_loss | 0.00452     |
|    std                  | 0.492       |
|    value_loss           | 0.0566      |
-----------------------------------------
Early stopping at step 0 due to reaching max kl: 0.03
-----------------------------------------
| rollout/                |             |
|    ep_len_mean          | 712         |
|    ep_rew_mean          | 1.41e+03    |
| time/                   |             |
|    fps                  | 2702        |
|    iterations           | 321         |
|    time_elapsed         | 973         |
|    total_timesteps      | 2629632     |
| train/                  |             |
|    approx_kl            | 0.009092267 |
|    clip_fraction        | 0.12        |
|    clip_range           | 0.2         |
|    entropy_loss         | -5.67       |
|    explained_variance   | 0.682       |
|    learning_rate        | 0.000195    |
|    loss                 | 0.0975      |
|    n_updates            | 360         |
|    policy_gradient_loss | 0.00567     |
|    std                  | 0.491       |
|    value_loss           | 0.0711      |
-----------------------------------------
Early stopping at step 0 due to reaching max kl: 0.03
-----------------------------------------
| rollout/                |             |
|    ep_len_mean          | 694         |
|    ep_rew_mean          | 1.38e+03    |
| time/                   |             |
|    fps                  | 2702        |
|    iterations           | 322         |
|    time_elapsed         | 976         |
|    total_timesteps      | 2637824     |
| train/                  |             |
|    approx_kl            | 0.012636621 |
|    clip_fraction        | 0.172       |
|    clip_range           | 0.2         |
|    entropy_loss         | -5.65       |
|    explained_variance   | 0.782       |
|    learning_rate        | 0.000195    |
|    loss                 | 0.0537      |
|    n_updates            | 361         |
|    policy_gradient_loss | 0.0102      |
|    std                  | 0.49        |
|    value_loss           | 0.0426      |
-----------------------------------------
Early stopping at step 0 due to reaching max kl: 0.03
-----------------------------------------
| rollout/                |             |
|    ep_len_mean          | 708         |
|    ep_rew_mean          | 1.4e+03     |
| time/                   |             |
|    fps                  | 2702        |
|    iterations           | 323         |
|    time_elapsed         | 979         |
|    total_timesteps      | 2646016     |
| train/                  |             |
|    approx_kl            | 0.011984379 |
|    clip_fraction        | 0.158       |
|    clip_range           | 0.2         |
|    entropy_loss         | -5.65       |
|    explained_variance   | 0.646       |
|    learning_rate        | 0.000194    |
|    loss                 | 0.0951      |
|    n_updates            | 362         |
|    policy_gradient_loss | 0.00341     |
|    std                  | 0.49        |
|    value_loss           | 0.0651      |
-----------------------------------------
Early stopping at step 0 due to reaching max kl: 0.03
-----------------------------------------
| rollout/                |             |
|    ep_len_mean          | 698         |
|    ep_rew_mean          | 1.39e+03    |
| time/                   |             |
|    fps                  | 2702        |
|    iterations           | 324         |
|    time_elapsed         | 982         |
|    total_timesteps      | 2654208     |
| train/                  |             |
|    approx_kl            | 0.012294981 |
|    clip_fraction        | 0.161       |
|    clip_range           | 0.2         |
|    entropy_loss         | -5.64       |
|    explained_variance   | 0.679       |
|    learning_rate        | 0.000194    |
|    loss                 | -0.0154     |
|    n_updates            | 363         |
|    policy_gradient_loss | 0.00356     |
|    std                  | 0.49        |
|    value_loss           | 0.0486      |
-----------------------------------------
Early stopping at step 0 due to reaching max kl: 0.03
-----------------------------------------
| rollout/                |             |
|    ep_len_mean          | 693         |
|    ep_rew_mean          | 1.38e+03    |
| time/                   |             |
|    fps                  | 2702        |
|    iterations           | 325         |
|    time_elapsed         | 985         |
|    total_timesteps      | 2662400     |
| train/                  |             |
|    approx_kl            | 0.015360178 |
|    clip_fraction        | 0.215       |
|    clip_range           | 0.2         |
|    entropy_loss         | -5.63       |
|    explained_variance   | 0.717       |
|    learning_rate        | 0.000194    |
|    loss                 | 0.0405      |
|    n_updates            | 364         |
|    policy_gradient_loss | 0.00846     |
|    std                  | 0.489       |
|    value_loss           | 0.0331      |
-----------------------------------------
Early stopping at step 0 due to reaching max kl: 0.04
-----------------------------------------
| rollout/                |             |
|    ep_len_mean          | 685         |
|    ep_rew_mean          | 1.36e+03    |
| time/                   |             |
|    fps                  | 2702        |
|    iterations           | 326         |
|    time_elapsed         | 988         |
|    total_timesteps      | 2670592     |
| train/                  |             |
|    approx_kl            | 0.013812043 |
|    clip_fraction        | 0.185       |
|    clip_range           | 0.2         |
|    entropy_loss         | -5.61       |
|    explained_variance   | 0.642       |
|    learning_rate        | 0.000194    |
|    loss                 | 0.0976      |
|    n_updates            | 365         |
|    policy_gradient_loss | 0.00188     |
|    std                  | 0.488       |
|    value_loss           | 0.049       |
-----------------------------------------
Early stopping at step 0 due to reaching max kl: 0.03
-----------------------------------------
| rollout/                |             |
|    ep_len_mean          | 702         |
|    ep_rew_mean          | 1.4e+03     |
| time/                   |             |
|    fps                  | 2702        |
|    iterations           | 327         |
|    time_elapsed         | 991         |
|    total_timesteps      | 2678784     |
| train/                  |             |
|    approx_kl            | 0.013628445 |
|    clip_fraction        | 0.188       |
|    clip_range           | 0.2         |
|    entropy_loss         | -5.6        |
|    explained_variance   | 0.666       |
|    learning_rate        | 0.000193    |
|    loss                 | 0.00751     |
|    n_updates            | 366         |
|    policy_gradient_loss | 0.00805     |
|    std                  | 0.487       |
|    value_loss           | 0.0476      |
-----------------------------------------
Early stopping at step 0 due to reaching max kl: 0.03
-----------------------------------------
| rollout/                |             |
|    ep_len_mean          | 720         |
|    ep_rew_mean          | 1.43e+03    |
| time/                   |             |
|    fps                  | 2702        |
|    iterations           | 328         |
|    time_elapsed         | 994         |
|    total_timesteps      | 2686976     |
| train/                  |             |
|    approx_kl            | 0.013912342 |
|    clip_fraction        | 0.191       |
|    clip_range           | 0.2         |
|    entropy_loss         | -5.59       |
|    explained_variance   | 0.821       |
|    learning_rate        | 0.000193    |
|    loss                 | 0.019       |
|    n_updates            | 367         |
|    policy_gradient_loss | 0.0091      |
|    std                  | 0.486       |
|    value_loss           | 0.0122      |
-----------------------------------------
Early stopping at step 0 due to reaching max kl: 0.03
-----------------------------------------
| rollout/                |             |
|    ep_len_mean          | 732         |
|    ep_rew_mean          | 1.46e+03    |
| time/                   |             |
|    fps                  | 2702        |
|    iterations           | 329         |
|    time_elapsed         | 997         |
|    total_timesteps      | 2695168     |
| train/                  |             |
|    approx_kl            | 0.010686844 |
|    clip_fraction        | 0.136       |
|    clip_range           | 0.2         |
|    entropy_loss         | -5.57       |
|    explained_variance   | 0.741       |
|    learning_rate        | 0.000193    |
|    loss                 | 0.0297      |
|    n_updates            | 368         |
|    policy_gradient_loss | 0.00554     |
|    std                  | 0.485       |
|    value_loss           | 0.0237      |
-----------------------------------------
Early stopping at step 0 due to reaching max kl: 0.04
-----------------------------------------
| rollout/                |             |
|    ep_len_mean          | 732         |
|    ep_rew_mean          | 1.46e+03    |
| time/                   |             |
|    fps                  | 2703        |
|    iterations           | 330         |
|    time_elapsed         | 1000        |
|    total_timesteps      | 2703360     |
| train/                  |             |
|    approx_kl            | 0.013592022 |
|    clip_fraction        | 0.171       |
|    clip_range           | 0.2         |
|    entropy_loss         | -5.56       |
|    explained_variance   | 0.63        |
|    learning_rate        | 0.000192    |
|    loss                 | 0.065       |
|    n_updates            | 369         |
|    policy_gradient_loss | 0.00767     |
|    std                  | 0.485       |
|    value_loss           | 0.0644      |
-----------------------------------------
Early stopping at step 0 due to reaching max kl: 0.03
-----------------------------------------
| rollout/                |             |
|    ep_len_mean          | 752         |
|    ep_rew_mean          | 1.5e+03     |
| time/                   |             |
|    fps                  | 2703        |
|    iterations           | 331         |
|    time_elapsed         | 1003        |
|    total_timesteps      | 2711552     |
| train/                  |             |
|    approx_kl            | 0.012284384 |
|    clip_fraction        | 0.167       |
|    clip_range           | 0.2         |
|    entropy_loss         | -5.55       |
|    explained_variance   | 0.707       |
|    learning_rate        | 0.000192    |
|    loss                 | 0.1         |
|    n_updates            | 370         |
|    policy_gradient_loss | 0.00887     |
|    std                  | 0.484       |
|    value_loss           | 0.0393      |
-----------------------------------------
Early stopping at step 0 due to reaching max kl: 0.05
-----------------------------------------
| rollout/                |             |
|    ep_len_mean          | 729         |
|    ep_rew_mean          | 1.45e+03    |
| time/                   |             |
|    fps                  | 2703        |
|    iterations           | 332         |
|    time_elapsed         | 1006        |
|    total_timesteps      | 2719744     |
| train/                  |             |
|    approx_kl            | 0.014114898 |
|    clip_fraction        | 0.179       |
|    clip_range           | 0.2         |
|    entropy_loss         | -5.53       |
|    explained_variance   | 0.686       |
|    learning_rate        | 0.000192    |
|    loss                 | 0.0343      |
|    n_updates            | 371         |
|    policy_gradient_loss | 0.00987     |
|    std                  | 0.483       |
|    value_loss           | 0.0504      |
-----------------------------------------
Early stopping at step 0 due to reaching max kl: 0.04
-----------------------------------------
| rollout/                |             |
|    ep_len_mean          | 739         |
|    ep_rew_mean          | 1.48e+03    |
| time/                   |             |
|    fps                  | 2703        |
|    iterations           | 333         |
|    time_elapsed         | 1009        |
|    total_timesteps      | 2727936     |
| train/                  |             |
|    approx_kl            | 0.013030446 |
|    clip_fraction        | 0.178       |
|    clip_range           | 0.2         |
|    entropy_loss         | -5.52       |
|    explained_variance   | 0.62        |
|    learning_rate        | 0.000191    |
|    loss                 | 0.0876      |
|    n_updates            | 372         |
|    policy_gradient_loss | 0.00209     |
|    std                  | 0.482       |
|    value_loss           | 0.0659      |
-----------------------------------------
Early stopping at step 0 due to reaching max kl: 0.03
-----------------------------------------
| rollout/                |             |
|    ep_len_mean          | 761         |
|    ep_rew_mean          | 1.52e+03    |
| time/                   |             |
|    fps                  | 2703        |
|    iterations           | 334         |
|    time_elapsed         | 1012        |
|    total_timesteps      | 2736128     |
| train/                  |             |
|    approx_kl            | 0.011720322 |
|    clip_fraction        | 0.164       |
|    clip_range           | 0.2         |
|    entropy_loss         | -5.51       |
|    explained_variance   | 0.725       |
|    learning_rate        | 0.000191    |
|    loss                 | 0.0873      |
|    n_updates            | 373         |
|    policy_gradient_loss | 0.00385     |
|    std                  | 0.481       |
|    value_loss           | 0.0348      |
-----------------------------------------
Early stopping at step 0 due to reaching max kl: 0.03
-----------------------------------------
| rollout/                |             |
|    ep_len_mean          | 747         |
|    ep_rew_mean          | 1.49e+03    |
| time/                   |             |
|    fps                  | 2703        |
|    iterations           | 335         |
|    time_elapsed         | 1015        |
|    total_timesteps      | 2744320     |
| train/                  |             |
|    approx_kl            | 0.014992174 |
|    clip_fraction        | 0.21        |
|    clip_range           | 0.2         |
|    entropy_loss         | -5.49       |
|    explained_variance   | 0.775       |
|    learning_rate        | 0.000191    |
|    loss                 | 0.091       |
|    n_updates            | 374         |
|    policy_gradient_loss | 0.00834     |
|    std                  | 0.48        |
|    value_loss           | 0.0235      |
-----------------------------------------
Early stopping at step 0 due to reaching max kl: 0.03
-----------------------------------------
| rollout/                |             |
|    ep_len_mean          | 715         |
|    ep_rew_mean          | 1.43e+03    |
| time/                   |             |
|    fps                  | 2703        |
|    iterations           | 336         |
|    time_elapsed         | 1018        |
|    total_timesteps      | 2752512     |
| train/                  |             |
|    approx_kl            | 0.010569759 |
|    clip_fraction        | 0.127       |
|    clip_range           | 0.2         |
|    entropy_loss         | -5.47       |
|    explained_variance   | 0.659       |
|    learning_rate        | 0.00019     |
|    loss                 | 0.111       |
|    n_updates            | 375         |
|    policy_gradient_loss | 0.00406     |
|    std                  | 0.479       |
|    value_loss           | 0.0754      |
-----------------------------------------
Early stopping at step 0 due to reaching max kl: 0.03
-----------------------------------------
| rollout/                |             |
|    ep_len_mean          | 727         |
|    ep_rew_mean          | 1.46e+03    |
| time/                   |             |
|    fps                  | 2703        |
|    iterations           | 337         |
|    time_elapsed         | 1021        |
|    total_timesteps      | 2760704     |
| train/                  |             |
|    approx_kl            | 0.012034717 |
|    clip_fraction        | 0.158       |
|    clip_range           | 0.2         |
|    entropy_loss         | -5.46       |
|    explained_variance   | 0.692       |
|    learning_rate        | 0.00019     |
|    loss                 | 0.0412      |
|    n_updates            | 376         |
|    policy_gradient_loss | 0.0071      |
|    std                  | 0.479       |
|    value_loss           | 0.0432      |
-----------------------------------------
Early stopping at step 0 due to reaching max kl: 0.03
----------------------------------------
| rollout/                |            |
|    ep_len_mean          | 746        |
|    ep_rew_mean          | 1.5e+03    |
| time/                   |            |
|    fps                  | 2703       |
|    iterations           | 338        |
|    time_elapsed         | 1024       |
|    total_timesteps      | 2768896    |
| train/                  |            |
|    approx_kl            | 0.01447745 |
|    clip_fraction        | 0.201      |
|    clip_range           | 0.2        |
|    entropy_loss         | -5.44      |
|    explained_variance   | 0.846      |
|    learning_rate        | 0.00019    |
|    loss                 | 0.00735    |
|    n_updates            | 377        |
|    policy_gradient_loss | 0.00639    |
|    std                  | 0.478      |
|    value_loss           | 0.0115     |
----------------------------------------
Early stopping at step 0 due to reaching max kl: 0.03
-----------------------------------------
| rollout/                |             |
|    ep_len_mean          | 736         |
|    ep_rew_mean          | 1.49e+03    |
| time/                   |             |
|    fps                  | 2703        |
|    iterations           | 339         |
|    time_elapsed         | 1027        |
|    total_timesteps      | 2777088     |
| train/                  |             |
|    approx_kl            | 0.012946358 |
|    clip_fraction        | 0.176       |
|    clip_range           | 0.2         |
|    entropy_loss         | -5.43       |
|    explained_variance   | 0.612       |
|    learning_rate        | 0.000189    |
|    loss                 | 0.131       |
|    n_updates            | 378         |
|    policy_gradient_loss | 0.00855     |
|    std                  | 0.477       |
|    value_loss           | 0.05        |
-----------------------------------------
Early stopping at step 0 due to reaching max kl: 0.03
-----------------------------------------
| rollout/                |             |
|    ep_len_mean          | 730         |
|    ep_rew_mean          | 1.48e+03    |
| time/                   |             |
|    fps                  | 2703        |
|    iterations           | 340         |
|    time_elapsed         | 1030        |
|    total_timesteps      | 2785280     |
| train/                  |             |
|    approx_kl            | 0.011219078 |
|    clip_fraction        | 0.138       |
|    clip_range           | 0.2         |
|    entropy_loss         | -5.42       |
|    explained_variance   | 0.62        |
|    learning_rate        | 0.000189    |
|    loss                 | 0.0499      |
|    n_updates            | 379         |
|    policy_gradient_loss | 0.00293     |
|    std                  | 0.476       |
|    value_loss           | 0.0429      |
-----------------------------------------
Early stopping at step 0 due to reaching max kl: 0.03
-----------------------------------------
| rollout/                |             |
|    ep_len_mean          | 749         |
|    ep_rew_mean          | 1.52e+03    |
| time/                   |             |
|    fps                  | 2703        |
|    iterations           | 341         |
|    time_elapsed         | 1033        |
|    total_timesteps      | 2793472     |
| train/                  |             |
|    approx_kl            | 0.013531247 |
|    clip_fraction        | 0.188       |
|    clip_range           | 0.2         |
|    entropy_loss         | -5.4        |
|    explained_variance   | 0.552       |
|    learning_rate        | 0.000189    |
|    loss                 | 0.0147      |
|    n_updates            | 380         |
|    policy_gradient_loss | 0.00246     |
|    std                  | 0.475       |
|    value_loss           | 0.0517      |
-----------------------------------------
Early stopping at step 0 due to reaching max kl: 0.03
-----------------------------------------
| rollout/                |             |
|    ep_len_mean          | 748         |
|    ep_rew_mean          | 1.52e+03    |
| time/                   |             |
|    fps                  | 2703        |
|    iterations           | 342         |
|    time_elapsed         | 1036        |
|    total_timesteps      | 2801664     |
| train/                  |             |
|    approx_kl            | 0.011791776 |
|    clip_fraction        | 0.163       |
|    clip_range           | 0.2         |
|    entropy_loss         | -5.39       |
|    explained_variance   | 0.579       |
|    learning_rate        | 0.000188    |
|    loss                 | 0.0495      |
|    n_updates            | 381         |
|    policy_gradient_loss | 0.00646     |
|    std                  | 0.475       |
|    value_loss           | 0.0511      |
-----------------------------------------
Early stopping at step 0 due to reaching max kl: 0.04
-----------------------------------------
| rollout/                |             |
|    ep_len_mean          | 748         |
|    ep_rew_mean          | 1.52e+03    |
| time/                   |             |
|    fps                  | 2703        |
|    iterations           | 343         |
|    time_elapsed         | 1039        |
|    total_timesteps      | 2809856     |
| train/                  |             |
|    approx_kl            | 0.014393979 |
|    clip_fraction        | 0.194       |
|    clip_range           | 0.2         |
|    entropy_loss         | -5.38       |
|    explained_variance   | 0.645       |
|    learning_rate        | 0.000188    |
|    loss                 | 0.0852      |
|    n_updates            | 382         |
|    policy_gradient_loss | 0.00984     |
|    std                  | 0.474       |
|    value_loss           | 0.0431      |
-----------------------------------------
Early stopping at step 1 due to reaching max kl: 0.03
-----------------------------------------
| rollout/                |             |
|    ep_len_mean          | 765         |
|    ep_rew_mean          | 1.56e+03    |
| time/                   |             |
|    fps                  | 2702        |
|    iterations           | 344         |
|    time_elapsed         | 1042        |
|    total_timesteps      | 2818048     |
| train/                  |             |
|    approx_kl            | 0.023035072 |
|    clip_fraction        | 0.209       |
|    clip_range           | 0.2         |
|    entropy_loss         | -5.35       |
|    explained_variance   | 0.816       |
|    learning_rate        | 0.000188    |
|    loss                 | 0.0142      |
|    n_updates            | 384         |
|    policy_gradient_loss | 0.00852     |
|    std                  | 0.471       |
|    value_loss           | 0.00711     |
-----------------------------------------
Early stopping at step 1 due to reaching max kl: 0.05
-----------------------------------------
| rollout/                |             |
|    ep_len_mean          | 805         |
|    ep_rew_mean          | 1.65e+03    |
| time/                   |             |
|    fps                  | 2702        |
|    iterations           | 345         |
|    time_elapsed         | 1045        |
|    total_timesteps      | 2826240     |
| train/                  |             |
|    approx_kl            | 0.021783223 |
|    clip_fraction        | 0.231       |
|    clip_range           | 0.2         |
|    entropy_loss         | -5.31       |
|    explained_variance   | 0.621       |
|    learning_rate        | 0.000187    |
|    loss                 | 0.0195      |
|    n_updates            | 386         |
|    policy_gradient_loss | 0.0097      |
|    std                  | 0.469       |
|    value_loss           | 0.0203      |
-----------------------------------------
Early stopping at step 1 due to reaching max kl: 0.03
-----------------------------------------
| rollout/                |             |
|    ep_len_mean          | 821         |
|    ep_rew_mean          | 1.68e+03    |
| time/                   |             |
|    fps                  | 2702        |
|    iterations           | 346         |
|    time_elapsed         | 1048        |
|    total_timesteps      | 2834432     |
| train/                  |             |
|    approx_kl            | 0.025157774 |
|    clip_fraction        | 0.217       |
|    clip_range           | 0.2         |
|    entropy_loss         | -5.27       |
|    explained_variance   | 0.649       |
|    learning_rate        | 0.000187    |
|    loss                 | 0.0049      |
|    n_updates            | 388         |
|    policy_gradient_loss | 0.0109      |
|    std                  | 0.467       |
|    value_loss           | 0.017       |
-----------------------------------------
Early stopping at step 0 due to reaching max kl: 0.03
-----------------------------------------
| rollout/                |             |
|    ep_len_mean          | 786         |
|    ep_rew_mean          | 1.62e+03    |
| time/                   |             |
|    fps                  | 2702        |
|    iterations           | 347         |
|    time_elapsed         | 1051        |
|    total_timesteps      | 2842624     |
| train/                  |             |
|    approx_kl            | 0.010696357 |
|    clip_fraction        | 0.145       |
|    clip_range           | 0.2         |
|    entropy_loss         | -5.25       |
|    explained_variance   | 0.609       |
|    learning_rate        | 0.000187    |
|    loss                 | 0.0328      |
|    n_updates            | 389         |
|    policy_gradient_loss | -0.00143    |
|    std                  | 0.466       |
|    value_loss           | 0.0191      |
-----------------------------------------
Early stopping at step 0 due to reaching max kl: 0.03
-----------------------------------------
| rollout/                |             |
|    ep_len_mean          | 802         |
|    ep_rew_mean          | 1.65e+03    |
| time/                   |             |
|    fps                  | 2702        |
|    iterations           | 348         |
|    time_elapsed         | 1054        |
|    total_timesteps      | 2850816     |
| train/                  |             |
|    approx_kl            | 0.014873301 |
|    clip_fraction        | 0.192       |
|    clip_range           | 0.2         |
|    entropy_loss         | -5.24       |
|    explained_variance   | 0.543       |
|    learning_rate        | 0.000186    |
|    loss                 | 0.0329      |
|    n_updates            | 390         |
|    policy_gradient_loss | 0.0106      |
|    std                  | 0.466       |
|    value_loss           | 0.0625      |
-----------------------------------------
Early stopping at step 0 due to reaching max kl: 0.03
-----------------------------------------
| rollout/                |             |
|    ep_len_mean          | 794         |
|    ep_rew_mean          | 1.64e+03    |
| time/                   |             |
|    fps                  | 2702        |
|    iterations           | 349         |
|    time_elapsed         | 1057        |
|    total_timesteps      | 2859008     |
| train/                  |             |
|    approx_kl            | 0.012050802 |
|    clip_fraction        | 0.171       |
|    clip_range           | 0.2         |
|    entropy_loss         | -5.23       |
|    explained_variance   | 0.526       |
|    learning_rate        | 0.000186    |
|    loss                 | -0.00312    |
|    n_updates            | 391         |
|    policy_gradient_loss | 0.0061      |
|    std                  | 0.466       |
|    value_loss           | 0.033       |
-----------------------------------------
Early stopping at step 0 due to reaching max kl: 0.03
-----------------------------------------
| rollout/                |             |
|    ep_len_mean          | 788         |
|    ep_rew_mean          | 1.63e+03    |
| time/                   |             |
|    fps                  | 2702        |
|    iterations           | 350         |
|    time_elapsed         | 1060        |
|    total_timesteps      | 2867200     |
| train/                  |             |
|    approx_kl            | 0.014675506 |
|    clip_fraction        | 0.194       |
|    clip_range           | 0.2         |
|    entropy_loss         | -5.23       |
|    explained_variance   | 0.507       |
|    learning_rate        | 0.000186    |
|    loss                 | 0.0796      |
|    n_updates            | 392         |
|    policy_gradient_loss | 0.00647     |
|    std                  | 0.465       |
|    value_loss           | 0.0537      |
-----------------------------------------
Early stopping at step 0 due to reaching max kl: 0.03
-----------------------------------------
| rollout/                |             |
|    ep_len_mean          | 785         |
|    ep_rew_mean          | 1.62e+03    |
| time/                   |             |
|    fps                  | 2702        |
|    iterations           | 351         |
|    time_elapsed         | 1063        |
|    total_timesteps      | 2875392     |
| train/                  |             |
|    approx_kl            | 0.013183029 |
|    clip_fraction        | 0.178       |
|    clip_range           | 0.2         |
|    entropy_loss         | -5.21       |
|    explained_variance   | 0.502       |
|    learning_rate        | 0.000185    |
|    loss                 | 0.00183     |
|    n_updates            | 393         |
|    policy_gradient_loss | 0.000656    |
|    std                  | 0.464       |
|    value_loss           | 0.0773      |
-----------------------------------------
Early stopping at step 0 due to reaching max kl: 0.03
-----------------------------------------
| rollout/                |             |
|    ep_len_mean          | 788         |
|    ep_rew_mean          | 1.63e+03    |
| time/                   |             |
|    fps                  | 2702        |
|    iterations           | 352         |
|    time_elapsed         | 1066        |
|    total_timesteps      | 2883584     |
| train/                  |             |
|    approx_kl            | 0.009881267 |
|    clip_fraction        | 0.128       |
|    clip_range           | 0.2         |
|    entropy_loss         | -5.2        |
|    explained_variance   | 0.507       |
|    learning_rate        | 0.000185    |
|    loss                 | 0.0309      |
|    n_updates            | 394         |
|    policy_gradient_loss | 0.00399     |
|    std                  | 0.463       |
|    value_loss           | 0.0672      |
-----------------------------------------
Early stopping at step 0 due to reaching max kl: 0.03
-----------------------------------------
| rollout/                |             |
|    ep_len_mean          | 779         |
|    ep_rew_mean          | 1.62e+03    |
| time/                   |             |
|    fps                  | 2702        |
|    iterations           | 353         |
|    time_elapsed         | 1070        |
|    total_timesteps      | 2891776     |
| train/                  |             |
|    approx_kl            | 0.014440332 |
|    clip_fraction        | 0.198       |
|    clip_range           | 0.2         |
|    entropy_loss         | -5.18       |
|    explained_variance   | 0.603       |
|    learning_rate        | 0.000185    |
|    loss                 | 0.108       |
|    n_updates            | 395         |
|    policy_gradient_loss | 0.00854     |
|    std                  | 0.461       |
|    value_loss           | 0.0207      |
-----------------------------------------
Early stopping at step 0 due to reaching max kl: 0.03
-----------------------------------------
| rollout/                |             |
|    ep_len_mean          | 771         |
|    ep_rew_mean          | 1.6e+03     |
| time/                   |             |
|    fps                  | 2702        |
|    iterations           | 354         |
|    time_elapsed         | 1073        |
|    total_timesteps      | 2899968     |
| train/                  |             |
|    approx_kl            | 0.011395333 |
|    clip_fraction        | 0.144       |
|    clip_range           | 0.2         |
|    entropy_loss         | -5.15       |
|    explained_variance   | 0.711       |
|    learning_rate        | 0.000184    |
|    loss                 | -0.00905    |
|    n_updates            | 396         |
|    policy_gradient_loss | 0.00244     |
|    std                  | 0.461       |
|    value_loss           | 0.0251      |
-----------------------------------------
Early stopping at step 0 due to reaching max kl: 0.03
-----------------------------------------
| rollout/                |             |
|    ep_len_mean          | 736         |
|    ep_rew_mean          | 1.53e+03    |
| time/                   |             |
|    fps                  | 2702        |
|    iterations           | 355         |
|    time_elapsed         | 1075        |
|    total_timesteps      | 2908160     |
| train/                  |             |
|    approx_kl            | 0.010793469 |
|    clip_fraction        | 0.134       |
|    clip_range           | 0.2         |
|    entropy_loss         | -5.15       |
|    explained_variance   | 0.654       |
|    learning_rate        | 0.000184    |
|    loss                 | -0.00324    |
|    n_updates            | 397         |
|    policy_gradient_loss | -0.000194   |
|    std                  | 0.461       |
|    value_loss           | 0.049       |
-----------------------------------------
Early stopping at step 0 due to reaching max kl: 0.03
------------------------------------------
| rollout/                |              |
|    ep_len_mean          | 741          |
|    ep_rew_mean          | 1.54e+03     |
| time/                   |              |
|    fps                  | 2702         |
|    iterations           | 356          |
|    time_elapsed         | 1078         |
|    total_timesteps      | 2916352      |
| train/                  |              |
|    approx_kl            | 0.0074861245 |
|    clip_fraction        | 0.096        |
|    clip_range           | 0.2          |
|    entropy_loss         | -5.14        |
|    explained_variance   | 0.54         |
|    learning_rate        | 0.000184     |
|    loss                 | 0.169        |
|    n_updates            | 398          |
|    policy_gradient_loss | 0.000958     |
|    std                  | 0.46         |
|    value_loss           | 0.0695       |
------------------------------------------
Early stopping at step 0 due to reaching max kl: 0.03
-----------------------------------------
| rollout/                |             |
|    ep_len_mean          | 699         |
|    ep_rew_mean          | 1.45e+03    |
| time/                   |             |
|    fps                  | 2703        |
|    iterations           | 357         |
|    time_elapsed         | 1081        |
|    total_timesteps      | 2924544     |
| train/                  |             |
|    approx_kl            | 0.011745416 |
|    clip_fraction        | 0.151       |
|    clip_range           | 0.2         |
|    entropy_loss         | -5.14       |
|    explained_variance   | 0.653       |
|    learning_rate        | 0.000183    |
|    loss                 | 0.016       |
|    n_updates            | 399         |
|    policy_gradient_loss | 0.00445     |
|    std                  | 0.46        |
|    value_loss           | 0.0668      |
-----------------------------------------
Early stopping at step 0 due to reaching max kl: 0.03
-----------------------------------------
| rollout/                |             |
|    ep_len_mean          | 708         |
|    ep_rew_mean          | 1.47e+03    |
| time/                   |             |
|    fps                  | 2703        |
|    iterations           | 358         |
|    time_elapsed         | 1084        |
|    total_timesteps      | 2932736     |
| train/                  |             |
|    approx_kl            | 0.012034643 |
|    clip_fraction        | 0.147       |
|    clip_range           | 0.2         |
|    entropy_loss         | -5.14       |
|    explained_variance   | 0.632       |
|    learning_rate        | 0.000183    |
|    loss                 | 0.0667      |
|    n_updates            | 400         |
|    policy_gradient_loss | 0.00528     |
|    std                  | 0.46        |
|    value_loss           | 0.0834      |
-----------------------------------------
Early stopping at step 0 due to reaching max kl: 0.03
-----------------------------------------
| rollout/                |             |
|    ep_len_mean          | 718         |
|    ep_rew_mean          | 1.49e+03    |
| time/                   |             |
|    fps                  | 2703        |
|    iterations           | 359         |
|    time_elapsed         | 1087        |
|    total_timesteps      | 2940928     |
| train/                  |             |
|    approx_kl            | 0.012912144 |
|    clip_fraction        | 0.173       |
|    clip_range           | 0.2         |
|    entropy_loss         | -5.13       |
|    explained_variance   | 0.793       |
|    learning_rate        | 0.000183    |
|    loss                 | 0.0747      |
|    n_updates            | 401         |
|    policy_gradient_loss | 0.00178     |
|    std                  | 0.459       |
|    value_loss           | 0.0325      |
-----------------------------------------
Early stopping at step 0 due to reaching max kl: 0.03
-----------------------------------------
| rollout/                |             |
|    ep_len_mean          | 741         |
|    ep_rew_mean          | 1.54e+03    |
| time/                   |             |
|    fps                  | 2703        |
|    iterations           | 360         |
|    time_elapsed         | 1090        |
|    total_timesteps      | 2949120     |
| train/                  |             |
|    approx_kl            | 0.011934136 |
|    clip_fraction        | 0.157       |
|    clip_range           | 0.2         |
|    entropy_loss         | -5.12       |
|    explained_variance   | 0.68        |
|    learning_rate        | 0.000182    |
|    loss                 | -0.026      |
|    n_updates            | 402         |
|    policy_gradient_loss | 0.00522     |
|    std                  | 0.459       |
|    value_loss           | 0.0427      |
-----------------------------------------
Early stopping at step 0 due to reaching max kl: 0.03
-----------------------------------------
| rollout/                |             |
|    ep_len_mean          | 701         |
|    ep_rew_mean          | 1.46e+03    |
| time/                   |             |
|    fps                  | 2703        |
|    iterations           | 361         |
|    time_elapsed         | 1093        |
|    total_timesteps      | 2957312     |
| train/                  |             |
|    approx_kl            | 0.012596168 |
|    clip_fraction        | 0.179       |
|    clip_range           | 0.2         |
|    entropy_loss         | -5.11       |
|    explained_variance   | 0.658       |
|    learning_rate        | 0.000182    |
|    loss                 | -0.00789    |
|    n_updates            | 403         |
|    policy_gradient_loss | 0.00547     |
|    std                  | 0.458       |
|    value_loss           | 0.0292      |
-----------------------------------------
Early stopping at step 0 due to reaching max kl: 0.03
-----------------------------------------
| rollout/                |             |
|    ep_len_mean          | 692         |
|    ep_rew_mean          | 1.44e+03    |
| time/                   |             |
|    fps                  | 2703        |
|    iterations           | 362         |
|    time_elapsed         | 1096        |
|    total_timesteps      | 2965504     |
| train/                  |             |
|    approx_kl            | 0.009996567 |
|    clip_fraction        | 0.136       |
|    clip_range           | 0.2         |
|    entropy_loss         | -5.1        |
|    explained_variance   | 0.628       |
|    learning_rate        | 0.000182    |
|    loss                 | 0.042       |
|    n_updates            | 404         |
|    policy_gradient_loss | 0.00715     |
|    std                  | 0.457       |
|    value_loss           | 0.06        |
-----------------------------------------
Early stopping at step 0 due to reaching max kl: 0.05
-----------------------------------------
| rollout/                |             |
|    ep_len_mean          | 688         |
|    ep_rew_mean          | 1.44e+03    |
| time/                   |             |
|    fps                  | 2703        |
|    iterations           | 363         |
|    time_elapsed         | 1099        |
|    total_timesteps      | 2973696     |
| train/                  |             |
|    approx_kl            | 0.014268111 |
|    clip_fraction        | 0.188       |
|    clip_range           | 0.2         |
|    entropy_loss         | -5.08       |
|    explained_variance   | 0.668       |
|    learning_rate        | 0.000181    |
|    loss                 | 0.207       |
|    n_updates            | 405         |
|    policy_gradient_loss | 0.00605     |
|    std                  | 0.456       |
|    value_loss           | 0.067       |
-----------------------------------------
Early stopping at step 0 due to reaching max kl: 0.03
-----------------------------------------
| rollout/                |             |
|    ep_len_mean          | 698         |
|    ep_rew_mean          | 1.46e+03    |
| time/                   |             |
|    fps                  | 2703        |
|    iterations           | 364         |
|    time_elapsed         | 1102        |
|    total_timesteps      | 2981888     |
| train/                  |             |
|    approx_kl            | 0.013097249 |
|    clip_fraction        | 0.173       |
|    clip_range           | 0.2         |
|    entropy_loss         | -5.07       |
|    explained_variance   | 0.665       |
|    learning_rate        | 0.000181    |
|    loss                 | 0.0451      |
|    n_updates            | 406         |
|    policy_gradient_loss | 0.00822     |
|    std                  | 0.456       |
|    value_loss           | 0.0455      |
-----------------------------------------
Early stopping at step 0 due to reaching max kl: 0.04
----------------------------------------
| rollout/                |            |
|    ep_len_mean          | 705        |
|    ep_rew_mean          | 1.48e+03   |
| time/                   |            |
|    fps                  | 2703       |
|    iterations           | 365        |
|    time_elapsed         | 1105       |
|    total_timesteps      | 2990080    |
| train/                  |            |
|    approx_kl            | 0.01413548 |
|    clip_fraction        | 0.185      |
|    clip_range           | 0.2        |
|    entropy_loss         | -5.06      |
|    explained_variance   | 0.75       |
|    learning_rate        | 0.000181   |
|    loss                 | 0.000507   |
|    n_updates            | 407        |
|    policy_gradient_loss | 0.0077     |
|    std                  | 0.456      |
|    value_loss           | 0.0447     |
----------------------------------------
Early stopping at step 0 due to reaching max kl: 0.03
-----------------------------------------
| rollout/                |             |
|    ep_len_mean          | 718         |
|    ep_rew_mean          | 1.51e+03    |
| time/                   |             |
|    fps                  | 2703        |
|    iterations           | 366         |
|    time_elapsed         | 1108        |
|    total_timesteps      | 2998272     |
| train/                  |             |
|    approx_kl            | 0.016106196 |
|    clip_fraction        | 0.211       |
|    clip_range           | 0.2         |
|    entropy_loss         | -5.05       |
|    explained_variance   | 0.688       |
|    learning_rate        | 0.00018     |
|    loss                 | 0.0502      |
|    n_updates            | 408         |
|    policy_gradient_loss | 0.00638     |
|    std                  | 0.455       |
|    value_loss           | 0.049       |
-----------------------------------------
Early stopping at step 0 due to reaching max kl: 0.05
----------------------------------------
| rollout/                |            |
|    ep_len_mean          | 717        |
|    ep_rew_mean          | 1.51e+03   |
| time/                   |            |
|    fps                  | 2703       |
|    iterations           | 367        |
|    time_elapsed         | 1111       |
|    total_timesteps      | 3006464    |
| train/                  |            |
|    approx_kl            | 0.00926114 |
|    clip_fraction        | 0.112      |
|    clip_range           | 0.2        |
|    entropy_loss         | -5.04      |
|    explained_variance   | 0.655      |
|    learning_rate        | 0.00018    |
|    loss                 | 0.0271     |
|    n_updates            | 409        |
|    policy_gradient_loss | 0.00342    |
|    std                  | 0.454      |
|    value_loss           | 0.0597     |
----------------------------------------
Early stopping at step 0 due to reaching max kl: 0.03
-----------------------------------------
| rollout/                |             |
|    ep_len_mean          | 725         |
|    ep_rew_mean          | 1.53e+03    |
| time/                   |             |
|    fps                  | 2703        |
|    iterations           | 368         |
|    time_elapsed         | 1114        |
|    total_timesteps      | 3014656     |
| train/                  |             |
|    approx_kl            | 0.015391932 |
|    clip_fraction        | 0.213       |
|    clip_range           | 0.2         |
|    entropy_loss         | -5.02       |
|    explained_variance   | 0.774       |
|    learning_rate        | 0.00018     |
|    loss                 | 0.0488      |
|    n_updates            | 410         |
|    policy_gradient_loss | 0.00383     |
|    std                  | 0.453       |
|    value_loss           | 0.0242      |
-----------------------------------------
Early stopping at step 0 due to reaching max kl: 0.03
-----------------------------------------
| rollout/                |             |
|    ep_len_mean          | 726         |
|    ep_rew_mean          | 1.53e+03    |
| time/                   |             |
|    fps                  | 2703        |
|    iterations           | 369         |
|    time_elapsed         | 1118        |
|    total_timesteps      | 3022848     |
| train/                  |             |
|    approx_kl            | 0.014182005 |
|    clip_fraction        | 0.198       |
|    clip_range           | 0.2         |
|    entropy_loss         | -5          |
|    explained_variance   | 0.681       |
|    learning_rate        | 0.000179    |
|    loss                 | 0.112       |
|    n_updates            | 411         |
|    policy_gradient_loss | 0.00864     |
|    std                  | 0.452       |
|    value_loss           | 0.0261      |
-----------------------------------------
Early stopping at step 0 due to reaching max kl: 0.03
-----------------------------------------
| rollout/                |             |
|    ep_len_mean          | 747         |
|    ep_rew_mean          | 1.58e+03    |
| time/                   |             |
|    fps                  | 2703        |
|    iterations           | 370         |
|    time_elapsed         | 1121        |
|    total_timesteps      | 3031040     |
| train/                  |             |
|    approx_kl            | 0.009096775 |
|    clip_fraction        | 0.107       |
|    clip_range           | 0.2         |
|    entropy_loss         | -4.99       |
|    explained_variance   | 0.675       |
|    learning_rate        | 0.000179    |
|    loss                 | 0.0382      |
|    n_updates            | 412         |
|    policy_gradient_loss | 0.00322     |
|    std                  | 0.452       |
|    value_loss           | 0.0338      |
-----------------------------------------
Early stopping at step 0 due to reaching max kl: 0.04
-----------------------------------------
| rollout/                |             |
|    ep_len_mean          | 756         |
|    ep_rew_mean          | 1.6e+03     |
| time/                   |             |
|    fps                  | 2703        |
|    iterations           | 371         |
|    time_elapsed         | 1124        |
|    total_timesteps      | 3039232     |
| train/                  |             |
|    approx_kl            | 0.013131274 |
|    clip_fraction        | 0.189       |
|    clip_range           | 0.2         |
|    entropy_loss         | -4.98       |
|    explained_variance   | 0.605       |
|    learning_rate        | 0.000179    |
|    loss                 | 0.0668      |
|    n_updates            | 413         |
|    policy_gradient_loss | 0.00686     |
|    std                  | 0.45        |
|    value_loss           | 0.0364      |
-----------------------------------------
Early stopping at step 0 due to reaching max kl: 0.04
-----------------------------------------
| rollout/                |             |
|    ep_len_mean          | 766         |
|    ep_rew_mean          | 1.63e+03    |
| time/                   |             |
|    fps                  | 2703        |
|    iterations           | 372         |
|    time_elapsed         | 1127        |
|    total_timesteps      | 3047424     |
| train/                  |             |
|    approx_kl            | 0.013655489 |
|    clip_fraction        | 0.188       |
|    clip_range           | 0.2         |
|    entropy_loss         | -4.95       |
|    explained_variance   | 0.675       |
|    learning_rate        | 0.000178    |
|    loss                 | 0.0124      |
|    n_updates            | 414         |
|    policy_gradient_loss | 0.00856     |
|    std                  | 0.449       |
|    value_loss           | 0.0331      |
-----------------------------------------
Early stopping at step 0 due to reaching max kl: 0.03
-----------------------------------------
| rollout/                |             |
|    ep_len_mean          | 762         |
|    ep_rew_mean          | 1.62e+03    |
| time/                   |             |
|    fps                  | 2703        |
|    iterations           | 373         |
|    time_elapsed         | 1130        |
|    total_timesteps      | 3055616     |
| train/                  |             |
|    approx_kl            | 0.011068194 |
|    clip_fraction        | 0.141       |
|    clip_range           | 0.2         |
|    entropy_loss         | -4.94       |
|    explained_variance   | 0.648       |
|    learning_rate        | 0.000178    |
|    loss                 | 0.0635      |
|    n_updates            | 415         |
|    policy_gradient_loss | 0.00667     |
|    std                  | 0.449       |
|    value_loss           | 0.0569      |
-----------------------------------------
Early stopping at step 0 due to reaching max kl: 0.03
----------------------------------------
| rollout/                |            |
|    ep_len_mean          | 744        |
|    ep_rew_mean          | 1.59e+03   |
| time/                   |            |
|    fps                  | 2703       |
|    iterations           | 374        |
|    time_elapsed         | 1133       |
|    total_timesteps      | 3063808    |
| train/                  |            |
|    approx_kl            | 0.01332017 |
|    clip_fraction        | 0.182      |
|    clip_range           | 0.2        |
|    entropy_loss         | -4.93      |
|    explained_variance   | 0.686      |
|    learning_rate        | 0.000178   |
|    loss                 | 0.158      |
|    n_updates            | 416        |
|    policy_gradient_loss | 0.00852    |
|    std                  | 0.448      |
|    value_loss           | 0.037      |
----------------------------------------
Early stopping at step 0 due to reaching max kl: 0.03
-----------------------------------------
| rollout/                |             |
|    ep_len_mean          | 763         |
|    ep_rew_mean          | 1.63e+03    |
| time/                   |             |
|    fps                  | 2703        |
|    iterations           | 375         |
|    time_elapsed         | 1136        |
|    total_timesteps      | 3072000     |
| train/                  |             |
|    approx_kl            | 0.010518575 |
|    clip_fraction        | 0.142       |
|    clip_range           | 0.2         |
|    entropy_loss         | -4.93       |
|    explained_variance   | 0.53        |
|    learning_rate        | 0.000177    |
|    loss                 | 0.198       |
|    n_updates            | 417         |
|    policy_gradient_loss | 0.00377     |
|    std                  | 0.448       |
|    value_loss           | 0.118       |
-----------------------------------------
Early stopping at step 0 due to reaching max kl: 0.04
-----------------------------------------
| rollout/                |             |
|    ep_len_mean          | 737         |
|    ep_rew_mean          | 1.58e+03    |
| time/                   |             |
|    fps                  | 2703        |
|    iterations           | 376         |
|    time_elapsed         | 1139        |
|    total_timesteps      | 3080192     |
| train/                  |             |
|    approx_kl            | 0.011336164 |
|    clip_fraction        | 0.157       |
|    clip_range           | 0.2         |
|    entropy_loss         | -4.92       |
|    explained_variance   | 0.683       |
|    learning_rate        | 0.000177    |
|    loss                 | 0.0525      |
|    n_updates            | 418         |
|    policy_gradient_loss | 0.00908     |
|    std                  | 0.448       |
|    value_loss           | 0.0401      |
-----------------------------------------
Early stopping at step 0 due to reaching max kl: 0.03
-----------------------------------------
| rollout/                |             |
|    ep_len_mean          | 734         |
|    ep_rew_mean          | 1.57e+03    |
| time/                   |             |
|    fps                  | 2703        |
|    iterations           | 377         |
|    time_elapsed         | 1142        |
|    total_timesteps      | 3088384     |
| train/                  |             |
|    approx_kl            | 0.010799112 |
|    clip_fraction        | 0.143       |
|    clip_range           | 0.2         |
|    entropy_loss         | -4.91       |
|    explained_variance   | 0.628       |
|    learning_rate        | 0.000177    |
|    loss                 | 0.0481      |
|    n_updates            | 419         |
|    policy_gradient_loss | 0.00637     |
|    std                  | 0.447       |
|    value_loss           | 0.0648      |
-----------------------------------------
Early stopping at step 0 due to reaching max kl: 0.03
-----------------------------------------
| rollout/                |             |
|    ep_len_mean          | 734         |
|    ep_rew_mean          | 1.57e+03    |
| time/                   |             |
|    fps                  | 2703        |
|    iterations           | 378         |
|    time_elapsed         | 1145        |
|    total_timesteps      | 3096576     |
| train/                  |             |
|    approx_kl            | 0.011818608 |
|    clip_fraction        | 0.162       |
|    clip_range           | 0.2         |
|    entropy_loss         | -4.9        |
|    explained_variance   | 0.723       |
|    learning_rate        | 0.000176    |
|    loss                 | 0.0115      |
|    n_updates            | 420         |
|    policy_gradient_loss | 0.00635     |
|    std                  | 0.446       |
|    value_loss           | 0.0296      |
-----------------------------------------
Early stopping at step 0 due to reaching max kl: 0.04
-----------------------------------------
| rollout/                |             |
|    ep_len_mean          | 754         |
|    ep_rew_mean          | 1.61e+03    |
| time/                   |             |
|    fps                  | 2703        |
|    iterations           | 379         |
|    time_elapsed         | 1148        |
|    total_timesteps      | 3104768     |
| train/                  |             |
|    approx_kl            | 0.012626346 |
|    clip_fraction        | 0.172       |
|    clip_range           | 0.2         |
|    entropy_loss         | -4.88       |
|    explained_variance   | 0.677       |
|    learning_rate        | 0.000176    |
|    loss                 | 0.017       |
|    n_updates            | 421         |
|    policy_gradient_loss | 0.00924     |
|    std                  | 0.445       |
|    value_loss           | 0.0356      |
-----------------------------------------
Early stopping at step 0 due to reaching max kl: 0.03
-----------------------------------------
| rollout/                |             |
|    ep_len_mean          | 764         |
|    ep_rew_mean          | 1.64e+03    |
| time/                   |             |
|    fps                  | 2703        |
|    iterations           | 380         |
|    time_elapsed         | 1151        |
|    total_timesteps      | 3112960     |
| train/                  |             |
|    approx_kl            | 0.009046383 |
|    clip_fraction        | 0.12        |
|    clip_range           | 0.2         |
|    entropy_loss         | -4.87       |
|    explained_variance   | 0.726       |
|    learning_rate        | 0.000176    |
|    loss                 | 0.0164      |
|    n_updates            | 422         |
|    policy_gradient_loss | 0.00266     |
|    std                  | 0.444       |
|    value_loss           | 0.0201      |
-----------------------------------------
Early stopping at step 0 due to reaching max kl: 0.05
-----------------------------------------
| rollout/                |             |
|    ep_len_mean          | 764         |
|    ep_rew_mean          | 1.64e+03    |
| time/                   |             |
|    fps                  | 2703        |
|    iterations           | 381         |
|    time_elapsed         | 1154        |
|    total_timesteps      | 3121152     |
| train/                  |             |
|    approx_kl            | 0.012734041 |
|    clip_fraction        | 0.176       |
|    clip_range           | 0.2         |
|    entropy_loss         | -4.84       |
|    explained_variance   | 0.647       |
|    learning_rate        | 0.000175    |
|    loss                 | 0.0226      |
|    n_updates            | 423         |
|    policy_gradient_loss | 0.0102      |
|    std                  | 0.442       |
|    value_loss           | 0.0177      |
-----------------------------------------
Early stopping at step 0 due to reaching max kl: 0.03
-----------------------------------------
| rollout/                |             |
|    ep_len_mean          | 793         |
|    ep_rew_mean          | 1.7e+03     |
| time/                   |             |
|    fps                  | 2703        |
|    iterations           | 382         |
|    time_elapsed         | 1157        |
|    total_timesteps      | 3129344     |
| train/                  |             |
|    approx_kl            | 0.012932984 |
|    clip_fraction        | 0.178       |
|    clip_range           | 0.2         |
|    entropy_loss         | -4.81       |
|    explained_variance   | 0.837       |
|    learning_rate        | 0.000175    |
|    loss                 | -0.00453    |
|    n_updates            | 424         |
|    policy_gradient_loss | 0.00446     |
|    std                  | 0.441       |
|    value_loss           | 0.0054      |
-----------------------------------------
Early stopping at step 0 due to reaching max kl: 0.03
-----------------------------------------
| rollout/                |             |
|    ep_len_mean          | 791         |
|    ep_rew_mean          | 1.7e+03     |
| time/                   |             |
|    fps                  | 2703        |
|    iterations           | 383         |
|    time_elapsed         | 1160        |
|    total_timesteps      | 3137536     |
| train/                  |             |
|    approx_kl            | 0.010091886 |
|    clip_fraction        | 0.134       |
|    clip_range           | 0.2         |
|    entropy_loss         | -4.8        |
|    explained_variance   | 0.597       |
|    learning_rate        | 0.000175    |
|    loss                 | 0.0347      |
|    n_updates            | 425         |
|    policy_gradient_loss | 0.005       |
|    std                  | 0.441       |
|    value_loss           | 0.0265      |
-----------------------------------------
Early stopping at step 0 due to reaching max kl: 0.05
------------------------------------------
| rollout/                |              |
|    ep_len_mean          | 835          |
|    ep_rew_mean          | 1.8e+03      |
| time/                   |              |
|    fps                  | 2703         |
|    iterations           | 384          |
|    time_elapsed         | 1163         |
|    total_timesteps      | 3145728      |
| train/                  |              |
|    approx_kl            | 0.0140201645 |
|    clip_fraction        | 0.179        |
|    clip_range           | 0.2          |
|    entropy_loss         | -4.78        |
|    explained_variance   | 0.582        |
|    learning_rate        | 0.000174     |
|    loss                 | 0.00194      |
|    n_updates            | 426          |
|    policy_gradient_loss | 0.00668      |
|    std                  | 0.44         |
|    value_loss           | 0.027        |
------------------------------------------
Early stopping at step 0 due to reaching max kl: 0.03
-----------------------------------------
| rollout/                |             |
|    ep_len_mean          | 820         |
|    ep_rew_mean          | 1.77e+03    |
| time/                   |             |
|    fps                  | 2703        |
|    iterations           | 385         |
|    time_elapsed         | 1166        |
|    total_timesteps      | 3153920     |
| train/                  |             |
|    approx_kl            | 0.014653644 |
|    clip_fraction        | 0.201       |
|    clip_range           | 0.2         |
|    entropy_loss         | -4.77       |
|    explained_variance   | 0.644       |
|    learning_rate        | 0.000174    |
|    loss                 | 0.00748     |
|    n_updates            | 427         |
|    policy_gradient_loss | 0.00677     |
|    std                  | 0.439       |
|    value_loss           | 0.0209      |
-----------------------------------------
Early stopping at step 0 due to reaching max kl: 0.03
-----------------------------------------
| rollout/                |             |
|    ep_len_mean          | 859         |
|    ep_rew_mean          | 1.86e+03    |
| time/                   |             |
|    fps                  | 2703        |
|    iterations           | 386         |
|    time_elapsed         | 1169        |
|    total_timesteps      | 3162112     |
| train/                  |             |
|    approx_kl            | 0.012650855 |
|    clip_fraction        | 0.168       |
|    clip_range           | 0.2         |
|    entropy_loss         | -4.76       |
|    explained_variance   | 0.384       |
|    learning_rate        | 0.000174    |
|    loss                 | 0.054       |
|    n_updates            | 428         |
|    policy_gradient_loss | 0.00691     |
|    std                  | 0.438       |
|    value_loss           | 0.0838      |
-----------------------------------------
Early stopping at step 0 due to reaching max kl: 0.03
-----------------------------------------
| rollout/                |             |
|    ep_len_mean          | 866         |
|    ep_rew_mean          | 1.88e+03    |
| time/                   |             |
|    fps                  | 2703        |
|    iterations           | 387         |
|    time_elapsed         | 1172        |
|    total_timesteps      | 3170304     |
| train/                  |             |
|    approx_kl            | 0.012573125 |
|    clip_fraction        | 0.172       |
|    clip_range           | 0.2         |
|    entropy_loss         | -4.74       |
|    explained_variance   | 0.7         |
|    learning_rate        | 0.000174    |
|    loss                 | -0.00724    |
|    n_updates            | 429         |
|    policy_gradient_loss | 0.00767     |
|    std                  | 0.438       |
|    value_loss           | 0.0223      |
-----------------------------------------
Early stopping at step 0 due to reaching max kl: 0.04
------------------------------------------
| rollout/                |              |
|    ep_len_mean          | 867          |
|    ep_rew_mean          | 1.88e+03     |
| time/                   |              |
|    fps                  | 2703         |
|    iterations           | 388          |
|    time_elapsed         | 1175         |
|    total_timesteps      | 3178496      |
| train/                  |              |
|    approx_kl            | 0.0123542035 |
|    clip_fraction        | 0.169        |
|    clip_range           | 0.2          |
|    entropy_loss         | -4.73        |
|    explained_variance   | 0.686        |
|    learning_rate        | 0.000173     |
|    loss                 | 0.174        |
|    n_updates            | 430          |
|    policy_gradient_loss | 0.00907      |
|    std                  | 0.437        |
|    value_loss           | 0.0216       |
------------------------------------------
Early stopping at step 0 due to reaching max kl: 0.03
----------------------------------------
| rollout/                |            |
|    ep_len_mean          | 853        |
|    ep_rew_mean          | 1.85e+03   |
| time/                   |            |
|    fps                  | 2703       |
|    iterations           | 389        |
|    time_elapsed         | 1178       |
|    total_timesteps      | 3186688    |
| train/                  |            |
|    approx_kl            | 0.01225886 |
|    clip_fraction        | 0.166      |
|    clip_range           | 0.2        |
|    entropy_loss         | -4.72      |
|    explained_variance   | 0.58       |
|    learning_rate        | 0.000173   |
|    loss                 | 0.0234     |
|    n_updates            | 431        |
|    policy_gradient_loss | 0.00801    |
|    std                  | 0.436      |
|    value_loss           | 0.0325     |
----------------------------------------
Early stopping at step 0 due to reaching max kl: 0.03
-----------------------------------------
| rollout/                |             |
|    ep_len_mean          | 828         |
|    ep_rew_mean          | 1.8e+03     |
| time/                   |             |
|    fps                  | 2703        |
|    iterations           | 390         |
|    time_elapsed         | 1181        |
|    total_timesteps      | 3194880     |
| train/                  |             |
|    approx_kl            | 0.011247702 |
|    clip_fraction        | 0.146       |
|    clip_range           | 0.2         |
|    entropy_loss         | -4.71       |
|    explained_variance   | 0.456       |
|    learning_rate        | 0.000173    |
|    loss                 | 0.0335      |
|    n_updates            | 432         |
|    policy_gradient_loss | 0.00699     |
|    std                  | 0.436       |
|    value_loss           | 0.0779      |
-----------------------------------------
Early stopping at step 0 due to reaching max kl: 0.03
-----------------------------------------
| rollout/                |             |
|    ep_len_mean          | 810         |
|    ep_rew_mean          | 1.77e+03    |
| time/                   |             |
|    fps                  | 2703        |
|    iterations           | 391         |
|    time_elapsed         | 1184        |
|    total_timesteps      | 3203072     |
| train/                  |             |
|    approx_kl            | 0.011907138 |
|    clip_fraction        | 0.165       |
|    clip_range           | 0.2         |
|    entropy_loss         | -4.71       |
|    explained_variance   | 0.531       |
|    learning_rate        | 0.000172    |
|    loss                 | 0.0467      |
|    n_updates            | 433         |
|    policy_gradient_loss | 0.00531     |
|    std                  | 0.436       |
|    value_loss           | 0.0596      |
-----------------------------------------
Early stopping at step 1 due to reaching max kl: 0.03
----------------------------------------
| rollout/                |            |
|    ep_len_mean          | 799        |
|    ep_rew_mean          | 1.75e+03   |
| time/                   |            |
|    fps                  | 2703       |
|    iterations           | 392        |
|    time_elapsed         | 1187       |
|    total_timesteps      | 3211264    |
| train/                  |            |
|    approx_kl            | 0.02411581 |
|    clip_fraction        | 0.199      |
|    clip_range           | 0.2        |
|    entropy_loss         | -4.69      |
|    explained_variance   | 0.575      |
|    learning_rate        | 0.000172   |
|    loss                 | 0.0704     |
|    n_updates            | 435        |
|    policy_gradient_loss | 0.00594    |
|    std                  | 0.434      |
|    value_loss           | 0.0344     |
----------------------------------------
Early stopping at step 1 due to reaching max kl: 0.03
-----------------------------------------
| rollout/                |             |
|    ep_len_mean          | 801         |
|    ep_rew_mean          | 1.76e+03    |
| time/                   |             |
|    fps                  | 2703        |
|    iterations           | 393         |
|    time_elapsed         | 1191        |
|    total_timesteps      | 3219456     |
| train/                  |             |
|    approx_kl            | 0.030970667 |
|    clip_fraction        | 0.21        |
|    clip_range           | 0.2         |
|    entropy_loss         | -4.67       |
|    explained_variance   | 0.491       |
|    learning_rate        | 0.000172    |
|    loss                 | -0.0144     |
|    n_updates            | 437         |
|    policy_gradient_loss | 0.00797     |
|    std                  | 0.433       |
|    value_loss           | 0.0408      |
-----------------------------------------
Early stopping at step 0 due to reaching max kl: 0.03
------------------------------------------
| rollout/                |              |
|    ep_len_mean          | 801          |
|    ep_rew_mean          | 1.76e+03     |
| time/                   |              |
|    fps                  | 2703         |
|    iterations           | 394          |
|    time_elapsed         | 1194         |
|    total_timesteps      | 3227648      |
| train/                  |              |
|    approx_kl            | 0.0116396975 |
|    clip_fraction        | 0.161        |
|    clip_range           | 0.2          |
|    entropy_loss         | -4.65        |
|    explained_variance   | 0.502        |
|    learning_rate        | 0.000171     |
|    loss                 | 0.0453       |
|    n_updates            | 438          |
|    policy_gradient_loss | 0.00805      |
|    std                  | 0.432        |
|    value_loss           | 0.034        |
------------------------------------------
Early stopping at step 0 due to reaching max kl: 0.03
------------------------------------------
| rollout/                |              |
|    ep_len_mean          | 785          |
|    ep_rew_mean          | 1.73e+03     |
| time/                   |              |
|    fps                  | 2703         |
|    iterations           | 395          |
|    time_elapsed         | 1196         |
|    total_timesteps      | 3235840      |
| train/                  |              |
|    approx_kl            | 0.0067674136 |
|    clip_fraction        | 0.0855       |
|    clip_range           | 0.2          |
|    entropy_loss         | -4.64        |
|    explained_variance   | 0.648        |
|    learning_rate        | 0.000171     |
|    loss                 | 0.0422       |
|    n_updates            | 439          |
|    policy_gradient_loss | 0.00435      |
|    std                  | 0.432        |
|    value_loss           | 0.0253       |
------------------------------------------
Early stopping at step 0 due to reaching max kl: 0.03
-----------------------------------------
| rollout/                |             |
|    ep_len_mean          | 778         |
|    ep_rew_mean          | 1.71e+03    |
| time/                   |             |
|    fps                  | 2703        |
|    iterations           | 396         |
|    time_elapsed         | 1199        |
|    total_timesteps      | 3244032     |
| train/                  |             |
|    approx_kl            | 0.013570737 |
|    clip_fraction        | 0.17        |
|    clip_range           | 0.2         |
|    entropy_loss         | -4.63       |
|    explained_variance   | 0.555       |
|    learning_rate        | 0.000171    |
|    loss                 | 0.0808      |
|    n_updates            | 440         |
|    policy_gradient_loss | 0.00264     |
|    std                  | 0.432       |
|    value_loss           | 0.0853      |
-----------------------------------------
Early stopping at step 0 due to reaching max kl: 0.04
[Progress] Training 2/6: 3,244,036/5,000,000 steps (64.9%); 4 full runs remain afterward; rough training ETA 2h 14m.
-----------------------------------------
| rollout/                |             |
|    ep_len_mean          | 758         |
|    ep_rew_mean          | 1.67e+03    |
| time/                   |             |
|    fps                  | 2703        |
|    iterations           | 397         |
|    time_elapsed         | 1203        |
|    total_timesteps      | 3252224     |
| train/                  |             |
|    approx_kl            | 0.013827797 |
|    clip_fraction        | 0.184       |
|    clip_range           | 0.2         |
|    entropy_loss         | -4.63       |
|    explained_variance   | 0.582       |
|    learning_rate        | 0.00017     |
|    loss                 | -0.00646    |
|    n_updates            | 441         |
|    policy_gradient_loss | 0.00678     |
|    std                  | 0.432       |
|    value_loss           | 0.0547      |
-----------------------------------------
Early stopping at step 0 due to reaching max kl: 0.03
-----------------------------------------
| rollout/                |             |
|    ep_len_mean          | 760         |
|    ep_rew_mean          | 1.67e+03    |
| time/                   |             |
|    fps                  | 2703        |
|    iterations           | 398         |
|    time_elapsed         | 1206        |
|    total_timesteps      | 3260416     |
| train/                  |             |
|    approx_kl            | 0.014001537 |
|    clip_fraction        | 0.189       |
|    clip_range           | 0.2         |
|    entropy_loss         | -4.62       |
|    explained_variance   | 0.62        |
|    learning_rate        | 0.00017     |
|    loss                 | 0.0519      |
|    n_updates            | 442         |
|    policy_gradient_loss | 0.00434     |
|    std                  | 0.431       |
|    value_loss           | 0.0554      |
-----------------------------------------
Early stopping at step 0 due to reaching max kl: 0.03
------------------------------------------
| rollout/                |              |
|    ep_len_mean          | 776          |
|    ep_rew_mean          | 1.7e+03      |
| time/                   |              |
|    fps                  | 2703         |
|    iterations           | 399          |
|    time_elapsed         | 1209         |
|    total_timesteps      | 3268608      |
| train/                  |              |
|    approx_kl            | 0.0139347855 |
|    clip_fraction        | 0.181        |
|    clip_range           | 0.2          |
|    entropy_loss         | -4.61        |
|    explained_variance   | 0.592        |
|    learning_rate        | 0.00017      |
|    loss                 | 0.0518       |
|    n_updates            | 443          |
|    policy_gradient_loss | 0.00931      |
|    std                  | 0.431        |
|    value_loss           | 0.0529       |
------------------------------------------
Early stopping at step 1 due to reaching max kl: 0.03
-----------------------------------------
| rollout/                |             |
|    ep_len_mean          | 769         |
|    ep_rew_mean          | 1.69e+03    |
| time/                   |             |
|    fps                  | 2702        |
|    iterations           | 400         |
|    time_elapsed         | 1212        |
|    total_timesteps      | 3276800     |
| train/                  |             |
|    approx_kl            | 0.023576427 |
|    clip_fraction        | 0.205       |
|    clip_range           | 0.2         |
|    entropy_loss         | -4.6        |
|    explained_variance   | 0.678       |
|    learning_rate        | 0.000169    |
|    loss                 | -0.0222     |
|    n_updates            | 445         |
|    policy_gradient_loss | 0.00862     |
|    std                  | 0.429       |
|    value_loss           | 0.0275      |
-----------------------------------------
Early stopping at step 0 due to reaching max kl: 0.04
-----------------------------------------
| rollout/                |             |
|    ep_len_mean          | 775         |
|    ep_rew_mean          | 1.7e+03     |
| time/                   |             |
|    fps                  | 2702        |
|    iterations           | 401         |
|    time_elapsed         | 1215        |
|    total_timesteps      | 3284992     |
| train/                  |             |
|    approx_kl            | 0.013328121 |
|    clip_fraction        | 0.189       |
|    clip_range           | 0.2         |
|    entropy_loss         | -4.58       |
|    explained_variance   | 0.691       |
|    learning_rate        | 0.000169    |
|    loss                 | 0.119       |
|    n_updates            | 446         |
|    policy_gradient_loss | 0.00711     |
|    std                  | 0.429       |
|    value_loss           | 0.028       |
-----------------------------------------
Early stopping at step 0 due to reaching max kl: 0.03
-----------------------------------------
| rollout/                |             |
|    ep_len_mean          | 785         |
|    ep_rew_mean          | 1.72e+03    |
| time/                   |             |
|    fps                  | 2702        |
|    iterations           | 402         |
|    time_elapsed         | 1218        |
|    total_timesteps      | 3293184     |
| train/                  |             |
|    approx_kl            | 0.011967957 |
|    clip_fraction        | 0.163       |
|    clip_range           | 0.2         |
|    entropy_loss         | -4.57       |
|    explained_variance   | 0.562       |
|    learning_rate        | 0.000169    |
|    loss                 | 0.0191      |
|    n_updates            | 447         |
|    policy_gradient_loss | 0.00751     |
|    std                  | 0.428       |
|    value_loss           | 0.0465      |
-----------------------------------------
Early stopping at step 0 due to reaching max kl: 0.04
-----------------------------------------
| rollout/                |             |
|    ep_len_mean          | 775         |
|    ep_rew_mean          | 1.69e+03    |
| time/                   |             |
|    fps                  | 2702        |
|    iterations           | 403         |
|    time_elapsed         | 1221        |
|    total_timesteps      | 3301376     |
| train/                  |             |
|    approx_kl            | 0.012448544 |
|    clip_fraction        | 0.169       |
|    clip_range           | 0.2         |
|    entropy_loss         | -4.56       |
|    explained_variance   | 0.654       |
|    learning_rate        | 0.000168    |
|    loss                 | 0.0263      |
|    n_updates            | 448         |
|    policy_gradient_loss | 0.00794     |
|    std                  | 0.428       |
|    value_loss           | 0.0318      |
-----------------------------------------
Early stopping at step 0 due to reaching max kl: 0.03
-----------------------------------------
| rollout/                |             |
|    ep_len_mean          | 786         |
|    ep_rew_mean          | 1.72e+03    |
| time/                   |             |
|    fps                  | 2702        |
|    iterations           | 404         |
|    time_elapsed         | 1224        |
|    total_timesteps      | 3309568     |
| train/                  |             |
|    approx_kl            | 0.011233652 |
|    clip_fraction        | 0.15        |
|    clip_range           | 0.2         |
|    entropy_loss         | -4.55       |
|    explained_variance   | 0.602       |
|    learning_rate        | 0.000168    |
|    loss                 | 0.0655      |
|    n_updates            | 449         |
|    policy_gradient_loss | 0.00746     |
|    std                  | 0.427       |
|    value_loss           | 0.0302      |
-----------------------------------------
Early stopping at step 0 due to reaching max kl: 0.03
-----------------------------------------
| rollout/                |             |
|    ep_len_mean          | 820         |
|    ep_rew_mean          | 1.8e+03     |
| time/                   |             |
|    fps                  | 2702        |
|    iterations           | 405         |
|    time_elapsed         | 1227        |
|    total_timesteps      | 3317760     |
| train/                  |             |
|    approx_kl            | 0.011749542 |
|    clip_fraction        | 0.159       |
|    clip_range           | 0.2         |
|    entropy_loss         | -4.53       |
|    explained_variance   | 0.62        |
|    learning_rate        | 0.000168    |
|    loss                 | 0.0269      |
|    n_updates            | 450         |
|    policy_gradient_loss | 0.00792     |
|    std                  | 0.426       |
|    value_loss           | 0.0337      |
-----------------------------------------
Early stopping at step 0 due to reaching max kl: 0.03
-----------------------------------------
| rollout/                |             |
|    ep_len_mean          | 821         |
|    ep_rew_mean          | 1.81e+03    |
| time/                   |             |
|    fps                  | 2702        |
|    iterations           | 406         |
|    time_elapsed         | 1230        |
|    total_timesteps      | 3325952     |
| train/                  |             |
|    approx_kl            | 0.010691283 |
|    clip_fraction        | 0.15        |
|    clip_range           | 0.2         |
|    entropy_loss         | -4.52       |
|    explained_variance   | 0.618       |
|    learning_rate        | 0.000167    |
|    loss                 | 0.0195      |
|    n_updates            | 451         |
|    policy_gradient_loss | 0.00592     |
|    std                  | 0.425       |
|    value_loss           | 0.0163      |
-----------------------------------------
Early stopping at step 0 due to reaching max kl: 0.03
-----------------------------------------
| rollout/                |             |
|    ep_len_mean          | 824         |
|    ep_rew_mean          | 1.81e+03    |
| time/                   |             |
|    fps                  | 2702        |
|    iterations           | 407         |
|    time_elapsed         | 1233        |
|    total_timesteps      | 3334144     |
| train/                  |             |
|    approx_kl            | 0.012951631 |
|    clip_fraction        | 0.173       |
|    clip_range           | 0.2         |
|    entropy_loss         | -4.51       |
|    explained_variance   | 0.463       |
|    learning_rate        | 0.000167    |
|    loss                 | 0.0837      |
|    n_updates            | 452         |
|    policy_gradient_loss | 0.0111      |
|    std                  | 0.425       |
|    value_loss           | 0.057       |
-----------------------------------------
Early stopping at step 0 due to reaching max kl: 0.04
-----------------------------------------
| rollout/                |             |
|    ep_len_mean          | 821         |
|    ep_rew_mean          | 1.82e+03    |
| time/                   |             |
|    fps                  | 2702        |
|    iterations           | 408         |
|    time_elapsed         | 1236        |
|    total_timesteps      | 3342336     |
| train/                  |             |
|    approx_kl            | 0.012870931 |
|    clip_fraction        | 0.163       |
|    clip_range           | 0.2         |
|    entropy_loss         | -4.49       |
|    explained_variance   | 0.573       |
|    learning_rate        | 0.000167    |
|    loss                 | 0.0968      |
|    n_updates            | 453         |
|    policy_gradient_loss | 0.00995     |
|    std                  | 0.424       |
|    value_loss           | 0.0499      |
-----------------------------------------
Early stopping at step 0 due to reaching max kl: 0.03
-----------------------------------------
| rollout/                |             |
|    ep_len_mean          | 817         |
|    ep_rew_mean          | 1.81e+03    |
| time/                   |             |
|    fps                  | 2703        |
|    iterations           | 409         |
|    time_elapsed         | 1239        |
|    total_timesteps      | 3350528     |
| train/                  |             |
|    approx_kl            | 0.010065415 |
|    clip_fraction        | 0.134       |
|    clip_range           | 0.2         |
|    entropy_loss         | -4.48       |
|    explained_variance   | 0.513       |
|    learning_rate        | 0.000166    |
|    loss                 | -0.00572    |
|    n_updates            | 454         |
|    policy_gradient_loss | 0.00766     |
|    std                  | 0.424       |
|    value_loss           | 0.0485      |
-----------------------------------------
Early stopping at step 0 due to reaching max kl: 0.03
-----------------------------------------
| rollout/                |             |
|    ep_len_mean          | 799         |
|    ep_rew_mean          | 1.78e+03    |
| time/                   |             |
|    fps                  | 2703        |
|    iterations           | 410         |
|    time_elapsed         | 1242        |
|    total_timesteps      | 3358720     |
| train/                  |             |
|    approx_kl            | 0.013946308 |
|    clip_fraction        | 0.19        |
|    clip_range           | 0.2         |
|    entropy_loss         | -4.48       |
|    explained_variance   | 0.5         |
|    learning_rate        | 0.000166    |
|    loss                 | 0.0558      |
|    n_updates            | 455         |
|    policy_gradient_loss | 0.00555     |
|    std                  | 0.423       |
|    value_loss           | 0.0712      |
-----------------------------------------
Early stopping at step 0 due to reaching max kl: 0.03
-----------------------------------------
| rollout/                |             |
|    ep_len_mean          | 780         |
|    ep_rew_mean          | 1.73e+03    |
| time/                   |             |
|    fps                  | 2703        |
|    iterations           | 411         |
|    time_elapsed         | 1245        |
|    total_timesteps      | 3366912     |
| train/                  |             |
|    approx_kl            | 0.010123838 |
|    clip_fraction        | 0.127       |
|    clip_range           | 0.2         |
|    entropy_loss         | -4.47       |
|    explained_variance   | 0.482       |
|    learning_rate        | 0.000166    |
|    loss                 | 0.0912      |
|    n_updates            | 456         |
|    policy_gradient_loss | 0.00314     |
|    std                  | 0.423       |
|    value_loss           | 0.0553      |
-----------------------------------------
Early stopping at step 0 due to reaching max kl: 0.03
-----------------------------------------
| rollout/                |             |
|    ep_len_mean          | 784         |
|    ep_rew_mean          | 1.74e+03    |
| time/                   |             |
|    fps                  | 2703        |
|    iterations           | 412         |
|    time_elapsed         | 1248        |
|    total_timesteps      | 3375104     |
| train/                  |             |
|    approx_kl            | 0.013107882 |
|    clip_fraction        | 0.172       |
|    clip_range           | 0.2         |
|    entropy_loss         | -4.46       |
|    explained_variance   | 0.509       |
|    learning_rate        | 0.000165    |
|    loss                 | 0.031       |
|    n_updates            | 457         |
|    policy_gradient_loss | 0.00545     |
|    std                  | 0.423       |
|    value_loss           | 0.0723      |
-----------------------------------------
Early stopping at step 0 due to reaching max kl: 0.03
-----------------------------------------
| rollout/                |             |
|    ep_len_mean          | 750         |
|    ep_rew_mean          | 1.67e+03    |
| time/                   |             |
|    fps                  | 2703        |
|    iterations           | 413         |
|    time_elapsed         | 1251        |
|    total_timesteps      | 3383296     |
| train/                  |             |
|    approx_kl            | 0.013430029 |
|    clip_fraction        | 0.183       |
|    clip_range           | 0.2         |
|    entropy_loss         | -4.45       |
|    explained_variance   | 0.522       |
|    learning_rate        | 0.000165    |
|    loss                 | 0.0511      |
|    n_updates            | 458         |
|    policy_gradient_loss | 0.00594     |
|    std                  | 0.422       |
|    value_loss           | 0.0635      |
-----------------------------------------
Early stopping at step 0 due to reaching max kl: 0.03
-----------------------------------------
| rollout/                |             |
|    ep_len_mean          | 701         |
|    ep_rew_mean          | 1.55e+03    |
| time/                   |             |
|    fps                  | 2703        |
|    iterations           | 414         |
|    time_elapsed         | 1254        |
|    total_timesteps      | 3391488     |
| train/                  |             |
|    approx_kl            | 0.014163727 |
|    clip_fraction        | 0.185       |
|    clip_range           | 0.2         |
|    entropy_loss         | -4.44       |
|    explained_variance   | 0.531       |
|    learning_rate        | 0.000165    |
|    loss                 | 0.0318      |
|    n_updates            | 459         |
|    policy_gradient_loss | 0.00973     |
|    std                  | 0.422       |
|    value_loss           | 0.0768      |
-----------------------------------------
Early stopping at step 0 due to reaching max kl: 0.04
-----------------------------------------
| rollout/                |             |
|    ep_len_mean          | 691         |
|    ep_rew_mean          | 1.54e+03    |
| time/                   |             |
|    fps                  | 2703        |
|    iterations           | 415         |
|    time_elapsed         | 1257        |
|    total_timesteps      | 3399680     |
| train/                  |             |
|    approx_kl            | 0.016602166 |
|    clip_fraction        | 0.216       |
|    clip_range           | 0.2         |
|    entropy_loss         | -4.44       |
|    explained_variance   | 0.461       |
|    learning_rate        | 0.000164    |
|    loss                 | 0.0509      |
|    n_updates            | 460         |
|    policy_gradient_loss | 0.00814     |
|    std                  | 0.421       |
|    value_loss           | 0.0841      |
-----------------------------------------
Early stopping at step 0 due to reaching max kl: 0.03
-----------------------------------------
| rollout/                |             |
|    ep_len_mean          | 691         |
|    ep_rew_mean          | 1.53e+03    |
| time/                   |             |
|    fps                  | 2703        |
|    iterations           | 416         |
|    time_elapsed         | 1260        |
|    total_timesteps      | 3407872     |
| train/                  |             |
|    approx_kl            | 0.011768315 |
|    clip_fraction        | 0.165       |
|    clip_range           | 0.2         |
|    entropy_loss         | -4.43       |
|    explained_variance   | 0.5         |
|    learning_rate        | 0.000164    |
|    loss                 | 0.0348      |
|    n_updates            | 461         |
|    policy_gradient_loss | 0.00218     |
|    std                  | 0.421       |
|    value_loss           | 0.0716      |
-----------------------------------------
Early stopping at step 0 due to reaching max kl: 0.03
-----------------------------------------
| rollout/                |             |
|    ep_len_mean          | 686         |
|    ep_rew_mean          | 1.53e+03    |
| time/                   |             |
|    fps                  | 2703        |
|    iterations           | 417         |
|    time_elapsed         | 1263        |
|    total_timesteps      | 3416064     |
| train/                  |             |
|    approx_kl            | 0.013444095 |
|    clip_fraction        | 0.186       |
|    clip_range           | 0.2         |
|    entropy_loss         | -4.42       |
|    explained_variance   | 0.664       |
|    learning_rate        | 0.000164    |
|    loss                 | 0.0823      |
|    n_updates            | 462         |
|    policy_gradient_loss | 0.00761     |
|    std                  | 0.421       |
|    value_loss           | 0.0194      |
-----------------------------------------
Early stopping at step 0 due to reaching max kl: 0.03
-----------------------------------------
| rollout/                |             |
|    ep_len_mean          | 707         |
|    ep_rew_mean          | 1.57e+03    |
| time/                   |             |
|    fps                  | 2703        |
|    iterations           | 418         |
|    time_elapsed         | 1266        |
|    total_timesteps      | 3424256     |
| train/                  |             |
|    approx_kl            | 0.011540609 |
|    clip_fraction        | 0.157       |
|    clip_range           | 0.2         |
|    entropy_loss         | -4.42       |
|    explained_variance   | 0.556       |
|    learning_rate        | 0.000163    |
|    loss                 | 0.0811      |
|    n_updates            | 463         |
|    policy_gradient_loss | 0.00458     |
|    std                  | 0.42        |
|    value_loss           | 0.0549      |
-----------------------------------------
Early stopping at step 0 due to reaching max kl: 0.03
-----------------------------------------
| rollout/                |             |
|    ep_len_mean          | 703         |
|    ep_rew_mean          | 1.56e+03    |
| time/                   |             |
|    fps                  | 2703        |
|    iterations           | 419         |
|    time_elapsed         | 1269        |
|    total_timesteps      | 3432448     |
| train/                  |             |
|    approx_kl            | 0.012491588 |
|    clip_fraction        | 0.17        |
|    clip_range           | 0.2         |
|    entropy_loss         | -4.41       |
|    explained_variance   | 0.569       |
|    learning_rate        | 0.000163    |
|    loss                 | 0.0754      |
|    n_updates            | 464         |
|    policy_gradient_loss | 0.00909     |
|    std                  | 0.42        |
|    value_loss           | 0.0405      |
-----------------------------------------
Early stopping at step 0 due to reaching max kl: 0.03
-----------------------------------------
| rollout/                |             |
|    ep_len_mean          | 735         |
|    ep_rew_mean          | 1.63e+03    |
| time/                   |             |
|    fps                  | 2703        |
|    iterations           | 420         |
|    time_elapsed         | 1272        |
|    total_timesteps      | 3440640     |
| train/                  |             |
|    approx_kl            | 0.014193311 |
|    clip_fraction        | 0.197       |
|    clip_range           | 0.2         |
|    entropy_loss         | -4.4        |
|    explained_variance   | 0.586       |
|    learning_rate        | 0.000163    |
|    loss                 | 0.0733      |
|    n_updates            | 465         |
|    policy_gradient_loss | 0.00977     |
|    std                  | 0.419       |
|    value_loss           | 0.0441      |
-----------------------------------------
Early stopping at step 0 due to reaching max kl: 0.03
-----------------------------------------
| rollout/                |             |
|    ep_len_mean          | 744         |
|    ep_rew_mean          | 1.66e+03    |
| time/                   |             |
|    fps                  | 2703        |
|    iterations           | 421         |
|    time_elapsed         | 1275        |
|    total_timesteps      | 3448832     |
| train/                  |             |
|    approx_kl            | 0.014421419 |
|    clip_fraction        | 0.2         |
|    clip_range           | 0.2         |
|    entropy_loss         | -4.38       |
|    explained_variance   | 0.521       |
|    learning_rate        | 0.000162    |
|    loss                 | 0.0392      |
|    n_updates            | 466         |
|    policy_gradient_loss | 0.00836     |
|    std                  | 0.418       |
|    value_loss           | 0.0414      |
-----------------------------------------
Early stopping at step 0 due to reaching max kl: 0.03
-----------------------------------------
| rollout/                |             |
|    ep_len_mean          | 764         |
|    ep_rew_mean          | 1.7e+03     |
| time/                   |             |
|    fps                  | 2703        |
|    iterations           | 422         |
|    time_elapsed         | 1278        |
|    total_timesteps      | 3457024     |
| train/                  |             |
|    approx_kl            | 0.013681896 |
|    clip_fraction        | 0.18        |
|    clip_range           | 0.2         |
|    entropy_loss         | -4.37       |
|    explained_variance   | 0.582       |
|    learning_rate        | 0.000162    |
|    loss                 | 0.0447      |
|    n_updates            | 467         |
|    policy_gradient_loss | 0.00629     |
|    std                  | 0.418       |
|    value_loss           | 0.0201      |
-----------------------------------------
Early stopping at step 0 due to reaching max kl: 0.03
------------------------------------------
| rollout/                |              |
|    ep_len_mean          | 791          |
|    ep_rew_mean          | 1.77e+03     |
| time/                   |              |
|    fps                  | 2703         |
|    iterations           | 423          |
|    time_elapsed         | 1281         |
|    total_timesteps      | 3465216      |
| train/                  |              |
|    approx_kl            | 0.0124929445 |
|    clip_fraction        | 0.17         |
|    clip_range           | 0.2          |
|    entropy_loss         | -4.36        |
|    explained_variance   | 0.343        |
|    learning_rate        | 0.000162     |
|    loss                 | 0.0111       |
|    n_updates            | 468          |
|    policy_gradient_loss | 0.00828      |
|    std                  | 0.417        |
|    value_loss           | 0.0923       |
------------------------------------------
Early stopping at step 0 due to reaching max kl: 0.03
-----------------------------------------
| rollout/                |             |
|    ep_len_mean          | 807         |
|    ep_rew_mean          | 1.8e+03     |
| time/                   |             |
|    fps                  | 2703        |
|    iterations           | 424         |
|    time_elapsed         | 1284        |
|    total_timesteps      | 3473408     |
| train/                  |             |
|    approx_kl            | 0.014561357 |
|    clip_fraction        | 0.2         |
|    clip_range           | 0.2         |
|    entropy_loss         | -4.36       |
|    explained_variance   | 0.535       |
|    learning_rate        | 0.000161    |
|    loss                 | 0.0414      |
|    n_updates            | 469         |
|    policy_gradient_loss | 0.00973     |
|    std                  | 0.417       |
|    value_loss           | 0.0473      |
-----------------------------------------
Early stopping at step 0 due to reaching max kl: 0.04
-----------------------------------------
| rollout/                |             |
|    ep_len_mean          | 832         |
|    ep_rew_mean          | 1.86e+03    |
| time/                   |             |
|    fps                  | 2702        |
|    iterations           | 425         |
|    time_elapsed         | 1288        |
|    total_timesteps      | 3481600     |
| train/                  |             |
|    approx_kl            | 0.016272658 |
|    clip_fraction        | 0.214       |
|    clip_range           | 0.2         |
|    entropy_loss         | -4.35       |
|    explained_variance   | 0.433       |
|    learning_rate        | 0.000161    |
|    loss                 | -0.0238     |
|    n_updates            | 470         |
|    policy_gradient_loss | 0.00687     |
|    std                  | 0.417       |
|    value_loss           | 0.0533      |
-----------------------------------------
Early stopping at step 0 due to reaching max kl: 0.03
-----------------------------------------
| rollout/                |             |
|    ep_len_mean          | 822         |
|    ep_rew_mean          | 1.84e+03    |
| time/                   |             |
|    fps                  | 2702        |
|    iterations           | 426         |
|    time_elapsed         | 1291        |
|    total_timesteps      | 3489792     |
| train/                  |             |
|    approx_kl            | 0.013675974 |
|    clip_fraction        | 0.183       |
|    clip_range           | 0.2         |
|    entropy_loss         | -4.34       |
|    explained_variance   | 0.607       |
|    learning_rate        | 0.000161    |
|    loss                 | 0.06        |
|    n_updates            | 471         |
|    policy_gradient_loss | 0.0069      |
|    std                  | 0.416       |
|    value_loss           | 0.0425      |
-----------------------------------------
Early stopping at step 0 due to reaching max kl: 0.03
-----------------------------------------
| rollout/                |             |
|    ep_len_mean          | 827         |
|    ep_rew_mean          | 1.85e+03    |
| time/                   |             |
|    fps                  | 2702        |
|    iterations           | 427         |
|    time_elapsed         | 1294        |
|    total_timesteps      | 3497984     |
| train/                  |             |
|    approx_kl            | 0.015368609 |
|    clip_fraction        | 0.217       |
|    clip_range           | 0.2         |
|    entropy_loss         | -4.32       |
|    explained_variance   | 0.495       |
|    learning_rate        | 0.00016     |
|    loss                 | 0.0639      |
|    n_updates            | 472         |
|    policy_gradient_loss | 0.00972     |
|    std                  | 0.415       |
|    value_loss           | 0.0298      |
-----------------------------------------
Early stopping at step 0 due to reaching max kl: 0.03
-----------------------------------------
| rollout/                |             |
|    ep_len_mean          | 840         |
|    ep_rew_mean          | 1.89e+03    |
| time/                   |             |
|    fps                  | 2702        |
|    iterations           | 428         |
|    time_elapsed         | 1297        |
|    total_timesteps      | 3506176     |
| train/                  |             |
|    approx_kl            | 0.012799238 |
|    clip_fraction        | 0.171       |
|    clip_range           | 0.2         |
|    entropy_loss         | -4.3        |
|    explained_variance   | 0.473       |
|    learning_rate        | 0.00016     |
|    loss                 | 0.0452      |
|    n_updates            | 473         |
|    policy_gradient_loss | 0.00748     |
|    std                  | 0.414       |
|    value_loss           | 0.0468      |
-----------------------------------------
Early stopping at step 1 due to reaching max kl: 0.03
-----------------------------------------
| rollout/                |             |
|    ep_len_mean          | 848         |
|    ep_rew_mean          | 1.91e+03    |
| time/                   |             |
|    fps                  | 2702        |
|    iterations           | 429         |
|    time_elapsed         | 1300        |
|    total_timesteps      | 3514368     |
| train/                  |             |
|    approx_kl            | 0.024987096 |
|    clip_fraction        | 0.192       |
|    clip_range           | 0.2         |
|    entropy_loss         | -4.3        |
|    explained_variance   | 0.492       |
|    learning_rate        | 0.00016     |
|    loss                 | 8.13e-05    |
|    n_updates            | 475         |
|    policy_gradient_loss | 0.00793     |
|    std                  | 0.414       |
|    value_loss           | 0.0191      |
-----------------------------------------
Early stopping at step 1 due to reaching max kl: 0.04
-----------------------------------------
| rollout/                |             |
|    ep_len_mean          | 830         |
|    ep_rew_mean          | 1.87e+03    |
| time/                   |             |
|    fps                  | 2702        |
|    iterations           | 430         |
|    time_elapsed         | 1303        |
|    total_timesteps      | 3522560     |
| train/                  |             |
|    approx_kl            | 0.020533342 |
|    clip_fraction        | 0.202       |
|    clip_range           | 0.2         |
|    entropy_loss         | -4.27       |
|    explained_variance   | 0.703       |
|    learning_rate        | 0.000159    |
|    loss                 | 0.0404      |
|    n_updates            | 477         |
|    policy_gradient_loss | 0.00519     |
|    std                  | 0.412       |
|    value_loss           | 0.0171      |
-----------------------------------------
Early stopping at step 0 due to reaching max kl: 0.03
-----------------------------------------
| rollout/                |             |
|    ep_len_mean          | 782         |
|    ep_rew_mean          | 1.77e+03    |
| time/                   |             |
|    fps                  | 2702        |
|    iterations           | 431         |
|    time_elapsed         | 1306        |
|    total_timesteps      | 3530752     |
| train/                  |             |
|    approx_kl            | 0.012800122 |
|    clip_fraction        | 0.178       |
|    clip_range           | 0.2         |
|    entropy_loss         | -4.25       |
|    explained_variance   | 0.497       |
|    learning_rate        | 0.000159    |
|    loss                 | 0.115       |
|    n_updates            | 478         |
|    policy_gradient_loss | 0.00638     |
|    std                  | 0.412       |
|    value_loss           | 0.072       |
-----------------------------------------
Early stopping at step 0 due to reaching max kl: 0.04
-----------------------------------------
| rollout/                |             |
|    ep_len_mean          | 758         |
|    ep_rew_mean          | 1.72e+03    |
| time/                   |             |
|    fps                  | 2702        |
|    iterations           | 432         |
|    time_elapsed         | 1309        |
|    total_timesteps      | 3538944     |
| train/                  |             |
|    approx_kl            | 0.011376939 |
|    clip_fraction        | 0.14        |
|    clip_range           | 0.2         |
|    entropy_loss         | -4.24       |
|    explained_variance   | 0.341       |
|    learning_rate        | 0.000159    |
|    loss                 | 0.0355      |
|    n_updates            | 479         |
|    policy_gradient_loss | 0.00462     |
|    std                  | 0.411       |
|    value_loss           | 0.109       |
-----------------------------------------
Early stopping at step 0 due to reaching max kl: 0.03
----------------------------------------
| rollout/                |            |
|    ep_len_mean          | 758        |
|    ep_rew_mean          | 1.72e+03   |
| time/                   |            |
|    fps                  | 2702       |
|    iterations           | 433        |
|    time_elapsed         | 1312       |
|    total_timesteps      | 3547136    |
| train/                  |            |
|    approx_kl            | 0.01122645 |
|    clip_fraction        | 0.145      |
|    clip_range           | 0.2        |
|    entropy_loss         | -4.24      |
|    explained_variance   | 0.36       |
|    learning_rate        | 0.000158   |
|    loss                 | 0.0501     |
|    n_updates            | 480        |
|    policy_gradient_loss | -0.00154   |
|    std                  | 0.411      |
|    value_loss           | 0.108      |
----------------------------------------
Early stopping at step 0 due to reaching max kl: 0.03
-----------------------------------------
| rollout/                |             |
|    ep_len_mean          | 736         |
|    ep_rew_mean          | 1.67e+03    |
| time/                   |             |
|    fps                  | 2702        |
|    iterations           | 434         |
|    time_elapsed         | 1315        |
|    total_timesteps      | 3555328     |
| train/                  |             |
|    approx_kl            | 0.010596262 |
|    clip_fraction        | 0.138       |
|    clip_range           | 0.2         |
|    entropy_loss         | -4.24       |
|    explained_variance   | 0.471       |
|    learning_rate        | 0.000158    |
|    loss                 | 0.0313      |
|    n_updates            | 481         |
|    policy_gradient_loss | 0.00962     |
|    std                  | 0.411       |
|    value_loss           | 0.0614      |
-----------------------------------------
Early stopping at step 0 due to reaching max kl: 0.03
-----------------------------------------
| rollout/                |             |
|    ep_len_mean          | 728         |
|    ep_rew_mean          | 1.66e+03    |
| time/                   |             |
|    fps                  | 2702        |
|    iterations           | 435         |
|    time_elapsed         | 1318        |
|    total_timesteps      | 3563520     |
| train/                  |             |
|    approx_kl            | 0.013928338 |
|    clip_fraction        | 0.185       |
|    clip_range           | 0.2         |
|    entropy_loss         | -4.23       |
|    explained_variance   | 0.406       |
|    learning_rate        | 0.000158    |
|    loss                 | -0.0118     |
|    n_updates            | 482         |
|    policy_gradient_loss | 0.0102      |
|    std                  | 0.41        |
|    value_loss           | 0.0552      |
-----------------------------------------
Early stopping at step 0 due to reaching max kl: 0.04
-----------------------------------------
| rollout/                |             |
|    ep_len_mean          | 715         |
|    ep_rew_mean          | 1.63e+03    |
| time/                   |             |
|    fps                  | 2702        |
|    iterations           | 436         |
|    time_elapsed         | 1321        |
|    total_timesteps      | 3571712     |
| train/                  |             |
|    approx_kl            | 0.014184524 |
|    clip_fraction        | 0.19        |
|    clip_range           | 0.2         |
|    entropy_loss         | -4.22       |
|    explained_variance   | 0.431       |
|    learning_rate        | 0.000157    |
|    loss                 | 0.0552      |
|    n_updates            | 483         |
|    policy_gradient_loss | 0.00831     |
|    std                  | 0.41        |
|    value_loss           | 0.0465      |
-----------------------------------------
Early stopping at step 0 due to reaching max kl: 0.03
-----------------------------------------
| rollout/                |             |
|    ep_len_mean          | 692         |
|    ep_rew_mean          | 1.58e+03    |
| time/                   |             |
|    fps                  | 2702        |
|    iterations           | 437         |
|    time_elapsed         | 1324        |
|    total_timesteps      | 3579904     |
| train/                  |             |
|    approx_kl            | 0.012352958 |
|    clip_fraction        | 0.16        |
|    clip_range           | 0.2         |
|    entropy_loss         | -4.22       |
|    explained_variance   | 0.424       |
|    learning_rate        | 0.000157    |
|    loss                 | 0.00699     |
|    n_updates            | 484         |
|    policy_gradient_loss | 0.00389     |
|    std                  | 0.41        |
|    value_loss           | 0.0807      |
-----------------------------------------
Early stopping at step 0 due to reaching max kl: 0.03
----------------------------------------
| rollout/                |            |
|    ep_len_mean          | 692        |
|    ep_rew_mean          | 1.59e+03   |
| time/                   |            |
|    fps                  | 2702       |
|    iterations           | 438        |
|    time_elapsed         | 1327       |
|    total_timesteps      | 3588096    |
| train/                  |            |
|    approx_kl            | 0.00813814 |
|    clip_fraction        | 0.0995     |
|    clip_range           | 0.2        |
|    entropy_loss         | -4.21      |
|    explained_variance   | 0.412      |
|    learning_rate        | 0.000157   |
|    loss                 | 0.0174     |
|    n_updates            | 485        |
|    policy_gradient_loss | 0.0034     |
|    std                  | 0.41       |
|    value_loss           | 0.0641     |
----------------------------------------
Early stopping at step 0 due to reaching max kl: 0.03
-----------------------------------------
| rollout/                |             |
|    ep_len_mean          | 707         |
|    ep_rew_mean          | 1.62e+03    |
| time/                   |             |
|    fps                  | 2702        |
|    iterations           | 439         |
|    time_elapsed         | 1330        |
|    total_timesteps      | 3596288     |
| train/                  |             |
|    approx_kl            | 0.012153164 |
|    clip_fraction        | 0.156       |
|    clip_range           | 0.2         |
|    entropy_loss         | -4.21       |
|    explained_variance   | 0.41        |
|    learning_rate        | 0.000156    |
|    loss                 | 0.0154      |
|    n_updates            | 486         |
|    policy_gradient_loss | 0.00545     |
|    std                  | 0.409       |
|    value_loss           | 0.0599      |
-----------------------------------------
Early stopping at step 0 due to reaching max kl: 0.04
-----------------------------------------
| rollout/                |             |
|    ep_len_mean          | 739         |
|    ep_rew_mean          | 1.69e+03    |
| time/                   |             |
|    fps                  | 2702        |
|    iterations           | 440         |
|    time_elapsed         | 1333        |
|    total_timesteps      | 3604480     |
| train/                  |             |
|    approx_kl            | 0.011836124 |
|    clip_fraction        | 0.168       |
|    clip_range           | 0.2         |
|    entropy_loss         | -4.19       |
|    explained_variance   | 0.6         |
|    learning_rate        | 0.000156    |
|    loss                 | 0.0281      |
|    n_updates            | 487         |
|    policy_gradient_loss | 0.00832     |
|    std                  | 0.408       |
|    value_loss           | 0.0195      |
-----------------------------------------
Early stopping at step 0 due to reaching max kl: 0.03
-----------------------------------------
| rollout/                |             |
|    ep_len_mean          | 770         |
|    ep_rew_mean          | 1.76e+03    |
| time/                   |             |
|    fps                  | 2702        |
|    iterations           | 441         |
|    time_elapsed         | 1336        |
|    total_timesteps      | 3612672     |
| train/                  |             |
|    approx_kl            | 0.015568163 |
|    clip_fraction        | 0.212       |
|    clip_range           | 0.2         |
|    entropy_loss         | -4.17       |
|    explained_variance   | 0.522       |
|    learning_rate        | 0.000156    |
|    loss                 | 0.0602      |
|    n_updates            | 488         |
|    policy_gradient_loss | 0.00711     |
|    std                  | 0.407       |
|    value_loss           | 0.0334      |
-----------------------------------------
Early stopping at step 1 due to reaching max kl: 0.03
-----------------------------------------
| rollout/                |             |
|    ep_len_mean          | 790         |
|    ep_rew_mean          | 1.81e+03    |
| time/                   |             |
|    fps                  | 2701        |
|    iterations           | 442         |
|    time_elapsed         | 1340        |
|    total_timesteps      | 3620864     |
| train/                  |             |
|    approx_kl            | 0.022348886 |
|    clip_fraction        | 0.224       |
|    clip_range           | 0.2         |
|    entropy_loss         | -4.15       |
|    explained_variance   | 0.462       |
|    learning_rate        | 0.000155    |
|    loss                 | -0.00555    |
|    n_updates            | 490         |
|    policy_gradient_loss | 0.00381     |
|    std                  | 0.406       |
|    value_loss           | 0.0221      |
-----------------------------------------
Early stopping at step 0 due to reaching max kl: 0.03
----------------------------------------
| rollout/                |            |
|    ep_len_mean          | 795        |
|    ep_rew_mean          | 1.83e+03   |
| time/                   |            |
|    fps                  | 2701       |
|    iterations           | 443        |
|    time_elapsed         | 1343       |
|    total_timesteps      | 3629056    |
| train/                  |            |
|    approx_kl            | 0.01565212 |
|    clip_fraction        | 0.212      |
|    clip_range           | 0.2        |
|    entropy_loss         | -4.13      |
|    explained_variance   | 0.471      |
|    learning_rate        | 0.000155   |
|    loss                 | 0.0171     |
|    n_updates            | 491        |
|    policy_gradient_loss | 0.00892    |
|    std                  | 0.405      |
|    value_loss           | 0.0422     |
----------------------------------------
Early stopping at step 0 due to reaching max kl: 0.03
-----------------------------------------
| rollout/                |             |
|    ep_len_mean          | 817         |
|    ep_rew_mean          | 1.88e+03    |
| time/                   |             |
|    fps                  | 2701        |
|    iterations           | 444         |
|    time_elapsed         | 1346        |
|    total_timesteps      | 3637248     |
| train/                  |             |
|    approx_kl            | 0.012434566 |
|    clip_fraction        | 0.171       |
|    clip_range           | 0.2         |
|    entropy_loss         | -4.12       |
|    explained_variance   | 0.559       |
|    learning_rate        | 0.000155    |
|    loss                 | -0.00452    |
|    n_updates            | 492         |
|    policy_gradient_loss | 0.00733     |
|    std                  | 0.404       |
|    value_loss           | 0.0208      |
-----------------------------------------
Early stopping at step 0 due to reaching max kl: 0.03
-----------------------------------------
| rollout/                |             |
|    ep_len_mean          | 828         |
|    ep_rew_mean          | 1.91e+03    |
| time/                   |             |
|    fps                  | 2701        |
|    iterations           | 445         |
|    time_elapsed         | 1349        |
|    total_timesteps      | 3645440     |
| train/                  |             |
|    approx_kl            | 0.013517956 |
|    clip_fraction        | 0.19        |
|    clip_range           | 0.2         |
|    entropy_loss         | -4.09       |
|    explained_variance   | 0.364       |
|    learning_rate        | 0.000155    |
|    loss                 | 0.0237      |
|    n_updates            | 493         |
|    policy_gradient_loss | 0.0061      |
|    std                  | 0.403       |
|    value_loss           | 0.0172      |
-----------------------------------------
Early stopping at step 0 due to reaching max kl: 0.03
-----------------------------------------
| rollout/                |             |
|    ep_len_mean          | 834         |
|    ep_rew_mean          | 1.92e+03    |
| time/                   |             |
|    fps                  | 2701        |
|    iterations           | 446         |
|    time_elapsed         | 1352        |
|    total_timesteps      | 3653632     |
| train/                  |             |
|    approx_kl            | 0.012086147 |
|    clip_fraction        | 0.169       |
|    clip_range           | 0.2         |
|    entropy_loss         | -4.08       |
|    explained_variance   | 0.424       |
|    learning_rate        | 0.000154    |
|    loss                 | 0.171       |
|    n_updates            | 494         |
|    policy_gradient_loss | 0.00727     |
|    std                  | 0.403       |
|    value_loss           | 0.0376      |
-----------------------------------------
Early stopping at step 0 due to reaching max kl: 0.03
-----------------------------------------
| rollout/                |             |
|    ep_len_mean          | 846         |
|    ep_rew_mean          | 1.95e+03    |
| time/                   |             |
|    fps                  | 2701        |
|    iterations           | 447         |
|    time_elapsed         | 1355        |
|    total_timesteps      | 3661824     |
| train/                  |             |
|    approx_kl            | 0.010525911 |
|    clip_fraction        | 0.143       |
|    clip_range           | 0.2         |
|    entropy_loss         | -4.07       |
|    explained_variance   | 0.477       |
|    learning_rate        | 0.000154    |
|    loss                 | -0.0127     |
|    n_updates            | 495         |
|    policy_gradient_loss | 0.00255     |
|    std                  | 0.402       |
|    value_loss           | 0.0437      |
-----------------------------------------
Early stopping at step 0 due to reaching max kl: 0.04
-----------------------------------------
| rollout/                |             |
|    ep_len_mean          | 864         |
|    ep_rew_mean          | 1.99e+03    |
| time/                   |             |
|    fps                  | 2701        |
|    iterations           | 448         |
|    time_elapsed         | 1358        |
|    total_timesteps      | 3670016     |
| train/                  |             |
|    approx_kl            | 0.012912513 |
|    clip_fraction        | 0.17        |
|    clip_range           | 0.2         |
|    entropy_loss         | -4.05       |
|    explained_variance   | 0.393       |
|    learning_rate        | 0.000154    |
|    loss                 | 0.03        |
|    n_updates            | 496         |
|    policy_gradient_loss | 0.00826     |
|    std                  | 0.401       |
|    value_loss           | 0.0473      |
-----------------------------------------
Early stopping at step 0 due to reaching max kl: 0.03
----------------------------------------
| rollout/                |            |
|    ep_len_mean          | 860        |
|    ep_rew_mean          | 1.99e+03   |
| time/                   |            |
|    fps                  | 2701       |
|    iterations           | 449        |
|    time_elapsed         | 1361       |
|    total_timesteps      | 3678208    |
| train/                  |            |
|    approx_kl            | 0.01315387 |
|    clip_fraction        | 0.179      |
|    clip_range           | 0.2        |
|    entropy_loss         | -4.04      |
|    explained_variance   | 0.51       |
|    learning_rate        | 0.000153   |
|    loss                 | 0.0334     |
|    n_updates            | 497        |
|    policy_gradient_loss | 0.00951    |
|    std                  | 0.401      |
|    value_loss           | 0.0232     |
----------------------------------------
Early stopping at step 0 due to reaching max kl: 0.04
-----------------------------------------
| rollout/                |             |
|    ep_len_mean          | 822         |
|    ep_rew_mean          | 1.9e+03     |
| time/                   |             |
|    fps                  | 2701        |
|    iterations           | 450         |
|    time_elapsed         | 1364        |
|    total_timesteps      | 3686400     |
| train/                  |             |
|    approx_kl            | 0.010245208 |
|    clip_fraction        | 0.126       |
|    clip_range           | 0.2         |
|    entropy_loss         | -4.03       |
|    explained_variance   | 0.347       |
|    learning_rate        | 0.000153    |
|    loss                 | 0.0243      |
|    n_updates            | 498         |
|    policy_gradient_loss | 0.00328     |
|    std                  | 0.401       |
|    value_loss           | 0.0556      |
-----------------------------------------
Early stopping at step 0 due to reaching max kl: 0.04
----------------------------------------
| rollout/                |            |
|    ep_len_mean          | 800        |
|    ep_rew_mean          | 1.85e+03   |
| time/                   |            |
|    fps                  | 2701       |
|    iterations           | 451        |
|    time_elapsed         | 1367       |
|    total_timesteps      | 3694592    |
| train/                  |            |
|    approx_kl            | 0.01197882 |
|    clip_fraction        | 0.155      |
|    clip_range           | 0.2        |
|    entropy_loss         | -4.03      |
|    explained_variance   | 0.389      |
|    learning_rate        | 0.000153   |
|    loss                 | 0.0647     |
|    n_updates            | 499        |
|    policy_gradient_loss | 0.0107     |
|    std                  | 0.4        |
|    value_loss           | 0.0777     |
----------------------------------------
Early stopping at step 0 due to reaching max kl: 0.03
-----------------------------------------
| rollout/                |             |
|    ep_len_mean          | 786         |
|    ep_rew_mean          | 1.82e+03    |
| time/                   |             |
|    fps                  | 2701        |
|    iterations           | 452         |
|    time_elapsed         | 1370        |
|    total_timesteps      | 3702784     |
| train/                  |             |
|    approx_kl            | 0.008332553 |
|    clip_fraction        | 0.104       |
|    clip_range           | 0.2         |
|    entropy_loss         | -4.02       |
|    explained_variance   | 0.46        |
|    learning_rate        | 0.000152    |
|    loss                 | 0.00391     |
|    n_updates            | 500         |
|    policy_gradient_loss | 0.00104     |
|    std                  | 0.4         |
|    value_loss           | 0.0584      |
-----------------------------------------
Early stopping at step 0 due to reaching max kl: 0.03
-----------------------------------------
| rollout/                |             |
|    ep_len_mean          | 748         |
|    ep_rew_mean          | 1.74e+03    |
| time/                   |             |
|    fps                  | 2701        |
|    iterations           | 453         |
|    time_elapsed         | 1373        |
|    total_timesteps      | 3710976     |
| train/                  |             |
|    approx_kl            | 0.008726171 |
|    clip_fraction        | 0.115       |
|    clip_range           | 0.2         |
|    entropy_loss         | -4.02       |
|    explained_variance   | 0.475       |
|    learning_rate        | 0.000152    |
|    loss                 | 0.0369      |
|    n_updates            | 501         |
|    policy_gradient_loss | 0.00204     |
|    std                  | 0.4         |
|    value_loss           | 0.0478      |
-----------------------------------------
Early stopping at step 0 due to reaching max kl: 0.03
-----------------------------------------
| rollout/                |             |
|    ep_len_mean          | 727         |
|    ep_rew_mean          | 1.7e+03     |
| time/                   |             |
|    fps                  | 2701        |
|    iterations           | 454         |
|    time_elapsed         | 1376        |
|    total_timesteps      | 3719168     |
| train/                  |             |
|    approx_kl            | 0.014422686 |
|    clip_fraction        | 0.188       |
|    clip_range           | 0.2         |
|    entropy_loss         | -4.01       |
|    explained_variance   | 0.397       |
|    learning_rate        | 0.000152    |
|    loss                 | 0.0283      |
|    n_updates            | 502         |
|    policy_gradient_loss | 0.008       |
|    std                  | 0.399       |
|    value_loss           | 0.0949      |
-----------------------------------------
Early stopping at step 0 due to reaching max kl: 0.03
-----------------------------------------
| rollout/                |             |
|    ep_len_mean          | 726         |
|    ep_rew_mean          | 1.7e+03     |
| time/                   |             |
|    fps                  | 2701        |
|    iterations           | 455         |
|    time_elapsed         | 1379        |
|    total_timesteps      | 3727360     |
| train/                  |             |
|    approx_kl            | 0.011597306 |
|    clip_fraction        | 0.154       |
|    clip_range           | 0.2         |
|    entropy_loss         | -4          |
|    explained_variance   | 0.373       |
|    learning_rate        | 0.000151    |
|    loss                 | 0.0927      |
|    n_updates            | 503         |
|    policy_gradient_loss | 0.00248     |
|    std                  | 0.399       |
|    value_loss           | 0.101       |
-----------------------------------------
Early stopping at step 1 due to reaching max kl: 0.03
-----------------------------------------
| rollout/                |             |
|    ep_len_mean          | 689         |
|    ep_rew_mean          | 1.62e+03    |
| time/                   |             |
|    fps                  | 2701        |
|    iterations           | 456         |
|    time_elapsed         | 1382        |
|    total_timesteps      | 3735552     |
| train/                  |             |
|    approx_kl            | 0.030245531 |
|    clip_fraction        | 0.209       |
|    clip_range           | 0.2         |
|    entropy_loss         | -3.99       |
|    explained_variance   | 0.521       |
|    learning_rate        | 0.000151    |
|    loss                 | -0.00352    |
|    n_updates            | 505         |
|    policy_gradient_loss | 0.00389     |
|    std                  | 0.398       |
|    value_loss           | 0.0298      |
-----------------------------------------
Early stopping at step 0 due to reaching max kl: 0.03
-----------------------------------------
| rollout/                |             |
|    ep_len_mean          | 691         |
|    ep_rew_mean          | 1.63e+03    |
| time/                   |             |
|    fps                  | 2701        |
|    iterations           | 457         |
|    time_elapsed         | 1385        |
|    total_timesteps      | 3743744     |
| train/                  |             |
|    approx_kl            | 0.010244135 |
|    clip_fraction        | 0.125       |
|    clip_range           | 0.2         |
|    entropy_loss         | -3.98       |
|    explained_variance   | 0.444       |
|    learning_rate        | 0.000151    |
|    loss                 | 0.0777      |
|    n_updates            | 506         |
|    policy_gradient_loss | 0.00633     |
|    std                  | 0.398       |
|    value_loss           | 0.099       |
-----------------------------------------
Early stopping at step 1 due to reaching max kl: 0.03
-----------------------------------------
| rollout/                |             |
|    ep_len_mean          | 720         |
|    ep_rew_mean          | 1.7e+03     |
| time/                   |             |
|    fps                  | 2701        |
|    iterations           | 458         |
|    time_elapsed         | 1388        |
|    total_timesteps      | 3751936     |
| train/                  |             |
|    approx_kl            | 0.023523832 |
|    clip_fraction        | 0.204       |
|    clip_range           | 0.2         |
|    entropy_loss         | -3.97       |
|    explained_variance   | 0.511       |
|    learning_rate        | 0.00015     |
|    loss                 | -0.014      |
|    n_updates            | 508         |
|    policy_gradient_loss | 0.00292     |
|    std                  | 0.397       |
|    value_loss           | 0.0333      |
-----------------------------------------
Early stopping at step 1 due to reaching max kl: 0.03
-----------------------------------------
| rollout/                |             |
|    ep_len_mean          | 729         |
|    ep_rew_mean          | 1.72e+03    |
| time/                   |             |
|    fps                  | 2701        |
|    iterations           | 459         |
|    time_elapsed         | 1391        |
|    total_timesteps      | 3760128     |
| train/                  |             |
|    approx_kl            | 0.022794643 |
|    clip_fraction        | 0.205       |
|    clip_range           | 0.2         |
|    entropy_loss         | -3.95       |
|    explained_variance   | 0.486       |
|    learning_rate        | 0.00015     |
|    loss                 | 0.0245      |
|    n_updates            | 510         |
|    policy_gradient_loss | 0.00234     |
|    std                  | 0.396       |
|    value_loss           | 0.0259      |
-----------------------------------------
Early stopping at step 0 due to reaching max kl: 0.04
-----------------------------------------
| rollout/                |             |
|    ep_len_mean          | 747         |
|    ep_rew_mean          | 1.76e+03    |
| time/                   |             |
|    fps                  | 2701        |
|    iterations           | 460         |
|    time_elapsed         | 1394        |
|    total_timesteps      | 3768320     |
| train/                  |             |
|    approx_kl            | 0.011898997 |
|    clip_fraction        | 0.163       |
|    clip_range           | 0.2         |
|    entropy_loss         | -3.94       |
|    explained_variance   | 0.395       |
|    learning_rate        | 0.00015     |
|    loss                 | 0.0234      |
|    n_updates            | 511         |
|    policy_gradient_loss | 0.00508     |
|    std                  | 0.396       |
|    value_loss           | 0.0492      |
-----------------------------------------
Early stopping at step 0 due to reaching max kl: 0.04
-----------------------------------------
| rollout/                |             |
|    ep_len_mean          | 763         |
|    ep_rew_mean          | 1.8e+03     |
| time/                   |             |
|    fps                  | 2701        |
|    iterations           | 461         |
|    time_elapsed         | 1397        |
|    total_timesteps      | 3776512     |
| train/                  |             |
|    approx_kl            | 0.014249157 |
|    clip_fraction        | 0.196       |
|    clip_range           | 0.2         |
|    entropy_loss         | -3.93       |
|    explained_variance   | 0.493       |
|    learning_rate        | 0.000149    |
|    loss                 | 0.0745      |
|    n_updates            | 512         |
|    policy_gradient_loss | 0.00409     |
|    std                  | 0.395       |
|    value_loss           | 0.0636      |
-----------------------------------------
Early stopping at step 1 due to reaching max kl: 0.03
-----------------------------------------
| rollout/                |             |
|    ep_len_mean          | 763         |
|    ep_rew_mean          | 1.8e+03     |
| time/                   |             |
|    fps                  | 2701        |
|    iterations           | 462         |
|    time_elapsed         | 1401        |
|    total_timesteps      | 3784704     |
| train/                  |             |
|    approx_kl            | 0.020107511 |
|    clip_fraction        | 0.22        |
|    clip_range           | 0.2         |
|    entropy_loss         | -3.92       |
|    explained_variance   | 0.59        |
|    learning_rate        | 0.000149    |
|    loss                 | 0.0183      |
|    n_updates            | 514         |
|    policy_gradient_loss | 0.00305     |
|    std                  | 0.395       |
|    value_loss           | 0.0223      |
-----------------------------------------
Early stopping at step 0 due to reaching max kl: 0.04
-----------------------------------------
| rollout/                |             |
|    ep_len_mean          | 775         |
|    ep_rew_mean          | 1.83e+03    |
| time/                   |             |
|    fps                  | 2701        |
|    iterations           | 463         |
|    time_elapsed         | 1404        |
|    total_timesteps      | 3792896     |
| train/                  |             |
|    approx_kl            | 0.010512117 |
|    clip_fraction        | 0.141       |
|    clip_range           | 0.2         |
|    entropy_loss         | -3.9        |
|    explained_variance   | 0.323       |
|    learning_rate        | 0.000149    |
|    loss                 | 0.0285      |
|    n_updates            | 515         |
|    policy_gradient_loss | 0.00784     |
|    std                  | 0.394       |
|    value_loss           | 0.0893      |
-----------------------------------------
Early stopping at step 0 due to reaching max kl: 0.03
-----------------------------------------
| rollout/                |             |
|    ep_len_mean          | 789         |
|    ep_rew_mean          | 1.86e+03    |
| time/                   |             |
|    fps                  | 2701        |
|    iterations           | 464         |
|    time_elapsed         | 1407        |
|    total_timesteps      | 3801088     |
| train/                  |             |
|    approx_kl            | 0.011187211 |
|    clip_fraction        | 0.16        |
|    clip_range           | 0.2         |
|    entropy_loss         | -3.9        |
|    explained_variance   | 0.438       |
|    learning_rate        | 0.000148    |
|    loss                 | 0.048       |
|    n_updates            | 516         |
|    policy_gradient_loss | 0.0059      |
|    std                  | 0.394       |
|    value_loss           | 0.0404      |
-----------------------------------------
Early stopping at step 0 due to reaching max kl: 0.03
------------------------------------------
| rollout/                |              |
|    ep_len_mean          | 789          |
|    ep_rew_mean          | 1.86e+03     |
| time/                   |              |
|    fps                  | 2701         |
|    iterations           | 465          |
|    time_elapsed         | 1410         |
|    total_timesteps      | 3809280      |
| train/                  |              |
|    approx_kl            | 0.0141337635 |
|    clip_fraction        | 0.196        |
|    clip_range           | 0.2          |
|    entropy_loss         | -3.88        |
|    explained_variance   | 0.502        |
|    learning_rate        | 0.000148     |
|    loss                 | 0.0172       |
|    n_updates            | 517          |
|    policy_gradient_loss | 0.00752      |
|    std                  | 0.393        |
|    value_loss           | 0.0465       |
------------------------------------------
Early stopping at step 0 due to reaching max kl: 0.03
-----------------------------------------
| rollout/                |             |
|    ep_len_mean          | 795         |
|    ep_rew_mean          | 1.88e+03    |
| time/                   |             |
|    fps                  | 2701        |
|    iterations           | 466         |
|    time_elapsed         | 1413        |
|    total_timesteps      | 3817472     |
| train/                  |             |
|    approx_kl            | 0.012967065 |
|    clip_fraction        | 0.171       |
|    clip_range           | 0.2         |
|    entropy_loss         | -3.87       |
|    explained_variance   | 0.401       |
|    learning_rate        | 0.000148    |
|    loss                 | 0.141       |
|    n_updates            | 518         |
|    policy_gradient_loss | 0.00324     |
|    std                  | 0.392       |
|    value_loss           | 0.0533      |
-----------------------------------------
Early stopping at step 0 due to reaching max kl: 0.03
-----------------------------------------
| rollout/                |             |
|    ep_len_mean          | 796         |
|    ep_rew_mean          | 1.88e+03    |
| time/                   |             |
|    fps                  | 2701        |
|    iterations           | 467         |
|    time_elapsed         | 1416        |
|    total_timesteps      | 3825664     |
| train/                  |             |
|    approx_kl            | 0.014602265 |
|    clip_fraction        | 0.2         |
|    clip_range           | 0.2         |
|    entropy_loss         | -3.86       |
|    explained_variance   | 0.321       |
|    learning_rate        | 0.000147    |
|    loss                 | 0.00398     |
|    n_updates            | 519         |
|    policy_gradient_loss | 0.00625     |
|    std                  | 0.392       |
|    value_loss           | 0.1         |
-----------------------------------------
Early stopping at step 1 due to reaching max kl: 0.03
----------------------------------------
| rollout/                |            |
|    ep_len_mean          | 770        |
|    ep_rew_mean          | 1.82e+03   |
| time/                   |            |
|    fps                  | 2700       |
|    iterations           | 468        |
|    time_elapsed         | 1419       |
|    total_timesteps      | 3833856    |
| train/                  |            |
|    approx_kl            | 0.02097919 |
|    clip_fraction        | 0.199      |
|    clip_range           | 0.2        |
|    entropy_loss         | -3.85      |
|    explained_variance   | 0.465      |
|    learning_rate        | 0.000147   |
|    loss                 | 0.000806   |
|    n_updates            | 521        |
|    policy_gradient_loss | 0.00686    |
|    std                  | 0.391      |
|    value_loss           | 0.0207     |
----------------------------------------
Early stopping at step 0 due to reaching max kl: 0.03
-----------------------------------------
| rollout/                |             |
|    ep_len_mean          | 768         |
|    ep_rew_mean          | 1.81e+03    |
| time/                   |             |
|    fps                  | 2700        |
|    iterations           | 469         |
|    time_elapsed         | 1422        |
|    total_timesteps      | 3842048     |
| train/                  |             |
|    approx_kl            | 0.007990875 |
|    clip_fraction        | 0.103       |
|    clip_range           | 0.2         |
|    entropy_loss         | -3.83       |
|    explained_variance   | 0.384       |
|    learning_rate        | 0.000147    |
|    loss                 | 0.042       |
|    n_updates            | 522         |
|    policy_gradient_loss | 0.00203     |
|    std                  | 0.391       |
|    value_loss           | 0.0414      |
-----------------------------------------
Early stopping at step 0 due to reaching max kl: 0.03
-----------------------------------------
| rollout/                |             |
|    ep_len_mean          | 766         |
|    ep_rew_mean          | 1.81e+03    |
| time/                   |             |
|    fps                  | 2701        |
|    iterations           | 470         |
|    time_elapsed         | 1425        |
|    total_timesteps      | 3850240     |
| train/                  |             |
|    approx_kl            | 0.008213514 |
|    clip_fraction        | 0.109       |
|    clip_range           | 0.2         |
|    entropy_loss         | -3.82       |
|    explained_variance   | 0.347       |
|    learning_rate        | 0.000146    |
|    loss                 | 0.102       |
|    n_updates            | 523         |
|    policy_gradient_loss | 0.00451     |
|    std                  | 0.39        |
|    value_loss           | 0.0642      |
-----------------------------------------
Early stopping at step 0 due to reaching max kl: 0.03
-----------------------------------------
| rollout/                |             |
|    ep_len_mean          | 776         |
|    ep_rew_mean          | 1.84e+03    |
| time/                   |             |
|    fps                  | 2701        |
|    iterations           | 471         |
|    time_elapsed         | 1428        |
|    total_timesteps      | 3858432     |
| train/                  |             |
|    approx_kl            | 0.011598181 |
|    clip_fraction        | 0.167       |
|    clip_range           | 0.2         |
|    entropy_loss         | -3.8        |
|    explained_variance   | 0.421       |
|    learning_rate        | 0.000146    |
|    loss                 | 0.0452      |
|    n_updates            | 524         |
|    policy_gradient_loss | 0.00681     |
|    std                  | 0.389       |
|    value_loss           | 0.0172      |
-----------------------------------------
Early stopping at step 0 due to reaching max kl: 0.03
-----------------------------------------
| rollout/                |             |
|    ep_len_mean          | 802         |
|    ep_rew_mean          | 1.9e+03     |
| time/                   |             |
|    fps                  | 2700        |
|    iterations           | 472         |
|    time_elapsed         | 1431        |
|    total_timesteps      | 3866624     |
| train/                  |             |
|    approx_kl            | 0.012570794 |
|    clip_fraction        | 0.179       |
|    clip_range           | 0.2         |
|    entropy_loss         | -3.79       |
|    explained_variance   | 0.456       |
|    learning_rate        | 0.000146    |
|    loss                 | 0.0931      |
|    n_updates            | 525         |
|    policy_gradient_loss | 0.00627     |
|    std                  | 0.388       |
|    value_loss           | 0.0356      |
-----------------------------------------
Early stopping at step 1 due to reaching max kl: 0.04
-----------------------------------------
| rollout/                |             |
|    ep_len_mean          | 796         |
|    ep_rew_mean          | 1.89e+03    |
| time/                   |             |
|    fps                  | 2700        |
|    iterations           | 473         |
|    time_elapsed         | 1434        |
|    total_timesteps      | 3874816     |
| train/                  |             |
|    approx_kl            | 0.035827417 |
|    clip_fraction        | 0.186       |
|    clip_range           | 0.2         |
|    entropy_loss         | -3.77       |
|    explained_variance   | 0.385       |
|    learning_rate        | 0.000145    |
|    loss                 | -0.0237     |
|    n_updates            | 527         |
|    policy_gradient_loss | 0.00686     |
|    std                  | 0.388       |
|    value_loss           | 0.0468      |
-----------------------------------------
Early stopping at step 0 due to reaching max kl: 0.03
-----------------------------------------
| rollout/                |             |
|    ep_len_mean          | 788         |
|    ep_rew_mean          | 1.87e+03    |
| time/                   |             |
|    fps                  | 2700        |
|    iterations           | 474         |
|    time_elapsed         | 1437        |
|    total_timesteps      | 3883008     |
| train/                  |             |
|    approx_kl            | 0.010726538 |
|    clip_fraction        | 0.14        |
|    clip_range           | 0.2         |
|    entropy_loss         | -3.77       |
|    explained_variance   | 0.361       |
|    learning_rate        | 0.000145    |
|    loss                 | 0.065       |
|    n_updates            | 528         |
|    policy_gradient_loss | 0.00712     |
|    std                  | 0.387       |
|    value_loss           | 0.0363      |
-----------------------------------------
Early stopping at step 0 due to reaching max kl: 0.03
-----------------------------------------
| rollout/                |             |
|    ep_len_mean          | 796         |
|    ep_rew_mean          | 1.9e+03     |
| time/                   |             |
|    fps                  | 2700        |
|    iterations           | 475         |
|    time_elapsed         | 1440        |
|    total_timesteps      | 3891200     |
| train/                  |             |
|    approx_kl            | 0.011856005 |
|    clip_fraction        | 0.154       |
|    clip_range           | 0.2         |
|    entropy_loss         | -3.76       |
|    explained_variance   | 0.332       |
|    learning_rate        | 0.000145    |
|    loss                 | 0.0952      |
|    n_updates            | 529         |
|    policy_gradient_loss | 0.00851     |
|    std                  | 0.387       |
|    value_loss           | 0.0862      |
-----------------------------------------
Early stopping at step 0 due to reaching max kl: 0.03
-----------------------------------------
| rollout/                |             |
|    ep_len_mean          | 793         |
|    ep_rew_mean          | 1.89e+03    |
| time/                   |             |
|    fps                  | 2701        |
|    iterations           | 476         |
|    time_elapsed         | 1443        |
|    total_timesteps      | 3899392     |
| train/                  |             |
|    approx_kl            | 0.010020876 |
|    clip_fraction        | 0.13        |
|    clip_range           | 0.2         |
|    entropy_loss         | -3.76       |
|    explained_variance   | 0.348       |
|    learning_rate        | 0.000144    |
|    loss                 | 0.0963      |
|    n_updates            | 530         |
|    policy_gradient_loss | 0.00576     |
|    std                  | 0.387       |
|    value_loss           | 0.0651      |
-----------------------------------------
Early stopping at step 0 due to reaching max kl: 0.03
------------------------------------------
| rollout/                |              |
|    ep_len_mean          | 774          |
|    ep_rew_mean          | 1.85e+03     |
| time/                   |              |
|    fps                  | 2700         |
|    iterations           | 477          |
|    time_elapsed         | 1446         |
|    total_timesteps      | 3907584      |
| train/                  |              |
|    approx_kl            | 0.0139507875 |
|    clip_fraction        | 0.185        |
|    clip_range           | 0.2          |
|    entropy_loss         | -3.75        |
|    explained_variance   | 0.313        |
|    learning_rate        | 0.000144     |
|    loss                 | 0.0802       |
|    n_updates            | 531          |
|    policy_gradient_loss | 0.0105       |
|    std                  | 0.387        |
|    value_loss           | 0.106        |
------------------------------------------
Early stopping at step 1 due to reaching max kl: 0.03
-----------------------------------------
| rollout/                |             |
|    ep_len_mean          | 770         |
|    ep_rew_mean          | 1.84e+03    |
| time/                   |             |
|    fps                  | 2700        |
|    iterations           | 478         |
|    time_elapsed         | 1449        |
|    total_timesteps      | 3915776     |
| train/                  |             |
|    approx_kl            | 0.028191999 |
|    clip_fraction        | 0.205       |
|    clip_range           | 0.2         |
|    entropy_loss         | -3.75       |
|    explained_variance   | 0.379       |
|    learning_rate        | 0.000144    |
|    loss                 | 0.0305      |
|    n_updates            | 533         |
|    policy_gradient_loss | 0.00731     |
|    std                  | 0.386       |
|    value_loss           | 0.0728      |
-----------------------------------------
Early stopping at step 0 due to reaching max kl: 0.03
----------------------------------------
| rollout/                |            |
|    ep_len_mean          | 742        |
|    ep_rew_mean          | 1.77e+03   |
| time/                   |            |
|    fps                  | 2700       |
|    iterations           | 479        |
|    time_elapsed         | 1452       |
|    total_timesteps      | 3923968    |
| train/                  |            |
|    approx_kl            | 0.01233359 |
|    clip_fraction        | 0.165      |
|    clip_range           | 0.2        |
|    entropy_loss         | -3.74      |
|    explained_variance   | 0.328      |
|    learning_rate        | 0.000143   |
|    loss                 | 0.0521     |
|    n_updates            | 534        |
|    policy_gradient_loss | 0.0067     |
|    std                  | 0.386      |
|    value_loss           | 0.0804     |
----------------------------------------
Early stopping at step 0 due to reaching max kl: 0.03
-----------------------------------------
| rollout/                |             |
|    ep_len_mean          | 755         |
|    ep_rew_mean          | 1.8e+03     |
| time/                   |             |
|    fps                  | 2700        |
|    iterations           | 480         |
|    time_elapsed         | 1455        |
|    total_timesteps      | 3932160     |
| train/                  |             |
|    approx_kl            | 0.014040449 |
|    clip_fraction        | 0.182       |
|    clip_range           | 0.2         |
|    entropy_loss         | -3.73       |
|    explained_variance   | 0.32        |
|    learning_rate        | 0.000143    |
|    loss                 | 0.164       |
|    n_updates            | 535         |
|    policy_gradient_loss | 0.00831     |
|    std                  | 0.386       |
|    value_loss           | 0.0946      |
-----------------------------------------
Early stopping at step 0 due to reaching max kl: 0.03
-----------------------------------------
| rollout/                |             |
|    ep_len_mean          | 747         |
|    ep_rew_mean          | 1.78e+03    |
| time/                   |             |
|    fps                  | 2700        |
|    iterations           | 481         |
|    time_elapsed         | 1458        |
|    total_timesteps      | 3940352     |
| train/                  |             |
|    approx_kl            | 0.012775483 |
|    clip_fraction        | 0.18        |
|    clip_range           | 0.2         |
|    entropy_loss         | -3.73       |
|    explained_variance   | 0.48        |
|    learning_rate        | 0.000143    |
|    loss                 | 0.0387      |
|    n_updates            | 536         |
|    policy_gradient_loss | 0.00519     |
|    std                  | 0.386       |
|    value_loss           | 0.0428      |
-----------------------------------------
Early stopping at step 1 due to reaching max kl: 0.05
-----------------------------------------
| rollout/                |             |
|    ep_len_mean          | 735         |
|    ep_rew_mean          | 1.75e+03    |
| time/                   |             |
|    fps                  | 2700        |
|    iterations           | 482         |
|    time_elapsed         | 1462        |
|    total_timesteps      | 3948544     |
| train/                  |             |
|    approx_kl            | 0.021841371 |
|    clip_fraction        | 0.197       |
|    clip_range           | 0.2         |
|    entropy_loss         | -3.72       |
|    explained_variance   | 0.404       |
|    learning_rate        | 0.000142    |
|    loss                 | -0.00905    |
|    n_updates            | 538         |
|    policy_gradient_loss | 0.00657     |
|    std                  | 0.385       |
|    value_loss           | 0.0622      |
-----------------------------------------
Early stopping at step 0 due to reaching max kl: 0.03
------------------------------------------
| rollout/                |              |
|    ep_len_mean          | 750          |
|    ep_rew_mean          | 1.79e+03     |
| time/                   |              |
|    fps                  | 2700         |
|    iterations           | 483          |
|    time_elapsed         | 1465         |
|    total_timesteps      | 3956736      |
| train/                  |              |
|    approx_kl            | 0.0123280715 |
|    clip_fraction        | 0.169        |
|    clip_range           | 0.2          |
|    entropy_loss         | -3.71        |
|    explained_variance   | 0.402        |
|    learning_rate        | 0.000142     |
|    loss                 | 0.00656      |
|    n_updates            | 539          |
|    policy_gradient_loss | 0.00997      |
|    std                  | 0.385        |
|    value_loss           | 0.0756       |
------------------------------------------
Early stopping at step 0 due to reaching max kl: 0.03
------------------------------------------
| rollout/                |              |
|    ep_len_mean          | 754          |
|    ep_rew_mean          | 1.81e+03     |
| time/                   |              |
|    fps                  | 2700         |
|    iterations           | 484          |
|    time_elapsed         | 1468         |
|    total_timesteps      | 3964928      |
| train/                  |              |
|    approx_kl            | 0.0144557245 |
|    clip_fraction        | 0.193        |
|    clip_range           | 0.2          |
|    entropy_loss         | -3.7         |
|    explained_variance   | 0.48         |
|    learning_rate        | 0.000142     |
|    loss                 | 0.146        |
|    n_updates            | 540          |
|    policy_gradient_loss | 0.0102       |
|    std                  | 0.384        |
|    value_loss           | 0.022        |
------------------------------------------
Early stopping at step 0 due to reaching max kl: 0.03
-----------------------------------------
| rollout/                |             |
|    ep_len_mean          | 762         |
|    ep_rew_mean          | 1.83e+03    |
| time/                   |             |
|    fps                  | 2700        |
|    iterations           | 485         |
|    time_elapsed         | 1471        |
|    total_timesteps      | 3973120     |
| train/                  |             |
|    approx_kl            | 0.012536846 |
|    clip_fraction        | 0.169       |
|    clip_range           | 0.2         |
|    entropy_loss         | -3.68       |
|    explained_variance   | 0.357       |
|    learning_rate        | 0.000141    |
|    loss                 | 0.0923      |
|    n_updates            | 541         |
|    policy_gradient_loss | 0.00471     |
|    std                  | 0.384       |
|    value_loss           | 0.0718      |
-----------------------------------------
Early stopping at step 1 due to reaching max kl: 0.04
-----------------------------------------
| rollout/                |             |
|    ep_len_mean          | 774         |
|    ep_rew_mean          | 1.85e+03    |
| time/                   |             |
|    fps                  | 2700        |
|    iterations           | 486         |
|    time_elapsed         | 1474        |
|    total_timesteps      | 3981312     |
| train/                  |             |
|    approx_kl            | 0.020332418 |
|    clip_fraction        | 0.217       |
|    clip_range           | 0.2         |
|    entropy_loss         | -3.67       |
|    explained_variance   | 0.358       |
|    learning_rate        | 0.000141    |
|    loss                 | 0.00786     |
|    n_updates            | 543         |
|    policy_gradient_loss | 0.00372     |
|    std                  | 0.383       |
|    value_loss           | 0.0368      |
-----------------------------------------
Early stopping at step 1 due to reaching max kl: 0.04
-----------------------------------------
| rollout/                |             |
|    ep_len_mean          | 781         |
|    ep_rew_mean          | 1.87e+03    |
| time/                   |             |
|    fps                  | 2699        |
|    iterations           | 487         |
|    time_elapsed         | 1477        |
|    total_timesteps      | 3989504     |
| train/                  |             |
|    approx_kl            | 0.023575667 |
|    clip_fraction        | 0.231       |
|    clip_range           | 0.2         |
|    entropy_loss         | -3.66       |
|    explained_variance   | 0.295       |
|    learning_rate        | 0.000141    |
|    loss                 | -0.023      |
|    n_updates            | 545         |
|    policy_gradient_loss | 0.00381     |
|    std                  | 0.382       |
|    value_loss           | 0.0627      |
-----------------------------------------
Early stopping at step 1 due to reaching max kl: 0.03
-----------------------------------------
| rollout/                |             |
|    ep_len_mean          | 798         |
|    ep_rew_mean          | 1.92e+03    |
| time/                   |             |
|    fps                  | 2699        |
|    iterations           | 488         |
|    time_elapsed         | 1480        |
|    total_timesteps      | 3997696     |
| train/                  |             |
|    approx_kl            | 0.025333647 |
|    clip_fraction        | 0.185       |
|    clip_range           | 0.2         |
|    entropy_loss         | -3.64       |
|    explained_variance   | 0.333       |
|    learning_rate        | 0.00014     |
|    loss                 | 0.0198      |
|    n_updates            | 547         |
|    policy_gradient_loss | 0.00659     |
|    std                  | 0.382       |
|    value_loss           | 0.0543      |
-----------------------------------------
Early stopping at step 1 due to reaching max kl: 0.03
-----------------------------------------
| rollout/                |             |
|    ep_len_mean          | 793         |
|    ep_rew_mean          | 1.91e+03    |
| time/                   |             |
|    fps                  | 2699        |
|    iterations           | 489         |
|    time_elapsed         | 1483        |
|    total_timesteps      | 4005888     |
| train/                  |             |
|    approx_kl            | 0.020634659 |
|    clip_fraction        | 0.181       |
|    clip_range           | 0.2         |
|    entropy_loss         | -3.63       |
|    explained_variance   | 0.279       |
|    learning_rate        | 0.00014     |
|    loss                 | -0.0286     |
|    n_updates            | 549         |
|    policy_gradient_loss | 0.00802     |
|    std                  | 0.381       |
|    value_loss           | 0.0496      |
-----------------------------------------
Early stopping at step 1 due to reaching max kl: 0.04
-----------------------------------------
| rollout/                |             |
|    ep_len_mean          | 777         |
|    ep_rew_mean          | 1.88e+03    |
| time/                   |             |
|    fps                  | 2699        |
|    iterations           | 490         |
|    time_elapsed         | 1487        |
|    total_timesteps      | 4014080     |
| train/                  |             |
|    approx_kl            | 0.026905693 |
|    clip_fraction        | 0.22        |
|    clip_range           | 0.2         |
|    entropy_loss         | -3.61       |
|    explained_variance   | 0.317       |
|    learning_rate        | 0.00014     |
|    loss                 | 0.0144      |
|    n_updates            | 551         |
|    policy_gradient_loss | 0.00795     |
|    std                  | 0.38        |
|    value_loss           | 0.0616      |
-----------------------------------------
Early stopping at step 0 due to reaching max kl: 0.03
-----------------------------------------
| rollout/                |             |
|    ep_len_mean          | 784         |
|    ep_rew_mean          | 1.89e+03    |
| time/                   |             |
|    fps                  | 2699        |
|    iterations           | 491         |
|    time_elapsed         | 1490        |
|    total_timesteps      | 4022272     |
| train/                  |             |
|    approx_kl            | 0.014734336 |
|    clip_fraction        | 0.195       |
|    clip_range           | 0.2         |
|    entropy_loss         | -3.6        |
|    explained_variance   | 0.302       |
|    learning_rate        | 0.000139    |
|    loss                 | 0.0312      |
|    n_updates            | 552         |
|    policy_gradient_loss | 0.00917     |
|    std                  | 0.379       |
|    value_loss           | 0.0728      |
-----------------------------------------
Early stopping at step 0 due to reaching max kl: 0.03
------------------------------------------
| rollout/                |              |
|    ep_len_mean          | 785          |
|    ep_rew_mean          | 1.9e+03      |
| time/                   |              |
|    fps                  | 2699         |
|    iterations           | 492          |
|    time_elapsed         | 1493         |
|    total_timesteps      | 4030464      |
| train/                  |              |
|    approx_kl            | 0.0127703985 |
|    clip_fraction        | 0.177        |
|    clip_range           | 0.2          |
|    entropy_loss         | -3.58        |
|    explained_variance   | 0.409        |
|    learning_rate        | 0.000139     |
|    loss                 | 0.021        |
|    n_updates            | 553          |
|    policy_gradient_loss | 0.00762      |
|    std                  | 0.379        |
|    value_loss           | 0.0571       |
------------------------------------------
Early stopping at step 0 due to reaching max kl: 0.03
------------------------------------------
| rollout/                |              |
|    ep_len_mean          | 797          |
|    ep_rew_mean          | 1.93e+03     |
| time/                   |              |
|    fps                  | 2699         |
|    iterations           | 493          |
|    time_elapsed         | 1496         |
|    total_timesteps      | 4038656      |
| train/                  |              |
|    approx_kl            | 0.0120541835 |
|    clip_fraction        | 0.168        |
|    clip_range           | 0.2          |
|    entropy_loss         | -3.57        |
|    explained_variance   | 0.325        |
|    learning_rate        | 0.000139     |
|    loss                 | 0.103        |
|    n_updates            | 554          |
|    policy_gradient_loss | 0.00635      |
|    std                  | 0.378        |
|    value_loss           | 0.0424       |
------------------------------------------
Early stopping at step 0 due to reaching max kl: 0.03
-----------------------------------------
| rollout/                |             |
|    ep_len_mean          | 809         |
|    ep_rew_mean          | 1.96e+03    |
| time/                   |             |
|    fps                  | 2699        |
|    iterations           | 494         |
|    time_elapsed         | 1499        |
|    total_timesteps      | 4046848     |
| train/                  |             |
|    approx_kl            | 0.012541561 |
|    clip_fraction        | 0.171       |
|    clip_range           | 0.2         |
|    entropy_loss         | -3.56       |
|    explained_variance   | 0.517       |
|    learning_rate        | 0.000138    |
|    loss                 | -0.00751    |
|    n_updates            | 555         |
|    policy_gradient_loss | 0.00546     |
|    std                  | 0.378       |
|    value_loss           | 0.0252      |
-----------------------------------------
Early stopping at step 0 due to reaching max kl: 0.03
[Progress] Training 2/6: 4,048,872/5,000,000 steps (81.0%); 4 full runs remain afterward; rough training ETA 2h 09m.
-----------------------------------------
| rollout/                |             |
|    ep_len_mean          | 785         |
|    ep_rew_mean          | 1.9e+03     |
| time/                   |             |
|    fps                  | 2699        |
|    iterations           | 495         |
|    time_elapsed         | 1502        |
|    total_timesteps      | 4055040     |
| train/                  |             |
|    approx_kl            | 0.010424589 |
|    clip_fraction        | 0.137       |
|    clip_range           | 0.2         |
|    entropy_loss         | -3.55       |
|    explained_variance   | 0.37        |
|    learning_rate        | 0.000138    |
|    loss                 | -0.00268    |
|    n_updates            | 556         |
|    policy_gradient_loss | 0.00401     |
|    std                  | 0.377       |
|    value_loss           | 0.0252      |
-----------------------------------------
Early stopping at step 1 due to reaching max kl: 0.03
-----------------------------------------
| rollout/                |             |
|    ep_len_mean          | 792         |
|    ep_rew_mean          | 1.93e+03    |
| time/                   |             |
|    fps                  | 2699        |
|    iterations           | 496         |
|    time_elapsed         | 1505        |
|    total_timesteps      | 4063232     |
| train/                  |             |
|    approx_kl            | 0.024275806 |
|    clip_fraction        | 0.203       |
|    clip_range           | 0.2         |
|    entropy_loss         | -3.55       |
|    explained_variance   | 0.287       |
|    learning_rate        | 0.000138    |
|    loss                 | -0.0115     |
|    n_updates            | 558         |
|    policy_gradient_loss | 0.00739     |
|    std                  | 0.377       |
|    value_loss           | 0.0942      |
-----------------------------------------
Early stopping at step 0 due to reaching max kl: 0.03
-----------------------------------------
| rollout/                |             |
|    ep_len_mean          | 788         |
|    ep_rew_mean          | 1.92e+03    |
| time/                   |             |
|    fps                  | 2699        |
|    iterations           | 497         |
|    time_elapsed         | 1508        |
|    total_timesteps      | 4071424     |
| train/                  |             |
|    approx_kl            | 0.011604299 |
|    clip_fraction        | 0.167       |
|    clip_range           | 0.2         |
|    entropy_loss         | -3.55       |
|    explained_variance   | 0.314       |
|    learning_rate        | 0.000137    |
|    loss                 | 0.0647      |
|    n_updates            | 559         |
|    policy_gradient_loss | 0.00246     |
|    std                  | 0.377       |
|    value_loss           | 0.056       |
-----------------------------------------
Early stopping at step 0 due to reaching max kl: 0.03
-----------------------------------------
| rollout/                |             |
|    ep_len_mean          | 767         |
|    ep_rew_mean          | 1.87e+03    |
| time/                   |             |
|    fps                  | 2699        |
|    iterations           | 498         |
|    time_elapsed         | 1511        |
|    total_timesteps      | 4079616     |
| train/                  |             |
|    approx_kl            | 0.012922971 |
|    clip_fraction        | 0.176       |
|    clip_range           | 0.2         |
|    entropy_loss         | -3.55       |
|    explained_variance   | 0.328       |
|    learning_rate        | 0.000137    |
|    loss                 | 0.0685      |
|    n_updates            | 560         |
|    policy_gradient_loss | 0.00443     |
|    std                  | 0.377       |
|    value_loss           | 0.0544      |
-----------------------------------------
Early stopping at step 0 due to reaching max kl: 0.04
-----------------------------------------
| rollout/                |             |
|    ep_len_mean          | 794         |
|    ep_rew_mean          | 1.94e+03    |
| time/                   |             |
|    fps                  | 2699        |
|    iterations           | 499         |
|    time_elapsed         | 1514        |
|    total_timesteps      | 4087808     |
| train/                  |             |
|    approx_kl            | 0.014994265 |
|    clip_fraction        | 0.199       |
|    clip_range           | 0.2         |
|    entropy_loss         | -3.54       |
|    explained_variance   | 0.223       |
|    learning_rate        | 0.000137    |
|    loss                 | 0.0081      |
|    n_updates            | 561         |
|    policy_gradient_loss | 0.00435     |
|    std                  | 0.377       |
|    value_loss           | 0.0768      |
-----------------------------------------
Early stopping at step 1 due to reaching max kl: 0.03
----------------------------------------
| rollout/                |            |
|    ep_len_mean          | 810        |
|    ep_rew_mean          | 1.97e+03   |
| time/                   |            |
|    fps                  | 2698       |
|    iterations           | 500        |
|    time_elapsed         | 1517       |
|    total_timesteps      | 4096000    |
| train/                  |            |
|    approx_kl            | 0.02291254 |
|    clip_fraction        | 0.205      |
|    clip_range           | 0.2        |
|    entropy_loss         | -3.52      |
|    explained_variance   | 0.423      |
|    learning_rate        | 0.000136   |
|    loss                 | -0.0182    |
|    n_updates            | 563        |
|    policy_gradient_loss | 0.00262    |
|    std                  | 0.375      |
|    value_loss           | 0.0332     |
----------------------------------------
Early stopping at step 0 due to reaching max kl: 0.03
-----------------------------------------
| rollout/                |             |
|    ep_len_mean          | 792         |
|    ep_rew_mean          | 1.94e+03    |
| time/                   |             |
|    fps                  | 2698        |
|    iterations           | 501         |
|    time_elapsed         | 1520        |
|    total_timesteps      | 4104192     |
| train/                  |             |
|    approx_kl            | 0.013530553 |
|    clip_fraction        | 0.188       |
|    clip_range           | 0.2         |
|    entropy_loss         | -3.5        |
|    explained_variance   | 0.291       |
|    learning_rate        | 0.000136    |
|    loss                 | 0.0355      |
|    n_updates            | 564         |
|    policy_gradient_loss | 0.00755     |
|    std                  | 0.375       |
|    value_loss           | 0.0172      |
-----------------------------------------
Early stopping at step 0 due to reaching max kl: 0.03
-----------------------------------------
| rollout/                |             |
|    ep_len_mean          | 789         |
|    ep_rew_mean          | 1.93e+03    |
| time/                   |             |
|    fps                  | 2698        |
|    iterations           | 502         |
|    time_elapsed         | 1523        |
|    total_timesteps      | 4112384     |
| train/                  |             |
|    approx_kl            | 0.013798004 |
|    clip_fraction        | 0.185       |
|    clip_range           | 0.2         |
|    entropy_loss         | -3.5        |
|    explained_variance   | 0.294       |
|    learning_rate        | 0.000136    |
|    loss                 | 0.147       |
|    n_updates            | 565         |
|    policy_gradient_loss | 0.00485     |
|    std                  | 0.375       |
|    value_loss           | 0.09        |
-----------------------------------------
Early stopping at step 1 due to reaching max kl: 0.03
-----------------------------------------
| rollout/                |             |
|    ep_len_mean          | 781         |
|    ep_rew_mean          | 1.91e+03    |
| time/                   |             |
|    fps                  | 2698        |
|    iterations           | 503         |
|    time_elapsed         | 1527        |
|    total_timesteps      | 4120576     |
| train/                  |             |
|    approx_kl            | 0.019390395 |
|    clip_fraction        | 0.205       |
|    clip_range           | 0.2         |
|    entropy_loss         | -3.49       |
|    explained_variance   | 0.396       |
|    learning_rate        | 0.000136    |
|    loss                 | -0.00507    |
|    n_updates            | 567         |
|    policy_gradient_loss | 0.00388     |
|    std                  | 0.374       |
|    value_loss           | 0.0349      |
-----------------------------------------
Early stopping at step 1 due to reaching max kl: 0.04
-----------------------------------------
| rollout/                |             |
|    ep_len_mean          | 789         |
|    ep_rew_mean          | 1.93e+03    |
| time/                   |             |
|    fps                  | 2698        |
|    iterations           | 504         |
|    time_elapsed         | 1530        |
|    total_timesteps      | 4128768     |
| train/                  |             |
|    approx_kl            | 0.020895956 |
|    clip_fraction        | 0.209       |
|    clip_range           | 0.2         |
|    entropy_loss         | -3.47       |
|    explained_variance   | 0.425       |
|    learning_rate        | 0.000135    |
|    loss                 | 0.0322      |
|    n_updates            | 569         |
|    policy_gradient_loss | 0.00205     |
|    std                  | 0.373       |
|    value_loss           | 0.0323      |
-----------------------------------------
Early stopping at step 0 due to reaching max kl: 0.03
-----------------------------------------
| rollout/                |             |
|    ep_len_mean          | 806         |
|    ep_rew_mean          | 1.97e+03    |
| time/                   |             |
|    fps                  | 2698        |
|    iterations           | 505         |
|    time_elapsed         | 1533        |
|    total_timesteps      | 4136960     |
| train/                  |             |
|    approx_kl            | 0.011246326 |
|    clip_fraction        | 0.156       |
|    clip_range           | 0.2         |
|    entropy_loss         | -3.45       |
|    explained_variance   | 0.237       |
|    learning_rate        | 0.000135    |
|    loss                 | 0.0295      |
|    n_updates            | 570         |
|    policy_gradient_loss | 0.00748     |
|    std                  | 0.372       |
|    value_loss           | 0.0264      |
-----------------------------------------
Early stopping at step 1 due to reaching max kl: 0.03
-----------------------------------------
| rollout/                |             |
|    ep_len_mean          | 819         |
|    ep_rew_mean          | 2.01e+03    |
| time/                   |             |
|    fps                  | 2697        |
|    iterations           | 506         |
|    time_elapsed         | 1536        |
|    total_timesteps      | 4145152     |
| train/                  |             |
|    approx_kl            | 0.023154289 |
|    clip_fraction        | 0.189       |
|    clip_range           | 0.2         |
|    entropy_loss         | -3.44       |
|    explained_variance   | 0.312       |
|    learning_rate        | 0.000135    |
|    loss                 | 0.00592     |
|    n_updates            | 572         |
|    policy_gradient_loss | 0.0061      |
|    std                  | 0.371       |
|    value_loss           | 0.028       |
-----------------------------------------
Early stopping at step 1 due to reaching max kl: 0.03
-----------------------------------------
| rollout/                |             |
|    ep_len_mean          | 838         |
|    ep_rew_mean          | 2.05e+03    |
| time/                   |             |
|    fps                  | 2697        |
|    iterations           | 507         |
|    time_elapsed         | 1539        |
|    total_timesteps      | 4153344     |
| train/                  |             |
|    approx_kl            | 0.023093207 |
|    clip_fraction        | 0.189       |
|    clip_range           | 0.2         |
|    entropy_loss         | -3.42       |
|    explained_variance   | 0.424       |
|    learning_rate        | 0.000134    |
|    loss                 | -0.0333     |
|    n_updates            | 574         |
|    policy_gradient_loss | 0.00483     |
|    std                  | 0.37        |
|    value_loss           | 0.0195      |
-----------------------------------------
Early stopping at step 1 due to reaching max kl: 0.04
-----------------------------------------
| rollout/                |             |
|    ep_len_mean          | 838         |
|    ep_rew_mean          | 2.05e+03    |
| time/                   |             |
|    fps                  | 2697        |
|    iterations           | 508         |
|    time_elapsed         | 1542        |
|    total_timesteps      | 4161536     |
| train/                  |             |
|    approx_kl            | 0.021170914 |
|    clip_fraction        | 0.214       |
|    clip_range           | 0.2         |
|    entropy_loss         | -3.39       |
|    explained_variance   | 0.268       |
|    learning_rate        | 0.000134    |
|    loss                 | -0.00718    |
|    n_updates            | 576         |
|    policy_gradient_loss | 0.00256     |
|    std                  | 0.369       |
|    value_loss           | 0.0222      |
-----------------------------------------
Early stopping at step 1 due to reaching max kl: 0.03
----------------------------------------
| rollout/                |            |
|    ep_len_mean          | 830        |
|    ep_rew_mean          | 2.04e+03   |
| time/                   |            |
|    fps                  | 2697       |
|    iterations           | 509        |
|    time_elapsed         | 1545       |
|    total_timesteps      | 4169728    |
| train/                  |            |
|    approx_kl            | 0.02551044 |
|    clip_fraction        | 0.2        |
|    clip_range           | 0.2        |
|    entropy_loss         | -3.38      |
|    explained_variance   | 0.209      |
|    learning_rate        | 0.000134   |
|    loss                 | 0.0647     |
|    n_updates            | 578        |
|    policy_gradient_loss | 0.00913    |
|    std                  | 0.369      |
|    value_loss           | 0.0637     |
----------------------------------------
Early stopping at step 1 due to reaching max kl: 0.03
-----------------------------------------
| rollout/                |             |
|    ep_len_mean          | 814         |
|    ep_rew_mean          | 2.01e+03    |
| time/                   |             |
|    fps                  | 2697        |
|    iterations           | 510         |
|    time_elapsed         | 1549        |
|    total_timesteps      | 4177920     |
| train/                  |             |
|    approx_kl            | 0.022046287 |
|    clip_fraction        | 0.221       |
|    clip_range           | 0.2         |
|    entropy_loss         | -3.36       |
|    explained_variance   | 0.211       |
|    learning_rate        | 0.000133    |
|    loss                 | -0.041      |
|    n_updates            | 580         |
|    policy_gradient_loss | 0.00428     |
|    std                  | 0.368       |
|    value_loss           | 0.0512      |
-----------------------------------------
Early stopping at step 1 due to reaching max kl: 0.03
-----------------------------------------
| rollout/                |             |
|    ep_len_mean          | 836         |
|    ep_rew_mean          | 2.07e+03    |
| time/                   |             |
|    fps                  | 2696        |
|    iterations           | 511         |
|    time_elapsed         | 1552        |
|    total_timesteps      | 4186112     |
| train/                  |             |
|    approx_kl            | 0.024478082 |
|    clip_fraction        | 0.191       |
|    clip_range           | 0.2         |
|    entropy_loss         | -3.36       |
|    explained_variance   | 0.214       |
|    learning_rate        | 0.000133    |
|    loss                 | -0.0232     |
|    n_updates            | 582         |
|    policy_gradient_loss | 0.00502     |
|    std                  | 0.368       |
|    value_loss           | 0.0408      |
-----------------------------------------
Early stopping at step 1 due to reaching max kl: 0.03
-----------------------------------------
| rollout/                |             |
|    ep_len_mean          | 813         |
|    ep_rew_mean          | 2.02e+03    |
| time/                   |             |
|    fps                  | 2696        |
|    iterations           | 512         |
|    time_elapsed         | 1555        |
|    total_timesteps      | 4194304     |
| train/                  |             |
|    approx_kl            | 0.022641052 |
|    clip_fraction        | 0.218       |
|    clip_range           | 0.2         |
|    entropy_loss         | -3.35       |
|    explained_variance   | 0.306       |
|    learning_rate        | 0.000133    |
|    loss                 | 0.0762      |
|    n_updates            | 584         |
|    policy_gradient_loss | 0.00317     |
|    std                  | 0.368       |
|    value_loss           | 0.0563      |
-----------------------------------------
Early stopping at step 0 due to reaching max kl: 0.03
-----------------------------------------
| rollout/                |             |
|    ep_len_mean          | 821         |
|    ep_rew_mean          | 2.04e+03    |
| time/                   |             |
|    fps                  | 2696        |
|    iterations           | 513         |
|    time_elapsed         | 1558        |
|    total_timesteps      | 4202496     |
| train/                  |             |
|    approx_kl            | 0.012757342 |
|    clip_fraction        | 0.171       |
|    clip_range           | 0.2         |
|    entropy_loss         | -3.34       |
|    explained_variance   | 0.43        |
|    learning_rate        | 0.000132    |
|    loss                 | 0.0796      |
|    n_updates            | 585         |
|    policy_gradient_loss | 0.00656     |
|    std                  | 0.368       |
|    value_loss           | 0.0853      |
-----------------------------------------
Early stopping at step 1 due to reaching max kl: 0.03
----------------------------------------
| rollout/                |            |
|    ep_len_mean          | 825        |
|    ep_rew_mean          | 2.06e+03   |
| time/                   |            |
|    fps                  | 2696       |
|    iterations           | 514        |
|    time_elapsed         | 1561       |
|    total_timesteps      | 4210688    |
| train/                  |            |
|    approx_kl            | 0.02084602 |
|    clip_fraction        | 0.192      |
|    clip_range           | 0.2        |
|    entropy_loss         | -3.34      |
|    explained_variance   | 0.0988     |
|    learning_rate        | 0.000132   |
|    loss                 | 0.0013     |
|    n_updates            | 587        |
|    policy_gradient_loss | 0.0059     |
|    std                  | 0.367      |
|    value_loss           | 0.0262     |
----------------------------------------
Early stopping at step 1 due to reaching max kl: 0.03
-----------------------------------------
| rollout/                |             |
|    ep_len_mean          | 822         |
|    ep_rew_mean          | 2.05e+03    |
| time/                   |             |
|    fps                  | 2696        |
|    iterations           | 515         |
|    time_elapsed         | 1564        |
|    total_timesteps      | 4218880     |
| train/                  |             |
|    approx_kl            | 0.019976936 |
|    clip_fraction        | 0.2         |
|    clip_range           | 0.2         |
|    entropy_loss         | -3.33       |
|    explained_variance   | 0.606       |
|    learning_rate        | 0.000132    |
|    loss                 | -0.0188     |
|    n_updates            | 589         |
|    policy_gradient_loss | 0.00368     |
|    std                  | 0.367       |
|    value_loss           | 0.0276      |
-----------------------------------------
Early stopping at step 1 due to reaching max kl: 0.03
-----------------------------------------
| rollout/                |             |
|    ep_len_mean          | 821         |
|    ep_rew_mean          | 2.06e+03    |
| time/                   |             |
|    fps                  | 2696        |
|    iterations           | 516         |
|    time_elapsed         | 1567        |
|    total_timesteps      | 4227072     |
| train/                  |             |
|    approx_kl            | 0.021242049 |
|    clip_fraction        | 0.196       |
|    clip_range           | 0.2         |
|    entropy_loss         | -3.31       |
|    explained_variance   | 0.406       |
|    learning_rate        | 0.000131    |
|    loss                 | -0.0279     |
|    n_updates            | 591         |
|    policy_gradient_loss | 0.00195     |
|    std                  | 0.366       |
|    value_loss           | 0.0328      |
-----------------------------------------
Early stopping at step 0 due to reaching max kl: 0.03
----------------------------------------
| rollout/                |            |
|    ep_len_mean          | 802        |
|    ep_rew_mean          | 2.02e+03   |
| time/                   |            |
|    fps                  | 2695       |
|    iterations           | 517        |
|    time_elapsed         | 1570       |
|    total_timesteps      | 4235264    |
| train/                  |            |
|    approx_kl            | 0.01283548 |
|    clip_fraction        | 0.177      |
|    clip_range           | 0.2        |
|    entropy_loss         | -3.29      |
|    explained_variance   | 0.272      |
|    learning_rate        | 0.000131   |
|    loss                 | 0.134      |
|    n_updates            | 592        |
|    policy_gradient_loss | 0.00619    |
|    std                  | 0.365      |
|    value_loss           | 0.0566     |
----------------------------------------
Early stopping at step 1 due to reaching max kl: 0.04
-----------------------------------------
| rollout/                |             |
|    ep_len_mean          | 801         |
|    ep_rew_mean          | 2.02e+03    |
| time/                   |             |
|    fps                  | 2695        |
|    iterations           | 518         |
|    time_elapsed         | 1574        |
|    total_timesteps      | 4243456     |
| train/                  |             |
|    approx_kl            | 0.026678074 |
|    clip_fraction        | 0.195       |
|    clip_range           | 0.2         |
|    entropy_loss         | -3.28       |
|    explained_variance   | 0.3         |
|    learning_rate        | 0.000131    |
|    loss                 | -0.0155     |
|    n_updates            | 594         |
|    policy_gradient_loss | 0.00745     |
|    std                  | 0.365       |
|    value_loss           | 0.0493      |
-----------------------------------------
Early stopping at step 1 due to reaching max kl: 0.03
-----------------------------------------
| rollout/                |             |
|    ep_len_mean          | 804         |
|    ep_rew_mean          | 2.03e+03    |
| time/                   |             |
|    fps                  | 2695        |
|    iterations           | 519         |
|    time_elapsed         | 1577        |
|    total_timesteps      | 4251648     |
| train/                  |             |
|    approx_kl            | 0.019686218 |
|    clip_fraction        | 0.198       |
|    clip_range           | 0.2         |
|    entropy_loss         | -3.27       |
|    explained_variance   | 0.267       |
|    learning_rate        | 0.00013     |
|    loss                 | 0.0267      |
|    n_updates            | 596         |
|    policy_gradient_loss | 0.00436     |
|    std                  | 0.364       |
|    value_loss           | 0.0698      |
-----------------------------------------
Early stopping at step 0 due to reaching max kl: 0.04
-----------------------------------------
| rollout/                |             |
|    ep_len_mean          | 807         |
|    ep_rew_mean          | 2.05e+03    |
| time/                   |             |
|    fps                  | 2695        |
|    iterations           | 520         |
|    time_elapsed         | 1580        |
|    total_timesteps      | 4259840     |
| train/                  |             |
|    approx_kl            | 0.011935555 |
|    clip_fraction        | 0.159       |
|    clip_range           | 0.2         |
|    entropy_loss         | -3.26       |
|    explained_variance   | 0.407       |
|    learning_rate        | 0.00013     |
|    loss                 | 0.0187      |
|    n_updates            | 597         |
|    policy_gradient_loss | 0.00715     |
|    std                  | 0.364       |
|    value_loss           | 0.0348      |
-----------------------------------------
Early stopping at step 0 due to reaching max kl: 0.03
-----------------------------------------
| rollout/                |             |
|    ep_len_mean          | 822         |
|    ep_rew_mean          | 2.08e+03    |
| time/                   |             |
|    fps                  | 2695        |
|    iterations           | 521         |
|    time_elapsed         | 1583        |
|    total_timesteps      | 4268032     |
| train/                  |             |
|    approx_kl            | 0.013555945 |
|    clip_fraction        | 0.188       |
|    clip_range           | 0.2         |
|    entropy_loss         | -3.25       |
|    explained_variance   | 0.25        |
|    learning_rate        | 0.00013     |
|    loss                 | 0.135       |
|    n_updates            | 598         |
|    policy_gradient_loss | 0.00687     |
|    std                  | 0.363       |
|    value_loss           | 0.0398      |
-----------------------------------------
Early stopping at step 1 due to reaching max kl: 0.03
-----------------------------------------
| rollout/                |             |
|    ep_len_mean          | 825         |
|    ep_rew_mean          | 2.09e+03    |
| time/                   |             |
|    fps                  | 2695        |
|    iterations           | 522         |
|    time_elapsed         | 1586        |
|    total_timesteps      | 4276224     |
| train/                  |             |
|    approx_kl            | 0.018472005 |
|    clip_fraction        | 0.174       |
|    clip_range           | 0.2         |
|    entropy_loss         | -3.24       |
|    explained_variance   | 0.351       |
|    learning_rate        | 0.000129    |
|    loss                 | 0.019       |
|    n_updates            | 600         |
|    policy_gradient_loss | 0.00184     |
|    std                  | 0.363       |
|    value_loss           | 0.0188      |
-----------------------------------------
Early stopping at step 1 due to reaching max kl: 0.05
-----------------------------------------
| rollout/                |             |
|    ep_len_mean          | 818         |
|    ep_rew_mean          | 2.08e+03    |
| time/                   |             |
|    fps                  | 2694        |
|    iterations           | 523         |
|    time_elapsed         | 1589        |
|    total_timesteps      | 4284416     |
| train/                  |             |
|    approx_kl            | 0.021538766 |
|    clip_fraction        | 0.197       |
|    clip_range           | 0.2         |
|    entropy_loss         | -3.23       |
|    explained_variance   | 0.285       |
|    learning_rate        | 0.000129    |
|    loss                 | 0.0156      |
|    n_updates            | 602         |
|    policy_gradient_loss | 0.00519     |
|    std                  | 0.362       |
|    value_loss           | 0.0641      |
-----------------------------------------
Early stopping at step 1 due to reaching max kl: 0.03
----------------------------------------
| rollout/                |            |
|    ep_len_mean          | 805        |
|    ep_rew_mean          | 2.05e+03   |
| time/                   |            |
|    fps                  | 2694       |
|    iterations           | 524        |
|    time_elapsed         | 1592       |
|    total_timesteps      | 4292608    |
| train/                  |            |
|    approx_kl            | 0.02181895 |
|    clip_fraction        | 0.205      |
|    clip_range           | 0.2        |
|    entropy_loss         | -3.22      |
|    explained_variance   | 0.492      |
|    learning_rate        | 0.000129   |
|    loss                 | 0.0164     |
|    n_updates            | 604        |
|    policy_gradient_loss | 0.0047     |
|    std                  | 0.362      |
|    value_loss           | 0.045      |
----------------------------------------
Early stopping at step 0 due to reaching max kl: 0.03
-----------------------------------------
| rollout/                |             |
|    ep_len_mean          | 757         |
|    ep_rew_mean          | 1.93e+03    |
| time/                   |             |
|    fps                  | 2694        |
|    iterations           | 525         |
|    time_elapsed         | 1595        |
|    total_timesteps      | 4300800     |
| train/                  |             |
|    approx_kl            | 0.011695598 |
|    clip_fraction        | 0.163       |
|    clip_range           | 0.2         |
|    entropy_loss         | -3.22       |
|    explained_variance   | 0.409       |
|    learning_rate        | 0.000128    |
|    loss                 | 0.101       |
|    n_updates            | 605         |
|    policy_gradient_loss | 0.00707     |
|    std                  | 0.362       |
|    value_loss           | 0.0806      |
-----------------------------------------
Early stopping at step 0 due to reaching max kl: 0.04
-----------------------------------------
| rollout/                |             |
|    ep_len_mean          | 753         |
|    ep_rew_mean          | 1.93e+03    |
| time/                   |             |
|    fps                  | 2694        |
|    iterations           | 526         |
|    time_elapsed         | 1598        |
|    total_timesteps      | 4308992     |
| train/                  |             |
|    approx_kl            | 0.014146046 |
|    clip_fraction        | 0.176       |
|    clip_range           | 0.2         |
|    entropy_loss         | -3.21       |
|    explained_variance   | 0.284       |
|    learning_rate        | 0.000128    |
|    loss                 | 0.0383      |
|    n_updates            | 606         |
|    policy_gradient_loss | 0.0067      |
|    std                  | 0.362       |
|    value_loss           | 0.148       |
-----------------------------------------
Early stopping at step 0 due to reaching max kl: 0.04
-----------------------------------------
| rollout/                |             |
|    ep_len_mean          | 777         |
|    ep_rew_mean          | 1.98e+03    |
| time/                   |             |
|    fps                  | 2694        |
|    iterations           | 527         |
|    time_elapsed         | 1601        |
|    total_timesteps      | 4317184     |
| train/                  |             |
|    approx_kl            | 0.011893061 |
|    clip_fraction        | 0.159       |
|    clip_range           | 0.2         |
|    entropy_loss         | -3.21       |
|    explained_variance   | 0.378       |
|    learning_rate        | 0.000128    |
|    loss                 | 0.0572      |
|    n_updates            | 607         |
|    policy_gradient_loss | 0.00469     |
|    std                  | 0.361       |
|    value_loss           | 0.0733      |
-----------------------------------------
Early stopping at step 0 due to reaching max kl: 0.04
-----------------------------------------
| rollout/                |             |
|    ep_len_mean          | 767         |
|    ep_rew_mean          | 1.96e+03    |
| time/                   |             |
|    fps                  | 2695        |
|    iterations           | 528         |
|    time_elapsed         | 1604        |
|    total_timesteps      | 4325376     |
| train/                  |             |
|    approx_kl            | 0.008399043 |
|    clip_fraction        | 0.0979      |
|    clip_range           | 0.2         |
|    entropy_loss         | -3.2        |
|    explained_variance   | 0.431       |
|    learning_rate        | 0.000127    |
|    loss                 | 0.0233      |
|    n_updates            | 608         |
|    policy_gradient_loss | 9.87e-05    |
|    std                  | 0.361       |
|    value_loss           | 0.0471      |
-----------------------------------------
Early stopping at step 0 due to reaching max kl: 0.03
-----------------------------------------
| rollout/                |             |
|    ep_len_mean          | 756         |
|    ep_rew_mean          | 1.92e+03    |
| time/                   |             |
|    fps                  | 2695        |
|    iterations           | 529         |
|    time_elapsed         | 1607        |
|    total_timesteps      | 4333568     |
| train/                  |             |
|    approx_kl            | 0.011275264 |
|    clip_fraction        | 0.145       |
|    clip_range           | 0.2         |
|    entropy_loss         | -3.19       |
|    explained_variance   | 0.398       |
|    learning_rate        | 0.000127    |
|    loss                 | 0.041       |
|    n_updates            | 609         |
|    policy_gradient_loss | 0.00843     |
|    std                  | 0.361       |
|    value_loss           | 0.0483      |
-----------------------------------------
Early stopping at step 0 due to reaching max kl: 0.03
-----------------------------------------
| rollout/                |             |
|    ep_len_mean          | 757         |
|    ep_rew_mean          | 1.93e+03    |
| time/                   |             |
|    fps                  | 2695        |
|    iterations           | 530         |
|    time_elapsed         | 1610        |
|    total_timesteps      | 4341760     |
| train/                  |             |
|    approx_kl            | 0.011635837 |
|    clip_fraction        | 0.167       |
|    clip_range           | 0.2         |
|    entropy_loss         | -3.19       |
|    explained_variance   | 0.341       |
|    learning_rate        | 0.000127    |
|    loss                 | 0.0765      |
|    n_updates            | 610         |
|    policy_gradient_loss | 0.00469     |
|    std                  | 0.36        |
|    value_loss           | 0.06        |
-----------------------------------------
Early stopping at step 0 due to reaching max kl: 0.03
----------------------------------------
| rollout/                |            |
|    ep_len_mean          | 763        |
|    ep_rew_mean          | 1.95e+03   |
| time/                   |            |
|    fps                  | 2695       |
|    iterations           | 531        |
|    time_elapsed         | 1614       |
|    total_timesteps      | 4349952    |
| train/                  |            |
|    approx_kl            | 0.01154058 |
|    clip_fraction        | 0.152      |
|    clip_range           | 0.2        |
|    entropy_loss         | -3.18      |
|    explained_variance   | 0.504      |
|    learning_rate        | 0.000126   |
|    loss                 | 0.0441     |
|    n_updates            | 611        |
|    policy_gradient_loss | 0.00824    |
|    std                  | 0.36       |
|    value_loss           | 0.0395     |
----------------------------------------
Early stopping at step 1 due to reaching max kl: 0.04
-----------------------------------------
| rollout/                |             |
|    ep_len_mean          | 761         |
|    ep_rew_mean          | 1.94e+03    |
| time/                   |             |
|    fps                  | 2694        |
|    iterations           | 532         |
|    time_elapsed         | 1617        |
|    total_timesteps      | 4358144     |
| train/                  |             |
|    approx_kl            | 0.023290087 |
|    clip_fraction        | 0.215       |
|    clip_range           | 0.2         |
|    entropy_loss         | -3.17       |
|    explained_variance   | 0.365       |
|    learning_rate        | 0.000126    |
|    loss                 | 0.0474      |
|    n_updates            | 613         |
|    policy_gradient_loss | 0.0058      |
|    std                  | 0.36        |
|    value_loss           | 0.0536      |
-----------------------------------------
Early stopping at step 0 due to reaching max kl: 0.03
-----------------------------------------
| rollout/                |             |
|    ep_len_mean          | 772         |
|    ep_rew_mean          | 1.98e+03    |
| time/                   |             |
|    fps                  | 2694        |
|    iterations           | 533         |
|    time_elapsed         | 1620        |
|    total_timesteps      | 4366336     |
| train/                  |             |
|    approx_kl            | 0.013679325 |
|    clip_fraction        | 0.186       |
|    clip_range           | 0.2         |
|    entropy_loss         | -3.16       |
|    explained_variance   | 0.524       |
|    learning_rate        | 0.000126    |
|    loss                 | 0.0121      |
|    n_updates            | 614         |
|    policy_gradient_loss | 0.00528     |
|    std                  | 0.359       |
|    value_loss           | 0.0306      |
-----------------------------------------
Early stopping at step 0 due to reaching max kl: 0.03
-----------------------------------------
| rollout/                |             |
|    ep_len_mean          | 780         |
|    ep_rew_mean          | 1.99e+03    |
| time/                   |             |
|    fps                  | 2694        |
|    iterations           | 534         |
|    time_elapsed         | 1623        |
|    total_timesteps      | 4374528     |
| train/                  |             |
|    approx_kl            | 0.011451883 |
|    clip_fraction        | 0.155       |
|    clip_range           | 0.2         |
|    entropy_loss         | -3.15       |
|    explained_variance   | 0.454       |
|    learning_rate        | 0.000125    |
|    loss                 | 0.0213      |
|    n_updates            | 615         |
|    policy_gradient_loss | 0.00226     |
|    std                  | 0.359       |
|    value_loss           | 0.0482      |
-----------------------------------------
Early stopping at step 0 due to reaching max kl: 0.03
-----------------------------------------
| rollout/                |             |
|    ep_len_mean          | 785         |
|    ep_rew_mean          | 2e+03       |
| time/                   |             |
|    fps                  | 2694        |
|    iterations           | 535         |
|    time_elapsed         | 1626        |
|    total_timesteps      | 4382720     |
| train/                  |             |
|    approx_kl            | 0.011767172 |
|    clip_fraction        | 0.151       |
|    clip_range           | 0.2         |
|    entropy_loss         | -3.14       |
|    explained_variance   | 0.315       |
|    learning_rate        | 0.000125    |
|    loss                 | 0.0802      |
|    n_updates            | 616         |
|    policy_gradient_loss | 0.00268     |
|    std                  | 0.359       |
|    value_loss           | 0.0922      |
-----------------------------------------
Early stopping at step 0 due to reaching max kl: 0.03
-----------------------------------------
| rollout/                |             |
|    ep_len_mean          | 795         |
|    ep_rew_mean          | 2.03e+03    |
| time/                   |             |
|    fps                  | 2694        |
|    iterations           | 536         |
|    time_elapsed         | 1629        |
|    total_timesteps      | 4390912     |
| train/                  |             |
|    approx_kl            | 0.011104664 |
|    clip_fraction        | 0.149       |
|    clip_range           | 0.2         |
|    entropy_loss         | -3.14       |
|    explained_variance   | 0.409       |
|    learning_rate        | 0.000125    |
|    loss                 | 0.0884      |
|    n_updates            | 617         |
|    policy_gradient_loss | 0.00568     |
|    std                  | 0.358       |
|    value_loss           | 0.105       |
-----------------------------------------
Early stopping at step 1 due to reaching max kl: 0.03
-----------------------------------------
| rollout/                |             |
|    ep_len_mean          | 801         |
|    ep_rew_mean          | 2.05e+03    |
| time/                   |             |
|    fps                  | 2694        |
|    iterations           | 537         |
|    time_elapsed         | 1632        |
|    total_timesteps      | 4399104     |
| train/                  |             |
|    approx_kl            | 0.024620852 |
|    clip_fraction        | 0.208       |
|    clip_range           | 0.2         |
|    entropy_loss         | -3.14       |
|    explained_variance   | 0.505       |
|    learning_rate        | 0.000124    |
|    loss                 | 0.0211      |
|    n_updates            | 619         |
|    policy_gradient_loss | 0.00457     |
|    std                  | 0.358       |
|    value_loss           | 0.0495      |
-----------------------------------------
Early stopping at step 1 due to reaching max kl: 0.03
----------------------------------------
| rollout/                |            |
|    ep_len_mean          | 805        |
|    ep_rew_mean          | 2.07e+03   |
| time/                   |            |
|    fps                  | 2694       |
|    iterations           | 538        |
|    time_elapsed         | 1635       |
|    total_timesteps      | 4407296    |
| train/                  |            |
|    approx_kl            | 0.01860097 |
|    clip_fraction        | 0.222      |
|    clip_range           | 0.2        |
|    entropy_loss         | -3.12      |
|    explained_variance   | 0.392      |
|    learning_rate        | 0.000124   |
|    loss                 | 0.0192     |
|    n_updates            | 621        |
|    policy_gradient_loss | -0.000245  |
|    std                  | 0.357      |
|    value_loss           | 0.0242     |
----------------------------------------
Early stopping at step 0 due to reaching max kl: 0.03
-----------------------------------------
| rollout/                |             |
|    ep_len_mean          | 805         |
|    ep_rew_mean          | 2.08e+03    |
| time/                   |             |
|    fps                  | 2694        |
|    iterations           | 539         |
|    time_elapsed         | 1638        |
|    total_timesteps      | 4415488     |
| train/                  |             |
|    approx_kl            | 0.010894307 |
|    clip_fraction        | 0.151       |
|    clip_range           | 0.2         |
|    entropy_loss         | -3.11       |
|    explained_variance   | 0.444       |
|    learning_rate        | 0.000124    |
|    loss                 | 0.106       |
|    n_updates            | 622         |
|    policy_gradient_loss | 0.00358     |
|    std                  | 0.357       |
|    value_loss           | 0.0742      |
-----------------------------------------
Early stopping at step 0 due to reaching max kl: 0.04
-----------------------------------------
| rollout/                |             |
|    ep_len_mean          | 798         |
|    ep_rew_mean          | 2.07e+03    |
| time/                   |             |
|    fps                  | 2694        |
|    iterations           | 540         |
|    time_elapsed         | 1642        |
|    total_timesteps      | 4423680     |
| train/                  |             |
|    approx_kl            | 0.013719856 |
|    clip_fraction        | 0.188       |
|    clip_range           | 0.2         |
|    entropy_loss         | -3.11       |
|    explained_variance   | 0.254       |
|    learning_rate        | 0.000123    |
|    loss                 | 0.1         |
|    n_updates            | 623         |
|    policy_gradient_loss | 0.00766     |
|    std                  | 0.357       |
|    value_loss           | 0.0785      |
-----------------------------------------
Early stopping at step 0 due to reaching max kl: 0.03
-----------------------------------------
| rollout/                |             |
|    ep_len_mean          | 801         |
|    ep_rew_mean          | 2.09e+03    |
| time/                   |             |
|    fps                  | 2694        |
|    iterations           | 541         |
|    time_elapsed         | 1645        |
|    total_timesteps      | 4431872     |
| train/                  |             |
|    approx_kl            | 0.014331765 |
|    clip_fraction        | 0.191       |
|    clip_range           | 0.2         |
|    entropy_loss         | -3.1        |
|    explained_variance   | 0.456       |
|    learning_rate        | 0.000123    |
|    loss                 | 0.0502      |
|    n_updates            | 624         |
|    policy_gradient_loss | 0.0086      |
|    std                  | 0.357       |
|    value_loss           | 0.0766      |
-----------------------------------------
Early stopping at step 0 due to reaching max kl: 0.03
-----------------------------------------
| rollout/                |             |
|    ep_len_mean          | 805         |
|    ep_rew_mean          | 2.11e+03    |
| time/                   |             |
|    fps                  | 2694        |
|    iterations           | 542         |
|    time_elapsed         | 1648        |
|    total_timesteps      | 4440064     |
| train/                  |             |
|    approx_kl            | 0.010723138 |
|    clip_fraction        | 0.149       |
|    clip_range           | 0.2         |
|    entropy_loss         | -3.1        |
|    explained_variance   | 0.291       |
|    learning_rate        | 0.000123    |
|    loss                 | 0.0291      |
|    n_updates            | 625         |
|    policy_gradient_loss | 0.00256     |
|    std                  | 0.357       |
|    value_loss           | 0.0424      |
-----------------------------------------
Early stopping at step 0 due to reaching max kl: 0.03
-----------------------------------------
| rollout/                |             |
|    ep_len_mean          | 790         |
|    ep_rew_mean          | 2.07e+03    |
| time/                   |             |
|    fps                  | 2694        |
|    iterations           | 543         |
|    time_elapsed         | 1651        |
|    total_timesteps      | 4448256     |
| train/                  |             |
|    approx_kl            | 0.011014511 |
|    clip_fraction        | 0.145       |
|    clip_range           | 0.2         |
|    entropy_loss         | -3.09       |
|    explained_variance   | 0.589       |
|    learning_rate        | 0.000122    |
|    loss                 | -0.00197    |
|    n_updates            | 626         |
|    policy_gradient_loss | 0.00505     |
|    std                  | 0.356       |
|    value_loss           | 0.0237      |
-----------------------------------------
Early stopping at step 0 due to reaching max kl: 0.03
-----------------------------------------
| rollout/                |             |
|    ep_len_mean          | 795         |
|    ep_rew_mean          | 2.08e+03    |
| time/                   |             |
|    fps                  | 2694        |
|    iterations           | 544         |
|    time_elapsed         | 1653        |
|    total_timesteps      | 4456448     |
| train/                  |             |
|    approx_kl            | 0.007813068 |
|    clip_fraction        | 0.102       |
|    clip_range           | 0.2         |
|    entropy_loss         | -3.09       |
|    explained_variance   | 0.349       |
|    learning_rate        | 0.000122    |
|    loss                 | 0.113       |
|    n_updates            | 627         |
|    policy_gradient_loss | -1.52e-05   |
|    std                  | 0.356       |
|    value_loss           | 0.102       |
-----------------------------------------
Early stopping at step 0 due to reaching max kl: 0.03
-----------------------------------------
| rollout/                |             |
|    ep_len_mean          | 805         |
|    ep_rew_mean          | 2.12e+03    |
| time/                   |             |
|    fps                  | 2694        |
|    iterations           | 545         |
|    time_elapsed         | 1657        |
|    total_timesteps      | 4464640     |
| train/                  |             |
|    approx_kl            | 0.013246982 |
|    clip_fraction        | 0.176       |
|    clip_range           | 0.2         |
|    entropy_loss         | -3.09       |
|    explained_variance   | 0.431       |
|    learning_rate        | 0.000122    |
|    loss                 | 0.0689      |
|    n_updates            | 628         |
|    policy_gradient_loss | 0.00504     |
|    std                  | 0.356       |
|    value_loss           | 0.0754      |
-----------------------------------------
Early stopping at step 0 due to reaching max kl: 0.04
----------------------------------------
| rollout/                |            |
|    ep_len_mean          | 814        |
|    ep_rew_mean          | 2.15e+03   |
| time/                   |            |
|    fps                  | 2694       |
|    iterations           | 546        |
|    time_elapsed         | 1660       |
|    total_timesteps      | 4472832    |
| train/                  |            |
|    approx_kl            | 0.01285425 |
|    clip_fraction        | 0.169      |
|    clip_range           | 0.2        |
|    entropy_loss         | -3.08      |
|    explained_variance   | 0.389      |
|    learning_rate        | 0.000121   |
|    loss                 | 0.0493     |
|    n_updates            | 629        |
|    policy_gradient_loss | 0.00526    |
|    std                  | 0.355      |
|    value_loss           | 0.038      |
----------------------------------------
Early stopping at step 1 due to reaching max kl: 0.03
-----------------------------------------
| rollout/                |             |
|    ep_len_mean          | 803         |
|    ep_rew_mean          | 2.1e+03     |
| time/                   |             |
|    fps                  | 2694        |
|    iterations           | 547         |
|    time_elapsed         | 1663        |
|    total_timesteps      | 4481024     |
| train/                  |             |
|    approx_kl            | 0.018980557 |
|    clip_fraction        | 0.195       |
|    clip_range           | 0.2         |
|    entropy_loss         | -3.07       |
|    explained_variance   | 0.767       |
|    learning_rate        | 0.000121    |
|    loss                 | -0.00124    |
|    n_updates            | 631         |
|    policy_gradient_loss | 0.00165     |
|    std                  | 0.355       |
|    value_loss           | 0.00828     |
-----------------------------------------
Early stopping at step 1 due to reaching max kl: 0.04
-----------------------------------------
| rollout/                |             |
|    ep_len_mean          | 805         |
|    ep_rew_mean          | 2.11e+03    |
| time/                   |             |
|    fps                  | 2693        |
|    iterations           | 548         |
|    time_elapsed         | 1666        |
|    total_timesteps      | 4489216     |
| train/                  |             |
|    approx_kl            | 0.024675937 |
|    clip_fraction        | 0.18        |
|    clip_range           | 0.2         |
|    entropy_loss         | -3.05       |
|    explained_variance   | 0.359       |
|    learning_rate        | 0.000121    |
|    loss                 | -0.00851    |
|    n_updates            | 633         |
|    policy_gradient_loss | 0.00357     |
|    std                  | 0.354       |
|    value_loss           | 0.0468      |
-----------------------------------------
Early stopping at step 1 due to reaching max kl: 0.03
-----------------------------------------
| rollout/                |             |
|    ep_len_mean          | 811         |
|    ep_rew_mean          | 2.12e+03    |
| time/                   |             |
|    fps                  | 2693        |
|    iterations           | 549         |
|    time_elapsed         | 1669        |
|    total_timesteps      | 4497408     |
| train/                  |             |
|    approx_kl            | 0.020541275 |
|    clip_fraction        | 0.219       |
|    clip_range           | 0.2         |
|    entropy_loss         | -3.04       |
|    explained_variance   | 0.598       |
|    learning_rate        | 0.00012     |
|    loss                 | 0.0051      |
|    n_updates            | 635         |
|    policy_gradient_loss | 0.00291     |
|    std                  | 0.354       |
|    value_loss           | 0.0238      |
-----------------------------------------
Early stopping at step 0 due to reaching max kl: 0.03
----------------------------------------
| rollout/                |            |
|    ep_len_mean          | 807        |
|    ep_rew_mean          | 2.11e+03   |
| time/                   |            |
|    fps                  | 2693       |
|    iterations           | 550        |
|    time_elapsed         | 1672       |
|    total_timesteps      | 4505600    |
| train/                  |            |
|    approx_kl            | 0.01268916 |
|    clip_fraction        | 0.174      |
|    clip_range           | 0.2        |
|    entropy_loss         | -3.02      |
|    explained_variance   | 0.428      |
|    learning_rate        | 0.00012    |
|    loss                 | 0.0309     |
|    n_updates            | 636        |
|    policy_gradient_loss | 0.0063     |
|    std                  | 0.353      |
|    value_loss           | 0.033      |
----------------------------------------
Early stopping at step 1 due to reaching max kl: 0.03
-----------------------------------------
| rollout/                |             |
|    ep_len_mean          | 810         |
|    ep_rew_mean          | 2.1e+03     |
| time/                   |             |
|    fps                  | 2693        |
|    iterations           | 551         |
|    time_elapsed         | 1675        |
|    total_timesteps      | 4513792     |
| train/                  |             |
|    approx_kl            | 0.022871051 |
|    clip_fraction        | 0.193       |
|    clip_range           | 0.2         |
|    entropy_loss         | -3.02       |
|    explained_variance   | 0.252       |
|    learning_rate        | 0.00012     |
|    loss                 | 0.013       |
|    n_updates            | 638         |
|    policy_gradient_loss | 0.00633     |
|    std                  | 0.353       |
|    value_loss           | 0.0748      |
-----------------------------------------
Early stopping at step 1 due to reaching max kl: 0.03
-----------------------------------------
| rollout/                |             |
|    ep_len_mean          | 798         |
|    ep_rew_mean          | 2.07e+03    |
| time/                   |             |
|    fps                  | 2693        |
|    iterations           | 552         |
|    time_elapsed         | 1679        |
|    total_timesteps      | 4521984     |
| train/                  |             |
|    approx_kl            | 0.021429883 |
|    clip_fraction        | 0.18        |
|    clip_range           | 0.2         |
|    entropy_loss         | -3.01       |
|    explained_variance   | 0.392       |
|    learning_rate        | 0.000119    |
|    loss                 | -0.000788   |
|    n_updates            | 640         |
|    policy_gradient_loss | 0.00324     |
|    std                  | 0.352       |
|    value_loss           | 0.0369      |
-----------------------------------------
Early stopping at step 1 due to reaching max kl: 0.03
-----------------------------------------
| rollout/                |             |
|    ep_len_mean          | 808         |
|    ep_rew_mean          | 2.11e+03    |
| time/                   |             |
|    fps                  | 2692        |
|    iterations           | 553         |
|    time_elapsed         | 1682        |
|    total_timesteps      | 4530176     |
| train/                  |             |
|    approx_kl            | 0.019991113 |
|    clip_fraction        | 0.205       |
|    clip_range           | 0.2         |
|    entropy_loss         | -3          |
|    explained_variance   | 0.324       |
|    learning_rate        | 0.000119    |
|    loss                 | 0.00506     |
|    n_updates            | 642         |
|    policy_gradient_loss | 0.00448     |
|    std                  | 0.352       |
|    value_loss           | 0.0537      |
-----------------------------------------
Early stopping at step 0 due to reaching max kl: 0.03
-----------------------------------------
| rollout/                |             |
|    ep_len_mean          | 819         |
|    ep_rew_mean          | 2.13e+03    |
| time/                   |             |
|    fps                  | 2693        |
|    iterations           | 554         |
|    time_elapsed         | 1685        |
|    total_timesteps      | 4538368     |
| train/                  |             |
|    approx_kl            | 0.009473881 |
|    clip_fraction        | 0.125       |
|    clip_range           | 0.2         |
|    entropy_loss         | -2.99       |
|    explained_variance   | 0.35        |
|    learning_rate        | 0.000119    |
|    loss                 | -0.00935    |
|    n_updates            | 643         |
|    policy_gradient_loss | 0.00503     |
|    std                  | 0.352       |
|    value_loss           | 0.0982      |
-----------------------------------------
Early stopping at step 1 due to reaching max kl: 0.03
----------------------------------------
| rollout/                |            |
|    ep_len_mean          | 824        |
|    ep_rew_mean          | 2.14e+03   |
| time/                   |            |
|    fps                  | 2692       |
|    iterations           | 555        |
|    time_elapsed         | 1688       |
|    total_timesteps      | 4546560    |
| train/                  |            |
|    approx_kl            | 0.02274279 |
|    clip_fraction        | 0.204      |
|    clip_range           | 0.2        |
|    entropy_loss         | -2.98      |
|    explained_variance   | 0.331      |
|    learning_rate        | 0.000118   |
|    loss                 | -0.0121    |
|    n_updates            | 645        |
|    policy_gradient_loss | 0.0023     |
|    std                  | 0.351      |
|    value_loss           | 0.0327     |
----------------------------------------
Early stopping at step 1 due to reaching max kl: 0.03
----------------------------------------
| rollout/                |            |
|    ep_len_mean          | 807        |
|    ep_rew_mean          | 2.1e+03    |
| time/                   |            |
|    fps                  | 2692       |
|    iterations           | 556        |
|    time_elapsed         | 1691       |
|    total_timesteps      | 4554752    |
| train/                  |            |
|    approx_kl            | 0.01855286 |
|    clip_fraction        | 0.19       |
|    clip_range           | 0.2        |
|    entropy_loss         | -2.96      |
|    explained_variance   | 0.536      |
|    learning_rate        | 0.000118   |
|    loss                 | 0.0817     |
|    n_updates            | 647        |
|    policy_gradient_loss | 0.00329    |
|    std                  | 0.35       |
|    value_loss           | 0.0208     |
----------------------------------------
Early stopping at step 0 due to reaching max kl: 0.03
-----------------------------------------
| rollout/                |             |
|    ep_len_mean          | 808         |
|    ep_rew_mean          | 2.11e+03    |
| time/                   |             |
|    fps                  | 2692        |
|    iterations           | 557         |
|    time_elapsed         | 1694        |
|    total_timesteps      | 4562944     |
| train/                  |             |
|    approx_kl            | 0.012969115 |
|    clip_fraction        | 0.184       |
|    clip_range           | 0.2         |
|    entropy_loss         | -2.95       |
|    explained_variance   | 0.35        |
|    learning_rate        | 0.000118    |
|    loss                 | 0.115       |
|    n_updates            | 648         |
|    policy_gradient_loss | 0.00558     |
|    std                  | 0.35        |
|    value_loss           | 0.0528      |
-----------------------------------------
Early stopping at step 1 due to reaching max kl: 0.03
----------------------------------------
| rollout/                |            |
|    ep_len_mean          | 795        |
|    ep_rew_mean          | 2.08e+03   |
| time/                   |            |
|    fps                  | 2692       |
|    iterations           | 558        |
|    time_elapsed         | 1697       |
|    total_timesteps      | 4571136    |
| train/                  |            |
|    approx_kl            | 0.01953861 |
|    clip_fraction        | 0.199      |
|    clip_range           | 0.2        |
|    entropy_loss         | -2.94      |
|    explained_variance   | 0.478      |
|    learning_rate        | 0.000117   |
|    loss                 | -0.018     |
|    n_updates            | 650        |
|    policy_gradient_loss | 0.00199    |
|    std                  | 0.349      |
|    value_loss           | 0.033      |
----------------------------------------
Early stopping at step 1 due to reaching max kl: 0.03
----------------------------------------
| rollout/                |            |
|    ep_len_mean          | 803        |
|    ep_rew_mean          | 2.11e+03   |
| time/                   |            |
|    fps                  | 2692       |
|    iterations           | 559        |
|    time_elapsed         | 1700       |
|    total_timesteps      | 4579328    |
| train/                  |            |
|    approx_kl            | 0.02314023 |
|    clip_fraction        | 0.209      |
|    clip_range           | 0.2        |
|    entropy_loss         | -2.92      |
|    explained_variance   | 0.504      |
|    learning_rate        | 0.000117   |
|    loss                 | 0.0194     |
|    n_updates            | 652        |
|    policy_gradient_loss | 0.00533    |
|    std                  | 0.348      |
|    value_loss           | 0.0584     |
----------------------------------------
Early stopping at step 1 due to reaching max kl: 0.03
-----------------------------------------
| rollout/                |             |
|    ep_len_mean          | 821         |
|    ep_rew_mean          | 2.16e+03    |
| time/                   |             |
|    fps                  | 2692        |
|    iterations           | 560         |
|    time_elapsed         | 1704        |
|    total_timesteps      | 4587520     |
| train/                  |             |
|    approx_kl            | 0.019692369 |
|    clip_fraction        | 0.204       |
|    clip_range           | 0.2         |
|    entropy_loss         | -2.9        |
|    explained_variance   | 0.669       |
|    learning_rate        | 0.000117    |
|    loss                 | 0.0265      |
|    n_updates            | 654         |
|    policy_gradient_loss | 0.0015      |
|    std                  | 0.348       |
|    value_loss           | 0.0241      |
-----------------------------------------
Early stopping at step 0 due to reaching max kl: 0.03
-----------------------------------------
| rollout/                |             |
|    ep_len_mean          | 815         |
|    ep_rew_mean          | 2.16e+03    |
| time/                   |             |
|    fps                  | 2692        |
|    iterations           | 561         |
|    time_elapsed         | 1707        |
|    total_timesteps      | 4595712     |
| train/                  |             |
|    approx_kl            | 0.014346502 |
|    clip_fraction        | 0.188       |
|    clip_range           | 0.2         |
|    entropy_loss         | -2.9        |
|    explained_variance   | 0.405       |
|    learning_rate        | 0.000116    |
|    loss                 | 0.0999      |
|    n_updates            | 655         |
|    policy_gradient_loss | 0.00696     |
|    std                  | 0.348       |
|    value_loss           | 0.0862      |
-----------------------------------------
Early stopping at step 1 due to reaching max kl: 0.03
-----------------------------------------
| rollout/                |             |
|    ep_len_mean          | 816         |
|    ep_rew_mean          | 2.17e+03    |
| time/                   |             |
|    fps                  | 2691        |
|    iterations           | 562         |
|    time_elapsed         | 1710        |
|    total_timesteps      | 4603904     |
| train/                  |             |
|    approx_kl            | 0.028400546 |
|    clip_fraction        | 0.187       |
|    clip_range           | 0.2         |
|    entropy_loss         | -2.89       |
|    explained_variance   | 0.474       |
|    learning_rate        | 0.000116    |
|    loss                 | 0.0334      |
|    n_updates            | 657         |
|    policy_gradient_loss | 0.00464     |
|    std                  | 0.348       |
|    value_loss           | 0.0692      |
-----------------------------------------
Early stopping at step 0 due to reaching max kl: 0.04
-----------------------------------------
| rollout/                |             |
|    ep_len_mean          | 838         |
|    ep_rew_mean          | 2.24e+03    |
| time/                   |             |
|    fps                  | 2691        |
|    iterations           | 563         |
|    time_elapsed         | 1713        |
|    total_timesteps      | 4612096     |
| train/                  |             |
|    approx_kl            | 0.010666521 |
|    clip_fraction        | 0.142       |
|    clip_range           | 0.2         |
|    entropy_loss         | -2.89       |
|    explained_variance   | 0.428       |
|    learning_rate        | 0.000116    |
|    loss                 | 0.0263      |
|    n_updates            | 658         |
|    policy_gradient_loss | 0.00628     |
|    std                  | 0.347       |
|    value_loss           | 0.0469      |
-----------------------------------------
Early stopping at step 1 due to reaching max kl: 0.03
-----------------------------------------
| rollout/                |             |
|    ep_len_mean          | 828         |
|    ep_rew_mean          | 2.21e+03    |
| time/                   |             |
|    fps                  | 2691        |
|    iterations           | 564         |
|    time_elapsed         | 1716        |
|    total_timesteps      | 4620288     |
| train/                  |             |
|    approx_kl            | 0.020139154 |
|    clip_fraction        | 0.198       |
|    clip_range           | 0.2         |
|    entropy_loss         | -2.89       |
|    explained_variance   | 0.557       |
|    learning_rate        | 0.000116    |
|    loss                 | -0.00307    |
|    n_updates            | 660         |
|    policy_gradient_loss | 0.00501     |
|    std                  | 0.347       |
|    value_loss           | 0.0454      |
-----------------------------------------
Early stopping at step 0 due to reaching max kl: 0.04
----------------------------------------
| rollout/                |            |
|    ep_len_mean          | 832        |
|    ep_rew_mean          | 2.23e+03   |
| time/                   |            |
|    fps                  | 2691       |
|    iterations           | 565        |
|    time_elapsed         | 1719       |
|    total_timesteps      | 4628480    |
| train/                  |            |
|    approx_kl            | 0.01357241 |
|    clip_fraction        | 0.187      |
|    clip_range           | 0.2        |
|    entropy_loss         | -2.88      |
|    explained_variance   | 0.473      |
|    learning_rate        | 0.000115   |
|    loss                 | 0.0521     |
|    n_updates            | 661        |
|    policy_gradient_loss | 0.0085     |
|    std                  | 0.347      |
|    value_loss           | 0.0835     |
----------------------------------------
Early stopping at step 0 due to reaching max kl: 0.03
-----------------------------------------
| rollout/                |             |
|    ep_len_mean          | 830         |
|    ep_rew_mean          | 2.23e+03    |
| time/                   |             |
|    fps                  | 2691        |
|    iterations           | 566         |
|    time_elapsed         | 1722        |
|    total_timesteps      | 4636672     |
| train/                  |             |
|    approx_kl            | 0.013099045 |
|    clip_fraction        | 0.179       |
|    clip_range           | 0.2         |
|    entropy_loss         | -2.87       |
|    explained_variance   | 0.669       |
|    learning_rate        | 0.000115    |
|    loss                 | 0.00529     |
|    n_updates            | 662         |
|    policy_gradient_loss | 0.0074      |
|    std                  | 0.346       |
|    value_loss           | 0.0297      |
-----------------------------------------
Early stopping at step 0 due to reaching max kl: 0.03
-----------------------------------------
| rollout/                |             |
|    ep_len_mean          | 834         |
|    ep_rew_mean          | 2.25e+03    |
| time/                   |             |
|    fps                  | 2691        |
|    iterations           | 567         |
|    time_elapsed         | 1725        |
|    total_timesteps      | 4644864     |
| train/                  |             |
|    approx_kl            | 0.011478022 |
|    clip_fraction        | 0.153       |
|    clip_range           | 0.2         |
|    entropy_loss         | -2.87       |
|    explained_variance   | 0.485       |
|    learning_rate        | 0.000115    |
|    loss                 | 0.0646      |
|    n_updates            | 663         |
|    policy_gradient_loss | 0.00304     |
|    std                  | 0.346       |
|    value_loss           | 0.0552      |
-----------------------------------------
Early stopping at step 0 due to reaching max kl: 0.03
-----------------------------------------
| rollout/                |             |
|    ep_len_mean          | 838         |
|    ep_rew_mean          | 2.26e+03    |
| time/                   |             |
|    fps                  | 2691        |
|    iterations           | 568         |
|    time_elapsed         | 1728        |
|    total_timesteps      | 4653056     |
| train/                  |             |
|    approx_kl            | 0.010095002 |
|    clip_fraction        | 0.134       |
|    clip_range           | 0.2         |
|    entropy_loss         | -2.86       |
|    explained_variance   | 0.513       |
|    learning_rate        | 0.000114    |
|    loss                 | 0.00229     |
|    n_updates            | 664         |
|    policy_gradient_loss | 0.00171     |
|    std                  | 0.346       |
|    value_loss           | 0.0375      |
-----------------------------------------
Early stopping at step 0 due to reaching max kl: 0.03
-----------------------------------------
| rollout/                |             |
|    ep_len_mean          | 820         |
|    ep_rew_mean          | 2.22e+03    |
| time/                   |             |
|    fps                  | 2691        |
|    iterations           | 569         |
|    time_elapsed         | 1731        |
|    total_timesteps      | 4661248     |
| train/                  |             |
|    approx_kl            | 0.011843954 |
|    clip_fraction        | 0.161       |
|    clip_range           | 0.2         |
|    entropy_loss         | -2.86       |
|    explained_variance   | 0.471       |
|    learning_rate        | 0.000114    |
|    loss                 | 0.0293      |
|    n_updates            | 665         |
|    policy_gradient_loss | 0.00521     |
|    std                  | 0.346       |
|    value_loss           | 0.0759      |
-----------------------------------------
Early stopping at step 0 due to reaching max kl: 0.03
-----------------------------------------
| rollout/                |             |
|    ep_len_mean          | 821         |
|    ep_rew_mean          | 2.24e+03    |
| time/                   |             |
|    fps                  | 2691        |
|    iterations           | 570         |
|    time_elapsed         | 1734        |
|    total_timesteps      | 4669440     |
| train/                  |             |
|    approx_kl            | 0.010860375 |
|    clip_fraction        | 0.148       |
|    clip_range           | 0.2         |
|    entropy_loss         | -2.85       |
|    explained_variance   | 0.522       |
|    learning_rate        | 0.000114    |
|    loss                 | 0.0147      |
|    n_updates            | 666         |
|    policy_gradient_loss | 0.00586     |
|    std                  | 0.346       |
|    value_loss           | 0.0466      |
-----------------------------------------
Early stopping at step 1 due to reaching max kl: 0.04
-----------------------------------------
| rollout/                |             |
|    ep_len_mean          | 821         |
|    ep_rew_mean          | 2.24e+03    |
| time/                   |             |
|    fps                  | 2691        |
|    iterations           | 571         |
|    time_elapsed         | 1737        |
|    total_timesteps      | 4677632     |
| train/                  |             |
|    approx_kl            | 0.022461755 |
|    clip_fraction        | 0.194       |
|    clip_range           | 0.2         |
|    entropy_loss         | -2.85       |
|    explained_variance   | 0.527       |
|    learning_rate        | 0.000113    |
|    loss                 | 0.00722     |
|    n_updates            | 668         |
|    policy_gradient_loss | 0.00448     |
|    std                  | 0.345       |
|    value_loss           | 0.0531      |
-----------------------------------------
Early stopping at step 0 due to reaching max kl: 0.03
-----------------------------------------
| rollout/                |             |
|    ep_len_mean          | 786         |
|    ep_rew_mean          | 2.14e+03    |
| time/                   |             |
|    fps                  | 2691        |
|    iterations           | 572         |
|    time_elapsed         | 1740        |
|    total_timesteps      | 4685824     |
| train/                  |             |
|    approx_kl            | 0.013839759 |
|    clip_fraction        | 0.183       |
|    clip_range           | 0.2         |
|    entropy_loss         | -2.84       |
|    explained_variance   | 0.443       |
|    learning_rate        | 0.000113    |
|    loss                 | -0.0019     |
|    n_updates            | 669         |
|    policy_gradient_loss | 0.00329     |
|    std                  | 0.345       |
|    value_loss           | 0.0831      |
-----------------------------------------
Early stopping at step 0 due to reaching max kl: 0.03
-----------------------------------------
| rollout/                |             |
|    ep_len_mean          | 783         |
|    ep_rew_mean          | 2.14e+03    |
| time/                   |             |
|    fps                  | 2691        |
|    iterations           | 573         |
|    time_elapsed         | 1743        |
|    total_timesteps      | 4694016     |
| train/                  |             |
|    approx_kl            | 0.011360752 |
|    clip_fraction        | 0.135       |
|    clip_range           | 0.2         |
|    entropy_loss         | -2.84       |
|    explained_variance   | 0.39        |
|    learning_rate        | 0.000113    |
|    loss                 | 0.0916      |
|    n_updates            | 670         |
|    policy_gradient_loss | 0.00964     |
|    std                  | 0.345       |
|    value_loss           | 0.128       |
-----------------------------------------
Early stopping at step 0 due to reaching max kl: 0.03
-----------------------------------------
| rollout/                |             |
|    ep_len_mean          | 796         |
|    ep_rew_mean          | 2.19e+03    |
| time/                   |             |
|    fps                  | 2691        |
|    iterations           | 574         |
|    time_elapsed         | 1746        |
|    total_timesteps      | 4702208     |
| train/                  |             |
|    approx_kl            | 0.010403387 |
|    clip_fraction        | 0.135       |
|    clip_range           | 0.2         |
|    entropy_loss         | -2.84       |
|    explained_variance   | 0.576       |
|    learning_rate        | 0.000112    |
|    loss                 | 0.0868      |
|    n_updates            | 671         |
|    policy_gradient_loss | 0.00597     |
|    std                  | 0.345       |
|    value_loss           | 0.0665      |
-----------------------------------------
Early stopping at step 1 due to reaching max kl: 0.03
----------------------------------------
| rollout/                |            |
|    ep_len_mean          | 790        |
|    ep_rew_mean          | 2.19e+03   |
| time/                   |            |
|    fps                  | 2691       |
|    iterations           | 575        |
|    time_elapsed         | 1749       |
|    total_timesteps      | 4710400    |
| train/                  |            |
|    approx_kl            | 0.02118567 |
|    clip_fraction        | 0.204      |
|    clip_range           | 0.2        |
|    entropy_loss         | -2.84      |
|    explained_variance   | 0.508      |
|    learning_rate        | 0.000112   |
|    loss                 | -0.0376    |
|    n_updates            | 673        |
|    policy_gradient_loss | 0.00317    |
|    std                  | 0.345      |
|    value_loss           | 0.0465     |
----------------------------------------
Early stopping at step 0 due to reaching max kl: 0.04
-----------------------------------------
| rollout/                |             |
|    ep_len_mean          | 781         |
|    ep_rew_mean          | 2.17e+03    |
| time/                   |             |
|    fps                  | 2691        |
|    iterations           | 576         |
|    time_elapsed         | 1752        |
|    total_timesteps      | 4718592     |
| train/                  |             |
|    approx_kl            | 0.011934259 |
|    clip_fraction        | 0.161       |
|    clip_range           | 0.2         |
|    entropy_loss         | -2.83       |
|    explained_variance   | 0.443       |
|    learning_rate        | 0.000112    |
|    loss                 | 0.0539      |
|    n_updates            | 674         |
|    policy_gradient_loss | 0.00228     |
|    std                  | 0.345       |
|    value_loss           | 0.0743      |
-----------------------------------------
Early stopping at step 1 due to reaching max kl: 0.03
-----------------------------------------
| rollout/                |             |
|    ep_len_mean          | 784         |
|    ep_rew_mean          | 2.19e+03    |
| time/                   |             |
|    fps                  | 2691        |
|    iterations           | 577         |
|    time_elapsed         | 1756        |
|    total_timesteps      | 4726784     |
| train/                  |             |
|    approx_kl            | 0.020744821 |
|    clip_fraction        | 0.185       |
|    clip_range           | 0.2         |
|    entropy_loss         | -2.83       |
|    explained_variance   | 0.506       |
|    learning_rate        | 0.000111    |
|    loss                 | 0.0214      |
|    n_updates            | 676         |
|    policy_gradient_loss | 0.00629     |
|    std                  | 0.345       |
|    value_loss           | 0.0723      |
-----------------------------------------
Early stopping at step 0 due to reaching max kl: 0.03
-----------------------------------------
| rollout/                |             |
|    ep_len_mean          | 792         |
|    ep_rew_mean          | 2.22e+03    |
| time/                   |             |
|    fps                  | 2691        |
|    iterations           | 578         |
|    time_elapsed         | 1759        |
|    total_timesteps      | 4734976     |
| train/                  |             |
|    approx_kl            | 0.013384106 |
|    clip_fraction        | 0.187       |
|    clip_range           | 0.2         |
|    entropy_loss         | -2.82       |
|    explained_variance   | 0.567       |
|    learning_rate        | 0.000111    |
|    loss                 | -0.00476    |
|    n_updates            | 677         |
|    policy_gradient_loss | 0.00702     |
|    std                  | 0.344       |
|    value_loss           | 0.0572      |
-----------------------------------------
Early stopping at step 1 due to reaching max kl: 0.03
----------------------------------------
| rollout/                |            |
|    ep_len_mean          | 765        |
|    ep_rew_mean          | 2.13e+03   |
| time/                   |            |
|    fps                  | 2691       |
|    iterations           | 579        |
|    time_elapsed         | 1762       |
|    total_timesteps      | 4743168    |
| train/                  |            |
|    approx_kl            | 0.02215031 |
|    clip_fraction        | 0.208      |
|    clip_range           | 0.2        |
|    entropy_loss         | -2.82      |
|    explained_variance   | 0.419      |
|    learning_rate        | 0.000111   |
|    loss                 | 0.0424     |
|    n_updates            | 679        |
|    policy_gradient_loss | 0.00399    |
|    std                  | 0.344      |
|    value_loss           | 0.0906     |
----------------------------------------
Early stopping at step 0 due to reaching max kl: 0.03
-----------------------------------------
| rollout/                |             |
|    ep_len_mean          | 762         |
|    ep_rew_mean          | 2.11e+03    |
| time/                   |             |
|    fps                  | 2691        |
|    iterations           | 580         |
|    time_elapsed         | 1765        |
|    total_timesteps      | 4751360     |
| train/                  |             |
|    approx_kl            | 0.014136307 |
|    clip_fraction        | 0.193       |
|    clip_range           | 0.2         |
|    entropy_loss         | -2.82       |
|    explained_variance   | 0.348       |
|    learning_rate        | 0.00011     |
|    loss                 | 0.0315      |
|    n_updates            | 680         |
|    policy_gradient_loss | 0.00475     |
|    std                  | 0.344       |
|    value_loss           | 0.0977      |
-----------------------------------------
Early stopping at step 0 due to reaching max kl: 0.03
-----------------------------------------
| rollout/                |             |
|    ep_len_mean          | 797         |
|    ep_rew_mean          | 2.21e+03    |
| time/                   |             |
|    fps                  | 2691        |
|    iterations           | 581         |
|    time_elapsed         | 1768        |
|    total_timesteps      | 4759552     |
| train/                  |             |
|    approx_kl            | 0.012775495 |
|    clip_fraction        | 0.173       |
|    clip_range           | 0.2         |
|    entropy_loss         | -2.81       |
|    explained_variance   | 0.385       |
|    learning_rate        | 0.00011     |
|    loss                 | 0.187       |
|    n_updates            | 681         |
|    policy_gradient_loss | 0.00658     |
|    std                  | 0.344       |
|    value_loss           | 0.0725      |
-----------------------------------------
Early stopping at step 1 due to reaching max kl: 0.04
-----------------------------------------
| rollout/                |             |
|    ep_len_mean          | 798         |
|    ep_rew_mean          | 2.22e+03    |
| time/                   |             |
|    fps                  | 2691        |
|    iterations           | 582         |
|    time_elapsed         | 1771        |
|    total_timesteps      | 4767744     |
| train/                  |             |
|    approx_kl            | 0.022356974 |
|    clip_fraction        | 0.211       |
|    clip_range           | 0.2         |
|    entropy_loss         | -2.8        |
|    explained_variance   | 0.665       |
|    learning_rate        | 0.00011     |
|    loss                 | -0.002      |
|    n_updates            | 683         |
|    policy_gradient_loss | 0.000199    |
|    std                  | 0.343       |
|    value_loss           | 0.0279      |
-----------------------------------------
Early stopping at step 0 due to reaching max kl: 0.03
-----------------------------------------
| rollout/                |             |
|    ep_len_mean          | 789         |
|    ep_rew_mean          | 2.19e+03    |
| time/                   |             |
|    fps                  | 2691        |
|    iterations           | 583         |
|    time_elapsed         | 1774        |
|    total_timesteps      | 4775936     |
| train/                  |             |
|    approx_kl            | 0.012869645 |
|    clip_fraction        | 0.171       |
|    clip_range           | 0.2         |
|    entropy_loss         | -2.8        |
|    explained_variance   | 0.364       |
|    learning_rate        | 0.000109    |
|    loss                 | 0.149       |
|    n_updates            | 684         |
|    policy_gradient_loss | 0.00802     |
|    std                  | 0.343       |
|    value_loss           | 0.126       |
-----------------------------------------
Early stopping at step 1 due to reaching max kl: 0.03
-----------------------------------------
| rollout/                |             |
|    ep_len_mean          | 763         |
|    ep_rew_mean          | 2.1e+03     |
| time/                   |             |
|    fps                  | 2691        |
|    iterations           | 584         |
|    time_elapsed         | 1777        |
|    total_timesteps      | 4784128     |
| train/                  |             |
|    approx_kl            | 0.019493094 |
|    clip_fraction        | 0.192       |
|    clip_range           | 0.2         |
|    entropy_loss         | -2.79       |
|    explained_variance   | 0.522       |
|    learning_rate        | 0.000109    |
|    loss                 | -0.012      |
|    n_updates            | 686         |
|    policy_gradient_loss | 0.00318     |
|    std                  | 0.343       |
|    value_loss           | 0.0436      |
-----------------------------------------
Early stopping at step 0 due to reaching max kl: 0.03
-----------------------------------------
| rollout/                |             |
|    ep_len_mean          | 778         |
|    ep_rew_mean          | 2.14e+03    |
| time/                   |             |
|    fps                  | 2691        |
|    iterations           | 585         |
|    time_elapsed         | 1780        |
|    total_timesteps      | 4792320     |
| train/                  |             |
|    approx_kl            | 0.014458623 |
|    clip_fraction        | 0.194       |
|    clip_range           | 0.2         |
|    entropy_loss         | -2.78       |
|    explained_variance   | 0.449       |
|    learning_rate        | 0.000109    |
|    loss                 | 0.00217     |
|    n_updates            | 687         |
|    policy_gradient_loss | 0.00437     |
|    std                  | 0.342       |
|    value_loss           | 0.0836      |
-----------------------------------------
Early stopping at step 0 due to reaching max kl: 0.03
-----------------------------------------
| rollout/                |             |
|    ep_len_mean          | 770         |
|    ep_rew_mean          | 2.12e+03    |
| time/                   |             |
|    fps                  | 2691        |
|    iterations           | 586         |
|    time_elapsed         | 1783        |
|    total_timesteps      | 4800512     |
| train/                  |             |
|    approx_kl            | 0.011388943 |
|    clip_fraction        | 0.161       |
|    clip_range           | 0.2         |
|    entropy_loss         | -2.77       |
|    explained_variance   | 0.608       |
|    learning_rate        | 0.000108    |
|    loss                 | 0.0215      |
|    n_updates            | 688         |
|    policy_gradient_loss | 0.0054      |
|    std                  | 0.342       |
|    value_loss           | 0.0329      |
-----------------------------------------
Early stopping at step 1 due to reaching max kl: 0.03
----------------------------------------
| rollout/                |            |
|    ep_len_mean          | 763        |
|    ep_rew_mean          | 2.11e+03   |
| time/                   |            |
|    fps                  | 2691       |
|    iterations           | 587        |
|    time_elapsed         | 1786       |
|    total_timesteps      | 4808704    |
| train/                  |            |
|    approx_kl            | 0.03324583 |
|    clip_fraction        | 0.178      |
|    clip_range           | 0.2        |
|    entropy_loss         | -2.77      |
|    explained_variance   | 0.503      |
|    learning_rate        | 0.000108   |
|    loss                 | -0.0107    |
|    n_updates            | 690        |
|    policy_gradient_loss | 0.00776    |
|    std                  | 0.342      |
|    value_loss           | 0.0405     |
----------------------------------------
Early stopping at step 0 due to reaching max kl: 0.04
-----------------------------------------
| rollout/                |             |
|    ep_len_mean          | 752         |
|    ep_rew_mean          | 2.08e+03    |
| time/                   |             |
|    fps                  | 2690        |
|    iterations           | 588         |
|    time_elapsed         | 1790        |
|    total_timesteps      | 4816896     |
| train/                  |             |
|    approx_kl            | 0.014777446 |
|    clip_fraction        | 0.203       |
|    clip_range           | 0.2         |
|    entropy_loss         | -2.76       |
|    explained_variance   | 0.358       |
|    learning_rate        | 0.000108    |
|    loss                 | 0.0167      |
|    n_updates            | 691         |
|    policy_gradient_loss | 0.00429     |
|    std                  | 0.342       |
|    value_loss           | 0.11        |
-----------------------------------------
Early stopping at step 0 due to reaching max kl: 0.03
-----------------------------------------
| rollout/                |             |
|    ep_len_mean          | 754         |
|    ep_rew_mean          | 2.11e+03    |
| time/                   |             |
|    fps                  | 2691        |
|    iterations           | 589         |
|    time_elapsed         | 1792        |
|    total_timesteps      | 4825088     |
| train/                  |             |
|    approx_kl            | 0.009253635 |
|    clip_fraction        | 0.125       |
|    clip_range           | 0.2         |
|    entropy_loss         | -2.76       |
|    explained_variance   | 0.386       |
|    learning_rate        | 0.000107    |
|    loss                 | 0.107       |
|    n_updates            | 692         |
|    policy_gradient_loss | 0.00213     |
|    std                  | 0.342       |
|    value_loss           | 0.101       |
-----------------------------------------
Early stopping at step 0 due to reaching max kl: 0.03
----------------------------------------
| rollout/                |            |
|    ep_len_mean          | 745        |
|    ep_rew_mean          | 2.09e+03   |
| time/                   |            |
|    fps                  | 2691       |
|    iterations           | 590        |
|    time_elapsed         | 1795       |
|    total_timesteps      | 4833280    |
| train/                  |            |
|    approx_kl            | 0.01282765 |
|    clip_fraction        | 0.178      |
|    clip_range           | 0.2        |
|    entropy_loss         | -2.76      |
|    explained_variance   | 0.413      |
|    learning_rate        | 0.000107   |
|    loss                 | 0.0129     |
|    n_updates            | 693        |
|    policy_gradient_loss | 0.00491    |
|    std                  | 0.342      |
|    value_loss           | 0.0762     |
----------------------------------------
Early stopping at step 0 due to reaching max kl: 0.03
-----------------------------------------
| rollout/                |             |
|    ep_len_mean          | 772         |
|    ep_rew_mean          | 2.15e+03    |
| time/                   |             |
|    fps                  | 2691        |
|    iterations           | 591         |
|    time_elapsed         | 1798        |
|    total_timesteps      | 4841472     |
| train/                  |             |
|    approx_kl            | 0.009562156 |
|    clip_fraction        | 0.125       |
|    clip_range           | 0.2         |
|    entropy_loss         | -2.75       |
|    explained_variance   | 0.482       |
|    learning_rate        | 0.000107    |
|    loss                 | 0.0256      |
|    n_updates            | 694         |
|    policy_gradient_loss | 0.00325     |
|    std                  | 0.341       |
|    value_loss           | 0.0494      |
-----------------------------------------
Early stopping at step 1 due to reaching max kl: 0.04
[Progress] Training 2/6: 4,843,940/5,000,000 steps (96.9%); 4 full runs remain afterward; rough training ETA 2h 05m.
-----------------------------------------
| rollout/                |             |
|    ep_len_mean          | 779         |
|    ep_rew_mean          | 2.17e+03    |
| time/                   |             |
|    fps                  | 2691        |
|    iterations           | 592         |
|    time_elapsed         | 1802        |
|    total_timesteps      | 4849664     |
| train/                  |             |
|    approx_kl            | 0.020194288 |
|    clip_fraction        | 0.205       |
|    clip_range           | 0.2         |
|    entropy_loss         | -2.74       |
|    explained_variance   | 0.7         |
|    learning_rate        | 0.000106    |
|    loss                 | -0.0178     |
|    n_updates            | 696         |
|    policy_gradient_loss | 0.00158     |
|    std                  | 0.341       |
|    value_loss           | 0.0229      |
-----------------------------------------
Early stopping at step 1 due to reaching max kl: 0.03
-----------------------------------------
| rollout/                |             |
|    ep_len_mean          | 776         |
|    ep_rew_mean          | 2.18e+03    |
| time/                   |             |
|    fps                  | 2690        |
|    iterations           | 593         |
|    time_elapsed         | 1805        |
|    total_timesteps      | 4857856     |
| train/                  |             |
|    approx_kl            | 0.019770253 |
|    clip_fraction        | 0.19        |
|    clip_range           | 0.2         |
|    entropy_loss         | -2.73       |
|    explained_variance   | 0.629       |
|    learning_rate        | 0.000106    |
|    loss                 | -0.0526     |
|    n_updates            | 698         |
|    policy_gradient_loss | 0.00279     |
|    std                  | 0.34        |
|    value_loss           | 0.0385      |
-----------------------------------------
Early stopping at step 0 due to reaching max kl: 0.03
-----------------------------------------
| rollout/                |             |
|    ep_len_mean          | 786         |
|    ep_rew_mean          | 2.21e+03    |
| time/                   |             |
|    fps                  | 2690        |
|    iterations           | 594         |
|    time_elapsed         | 1808        |
|    total_timesteps      | 4866048     |
| train/                  |             |
|    approx_kl            | 0.010778357 |
|    clip_fraction        | 0.142       |
|    clip_range           | 0.2         |
|    entropy_loss         | -2.72       |
|    explained_variance   | 0.489       |
|    learning_rate        | 0.000106    |
|    loss                 | -0.0043     |
|    n_updates            | 699         |
|    policy_gradient_loss | 0.00678     |
|    std                  | 0.34        |
|    value_loss           | 0.0527      |
-----------------------------------------
Early stopping at step 0 due to reaching max kl: 0.03
-----------------------------------------
| rollout/                |             |
|    ep_len_mean          | 784         |
|    ep_rew_mean          | 2.21e+03    |
| time/                   |             |
|    fps                  | 2690        |
|    iterations           | 595         |
|    time_elapsed         | 1811        |
|    total_timesteps      | 4874240     |
| train/                  |             |
|    approx_kl            | 0.013807834 |
|    clip_fraction        | 0.177       |
|    clip_range           | 0.2         |
|    entropy_loss         | -2.72       |
|    explained_variance   | 0.462       |
|    learning_rate        | 0.000105    |
|    loss                 | 0.221       |
|    n_updates            | 700         |
|    policy_gradient_loss | 0.0054      |
|    std                  | 0.34        |
|    value_loss           | 0.0986      |
-----------------------------------------
Early stopping at step 2 due to reaching max kl: 0.03
-----------------------------------------
| rollout/                |             |
|    ep_len_mean          | 770         |
|    ep_rew_mean          | 2.17e+03    |
| time/                   |             |
|    fps                  | 2690        |
|    iterations           | 596         |
|    time_elapsed         | 1814        |
|    total_timesteps      | 4882432     |
| train/                  |             |
|    approx_kl            | 0.020190293 |
|    clip_fraction        | 0.225       |
|    clip_range           | 0.2         |
|    entropy_loss         | -2.72       |
|    explained_variance   | 0.58        |
|    learning_rate        | 0.000105    |
|    loss                 | 0.0338      |
|    n_updates            | 703         |
|    policy_gradient_loss | 0.000132    |
|    std                  | 0.34        |
|    value_loss           | 0.0554      |
-----------------------------------------
Early stopping at step 0 due to reaching max kl: 0.03
----------------------------------------
| rollout/                |            |
|    ep_len_mean          | 785        |
|    ep_rew_mean          | 2.22e+03   |
| time/                   |            |
|    fps                  | 2690       |
|    iterations           | 597        |
|    time_elapsed         | 1817       |
|    total_timesteps      | 4890624    |
| train/                  |            |
|    approx_kl            | 0.01084279 |
|    clip_fraction        | 0.149      |
|    clip_range           | 0.2        |
|    entropy_loss         | -2.71      |
|    explained_variance   | 0.502      |
|    learning_rate        | 0.000105   |
|    loss                 | 0.147      |
|    n_updates            | 704        |
|    policy_gradient_loss | 0.00613    |
|    std                  | 0.34       |
|    value_loss           | 0.0925     |
----------------------------------------
Early stopping at step 0 due to reaching max kl: 0.03
-----------------------------------------
| rollout/                |             |
|    ep_len_mean          | 820         |
|    ep_rew_mean          | 2.31e+03    |
| time/                   |             |
|    fps                  | 2690        |
|    iterations           | 598         |
|    time_elapsed         | 1820        |
|    total_timesteps      | 4898816     |
| train/                  |             |
|    approx_kl            | 0.012769361 |
|    clip_fraction        | 0.185       |
|    clip_range           | 0.2         |
|    entropy_loss         | -2.7        |
|    explained_variance   | 0.55        |
|    learning_rate        | 0.000104    |
|    loss                 | 0.0484      |
|    n_updates            | 705         |
|    policy_gradient_loss | 0.00558     |
|    std                  | 0.339       |
|    value_loss           | 0.0614      |
-----------------------------------------
Early stopping at step 1 due to reaching max kl: 0.03
----------------------------------------
| rollout/                |            |
|    ep_len_mean          | 821        |
|    ep_rew_mean          | 2.3e+03    |
| time/                   |            |
|    fps                  | 2689       |
|    iterations           | 599        |
|    time_elapsed         | 1824       |
|    total_timesteps      | 4907008    |
| train/                  |            |
|    approx_kl            | 0.01906028 |
|    clip_fraction        | 0.205      |
|    clip_range           | 0.2        |
|    entropy_loss         | -2.68      |
|    explained_variance   | 0.65       |
|    learning_rate        | 0.000104   |
|    loss                 | 0.0379     |
|    n_updates            | 707        |
|    policy_gradient_loss | -0.000181  |
|    std                  | 0.338      |
|    value_loss           | 0.0374     |
----------------------------------------
Early stopping at step 0 due to reaching max kl: 0.04
-----------------------------------------
| rollout/                |             |
|    ep_len_mean          | 802         |
|    ep_rew_mean          | 2.26e+03    |
| time/                   |             |
|    fps                  | 2690        |
|    iterations           | 600         |
|    time_elapsed         | 1827        |
|    total_timesteps      | 4915200     |
| train/                  |             |
|    approx_kl            | 0.011442787 |
|    clip_fraction        | 0.149       |
|    clip_range           | 0.2         |
|    entropy_loss         | -2.67       |
|    explained_variance   | 0.516       |
|    learning_rate        | 0.000104    |
|    loss                 | 0.0559      |
|    n_updates            | 708         |
|    policy_gradient_loss | 0.00397     |
|    std                  | 0.338       |
|    value_loss           | 0.0801      |
-----------------------------------------
Early stopping at step 0 due to reaching max kl: 0.03
-----------------------------------------
| rollout/                |             |
|    ep_len_mean          | 763         |
|    ep_rew_mean          | 2.16e+03    |
| time/                   |             |
|    fps                  | 2690        |
|    iterations           | 601         |
|    time_elapsed         | 1830        |
|    total_timesteps      | 4923392     |
| train/                  |             |
|    approx_kl            | 0.011764613 |
|    clip_fraction        | 0.156       |
|    clip_range           | 0.2         |
|    entropy_loss         | -2.66       |
|    explained_variance   | 0.491       |
|    learning_rate        | 0.000103    |
|    loss                 | 0.121       |
|    n_updates            | 709         |
|    policy_gradient_loss | 0.00338     |
|    std                  | 0.338       |
|    value_loss           | 0.0842      |
-----------------------------------------
Early stopping at step 0 due to reaching max kl: 0.03
-----------------------------------------
| rollout/                |             |
|    ep_len_mean          | 734         |
|    ep_rew_mean          | 2.08e+03    |
| time/                   |             |
|    fps                  | 2689        |
|    iterations           | 602         |
|    time_elapsed         | 1833        |
|    total_timesteps      | 4931584     |
| train/                  |             |
|    approx_kl            | 0.013903172 |
|    clip_fraction        | 0.183       |
|    clip_range           | 0.2         |
|    entropy_loss         | -2.66       |
|    explained_variance   | 0.377       |
|    learning_rate        | 0.000103    |
|    loss                 | 0.00462     |
|    n_updates            | 710         |
|    policy_gradient_loss | 0.00609     |
|    std                  | 0.337       |
|    value_loss           | 0.148       |
-----------------------------------------
Early stopping at step 1 due to reaching max kl: 0.03
-----------------------------------------
| rollout/                |             |
|    ep_len_mean          | 722         |
|    ep_rew_mean          | 2.06e+03    |
| time/                   |             |
|    fps                  | 2689        |
|    iterations           | 603         |
|    time_elapsed         | 1836        |
|    total_timesteps      | 4939776     |
| train/                  |             |
|    approx_kl            | 0.021658307 |
|    clip_fraction        | 0.222       |
|    clip_range           | 0.2         |
|    entropy_loss         | -2.66       |
|    explained_variance   | 0.496       |
|    learning_rate        | 0.000103    |
|    loss                 | 0.0201      |
|    n_updates            | 712         |
|    policy_gradient_loss | 0.00212     |
|    std                  | 0.337       |
|    value_loss           | 0.102       |
-----------------------------------------
Early stopping at step 0 due to reaching max kl: 0.03
-----------------------------------------
| rollout/                |             |
|    ep_len_mean          | 678         |
|    ep_rew_mean          | 1.95e+03    |
| time/                   |             |
|    fps                  | 2689        |
|    iterations           | 604         |
|    time_elapsed         | 1839        |
|    total_timesteps      | 4947968     |
| train/                  |             |
|    approx_kl            | 0.013959678 |
|    clip_fraction        | 0.188       |
|    clip_range           | 0.2         |
|    entropy_loss         | -2.65       |
|    explained_variance   | 0.439       |
|    learning_rate        | 0.000102    |
|    loss                 | 0.137       |
|    n_updates            | 713         |
|    policy_gradient_loss | 0.00802     |
|    std                  | 0.337       |
|    value_loss           | 0.134       |
-----------------------------------------
Early stopping at step 0 due to reaching max kl: 0.03
------------------------------------------
| rollout/                |              |
|    ep_len_mean          | 685          |
|    ep_rew_mean          | 1.96e+03     |
| time/                   |              |
|    fps                  | 2689         |
|    iterations           | 605          |
|    time_elapsed         | 1842         |
|    total_timesteps      | 4956160      |
| train/                  |              |
|    approx_kl            | 0.0153044425 |
|    clip_fraction        | 0.213        |
|    clip_range           | 0.2          |
|    entropy_loss         | -2.64        |
|    explained_variance   | 0.38         |
|    learning_rate        | 0.000102     |
|    loss                 | 0.285        |
|    n_updates            | 714          |
|    policy_gradient_loss | 0.00578      |
|    std                  | 0.337        |
|    value_loss           | 0.216        |
------------------------------------------
Early stopping at step 1 due to reaching max kl: 0.04
-----------------------------------------
| rollout/                |             |
|    ep_len_mean          | 667         |
|    ep_rew_mean          | 1.92e+03    |
| time/                   |             |
|    fps                  | 2689        |
|    iterations           | 606         |
|    time_elapsed         | 1845        |
|    total_timesteps      | 4964352     |
| train/                  |             |
|    approx_kl            | 0.019074505 |
|    clip_fraction        | 0.189       |
|    clip_range           | 0.2         |
|    entropy_loss         | -2.63       |
|    explained_variance   | 0.664       |
|    learning_rate        | 0.000102    |
|    loss                 | -0.0211     |
|    n_updates            | 716         |
|    policy_gradient_loss | 0.0008      |
|    std                  | 0.336       |
|    value_loss           | 0.0409      |
-----------------------------------------
Early stopping at step 0 due to reaching max kl: 0.03
-----------------------------------------
| rollout/                |             |
|    ep_len_mean          | 667         |
|    ep_rew_mean          | 1.92e+03    |
| time/                   |             |
|    fps                  | 2689        |
|    iterations           | 607         |
|    time_elapsed         | 1848        |
|    total_timesteps      | 4972544     |
| train/                  |             |
|    approx_kl            | 0.009945843 |
|    clip_fraction        | 0.133       |
|    clip_range           | 0.2         |
|    entropy_loss         | -2.62       |
|    explained_variance   | 0.485       |
|    learning_rate        | 0.000101    |
|    loss                 | 0.0611      |
|    n_updates            | 717         |
|    policy_gradient_loss | 0.00381     |
|    std                  | 0.336       |
|    value_loss           | 0.0984      |
-----------------------------------------
Early stopping at step 0 due to reaching max kl: 0.03
-----------------------------------------
| rollout/                |             |
|    ep_len_mean          | 653         |
|    ep_rew_mean          | 1.87e+03    |
| time/                   |             |
|    fps                  | 2689        |
|    iterations           | 608         |
|    time_elapsed         | 1851        |
|    total_timesteps      | 4980736     |
| train/                  |             |
|    approx_kl            | 0.011725269 |
|    clip_fraction        | 0.162       |
|    clip_range           | 0.2         |
|    entropy_loss         | -2.61       |
|    explained_variance   | 0.581       |
|    learning_rate        | 0.000101    |
|    loss                 | 0.0391      |
|    n_updates            | 718         |
|    policy_gradient_loss | 0.00675     |
|    std                  | 0.335       |
|    value_loss           | 0.0743      |
-----------------------------------------
Early stopping at step 1 due to reaching max kl: 0.03
----------------------------------------
| rollout/                |            |
|    ep_len_mean          | 666        |
|    ep_rew_mean          | 1.92e+03   |
| time/                   |            |
|    fps                  | 2689       |
|    iterations           | 609        |
|    time_elapsed         | 1855       |
|    total_timesteps      | 4988928    |
| train/                  |            |
|    approx_kl            | 0.01911199 |
|    clip_fraction        | 0.173      |
|    clip_range           | 0.2        |
|    entropy_loss         | -2.6       |
|    explained_variance   | 0.462      |
|    learning_rate        | 0.000101   |
|    loss                 | 0.051      |
|    n_updates            | 720        |
|    policy_gradient_loss | 0.00359    |
|    std                  | 0.335      |
|    value_loss           | 0.0855     |
----------------------------------------
Early stopping at step 0 due to reaching max kl: 0.03
-----------------------------------------
| rollout/                |             |
|    ep_len_mean          | 637         |
|    ep_rew_mean          | 1.84e+03    |
| time/                   |             |
|    fps                  | 2689        |
|    iterations           | 610         |
|    time_elapsed         | 1858        |
|    total_timesteps      | 4997120     |
| train/                  |             |
|    approx_kl            | 0.015180619 |
|    clip_fraction        | 0.204       |
|    clip_range           | 0.2         |
|    entropy_loss         | -2.6        |
|    explained_variance   | 0.369       |
|    learning_rate        | 0.0001      |
|    loss                 | 0.0857      |
|    n_updates            | 721         |
|    policy_gradient_loss | 0.00777     |
|    std                  | 0.335       |
|    value_loss           | 0.162       |
-----------------------------------------
Early stopping at step 1 due to reaching max kl: 0.03
-----------------------------------------
| rollout/                |             |
|    ep_len_mean          | 656         |
|    ep_rew_mean          | 1.89e+03    |
| time/                   |             |
|    fps                  | 2689        |
|    iterations           | 611         |
|    time_elapsed         | 1861        |
|    total_timesteps      | 5005312     |
| train/                  |             |
|    approx_kl            | 0.020424673 |
|    clip_fraction        | 0.19        |
|    clip_range           | 0.2         |
|    entropy_loss         | -2.6        |
|    explained_variance   | 0.426       |
|    learning_rate        | 0.0001      |
|    loss                 | 0.0358      |
|    n_updates            | 723         |
|    policy_gradient_loss | 0.00748     |
|    std                  | 0.335       |
|    value_loss           | 0.157       |
-----------------------------------------
Early stopping at step 0 due to reaching max kl: 0.03
-----------------------------------------
| train/                  |             |
|    approx_kl            | 0.011468501 |
|    clip_fraction        | 0.16        |
|    clip_range           | 0.2         |
|    entropy_loss         | -2.6        |
|    explained_variance   | 0.445       |
|    learning_rate        | 9.98e-05    |
|    loss                 | 0.0701      |
|    n_updates            | 724         |
|    policy_gradient_loss | 0.006       |
|    std                  | 0.335       |
|    value_loss           | 0.0795      |
-----------------------------------------
Finished actual_steps=5005312 elapsed=1861.5s fps=2689
Model: artifacts/final/nominal_seed_6/final_model.zip
