Training condition=robust seed=6 requested_steps=5000000 num_envs=4
Using cpu device
Logging to artifacts/final/robust_seed_6/tensorboard/PPO_1
[Progress] Plain-language training summaries will appear about every five minutes.
---------------------------------
| rollout/           |          |
|    ep_len_mean     | 98.5     |
|    ep_rew_mean     | 123      |
| time/              |          |
|    fps             | 2886     |
|    iterations      | 1        |
|    time_elapsed    | 2        |
|    total_timesteps | 8192     |
---------------------------------
Early stopping at step 3 due to reaching max kl: 0.03
----------------------------------------
| rollout/                |            |
|    ep_len_mean          | 152        |
|    ep_rew_mean          | 183        |
| time/                   |            |
|    fps                  | 2426       |
|    iterations           | 2          |
|    time_elapsed         | 6          |
|    total_timesteps      | 16384      |
| train/                  |            |
|    approx_kl            | 0.01892521 |
|    clip_fraction        | 0.202      |
|    clip_range           | 0.2        |
|    entropy_loss         | -11.3      |
|    explained_variance   | -1.07      |
|    learning_rate        | 0.0003     |
|    loss                 | 0.0521     |
|    n_updates            | 4          |
|    policy_gradient_loss | -0.0114    |
|    std                  | 0.991      |
|    value_loss           | 0.245      |
----------------------------------------
Early stopping at step 1 due to reaching max kl: 0.03
-----------------------------------------
| rollout/                |             |
|    ep_len_mean          | 156         |
|    ep_rew_mean          | 179         |
| time/                   |             |
|    fps                  | 2457        |
|    iterations           | 3           |
|    time_elapsed         | 10          |
|    total_timesteps      | 24576       |
| train/                  |             |
|    approx_kl            | 0.014671867 |
|    clip_fraction        | 0.134       |
|    clip_range           | 0.2         |
|    entropy_loss         | -11.3       |
|    explained_variance   | 0.127       |
|    learning_rate        | 0.000299    |
|    loss                 | -0.015      |
|    n_updates            | 6           |
|    policy_gradient_loss | -0.00315    |
|    std                  | 0.989       |
|    value_loss           | 0.0488      |
-----------------------------------------
Early stopping at step 2 due to reaching max kl: 0.03
-----------------------------------------
| rollout/                |             |
|    ep_len_mean          | 112         |
|    ep_rew_mean          | 136         |
| time/                   |             |
|    fps                  | 2400        |
|    iterations           | 4           |
|    time_elapsed         | 13          |
|    total_timesteps      | 32768       |
| train/                  |             |
|    approx_kl            | 0.019273119 |
|    clip_fraction        | 0.2         |
|    clip_range           | 0.2         |
|    entropy_loss         | -11.2       |
|    explained_variance   | 0.332       |
|    learning_rate        | 0.000299    |
|    loss                 | 0.00332     |
|    n_updates            | 9           |
|    policy_gradient_loss | -0.00842    |
|    std                  | 0.983       |
|    value_loss           | 0.0605      |
-----------------------------------------
Early stopping at step 1 due to reaching max kl: 0.03
-----------------------------------------
| rollout/                |             |
|    ep_len_mean          | 117         |
|    ep_rew_mean          | 142         |
| time/                   |             |
|    fps                  | 2400        |
|    iterations           | 5           |
|    time_elapsed         | 17          |
|    total_timesteps      | 40960       |
| train/                  |             |
|    approx_kl            | 0.017130839 |
|    clip_fraction        | 0.181       |
|    clip_range           | 0.2         |
|    entropy_loss         | -11.2       |
|    explained_variance   | 0.496       |
|    learning_rate        | 0.000299    |
|    loss                 | 0.0226      |
|    n_updates            | 11          |
|    policy_gradient_loss | -0.00516    |
|    std                  | 0.977       |
|    value_loss           | 0.0837      |
-----------------------------------------
Early stopping at step 1 due to reaching max kl: 0.03
-----------------------------------------
| rollout/                |             |
|    ep_len_mean          | 148         |
|    ep_rew_mean          | 175         |
| time/                   |             |
|    fps                  | 2396        |
|    iterations           | 6           |
|    time_elapsed         | 20          |
|    total_timesteps      | 49152       |
| train/                  |             |
|    approx_kl            | 0.017601456 |
|    clip_fraction        | 0.192       |
|    clip_range           | 0.2         |
|    entropy_loss         | -11.2       |
|    explained_variance   | 0.615       |
|    learning_rate        | 0.000298    |
|    loss                 | 0.0331      |
|    n_updates            | 13          |
|    policy_gradient_loss | -0.00441    |
|    std                  | 0.975       |
|    value_loss           | 0.0767      |
-----------------------------------------
Early stopping at step 1 due to reaching max kl: 0.03
-----------------------------------------
| rollout/                |             |
|    ep_len_mean          | 118         |
|    ep_rew_mean          | 138         |
| time/                   |             |
|    fps                  | 2408        |
|    iterations           | 7           |
|    time_elapsed         | 23          |
|    total_timesteps      | 57344       |
| train/                  |             |
|    approx_kl            | 0.018578744 |
|    clip_fraction        | 0.18        |
|    clip_range           | 0.2         |
|    entropy_loss         | -11.1       |
|    explained_variance   | 0.628       |
|    learning_rate        | 0.000298    |
|    loss                 | 0.0446      |
|    n_updates            | 15          |
|    policy_gradient_loss | -0.00407    |
|    std                  | 0.97        |
|    value_loss           | 0.0814      |
-----------------------------------------
Early stopping at step 1 due to reaching max kl: 0.03
-----------------------------------------
| rollout/                |             |
|    ep_len_mean          | 122         |
|    ep_rew_mean          | 138         |
| time/                   |             |
|    fps                  | 2407        |
|    iterations           | 8           |
|    time_elapsed         | 27          |
|    total_timesteps      | 65536       |
| train/                  |             |
|    approx_kl            | 0.019231679 |
|    clip_fraction        | 0.202       |
|    clip_range           | 0.2         |
|    entropy_loss         | -11.1       |
|    explained_variance   | 0.651       |
|    learning_rate        | 0.000298    |
|    loss                 | 0.0475      |
|    n_updates            | 17          |
|    policy_gradient_loss | -0.00248    |
|    std                  | 0.967       |
|    value_loss           | 0.109       |
-----------------------------------------
Early stopping at step 1 due to reaching max kl: 0.03
-----------------------------------------
| rollout/                |             |
|    ep_len_mean          | 161         |
|    ep_rew_mean          | 196         |
| time/                   |             |
|    fps                  | 2415        |
|    iterations           | 9           |
|    time_elapsed         | 30          |
|    total_timesteps      | 73728       |
| train/                  |             |
|    approx_kl            | 0.019539155 |
|    clip_fraction        | 0.186       |
|    clip_range           | 0.2         |
|    entropy_loss         | -11.1       |
|    explained_variance   | 0.725       |
|    learning_rate        | 0.000297    |
|    loss                 | 0.046       |
|    n_updates            | 19          |
|    policy_gradient_loss | 8.52e-05    |
|    std                  | 0.965       |
|    value_loss           | 0.0946      |
-----------------------------------------
Early stopping at step 2 due to reaching max kl: 0.04
-----------------------------------------
| rollout/                |             |
|    ep_len_mean          | 194         |
|    ep_rew_mean          | 236         |
| time/                   |             |
|    fps                  | 2407        |
|    iterations           | 10          |
|    time_elapsed         | 34          |
|    total_timesteps      | 81920       |
| train/                  |             |
|    approx_kl            | 0.020835955 |
|    clip_fraction        | 0.206       |
|    clip_range           | 0.2         |
|    entropy_loss         | -11         |
|    explained_variance   | 0.742       |
|    learning_rate        | 0.000297    |
|    loss                 | 0.00536     |
|    n_updates            | 22          |
|    policy_gradient_loss | -0.00463    |
|    std                  | 0.96        |
|    value_loss           | 0.0607      |
-----------------------------------------
Early stopping at step 1 due to reaching max kl: 0.03
-----------------------------------------
| rollout/                |             |
|    ep_len_mean          | 184         |
|    ep_rew_mean          | 226         |
| time/                   |             |
|    fps                  | 2412        |
|    iterations           | 11          |
|    time_elapsed         | 37          |
|    total_timesteps      | 90112       |
| train/                  |             |
|    approx_kl            | 0.018806547 |
|    clip_fraction        | 0.181       |
|    clip_range           | 0.2         |
|    entropy_loss         | -11         |
|    explained_variance   | 0.757       |
|    learning_rate        | 0.000297    |
|    loss                 | 0.0433      |
|    n_updates            | 24          |
|    policy_gradient_loss | -0.00238    |
|    std                  | 0.957       |
|    value_loss           | 0.0783      |
-----------------------------------------
Early stopping at step 1 due to reaching max kl: 0.03
-----------------------------------------
| rollout/                |             |
|    ep_len_mean          | 191         |
|    ep_rew_mean          | 235         |
| time/                   |             |
|    fps                  | 2413        |
|    iterations           | 12          |
|    time_elapsed         | 40          |
|    total_timesteps      | 98304       |
| train/                  |             |
|    approx_kl            | 0.018498356 |
|    clip_fraction        | 0.199       |
|    clip_range           | 0.2         |
|    entropy_loss         | -11         |
|    explained_variance   | 0.778       |
|    learning_rate        | 0.000296    |
|    loss                 | 0.0216      |
|    n_updates            | 26          |
|    policy_gradient_loss | -0.00271    |
|    std                  | 0.953       |
|    value_loss           | 0.0886      |
-----------------------------------------
Early stopping at step 1 due to reaching max kl: 0.03
----------------------------------------
| rollout/                |            |
|    ep_len_mean          | 134        |
|    ep_rew_mean          | 158        |
| time/                   |            |
|    fps                  | 2422       |
|    iterations           | 13         |
|    time_elapsed         | 43         |
|    total_timesteps      | 106496     |
| train/                  |            |
|    approx_kl            | 0.01762541 |
|    clip_fraction        | 0.179      |
|    clip_range           | 0.2        |
|    entropy_loss         | -10.9      |
|    explained_variance   | 0.781      |
|    learning_rate        | 0.000296   |
|    loss                 | 0.0177     |
|    n_updates            | 28         |
|    policy_gradient_loss | 2.64e-05   |
|    std                  | 0.948      |
|    value_loss           | 0.0906     |
----------------------------------------
Early stopping at step 1 due to reaching max kl: 0.03
-----------------------------------------
| rollout/                |             |
|    ep_len_mean          | 139         |
|    ep_rew_mean          | 170         |
| time/                   |             |
|    fps                  | 2428        |
|    iterations           | 14          |
|    time_elapsed         | 47          |
|    total_timesteps      | 114688      |
| train/                  |             |
|    approx_kl            | 0.018164182 |
|    clip_fraction        | 0.184       |
|    clip_range           | 0.2         |
|    entropy_loss         | -10.9       |
|    explained_variance   | 0.724       |
|    learning_rate        | 0.000296    |
|    loss                 | 0.0649      |
|    n_updates            | 30          |
|    policy_gradient_loss | 0.000635    |
|    std                  | 0.944       |
|    value_loss           | 0.14        |
-----------------------------------------
Early stopping at step 1 due to reaching max kl: 0.04
-----------------------------------------
| rollout/                |             |
|    ep_len_mean          | 160         |
|    ep_rew_mean          | 203         |
| time/                   |             |
|    fps                  | 2435        |
|    iterations           | 15          |
|    time_elapsed         | 50          |
|    total_timesteps      | 122880      |
| train/                  |             |
|    approx_kl            | 0.021728424 |
|    clip_fraction        | 0.175       |
|    clip_range           | 0.2         |
|    entropy_loss         | -10.9       |
|    explained_variance   | 0.786       |
|    learning_rate        | 0.000295    |
|    loss                 | -0.0221     |
|    n_updates            | 32          |
|    policy_gradient_loss | 0.0022      |
|    std                  | 0.941       |
|    value_loss           | 0.0926      |
-----------------------------------------
Early stopping at step 1 due to reaching max kl: 0.04
-----------------------------------------
| rollout/                |             |
|    ep_len_mean          | 163         |
|    ep_rew_mean          | 207         |
| time/                   |             |
|    fps                  | 2438        |
|    iterations           | 16          |
|    time_elapsed         | 53          |
|    total_timesteps      | 131072      |
| train/                  |             |
|    approx_kl            | 0.017733904 |
|    clip_fraction        | 0.199       |
|    clip_range           | 0.2         |
|    entropy_loss         | -10.9       |
|    explained_variance   | 0.779       |
|    learning_rate        | 0.000295    |
|    loss                 | 0.0466      |
|    n_updates            | 34          |
|    policy_gradient_loss | -0.000506   |
|    std                  | 0.94        |
|    value_loss           | 0.0966      |
-----------------------------------------
Early stopping at step 1 due to reaching max kl: 0.03
-----------------------------------------
| rollout/                |             |
|    ep_len_mean          | 126         |
|    ep_rew_mean          | 157         |
| time/                   |             |
|    fps                  | 2445        |
|    iterations           | 17          |
|    time_elapsed         | 56          |
|    total_timesteps      | 139264      |
| train/                  |             |
|    approx_kl            | 0.016483897 |
|    clip_fraction        | 0.173       |
|    clip_range           | 0.2         |
|    entropy_loss         | -10.8       |
|    explained_variance   | 0.761       |
|    learning_rate        | 0.000295    |
|    loss                 | 0.0357      |
|    n_updates            | 36          |
|    policy_gradient_loss | 0.00445     |
|    std                  | 0.938       |
|    value_loss           | 0.112       |
-----------------------------------------
Early stopping at step 1 due to reaching max kl: 0.03
----------------------------------------
| rollout/                |            |
|    ep_len_mean          | 146        |
|    ep_rew_mean          | 178        |
| time/                   |            |
|    fps                  | 2445       |
|    iterations           | 18         |
|    time_elapsed         | 60         |
|    total_timesteps      | 147456     |
| train/                  |            |
|    approx_kl            | 0.02100272 |
|    clip_fraction        | 0.22       |
|    clip_range           | 0.2        |
|    entropy_loss         | -10.8      |
|    explained_variance   | 0.678      |
|    learning_rate        | 0.000294   |
|    loss                 | 0.0992     |
|    n_updates            | 38         |
|    policy_gradient_loss | 0.000387   |
|    std                  | 0.937      |
|    value_loss           | 0.14       |
----------------------------------------
Early stopping at step 0 due to reaching max kl: 0.03
-----------------------------------------
| rollout/                |             |
|    ep_len_mean          | 190         |
|    ep_rew_mean          | 226         |
| time/                   |             |
|    fps                  | 2452        |
|    iterations           | 19          |
|    time_elapsed         | 63          |
|    total_timesteps      | 155648      |
| train/                  |             |
|    approx_kl            | 0.012789873 |
|    clip_fraction        | 0.18        |
|    clip_range           | 0.2         |
|    entropy_loss         | -10.8       |
|    explained_variance   | 0.787       |
|    learning_rate        | 0.000294    |
|    loss                 | 0.145       |
|    n_updates            | 39          |
|    policy_gradient_loss | 0.00894     |
|    std                  | 0.934       |
|    value_loss           | 0.0809      |
-----------------------------------------
Early stopping at step 1 due to reaching max kl: 0.03
-----------------------------------------
| rollout/                |             |
|    ep_len_mean          | 243         |
|    ep_rew_mean          | 289         |
| time/                   |             |
|    fps                  | 2456        |
|    iterations           | 20          |
|    time_elapsed         | 66          |
|    total_timesteps      | 163840      |
| train/                  |             |
|    approx_kl            | 0.021159634 |
|    clip_fraction        | 0.196       |
|    clip_range           | 0.2         |
|    entropy_loss         | -10.8       |
|    explained_variance   | 0.767       |
|    learning_rate        | 0.000294    |
|    loss                 | 0.00584     |
|    n_updates            | 41          |
|    policy_gradient_loss | 0.00352     |
|    std                  | 0.931       |
|    value_loss           | 0.065       |
-----------------------------------------
Early stopping at step 1 due to reaching max kl: 0.03
---------------------------------------
| rollout/                |           |
|    ep_len_mean          | 243       |
|    ep_rew_mean          | 295       |
| time/                   |           |
|    fps                  | 2460      |
|    iterations           | 21        |
|    time_elapsed         | 69        |
|    total_timesteps      | 172032    |
| train/                  |           |
|    approx_kl            | 0.0211492 |
|    clip_fraction        | 0.193     |
|    clip_range           | 0.2       |
|    entropy_loss         | -10.8     |
|    explained_variance   | 0.779     |
|    learning_rate        | 0.000293  |
|    loss                 | -0.00962  |
|    n_updates            | 43        |
|    policy_gradient_loss | 0.00193   |
|    std                  | 0.929     |
|    value_loss           | 0.0901    |
---------------------------------------
Early stopping at step 1 due to reaching max kl: 0.03
-----------------------------------------
| rollout/                |             |
|    ep_len_mean          | 208         |
|    ep_rew_mean          | 260         |
| time/                   |             |
|    fps                  | 2462        |
|    iterations           | 22          |
|    time_elapsed         | 73          |
|    total_timesteps      | 180224      |
| train/                  |             |
|    approx_kl            | 0.021356963 |
|    clip_fraction        | 0.193       |
|    clip_range           | 0.2         |
|    entropy_loss         | -10.8       |
|    explained_variance   | 0.786       |
|    learning_rate        | 0.000293    |
|    loss                 | -0.0161     |
|    n_updates            | 45          |
|    policy_gradient_loss | 0.0032      |
|    std                  | 0.927       |
|    value_loss           | 0.0964      |
-----------------------------------------
Early stopping at step 1 due to reaching max kl: 0.03
-----------------------------------------
| rollout/                |             |
|    ep_len_mean          | 216         |
|    ep_rew_mean          | 282         |
| time/                   |             |
|    fps                  | 2465        |
|    iterations           | 23          |
|    time_elapsed         | 76          |
|    total_timesteps      | 188416      |
| train/                  |             |
|    approx_kl            | 0.022657426 |
|    clip_fraction        | 0.197       |
|    clip_range           | 0.2         |
|    entropy_loss         | -10.7       |
|    explained_variance   | 0.781       |
|    learning_rate        | 0.000293    |
|    loss                 | 0.0265      |
|    n_updates            | 47          |
|    policy_gradient_loss | 0.00631     |
|    std                  | 0.925       |
|    value_loss           | 0.089       |
-----------------------------------------
Early stopping at step 1 due to reaching max kl: 0.03
-----------------------------------------
| rollout/                |             |
|    ep_len_mean          | 199         |
|    ep_rew_mean          | 260         |
| time/                   |             |
|    fps                  | 2468        |
|    iterations           | 24          |
|    time_elapsed         | 79          |
|    total_timesteps      | 196608      |
| train/                  |             |
|    approx_kl            | 0.023085946 |
|    clip_fraction        | 0.211       |
|    clip_range           | 0.2         |
|    entropy_loss         | -10.7       |
|    explained_variance   | 0.778       |
|    learning_rate        | 0.000292    |
|    loss                 | -0.0157     |
|    n_updates            | 49          |
|    policy_gradient_loss | 0.00218     |
|    std                  | 0.923       |
|    value_loss           | 0.0951      |
-----------------------------------------
Early stopping at step 1 due to reaching max kl: 0.03
-----------------------------------------
| rollout/                |             |
|    ep_len_mean          | 161         |
|    ep_rew_mean          | 196         |
| time/                   |             |
|    fps                  | 2472        |
|    iterations           | 25          |
|    time_elapsed         | 82          |
|    total_timesteps      | 204800      |
| train/                  |             |
|    approx_kl            | 0.020274406 |
|    clip_fraction        | 0.189       |
|    clip_range           | 0.2         |
|    entropy_loss         | -10.7       |
|    explained_variance   | 0.784       |
|    learning_rate        | 0.000292    |
|    loss                 | 0.0125      |
|    n_updates            | 51          |
|    policy_gradient_loss | 0.00627     |
|    std                  | 0.921       |
|    value_loss           | 0.0979      |
-----------------------------------------
Early stopping at step 1 due to reaching max kl: 0.03
-----------------------------------------
| rollout/                |             |
|    ep_len_mean          | 172         |
|    ep_rew_mean          | 197         |
| time/                   |             |
|    fps                  | 2476        |
|    iterations           | 26          |
|    time_elapsed         | 86          |
|    total_timesteps      | 212992      |
| train/                  |             |
|    approx_kl            | 0.023078023 |
|    clip_fraction        | 0.2         |
|    clip_range           | 0.2         |
|    entropy_loss         | -10.7       |
|    explained_variance   | 0.727       |
|    learning_rate        | 0.000292    |
|    loss                 | 0.0324      |
|    n_updates            | 53          |
|    policy_gradient_loss | 0.00332     |
|    std                  | 0.919       |
|    value_loss           | 0.151       |
-----------------------------------------
Early stopping at step 1 due to reaching max kl: 0.04
----------------------------------------
| rollout/                |            |
|    ep_len_mean          | 204        |
|    ep_rew_mean          | 237        |
| time/                   |            |
|    fps                  | 2477       |
|    iterations           | 27         |
|    time_elapsed         | 89         |
|    total_timesteps      | 221184     |
| train/                  |            |
|    approx_kl            | 0.02150004 |
|    clip_fraction        | 0.214      |
|    clip_range           | 0.2        |
|    entropy_loss         | -10.7      |
|    explained_variance   | 0.8        |
|    learning_rate        | 0.000291   |
|    loss                 | 0.0327     |
|    n_updates            | 55         |
|    policy_gradient_loss | 0.00131    |
|    std                  | 0.916      |
|    value_loss           | 0.0984     |
----------------------------------------
Early stopping at step 1 due to reaching max kl: 0.03
-----------------------------------------
| rollout/                |             |
|    ep_len_mean          | 223         |
|    ep_rew_mean          | 269         |
| time/                   |             |
|    fps                  | 2478        |
|    iterations           | 28          |
|    time_elapsed         | 92          |
|    total_timesteps      | 229376      |
| train/                  |             |
|    approx_kl            | 0.021369835 |
|    clip_fraction        | 0.182       |
|    clip_range           | 0.2         |
|    entropy_loss         | -10.6       |
|    explained_variance   | 0.779       |
|    learning_rate        | 0.000291    |
|    loss                 | -0.0318     |
|    n_updates            | 57          |
|    policy_gradient_loss | 0.0053      |
|    std                  | 0.914       |
|    value_loss           | 0.0805      |
-----------------------------------------
Early stopping at step 0 due to reaching max kl: 0.03
-----------------------------------------
| rollout/                |             |
|    ep_len_mean          | 235         |
|    ep_rew_mean          | 288         |
| time/                   |             |
|    fps                  | 2483        |
|    iterations           | 29          |
|    time_elapsed         | 95          |
|    total_timesteps      | 237568      |
| train/                  |             |
|    approx_kl            | 0.012781041 |
|    clip_fraction        | 0.18        |
|    clip_range           | 0.2         |
|    entropy_loss         | -10.6       |
|    explained_variance   | 0.803       |
|    learning_rate        | 0.000291    |
|    loss                 | 0.104       |
|    n_updates            | 58          |
|    policy_gradient_loss | 0.00596     |
|    std                  | 0.912       |
|    value_loss           | 0.0938      |
-----------------------------------------
Early stopping at step 1 due to reaching max kl: 0.03
-----------------------------------------
| rollout/                |             |
|    ep_len_mean          | 185         |
|    ep_rew_mean          | 237         |
| time/                   |             |
|    fps                  | 2485        |
|    iterations           | 30          |
|    time_elapsed         | 98          |
|    total_timesteps      | 245760      |
| train/                  |             |
|    approx_kl            | 0.022994256 |
|    clip_fraction        | 0.209       |
|    clip_range           | 0.2         |
|    entropy_loss         | -10.6       |
|    explained_variance   | 0.767       |
|    learning_rate        | 0.00029     |
|    loss                 | 0.0357      |
|    n_updates            | 60          |
|    policy_gradient_loss | 0.00154     |
|    std                  | 0.91        |
|    value_loss           | 0.102       |
-----------------------------------------
Early stopping at step 1 due to reaching max kl: 0.03
-----------------------------------------
| rollout/                |             |
|    ep_len_mean          | 187         |
|    ep_rew_mean          | 233         |
| time/                   |             |
|    fps                  | 2487        |
|    iterations           | 31          |
|    time_elapsed         | 102         |
|    total_timesteps      | 253952      |
| train/                  |             |
|    approx_kl            | 0.019561134 |
|    clip_fraction        | 0.191       |
|    clip_range           | 0.2         |
|    entropy_loss         | -10.6       |
|    explained_variance   | 0.762       |
|    learning_rate        | 0.00029     |
|    loss                 | 0.0714      |
|    n_updates            | 62          |
|    policy_gradient_loss | 0.00518     |
|    std                  | 0.91        |
|    value_loss           | 0.125       |
-----------------------------------------
Early stopping at step 0 due to reaching max kl: 0.04
-----------------------------------------
| rollout/                |             |
|    ep_len_mean          | 195         |
|    ep_rew_mean          | 247         |
| time/                   |             |
|    fps                  | 2490        |
|    iterations           | 32          |
|    time_elapsed         | 105         |
|    total_timesteps      | 262144      |
| train/                  |             |
|    approx_kl            | 0.011518261 |
|    clip_fraction        | 0.161       |
|    clip_range           | 0.2         |
|    entropy_loss         | -10.6       |
|    explained_variance   | 0.756       |
|    learning_rate        | 0.00029     |
|    loss                 | 0.107       |
|    n_updates            | 63          |
|    policy_gradient_loss | 0.00545     |
|    std                  | 0.908       |
|    value_loss           | 0.106       |
-----------------------------------------
Early stopping at step 1 due to reaching max kl: 0.03
-----------------------------------------
| rollout/                |             |
|    ep_len_mean          | 217         |
|    ep_rew_mean          | 268         |
| time/                   |             |
|    fps                  | 2490        |
|    iterations           | 33          |
|    time_elapsed         | 108         |
|    total_timesteps      | 270336      |
| train/                  |             |
|    approx_kl            | 0.022273183 |
|    clip_fraction        | 0.218       |
|    clip_range           | 0.2         |
|    entropy_loss         | -10.6       |
|    explained_variance   | 0.744       |
|    learning_rate        | 0.00029     |
|    loss                 | 0.0485      |
|    n_updates            | 65          |
|    policy_gradient_loss | 0.00342     |
|    std                  | 0.904       |
|    value_loss           | 0.0819      |
-----------------------------------------
Early stopping at step 0 due to reaching max kl: 0.03
-----------------------------------------
| rollout/                |             |
|    ep_len_mean          | 217         |
|    ep_rew_mean          | 283         |
| time/                   |             |
|    fps                  | 2495        |
|    iterations           | 34          |
|    time_elapsed         | 111         |
|    total_timesteps      | 278528      |
| train/                  |             |
|    approx_kl            | 0.012574286 |
|    clip_fraction        | 0.164       |
|    clip_range           | 0.2         |
|    entropy_loss         | -10.5       |
|    explained_variance   | 0.751       |
|    learning_rate        | 0.000289    |
|    loss                 | 0.107       |
|    n_updates            | 66          |
|    policy_gradient_loss | 0.00559     |
|    std                  | 0.903       |
|    value_loss           | 0.129       |
-----------------------------------------
Early stopping at step 1 due to reaching max kl: 0.03
-----------------------------------------
| rollout/                |             |
|    ep_len_mean          | 195         |
|    ep_rew_mean          | 244         |
| time/                   |             |
|    fps                  | 2496        |
|    iterations           | 35          |
|    time_elapsed         | 114         |
|    total_timesteps      | 286720      |
| train/                  |             |
|    approx_kl            | 0.021543628 |
|    clip_fraction        | 0.193       |
|    clip_range           | 0.2         |
|    entropy_loss         | -10.5       |
|    explained_variance   | 0.778       |
|    learning_rate        | 0.000289    |
|    loss                 | 0.0682      |
|    n_updates            | 68          |
|    policy_gradient_loss | 0.00748     |
|    std                  | 0.902       |
|    value_loss           | 0.103       |
-----------------------------------------
Early stopping at step 0 due to reaching max kl: 0.03
----------------------------------------
| rollout/                |            |
|    ep_len_mean          | 206        |
|    ep_rew_mean          | 260        |
| time/                   |            |
|    fps                  | 2500       |
|    iterations           | 36         |
|    time_elapsed         | 117        |
|    total_timesteps      | 294912     |
| train/                  |            |
|    approx_kl            | 0.01339841 |
|    clip_fraction        | 0.184      |
|    clip_range           | 0.2        |
|    entropy_loss         | -10.5      |
|    explained_variance   | 0.795      |
|    learning_rate        | 0.000289   |
|    loss                 | 0.0824     |
|    n_updates            | 69         |
|    policy_gradient_loss | 0.00482    |
|    std                  | 0.901      |
|    value_loss           | 0.127      |
----------------------------------------
Early stopping at step 0 due to reaching max kl: 0.03
-----------------------------------------
| rollout/                |             |
|    ep_len_mean          | 214         |
|    ep_rew_mean          | 273         |
| time/                   |             |
|    fps                  | 2504        |
|    iterations           | 37          |
|    time_elapsed         | 121         |
|    total_timesteps      | 303104      |
| train/                  |             |
|    approx_kl            | 0.012686662 |
|    clip_fraction        | 0.178       |
|    clip_range           | 0.2         |
|    entropy_loss         | -10.5       |
|    explained_variance   | 0.814       |
|    learning_rate        | 0.000288    |
|    loss                 | 0.0599      |
|    n_updates            | 70          |
|    policy_gradient_loss | 0.00363     |
|    std                  | 0.9         |
|    value_loss           | 0.0893      |
-----------------------------------------
Early stopping at step 1 due to reaching max kl: 0.03
-----------------------------------------
| rollout/                |             |
|    ep_len_mean          | 245         |
|    ep_rew_mean          | 318         |
| time/                   |             |
|    fps                  | 2505        |
|    iterations           | 38          |
|    time_elapsed         | 124         |
|    total_timesteps      | 311296      |
| train/                  |             |
|    approx_kl            | 0.023468418 |
|    clip_fraction        | 0.224       |
|    clip_range           | 0.2         |
|    entropy_loss         | -10.5       |
|    explained_variance   | 0.803       |
|    learning_rate        | 0.000288    |
|    loss                 | 0.0184      |
|    n_updates            | 72          |
|    policy_gradient_loss | 0.00703     |
|    std                  | 0.896       |
|    value_loss           | 0.0781      |
-----------------------------------------
Early stopping at step 0 due to reaching max kl: 0.04
-----------------------------------------
| rollout/                |             |
|    ep_len_mean          | 230         |
|    ep_rew_mean          | 303         |
| time/                   |             |
|    fps                  | 2508        |
|    iterations           | 39          |
|    time_elapsed         | 127         |
|    total_timesteps      | 319488      |
| train/                  |             |
|    approx_kl            | 0.013443297 |
|    clip_fraction        | 0.185       |
|    clip_range           | 0.2         |
|    entropy_loss         | -10.5       |
|    explained_variance   | 0.805       |
|    learning_rate        | 0.000288    |
|    loss                 | 0.0797      |
|    n_updates            | 73          |
|    policy_gradient_loss | 0.00739     |
|    std                  | 0.893       |
|    value_loss           | 0.108       |
-----------------------------------------
Early stopping at step 0 due to reaching max kl: 0.04
-----------------------------------------
| rollout/                |             |
|    ep_len_mean          | 231         |
|    ep_rew_mean          | 302         |
| time/                   |             |
|    fps                  | 2511        |
|    iterations           | 40          |
|    time_elapsed         | 130         |
|    total_timesteps      | 327680      |
| train/                  |             |
|    approx_kl            | 0.011729358 |
|    clip_fraction        | 0.166       |
|    clip_range           | 0.2         |
|    entropy_loss         | -10.4       |
|    explained_variance   | 0.808       |
|    learning_rate        | 0.000287    |
|    loss                 | 0.126       |
|    n_updates            | 74          |
|    policy_gradient_loss | 0.0059      |
|    std                  | 0.892       |
|    value_loss           | 0.113       |
-----------------------------------------
Early stopping at step 0 due to reaching max kl: 0.04
-----------------------------------------
| rollout/                |             |
|    ep_len_mean          | 283         |
|    ep_rew_mean          | 373         |
| time/                   |             |
|    fps                  | 2512        |
|    iterations           | 41          |
|    time_elapsed         | 133         |
|    total_timesteps      | 335872      |
| train/                  |             |
|    approx_kl            | 0.013187511 |
|    clip_fraction        | 0.183       |
|    clip_range           | 0.2         |
|    entropy_loss         | -10.4       |
|    explained_variance   | 0.776       |
|    learning_rate        | 0.000287    |
|    loss                 | 0.0854      |
|    n_updates            | 75          |
|    policy_gradient_loss | 0.00462     |
|    std                  | 0.891       |
|    value_loss           | 0.079       |
-----------------------------------------
Early stopping at step 0 due to reaching max kl: 0.04
-----------------------------------------
| rollout/                |             |
|    ep_len_mean          | 277         |
|    ep_rew_mean          | 367         |
| time/                   |             |
|    fps                  | 2514        |
|    iterations           | 42          |
|    time_elapsed         | 136         |
|    total_timesteps      | 344064      |
| train/                  |             |
|    approx_kl            | 0.014312018 |
|    clip_fraction        | 0.2         |
|    clip_range           | 0.2         |
|    entropy_loss         | -10.4       |
|    explained_variance   | 0.807       |
|    learning_rate        | 0.000287    |
|    loss                 | 0.0503      |
|    n_updates            | 76          |
|    policy_gradient_loss | 0.009       |
|    std                  | 0.89        |
|    value_loss           | 0.068       |
-----------------------------------------
Early stopping at step 0 due to reaching max kl: 0.03
-----------------------------------------
| rollout/                |             |
|    ep_len_mean          | 285         |
|    ep_rew_mean          | 365         |
| time/                   |             |
|    fps                  | 2516        |
|    iterations           | 43          |
|    time_elapsed         | 139         |
|    total_timesteps      | 352256      |
| train/                  |             |
|    approx_kl            | 0.013506765 |
|    clip_fraction        | 0.187       |
|    clip_range           | 0.2         |
|    entropy_loss         | -10.4       |
|    explained_variance   | 0.778       |
|    learning_rate        | 0.000286    |
|    loss                 | 0.0804      |
|    n_updates            | 77          |
|    policy_gradient_loss | 0.0052      |
|    std                  | 0.889       |
|    value_loss           | 0.117       |
-----------------------------------------
Early stopping at step 0 due to reaching max kl: 0.03
-----------------------------------------
| rollout/                |             |
|    ep_len_mean          | 223         |
|    ep_rew_mean          | 270         |
| time/                   |             |
|    fps                  | 2519        |
|    iterations           | 44          |
|    time_elapsed         | 143         |
|    total_timesteps      | 360448      |
| train/                  |             |
|    approx_kl            | 0.010027887 |
|    clip_fraction        | 0.135       |
|    clip_range           | 0.2         |
|    entropy_loss         | -10.4       |
|    explained_variance   | 0.81        |
|    learning_rate        | 0.000286    |
|    loss                 | 0.0976      |
|    n_updates            | 78          |
|    policy_gradient_loss | 0.00484     |
|    std                  | 0.888       |
|    value_loss           | 0.0693      |
-----------------------------------------
Early stopping at step 0 due to reaching max kl: 0.05
-----------------------------------------
| rollout/                |             |
|    ep_len_mean          | 252         |
|    ep_rew_mean          | 315         |
| time/                   |             |
|    fps                  | 2523        |
|    iterations           | 45          |
|    time_elapsed         | 146         |
|    total_timesteps      | 368640      |
| train/                  |             |
|    approx_kl            | 0.010040804 |
|    clip_fraction        | 0.131       |
|    clip_range           | 0.2         |
|    entropy_loss         | -10.4       |
|    explained_variance   | 0.801       |
|    learning_rate        | 0.000286    |
|    loss                 | 0.0969      |
|    n_updates            | 79          |
|    policy_gradient_loss | 0.00289     |
|    std                  | 0.887       |
|    value_loss           | 0.103       |
-----------------------------------------
Early stopping at step 1 due to reaching max kl: 0.03
-----------------------------------------
| rollout/                |             |
|    ep_len_mean          | 278         |
|    ep_rew_mean          | 360         |
| time/                   |             |
|    fps                  | 2523        |
|    iterations           | 46          |
|    time_elapsed         | 149         |
|    total_timesteps      | 376832      |
| train/                  |             |
|    approx_kl            | 0.023990404 |
|    clip_fraction        | 0.221       |
|    clip_range           | 0.2         |
|    entropy_loss         | -10.4       |
|    explained_variance   | 0.745       |
|    learning_rate        | 0.000285    |
|    loss                 | 0.0534      |
|    n_updates            | 81          |
|    policy_gradient_loss | 0.00672     |
|    std                  | 0.885       |
|    value_loss           | 0.102       |
-----------------------------------------
Early stopping at step 0 due to reaching max kl: 0.03
---------------------------------------
| rollout/                |           |
|    ep_len_mean          | 243       |
|    ep_rew_mean          | 324       |
| time/                   |           |
|    fps                  | 2526      |
|    iterations           | 47        |
|    time_elapsed         | 152       |
|    total_timesteps      | 385024    |
| train/                  |           |
|    approx_kl            | 0.0124927 |
|    clip_fraction        | 0.177     |
|    clip_range           | 0.2       |
|    entropy_loss         | -10.4     |
|    explained_variance   | 0.826     |
|    learning_rate        | 0.000285  |
|    loss                 | 0.0618    |
|    n_updates            | 82        |
|    policy_gradient_loss | 0.00776   |
|    std                  | 0.883     |
|    value_loss           | 0.0697    |
---------------------------------------
Early stopping at step 0 due to reaching max kl: 0.04
------------------------------------------
| rollout/                |              |
|    ep_len_mean          | 271          |
|    ep_rew_mean          | 354          |
| time/                   |              |
|    fps                  | 2528         |
|    iterations           | 48           |
|    time_elapsed         | 155          |
|    total_timesteps      | 393216       |
| train/                  |              |
|    approx_kl            | 0.0131081175 |
|    clip_fraction        | 0.18         |
|    clip_range           | 0.2          |
|    entropy_loss         | -10.4        |
|    explained_variance   | 0.769        |
|    learning_rate        | 0.000285     |
|    loss                 | 0.0973       |
|    n_updates            | 83           |
|    policy_gradient_loss | 0.0082       |
|    std                  | 0.882        |
|    value_loss           | 0.119        |
------------------------------------------
Early stopping at step 0 due to reaching max kl: 0.04
-----------------------------------------
| rollout/                |             |
|    ep_len_mean          | 262         |
|    ep_rew_mean          | 338         |
| time/                   |             |
|    fps                  | 2530        |
|    iterations           | 49          |
|    time_elapsed         | 158         |
|    total_timesteps      | 401408      |
| train/                  |             |
|    approx_kl            | 0.013579438 |
|    clip_fraction        | 0.19        |
|    clip_range           | 0.2         |
|    entropy_loss         | -10.3       |
|    explained_variance   | 0.796       |
|    learning_rate        | 0.000284    |
|    loss                 | 0.0754      |
|    n_updates            | 84          |
|    policy_gradient_loss | 0.00738     |
|    std                  | 0.88        |
|    value_loss           | 0.0832      |
-----------------------------------------
Early stopping at step 0 due to reaching max kl: 0.03
-----------------------------------------
| rollout/                |             |
|    ep_len_mean          | 275         |
|    ep_rew_mean          | 349         |
| time/                   |             |
|    fps                  | 2532        |
|    iterations           | 50          |
|    time_elapsed         | 161         |
|    total_timesteps      | 409600      |
| train/                  |             |
|    approx_kl            | 0.012050285 |
|    clip_fraction        | 0.173       |
|    clip_range           | 0.2         |
|    entropy_loss         | -10.3       |
|    explained_variance   | 0.792       |
|    learning_rate        | 0.000284    |
|    loss                 | 0.0974      |
|    n_updates            | 85          |
|    policy_gradient_loss | 0.00593     |
|    std                  | 0.88        |
|    value_loss           | 0.0998      |
-----------------------------------------
Early stopping at step 0 due to reaching max kl: 0.03
-----------------------------------------
| rollout/                |             |
|    ep_len_mean          | 333         |
|    ep_rew_mean          | 423         |
| time/                   |             |
|    fps                  | 2534        |
|    iterations           | 51          |
|    time_elapsed         | 164         |
|    total_timesteps      | 417792      |
| train/                  |             |
|    approx_kl            | 0.011669602 |
|    clip_fraction        | 0.163       |
|    clip_range           | 0.2         |
|    entropy_loss         | -10.3       |
|    explained_variance   | 0.797       |
|    learning_rate        | 0.000284    |
|    loss                 | 0.0771      |
|    n_updates            | 86          |
|    policy_gradient_loss | 0.00457     |
|    std                  | 0.877       |
|    value_loss           | 0.0585      |
-----------------------------------------
Early stopping at step 1 due to reaching max kl: 0.04
-----------------------------------------
| rollout/                |             |
|    ep_len_mean          | 327         |
|    ep_rew_mean          | 422         |
| time/                   |             |
|    fps                  | 2534        |
|    iterations           | 52          |
|    time_elapsed         | 168         |
|    total_timesteps      | 425984      |
| train/                  |             |
|    approx_kl            | 0.025100973 |
|    clip_fraction        | 0.195       |
|    clip_range           | 0.2         |
|    entropy_loss         | -10.3       |
|    explained_variance   | 0.754       |
|    learning_rate        | 0.000283    |
|    loss                 | 0.0289      |
|    n_updates            | 88          |
|    policy_gradient_loss | 0.00969     |
|    std                  | 0.876       |
|    value_loss           | 0.0868      |
-----------------------------------------
Early stopping at step 0 due to reaching max kl: 0.03
----------------------------------------
| rollout/                |            |
|    ep_len_mean          | 324        |
|    ep_rew_mean          | 411        |
| time/                   |            |
|    fps                  | 2537       |
|    iterations           | 53         |
|    time_elapsed         | 171        |
|    total_timesteps      | 434176     |
| train/                  |            |
|    approx_kl            | 0.01076023 |
|    clip_fraction        | 0.149      |
|    clip_range           | 0.2        |
|    entropy_loss         | -10.3      |
|    explained_variance   | 0.76       |
|    learning_rate        | 0.000283   |
|    loss                 | 0.0754     |
|    n_updates            | 89         |
|    policy_gradient_loss | 0.00874    |
|    std                  | 0.875      |
|    value_loss           | 0.0863     |
----------------------------------------
Early stopping at step 1 due to reaching max kl: 0.03
-----------------------------------------
| rollout/                |             |
|    ep_len_mean          | 292         |
|    ep_rew_mean          | 370         |
| time/                   |             |
|    fps                  | 2537        |
|    iterations           | 54          |
|    time_elapsed         | 174         |
|    total_timesteps      | 442368      |
| train/                  |             |
|    approx_kl            | 0.023203626 |
|    clip_fraction        | 0.204       |
|    clip_range           | 0.2         |
|    entropy_loss         | -10.3       |
|    explained_variance   | 0.767       |
|    learning_rate        | 0.000283    |
|    loss                 | 0.0318      |
|    n_updates            | 91          |
|    policy_gradient_loss | 0.0083      |
|    std                  | 0.872       |
|    value_loss           | 0.103       |
-----------------------------------------
Early stopping at step 0 due to reaching max kl: 0.03
-----------------------------------------
| rollout/                |             |
|    ep_len_mean          | 278         |
|    ep_rew_mean          | 349         |
| time/                   |             |
|    fps                  | 2539        |
|    iterations           | 55          |
|    time_elapsed         | 177         |
|    total_timesteps      | 450560      |
| train/                  |             |
|    approx_kl            | 0.012284421 |
|    clip_fraction        | 0.17        |
|    clip_range           | 0.2         |
|    entropy_loss         | -10.2       |
|    explained_variance   | 0.766       |
|    learning_rate        | 0.000282    |
|    loss                 | 0.0707      |
|    n_updates            | 92          |
|    policy_gradient_loss | 0.00335     |
|    std                  | 0.87        |
|    value_loss           | 0.0897      |
-----------------------------------------
Early stopping at step 1 due to reaching max kl: 0.03
-----------------------------------------
| rollout/                |             |
|    ep_len_mean          | 245         |
|    ep_rew_mean          | 311         |
| time/                   |             |
|    fps                  | 2539        |
|    iterations           | 56          |
|    time_elapsed         | 180         |
|    total_timesteps      | 458752      |
| train/                  |             |
|    approx_kl            | 0.020589892 |
|    clip_fraction        | 0.198       |
|    clip_range           | 0.2         |
|    entropy_loss         | -10.2       |
|    explained_variance   | 0.758       |
|    learning_rate        | 0.000282    |
|    loss                 | -0.00804    |
|    n_updates            | 94          |
|    policy_gradient_loss | 0.00792     |
|    std                  | 0.869       |
|    value_loss           | 0.103       |
-----------------------------------------
Early stopping at step 0 due to reaching max kl: 0.03
-----------------------------------------
| rollout/                |             |
|    ep_len_mean          | 236         |
|    ep_rew_mean          | 293         |
| time/                   |             |
|    fps                  | 2542        |
|    iterations           | 57          |
|    time_elapsed         | 183         |
|    total_timesteps      | 466944      |
| train/                  |             |
|    approx_kl            | 0.012535693 |
|    clip_fraction        | 0.171       |
|    clip_range           | 0.2         |
|    entropy_loss         | -10.2       |
|    explained_variance   | 0.721       |
|    learning_rate        | 0.000282    |
|    loss                 | 0.0952      |
|    n_updates            | 95          |
|    policy_gradient_loss | 0.00712     |
|    std                  | 0.868       |
|    value_loss           | 0.146       |
-----------------------------------------
Early stopping at step 0 due to reaching max kl: 0.03
-----------------------------------------
| rollout/                |             |
|    ep_len_mean          | 224         |
|    ep_rew_mean          | 270         |
| time/                   |             |
|    fps                  | 2543        |
|    iterations           | 58          |
|    time_elapsed         | 186         |
|    total_timesteps      | 475136      |
| train/                  |             |
|    approx_kl            | 0.013941483 |
|    clip_fraction        | 0.19        |
|    clip_range           | 0.2         |
|    entropy_loss         | -10.2       |
|    explained_variance   | 0.814       |
|    learning_rate        | 0.000281    |
|    loss                 | 0.0671      |
|    n_updates            | 96          |
|    policy_gradient_loss | 0.00308     |
|    std                  | 0.866       |
|    value_loss           | 0.0941      |
-----------------------------------------
Early stopping at step 0 due to reaching max kl: 0.03
-----------------------------------------
| rollout/                |             |
|    ep_len_mean          | 267         |
|    ep_rew_mean          | 331         |
| time/                   |             |
|    fps                  | 2545        |
|    iterations           | 59          |
|    time_elapsed         | 189         |
|    total_timesteps      | 483328      |
| train/                  |             |
|    approx_kl            | 0.012023849 |
|    clip_fraction        | 0.164       |
|    clip_range           | 0.2         |
|    entropy_loss         | -10.2       |
|    explained_variance   | 0.81        |
|    learning_rate        | 0.000281    |
|    loss                 | 0.161       |
|    n_updates            | 97          |
|    policy_gradient_loss | 0.00694     |
|    std                  | 0.865       |
|    value_loss           | 0.0882      |
-----------------------------------------
Early stopping at step 0 due to reaching max kl: 0.03
-----------------------------------------
| rollout/                |             |
|    ep_len_mean          | 269         |
|    ep_rew_mean          | 338         |
| time/                   |             |
|    fps                  | 2546        |
|    iterations           | 60          |
|    time_elapsed         | 193         |
|    total_timesteps      | 491520      |
| train/                  |             |
|    approx_kl            | 0.013445763 |
|    clip_fraction        | 0.186       |
|    clip_range           | 0.2         |
|    entropy_loss         | -10.2       |
|    explained_variance   | 0.805       |
|    learning_rate        | 0.000281    |
|    loss                 | 0.0517      |
|    n_updates            | 98          |
|    policy_gradient_loss | 0.00762     |
|    std                  | 0.864       |
|    value_loss           | 0.0744      |
-----------------------------------------
Early stopping at step 0 due to reaching max kl: 0.03
-----------------------------------------
| rollout/                |             |
|    ep_len_mean          | 299         |
|    ep_rew_mean          | 377         |
| time/                   |             |
|    fps                  | 2546        |
|    iterations           | 61          |
|    time_elapsed         | 196         |
|    total_timesteps      | 499712      |
| train/                  |             |
|    approx_kl            | 0.015210217 |
|    clip_fraction        | 0.216       |
|    clip_range           | 0.2         |
|    entropy_loss         | -10.2       |
|    explained_variance   | 0.791       |
|    learning_rate        | 0.00028     |
|    loss                 | 0.0407      |
|    n_updates            | 99          |
|    policy_gradient_loss | 0.00961     |
|    std                  | 0.863       |
|    value_loss           | 0.0733      |
-----------------------------------------
Early stopping at step 0 due to reaching max kl: 0.03
---------------------------------------
| rollout/                |           |
|    ep_len_mean          | 337       |
|    ep_rew_mean          | 429       |
| time/                   |           |
|    fps                  | 2547      |
|    iterations           | 62        |
|    time_elapsed         | 199       |
|    total_timesteps      | 507904    |
| train/                  |           |
|    approx_kl            | 0.0144006 |
|    clip_fraction        | 0.203     |
|    clip_range           | 0.2       |
|    entropy_loss         | -10.2     |
|    explained_variance   | 0.806     |
|    learning_rate        | 0.00028   |
|    loss                 | 0.0633    |
|    n_updates            | 100       |
|    policy_gradient_loss | 0.00653   |
|    std                  | 0.862     |
|    value_loss           | 0.0888    |
---------------------------------------
Early stopping at step 0 due to reaching max kl: 0.03
-----------------------------------------
| rollout/                |             |
|    ep_len_mean          | 292         |
|    ep_rew_mean          | 386         |
| time/                   |             |
|    fps                  | 2549        |
|    iterations           | 63          |
|    time_elapsed         | 202         |
|    total_timesteps      | 516096      |
| train/                  |             |
|    approx_kl            | 0.011253547 |
|    clip_fraction        | 0.154       |
|    clip_range           | 0.2         |
|    entropy_loss         | -10.2       |
|    explained_variance   | 0.81        |
|    learning_rate        | 0.00028     |
|    loss                 | 0.0333      |
|    n_updates            | 101         |
|    policy_gradient_loss | 0.00982     |
|    std                  | 0.86        |
|    value_loss           | 0.0585      |
-----------------------------------------
Early stopping at step 0 due to reaching max kl: 0.03
-----------------------------------------
| rollout/                |             |
|    ep_len_mean          | 290         |
|    ep_rew_mean          | 382         |
| time/                   |             |
|    fps                  | 2550        |
|    iterations           | 64          |
|    time_elapsed         | 205         |
|    total_timesteps      | 524288      |
| train/                  |             |
|    approx_kl            | 0.013897554 |
|    clip_fraction        | 0.188       |
|    clip_range           | 0.2         |
|    entropy_loss         | -10.1       |
|    explained_variance   | 0.739       |
|    learning_rate        | 0.000279    |
|    loss                 | 0.0466      |
|    n_updates            | 102         |
|    policy_gradient_loss | 0.00889     |
|    std                  | 0.859       |
|    value_loss           | 0.135       |
-----------------------------------------
Early stopping at step 0 due to reaching max kl: 0.03
-----------------------------------------
| rollout/                |             |
|    ep_len_mean          | 334         |
|    ep_rew_mean          | 446         |
| time/                   |             |
|    fps                  | 2553        |
|    iterations           | 65          |
|    time_elapsed         | 208         |
|    total_timesteps      | 532480      |
| train/                  |             |
|    approx_kl            | 0.008850672 |
|    clip_fraction        | 0.118       |
|    clip_range           | 0.2         |
|    entropy_loss         | -10.1       |
|    explained_variance   | 0.769       |
|    learning_rate        | 0.000279    |
|    loss                 | 0.0877      |
|    n_updates            | 103         |
|    policy_gradient_loss | 0.00418     |
|    std                  | 0.859       |
|    value_loss           | 0.0939      |
-----------------------------------------
Early stopping at step 0 due to reaching max kl: 0.03
-----------------------------------------
| rollout/                |             |
|    ep_len_mean          | 298         |
|    ep_rew_mean          | 397         |
| time/                   |             |
|    fps                  | 2555        |
|    iterations           | 66          |
|    time_elapsed         | 211         |
|    total_timesteps      | 540672      |
| train/                  |             |
|    approx_kl            | 0.011615968 |
|    clip_fraction        | 0.158       |
|    clip_range           | 0.2         |
|    entropy_loss         | -10.1       |
|    explained_variance   | 0.767       |
|    learning_rate        | 0.000279    |
|    loss                 | 0.0704      |
|    n_updates            | 104         |
|    policy_gradient_loss | 0.00406     |
|    std                  | 0.858       |
|    value_loss           | 0.0731      |
-----------------------------------------
Early stopping at step 0 due to reaching max kl: 0.03
----------------------------------------
| rollout/                |            |
|    ep_len_mean          | 311        |
|    ep_rew_mean          | 406        |
| time/                   |            |
|    fps                  | 2556       |
|    iterations           | 67         |
|    time_elapsed         | 214        |
|    total_timesteps      | 548864     |
| train/                  |            |
|    approx_kl            | 0.01212869 |
|    clip_fraction        | 0.175      |
|    clip_range           | 0.2        |
|    entropy_loss         | -10.1      |
|    explained_variance   | 0.734      |
|    learning_rate        | 0.000278   |
|    loss                 | 0.0772     |
|    n_updates            | 105        |
|    policy_gradient_loss | 0.00683    |
|    std                  | 0.856      |
|    value_loss           | 0.123      |
----------------------------------------
Early stopping at step 0 due to reaching max kl: 0.03
-----------------------------------------
| rollout/                |             |
|    ep_len_mean          | 312         |
|    ep_rew_mean          | 406         |
| time/                   |             |
|    fps                  | 2556        |
|    iterations           | 68          |
|    time_elapsed         | 217         |
|    total_timesteps      | 557056      |
| train/                  |             |
|    approx_kl            | 0.014508991 |
|    clip_fraction        | 0.194       |
|    clip_range           | 0.2         |
|    entropy_loss         | -10.1       |
|    explained_variance   | 0.735       |
|    learning_rate        | 0.000278    |
|    loss                 | 0.0927      |
|    n_updates            | 106         |
|    policy_gradient_loss | 0.00611     |
|    std                  | 0.854       |
|    value_loss           | 0.0932      |
-----------------------------------------
Early stopping at step 0 due to reaching max kl: 0.03
-----------------------------------------
| rollout/                |             |
|    ep_len_mean          | 294         |
|    ep_rew_mean          | 376         |
| time/                   |             |
|    fps                  | 2557        |
|    iterations           | 69          |
|    time_elapsed         | 220         |
|    total_timesteps      | 565248      |
| train/                  |             |
|    approx_kl            | 0.014031244 |
|    clip_fraction        | 0.196       |
|    clip_range           | 0.2         |
|    entropy_loss         | -10.1       |
|    explained_variance   | 0.755       |
|    learning_rate        | 0.000278    |
|    loss                 | 0.0439      |
|    n_updates            | 107         |
|    policy_gradient_loss | 0.00865     |
|    std                  | 0.853       |
|    value_loss           | 0.089       |
-----------------------------------------
Early stopping at step 0 due to reaching max kl: 0.04
-----------------------------------------
| rollout/                |             |
|    ep_len_mean          | 315         |
|    ep_rew_mean          | 402         |
| time/                   |             |
|    fps                  | 2558        |
|    iterations           | 70          |
|    time_elapsed         | 224         |
|    total_timesteps      | 573440      |
| train/                  |             |
|    approx_kl            | 0.015398374 |
|    clip_fraction        | 0.208       |
|    clip_range           | 0.2         |
|    entropy_loss         | -10.1       |
|    explained_variance   | 0.774       |
|    learning_rate        | 0.000277    |
|    loss                 | 0.0333      |
|    n_updates            | 108         |
|    policy_gradient_loss | 0.00748     |
|    std                  | 0.852       |
|    value_loss           | 0.082       |
-----------------------------------------
Early stopping at step 0 due to reaching max kl: 0.03
-----------------------------------------
| rollout/                |             |
|    ep_len_mean          | 335         |
|    ep_rew_mean          | 431         |
| time/                   |             |
|    fps                  | 2560        |
|    iterations           | 71          |
|    time_elapsed         | 227         |
|    total_timesteps      | 581632      |
| train/                  |             |
|    approx_kl            | 0.011716785 |
|    clip_fraction        | 0.172       |
|    clip_range           | 0.2         |
|    entropy_loss         | -10.1       |
|    explained_variance   | 0.746       |
|    learning_rate        | 0.000277    |
|    loss                 | 0.0767      |
|    n_updates            | 109         |
|    policy_gradient_loss | 0.00683     |
|    std                  | 0.851       |
|    value_loss           | 0.114       |
-----------------------------------------
Early stopping at step 0 due to reaching max kl: 0.03
-----------------------------------------
| rollout/                |             |
|    ep_len_mean          | 311         |
|    ep_rew_mean          | 404         |
| time/                   |             |
|    fps                  | 2562        |
|    iterations           | 72          |
|    time_elapsed         | 230         |
|    total_timesteps      | 589824      |
| train/                  |             |
|    approx_kl            | 0.009545235 |
|    clip_fraction        | 0.127       |
|    clip_range           | 0.2         |
|    entropy_loss         | -10.1       |
|    explained_variance   | 0.758       |
|    learning_rate        | 0.000277    |
|    loss                 | 0.0423      |
|    n_updates            | 110         |
|    policy_gradient_loss | 0.00323     |
|    std                  | 0.851       |
|    value_loss           | 0.0723      |
-----------------------------------------
Early stopping at step 0 due to reaching max kl: 0.03
-----------------------------------------
| rollout/                |             |
|    ep_len_mean          | 317         |
|    ep_rew_mean          | 407         |
| time/                   |             |
|    fps                  | 2562        |
|    iterations           | 73          |
|    time_elapsed         | 233         |
|    total_timesteps      | 598016      |
| train/                  |             |
|    approx_kl            | 0.014940566 |
|    clip_fraction        | 0.2         |
|    clip_range           | 0.2         |
|    entropy_loss         | -10         |
|    explained_variance   | 0.736       |
|    learning_rate        | 0.000276    |
|    loss                 | 0.0845      |
|    n_updates            | 111         |
|    policy_gradient_loss | 0.0103      |
|    std                  | 0.849       |
|    value_loss           | 0.114       |
-----------------------------------------
Early stopping at step 0 due to reaching max kl: 0.03
-----------------------------------------
| rollout/                |             |
|    ep_len_mean          | 346         |
|    ep_rew_mean          | 439         |
| time/                   |             |
|    fps                  | 2564        |
|    iterations           | 74          |
|    time_elapsed         | 236         |
|    total_timesteps      | 606208      |
| train/                  |             |
|    approx_kl            | 0.010530455 |
|    clip_fraction        | 0.151       |
|    clip_range           | 0.2         |
|    entropy_loss         | -10         |
|    explained_variance   | 0.793       |
|    learning_rate        | 0.000276    |
|    loss                 | 0.0231      |
|    n_updates            | 112         |
|    policy_gradient_loss | 0.00102     |
|    std                  | 0.848       |
|    value_loss           | 0.0746      |
-----------------------------------------
Early stopping at step 0 due to reaching max kl: 0.03
-----------------------------------------
| rollout/                |             |
|    ep_len_mean          | 336         |
|    ep_rew_mean          | 420         |
| time/                   |             |
|    fps                  | 2564        |
|    iterations           | 75          |
|    time_elapsed         | 239         |
|    total_timesteps      | 614400      |
| train/                  |             |
|    approx_kl            | 0.015302266 |
|    clip_fraction        | 0.216       |
|    clip_range           | 0.2         |
|    entropy_loss         | -10         |
|    explained_variance   | 0.772       |
|    learning_rate        | 0.000276    |
|    loss                 | 0.0219      |
|    n_updates            | 113         |
|    policy_gradient_loss | 0.00885     |
|    std                  | 0.846       |
|    value_loss           | 0.0636      |
-----------------------------------------
Early stopping at step 0 due to reaching max kl: 0.04
-----------------------------------------
| rollout/                |             |
|    ep_len_mean          | 355         |
|    ep_rew_mean          | 455         |
| time/                   |             |
|    fps                  | 2564        |
|    iterations           | 76          |
|    time_elapsed         | 242         |
|    total_timesteps      | 622592      |
| train/                  |             |
|    approx_kl            | 0.014626254 |
|    clip_fraction        | 0.204       |
|    clip_range           | 0.2         |
|    entropy_loss         | -10         |
|    explained_variance   | 0.724       |
|    learning_rate        | 0.000275    |
|    loss                 | 0.137       |
|    n_updates            | 114         |
|    policy_gradient_loss | 0.0103      |
|    std                  | 0.844       |
|    value_loss           | 0.0746      |
-----------------------------------------
Early stopping at step 0 due to reaching max kl: 0.03
-----------------------------------------
| rollout/                |             |
|    ep_len_mean          | 359         |
|    ep_rew_mean          | 462         |
| time/                   |             |
|    fps                  | 2565        |
|    iterations           | 77          |
|    time_elapsed         | 245         |
|    total_timesteps      | 630784      |
| train/                  |             |
|    approx_kl            | 0.013093461 |
|    clip_fraction        | 0.189       |
|    clip_range           | 0.2         |
|    entropy_loss         | -9.98       |
|    explained_variance   | 0.752       |
|    learning_rate        | 0.000275    |
|    loss                 | 0.0944      |
|    n_updates            | 115         |
|    policy_gradient_loss | 0.00744     |
|    std                  | 0.841       |
|    value_loss           | 0.0874      |
-----------------------------------------
Early stopping at step 0 due to reaching max kl: 0.03
-----------------------------------------
| rollout/                |             |
|    ep_len_mean          | 354         |
|    ep_rew_mean          | 463         |
| time/                   |             |
|    fps                  | 2566        |
|    iterations           | 78          |
|    time_elapsed         | 249         |
|    total_timesteps      | 638976      |
| train/                  |             |
|    approx_kl            | 0.012172801 |
|    clip_fraction        | 0.168       |
|    clip_range           | 0.2         |
|    entropy_loss         | -9.96       |
|    explained_variance   | 0.754       |
|    learning_rate        | 0.000275    |
|    loss                 | -0.00361    |
|    n_updates            | 116         |
|    policy_gradient_loss | 0.00506     |
|    std                  | 0.841       |
|    value_loss           | 0.0769      |
-----------------------------------------
Early stopping at step 0 due to reaching max kl: 0.03
------------------------------------------
| rollout/                |              |
|    ep_len_mean          | 360          |
|    ep_rew_mean          | 473          |
| time/                   |              |
|    fps                  | 2567         |
|    iterations           | 79           |
|    time_elapsed         | 252          |
|    total_timesteps      | 647168       |
| train/                  |              |
|    approx_kl            | 0.0108785145 |
|    clip_fraction        | 0.148        |
|    clip_range           | 0.2          |
|    entropy_loss         | -9.96        |
|    explained_variance   | 0.749        |
|    learning_rate        | 0.000274     |
|    loss                 | 0.135        |
|    n_updates            | 117          |
|    policy_gradient_loss | 0.00382      |
|    std                  | 0.84         |
|    value_loss           | 0.0939       |
------------------------------------------
Early stopping at step 0 due to reaching max kl: 0.04
----------------------------------------
| rollout/                |            |
|    ep_len_mean          | 347        |
|    ep_rew_mean          | 446        |
| time/                   |            |
|    fps                  | 2567       |
|    iterations           | 80         |
|    time_elapsed         | 255        |
|    total_timesteps      | 655360     |
| train/                  |            |
|    approx_kl            | 0.01418559 |
|    clip_fraction        | 0.196      |
|    clip_range           | 0.2        |
|    entropy_loss         | -9.94      |
|    explained_variance   | 0.709      |
|    learning_rate        | 0.000274   |
|    loss                 | 0.0515     |
|    n_updates            | 118        |
|    policy_gradient_loss | 0.0062     |
|    std                  | 0.838      |
|    value_loss           | 0.0923     |
----------------------------------------
Early stopping at step 0 due to reaching max kl: 0.03
----------------------------------------
| rollout/                |            |
|    ep_len_mean          | 311        |
|    ep_rew_mean          | 408        |
| time/                   |            |
|    fps                  | 2569       |
|    iterations           | 81         |
|    time_elapsed         | 258        |
|    total_timesteps      | 663552     |
| train/                  |            |
|    approx_kl            | 0.01246248 |
|    clip_fraction        | 0.166      |
|    clip_range           | 0.2        |
|    entropy_loss         | -9.93      |
|    explained_variance   | 0.752      |
|    learning_rate        | 0.000274   |
|    loss                 | 0.0316     |
|    n_updates            | 119        |
|    policy_gradient_loss | 0.00219    |
|    std                  | 0.836      |
|    value_loss           | 0.0916     |
----------------------------------------
Early stopping at step 0 due to reaching max kl: 0.04
-----------------------------------------
| rollout/                |             |
|    ep_len_mean          | 326         |
|    ep_rew_mean          | 426         |
| time/                   |             |
|    fps                  | 2570        |
|    iterations           | 82          |
|    time_elapsed         | 261         |
|    total_timesteps      | 671744      |
| train/                  |             |
|    approx_kl            | 0.014243804 |
|    clip_fraction        | 0.204       |
|    clip_range           | 0.2         |
|    entropy_loss         | -9.91       |
|    explained_variance   | 0.728       |
|    learning_rate        | 0.000273    |
|    loss                 | 0.0521      |
|    n_updates            | 120         |
|    policy_gradient_loss | 0.0115      |
|    std                  | 0.835       |
|    value_loss           | 0.118       |
-----------------------------------------
Early stopping at step 0 due to reaching max kl: 0.03
-----------------------------------------
| rollout/                |             |
|    ep_len_mean          | 356         |
|    ep_rew_mean          | 462         |
| time/                   |             |
|    fps                  | 2570        |
|    iterations           | 83          |
|    time_elapsed         | 264         |
|    total_timesteps      | 679936      |
| train/                  |             |
|    approx_kl            | 0.015152747 |
|    clip_fraction        | 0.208       |
|    clip_range           | 0.2         |
|    entropy_loss         | -9.9        |
|    explained_variance   | 0.787       |
|    learning_rate        | 0.000273    |
|    loss                 | 0.0243      |
|    n_updates            | 121         |
|    policy_gradient_loss | 0.00478     |
|    std                  | 0.833       |
|    value_loss           | 0.0605      |
-----------------------------------------
Early stopping at step 0 due to reaching max kl: 0.04
----------------------------------------
| rollout/                |            |
|    ep_len_mean          | 349        |
|    ep_rew_mean          | 450        |
| time/                   |            |
|    fps                  | 2572       |
|    iterations           | 84         |
|    time_elapsed         | 267        |
|    total_timesteps      | 688128     |
| train/                  |            |
|    approx_kl            | 0.01199818 |
|    clip_fraction        | 0.165      |
|    clip_range           | 0.2        |
|    entropy_loss         | -9.88      |
|    explained_variance   | 0.721      |
|    learning_rate        | 0.000273   |
|    loss                 | 0.026      |
|    n_updates            | 122        |
|    policy_gradient_loss | 0.00488    |
|    std                  | 0.832      |
|    value_loss           | 0.085      |
----------------------------------------
Early stopping at step 0 due to reaching max kl: 0.03
-----------------------------------------
| rollout/                |             |
|    ep_len_mean          | 343         |
|    ep_rew_mean          | 438         |
| time/                   |             |
|    fps                  | 2573        |
|    iterations           | 85          |
|    time_elapsed         | 270         |
|    total_timesteps      | 696320      |
| train/                  |             |
|    approx_kl            | 0.011420113 |
|    clip_fraction        | 0.157       |
|    clip_range           | 0.2         |
|    entropy_loss         | -9.88       |
|    explained_variance   | 0.685       |
|    learning_rate        | 0.000272    |
|    loss                 | 0.0864      |
|    n_updates            | 123         |
|    policy_gradient_loss | 0.00575     |
|    std                  | 0.831       |
|    value_loss           | 0.117       |
-----------------------------------------
Early stopping at step 0 due to reaching max kl: 0.03
-----------------------------------------
| rollout/                |             |
|    ep_len_mean          | 386         |
|    ep_rew_mean          | 502         |
| time/                   |             |
|    fps                  | 2574        |
|    iterations           | 86          |
|    time_elapsed         | 273         |
|    total_timesteps      | 704512      |
| train/                  |             |
|    approx_kl            | 0.010116777 |
|    clip_fraction        | 0.135       |
|    clip_range           | 0.2         |
|    entropy_loss         | -9.86       |
|    explained_variance   | 0.7         |
|    learning_rate        | 0.000272    |
|    loss                 | 0.0512      |
|    n_updates            | 124         |
|    policy_gradient_loss | 0.0057      |
|    std                  | 0.83        |
|    value_loss           | 0.0969      |
-----------------------------------------
Early stopping at step 0 due to reaching max kl: 0.03
-----------------------------------------
| rollout/                |             |
|    ep_len_mean          | 340         |
|    ep_rew_mean          | 440         |
| time/                   |             |
|    fps                  | 2575        |
|    iterations           | 87          |
|    time_elapsed         | 276         |
|    total_timesteps      | 712704      |
| train/                  |             |
|    approx_kl            | 0.011598008 |
|    clip_fraction        | 0.155       |
|    clip_range           | 0.2         |
|    entropy_loss         | -9.85       |
|    explained_variance   | 0.76        |
|    learning_rate        | 0.000272    |
|    loss                 | 0.0508      |
|    n_updates            | 125         |
|    policy_gradient_loss | 0.00869     |
|    std                  | 0.829       |
|    value_loss           | 0.0514      |
-----------------------------------------
Early stopping at step 0 due to reaching max kl: 0.03
-----------------------------------------
| rollout/                |             |
|    ep_len_mean          | 363         |
|    ep_rew_mean          | 481         |
| time/                   |             |
|    fps                  | 2577        |
|    iterations           | 88          |
|    time_elapsed         | 279         |
|    total_timesteps      | 720896      |
| train/                  |             |
|    approx_kl            | 0.012151836 |
|    clip_fraction        | 0.165       |
|    clip_range           | 0.2         |
|    entropy_loss         | -9.85       |
|    explained_variance   | 0.682       |
|    learning_rate        | 0.000271    |
|    loss                 | 0.126       |
|    n_updates            | 126         |
|    policy_gradient_loss | 0.00683     |
|    std                  | 0.829       |
|    value_loss           | 0.105       |
-----------------------------------------
Early stopping at step 0 due to reaching max kl: 0.03
-----------------------------------------
| rollout/                |             |
|    ep_len_mean          | 396         |
|    ep_rew_mean          | 525         |
| time/                   |             |
|    fps                  | 2577        |
|    iterations           | 89          |
|    time_elapsed         | 282         |
|    total_timesteps      | 729088      |
| train/                  |             |
|    approx_kl            | 0.014758663 |
|    clip_fraction        | 0.201       |
|    clip_range           | 0.2         |
|    entropy_loss         | -9.85       |
|    explained_variance   | 0.722       |
|    learning_rate        | 0.000271    |
|    loss                 | 0.00111     |
|    n_updates            | 127         |
|    policy_gradient_loss | 0.00673     |
|    std                  | 0.828       |
|    value_loss           | 0.0714      |
-----------------------------------------
Early stopping at step 0 due to reaching max kl: 0.03
-----------------------------------------
| rollout/                |             |
|    ep_len_mean          | 445         |
|    ep_rew_mean          | 596         |
| time/                   |             |
|    fps                  | 2578        |
|    iterations           | 90          |
|    time_elapsed         | 285         |
|    total_timesteps      | 737280      |
| train/                  |             |
|    approx_kl            | 0.014695448 |
|    clip_fraction        | 0.203       |
|    clip_range           | 0.2         |
|    entropy_loss         | -9.83       |
|    explained_variance   | 0.785       |
|    learning_rate        | 0.000271    |
|    loss                 | 0.0495      |
|    n_updates            | 128         |
|    policy_gradient_loss | 0.00929     |
|    std                  | 0.826       |
|    value_loss           | 0.0488      |
-----------------------------------------
Early stopping at step 0 due to reaching max kl: 0.03
-----------------------------------------
| rollout/                |             |
|    ep_len_mean          | 390         |
|    ep_rew_mean          | 527         |
| time/                   |             |
|    fps                  | 2579        |
|    iterations           | 91          |
|    time_elapsed         | 289         |
|    total_timesteps      | 745472      |
| train/                  |             |
|    approx_kl            | 0.012739759 |
|    clip_fraction        | 0.181       |
|    clip_range           | 0.2         |
|    entropy_loss         | -9.82       |
|    explained_variance   | 0.763       |
|    learning_rate        | 0.000271    |
|    loss                 | 0.0439      |
|    n_updates            | 129         |
|    policy_gradient_loss | 0.00735     |
|    std                  | 0.824       |
|    value_loss           | 0.0621      |
-----------------------------------------
Early stopping at step 0 due to reaching max kl: 0.03
-----------------------------------------
| rollout/                |             |
|    ep_len_mean          | 435         |
|    ep_rew_mean          | 587         |
| time/                   |             |
|    fps                  | 2580        |
|    iterations           | 92          |
|    time_elapsed         | 292         |
|    total_timesteps      | 753664      |
| train/                  |             |
|    approx_kl            | 0.009407464 |
|    clip_fraction        | 0.128       |
|    clip_range           | 0.2         |
|    entropy_loss         | -9.8        |
|    explained_variance   | 0.706       |
|    learning_rate        | 0.00027     |
|    loss                 | 0.0928      |
|    n_updates            | 130         |
|    policy_gradient_loss | 0.00613     |
|    std                  | 0.824       |
|    value_loss           | 0.109       |
-----------------------------------------
Early stopping at step 0 due to reaching max kl: 0.03
----------------------------------------
| rollout/                |            |
|    ep_len_mean          | 412        |
|    ep_rew_mean          | 562        |
| time/                   |            |
|    fps                  | 2581       |
|    iterations           | 93         |
|    time_elapsed         | 295        |
|    total_timesteps      | 761856     |
| train/                  |            |
|    approx_kl            | 0.01302116 |
|    clip_fraction        | 0.182      |
|    clip_range           | 0.2        |
|    entropy_loss         | -9.79      |
|    explained_variance   | 0.776      |
|    learning_rate        | 0.00027    |
|    loss                 | 0.0256     |
|    n_updates            | 131        |
|    policy_gradient_loss | 0.00544    |
|    std                  | 0.821      |
|    value_loss           | 0.0511     |
----------------------------------------
Early stopping at step 0 due to reaching max kl: 0.04
-----------------------------------------
| rollout/                |             |
|    ep_len_mean          | 389         |
|    ep_rew_mean          | 527         |
| time/                   |             |
|    fps                  | 2582        |
|    iterations           | 94          |
|    time_elapsed         | 298         |
|    total_timesteps      | 770048      |
| train/                  |             |
|    approx_kl            | 0.013759938 |
|    clip_fraction        | 0.183       |
|    clip_range           | 0.2         |
|    entropy_loss         | -9.77       |
|    explained_variance   | 0.709       |
|    learning_rate        | 0.00027     |
|    loss                 | 0.0579      |
|    n_updates            | 132         |
|    policy_gradient_loss | 0.0077      |
|    std                  | 0.82        |
|    value_loss           | 0.0962      |
-----------------------------------------
Early stopping at step 0 due to reaching max kl: 0.03
[Progress] Training 5/6: 774,808/5,000,000 steps (15.5%); 1 full runs remain afterward; rough training ETA 1h 00m.
-----------------------------------------
| rollout/                |             |
|    ep_len_mean          | 374         |
|    ep_rew_mean          | 496         |
| time/                   |             |
|    fps                  | 2583        |
|    iterations           | 95          |
|    time_elapsed         | 301         |
|    total_timesteps      | 778240      |
| train/                  |             |
|    approx_kl            | 0.011003403 |
|    clip_fraction        | 0.153       |
|    clip_range           | 0.2         |
|    entropy_loss         | -9.76       |
|    explained_variance   | 0.773       |
|    learning_rate        | 0.000269    |
|    loss                 | 0.0847      |
|    n_updates            | 133         |
|    policy_gradient_loss | 0.00551     |
|    std                  | 0.82        |
|    value_loss           | 0.0904      |
-----------------------------------------
Early stopping at step 0 due to reaching max kl: 0.03
----------------------------------------
| rollout/                |            |
|    ep_len_mean          | 403        |
|    ep_rew_mean          | 540        |
| time/                   |            |
|    fps                  | 2584       |
|    iterations           | 96         |
|    time_elapsed         | 304        |
|    total_timesteps      | 786432     |
| train/                  |            |
|    approx_kl            | 0.01264284 |
|    clip_fraction        | 0.184      |
|    clip_range           | 0.2        |
|    entropy_loss         | -9.75      |
|    explained_variance   | 0.817      |
|    learning_rate        | 0.000269   |
|    loss                 | 0.0454     |
|    n_updates            | 134        |
|    policy_gradient_loss | 0.00582    |
|    std                  | 0.818      |
|    value_loss           | 0.0615     |
----------------------------------------
Early stopping at step 0 due to reaching max kl: 0.03
----------------------------------------
| rollout/                |            |
|    ep_len_mean          | 425        |
|    ep_rew_mean          | 569        |
| time/                   |            |
|    fps                  | 2585       |
|    iterations           | 97         |
|    time_elapsed         | 307        |
|    total_timesteps      | 794624     |
| train/                  |            |
|    approx_kl            | 0.01183881 |
|    clip_fraction        | 0.16       |
|    clip_range           | 0.2        |
|    entropy_loss         | -9.74      |
|    explained_variance   | 0.727      |
|    learning_rate        | 0.000269   |
|    loss                 | -0.0204    |
|    n_updates            | 135        |
|    policy_gradient_loss | 0.00284    |
|    std                  | 0.817      |
|    value_loss           | 0.0787     |
----------------------------------------
Early stopping at step 0 due to reaching max kl: 0.05
-----------------------------------------
| rollout/                |             |
|    ep_len_mean          | 445         |
|    ep_rew_mean          | 598         |
| time/                   |             |
|    fps                  | 2586        |
|    iterations           | 98          |
|    time_elapsed         | 310         |
|    total_timesteps      | 802816      |
| train/                  |             |
|    approx_kl            | 0.013634564 |
|    clip_fraction        | 0.188       |
|    clip_range           | 0.2         |
|    entropy_loss         | -9.73       |
|    explained_variance   | 0.791       |
|    learning_rate        | 0.000268    |
|    loss                 | 0.0456      |
|    n_updates            | 136         |
|    policy_gradient_loss | 0.00915     |
|    std                  | 0.816       |
|    value_loss           | 0.0639      |
-----------------------------------------
Early stopping at step 0 due to reaching max kl: 0.03
-----------------------------------------
| rollout/                |             |
|    ep_len_mean          | 400         |
|    ep_rew_mean          | 512         |
| time/                   |             |
|    fps                  | 2586        |
|    iterations           | 99          |
|    time_elapsed         | 313         |
|    total_timesteps      | 811008      |
| train/                  |             |
|    approx_kl            | 0.014951751 |
|    clip_fraction        | 0.199       |
|    clip_range           | 0.2         |
|    entropy_loss         | -9.72       |
|    explained_variance   | 0.716       |
|    learning_rate        | 0.000268    |
|    loss                 | 0.0584      |
|    n_updates            | 137         |
|    policy_gradient_loss | 0.00585     |
|    std                  | 0.816       |
|    value_loss           | 0.0832      |
-----------------------------------------
Early stopping at step 0 due to reaching max kl: 0.03
----------------------------------------
| rollout/                |            |
|    ep_len_mean          | 397        |
|    ep_rew_mean          | 517        |
| time/                   |            |
|    fps                  | 2587       |
|    iterations           | 100        |
|    time_elapsed         | 316        |
|    total_timesteps      | 819200     |
| train/                  |            |
|    approx_kl            | 0.01128598 |
|    clip_fraction        | 0.156      |
|    clip_range           | 0.2        |
|    entropy_loss         | -9.72      |
|    explained_variance   | 0.704      |
|    learning_rate        | 0.000268   |
|    loss                 | 0.0282     |
|    n_updates            | 138        |
|    policy_gradient_loss | 0.00611    |
|    std                  | 0.816      |
|    value_loss           | 0.107      |
----------------------------------------
Early stopping at step 0 due to reaching max kl: 0.03
-----------------------------------------
| rollout/                |             |
|    ep_len_mean          | 351         |
|    ep_rew_mean          | 458         |
| time/                   |             |
|    fps                  | 2587        |
|    iterations           | 101         |
|    time_elapsed         | 319         |
|    total_timesteps      | 827392      |
| train/                  |             |
|    approx_kl            | 0.015902938 |
|    clip_fraction        | 0.217       |
|    clip_range           | 0.2         |
|    entropy_loss         | -9.71       |
|    explained_variance   | 0.772       |
|    learning_rate        | 0.000267    |
|    loss                 | 0.0775      |
|    n_updates            | 139         |
|    policy_gradient_loss | 0.0113      |
|    std                  | 0.813       |
|    value_loss           | 0.0628      |
-----------------------------------------
Early stopping at step 0 due to reaching max kl: 0.03
-----------------------------------------
| rollout/                |             |
|    ep_len_mean          | 361         |
|    ep_rew_mean          | 478         |
| time/                   |             |
|    fps                  | 2588        |
|    iterations           | 102         |
|    time_elapsed         | 322         |
|    total_timesteps      | 835584      |
| train/                  |             |
|    approx_kl            | 0.014421776 |
|    clip_fraction        | 0.199       |
|    clip_range           | 0.2         |
|    entropy_loss         | -9.69       |
|    explained_variance   | 0.7         |
|    learning_rate        | 0.000267    |
|    loss                 | 0.0695      |
|    n_updates            | 140         |
|    policy_gradient_loss | 0.00434     |
|    std                  | 0.812       |
|    value_loss           | 0.107       |
-----------------------------------------
Early stopping at step 0 due to reaching max kl: 0.03
-----------------------------------------
| rollout/                |             |
|    ep_len_mean          | 392         |
|    ep_rew_mean          | 528         |
| time/                   |             |
|    fps                  | 2588        |
|    iterations           | 103         |
|    time_elapsed         | 325         |
|    total_timesteps      | 843776      |
| train/                  |             |
|    approx_kl            | 0.015327577 |
|    clip_fraction        | 0.213       |
|    clip_range           | 0.2         |
|    entropy_loss         | -9.67       |
|    explained_variance   | 0.726       |
|    learning_rate        | 0.000267    |
|    loss                 | 0.0799      |
|    n_updates            | 141         |
|    policy_gradient_loss | 0.00588     |
|    std                  | 0.81        |
|    value_loss           | 0.0851      |
-----------------------------------------
Early stopping at step 0 due to reaching max kl: 0.03
-----------------------------------------
| rollout/                |             |
|    ep_len_mean          | 427         |
|    ep_rew_mean          | 581         |
| time/                   |             |
|    fps                  | 2588        |
|    iterations           | 104         |
|    time_elapsed         | 329         |
|    total_timesteps      | 851968      |
| train/                  |             |
|    approx_kl            | 0.015159886 |
|    clip_fraction        | 0.212       |
|    clip_range           | 0.2         |
|    entropy_loss         | -9.66       |
|    explained_variance   | 0.697       |
|    learning_rate        | 0.000266    |
|    loss                 | 0.114       |
|    n_updates            | 142         |
|    policy_gradient_loss | 0.011       |
|    std                  | 0.809       |
|    value_loss           | 0.0956      |
-----------------------------------------
Early stopping at step 0 due to reaching max kl: 0.03
----------------------------------------
| rollout/                |            |
|    ep_len_mean          | 406        |
|    ep_rew_mean          | 561        |
| time/                   |            |
|    fps                  | 2589       |
|    iterations           | 105        |
|    time_elapsed         | 332        |
|    total_timesteps      | 860160     |
| train/                  |            |
|    approx_kl            | 0.01028414 |
|    clip_fraction        | 0.133      |
|    clip_range           | 0.2        |
|    entropy_loss         | -9.66      |
|    explained_variance   | 0.674      |
|    learning_rate        | 0.000266   |
|    loss                 | 0.0363     |
|    n_updates            | 143        |
|    policy_gradient_loss | 0.000749   |
|    std                  | 0.809      |
|    value_loss           | 0.0632     |
----------------------------------------
Early stopping at step 0 due to reaching max kl: 0.03
-----------------------------------------
| rollout/                |             |
|    ep_len_mean          | 410         |
|    ep_rew_mean          | 566         |
| time/                   |             |
|    fps                  | 2589        |
|    iterations           | 106         |
|    time_elapsed         | 335         |
|    total_timesteps      | 868352      |
| train/                  |             |
|    approx_kl            | 0.014481033 |
|    clip_fraction        | 0.212       |
|    clip_range           | 0.2         |
|    entropy_loss         | -9.66       |
|    explained_variance   | 0.691       |
|    learning_rate        | 0.000266    |
|    loss                 | 0.084       |
|    n_updates            | 144         |
|    policy_gradient_loss | 0.00694     |
|    std                  | 0.808       |
|    value_loss           | 0.088       |
-----------------------------------------
Early stopping at step 0 due to reaching max kl: 0.04
-----------------------------------------
| rollout/                |             |
|    ep_len_mean          | 441         |
|    ep_rew_mean          | 613         |
| time/                   |             |
|    fps                  | 2589        |
|    iterations           | 107         |
|    time_elapsed         | 338         |
|    total_timesteps      | 876544      |
| train/                  |             |
|    approx_kl            | 0.015551959 |
|    clip_fraction        | 0.208       |
|    clip_range           | 0.2         |
|    entropy_loss         | -9.64       |
|    explained_variance   | 0.662       |
|    learning_rate        | 0.000265    |
|    loss                 | 0.0964      |
|    n_updates            | 145         |
|    policy_gradient_loss | 0.00773     |
|    std                  | 0.807       |
|    value_loss           | 0.125       |
-----------------------------------------
Early stopping at step 0 due to reaching max kl: 0.03
-----------------------------------------
| rollout/                |             |
|    ep_len_mean          | 411         |
|    ep_rew_mean          | 571         |
| time/                   |             |
|    fps                  | 2590        |
|    iterations           | 108         |
|    time_elapsed         | 341         |
|    total_timesteps      | 884736      |
| train/                  |             |
|    approx_kl            | 0.014685413 |
|    clip_fraction        | 0.199       |
|    clip_range           | 0.2         |
|    entropy_loss         | -9.63       |
|    explained_variance   | 0.734       |
|    learning_rate        | 0.000265    |
|    loss                 | 0.0635      |
|    n_updates            | 146         |
|    policy_gradient_loss | 0.00683     |
|    std                  | 0.807       |
|    value_loss           | 0.0694      |
-----------------------------------------
Early stopping at step 0 due to reaching max kl: 0.04
------------------------------------------
| rollout/                |              |
|    ep_len_mean          | 386          |
|    ep_rew_mean          | 532          |
| time/                   |              |
|    fps                  | 2591         |
|    iterations           | 109          |
|    time_elapsed         | 344          |
|    total_timesteps      | 892928       |
| train/                  |              |
|    approx_kl            | 0.0124083785 |
|    clip_fraction        | 0.171        |
|    clip_range           | 0.2          |
|    entropy_loss         | -9.62        |
|    explained_variance   | 0.664        |
|    learning_rate        | 0.000265     |
|    loss                 | 0.0469       |
|    n_updates            | 147          |
|    policy_gradient_loss | 0.00326      |
|    std                  | 0.805        |
|    value_loss           | 0.109        |
------------------------------------------
Early stopping at step 0 due to reaching max kl: 0.05
-----------------------------------------
| rollout/                |             |
|    ep_len_mean          | 381         |
|    ep_rew_mean          | 522         |
| time/                   |             |
|    fps                  | 2590        |
|    iterations           | 110         |
|    time_elapsed         | 347         |
|    total_timesteps      | 901120      |
| train/                  |             |
|    approx_kl            | 0.015552777 |
|    clip_fraction        | 0.217       |
|    clip_range           | 0.2         |
|    entropy_loss         | -9.6        |
|    explained_variance   | 0.715       |
|    learning_rate        | 0.000264    |
|    loss                 | 0.162       |
|    n_updates            | 148         |
|    policy_gradient_loss | 0.00992     |
|    std                  | 0.803       |
|    value_loss           | 0.103       |
-----------------------------------------
Early stopping at step 0 due to reaching max kl: 0.03
-----------------------------------------
| rollout/                |             |
|    ep_len_mean          | 367         |
|    ep_rew_mean          | 501         |
| time/                   |             |
|    fps                  | 2590        |
|    iterations           | 111         |
|    time_elapsed         | 350         |
|    total_timesteps      | 909312      |
| train/                  |             |
|    approx_kl            | 0.014500171 |
|    clip_fraction        | 0.203       |
|    clip_range           | 0.2         |
|    entropy_loss         | -9.59       |
|    explained_variance   | 0.738       |
|    learning_rate        | 0.000264    |
|    loss                 | 0.0879      |
|    n_updates            | 149         |
|    policy_gradient_loss | 0.00954     |
|    std                  | 0.802       |
|    value_loss           | 0.119       |
-----------------------------------------
Early stopping at step 0 due to reaching max kl: 0.03
-----------------------------------------
| rollout/                |             |
|    ep_len_mean          | 364         |
|    ep_rew_mean          | 491         |
| time/                   |             |
|    fps                  | 2591        |
|    iterations           | 112         |
|    time_elapsed         | 353         |
|    total_timesteps      | 917504      |
| train/                  |             |
|    approx_kl            | 0.013087414 |
|    clip_fraction        | 0.172       |
|    clip_range           | 0.2         |
|    entropy_loss         | -9.58       |
|    explained_variance   | 0.788       |
|    learning_rate        | 0.000264    |
|    loss                 | 0.0177      |
|    n_updates            | 150         |
|    policy_gradient_loss | 0.00123     |
|    std                  | 0.802       |
|    value_loss           | 0.0737      |
-----------------------------------------
Early stopping at step 0 due to reaching max kl: 0.03
-----------------------------------------
| rollout/                |             |
|    ep_len_mean          | 352         |
|    ep_rew_mean          | 480         |
| time/                   |             |
|    fps                  | 2591        |
|    iterations           | 113         |
|    time_elapsed         | 357         |
|    total_timesteps      | 925696      |
| train/                  |             |
|    approx_kl            | 0.014221992 |
|    clip_fraction        | 0.205       |
|    clip_range           | 0.2         |
|    entropy_loss         | -9.57       |
|    explained_variance   | 0.8         |
|    learning_rate        | 0.000263    |
|    loss                 | 0.0962      |
|    n_updates            | 151         |
|    policy_gradient_loss | 0.00671     |
|    std                  | 0.799       |
|    value_loss           | 0.067       |
-----------------------------------------
Early stopping at step 0 due to reaching max kl: 0.03
-----------------------------------------
| rollout/                |             |
|    ep_len_mean          | 355         |
|    ep_rew_mean          | 484         |
| time/                   |             |
|    fps                  | 2592        |
|    iterations           | 114         |
|    time_elapsed         | 360         |
|    total_timesteps      | 933888      |
| train/                  |             |
|    approx_kl            | 0.012304715 |
|    clip_fraction        | 0.167       |
|    clip_range           | 0.2         |
|    entropy_loss         | -9.55       |
|    explained_variance   | 0.798       |
|    learning_rate        | 0.000263    |
|    loss                 | 0.0152      |
|    n_updates            | 152         |
|    policy_gradient_loss | 0.00755     |
|    std                  | 0.799       |
|    value_loss           | 0.107       |
-----------------------------------------
Early stopping at step 0 due to reaching max kl: 0.03
-----------------------------------------
| rollout/                |             |
|    ep_len_mean          | 374         |
|    ep_rew_mean          | 495         |
| time/                   |             |
|    fps                  | 2593        |
|    iterations           | 115         |
|    time_elapsed         | 363         |
|    total_timesteps      | 942080      |
| train/                  |             |
|    approx_kl            | 0.009589204 |
|    clip_fraction        | 0.13        |
|    clip_range           | 0.2         |
|    entropy_loss         | -9.55       |
|    explained_variance   | 0.743       |
|    learning_rate        | 0.000263    |
|    loss                 | 0.056       |
|    n_updates            | 153         |
|    policy_gradient_loss | 0.000113    |
|    std                  | 0.799       |
|    value_loss           | 0.0937      |
-----------------------------------------
Early stopping at step 0 due to reaching max kl: 0.03
-----------------------------------------
| rollout/                |             |
|    ep_len_mean          | 356         |
|    ep_rew_mean          | 476         |
| time/                   |             |
|    fps                  | 2594        |
|    iterations           | 116         |
|    time_elapsed         | 366         |
|    total_timesteps      | 950272      |
| train/                  |             |
|    approx_kl            | 0.013988197 |
|    clip_fraction        | 0.196       |
|    clip_range           | 0.2         |
|    entropy_loss         | -9.54       |
|    explained_variance   | 0.803       |
|    learning_rate        | 0.000262    |
|    loss                 | 0.0783      |
|    n_updates            | 154         |
|    policy_gradient_loss | 0.00677     |
|    std                  | 0.797       |
|    value_loss           | 0.0449      |
-----------------------------------------
Early stopping at step 0 due to reaching max kl: 0.03
-----------------------------------------
| rollout/                |             |
|    ep_len_mean          | 350         |
|    ep_rew_mean          | 472         |
| time/                   |             |
|    fps                  | 2594        |
|    iterations           | 117         |
|    time_elapsed         | 369         |
|    total_timesteps      | 958464      |
| train/                  |             |
|    approx_kl            | 0.014634309 |
|    clip_fraction        | 0.201       |
|    clip_range           | 0.2         |
|    entropy_loss         | -9.52       |
|    explained_variance   | 0.742       |
|    learning_rate        | 0.000262    |
|    loss                 | 0.0999      |
|    n_updates            | 155         |
|    policy_gradient_loss | 0.00781     |
|    std                  | 0.795       |
|    value_loss           | 0.11        |
-----------------------------------------
Early stopping at step 0 due to reaching max kl: 0.03
-----------------------------------------
| rollout/                |             |
|    ep_len_mean          | 388         |
|    ep_rew_mean          | 526         |
| time/                   |             |
|    fps                  | 2594        |
|    iterations           | 118         |
|    time_elapsed         | 372         |
|    total_timesteps      | 966656      |
| train/                  |             |
|    approx_kl            | 0.013494639 |
|    clip_fraction        | 0.18        |
|    clip_range           | 0.2         |
|    entropy_loss         | -9.51       |
|    explained_variance   | 0.795       |
|    learning_rate        | 0.000262    |
|    loss                 | 0.0534      |
|    n_updates            | 156         |
|    policy_gradient_loss | 0.00871     |
|    std                  | 0.794       |
|    value_loss           | 0.0945      |
-----------------------------------------
Early stopping at step 0 due to reaching max kl: 0.04
-----------------------------------------
| rollout/                |             |
|    ep_len_mean          | 419         |
|    ep_rew_mean          | 582         |
| time/                   |             |
|    fps                  | 2595        |
|    iterations           | 119         |
|    time_elapsed         | 375         |
|    total_timesteps      | 974848      |
| train/                  |             |
|    approx_kl            | 0.011951946 |
|    clip_fraction        | 0.159       |
|    clip_range           | 0.2         |
|    entropy_loss         | -9.49       |
|    explained_variance   | 0.814       |
|    learning_rate        | 0.000261    |
|    loss                 | 0.0576      |
|    n_updates            | 157         |
|    policy_gradient_loss | 0.00936     |
|    std                  | 0.792       |
|    value_loss           | 0.0716      |
-----------------------------------------
Early stopping at step 0 due to reaching max kl: 0.04
-----------------------------------------
| rollout/                |             |
|    ep_len_mean          | 400         |
|    ep_rew_mean          | 567         |
| time/                   |             |
|    fps                  | 2595        |
|    iterations           | 120         |
|    time_elapsed         | 378         |
|    total_timesteps      | 983040      |
| train/                  |             |
|    approx_kl            | 0.014781338 |
|    clip_fraction        | 0.206       |
|    clip_range           | 0.2         |
|    entropy_loss         | -9.48       |
|    explained_variance   | 0.757       |
|    learning_rate        | 0.000261    |
|    loss                 | 0.119       |
|    n_updates            | 158         |
|    policy_gradient_loss | 0.0029      |
|    std                  | 0.791       |
|    value_loss           | 0.085       |
-----------------------------------------
Early stopping at step 0 due to reaching max kl: 0.03
-----------------------------------------
| rollout/                |             |
|    ep_len_mean          | 408         |
|    ep_rew_mean          | 574         |
| time/                   |             |
|    fps                  | 2596        |
|    iterations           | 121         |
|    time_elapsed         | 381         |
|    total_timesteps      | 991232      |
| train/                  |             |
|    approx_kl            | 0.012678563 |
|    clip_fraction        | 0.17        |
|    clip_range           | 0.2         |
|    entropy_loss         | -9.47       |
|    explained_variance   | 0.755       |
|    learning_rate        | 0.000261    |
|    loss                 | 0.122       |
|    n_updates            | 159         |
|    policy_gradient_loss | 0.00918     |
|    std                  | 0.79        |
|    value_loss           | 0.104       |
-----------------------------------------
Early stopping at step 0 due to reaching max kl: 0.03
-----------------------------------------
| rollout/                |             |
|    ep_len_mean          | 396         |
|    ep_rew_mean          | 554         |
| time/                   |             |
|    fps                  | 2596        |
|    iterations           | 122         |
|    time_elapsed         | 384         |
|    total_timesteps      | 999424      |
| train/                  |             |
|    approx_kl            | 0.014955978 |
|    clip_fraction        | 0.201       |
|    clip_range           | 0.2         |
|    entropy_loss         | -9.46       |
|    explained_variance   | 0.75        |
|    learning_rate        | 0.00026     |
|    loss                 | 0.116       |
|    n_updates            | 160         |
|    policy_gradient_loss | 0.00938     |
|    std                  | 0.79        |
|    value_loss           | 0.0868      |
-----------------------------------------
Early stopping at step 0 due to reaching max kl: 0.04
-----------------------------------------
| rollout/                |             |
|    ep_len_mean          | 398         |
|    ep_rew_mean          | 560         |
| time/                   |             |
|    fps                  | 2597        |
|    iterations           | 123         |
|    time_elapsed         | 387         |
|    total_timesteps      | 1007616     |
| train/                  |             |
|    approx_kl            | 0.011266172 |
|    clip_fraction        | 0.133       |
|    clip_range           | 0.2         |
|    entropy_loss         | -9.46       |
|    explained_variance   | 0.74        |
|    learning_rate        | 0.00026     |
|    loss                 | 0.115       |
|    n_updates            | 161         |
|    policy_gradient_loss | 0.00527     |
|    std                  | 0.789       |
|    value_loss           | 0.144       |
-----------------------------------------
Early stopping at step 0 due to reaching max kl: 0.03
-----------------------------------------
| rollout/                |             |
|    ep_len_mean          | 377         |
|    ep_rew_mean          | 520         |
| time/                   |             |
|    fps                  | 2598        |
|    iterations           | 124         |
|    time_elapsed         | 390         |
|    total_timesteps      | 1015808     |
| train/                  |             |
|    approx_kl            | 0.013044898 |
|    clip_fraction        | 0.179       |
|    clip_range           | 0.2         |
|    entropy_loss         | -9.45       |
|    explained_variance   | 0.747       |
|    learning_rate        | 0.00026     |
|    loss                 | 0.0336      |
|    n_updates            | 162         |
|    policy_gradient_loss | 0.00823     |
|    std                  | 0.788       |
|    value_loss           | 0.0614      |
-----------------------------------------
Early stopping at step 0 due to reaching max kl: 0.03
-----------------------------------------
| rollout/                |             |
|    ep_len_mean          | 417         |
|    ep_rew_mean          | 572         |
| time/                   |             |
|    fps                  | 2598        |
|    iterations           | 125         |
|    time_elapsed         | 394         |
|    total_timesteps      | 1024000     |
| train/                  |             |
|    approx_kl            | 0.014593887 |
|    clip_fraction        | 0.2         |
|    clip_range           | 0.2         |
|    entropy_loss         | -9.44       |
|    explained_variance   | 0.675       |
|    learning_rate        | 0.000259    |
|    loss                 | 0.121       |
|    n_updates            | 163         |
|    policy_gradient_loss | 0.00607     |
|    std                  | 0.788       |
|    value_loss           | 0.119       |
-----------------------------------------
Early stopping at step 0 due to reaching max kl: 0.03
-----------------------------------------
| rollout/                |             |
|    ep_len_mean          | 385         |
|    ep_rew_mean          | 529         |
| time/                   |             |
|    fps                  | 2598        |
|    iterations           | 126         |
|    time_elapsed         | 397         |
|    total_timesteps      | 1032192     |
| train/                  |             |
|    approx_kl            | 0.014628895 |
|    clip_fraction        | 0.203       |
|    clip_range           | 0.2         |
|    entropy_loss         | -9.42       |
|    explained_variance   | 0.731       |
|    learning_rate        | 0.000259    |
|    loss                 | 0.0597      |
|    n_updates            | 164         |
|    policy_gradient_loss | 0.00942     |
|    std                  | 0.785       |
|    value_loss           | 0.0826      |
-----------------------------------------
Early stopping at step 0 due to reaching max kl: 0.03
-----------------------------------------
| rollout/                |             |
|    ep_len_mean          | 429         |
|    ep_rew_mean          | 579         |
| time/                   |             |
|    fps                  | 2598        |
|    iterations           | 127         |
|    time_elapsed         | 400         |
|    total_timesteps      | 1040384     |
| train/                  |             |
|    approx_kl            | 0.014873398 |
|    clip_fraction        | 0.203       |
|    clip_range           | 0.2         |
|    entropy_loss         | -9.41       |
|    explained_variance   | 0.742       |
|    learning_rate        | 0.000259    |
|    loss                 | 0.0882      |
|    n_updates            | 165         |
|    policy_gradient_loss | 0.0089      |
|    std                  | 0.784       |
|    value_loss           | 0.113       |
-----------------------------------------
Early stopping at step 0 due to reaching max kl: 0.03
-----------------------------------------
| rollout/                |             |
|    ep_len_mean          | 409         |
|    ep_rew_mean          | 562         |
| time/                   |             |
|    fps                  | 2598        |
|    iterations           | 128         |
|    time_elapsed         | 403         |
|    total_timesteps      | 1048576     |
| train/                  |             |
|    approx_kl            | 0.014776489 |
|    clip_fraction        | 0.207       |
|    clip_range           | 0.2         |
|    entropy_loss         | -9.39       |
|    explained_variance   | 0.771       |
|    learning_rate        | 0.000258    |
|    loss                 | 0.0288      |
|    n_updates            | 166         |
|    policy_gradient_loss | 0.00798     |
|    std                  | 0.782       |
|    value_loss           | 0.0663      |
-----------------------------------------
Early stopping at step 0 due to reaching max kl: 0.04
-----------------------------------------
| rollout/                |             |
|    ep_len_mean          | 381         |
|    ep_rew_mean          | 514         |
| time/                   |             |
|    fps                  | 2599        |
|    iterations           | 129         |
|    time_elapsed         | 406         |
|    total_timesteps      | 1056768     |
| train/                  |             |
|    approx_kl            | 0.013482414 |
|    clip_fraction        | 0.179       |
|    clip_range           | 0.2         |
|    entropy_loss         | -9.39       |
|    explained_variance   | 0.715       |
|    learning_rate        | 0.000258    |
|    loss                 | 0.159       |
|    n_updates            | 167         |
|    policy_gradient_loss | 0.00702     |
|    std                  | 0.783       |
|    value_loss           | 0.121       |
-----------------------------------------
Early stopping at step 0 due to reaching max kl: 0.03
-----------------------------------------
| rollout/                |             |
|    ep_len_mean          | 361         |
|    ep_rew_mean          | 493         |
| time/                   |             |
|    fps                  | 2599        |
|    iterations           | 130         |
|    time_elapsed         | 409         |
|    total_timesteps      | 1064960     |
| train/                  |             |
|    approx_kl            | 0.016011748 |
|    clip_fraction        | 0.229       |
|    clip_range           | 0.2         |
|    entropy_loss         | -9.38       |
|    explained_variance   | 0.763       |
|    learning_rate        | 0.000258    |
|    loss                 | 0.105       |
|    n_updates            | 168         |
|    policy_gradient_loss | 0.00952     |
|    std                  | 0.781       |
|    value_loss           | 0.111       |
-----------------------------------------
Early stopping at step 0 due to reaching max kl: 0.03
-----------------------------------------
| rollout/                |             |
|    ep_len_mean          | 401         |
|    ep_rew_mean          | 556         |
| time/                   |             |
|    fps                  | 2599        |
|    iterations           | 131         |
|    time_elapsed         | 412         |
|    total_timesteps      | 1073152     |
| train/                  |             |
|    approx_kl            | 0.015009582 |
|    clip_fraction        | 0.205       |
|    clip_range           | 0.2         |
|    entropy_loss         | -9.37       |
|    explained_variance   | 0.77        |
|    learning_rate        | 0.000257    |
|    loss                 | 0.102       |
|    n_updates            | 169         |
|    policy_gradient_loss | 0.0113      |
|    std                  | 0.78        |
|    value_loss           | 0.0918      |
-----------------------------------------
Early stopping at step 0 due to reaching max kl: 0.04
-----------------------------------------
| rollout/                |             |
|    ep_len_mean          | 384         |
|    ep_rew_mean          | 538         |
| time/                   |             |
|    fps                  | 2599        |
|    iterations           | 132         |
|    time_elapsed         | 415         |
|    total_timesteps      | 1081344     |
| train/                  |             |
|    approx_kl            | 0.014517684 |
|    clip_fraction        | 0.202       |
|    clip_range           | 0.2         |
|    entropy_loss         | -9.36       |
|    explained_variance   | 0.776       |
|    learning_rate        | 0.000257    |
|    loss                 | 0.0535      |
|    n_updates            | 170         |
|    policy_gradient_loss | 0.00699     |
|    std                  | 0.779       |
|    value_loss           | 0.0818      |
-----------------------------------------
Early stopping at step 0 due to reaching max kl: 0.04
-----------------------------------------
| rollout/                |             |
|    ep_len_mean          | 368         |
|    ep_rew_mean          | 510         |
| time/                   |             |
|    fps                  | 2600        |
|    iterations           | 133         |
|    time_elapsed         | 418         |
|    total_timesteps      | 1089536     |
| train/                  |             |
|    approx_kl            | 0.013033438 |
|    clip_fraction        | 0.178       |
|    clip_range           | 0.2         |
|    entropy_loss         | -9.35       |
|    explained_variance   | 0.678       |
|    learning_rate        | 0.000257    |
|    loss                 | 0.116       |
|    n_updates            | 171         |
|    policy_gradient_loss | 0.00373     |
|    std                  | 0.779       |
|    value_loss           | 0.137       |
-----------------------------------------
Early stopping at step 0 due to reaching max kl: 0.03
-----------------------------------------
| rollout/                |             |
|    ep_len_mean          | 392         |
|    ep_rew_mean          | 543         |
| time/                   |             |
|    fps                  | 2600        |
|    iterations           | 134         |
|    time_elapsed         | 422         |
|    total_timesteps      | 1097728     |
| train/                  |             |
|    approx_kl            | 0.013272199 |
|    clip_fraction        | 0.182       |
|    clip_range           | 0.2         |
|    entropy_loss         | -9.34       |
|    explained_variance   | 0.715       |
|    learning_rate        | 0.000256    |
|    loss                 | 0.15        |
|    n_updates            | 172         |
|    policy_gradient_loss | 0.011       |
|    std                  | 0.777       |
|    value_loss           | 0.115       |
-----------------------------------------
Early stopping at step 1 due to reaching max kl: 0.04
----------------------------------------
| rollout/                |            |
|    ep_len_mean          | 406        |
|    ep_rew_mean          | 564        |
| time/                   |            |
|    fps                  | 2600       |
|    iterations           | 135        |
|    time_elapsed         | 425        |
|    total_timesteps      | 1105920    |
| train/                  |            |
|    approx_kl            | 0.03607454 |
|    clip_fraction        | 0.219      |
|    clip_range           | 0.2        |
|    entropy_loss         | -9.32      |
|    explained_variance   | 0.747      |
|    learning_rate        | 0.000256   |
|    loss                 | 0.00646    |
|    n_updates            | 174        |
|    policy_gradient_loss | 0.0102     |
|    std                  | 0.775      |
|    value_loss           | 0.0748     |
----------------------------------------
Early stopping at step 0 due to reaching max kl: 0.04
-----------------------------------------
| rollout/                |             |
|    ep_len_mean          | 396         |
|    ep_rew_mean          | 550         |
| time/                   |             |
|    fps                  | 2601        |
|    iterations           | 136         |
|    time_elapsed         | 428         |
|    total_timesteps      | 1114112     |
| train/                  |             |
|    approx_kl            | 0.009702778 |
|    clip_fraction        | 0.127       |
|    clip_range           | 0.2         |
|    entropy_loss         | -9.3        |
|    explained_variance   | 0.722       |
|    learning_rate        | 0.000256    |
|    loss                 | 0.0407      |
|    n_updates            | 175         |
|    policy_gradient_loss | 0.000145    |
|    std                  | 0.774       |
|    value_loss           | 0.0855      |
-----------------------------------------
Early stopping at step 0 due to reaching max kl: 0.03
-----------------------------------------
| rollout/                |             |
|    ep_len_mean          | 433         |
|    ep_rew_mean          | 606         |
| time/                   |             |
|    fps                  | 2601        |
|    iterations           | 137         |
|    time_elapsed         | 431         |
|    total_timesteps      | 1122304     |
| train/                  |             |
|    approx_kl            | 0.010990135 |
|    clip_fraction        | 0.157       |
|    clip_range           | 0.2         |
|    entropy_loss         | -9.29       |
|    explained_variance   | 0.679       |
|    learning_rate        | 0.000255    |
|    loss                 | 0.0143      |
|    n_updates            | 176         |
|    policy_gradient_loss | 0.00354     |
|    std                  | 0.773       |
|    value_loss           | 0.0799      |
-----------------------------------------
Early stopping at step 0 due to reaching max kl: 0.04
-----------------------------------------
| rollout/                |             |
|    ep_len_mean          | 455         |
|    ep_rew_mean          | 653         |
| time/                   |             |
|    fps                  | 2602        |
|    iterations           | 138         |
|    time_elapsed         | 434         |
|    total_timesteps      | 1130496     |
| train/                  |             |
|    approx_kl            | 0.011284596 |
|    clip_fraction        | 0.146       |
|    clip_range           | 0.2         |
|    entropy_loss         | -9.28       |
|    explained_variance   | 0.669       |
|    learning_rate        | 0.000255    |
|    loss                 | 0.0893      |
|    n_updates            | 177         |
|    policy_gradient_loss | 0.00715     |
|    std                  | 0.771       |
|    value_loss           | 0.117       |
-----------------------------------------
Early stopping at step 0 due to reaching max kl: 0.03
-----------------------------------------
| rollout/                |             |
|    ep_len_mean          | 487         |
|    ep_rew_mean          | 709         |
| time/                   |             |
|    fps                  | 2602        |
|    iterations           | 139         |
|    time_elapsed         | 437         |
|    total_timesteps      | 1138688     |
| train/                  |             |
|    approx_kl            | 0.012106732 |
|    clip_fraction        | 0.166       |
|    clip_range           | 0.2         |
|    entropy_loss         | -9.26       |
|    explained_variance   | 0.729       |
|    learning_rate        | 0.000255    |
|    loss                 | 0.0168      |
|    n_updates            | 178         |
|    policy_gradient_loss | 0.00918     |
|    std                  | 0.769       |
|    value_loss           | 0.0777      |
-----------------------------------------
Early stopping at step 0 due to reaching max kl: 0.03
----------------------------------------
| rollout/                |            |
|    ep_len_mean          | 466        |
|    ep_rew_mean          | 693        |
| time/                   |            |
|    fps                  | 2602       |
|    iterations           | 140        |
|    time_elapsed         | 440        |
|    total_timesteps      | 1146880    |
| train/                  |            |
|    approx_kl            | 0.01366431 |
|    clip_fraction        | 0.185      |
|    clip_range           | 0.2        |
|    entropy_loss         | -9.24      |
|    explained_variance   | 0.687      |
|    learning_rate        | 0.000254   |
|    loss                 | 0.0572     |
|    n_updates            | 179        |
|    policy_gradient_loss | 0.0115     |
|    std                  | 0.768      |
|    value_loss           | 0.063      |
----------------------------------------
Early stopping at step 0 due to reaching max kl: 0.04
-----------------------------------------
| rollout/                |             |
|    ep_len_mean          | 446         |
|    ep_rew_mean          | 667         |
| time/                   |             |
|    fps                  | 2602        |
|    iterations           | 141         |
|    time_elapsed         | 443         |
|    total_timesteps      | 1155072     |
| train/                  |             |
|    approx_kl            | 0.014307349 |
|    clip_fraction        | 0.197       |
|    clip_range           | 0.2         |
|    entropy_loss         | -9.23       |
|    explained_variance   | 0.74        |
|    learning_rate        | 0.000254    |
|    loss                 | 0.017       |
|    n_updates            | 180         |
|    policy_gradient_loss | 0.0079      |
|    std                  | 0.766       |
|    value_loss           | 0.091       |
-----------------------------------------
Early stopping at step 0 due to reaching max kl: 0.03
-----------------------------------------
| rollout/                |             |
|    ep_len_mean          | 455         |
|    ep_rew_mean          | 697         |
| time/                   |             |
|    fps                  | 2602        |
|    iterations           | 142         |
|    time_elapsed         | 446         |
|    total_timesteps      | 1163264     |
| train/                  |             |
|    approx_kl            | 0.014467751 |
|    clip_fraction        | 0.198       |
|    clip_range           | 0.2         |
|    entropy_loss         | -9.21       |
|    explained_variance   | 0.767       |
|    learning_rate        | 0.000254    |
|    loss                 | 0.137       |
|    n_updates            | 181         |
|    policy_gradient_loss | 0.00775     |
|    std                  | 0.764       |
|    value_loss           | 0.075       |
-----------------------------------------
Early stopping at step 0 due to reaching max kl: 0.03
-----------------------------------------
| rollout/                |             |
|    ep_len_mean          | 431         |
|    ep_rew_mean          | 647         |
| time/                   |             |
|    fps                  | 2603        |
|    iterations           | 143         |
|    time_elapsed         | 450         |
|    total_timesteps      | 1171456     |
| train/                  |             |
|    approx_kl            | 0.012413267 |
|    clip_fraction        | 0.175       |
|    clip_range           | 0.2         |
|    entropy_loss         | -9.19       |
|    explained_variance   | 0.691       |
|    learning_rate        | 0.000253    |
|    loss                 | 0.0515      |
|    n_updates            | 182         |
|    policy_gradient_loss | 0.00571     |
|    std                  | 0.763       |
|    value_loss           | 0.107       |
-----------------------------------------
Early stopping at step 0 due to reaching max kl: 0.03
-----------------------------------------
| rollout/                |             |
|    ep_len_mean          | 361         |
|    ep_rew_mean          | 528         |
| time/                   |             |
|    fps                  | 2603        |
|    iterations           | 144         |
|    time_elapsed         | 453         |
|    total_timesteps      | 1179648     |
| train/                  |             |
|    approx_kl            | 0.013267381 |
|    clip_fraction        | 0.179       |
|    clip_range           | 0.2         |
|    entropy_loss         | -9.18       |
|    explained_variance   | 0.704       |
|    learning_rate        | 0.000253    |
|    loss                 | 0.137       |
|    n_updates            | 183         |
|    policy_gradient_loss | 0.0051      |
|    std                  | 0.763       |
|    value_loss           | 0.133       |
-----------------------------------------
Early stopping at step 0 due to reaching max kl: 0.03
-----------------------------------------
| rollout/                |             |
|    ep_len_mean          | 407         |
|    ep_rew_mean          | 593         |
| time/                   |             |
|    fps                  | 2604        |
|    iterations           | 145         |
|    time_elapsed         | 456         |
|    total_timesteps      | 1187840     |
| train/                  |             |
|    approx_kl            | 0.012497204 |
|    clip_fraction        | 0.176       |
|    clip_range           | 0.2         |
|    entropy_loss         | -9.18       |
|    explained_variance   | 0.724       |
|    learning_rate        | 0.000253    |
|    loss                 | 0.0972      |
|    n_updates            | 184         |
|    policy_gradient_loss | 0.00775     |
|    std                  | 0.762       |
|    value_loss           | 0.111       |
-----------------------------------------
Early stopping at step 0 due to reaching max kl: 0.03
-----------------------------------------
| rollout/                |             |
|    ep_len_mean          | 360         |
|    ep_rew_mean          | 518         |
| time/                   |             |
|    fps                  | 2604        |
|    iterations           | 146         |
|    time_elapsed         | 459         |
|    total_timesteps      | 1196032     |
| train/                  |             |
|    approx_kl            | 0.011961853 |
|    clip_fraction        | 0.17        |
|    clip_range           | 0.2         |
|    entropy_loss         | -9.17       |
|    explained_variance   | 0.774       |
|    learning_rate        | 0.000252    |
|    loss                 | 0.0627      |
|    n_updates            | 185         |
|    policy_gradient_loss | 0.00853     |
|    std                  | 0.761       |
|    value_loss           | 0.0561      |
-----------------------------------------
Early stopping at step 0 due to reaching max kl: 0.03
-----------------------------------------
| rollout/                |             |
|    ep_len_mean          | 395         |
|    ep_rew_mean          | 559         |
| time/                   |             |
|    fps                  | 2605        |
|    iterations           | 147         |
|    time_elapsed         | 462         |
|    total_timesteps      | 1204224     |
| train/                  |             |
|    approx_kl            | 0.011722985 |
|    clip_fraction        | 0.165       |
|    clip_range           | 0.2         |
|    entropy_loss         | -9.16       |
|    explained_variance   | 0.73        |
|    learning_rate        | 0.000252    |
|    loss                 | 0.0964      |
|    n_updates            | 186         |
|    policy_gradient_loss | 0.00856     |
|    std                  | 0.76        |
|    value_loss           | 0.132       |
-----------------------------------------
Early stopping at step 0 due to reaching max kl: 0.03
-----------------------------------------
| rollout/                |             |
|    ep_len_mean          | 407         |
|    ep_rew_mean          | 579         |
| time/                   |             |
|    fps                  | 2606        |
|    iterations           | 148         |
|    time_elapsed         | 465         |
|    total_timesteps      | 1212416     |
| train/                  |             |
|    approx_kl            | 0.013417521 |
|    clip_fraction        | 0.174       |
|    clip_range           | 0.2         |
|    entropy_loss         | -9.15       |
|    explained_variance   | 0.797       |
|    learning_rate        | 0.000252    |
|    loss                 | 0.0979      |
|    n_updates            | 187         |
|    policy_gradient_loss | 0.00264     |
|    std                  | 0.759       |
|    value_loss           | 0.0569      |
-----------------------------------------
Early stopping at step 0 due to reaching max kl: 0.03
-----------------------------------------
| rollout/                |             |
|    ep_len_mean          | 437         |
|    ep_rew_mean          | 618         |
| time/                   |             |
|    fps                  | 2606        |
|    iterations           | 149         |
|    time_elapsed         | 468         |
|    total_timesteps      | 1220608     |
| train/                  |             |
|    approx_kl            | 0.013271898 |
|    clip_fraction        | 0.191       |
|    clip_range           | 0.2         |
|    entropy_loss         | -9.14       |
|    explained_variance   | 0.751       |
|    learning_rate        | 0.000252    |
|    loss                 | 0.099       |
|    n_updates            | 188         |
|    policy_gradient_loss | 0.00419     |
|    std                  | 0.759       |
|    value_loss           | 0.0972      |
-----------------------------------------
Early stopping at step 0 due to reaching max kl: 0.04
----------------------------------------
| rollout/                |            |
|    ep_len_mean          | 397        |
|    ep_rew_mean          | 557        |
| time/                   |            |
|    fps                  | 2606       |
|    iterations           | 150        |
|    time_elapsed         | 471        |
|    total_timesteps      | 1228800    |
| train/                  |            |
|    approx_kl            | 0.01650306 |
|    clip_fraction        | 0.224      |
|    clip_range           | 0.2        |
|    entropy_loss         | -9.13      |
|    explained_variance   | 0.756      |
|    learning_rate        | 0.000251   |
|    loss                 | 0.0934     |
|    n_updates            | 189        |
|    policy_gradient_loss | 0.011      |
|    std                  | 0.757      |
|    value_loss           | 0.0907     |
----------------------------------------
Early stopping at step 0 due to reaching max kl: 0.03
-----------------------------------------
| rollout/                |             |
|    ep_len_mean          | 400         |
|    ep_rew_mean          | 568         |
| time/                   |             |
|    fps                  | 2606        |
|    iterations           | 151         |
|    time_elapsed         | 474         |
|    total_timesteps      | 1236992     |
| train/                  |             |
|    approx_kl            | 0.013025728 |
|    clip_fraction        | 0.168       |
|    clip_range           | 0.2         |
|    entropy_loss         | -9.12       |
|    explained_variance   | 0.776       |
|    learning_rate        | 0.000251    |
|    loss                 | 0.018       |
|    n_updates            | 190         |
|    policy_gradient_loss | 0.00715     |
|    std                  | 0.756       |
|    value_loss           | 0.0968      |
-----------------------------------------
Early stopping at step 0 due to reaching max kl: 0.03
-----------------------------------------
| rollout/                |             |
|    ep_len_mean          | 395         |
|    ep_rew_mean          | 564         |
| time/                   |             |
|    fps                  | 2607        |
|    iterations           | 152         |
|    time_elapsed         | 477         |
|    total_timesteps      | 1245184     |
| train/                  |             |
|    approx_kl            | 0.010619317 |
|    clip_fraction        | 0.14        |
|    clip_range           | 0.2         |
|    entropy_loss         | -9.11       |
|    explained_variance   | 0.768       |
|    learning_rate        | 0.000251    |
|    loss                 | 0.108       |
|    n_updates            | 191         |
|    policy_gradient_loss | 0.00764     |
|    std                  | 0.755       |
|    value_loss           | 0.123       |
-----------------------------------------
Early stopping at step 0 due to reaching max kl: 0.03
-----------------------------------------
| rollout/                |             |
|    ep_len_mean          | 445         |
|    ep_rew_mean          | 646         |
| time/                   |             |
|    fps                  | 2607        |
|    iterations           | 153         |
|    time_elapsed         | 480         |
|    total_timesteps      | 1253376     |
| train/                  |             |
|    approx_kl            | 0.013772922 |
|    clip_fraction        | 0.193       |
|    clip_range           | 0.2         |
|    entropy_loss         | -9.1        |
|    explained_variance   | 0.776       |
|    learning_rate        | 0.00025     |
|    loss                 | 0.0214      |
|    n_updates            | 192         |
|    policy_gradient_loss | 0.0107      |
|    std                  | 0.754       |
|    value_loss           | 0.088       |
-----------------------------------------
Early stopping at step 0 due to reaching max kl: 0.03
-----------------------------------------
| rollout/                |             |
|    ep_len_mean          | 424         |
|    ep_rew_mean          | 609         |
| time/                   |             |
|    fps                  | 2607        |
|    iterations           | 154         |
|    time_elapsed         | 483         |
|    total_timesteps      | 1261568     |
| train/                  |             |
|    approx_kl            | 0.013579992 |
|    clip_fraction        | 0.192       |
|    clip_range           | 0.2         |
|    entropy_loss         | -9.09       |
|    explained_variance   | 0.831       |
|    learning_rate        | 0.00025     |
|    loss                 | 0.0582      |
|    n_updates            | 193         |
|    policy_gradient_loss | 0.00668     |
|    std                  | 0.754       |
|    value_loss           | 0.0537      |
-----------------------------------------
Early stopping at step 0 due to reaching max kl: 0.04
-----------------------------------------
| rollout/                |             |
|    ep_len_mean          | 422         |
|    ep_rew_mean          | 608         |
| time/                   |             |
|    fps                  | 2607        |
|    iterations           | 155         |
|    time_elapsed         | 486         |
|    total_timesteps      | 1269760     |
| train/                  |             |
|    approx_kl            | 0.013964199 |
|    clip_fraction        | 0.187       |
|    clip_range           | 0.2         |
|    entropy_loss         | -9.08       |
|    explained_variance   | 0.771       |
|    learning_rate        | 0.00025     |
|    loss                 | 0.0397      |
|    n_updates            | 194         |
|    policy_gradient_loss | 0.00697     |
|    std                  | 0.753       |
|    value_loss           | 0.1         |
-----------------------------------------
Early stopping at step 0 due to reaching max kl: 0.03
-----------------------------------------
| rollout/                |             |
|    ep_len_mean          | 433         |
|    ep_rew_mean          | 616         |
| time/                   |             |
|    fps                  | 2608        |
|    iterations           | 156         |
|    time_elapsed         | 490         |
|    total_timesteps      | 1277952     |
| train/                  |             |
|    approx_kl            | 0.014149982 |
|    clip_fraction        | 0.189       |
|    clip_range           | 0.2         |
|    entropy_loss         | -9.07       |
|    explained_variance   | 0.767       |
|    learning_rate        | 0.000249    |
|    loss                 | 0.129       |
|    n_updates            | 195         |
|    policy_gradient_loss | 0.00623     |
|    std                  | 0.751       |
|    value_loss           | 0.0873      |
-----------------------------------------
Early stopping at step 0 due to reaching max kl: 0.03
-----------------------------------------
| rollout/                |             |
|    ep_len_mean          | 442         |
|    ep_rew_mean          | 635         |
| time/                   |             |
|    fps                  | 2608        |
|    iterations           | 157         |
|    time_elapsed         | 493         |
|    total_timesteps      | 1286144     |
| train/                  |             |
|    approx_kl            | 0.012571695 |
|    clip_fraction        | 0.174       |
|    clip_range           | 0.2         |
|    entropy_loss         | -9.06       |
|    explained_variance   | 0.764       |
|    learning_rate        | 0.000249    |
|    loss                 | 0.132       |
|    n_updates            | 196         |
|    policy_gradient_loss | 0.00528     |
|    std                  | 0.75        |
|    value_loss           | 0.096       |
-----------------------------------------
Early stopping at step 0 due to reaching max kl: 0.04
----------------------------------------
| rollout/                |            |
|    ep_len_mean          | 458        |
|    ep_rew_mean          | 660        |
| time/                   |            |
|    fps                  | 2608       |
|    iterations           | 158        |
|    time_elapsed         | 496        |
|    total_timesteps      | 1294336    |
| train/                  |            |
|    approx_kl            | 0.01255151 |
|    clip_fraction        | 0.168      |
|    clip_range           | 0.2        |
|    entropy_loss         | -9.05      |
|    explained_variance   | 0.728      |
|    learning_rate        | 0.000249   |
|    loss                 | 0.0757     |
|    n_updates            | 197        |
|    policy_gradient_loss | 0.00436    |
|    std                  | 0.75       |
|    value_loss           | 0.0976     |
----------------------------------------
Early stopping at step 0 due to reaching max kl: 0.03
----------------------------------------
| rollout/                |            |
|    ep_len_mean          | 441        |
|    ep_rew_mean          | 636        |
| time/                   |            |
|    fps                  | 2609       |
|    iterations           | 159        |
|    time_elapsed         | 499        |
|    total_timesteps      | 1302528    |
| train/                  |            |
|    approx_kl            | 0.01098286 |
|    clip_fraction        | 0.149      |
|    clip_range           | 0.2        |
|    entropy_loss         | -9.04      |
|    explained_variance   | 0.747      |
|    learning_rate        | 0.000248   |
|    loss                 | 0.000882   |
|    n_updates            | 198        |
|    policy_gradient_loss | 0.00225    |
|    std                  | 0.748      |
|    value_loss           | 0.0759     |
----------------------------------------
Early stopping at step 0 due to reaching max kl: 0.03
-----------------------------------------
| rollout/                |             |
|    ep_len_mean          | 423         |
|    ep_rew_mean          | 616         |
| time/                   |             |
|    fps                  | 2609        |
|    iterations           | 160         |
|    time_elapsed         | 502         |
|    total_timesteps      | 1310720     |
| train/                  |             |
|    approx_kl            | 0.009439372 |
|    clip_fraction        | 0.121       |
|    clip_range           | 0.2         |
|    entropy_loss         | -9.03       |
|    explained_variance   | 0.668       |
|    learning_rate        | 0.000248    |
|    loss                 | 0.0523      |
|    n_updates            | 199         |
|    policy_gradient_loss | 0.00449     |
|    std                  | 0.748       |
|    value_loss           | 0.0901      |
-----------------------------------------
Early stopping at step 0 due to reaching max kl: 0.04
-----------------------------------------
| rollout/                |             |
|    ep_len_mean          | 452         |
|    ep_rew_mean          | 668         |
| time/                   |             |
|    fps                  | 2610        |
|    iterations           | 161         |
|    time_elapsed         | 505         |
|    total_timesteps      | 1318912     |
| train/                  |             |
|    approx_kl            | 0.012715151 |
|    clip_fraction        | 0.175       |
|    clip_range           | 0.2         |
|    entropy_loss         | -9.02       |
|    explained_variance   | 0.694       |
|    learning_rate        | 0.000248    |
|    loss                 | 0.0848      |
|    n_updates            | 200         |
|    policy_gradient_loss | 0.00491     |
|    std                  | 0.748       |
|    value_loss           | 0.119       |
-----------------------------------------
Early stopping at step 0 due to reaching max kl: 0.03
-----------------------------------------
| rollout/                |             |
|    ep_len_mean          | 436         |
|    ep_rew_mean          | 646         |
| time/                   |             |
|    fps                  | 2610        |
|    iterations           | 162         |
|    time_elapsed         | 508         |
|    total_timesteps      | 1327104     |
| train/                  |             |
|    approx_kl            | 0.012752504 |
|    clip_fraction        | 0.168       |
|    clip_range           | 0.2         |
|    entropy_loss         | -9.02       |
|    explained_variance   | 0.71        |
|    learning_rate        | 0.000247    |
|    loss                 | 0.0432      |
|    n_updates            | 201         |
|    policy_gradient_loss | 0.013       |
|    std                  | 0.747       |
|    value_loss           | 0.0715      |
-----------------------------------------
Early stopping at step 0 due to reaching max kl: 0.03
-----------------------------------------
| rollout/                |             |
|    ep_len_mean          | 450         |
|    ep_rew_mean          | 667         |
| time/                   |             |
|    fps                  | 2610        |
|    iterations           | 163         |
|    time_elapsed         | 511         |
|    total_timesteps      | 1335296     |
| train/                  |             |
|    approx_kl            | 0.014150179 |
|    clip_fraction        | 0.202       |
|    clip_range           | 0.2         |
|    entropy_loss         | -9          |
|    explained_variance   | 0.789       |
|    learning_rate        | 0.000247    |
|    loss                 | 0.0473      |
|    n_updates            | 202         |
|    policy_gradient_loss | 0.0104      |
|    std                  | 0.746       |
|    value_loss           | 0.0693      |
-----------------------------------------
Early stopping at step 0 due to reaching max kl: 0.03
-----------------------------------------
| rollout/                |             |
|    ep_len_mean          | 444         |
|    ep_rew_mean          | 658         |
| time/                   |             |
|    fps                  | 2611        |
|    iterations           | 164         |
|    time_elapsed         | 514         |
|    total_timesteps      | 1343488     |
| train/                  |             |
|    approx_kl            | 0.012030991 |
|    clip_fraction        | 0.161       |
|    clip_range           | 0.2         |
|    entropy_loss         | -9          |
|    explained_variance   | 0.778       |
|    learning_rate        | 0.000247    |
|    loss                 | -0.00715    |
|    n_updates            | 203         |
|    policy_gradient_loss | 0.0023      |
|    std                  | 0.745       |
|    value_loss           | 0.0885      |
-----------------------------------------
Early stopping at step 0 due to reaching max kl: 0.03
----------------------------------------
| rollout/                |            |
|    ep_len_mean          | 458        |
|    ep_rew_mean          | 682        |
| time/                   |            |
|    fps                  | 2611       |
|    iterations           | 165        |
|    time_elapsed         | 517        |
|    total_timesteps      | 1351680    |
| train/                  |            |
|    approx_kl            | 0.01142113 |
|    clip_fraction        | 0.163      |
|    clip_range           | 0.2        |
|    entropy_loss         | -8.99      |
|    explained_variance   | 0.732      |
|    learning_rate        | 0.000246   |
|    loss                 | 0.0559     |
|    n_updates            | 204        |
|    policy_gradient_loss | 0.00599    |
|    std                  | 0.745      |
|    value_loss           | 0.0901     |
----------------------------------------
Early stopping at step 0 due to reaching max kl: 0.03
-----------------------------------------
| rollout/                |             |
|    ep_len_mean          | 492         |
|    ep_rew_mean          | 728         |
| time/                   |             |
|    fps                  | 2611        |
|    iterations           | 166         |
|    time_elapsed         | 520         |
|    total_timesteps      | 1359872     |
| train/                  |             |
|    approx_kl            | 0.011447386 |
|    clip_fraction        | 0.16        |
|    clip_range           | 0.2         |
|    entropy_loss         | -8.99       |
|    explained_variance   | 0.743       |
|    learning_rate        | 0.000246    |
|    loss                 | 0.114       |
|    n_updates            | 205         |
|    policy_gradient_loss | 0.00501     |
|    std                  | 0.744       |
|    value_loss           | 0.1         |
-----------------------------------------
Early stopping at step 0 due to reaching max kl: 0.03
----------------------------------------
| rollout/                |            |
|    ep_len_mean          | 493        |
|    ep_rew_mean          | 723        |
| time/                   |            |
|    fps                  | 2612       |
|    iterations           | 167        |
|    time_elapsed         | 523        |
|    total_timesteps      | 1368064    |
| train/                  |            |
|    approx_kl            | 0.01097128 |
|    clip_fraction        | 0.147      |
|    clip_range           | 0.2        |
|    entropy_loss         | -8.98      |
|    explained_variance   | 0.79       |
|    learning_rate        | 0.000246   |
|    loss                 | 0.0688     |
|    n_updates            | 206        |
|    policy_gradient_loss | 0.00645    |
|    std                  | 0.743      |
|    value_loss           | 0.0534     |
----------------------------------------
Early stopping at step 0 due to reaching max kl: 0.03
-----------------------------------------
| rollout/                |             |
|    ep_len_mean          | 459         |
|    ep_rew_mean          | 676         |
| time/                   |             |
|    fps                  | 2612        |
|    iterations           | 168         |
|    time_elapsed         | 526         |
|    total_timesteps      | 1376256     |
| train/                  |             |
|    approx_kl            | 0.013911975 |
|    clip_fraction        | 0.185       |
|    clip_range           | 0.2         |
|    entropy_loss         | -8.96       |
|    explained_variance   | 0.719       |
|    learning_rate        | 0.000245    |
|    loss                 | 0.0635      |
|    n_updates            | 207         |
|    policy_gradient_loss | 0.0085      |
|    std                  | 0.742       |
|    value_loss           | 0.0859      |
-----------------------------------------
Early stopping at step 0 due to reaching max kl: 0.03
-----------------------------------------
| rollout/                |             |
|    ep_len_mean          | 427         |
|    ep_rew_mean          | 627         |
| time/                   |             |
|    fps                  | 2613        |
|    iterations           | 169         |
|    time_elapsed         | 529         |
|    total_timesteps      | 1384448     |
| train/                  |             |
|    approx_kl            | 0.011427394 |
|    clip_fraction        | 0.152       |
|    clip_range           | 0.2         |
|    entropy_loss         | -8.96       |
|    explained_variance   | 0.645       |
|    learning_rate        | 0.000245    |
|    loss                 | 0.124       |
|    n_updates            | 208         |
|    policy_gradient_loss | 0.00241     |
|    std                  | 0.742       |
|    value_loss           | 0.136       |
-----------------------------------------
Early stopping at step 0 due to reaching max kl: 0.03
-----------------------------------------
| rollout/                |             |
|    ep_len_mean          | 433         |
|    ep_rew_mean          | 633         |
| time/                   |             |
|    fps                  | 2613        |
|    iterations           | 170         |
|    time_elapsed         | 532         |
|    total_timesteps      | 1392640     |
| train/                  |             |
|    approx_kl            | 0.011859417 |
|    clip_fraction        | 0.151       |
|    clip_range           | 0.2         |
|    entropy_loss         | -8.95       |
|    explained_variance   | 0.701       |
|    learning_rate        | 0.000245    |
|    loss                 | 0.112       |
|    n_updates            | 209         |
|    policy_gradient_loss | 0.00251     |
|    std                  | 0.741       |
|    value_loss           | 0.085       |
-----------------------------------------
Early stopping at step 0 due to reaching max kl: 0.03
-----------------------------------------
| rollout/                |             |
|    ep_len_mean          | 402         |
|    ep_rew_mean          | 595         |
| time/                   |             |
|    fps                  | 2613        |
|    iterations           | 171         |
|    time_elapsed         | 535         |
|    total_timesteps      | 1400832     |
| train/                  |             |
|    approx_kl            | 0.013790175 |
|    clip_fraction        | 0.183       |
|    clip_range           | 0.2         |
|    entropy_loss         | -8.95       |
|    explained_variance   | 0.712       |
|    learning_rate        | 0.000244    |
|    loss                 | 0.0601      |
|    n_updates            | 210         |
|    policy_gradient_loss | 0.00517     |
|    std                  | 0.74        |
|    value_loss           | 0.0832      |
-----------------------------------------
Early stopping at step 0 due to reaching max kl: 0.03
-----------------------------------------
| rollout/                |             |
|    ep_len_mean          | 419         |
|    ep_rew_mean          | 623         |
| time/                   |             |
|    fps                  | 2614        |
|    iterations           | 172         |
|    time_elapsed         | 538         |
|    total_timesteps      | 1409024     |
| train/                  |             |
|    approx_kl            | 0.012775196 |
|    clip_fraction        | 0.171       |
|    clip_range           | 0.2         |
|    entropy_loss         | -8.94       |
|    explained_variance   | 0.689       |
|    learning_rate        | 0.000244    |
|    loss                 | 0.0352      |
|    n_updates            | 211         |
|    policy_gradient_loss | 0.00829     |
|    std                  | 0.739       |
|    value_loss           | 0.136       |
-----------------------------------------
Early stopping at step 0 due to reaching max kl: 0.04
----------------------------------------
| rollout/                |            |
|    ep_len_mean          | 431        |
|    ep_rew_mean          | 648        |
| time/                   |            |
|    fps                  | 2614       |
|    iterations           | 173        |
|    time_elapsed         | 542        |
|    total_timesteps      | 1417216    |
| train/                  |            |
|    approx_kl            | 0.01570477 |
|    clip_fraction        | 0.216      |
|    clip_range           | 0.2        |
|    entropy_loss         | -8.93      |
|    explained_variance   | 0.72       |
|    learning_rate        | 0.000244   |
|    loss                 | 0.0607     |
|    n_updates            | 212        |
|    policy_gradient_loss | 0.0131     |
|    std                  | 0.738      |
|    value_loss           | 0.061      |
----------------------------------------
Early stopping at step 0 due to reaching max kl: 0.03
-----------------------------------------
| rollout/                |             |
|    ep_len_mean          | 456         |
|    ep_rew_mean          | 690         |
| time/                   |             |
|    fps                  | 2614        |
|    iterations           | 174         |
|    time_elapsed         | 545         |
|    total_timesteps      | 1425408     |
| train/                  |             |
|    approx_kl            | 0.012938738 |
|    clip_fraction        | 0.18        |
|    clip_range           | 0.2         |
|    entropy_loss         | -8.91       |
|    explained_variance   | 0.704       |
|    learning_rate        | 0.000243    |
|    loss                 | 0.00262     |
|    n_updates            | 213         |
|    policy_gradient_loss | 0.0103      |
|    std                  | 0.737       |
|    value_loss           | 0.106       |
-----------------------------------------
Early stopping at step 0 due to reaching max kl: 0.03
-----------------------------------------
| rollout/                |             |
|    ep_len_mean          | 486         |
|    ep_rew_mean          | 742         |
| time/                   |             |
|    fps                  | 2614        |
|    iterations           | 175         |
|    time_elapsed         | 548         |
|    total_timesteps      | 1433600     |
| train/                  |             |
|    approx_kl            | 0.011773746 |
|    clip_fraction        | 0.154       |
|    clip_range           | 0.2         |
|    entropy_loss         | -8.9        |
|    explained_variance   | 0.72        |
|    learning_rate        | 0.000243    |
|    loss                 | 0.0164      |
|    n_updates            | 214         |
|    policy_gradient_loss | 0.00521     |
|    std                  | 0.736       |
|    value_loss           | 0.0707      |
-----------------------------------------
Early stopping at step 0 due to reaching max kl: 0.04
-----------------------------------------
| rollout/                |             |
|    ep_len_mean          | 481         |
|    ep_rew_mean          | 737         |
| time/                   |             |
|    fps                  | 2614        |
|    iterations           | 176         |
|    time_elapsed         | 551         |
|    total_timesteps      | 1441792     |
| train/                  |             |
|    approx_kl            | 0.014175211 |
|    clip_fraction        | 0.193       |
|    clip_range           | 0.2         |
|    entropy_loss         | -8.89       |
|    explained_variance   | 0.749       |
|    learning_rate        | 0.000243    |
|    loss                 | 0.014       |
|    n_updates            | 215         |
|    policy_gradient_loss | 0.0103      |
|    std                  | 0.735       |
|    value_loss           | 0.0603      |
-----------------------------------------
Early stopping at step 0 due to reaching max kl: 0.04
-----------------------------------------
| rollout/                |             |
|    ep_len_mean          | 496         |
|    ep_rew_mean          | 751         |
| time/                   |             |
|    fps                  | 2614        |
|    iterations           | 177         |
|    time_elapsed         | 554         |
|    total_timesteps      | 1449984     |
| train/                  |             |
|    approx_kl            | 0.011776973 |
|    clip_fraction        | 0.163       |
|    clip_range           | 0.2         |
|    entropy_loss         | -8.89       |
|    explained_variance   | 0.704       |
|    learning_rate        | 0.000242    |
|    loss                 | 0.0566      |
|    n_updates            | 216         |
|    policy_gradient_loss | 0.00688     |
|    std                  | 0.735       |
|    value_loss           | 0.0797      |
-----------------------------------------
Early stopping at step 0 due to reaching max kl: 0.03
------------------------------------------
| rollout/                |              |
|    ep_len_mean          | 485          |
|    ep_rew_mean          | 725          |
| time/                   |              |
|    fps                  | 2614         |
|    iterations           | 178          |
|    time_elapsed         | 557          |
|    total_timesteps      | 1458176      |
| train/                  |              |
|    approx_kl            | 0.0116433855 |
|    clip_fraction        | 0.156        |
|    clip_range           | 0.2          |
|    entropy_loss         | -8.88        |
|    explained_variance   | 0.67         |
|    learning_rate        | 0.000242     |
|    loss                 | 0.0358       |
|    n_updates            | 217          |
|    policy_gradient_loss | 0.00232      |
|    std                  | 0.734        |
|    value_loss           | 0.0868       |
------------------------------------------
Early stopping at step 0 due to reaching max kl: 0.03
----------------------------------------
| rollout/                |            |
|    ep_len_mean          | 486        |
|    ep_rew_mean          | 718        |
| time/                   |            |
|    fps                  | 2615       |
|    iterations           | 179        |
|    time_elapsed         | 560        |
|    total_timesteps      | 1466368    |
| train/                  |            |
|    approx_kl            | 0.01165275 |
|    clip_fraction        | 0.159      |
|    clip_range           | 0.2        |
|    entropy_loss         | -8.87      |
|    explained_variance   | 0.692      |
|    learning_rate        | 0.000242   |
|    loss                 | -0.00681   |
|    n_updates            | 218        |
|    policy_gradient_loss | 0.00331    |
|    std                  | 0.732      |
|    value_loss           | 0.102      |
----------------------------------------
Early stopping at step 0 due to reaching max kl: 0.03
-----------------------------------------
| rollout/                |             |
|    ep_len_mean          | 472         |
|    ep_rew_mean          | 695         |
| time/                   |             |
|    fps                  | 2615        |
|    iterations           | 180         |
|    time_elapsed         | 563         |
|    total_timesteps      | 1474560     |
| train/                  |             |
|    approx_kl            | 0.011919392 |
|    clip_fraction        | 0.165       |
|    clip_range           | 0.2         |
|    entropy_loss         | -8.85       |
|    explained_variance   | 0.672       |
|    learning_rate        | 0.000241    |
|    loss                 | 0.0494      |
|    n_updates            | 219         |
|    policy_gradient_loss | 0.00902     |
|    std                  | 0.731       |
|    value_loss           | 0.107       |
-----------------------------------------
Early stopping at step 0 due to reaching max kl: 0.04
-----------------------------------------
| rollout/                |             |
|    ep_len_mean          | 465         |
|    ep_rew_mean          | 688         |
| time/                   |             |
|    fps                  | 2615        |
|    iterations           | 181         |
|    time_elapsed         | 566         |
|    total_timesteps      | 1482752     |
| train/                  |             |
|    approx_kl            | 0.012622813 |
|    clip_fraction        | 0.175       |
|    clip_range           | 0.2         |
|    entropy_loss         | -8.84       |
|    explained_variance   | 0.693       |
|    learning_rate        | 0.000241    |
|    loss                 | 0.0134      |
|    n_updates            | 220         |
|    policy_gradient_loss | 0.00606     |
|    std                  | 0.73        |
|    value_loss           | 0.088       |
-----------------------------------------
Early stopping at step 0 due to reaching max kl: 0.03
-----------------------------------------
| rollout/                |             |
|    ep_len_mean          | 438         |
|    ep_rew_mean          | 644         |
| time/                   |             |
|    fps                  | 2615        |
|    iterations           | 182         |
|    time_elapsed         | 570         |
|    total_timesteps      | 1490944     |
| train/                  |             |
|    approx_kl            | 0.013932226 |
|    clip_fraction        | 0.197       |
|    clip_range           | 0.2         |
|    entropy_loss         | -8.83       |
|    explained_variance   | 0.678       |
|    learning_rate        | 0.000241    |
|    loss                 | 0.0174      |
|    n_updates            | 221         |
|    policy_gradient_loss | 0.00827     |
|    std                  | 0.729       |
|    value_loss           | 0.0896      |
-----------------------------------------
Early stopping at step 0 due to reaching max kl: 0.03
-----------------------------------------
| rollout/                |             |
|    ep_len_mean          | 442         |
|    ep_rew_mean          | 651         |
| time/                   |             |
|    fps                  | 2615        |
|    iterations           | 183         |
|    time_elapsed         | 573         |
|    total_timesteps      | 1499136     |
| train/                  |             |
|    approx_kl            | 0.011846039 |
|    clip_fraction        | 0.161       |
|    clip_range           | 0.2         |
|    entropy_loss         | -8.81       |
|    explained_variance   | 0.698       |
|    learning_rate        | 0.00024     |
|    loss                 | 0.22        |
|    n_updates            | 222         |
|    policy_gradient_loss | 0.0086      |
|    std                  | 0.728       |
|    value_loss           | 0.111       |
-----------------------------------------
Early stopping at step 0 due to reaching max kl: 0.03
-----------------------------------------
| rollout/                |             |
|    ep_len_mean          | 461         |
|    ep_rew_mean          | 682         |
| time/                   |             |
|    fps                  | 2615        |
|    iterations           | 184         |
|    time_elapsed         | 576         |
|    total_timesteps      | 1507328     |
| train/                  |             |
|    approx_kl            | 0.013885565 |
|    clip_fraction        | 0.187       |
|    clip_range           | 0.2         |
|    entropy_loss         | -8.8        |
|    explained_variance   | 0.681       |
|    learning_rate        | 0.00024     |
|    loss                 | 0.000134    |
|    n_updates            | 223         |
|    policy_gradient_loss | 0.00946     |
|    std                  | 0.726       |
|    value_loss           | 0.0893      |
-----------------------------------------
Early stopping at step 0 due to reaching max kl: 0.03
-----------------------------------------
| rollout/                |             |
|    ep_len_mean          | 491         |
|    ep_rew_mean          | 735         |
| time/                   |             |
|    fps                  | 2615        |
|    iterations           | 185         |
|    time_elapsed         | 579         |
|    total_timesteps      | 1515520     |
| train/                  |             |
|    approx_kl            | 0.013314331 |
|    clip_fraction        | 0.177       |
|    clip_range           | 0.2         |
|    entropy_loss         | -8.78       |
|    explained_variance   | 0.698       |
|    learning_rate        | 0.00024     |
|    loss                 | 0.0726      |
|    n_updates            | 224         |
|    policy_gradient_loss | 0.00478     |
|    std                  | 0.725       |
|    value_loss           | 0.0629      |
-----------------------------------------
Early stopping at step 0 due to reaching max kl: 0.03
----------------------------------------
| rollout/                |            |
|    ep_len_mean          | 507        |
|    ep_rew_mean          | 770        |
| time/                   |            |
|    fps                  | 2615       |
|    iterations           | 186        |
|    time_elapsed         | 582        |
|    total_timesteps      | 1523712    |
| train/                  |            |
|    approx_kl            | 0.01446993 |
|    clip_fraction        | 0.195      |
|    clip_range           | 0.2        |
|    entropy_loss         | -8.77      |
|    explained_variance   | 0.771      |
|    learning_rate        | 0.000239   |
|    loss                 | 0.0117     |
|    n_updates            | 225        |
|    policy_gradient_loss | 0.00661    |
|    std                  | 0.724      |
|    value_loss           | 0.0498     |
----------------------------------------
Early stopping at step 0 due to reaching max kl: 0.03
-----------------------------------------
| rollout/                |             |
|    ep_len_mean          | 524         |
|    ep_rew_mean          | 794         |
| time/                   |             |
|    fps                  | 2615        |
|    iterations           | 187         |
|    time_elapsed         | 585         |
|    total_timesteps      | 1531904     |
| train/                  |             |
|    approx_kl            | 0.012041956 |
|    clip_fraction        | 0.16        |
|    clip_range           | 0.2         |
|    entropy_loss         | -8.76       |
|    explained_variance   | 0.65        |
|    learning_rate        | 0.000239    |
|    loss                 | 0.0583      |
|    n_updates            | 226         |
|    policy_gradient_loss | 0.00806     |
|    std                  | 0.724       |
|    value_loss           | 0.0978      |
-----------------------------------------
Early stopping at step 0 due to reaching max kl: 0.03
-----------------------------------------
| rollout/                |             |
|    ep_len_mean          | 513         |
|    ep_rew_mean          | 781         |
| time/                   |             |
|    fps                  | 2616        |
|    iterations           | 188         |
|    time_elapsed         | 588         |
|    total_timesteps      | 1540096     |
| train/                  |             |
|    approx_kl            | 0.009733009 |
|    clip_fraction        | 0.131       |
|    clip_range           | 0.2         |
|    entropy_loss         | -8.77       |
|    explained_variance   | 0.664       |
|    learning_rate        | 0.000239    |
|    loss                 | 0.00935     |
|    n_updates            | 227         |
|    policy_gradient_loss | 0.00226     |
|    std                  | 0.725       |
|    value_loss           | 0.078       |
-----------------------------------------
Early stopping at step 0 due to reaching max kl: 0.03
-----------------------------------------
| rollout/                |             |
|    ep_len_mean          | 515         |
|    ep_rew_mean          | 789         |
| time/                   |             |
|    fps                  | 2616        |
|    iterations           | 189         |
|    time_elapsed         | 591         |
|    total_timesteps      | 1548288     |
| train/                  |             |
|    approx_kl            | 0.015526871 |
|    clip_fraction        | 0.21        |
|    clip_range           | 0.2         |
|    entropy_loss         | -8.77       |
|    explained_variance   | 0.618       |
|    learning_rate        | 0.000238    |
|    loss                 | 0.119       |
|    n_updates            | 228         |
|    policy_gradient_loss | 0.00773     |
|    std                  | 0.724       |
|    value_loss           | 0.126       |
-----------------------------------------
Early stopping at step 0 due to reaching max kl: 0.03
-----------------------------------------
| rollout/                |             |
|    ep_len_mean          | 514         |
|    ep_rew_mean          | 790         |
| time/                   |             |
|    fps                  | 2616        |
|    iterations           | 190         |
|    time_elapsed         | 594         |
|    total_timesteps      | 1556480     |
| train/                  |             |
|    approx_kl            | 0.013455176 |
|    clip_fraction        | 0.186       |
|    clip_range           | 0.2         |
|    entropy_loss         | -8.76       |
|    explained_variance   | 0.708       |
|    learning_rate        | 0.000238    |
|    loss                 | 0.0253      |
|    n_updates            | 229         |
|    policy_gradient_loss | 0.00451     |
|    std                  | 0.723       |
|    value_loss           | 0.0815      |
-----------------------------------------
Early stopping at step 0 due to reaching max kl: 0.03
-----------------------------------------
| rollout/                |             |
|    ep_len_mean          | 448         |
|    ep_rew_mean          | 678         |
| time/                   |             |
|    fps                  | 2616        |
|    iterations           | 191         |
|    time_elapsed         | 597         |
|    total_timesteps      | 1564672     |
| train/                  |             |
|    approx_kl            | 0.013154717 |
|    clip_fraction        | 0.179       |
|    clip_range           | 0.2         |
|    entropy_loss         | -8.75       |
|    explained_variance   | 0.763       |
|    learning_rate        | 0.000238    |
|    loss                 | 0.0385      |
|    n_updates            | 230         |
|    policy_gradient_loss | 0.007       |
|    std                  | 0.722       |
|    value_loss           | 0.0744      |
-----------------------------------------
Early stopping at step 0 due to reaching max kl: 0.03
[Progress] Training 5/6: 1,569,996/5,000,000 steps (31.4%); 1 full runs remain afterward; rough training ETA 54m.
------------------------------------------
| rollout/                |              |
|    ep_len_mean          | 450          |
|    ep_rew_mean          | 680          |
| time/                   |              |
|    fps                  | 2616         |
|    iterations           | 192          |
|    time_elapsed         | 601          |
|    total_timesteps      | 1572864      |
| train/                  |              |
|    approx_kl            | 0.0130773345 |
|    clip_fraction        | 0.176        |
|    clip_range           | 0.2          |
|    entropy_loss         | -8.74        |
|    explained_variance   | 0.626        |
|    learning_rate        | 0.000237     |
|    loss                 | 0.102        |
|    n_updates            | 231          |
|    policy_gradient_loss | 0.00414      |
|    std                  | 0.722        |
|    value_loss           | 0.14         |
------------------------------------------
Early stopping at step 0 due to reaching max kl: 0.03
------------------------------------------
| rollout/                |              |
|    ep_len_mean          | 470          |
|    ep_rew_mean          | 708          |
| time/                   |              |
|    fps                  | 2616         |
|    iterations           | 193          |
|    time_elapsed         | 604          |
|    total_timesteps      | 1581056      |
| train/                  |              |
|    approx_kl            | 0.0153770605 |
|    clip_fraction        | 0.219        |
|    clip_range           | 0.2          |
|    entropy_loss         | -8.73        |
|    explained_variance   | 0.708        |
|    learning_rate        | 0.000237     |
|    loss                 | 0.069        |
|    n_updates            | 232          |
|    policy_gradient_loss | 0.00828      |
|    std                  | 0.72         |
|    value_loss           | 0.0878       |
------------------------------------------
Early stopping at step 0 due to reaching max kl: 0.03
------------------------------------------
| rollout/                |              |
|    ep_len_mean          | 485          |
|    ep_rew_mean          | 735          |
| time/                   |              |
|    fps                  | 2616         |
|    iterations           | 194          |
|    time_elapsed         | 607          |
|    total_timesteps      | 1589248      |
| train/                  |              |
|    approx_kl            | 0.0135602625 |
|    clip_fraction        | 0.183        |
|    clip_range           | 0.2          |
|    entropy_loss         | -8.71        |
|    explained_variance   | 0.731        |
|    learning_rate        | 0.000237     |
|    loss                 | 0.061        |
|    n_updates            | 233          |
|    policy_gradient_loss | 0.00901      |
|    std                  | 0.719        |
|    value_loss           | 0.0676       |
------------------------------------------
Early stopping at step 0 due to reaching max kl: 0.03
-----------------------------------------
| rollout/                |             |
|    ep_len_mean          | 497         |
|    ep_rew_mean          | 759         |
| time/                   |             |
|    fps                  | 2616        |
|    iterations           | 195         |
|    time_elapsed         | 610         |
|    total_timesteps      | 1597440     |
| train/                  |             |
|    approx_kl            | 0.014743921 |
|    clip_fraction        | 0.194       |
|    clip_range           | 0.2         |
|    entropy_loss         | -8.7        |
|    explained_variance   | 0.704       |
|    learning_rate        | 0.000236    |
|    loss                 | 0.0995      |
|    n_updates            | 234         |
|    policy_gradient_loss | 0.0103      |
|    std                  | 0.717       |
|    value_loss           | 0.065       |
-----------------------------------------
Early stopping at step 0 due to reaching max kl: 0.03
-----------------------------------------
| rollout/                |             |
|    ep_len_mean          | 514         |
|    ep_rew_mean          | 789         |
| time/                   |             |
|    fps                  | 2616        |
|    iterations           | 196         |
|    time_elapsed         | 613         |
|    total_timesteps      | 1605632     |
| train/                  |             |
|    approx_kl            | 0.013893352 |
|    clip_fraction        | 0.189       |
|    clip_range           | 0.2         |
|    entropy_loss         | -8.68       |
|    explained_variance   | 0.626       |
|    learning_rate        | 0.000236    |
|    loss                 | 0.0349      |
|    n_updates            | 235         |
|    policy_gradient_loss | 0.00931     |
|    std                  | 0.716       |
|    value_loss           | 0.0685      |
-----------------------------------------
Early stopping at step 0 due to reaching max kl: 0.03
-----------------------------------------
| rollout/                |             |
|    ep_len_mean          | 517         |
|    ep_rew_mean          | 798         |
| time/                   |             |
|    fps                  | 2617        |
|    iterations           | 197         |
|    time_elapsed         | 616         |
|    total_timesteps      | 1613824     |
| train/                  |             |
|    approx_kl            | 0.014605214 |
|    clip_fraction        | 0.217       |
|    clip_range           | 0.2         |
|    entropy_loss         | -8.67       |
|    explained_variance   | 0.697       |
|    learning_rate        | 0.000236    |
|    loss                 | 0.0537      |
|    n_updates            | 236         |
|    policy_gradient_loss | 0.0107      |
|    std                  | 0.715       |
|    value_loss           | 0.0711      |
-----------------------------------------
Early stopping at step 0 due to reaching max kl: 0.04
-----------------------------------------
| rollout/                |             |
|    ep_len_mean          | 541         |
|    ep_rew_mean          | 838         |
| time/                   |             |
|    fps                  | 2617        |
|    iterations           | 198         |
|    time_elapsed         | 619         |
|    total_timesteps      | 1622016     |
| train/                  |             |
|    approx_kl            | 0.014728539 |
|    clip_fraction        | 0.201       |
|    clip_range           | 0.2         |
|    entropy_loss         | -8.67       |
|    explained_variance   | 0.612       |
|    learning_rate        | 0.000235    |
|    loss                 | 0.091       |
|    n_updates            | 237         |
|    policy_gradient_loss | 0.00615     |
|    std                  | 0.716       |
|    value_loss           | 0.118       |
-----------------------------------------
Early stopping at step 0 due to reaching max kl: 0.03
-----------------------------------------
| rollout/                |             |
|    ep_len_mean          | 537         |
|    ep_rew_mean          | 835         |
| time/                   |             |
|    fps                  | 2617        |
|    iterations           | 199         |
|    time_elapsed         | 622         |
|    total_timesteps      | 1630208     |
| train/                  |             |
|    approx_kl            | 0.013941964 |
|    clip_fraction        | 0.186       |
|    clip_range           | 0.2         |
|    entropy_loss         | -8.67       |
|    explained_variance   | 0.646       |
|    learning_rate        | 0.000235    |
|    loss                 | 0.0657      |
|    n_updates            | 238         |
|    policy_gradient_loss | 0.00547     |
|    std                  | 0.715       |
|    value_loss           | 0.101       |
-----------------------------------------
Early stopping at step 0 due to reaching max kl: 0.03
----------------------------------------
| rollout/                |            |
|    ep_len_mean          | 530        |
|    ep_rew_mean          | 820        |
| time/                   |            |
|    fps                  | 2617       |
|    iterations           | 200        |
|    time_elapsed         | 625        |
|    total_timesteps      | 1638400    |
| train/                  |            |
|    approx_kl            | 0.01433482 |
|    clip_fraction        | 0.194      |
|    clip_range           | 0.2        |
|    entropy_loss         | -8.66      |
|    explained_variance   | 0.7        |
|    learning_rate        | 0.000235   |
|    loss                 | 0.0263     |
|    n_updates            | 239        |
|    policy_gradient_loss | 0.00643    |
|    std                  | 0.714      |
|    value_loss           | 0.0826     |
----------------------------------------
Early stopping at step 0 due to reaching max kl: 0.03
-----------------------------------------
| rollout/                |             |
|    ep_len_mean          | 511         |
|    ep_rew_mean          | 792         |
| time/                   |             |
|    fps                  | 2617        |
|    iterations           | 201         |
|    time_elapsed         | 629         |
|    total_timesteps      | 1646592     |
| train/                  |             |
|    approx_kl            | 0.013891074 |
|    clip_fraction        | 0.187       |
|    clip_range           | 0.2         |
|    entropy_loss         | -8.65       |
|    explained_variance   | 0.711       |
|    learning_rate        | 0.000234    |
|    loss                 | 0.0398      |
|    n_updates            | 240         |
|    policy_gradient_loss | 0.0108      |
|    std                  | 0.713       |
|    value_loss           | 0.0983      |
-----------------------------------------
Early stopping at step 0 due to reaching max kl: 0.04
-----------------------------------------
| rollout/                |             |
|    ep_len_mean          | 422         |
|    ep_rew_mean          | 646         |
| time/                   |             |
|    fps                  | 2617        |
|    iterations           | 202         |
|    time_elapsed         | 632         |
|    total_timesteps      | 1654784     |
| train/                  |             |
|    approx_kl            | 0.013791166 |
|    clip_fraction        | 0.186       |
|    clip_range           | 0.2         |
|    entropy_loss         | -8.64       |
|    explained_variance   | 0.667       |
|    learning_rate        | 0.000234    |
|    loss                 | 0.0173      |
|    n_updates            | 241         |
|    policy_gradient_loss | 0.0106      |
|    std                  | 0.713       |
|    value_loss           | 0.111       |
-----------------------------------------
Early stopping at step 0 due to reaching max kl: 0.03
-----------------------------------------
| rollout/                |             |
|    ep_len_mean          | 456         |
|    ep_rew_mean          | 706         |
| time/                   |             |
|    fps                  | 2618        |
|    iterations           | 203         |
|    time_elapsed         | 635         |
|    total_timesteps      | 1662976     |
| train/                  |             |
|    approx_kl            | 0.014102817 |
|    clip_fraction        | 0.192       |
|    clip_range           | 0.2         |
|    entropy_loss         | -8.64       |
|    explained_variance   | 0.612       |
|    learning_rate        | 0.000234    |
|    loss                 | 0.101       |
|    n_updates            | 242         |
|    policy_gradient_loss | 0.00575     |
|    std                  | 0.712       |
|    value_loss           | 0.168       |
-----------------------------------------
Early stopping at step 0 due to reaching max kl: 0.03
-----------------------------------------
| rollout/                |             |
|    ep_len_mean          | 432         |
|    ep_rew_mean          | 669         |
| time/                   |             |
|    fps                  | 2618        |
|    iterations           | 204         |
|    time_elapsed         | 638         |
|    total_timesteps      | 1671168     |
| train/                  |             |
|    approx_kl            | 0.014343861 |
|    clip_fraction        | 0.193       |
|    clip_range           | 0.2         |
|    entropy_loss         | -8.63       |
|    explained_variance   | 0.708       |
|    learning_rate        | 0.000233    |
|    loss                 | 0.0521      |
|    n_updates            | 243         |
|    policy_gradient_loss | 0.0117      |
|    std                  | 0.711       |
|    value_loss           | 0.0854      |
-----------------------------------------
Early stopping at step 0 due to reaching max kl: 0.03
-----------------------------------------
| rollout/                |             |
|    ep_len_mean          | 448         |
|    ep_rew_mean          | 691         |
| time/                   |             |
|    fps                  | 2618        |
|    iterations           | 205         |
|    time_elapsed         | 641         |
|    total_timesteps      | 1679360     |
| train/                  |             |
|    approx_kl            | 0.013046738 |
|    clip_fraction        | 0.173       |
|    clip_range           | 0.2         |
|    entropy_loss         | -8.62       |
|    explained_variance   | 0.706       |
|    learning_rate        | 0.000233    |
|    loss                 | 0.106       |
|    n_updates            | 244         |
|    policy_gradient_loss | 0.00432     |
|    std                  | 0.711       |
|    value_loss           | 0.0983      |
-----------------------------------------
Early stopping at step 0 due to reaching max kl: 0.03
-----------------------------------------
| rollout/                |             |
|    ep_len_mean          | 471         |
|    ep_rew_mean          | 725         |
| time/                   |             |
|    fps                  | 2618        |
|    iterations           | 206         |
|    time_elapsed         | 644         |
|    total_timesteps      | 1687552     |
| train/                  |             |
|    approx_kl            | 0.015001447 |
|    clip_fraction        | 0.201       |
|    clip_range           | 0.2         |
|    entropy_loss         | -8.62       |
|    explained_variance   | 0.762       |
|    learning_rate        | 0.000233    |
|    loss                 | 0.0289      |
|    n_updates            | 245         |
|    policy_gradient_loss | 0.00449     |
|    std                  | 0.71        |
|    value_loss           | 0.0614      |
-----------------------------------------
Early stopping at step 0 due to reaching max kl: 0.04
-----------------------------------------
| rollout/                |             |
|    ep_len_mean          | 456         |
|    ep_rew_mean          | 698         |
| time/                   |             |
|    fps                  | 2618        |
|    iterations           | 207         |
|    time_elapsed         | 647         |
|    total_timesteps      | 1695744     |
| train/                  |             |
|    approx_kl            | 0.014323435 |
|    clip_fraction        | 0.195       |
|    clip_range           | 0.2         |
|    entropy_loss         | -8.61       |
|    explained_variance   | 0.713       |
|    learning_rate        | 0.000232    |
|    loss                 | 0.106       |
|    n_updates            | 246         |
|    policy_gradient_loss | 0.0121      |
|    std                  | 0.71        |
|    value_loss           | 0.0726      |
-----------------------------------------
Early stopping at step 0 due to reaching max kl: 0.03
-----------------------------------------
| rollout/                |             |
|    ep_len_mean          | 492         |
|    ep_rew_mean          | 750         |
| time/                   |             |
|    fps                  | 2619        |
|    iterations           | 208         |
|    time_elapsed         | 650         |
|    total_timesteps      | 1703936     |
| train/                  |             |
|    approx_kl            | 0.011144296 |
|    clip_fraction        | 0.153       |
|    clip_range           | 0.2         |
|    entropy_loss         | -8.6        |
|    explained_variance   | 0.695       |
|    learning_rate        | 0.000232    |
|    loss                 | 0.0279      |
|    n_updates            | 247         |
|    policy_gradient_loss | 0.00566     |
|    std                  | 0.709       |
|    value_loss           | 0.0921      |
-----------------------------------------
Early stopping at step 0 due to reaching max kl: 0.03
-----------------------------------------
| rollout/                |             |
|    ep_len_mean          | 490         |
|    ep_rew_mean          | 740         |
| time/                   |             |
|    fps                  | 2619        |
|    iterations           | 209         |
|    time_elapsed         | 653         |
|    total_timesteps      | 1712128     |
| train/                  |             |
|    approx_kl            | 0.013390867 |
|    clip_fraction        | 0.179       |
|    clip_range           | 0.2         |
|    entropy_loss         | -8.59       |
|    explained_variance   | 0.701       |
|    learning_rate        | 0.000232    |
|    loss                 | -0.00498    |
|    n_updates            | 248         |
|    policy_gradient_loss | 0.0107      |
|    std                  | 0.708       |
|    value_loss           | 0.0982      |
-----------------------------------------
Early stopping at step 0 due to reaching max kl: 0.03
-----------------------------------------
| rollout/                |             |
|    ep_len_mean          | 460         |
|    ep_rew_mean          | 691         |
| time/                   |             |
|    fps                  | 2619        |
|    iterations           | 210         |
|    time_elapsed         | 656         |
|    total_timesteps      | 1720320     |
| train/                  |             |
|    approx_kl            | 0.011724966 |
|    clip_fraction        | 0.155       |
|    clip_range           | 0.2         |
|    entropy_loss         | -8.58       |
|    explained_variance   | 0.697       |
|    learning_rate        | 0.000232    |
|    loss                 | 0.097       |
|    n_updates            | 249         |
|    policy_gradient_loss | 0.00572     |
|    std                  | 0.708       |
|    value_loss           | 0.093       |
-----------------------------------------
Early stopping at step 0 due to reaching max kl: 0.04
-----------------------------------------
| rollout/                |             |
|    ep_len_mean          | 473         |
|    ep_rew_mean          | 716         |
| time/                   |             |
|    fps                  | 2619        |
|    iterations           | 211         |
|    time_elapsed         | 659         |
|    total_timesteps      | 1728512     |
| train/                  |             |
|    approx_kl            | 0.012526378 |
|    clip_fraction        | 0.164       |
|    clip_range           | 0.2         |
|    entropy_loss         | -8.58       |
|    explained_variance   | 0.689       |
|    learning_rate        | 0.000231    |
|    loss                 | 0.0604      |
|    n_updates            | 250         |
|    policy_gradient_loss | 0.0087      |
|    std                  | 0.707       |
|    value_loss           | 0.104       |
-----------------------------------------
Early stopping at step 0 due to reaching max kl: 0.03
-----------------------------------------
| rollout/                |             |
|    ep_len_mean          | 470         |
|    ep_rew_mean          | 716         |
| time/                   |             |
|    fps                  | 2619        |
|    iterations           | 212         |
|    time_elapsed         | 662         |
|    total_timesteps      | 1736704     |
| train/                  |             |
|    approx_kl            | 0.011232671 |
|    clip_fraction        | 0.152       |
|    clip_range           | 0.2         |
|    entropy_loss         | -8.56       |
|    explained_variance   | 0.754       |
|    learning_rate        | 0.000231    |
|    loss                 | 0.019       |
|    n_updates            | 251         |
|    policy_gradient_loss | 0.00635     |
|    std                  | 0.705       |
|    value_loss           | 0.0517      |
-----------------------------------------
Early stopping at step 0 due to reaching max kl: 0.03
-----------------------------------------
| rollout/                |             |
|    ep_len_mean          | 453         |
|    ep_rew_mean          | 695         |
| time/                   |             |
|    fps                  | 2620        |
|    iterations           | 213         |
|    time_elapsed         | 665         |
|    total_timesteps      | 1744896     |
| train/                  |             |
|    approx_kl            | 0.012787861 |
|    clip_fraction        | 0.165       |
|    clip_range           | 0.2         |
|    entropy_loss         | -8.55       |
|    explained_variance   | 0.698       |
|    learning_rate        | 0.000231    |
|    loss                 | 0.123       |
|    n_updates            | 252         |
|    policy_gradient_loss | 0.007       |
|    std                  | 0.704       |
|    value_loss           | 0.0953      |
-----------------------------------------
Early stopping at step 0 due to reaching max kl: 0.04
-----------------------------------------
| rollout/                |             |
|    ep_len_mean          | 453         |
|    ep_rew_mean          | 698         |
| time/                   |             |
|    fps                  | 2620        |
|    iterations           | 214         |
|    time_elapsed         | 669         |
|    total_timesteps      | 1753088     |
| train/                  |             |
|    approx_kl            | 0.011645545 |
|    clip_fraction        | 0.152       |
|    clip_range           | 0.2         |
|    entropy_loss         | -8.54       |
|    explained_variance   | 0.726       |
|    learning_rate        | 0.00023     |
|    loss                 | 0.0649      |
|    n_updates            | 253         |
|    policy_gradient_loss | 0.00384     |
|    std                  | 0.704       |
|    value_loss           | 0.0874      |
-----------------------------------------
Early stopping at step 0 due to reaching max kl: 0.03
-----------------------------------------
| rollout/                |             |
|    ep_len_mean          | 468         |
|    ep_rew_mean          | 722         |
| time/                   |             |
|    fps                  | 2620        |
|    iterations           | 215         |
|    time_elapsed         | 672         |
|    total_timesteps      | 1761280     |
| train/                  |             |
|    approx_kl            | 0.008577018 |
|    clip_fraction        | 0.119       |
|    clip_range           | 0.2         |
|    entropy_loss         | -8.54       |
|    explained_variance   | 0.72        |
|    learning_rate        | 0.00023     |
|    loss                 | 0.0468      |
|    n_updates            | 254         |
|    policy_gradient_loss | 0.00454     |
|    std                  | 0.703       |
|    value_loss           | 0.0861      |
-----------------------------------------
Early stopping at step 0 due to reaching max kl: 0.03
-----------------------------------------
| rollout/                |             |
|    ep_len_mean          | 468         |
|    ep_rew_mean          | 725         |
| time/                   |             |
|    fps                  | 2620        |
|    iterations           | 216         |
|    time_elapsed         | 675         |
|    total_timesteps      | 1769472     |
| train/                  |             |
|    approx_kl            | 0.012692162 |
|    clip_fraction        | 0.173       |
|    clip_range           | 0.2         |
|    entropy_loss         | -8.52       |
|    explained_variance   | 0.67        |
|    learning_rate        | 0.00023     |
|    loss                 | 0.0714      |
|    n_updates            | 255         |
|    policy_gradient_loss | 0.0102      |
|    std                  | 0.702       |
|    value_loss           | 0.115       |
-----------------------------------------
Early stopping at step 0 due to reaching max kl: 0.03
-----------------------------------------
| rollout/                |             |
|    ep_len_mean          | 462         |
|    ep_rew_mean          | 710         |
| time/                   |             |
|    fps                  | 2621        |
|    iterations           | 217         |
|    time_elapsed         | 678         |
|    total_timesteps      | 1777664     |
| train/                  |             |
|    approx_kl            | 0.010362633 |
|    clip_fraction        | 0.136       |
|    clip_range           | 0.2         |
|    entropy_loss         | -8.52       |
|    explained_variance   | 0.728       |
|    learning_rate        | 0.000229    |
|    loss                 | 0.00319     |
|    n_updates            | 256         |
|    policy_gradient_loss | 0.00331     |
|    std                  | 0.702       |
|    value_loss           | 0.0976      |
-----------------------------------------
Early stopping at step 0 due to reaching max kl: 0.03
-----------------------------------------
| rollout/                |             |
|    ep_len_mean          | 487         |
|    ep_rew_mean          | 742         |
| time/                   |             |
|    fps                  | 2621        |
|    iterations           | 218         |
|    time_elapsed         | 681         |
|    total_timesteps      | 1785856     |
| train/                  |             |
|    approx_kl            | 0.012526788 |
|    clip_fraction        | 0.163       |
|    clip_range           | 0.2         |
|    entropy_loss         | -8.51       |
|    explained_variance   | 0.711       |
|    learning_rate        | 0.000229    |
|    loss                 | 0.0713      |
|    n_updates            | 257         |
|    policy_gradient_loss | 0.00559     |
|    std                  | 0.701       |
|    value_loss           | 0.0968      |
-----------------------------------------
Early stopping at step 0 due to reaching max kl: 0.03
-----------------------------------------
| rollout/                |             |
|    ep_len_mean          | 482         |
|    ep_rew_mean          | 733         |
| time/                   |             |
|    fps                  | 2621        |
|    iterations           | 219         |
|    time_elapsed         | 684         |
|    total_timesteps      | 1794048     |
| train/                  |             |
|    approx_kl            | 0.015290111 |
|    clip_fraction        | 0.21        |
|    clip_range           | 0.2         |
|    entropy_loss         | -8.49       |
|    explained_variance   | 0.71        |
|    learning_rate        | 0.000229    |
|    loss                 | 0.15        |
|    n_updates            | 258         |
|    policy_gradient_loss | 0.00907     |
|    std                  | 0.699       |
|    value_loss           | 0.0644      |
-----------------------------------------
Early stopping at step 0 due to reaching max kl: 0.03
-----------------------------------------
| rollout/                |             |
|    ep_len_mean          | 474         |
|    ep_rew_mean          | 717         |
| time/                   |             |
|    fps                  | 2621        |
|    iterations           | 220         |
|    time_elapsed         | 687         |
|    total_timesteps      | 1802240     |
| train/                  |             |
|    approx_kl            | 0.009810425 |
|    clip_fraction        | 0.119       |
|    clip_range           | 0.2         |
|    entropy_loss         | -8.48       |
|    explained_variance   | 0.66        |
|    learning_rate        | 0.000228    |
|    loss                 | 0.105       |
|    n_updates            | 259         |
|    policy_gradient_loss | -0.00386    |
|    std                  | 0.699       |
|    value_loss           | 0.115       |
-----------------------------------------
Early stopping at step 0 due to reaching max kl: 0.03
-----------------------------------------
| rollout/                |             |
|    ep_len_mean          | 494         |
|    ep_rew_mean          | 748         |
| time/                   |             |
|    fps                  | 2621        |
|    iterations           | 221         |
|    time_elapsed         | 690         |
|    total_timesteps      | 1810432     |
| train/                  |             |
|    approx_kl            | 0.014357962 |
|    clip_fraction        | 0.198       |
|    clip_range           | 0.2         |
|    entropy_loss         | -8.47       |
|    explained_variance   | 0.67        |
|    learning_rate        | 0.000228    |
|    loss                 | 0.0263      |
|    n_updates            | 260         |
|    policy_gradient_loss | 0.00749     |
|    std                  | 0.698       |
|    value_loss           | 0.105       |
-----------------------------------------
Early stopping at step 0 due to reaching max kl: 0.04
-----------------------------------------
| rollout/                |             |
|    ep_len_mean          | 501         |
|    ep_rew_mean          | 754         |
| time/                   |             |
|    fps                  | 2622        |
|    iterations           | 222         |
|    time_elapsed         | 693         |
|    total_timesteps      | 1818624     |
| train/                  |             |
|    approx_kl            | 0.013326325 |
|    clip_fraction        | 0.171       |
|    clip_range           | 0.2         |
|    entropy_loss         | -8.46       |
|    explained_variance   | 0.706       |
|    learning_rate        | 0.000228    |
|    loss                 | 0.0849      |
|    n_updates            | 261         |
|    policy_gradient_loss | 0.00466     |
|    std                  | 0.697       |
|    value_loss           | 0.074       |
-----------------------------------------
Early stopping at step 0 due to reaching max kl: 0.03
-----------------------------------------
| rollout/                |             |
|    ep_len_mean          | 503         |
|    ep_rew_mean          | 762         |
| time/                   |             |
|    fps                  | 2622        |
|    iterations           | 223         |
|    time_elapsed         | 696         |
|    total_timesteps      | 1826816     |
| train/                  |             |
|    approx_kl            | 0.010890377 |
|    clip_fraction        | 0.146       |
|    clip_range           | 0.2         |
|    entropy_loss         | -8.45       |
|    explained_variance   | 0.591       |
|    learning_rate        | 0.000227    |
|    loss                 | 0.183       |
|    n_updates            | 262         |
|    policy_gradient_loss | 0.00887     |
|    std                  | 0.696       |
|    value_loss           | 0.122       |
-----------------------------------------
Early stopping at step 0 due to reaching max kl: 0.03
-----------------------------------------
| rollout/                |             |
|    ep_len_mean          | 479         |
|    ep_rew_mean          | 728         |
| time/                   |             |
|    fps                  | 2622        |
|    iterations           | 224         |
|    time_elapsed         | 699         |
|    total_timesteps      | 1835008     |
| train/                  |             |
|    approx_kl            | 0.014446642 |
|    clip_fraction        | 0.202       |
|    clip_range           | 0.2         |
|    entropy_loss         | -8.45       |
|    explained_variance   | 0.714       |
|    learning_rate        | 0.000227    |
|    loss                 | 0.133       |
|    n_updates            | 263         |
|    policy_gradient_loss | 0.00111     |
|    std                  | 0.696       |
|    value_loss           | 0.0744      |
-----------------------------------------
Early stopping at step 0 due to reaching max kl: 0.04
-----------------------------------------
| rollout/                |             |
|    ep_len_mean          | 494         |
|    ep_rew_mean          | 756         |
| time/                   |             |
|    fps                  | 2623        |
|    iterations           | 225         |
|    time_elapsed         | 702         |
|    total_timesteps      | 1843200     |
| train/                  |             |
|    approx_kl            | 0.011489318 |
|    clip_fraction        | 0.152       |
|    clip_range           | 0.2         |
|    entropy_loss         | -8.44       |
|    explained_variance   | 0.674       |
|    learning_rate        | 0.000227    |
|    loss                 | 0.174       |
|    n_updates            | 264         |
|    policy_gradient_loss | 0.00484     |
|    std                  | 0.696       |
|    value_loss           | 0.113       |
-----------------------------------------
Early stopping at step 0 due to reaching max kl: 0.04
-----------------------------------------
| rollout/                |             |
|    ep_len_mean          | 490         |
|    ep_rew_mean          | 756         |
| time/                   |             |
|    fps                  | 2623        |
|    iterations           | 226         |
|    time_elapsed         | 705         |
|    total_timesteps      | 1851392     |
| train/                  |             |
|    approx_kl            | 0.012578282 |
|    clip_fraction        | 0.174       |
|    clip_range           | 0.2         |
|    entropy_loss         | -8.44       |
|    explained_variance   | 0.696       |
|    learning_rate        | 0.000226    |
|    loss                 | 0.0435      |
|    n_updates            | 265         |
|    policy_gradient_loss | 0.00673     |
|    std                  | 0.696       |
|    value_loss           | 0.0758      |
-----------------------------------------
Early stopping at step 0 due to reaching max kl: 0.03
-----------------------------------------
| rollout/                |             |
|    ep_len_mean          | 487         |
|    ep_rew_mean          | 753         |
| time/                   |             |
|    fps                  | 2623        |
|    iterations           | 227         |
|    time_elapsed         | 708         |
|    total_timesteps      | 1859584     |
| train/                  |             |
|    approx_kl            | 0.011214173 |
|    clip_fraction        | 0.165       |
|    clip_range           | 0.2         |
|    entropy_loss         | -8.44       |
|    explained_variance   | 0.592       |
|    learning_rate        | 0.000226    |
|    loss                 | 0.0636      |
|    n_updates            | 266         |
|    policy_gradient_loss | 0.00994     |
|    std                  | 0.695       |
|    value_loss           | 0.0853      |
-----------------------------------------
Early stopping at step 0 due to reaching max kl: 0.03
------------------------------------------
| rollout/                |              |
|    ep_len_mean          | 490          |
|    ep_rew_mean          | 767          |
| time/                   |              |
|    fps                  | 2623         |
|    iterations           | 228          |
|    time_elapsed         | 711          |
|    total_timesteps      | 1867776      |
| train/                  |              |
|    approx_kl            | 0.0135174105 |
|    clip_fraction        | 0.183        |
|    clip_range           | 0.2          |
|    entropy_loss         | -8.42        |
|    explained_variance   | 0.659        |
|    learning_rate        | 0.000226     |
|    loss                 | 0.0293       |
|    n_updates            | 267          |
|    policy_gradient_loss | 0.00708      |
|    std                  | 0.694        |
|    value_loss           | 0.105        |
------------------------------------------
Early stopping at step 0 due to reaching max kl: 0.03
-----------------------------------------
| rollout/                |             |
|    ep_len_mean          | 506         |
|    ep_rew_mean          | 790         |
| time/                   |             |
|    fps                  | 2623        |
|    iterations           | 229         |
|    time_elapsed         | 715         |
|    total_timesteps      | 1875968     |
| train/                  |             |
|    approx_kl            | 0.012145563 |
|    clip_fraction        | 0.167       |
|    clip_range           | 0.2         |
|    entropy_loss         | -8.42       |
|    explained_variance   | 0.661       |
|    learning_rate        | 0.000225    |
|    loss                 | 0.0181      |
|    n_updates            | 268         |
|    policy_gradient_loss | 0.0052      |
|    std                  | 0.693       |
|    value_loss           | 0.102       |
-----------------------------------------
Early stopping at step 0 due to reaching max kl: 0.03
-----------------------------------------
| rollout/                |             |
|    ep_len_mean          | 492         |
|    ep_rew_mean          | 767         |
| time/                   |             |
|    fps                  | 2623        |
|    iterations           | 230         |
|    time_elapsed         | 718         |
|    total_timesteps      | 1884160     |
| train/                  |             |
|    approx_kl            | 0.015215392 |
|    clip_fraction        | 0.186       |
|    clip_range           | 0.2         |
|    entropy_loss         | -8.41       |
|    explained_variance   | 0.692       |
|    learning_rate        | 0.000225    |
|    loss                 | 0.0256      |
|    n_updates            | 269         |
|    policy_gradient_loss | 0.00909     |
|    std                  | 0.692       |
|    value_loss           | 0.0816      |
-----------------------------------------
Early stopping at step 0 due to reaching max kl: 0.03
------------------------------------------
| rollout/                |              |
|    ep_len_mean          | 498          |
|    ep_rew_mean          | 773          |
| time/                   |              |
|    fps                  | 2623         |
|    iterations           | 231          |
|    time_elapsed         | 721          |
|    total_timesteps      | 1892352      |
| train/                  |              |
|    approx_kl            | 0.0122616505 |
|    clip_fraction        | 0.167        |
|    clip_range           | 0.2          |
|    entropy_loss         | -8.4         |
|    explained_variance   | 0.669        |
|    learning_rate        | 0.000225     |
|    loss                 | 0.0261       |
|    n_updates            | 270          |
|    policy_gradient_loss | 0.00779      |
|    std                  | 0.691        |
|    value_loss           | 0.12         |
------------------------------------------
Early stopping at step 0 due to reaching max kl: 0.03
-----------------------------------------
| rollout/                |             |
|    ep_len_mean          | 495         |
|    ep_rew_mean          | 770         |
| time/                   |             |
|    fps                  | 2624        |
|    iterations           | 232         |
|    time_elapsed         | 724         |
|    total_timesteps      | 1900544     |
| train/                  |             |
|    approx_kl            | 0.009371461 |
|    clip_fraction        | 0.122       |
|    clip_range           | 0.2         |
|    entropy_loss         | -8.39       |
|    explained_variance   | 0.736       |
|    learning_rate        | 0.000224    |
|    loss                 | 0.0475      |
|    n_updates            | 271         |
|    policy_gradient_loss | 0.00118     |
|    std                  | 0.691       |
|    value_loss           | 0.0595      |
-----------------------------------------
Early stopping at step 0 due to reaching max kl: 0.03
-----------------------------------------
| rollout/                |             |
|    ep_len_mean          | 486         |
|    ep_rew_mean          | 751         |
| time/                   |             |
|    fps                  | 2624        |
|    iterations           | 233         |
|    time_elapsed         | 727         |
|    total_timesteps      | 1908736     |
| train/                  |             |
|    approx_kl            | 0.011725022 |
|    clip_fraction        | 0.159       |
|    clip_range           | 0.2         |
|    entropy_loss         | -8.39       |
|    explained_variance   | 0.689       |
|    learning_rate        | 0.000224    |
|    loss                 | 0.0315      |
|    n_updates            | 272         |
|    policy_gradient_loss | 0.00765     |
|    std                  | 0.69        |
|    value_loss           | 0.0922      |
-----------------------------------------
Early stopping at step 0 due to reaching max kl: 0.03
-----------------------------------------
| rollout/                |             |
|    ep_len_mean          | 502         |
|    ep_rew_mean          | 765         |
| time/                   |             |
|    fps                  | 2624        |
|    iterations           | 234         |
|    time_elapsed         | 730         |
|    total_timesteps      | 1916928     |
| train/                  |             |
|    approx_kl            | 0.013495095 |
|    clip_fraction        | 0.188       |
|    clip_range           | 0.2         |
|    entropy_loss         | -8.38       |
|    explained_variance   | 0.564       |
|    learning_rate        | 0.000224    |
|    loss                 | 0.106       |
|    n_updates            | 273         |
|    policy_gradient_loss | 0.00711     |
|    std                  | 0.69        |
|    value_loss           | 0.133       |
-----------------------------------------
Early stopping at step 0 due to reaching max kl: 0.03
-----------------------------------------
| rollout/                |             |
|    ep_len_mean          | 460         |
|    ep_rew_mean          | 700         |
| time/                   |             |
|    fps                  | 2624        |
|    iterations           | 235         |
|    time_elapsed         | 733         |
|    total_timesteps      | 1925120     |
| train/                  |             |
|    approx_kl            | 0.013539561 |
|    clip_fraction        | 0.189       |
|    clip_range           | 0.2         |
|    entropy_loss         | -8.37       |
|    explained_variance   | 0.691       |
|    learning_rate        | 0.000223    |
|    loss                 | 0.0722      |
|    n_updates            | 274         |
|    policy_gradient_loss | 0.00672     |
|    std                  | 0.689       |
|    value_loss           | 0.0708      |
-----------------------------------------
Early stopping at step 0 due to reaching max kl: 0.03
------------------------------------------
| rollout/                |              |
|    ep_len_mean          | 467          |
|    ep_rew_mean          | 715          |
| time/                   |              |
|    fps                  | 2625         |
|    iterations           | 236          |
|    time_elapsed         | 736          |
|    total_timesteps      | 1933312      |
| train/                  |              |
|    approx_kl            | 0.0130919535 |
|    clip_fraction        | 0.172        |
|    clip_range           | 0.2          |
|    entropy_loss         | -8.36        |
|    explained_variance   | 0.612        |
|    learning_rate        | 0.000223     |
|    loss                 | 0.0739       |
|    n_updates            | 275          |
|    policy_gradient_loss | 0.00428      |
|    std                  | 0.688        |
|    value_loss           | 0.129        |
------------------------------------------
Early stopping at step 0 due to reaching max kl: 0.03
-----------------------------------------
| rollout/                |             |
|    ep_len_mean          | 470         |
|    ep_rew_mean          | 725         |
| time/                   |             |
|    fps                  | 2625        |
|    iterations           | 237         |
|    time_elapsed         | 739         |
|    total_timesteps      | 1941504     |
| train/                  |             |
|    approx_kl            | 0.012463071 |
|    clip_fraction        | 0.161       |
|    clip_range           | 0.2         |
|    entropy_loss         | -8.35       |
|    explained_variance   | 0.645       |
|    learning_rate        | 0.000223    |
|    loss                 | 0.125       |
|    n_updates            | 276         |
|    policy_gradient_loss | 0.00979     |
|    std                  | 0.687       |
|    value_loss           | 0.102       |
-----------------------------------------
Early stopping at step 0 due to reaching max kl: 0.03
-----------------------------------------
| rollout/                |             |
|    ep_len_mean          | 470         |
|    ep_rew_mean          | 731         |
| time/                   |             |
|    fps                  | 2625        |
|    iterations           | 238         |
|    time_elapsed         | 742         |
|    total_timesteps      | 1949696     |
| train/                  |             |
|    approx_kl            | 0.009632947 |
|    clip_fraction        | 0.133       |
|    clip_range           | 0.2         |
|    entropy_loss         | -8.34       |
|    explained_variance   | 0.578       |
|    learning_rate        | 0.000222    |
|    loss                 | 0.0453      |
|    n_updates            | 277         |
|    policy_gradient_loss | -0.00145    |
|    std                  | 0.686       |
|    value_loss           | 0.0521      |
-----------------------------------------
Early stopping at step 0 due to reaching max kl: 0.03
-----------------------------------------
| rollout/                |             |
|    ep_len_mean          | 484         |
|    ep_rew_mean          | 755         |
| time/                   |             |
|    fps                  | 2625        |
|    iterations           | 239         |
|    time_elapsed         | 745         |
|    total_timesteps      | 1957888     |
| train/                  |             |
|    approx_kl            | 0.012071692 |
|    clip_fraction        | 0.162       |
|    clip_range           | 0.2         |
|    entropy_loss         | -8.33       |
|    explained_variance   | 0.684       |
|    learning_rate        | 0.000222    |
|    loss                 | 0.0394      |
|    n_updates            | 278         |
|    policy_gradient_loss | 0.00342     |
|    std                  | 0.686       |
|    value_loss           | 0.107       |
-----------------------------------------
Early stopping at step 0 due to reaching max kl: 0.03
-----------------------------------------
| rollout/                |             |
|    ep_len_mean          | 477         |
|    ep_rew_mean          | 754         |
| time/                   |             |
|    fps                  | 2625        |
|    iterations           | 240         |
|    time_elapsed         | 748         |
|    total_timesteps      | 1966080     |
| train/                  |             |
|    approx_kl            | 0.013952816 |
|    clip_fraction        | 0.189       |
|    clip_range           | 0.2         |
|    entropy_loss         | -8.33       |
|    explained_variance   | 0.735       |
|    learning_rate        | 0.000222    |
|    loss                 | 0.00874     |
|    n_updates            | 279         |
|    policy_gradient_loss | 0.0042      |
|    std                  | 0.685       |
|    value_loss           | 0.0718      |
-----------------------------------------
Early stopping at step 0 due to reaching max kl: 0.03
-----------------------------------------
| rollout/                |             |
|    ep_len_mean          | 498         |
|    ep_rew_mean          | 787         |
| time/                   |             |
|    fps                  | 2625        |
|    iterations           | 241         |
|    time_elapsed         | 751         |
|    total_timesteps      | 1974272     |
| train/                  |             |
|    approx_kl            | 0.014498079 |
|    clip_fraction        | 0.203       |
|    clip_range           | 0.2         |
|    entropy_loss         | -8.32       |
|    explained_variance   | 0.636       |
|    learning_rate        | 0.000221    |
|    loss                 | 0.139       |
|    n_updates            | 280         |
|    policy_gradient_loss | 0.0111      |
|    std                  | 0.685       |
|    value_loss           | 0.128       |
-----------------------------------------
Early stopping at step 0 due to reaching max kl: 0.04
-----------------------------------------
| rollout/                |             |
|    ep_len_mean          | 500         |
|    ep_rew_mean          | 799         |
| time/                   |             |
|    fps                  | 2626        |
|    iterations           | 242         |
|    time_elapsed         | 754         |
|    total_timesteps      | 1982464     |
| train/                  |             |
|    approx_kl            | 0.012405727 |
|    clip_fraction        | 0.172       |
|    clip_range           | 0.2         |
|    entropy_loss         | -8.31       |
|    explained_variance   | 0.678       |
|    learning_rate        | 0.000221    |
|    loss                 | 0.118       |
|    n_updates            | 281         |
|    policy_gradient_loss | 0.0064      |
|    std                  | 0.684       |
|    value_loss           | 0.0964      |
-----------------------------------------
Early stopping at step 0 due to reaching max kl: 0.04
-----------------------------------------
| rollout/                |             |
|    ep_len_mean          | 490         |
|    ep_rew_mean          | 773         |
| time/                   |             |
|    fps                  | 2625        |
|    iterations           | 243         |
|    time_elapsed         | 758         |
|    total_timesteps      | 1990656     |
| train/                  |             |
|    approx_kl            | 0.013516262 |
|    clip_fraction        | 0.183       |
|    clip_range           | 0.2         |
|    entropy_loss         | -8.3        |
|    explained_variance   | 0.703       |
|    learning_rate        | 0.000221    |
|    loss                 | 0.304       |
|    n_updates            | 282         |
|    policy_gradient_loss | 0.0111      |
|    std                  | 0.683       |
|    value_loss           | 0.0977      |
-----------------------------------------
Early stopping at step 0 due to reaching max kl: 0.03
------------------------------------------
| rollout/                |              |
|    ep_len_mean          | 495          |
|    ep_rew_mean          | 789          |
| time/                   |              |
|    fps                  | 2626         |
|    iterations           | 244          |
|    time_elapsed         | 761          |
|    total_timesteps      | 1998848      |
| train/                  |              |
|    approx_kl            | 0.0136658065 |
|    clip_fraction        | 0.19         |
|    clip_range           | 0.2          |
|    entropy_loss         | -8.3         |
|    explained_variance   | 0.688        |
|    learning_rate        | 0.00022      |
|    loss                 | 0.0314       |
|    n_updates            | 283          |
|    policy_gradient_loss | 0.00424      |
|    std                  | 0.683        |
|    value_loss           | 0.0627       |
------------------------------------------
Early stopping at step 0 due to reaching max kl: 0.03
-----------------------------------------
| rollout/                |             |
|    ep_len_mean          | 508         |
|    ep_rew_mean          | 810         |
| time/                   |             |
|    fps                  | 2626        |
|    iterations           | 245         |
|    time_elapsed         | 764         |
|    total_timesteps      | 2007040     |
| train/                  |             |
|    approx_kl            | 0.012053714 |
|    clip_fraction        | 0.176       |
|    clip_range           | 0.2         |
|    entropy_loss         | -8.29       |
|    explained_variance   | 0.658       |
|    learning_rate        | 0.00022     |
|    loss                 | 0.118       |
|    n_updates            | 284         |
|    policy_gradient_loss | 0.00309     |
|    std                  | 0.682       |
|    value_loss           | 0.0961      |
-----------------------------------------
Early stopping at step 0 due to reaching max kl: 0.03
-----------------------------------------
| rollout/                |             |
|    ep_len_mean          | 519         |
|    ep_rew_mean          | 835         |
| time/                   |             |
|    fps                  | 2626        |
|    iterations           | 246         |
|    time_elapsed         | 767         |
|    total_timesteps      | 2015232     |
| train/                  |             |
|    approx_kl            | 0.014734335 |
|    clip_fraction        | 0.199       |
|    clip_range           | 0.2         |
|    entropy_loss         | -8.28       |
|    explained_variance   | 0.622       |
|    learning_rate        | 0.00022     |
|    loss                 | 0.0972      |
|    n_updates            | 285         |
|    policy_gradient_loss | 0.00859     |
|    std                  | 0.681       |
|    value_loss           | 0.0945      |
-----------------------------------------
Early stopping at step 1 due to reaching max kl: 0.04
----------------------------------------
| rollout/                |            |
|    ep_len_mean          | 569        |
|    ep_rew_mean          | 921        |
| time/                   |            |
|    fps                  | 2625       |
|    iterations           | 247        |
|    time_elapsed         | 770        |
|    total_timesteps      | 2023424    |
| train/                  |            |
|    approx_kl            | 0.02436182 |
|    clip_fraction        | 0.207      |
|    clip_range           | 0.2        |
|    entropy_loss         | -8.26      |
|    explained_variance   | 0.663      |
|    learning_rate        | 0.000219   |
|    loss                 | 0.0111     |
|    n_updates            | 287        |
|    policy_gradient_loss | 0.00967    |
|    std                  | 0.679      |
|    value_loss           | 0.0636     |
----------------------------------------
Early stopping at step 1 due to reaching max kl: 0.04
----------------------------------------
| rollout/                |            |
|    ep_len_mean          | 569        |
|    ep_rew_mean          | 930        |
| time/                   |            |
|    fps                  | 2625       |
|    iterations           | 248        |
|    time_elapsed         | 773        |
|    total_timesteps      | 2031616    |
| train/                  |            |
|    approx_kl            | 0.02168835 |
|    clip_fraction        | 0.224      |
|    clip_range           | 0.2        |
|    entropy_loss         | -8.24      |
|    explained_variance   | 0.653      |
|    learning_rate        | 0.000219   |
|    loss                 | 0.00201    |
|    n_updates            | 289        |
|    policy_gradient_loss | 0.00596    |
|    std                  | 0.678      |
|    value_loss           | 0.0524     |
----------------------------------------
Early stopping at step 0 due to reaching max kl: 0.04
---------------------------------------
| rollout/                |           |
|    ep_len_mean          | 575       |
|    ep_rew_mean          | 931       |
| time/                   |           |
|    fps                  | 2625      |
|    iterations           | 249       |
|    time_elapsed         | 776       |
|    total_timesteps      | 2039808   |
| train/                  |           |
|    approx_kl            | 0.0146499 |
|    clip_fraction        | 0.197     |
|    clip_range           | 0.2       |
|    entropy_loss         | -8.23     |
|    explained_variance   | 0.504     |
|    learning_rate        | 0.000219  |
|    loss                 | 0.0639    |
|    n_updates            | 290       |
|    policy_gradient_loss | 0.00935   |
|    std                  | 0.677     |
|    value_loss           | 0.0962    |
---------------------------------------
Early stopping at step 0 due to reaching max kl: 0.03
-----------------------------------------
| rollout/                |             |
|    ep_len_mean          | 582         |
|    ep_rew_mean          | 952         |
| time/                   |             |
|    fps                  | 2625        |
|    iterations           | 250         |
|    time_elapsed         | 780         |
|    total_timesteps      | 2048000     |
| train/                  |             |
|    approx_kl            | 0.011118635 |
|    clip_fraction        | 0.151       |
|    clip_range           | 0.2         |
|    entropy_loss         | -8.22       |
|    explained_variance   | 0.539       |
|    learning_rate        | 0.000218    |
|    loss                 | 0.047       |
|    n_updates            | 291         |
|    policy_gradient_loss | 0.00474     |
|    std                  | 0.676       |
|    value_loss           | 0.108       |
-----------------------------------------
Early stopping at step 0 due to reaching max kl: 0.03
-----------------------------------------
| rollout/                |             |
|    ep_len_mean          | 592         |
|    ep_rew_mean          | 961         |
| time/                   |             |
|    fps                  | 2625        |
|    iterations           | 251         |
|    time_elapsed         | 783         |
|    total_timesteps      | 2056192     |
| train/                  |             |
|    approx_kl            | 0.014101135 |
|    clip_fraction        | 0.186       |
|    clip_range           | 0.2         |
|    entropy_loss         | -8.21       |
|    explained_variance   | 0.688       |
|    learning_rate        | 0.000218    |
|    loss                 | 0.0182      |
|    n_updates            | 292         |
|    policy_gradient_loss | 0.009       |
|    std                  | 0.676       |
|    value_loss           | 0.066       |
-----------------------------------------
Early stopping at step 0 due to reaching max kl: 0.04
-----------------------------------------
| rollout/                |             |
|    ep_len_mean          | 611         |
|    ep_rew_mean          | 997         |
| time/                   |             |
|    fps                  | 2625        |
|    iterations           | 252         |
|    time_elapsed         | 786         |
|    total_timesteps      | 2064384     |
| train/                  |             |
|    approx_kl            | 0.013263223 |
|    clip_fraction        | 0.177       |
|    clip_range           | 0.2         |
|    entropy_loss         | -8.21       |
|    explained_variance   | 0.557       |
|    learning_rate        | 0.000218    |
|    loss                 | 0.0174      |
|    n_updates            | 293         |
|    policy_gradient_loss | 0.00733     |
|    std                  | 0.676       |
|    value_loss           | 0.118       |
-----------------------------------------
Early stopping at step 0 due to reaching max kl: 0.04
-----------------------------------------
| rollout/                |             |
|    ep_len_mean          | 627         |
|    ep_rew_mean          | 1.01e+03    |
| time/                   |             |
|    fps                  | 2625        |
|    iterations           | 253         |
|    time_elapsed         | 789         |
|    total_timesteps      | 2072576     |
| train/                  |             |
|    approx_kl            | 0.013220215 |
|    clip_fraction        | 0.191       |
|    clip_range           | 0.2         |
|    entropy_loss         | -8.2        |
|    explained_variance   | 0.714       |
|    learning_rate        | 0.000217    |
|    loss                 | 0.0598      |
|    n_updates            | 294         |
|    policy_gradient_loss | 0.0094      |
|    std                  | 0.674       |
|    value_loss           | 0.0491      |
-----------------------------------------
Early stopping at step 0 due to reaching max kl: 0.03
-----------------------------------------
| rollout/                |             |
|    ep_len_mean          | 618         |
|    ep_rew_mean          | 997         |
| time/                   |             |
|    fps                  | 2625        |
|    iterations           | 254         |
|    time_elapsed         | 792         |
|    total_timesteps      | 2080768     |
| train/                  |             |
|    approx_kl            | 0.015599268 |
|    clip_fraction        | 0.214       |
|    clip_range           | 0.2         |
|    entropy_loss         | -8.18       |
|    explained_variance   | 0.59        |
|    learning_rate        | 0.000217    |
|    loss                 | 0.0981      |
|    n_updates            | 295         |
|    policy_gradient_loss | 0.00583     |
|    std                  | 0.673       |
|    value_loss           | 0.0671      |
-----------------------------------------
Early stopping at step 0 due to reaching max kl: 0.03
-----------------------------------------
| rollout/                |             |
|    ep_len_mean          | 591         |
|    ep_rew_mean          | 950         |
| time/                   |             |
|    fps                  | 2625        |
|    iterations           | 255         |
|    time_elapsed         | 795         |
|    total_timesteps      | 2088960     |
| train/                  |             |
|    approx_kl            | 0.013302058 |
|    clip_fraction        | 0.172       |
|    clip_range           | 0.2         |
|    entropy_loss         | -8.18       |
|    explained_variance   | 0.56        |
|    learning_rate        | 0.000217    |
|    loss                 | 0.0129      |
|    n_updates            | 296         |
|    policy_gradient_loss | 0.00797     |
|    std                  | 0.673       |
|    value_loss           | 0.0773      |
-----------------------------------------
Early stopping at step 0 due to reaching max kl: 0.03
-----------------------------------------
| rollout/                |             |
|    ep_len_mean          | 613         |
|    ep_rew_mean          | 987         |
| time/                   |             |
|    fps                  | 2625        |
|    iterations           | 256         |
|    time_elapsed         | 798         |
|    total_timesteps      | 2097152     |
| train/                  |             |
|    approx_kl            | 0.012158717 |
|    clip_fraction        | 0.158       |
|    clip_range           | 0.2         |
|    entropy_loss         | -8.17       |
|    explained_variance   | 0.585       |
|    learning_rate        | 0.000216    |
|    loss                 | 0.0776      |
|    n_updates            | 297         |
|    policy_gradient_loss | 0.0058      |
|    std                  | 0.672       |
|    value_loss           | 0.103       |
-----------------------------------------
Early stopping at step 0 due to reaching max kl: 0.03
----------------------------------------
| rollout/                |            |
|    ep_len_mean          | 598        |
|    ep_rew_mean          | 963        |
| time/                   |            |
|    fps                  | 2625       |
|    iterations           | 257        |
|    time_elapsed         | 801        |
|    total_timesteps      | 2105344    |
| train/                  |            |
|    approx_kl            | 0.01383876 |
|    clip_fraction        | 0.191      |
|    clip_range           | 0.2        |
|    entropy_loss         | -8.16      |
|    explained_variance   | 0.665      |
|    learning_rate        | 0.000216   |
|    loss                 | 0.0645     |
|    n_updates            | 298        |
|    policy_gradient_loss | 0.00667    |
|    std                  | 0.671      |
|    value_loss           | 0.0495     |
----------------------------------------
Early stopping at step 0 due to reaching max kl: 0.03
-----------------------------------------
| rollout/                |             |
|    ep_len_mean          | 628         |
|    ep_rew_mean          | 1.01e+03    |
| time/                   |             |
|    fps                  | 2625        |
|    iterations           | 258         |
|    time_elapsed         | 804         |
|    total_timesteps      | 2113536     |
| train/                  |             |
|    approx_kl            | 0.012228574 |
|    clip_fraction        | 0.161       |
|    clip_range           | 0.2         |
|    entropy_loss         | -8.15       |
|    explained_variance   | 0.55        |
|    learning_rate        | 0.000216    |
|    loss                 | 0.0336      |
|    n_updates            | 299         |
|    policy_gradient_loss | 0.00375     |
|    std                  | 0.67        |
|    value_loss           | 0.112       |
-----------------------------------------
Early stopping at step 0 due to reaching max kl: 0.03
--------------------------------------
| rollout/                |          |
|    ep_len_mean          | 626      |
|    ep_rew_mean          | 1e+03    |
| time/                   |          |
|    fps                  | 2625     |
|    iterations           | 259      |
|    time_elapsed         | 808      |
|    total_timesteps      | 2121728  |
| train/                  |          |
|    approx_kl            | 0.013634 |
|    clip_fraction        | 0.185    |
|    clip_range           | 0.2      |
|    entropy_loss         | -8.14    |
|    explained_variance   | 0.728    |
|    learning_rate        | 0.000215 |
|    loss                 | 0.118    |
|    n_updates            | 300      |
|    policy_gradient_loss | 0.00562  |
|    std                  | 0.669    |
|    value_loss           | 0.042    |
--------------------------------------
Early stopping at step 0 due to reaching max kl: 0.03
-----------------------------------------
| rollout/                |             |
|    ep_len_mean          | 569         |
|    ep_rew_mean          | 921         |
| time/                   |             |
|    fps                  | 2625        |
|    iterations           | 260         |
|    time_elapsed         | 811         |
|    total_timesteps      | 2129920     |
| train/                  |             |
|    approx_kl            | 0.013079758 |
|    clip_fraction        | 0.175       |
|    clip_range           | 0.2         |
|    entropy_loss         | -8.13       |
|    explained_variance   | 0.528       |
|    learning_rate        | 0.000215    |
|    loss                 | 0.102       |
|    n_updates            | 301         |
|    policy_gradient_loss | 0.00768     |
|    std                  | 0.669       |
|    value_loss           | 0.114       |
-----------------------------------------
Early stopping at step 0 due to reaching max kl: 0.04
-----------------------------------------
| rollout/                |             |
|    ep_len_mean          | 557         |
|    ep_rew_mean          | 898         |
| time/                   |             |
|    fps                  | 2626        |
|    iterations           | 261         |
|    time_elapsed         | 814         |
|    total_timesteps      | 2138112     |
| train/                  |             |
|    approx_kl            | 0.014006719 |
|    clip_fraction        | 0.186       |
|    clip_range           | 0.2         |
|    entropy_loss         | -8.12       |
|    explained_variance   | 0.476       |
|    learning_rate        | 0.000215    |
|    loss                 | 0.114       |
|    n_updates            | 302         |
|    policy_gradient_loss | 0.00613     |
|    std                  | 0.668       |
|    value_loss           | 0.156       |
-----------------------------------------
Early stopping at step 0 due to reaching max kl: 0.03
----------------------------------------
| rollout/                |            |
|    ep_len_mean          | 580        |
|    ep_rew_mean          | 932        |
| time/                   |            |
|    fps                  | 2626       |
|    iterations           | 262        |
|    time_elapsed         | 817        |
|    total_timesteps      | 2146304    |
| train/                  |            |
|    approx_kl            | 0.01308747 |
|    clip_fraction        | 0.18       |
|    clip_range           | 0.2        |
|    entropy_loss         | -8.11      |
|    explained_variance   | 0.536      |
|    learning_rate        | 0.000214   |
|    loss                 | 0.0619     |
|    n_updates            | 303        |
|    policy_gradient_loss | 0.00889    |
|    std                  | 0.667      |
|    value_loss           | 0.1        |
----------------------------------------
Early stopping at step 0 due to reaching max kl: 0.04
-----------------------------------------
| rollout/                |             |
|    ep_len_mean          | 531         |
|    ep_rew_mean          | 852         |
| time/                   |             |
|    fps                  | 2625        |
|    iterations           | 263         |
|    time_elapsed         | 820         |
|    total_timesteps      | 2154496     |
| train/                  |             |
|    approx_kl            | 0.016427565 |
|    clip_fraction        | 0.231       |
|    clip_range           | 0.2         |
|    entropy_loss         | -8.09       |
|    explained_variance   | 0.666       |
|    learning_rate        | 0.000214    |
|    loss                 | -0.0028     |
|    n_updates            | 304         |
|    policy_gradient_loss | 0.00771     |
|    std                  | 0.665       |
|    value_loss           | 0.0449      |
-----------------------------------------
Early stopping at step 0 due to reaching max kl: 0.04
-----------------------------------------
| rollout/                |             |
|    ep_len_mean          | 507         |
|    ep_rew_mean          | 812         |
| time/                   |             |
|    fps                  | 2626        |
|    iterations           | 264         |
|    time_elapsed         | 823         |
|    total_timesteps      | 2162688     |
| train/                  |             |
|    approx_kl            | 0.008037607 |
|    clip_fraction        | 0.0951      |
|    clip_range           | 0.2         |
|    entropy_loss         | -8.08       |
|    explained_variance   | 0.509       |
|    learning_rate        | 0.000214    |
|    loss                 | 0.0625      |
|    n_updates            | 305         |
|    policy_gradient_loss | 0.00197     |
|    std                  | 0.665       |
|    value_loss           | 0.142       |
-----------------------------------------
Early stopping at step 0 due to reaching max kl: 0.04
------------------------------------------
| rollout/                |              |
|    ep_len_mean          | 504          |
|    ep_rew_mean          | 819          |
| time/                   |              |
|    fps                  | 2626         |
|    iterations           | 265          |
|    time_elapsed         | 826          |
|    total_timesteps      | 2170880      |
| train/                  |              |
|    approx_kl            | 0.0139759835 |
|    clip_fraction        | 0.189        |
|    clip_range           | 0.2          |
|    entropy_loss         | -8.08        |
|    explained_variance   | 0.583        |
|    learning_rate        | 0.000213     |
|    loss                 | 0.0431       |
|    n_updates            | 306          |
|    policy_gradient_loss | 0.00858      |
|    std                  | 0.664        |
|    value_loss           | 0.104        |
------------------------------------------
Early stopping at step 0 due to reaching max kl: 0.03
----------------------------------------
| rollout/                |            |
|    ep_len_mean          | 498        |
|    ep_rew_mean          | 815        |
| time/                   |            |
|    fps                  | 2626       |
|    iterations           | 266        |
|    time_elapsed         | 829        |
|    total_timesteps      | 2179072    |
| train/                  |            |
|    approx_kl            | 0.01423555 |
|    clip_fraction        | 0.191      |
|    clip_range           | 0.2        |
|    entropy_loss         | -8.07      |
|    explained_variance   | 0.595      |
|    learning_rate        | 0.000213   |
|    loss                 | 0.0317     |
|    n_updates            | 307        |
|    policy_gradient_loss | 0.00664    |
|    std                  | 0.664      |
|    value_loss           | 0.0776     |
----------------------------------------
Early stopping at step 0 due to reaching max kl: 0.04
-----------------------------------------
| rollout/                |             |
|    ep_len_mean          | 544         |
|    ep_rew_mean          | 892         |
| time/                   |             |
|    fps                  | 2626        |
|    iterations           | 267         |
|    time_elapsed         | 832         |
|    total_timesteps      | 2187264     |
| train/                  |             |
|    approx_kl            | 0.015508671 |
|    clip_fraction        | 0.205       |
|    clip_range           | 0.2         |
|    entropy_loss         | -8.06       |
|    explained_variance   | 0.536       |
|    learning_rate        | 0.000213    |
|    loss                 | 0.105       |
|    n_updates            | 308         |
|    policy_gradient_loss | 0.00642     |
|    std                  | 0.663       |
|    value_loss           | 0.145       |
-----------------------------------------
Early stopping at step 1 due to reaching max kl: 0.03
-----------------------------------------
| rollout/                |             |
|    ep_len_mean          | 539         |
|    ep_rew_mean          | 900         |
| time/                   |             |
|    fps                  | 2625        |
|    iterations           | 268         |
|    time_elapsed         | 836         |
|    total_timesteps      | 2195456     |
| train/                  |             |
|    approx_kl            | 0.028325161 |
|    clip_fraction        | 0.223       |
|    clip_range           | 0.2         |
|    entropy_loss         | -8.05       |
|    explained_variance   | 0.56        |
|    learning_rate        | 0.000213    |
|    loss                 | 0.0348      |
|    n_updates            | 310         |
|    policy_gradient_loss | 0.00693     |
|    std                  | 0.662       |
|    value_loss           | 0.0599      |
-----------------------------------------
Early stopping at step 0 due to reaching max kl: 0.04
----------------------------------------
| rollout/                |            |
|    ep_len_mean          | 550        |
|    ep_rew_mean          | 929        |
| time/                   |            |
|    fps                  | 2625       |
|    iterations           | 269        |
|    time_elapsed         | 839        |
|    total_timesteps      | 2203648    |
| train/                  |            |
|    approx_kl            | 0.01381723 |
|    clip_fraction        | 0.186      |
|    clip_range           | 0.2        |
|    entropy_loss         | -8.04      |
|    explained_variance   | 0.597      |
|    learning_rate        | 0.000212   |
|    loss                 | 0.0367     |
|    n_updates            | 311        |
|    policy_gradient_loss | 0.00731    |
|    std                  | 0.661      |
|    value_loss           | 0.0663     |
----------------------------------------
Early stopping at step 0 due to reaching max kl: 0.03
-----------------------------------------
| rollout/                |             |
|    ep_len_mean          | 570         |
|    ep_rew_mean          | 974         |
| time/                   |             |
|    fps                  | 2626        |
|    iterations           | 270         |
|    time_elapsed         | 842         |
|    total_timesteps      | 2211840     |
| train/                  |             |
|    approx_kl            | 0.012803322 |
|    clip_fraction        | 0.185       |
|    clip_range           | 0.2         |
|    entropy_loss         | -8.03       |
|    explained_variance   | 0.634       |
|    learning_rate        | 0.000212    |
|    loss                 | 0.0542      |
|    n_updates            | 312         |
|    policy_gradient_loss | 0.0071      |
|    std                  | 0.66        |
|    value_loss           | 0.0863      |
-----------------------------------------
Early stopping at step 1 due to reaching max kl: 0.03
-----------------------------------------
| rollout/                |             |
|    ep_len_mean          | 576         |
|    ep_rew_mean          | 984         |
| time/                   |             |
|    fps                  | 2625        |
|    iterations           | 271         |
|    time_elapsed         | 845         |
|    total_timesteps      | 2220032     |
| train/                  |             |
|    approx_kl            | 0.023797343 |
|    clip_fraction        | 0.222       |
|    clip_range           | 0.2         |
|    entropy_loss         | -8.01       |
|    explained_variance   | 0.596       |
|    learning_rate        | 0.000212    |
|    loss                 | 0.0926      |
|    n_updates            | 314         |
|    policy_gradient_loss | 0.00644     |
|    std                  | 0.658       |
|    value_loss           | 0.0941      |
-----------------------------------------
Early stopping at step 0 due to reaching max kl: 0.03
-----------------------------------------
| rollout/                |             |
|    ep_len_mean          | 561         |
|    ep_rew_mean          | 950         |
| time/                   |             |
|    fps                  | 2625        |
|    iterations           | 272         |
|    time_elapsed         | 848         |
|    total_timesteps      | 2228224     |
| train/                  |             |
|    approx_kl            | 0.013434696 |
|    clip_fraction        | 0.177       |
|    clip_range           | 0.2         |
|    entropy_loss         | -8          |
|    explained_variance   | 0.568       |
|    learning_rate        | 0.000211    |
|    loss                 | 0.0901      |
|    n_updates            | 315         |
|    policy_gradient_loss | 0.00551     |
|    std                  | 0.658       |
|    value_loss           | 0.132       |
-----------------------------------------
Early stopping at step 0 due to reaching max kl: 0.03
-----------------------------------------
| rollout/                |             |
|    ep_len_mean          | 572         |
|    ep_rew_mean          | 969         |
| time/                   |             |
|    fps                  | 2625        |
|    iterations           | 273         |
|    time_elapsed         | 851         |
|    total_timesteps      | 2236416     |
| train/                  |             |
|    approx_kl            | 0.014104337 |
|    clip_fraction        | 0.19        |
|    clip_range           | 0.2         |
|    entropy_loss         | -7.99       |
|    explained_variance   | 0.549       |
|    learning_rate        | 0.000211    |
|    loss                 | 0.0637      |
|    n_updates            | 316         |
|    policy_gradient_loss | 0.00904     |
|    std                  | 0.658       |
|    value_loss           | 0.129       |
-----------------------------------------
Early stopping at step 0 due to reaching max kl: 0.03
-----------------------------------------
| rollout/                |             |
|    ep_len_mean          | 543         |
|    ep_rew_mean          | 918         |
| time/                   |             |
|    fps                  | 2626        |
|    iterations           | 274         |
|    time_elapsed         | 854         |
|    total_timesteps      | 2244608     |
| train/                  |             |
|    approx_kl            | 0.011209718 |
|    clip_fraction        | 0.15        |
|    clip_range           | 0.2         |
|    entropy_loss         | -7.99       |
|    explained_variance   | 0.657       |
|    learning_rate        | 0.000211    |
|    loss                 | 0.0601      |
|    n_updates            | 317         |
|    policy_gradient_loss | 0.00292     |
|    std                  | 0.657       |
|    value_loss           | 0.0904      |
-----------------------------------------
Early stopping at step 0 due to reaching max kl: 0.03
-----------------------------------------
| rollout/                |             |
|    ep_len_mean          | 485         |
|    ep_rew_mean          | 813         |
| time/                   |             |
|    fps                  | 2626        |
|    iterations           | 275         |
|    time_elapsed         | 857         |
|    total_timesteps      | 2252800     |
| train/                  |             |
|    approx_kl            | 0.012076889 |
|    clip_fraction        | 0.166       |
|    clip_range           | 0.2         |
|    entropy_loss         | -7.98       |
|    explained_variance   | 0.656       |
|    learning_rate        | 0.00021     |
|    loss                 | 0.0752      |
|    n_updates            | 318         |
|    policy_gradient_loss | 0.00273     |
|    std                  | 0.656       |
|    value_loss           | 0.0926      |
-----------------------------------------
Early stopping at step 0 due to reaching max kl: 0.03
-----------------------------------------
| rollout/                |             |
|    ep_len_mean          | 482         |
|    ep_rew_mean          | 801         |
| time/                   |             |
|    fps                  | 2626        |
|    iterations           | 276         |
|    time_elapsed         | 860         |
|    total_timesteps      | 2260992     |
| train/                  |             |
|    approx_kl            | 0.013970069 |
|    clip_fraction        | 0.186       |
|    clip_range           | 0.2         |
|    entropy_loss         | -7.97       |
|    explained_variance   | 0.488       |
|    learning_rate        | 0.00021     |
|    loss                 | 0.159       |
|    n_updates            | 319         |
|    policy_gradient_loss | 0.00822     |
|    std                  | 0.656       |
|    value_loss           | 0.168       |
-----------------------------------------
Early stopping at step 0 due to reaching max kl: 0.03
-----------------------------------------
| rollout/                |             |
|    ep_len_mean          | 518         |
|    ep_rew_mean          | 869         |
| time/                   |             |
|    fps                  | 2626        |
|    iterations           | 277         |
|    time_elapsed         | 864         |
|    total_timesteps      | 2269184     |
| train/                  |             |
|    approx_kl            | 0.015473446 |
|    clip_fraction        | 0.213       |
|    clip_range           | 0.2         |
|    entropy_loss         | -7.97       |
|    explained_variance   | 0.676       |
|    learning_rate        | 0.00021     |
|    loss                 | 0.0325      |
|    n_updates            | 320         |
|    policy_gradient_loss | 0.00923     |
|    std                  | 0.655       |
|    value_loss           | 0.0783      |
-----------------------------------------
Early stopping at step 0 due to reaching max kl: 0.04
-----------------------------------------
| rollout/                |             |
|    ep_len_mean          | 525         |
|    ep_rew_mean          | 885         |
| time/                   |             |
|    fps                  | 2626        |
|    iterations           | 278         |
|    time_elapsed         | 867         |
|    total_timesteps      | 2277376     |
| train/                  |             |
|    approx_kl            | 0.011902378 |
|    clip_fraction        | 0.171       |
|    clip_range           | 0.2         |
|    entropy_loss         | -7.95       |
|    explained_variance   | 0.767       |
|    learning_rate        | 0.000209    |
|    loss                 | -0.0212     |
|    n_updates            | 321         |
|    policy_gradient_loss | 0.00632     |
|    std                  | 0.654       |
|    value_loss           | 0.0515      |
-----------------------------------------
Early stopping at step 0 due to reaching max kl: 0.03
-----------------------------------------
| rollout/                |             |
|    ep_len_mean          | 525         |
|    ep_rew_mean          | 889         |
| time/                   |             |
|    fps                  | 2626        |
|    iterations           | 279         |
|    time_elapsed         | 870         |
|    total_timesteps      | 2285568     |
| train/                  |             |
|    approx_kl            | 0.013588843 |
|    clip_fraction        | 0.182       |
|    clip_range           | 0.2         |
|    entropy_loss         | -7.95       |
|    explained_variance   | 0.539       |
|    learning_rate        | 0.000209    |
|    loss                 | 0.1         |
|    n_updates            | 322         |
|    policy_gradient_loss | 0.00692     |
|    std                  | 0.654       |
|    value_loss           | 0.141       |
-----------------------------------------
Early stopping at step 0 due to reaching max kl: 0.03
------------------------------------------
| rollout/                |              |
|    ep_len_mean          | 528          |
|    ep_rew_mean          | 896          |
| time/                   |              |
|    fps                  | 2626         |
|    iterations           | 280          |
|    time_elapsed         | 873          |
|    total_timesteps      | 2293760      |
| train/                  |              |
|    approx_kl            | 0.0074470034 |
|    clip_fraction        | 0.0875       |
|    clip_range           | 0.2          |
|    entropy_loss         | -7.94        |
|    explained_variance   | 0.77         |
|    learning_rate        | 0.000209     |
|    loss                 | 0.0924       |
|    n_updates            | 323          |
|    policy_gradient_loss | 0.00258      |
|    std                  | 0.653        |
|    value_loss           | 0.0454       |
------------------------------------------
Early stopping at step 0 due to reaching max kl: 0.04
-----------------------------------------
| rollout/                |             |
|    ep_len_mean          | 556         |
|    ep_rew_mean          | 947         |
| time/                   |             |
|    fps                  | 2626        |
|    iterations           | 281         |
|    time_elapsed         | 876         |
|    total_timesteps      | 2301952     |
| train/                  |             |
|    approx_kl            | 0.012535445 |
|    clip_fraction        | 0.17        |
|    clip_range           | 0.2         |
|    entropy_loss         | -7.93       |
|    explained_variance   | 0.612       |
|    learning_rate        | 0.000208    |
|    loss                 | 0.0305      |
|    n_updates            | 324         |
|    policy_gradient_loss | 0.00441     |
|    std                  | 0.652       |
|    value_loss           | 0.0853      |
-----------------------------------------
Early stopping at step 0 due to reaching max kl: 0.03
-----------------------------------------
| rollout/                |             |
|    ep_len_mean          | 567         |
|    ep_rew_mean          | 959         |
| time/                   |             |
|    fps                  | 2626        |
|    iterations           | 282         |
|    time_elapsed         | 879         |
|    total_timesteps      | 2310144     |
| train/                  |             |
|    approx_kl            | 0.014020756 |
|    clip_fraction        | 0.204       |
|    clip_range           | 0.2         |
|    entropy_loss         | -7.91       |
|    explained_variance   | 0.599       |
|    learning_rate        | 0.000208    |
|    loss                 | 0.0408      |
|    n_updates            | 325         |
|    policy_gradient_loss | 0.00561     |
|    std                  | 0.651       |
|    value_loss           | 0.0947      |
-----------------------------------------
Early stopping at step 0 due to reaching max kl: 0.03
-----------------------------------------
| rollout/                |             |
|    ep_len_mean          | 577         |
|    ep_rew_mean          | 979         |
| time/                   |             |
|    fps                  | 2626        |
|    iterations           | 283         |
|    time_elapsed         | 882         |
|    total_timesteps      | 2318336     |
| train/                  |             |
|    approx_kl            | 0.014781027 |
|    clip_fraction        | 0.215       |
|    clip_range           | 0.2         |
|    entropy_loss         | -7.91       |
|    explained_variance   | 0.464       |
|    learning_rate        | 0.000208    |
|    loss                 | 0.0914      |
|    n_updates            | 326         |
|    policy_gradient_loss | 0.00681     |
|    std                  | 0.651       |
|    value_loss           | 0.156       |
-----------------------------------------
Early stopping at step 0 due to reaching max kl: 0.03
------------------------------------------
| rollout/                |              |
|    ep_len_mean          | 562          |
|    ep_rew_mean          | 953          |
| time/                   |              |
|    fps                  | 2626         |
|    iterations           | 284          |
|    time_elapsed         | 885          |
|    total_timesteps      | 2326528      |
| train/                  |              |
|    approx_kl            | 0.0140540665 |
|    clip_fraction        | 0.192        |
|    clip_range           | 0.2          |
|    entropy_loss         | -7.91        |
|    explained_variance   | 0.579        |
|    learning_rate        | 0.000207     |
|    loss                 | 0.213        |
|    n_updates            | 327          |
|    policy_gradient_loss | 0.00614      |
|    std                  | 0.65         |
|    value_loss           | 0.101        |
------------------------------------------
Early stopping at step 0 due to reaching max kl: 0.03
-----------------------------------------
| rollout/                |             |
|    ep_len_mean          | 568         |
|    ep_rew_mean          | 963         |
| time/                   |             |
|    fps                  | 2626        |
|    iterations           | 285         |
|    time_elapsed         | 888         |
|    total_timesteps      | 2334720     |
| train/                  |             |
|    approx_kl            | 0.012130814 |
|    clip_fraction        | 0.159       |
|    clip_range           | 0.2         |
|    entropy_loss         | -7.9        |
|    explained_variance   | 0.611       |
|    learning_rate        | 0.000207    |
|    loss                 | 0.0916      |
|    n_updates            | 328         |
|    policy_gradient_loss | 0.00585     |
|    std                  | 0.65        |
|    value_loss           | 0.104       |
-----------------------------------------
Early stopping at step 0 due to reaching max kl: 0.03
-----------------------------------------
| rollout/                |             |
|    ep_len_mean          | 541         |
|    ep_rew_mean          | 916         |
| time/                   |             |
|    fps                  | 2627        |
|    iterations           | 286         |
|    time_elapsed         | 891         |
|    total_timesteps      | 2342912     |
| train/                  |             |
|    approx_kl            | 0.008047114 |
|    clip_fraction        | 0.0992      |
|    clip_range           | 0.2         |
|    entropy_loss         | -7.9        |
|    explained_variance   | 0.548       |
|    learning_rate        | 0.000207    |
|    loss                 | 0.00689     |
|    n_updates            | 329         |
|    policy_gradient_loss | 0.0037      |
|    std                  | 0.649       |
|    value_loss           | 0.123       |
-----------------------------------------
Early stopping at step 0 due to reaching max kl: 0.03
-----------------------------------------
| rollout/                |             |
|    ep_len_mean          | 526         |
|    ep_rew_mean          | 892         |
| time/                   |             |
|    fps                  | 2627        |
|    iterations           | 287         |
|    time_elapsed         | 894         |
|    total_timesteps      | 2351104     |
| train/                  |             |
|    approx_kl            | 0.012944075 |
|    clip_fraction        | 0.177       |
|    clip_range           | 0.2         |
|    entropy_loss         | -7.88       |
|    explained_variance   | 0.564       |
|    learning_rate        | 0.000206    |
|    loss                 | 0.0354      |
|    n_updates            | 330         |
|    policy_gradient_loss | 0.00576     |
|    std                  | 0.648       |
|    value_loss           | 0.0953      |
-----------------------------------------
Early stopping at step 0 due to reaching max kl: 0.03
-----------------------------------------
| rollout/                |             |
|    ep_len_mean          | 537         |
|    ep_rew_mean          | 911         |
| time/                   |             |
|    fps                  | 2627        |
|    iterations           | 288         |
|    time_elapsed         | 897         |
|    total_timesteps      | 2359296     |
| train/                  |             |
|    approx_kl            | 0.011384164 |
|    clip_fraction        | 0.141       |
|    clip_range           | 0.2         |
|    entropy_loss         | -7.88       |
|    explained_variance   | 0.622       |
|    learning_rate        | 0.000206    |
|    loss                 | 0.0707      |
|    n_updates            | 331         |
|    policy_gradient_loss | 0.000659    |
|    std                  | 0.648       |
|    value_loss           | 0.107       |
-----------------------------------------
Early stopping at step 0 due to reaching max kl: 0.03
[Progress] Training 5/6: 2,364,664/5,000,000 steps (47.3%); 1 full runs remain afterward; rough training ETA 48m.
----------------------------------------
| rollout/                |            |
|    ep_len_mean          | 542        |
|    ep_rew_mean          | 916        |
| time/                   |            |
|    fps                  | 2627       |
|    iterations           | 289        |
|    time_elapsed         | 901        |
|    total_timesteps      | 2367488    |
| train/                  |            |
|    approx_kl            | 0.01218975 |
|    clip_fraction        | 0.177      |
|    clip_range           | 0.2        |
|    entropy_loss         | -7.87      |
|    explained_variance   | 0.494      |
|    learning_rate        | 0.000206   |
|    loss                 | 0.0742     |
|    n_updates            | 332        |
|    policy_gradient_loss | 0.00486    |
|    std                  | 0.647      |
|    value_loss           | 0.112      |
----------------------------------------
Early stopping at step 0 due to reaching max kl: 0.04
-----------------------------------------
| rollout/                |             |
|    ep_len_mean          | 527         |
|    ep_rew_mean          | 896         |
| time/                   |             |
|    fps                  | 2627        |
|    iterations           | 290         |
|    time_elapsed         | 904         |
|    total_timesteps      | 2375680     |
| train/                  |             |
|    approx_kl            | 0.011771488 |
|    clip_fraction        | 0.163       |
|    clip_range           | 0.2         |
|    entropy_loss         | -7.86       |
|    explained_variance   | 0.544       |
|    learning_rate        | 0.000205    |
|    loss                 | 0.164       |
|    n_updates            | 333         |
|    policy_gradient_loss | 0.0111      |
|    std                  | 0.647       |
|    value_loss           | 0.151       |
-----------------------------------------
Early stopping at step 0 due to reaching max kl: 0.03
-----------------------------------------
| rollout/                |             |
|    ep_len_mean          | 530         |
|    ep_rew_mean          | 905         |
| time/                   |             |
|    fps                  | 2627        |
|    iterations           | 291         |
|    time_elapsed         | 907         |
|    total_timesteps      | 2383872     |
| train/                  |             |
|    approx_kl            | 0.010837391 |
|    clip_fraction        | 0.146       |
|    clip_range           | 0.2         |
|    entropy_loss         | -7.86       |
|    explained_variance   | 0.621       |
|    learning_rate        | 0.000205    |
|    loss                 | 0.0919      |
|    n_updates            | 334         |
|    policy_gradient_loss | 0.00417     |
|    std                  | 0.646       |
|    value_loss           | 0.0769      |
-----------------------------------------
Early stopping at step 0 due to reaching max kl: 0.03
----------------------------------------
| rollout/                |            |
|    ep_len_mean          | 552        |
|    ep_rew_mean          | 932        |
| time/                   |            |
|    fps                  | 2627       |
|    iterations           | 292        |
|    time_elapsed         | 910        |
|    total_timesteps      | 2392064    |
| train/                  |            |
|    approx_kl            | 0.01201139 |
|    clip_fraction        | 0.168      |
|    clip_range           | 0.2        |
|    entropy_loss         | -7.85      |
|    explained_variance   | 0.644      |
|    learning_rate        | 0.000205   |
|    loss                 | 0.167      |
|    n_updates            | 335        |
|    policy_gradient_loss | 0.00606    |
|    std                  | 0.646      |
|    value_loss           | 0.0984     |
----------------------------------------
Early stopping at step 0 due to reaching max kl: 0.03
-----------------------------------------
| rollout/                |             |
|    ep_len_mean          | 575         |
|    ep_rew_mean          | 974         |
| time/                   |             |
|    fps                  | 2627        |
|    iterations           | 293         |
|    time_elapsed         | 913         |
|    total_timesteps      | 2400256     |
| train/                  |             |
|    approx_kl            | 0.013864825 |
|    clip_fraction        | 0.192       |
|    clip_range           | 0.2         |
|    entropy_loss         | -7.85       |
|    explained_variance   | 0.663       |
|    learning_rate        | 0.000204    |
|    loss                 | 0.132       |
|    n_updates            | 336         |
|    policy_gradient_loss | 0.00702     |
|    std                  | 0.645       |
|    value_loss           | 0.0759      |
-----------------------------------------
Early stopping at step 0 due to reaching max kl: 0.03
-----------------------------------------
| rollout/                |             |
|    ep_len_mean          | 608         |
|    ep_rew_mean          | 1.03e+03    |
| time/                   |             |
|    fps                  | 2627        |
|    iterations           | 294         |
|    time_elapsed         | 916         |
|    total_timesteps      | 2408448     |
| train/                  |             |
|    approx_kl            | 0.012158328 |
|    clip_fraction        | 0.162       |
|    clip_range           | 0.2         |
|    entropy_loss         | -7.83       |
|    explained_variance   | 0.642       |
|    learning_rate        | 0.000204    |
|    loss                 | 0.0882      |
|    n_updates            | 337         |
|    policy_gradient_loss | 0.00802     |
|    std                  | 0.644       |
|    value_loss           | 0.0489      |
-----------------------------------------
Early stopping at step 0 due to reaching max kl: 0.03
-----------------------------------------
| rollout/                |             |
|    ep_len_mean          | 602         |
|    ep_rew_mean          | 1.01e+03    |
| time/                   |             |
|    fps                  | 2627        |
|    iterations           | 295         |
|    time_elapsed         | 919         |
|    total_timesteps      | 2416640     |
| train/                  |             |
|    approx_kl            | 0.013499918 |
|    clip_fraction        | 0.189       |
|    clip_range           | 0.2         |
|    entropy_loss         | -7.81       |
|    explained_variance   | 0.609       |
|    learning_rate        | 0.000204    |
|    loss                 | 0.0686      |
|    n_updates            | 338         |
|    policy_gradient_loss | 0.00515     |
|    std                  | 0.642       |
|    value_loss           | 0.0453      |
-----------------------------------------
Early stopping at step 0 due to reaching max kl: 0.03
-----------------------------------------
| rollout/                |             |
|    ep_len_mean          | 601         |
|    ep_rew_mean          | 1.01e+03    |
| time/                   |             |
|    fps                  | 2627        |
|    iterations           | 296         |
|    time_elapsed         | 922         |
|    total_timesteps      | 2424832     |
| train/                  |             |
|    approx_kl            | 0.014148879 |
|    clip_fraction        | 0.197       |
|    clip_range           | 0.2         |
|    entropy_loss         | -7.8        |
|    explained_variance   | 0.561       |
|    learning_rate        | 0.000203    |
|    loss                 | 0.0432      |
|    n_updates            | 339         |
|    policy_gradient_loss | 0.0109      |
|    std                  | 0.641       |
|    value_loss           | 0.108       |
-----------------------------------------
Early stopping at step 0 due to reaching max kl: 0.03
-----------------------------------------
| rollout/                |             |
|    ep_len_mean          | 621         |
|    ep_rew_mean          | 1.04e+03    |
| time/                   |             |
|    fps                  | 2627        |
|    iterations           | 297         |
|    time_elapsed         | 925         |
|    total_timesteps      | 2433024     |
| train/                  |             |
|    approx_kl            | 0.012303606 |
|    clip_fraction        | 0.167       |
|    clip_range           | 0.2         |
|    entropy_loss         | -7.79       |
|    explained_variance   | 0.567       |
|    learning_rate        | 0.000203    |
|    loss                 | 0.0629      |
|    n_updates            | 340         |
|    policy_gradient_loss | 0.00373     |
|    std                  | 0.641       |
|    value_loss           | 0.0598      |
-----------------------------------------
Early stopping at step 1 due to reaching max kl: 0.03
-----------------------------------------
| rollout/                |             |
|    ep_len_mean          | 620         |
|    ep_rew_mean          | 1.04e+03    |
| time/                   |             |
|    fps                  | 2627        |
|    iterations           | 298         |
|    time_elapsed         | 929         |
|    total_timesteps      | 2441216     |
| train/                  |             |
|    approx_kl            | 0.022548977 |
|    clip_fraction        | 0.235       |
|    clip_range           | 0.2         |
|    entropy_loss         | -7.77       |
|    explained_variance   | 0.597       |
|    learning_rate        | 0.000203    |
|    loss                 | 0.115       |
|    n_updates            | 342         |
|    policy_gradient_loss | 0.00267     |
|    std                  | 0.639       |
|    value_loss           | 0.111       |
-----------------------------------------
Early stopping at step 0 due to reaching max kl: 0.04
----------------------------------------
| rollout/                |            |
|    ep_len_mean          | 606        |
|    ep_rew_mean          | 1.02e+03   |
| time/                   |            |
|    fps                  | 2627       |
|    iterations           | 299        |
|    time_elapsed         | 932        |
|    total_timesteps      | 2449408    |
| train/                  |            |
|    approx_kl            | 0.01563723 |
|    clip_fraction        | 0.214      |
|    clip_range           | 0.2        |
|    entropy_loss         | -7.76      |
|    explained_variance   | 0.561      |
|    learning_rate        | 0.000202   |
|    loss                 | 0.0562     |
|    n_updates            | 343        |
|    policy_gradient_loss | 0.0117     |
|    std                  | 0.639      |
|    value_loss           | 0.0978     |
----------------------------------------
Early stopping at step 0 due to reaching max kl: 0.03
-----------------------------------------
| rollout/                |             |
|    ep_len_mean          | 602         |
|    ep_rew_mean          | 1.01e+03    |
| time/                   |             |
|    fps                  | 2627        |
|    iterations           | 300         |
|    time_elapsed         | 935         |
|    total_timesteps      | 2457600     |
| train/                  |             |
|    approx_kl            | 0.013728577 |
|    clip_fraction        | 0.192       |
|    clip_range           | 0.2         |
|    entropy_loss         | -7.75       |
|    explained_variance   | 0.587       |
|    learning_rate        | 0.000202    |
|    loss                 | 0.112       |
|    n_updates            | 344         |
|    policy_gradient_loss | 0.00395     |
|    std                  | 0.638       |
|    value_loss           | 0.102       |
-----------------------------------------
Early stopping at step 0 due to reaching max kl: 0.04
-----------------------------------------
| rollout/                |             |
|    ep_len_mean          | 588         |
|    ep_rew_mean          | 996         |
| time/                   |             |
|    fps                  | 2627        |
|    iterations           | 301         |
|    time_elapsed         | 938         |
|    total_timesteps      | 2465792     |
| train/                  |             |
|    approx_kl            | 0.013242345 |
|    clip_fraction        | 0.182       |
|    clip_range           | 0.2         |
|    entropy_loss         | -7.75       |
|    explained_variance   | 0.491       |
|    learning_rate        | 0.000202    |
|    loss                 | 0.0849      |
|    n_updates            | 345         |
|    policy_gradient_loss | 0.00462     |
|    std                  | 0.637       |
|    value_loss           | 0.0842      |
-----------------------------------------
Early stopping at step 0 due to reaching max kl: 0.03
-----------------------------------------
| rollout/                |             |
|    ep_len_mean          | 577         |
|    ep_rew_mean          | 992         |
| time/                   |             |
|    fps                  | 2627        |
|    iterations           | 302         |
|    time_elapsed         | 941         |
|    total_timesteps      | 2473984     |
| train/                  |             |
|    approx_kl            | 0.011901928 |
|    clip_fraction        | 0.159       |
|    clip_range           | 0.2         |
|    entropy_loss         | -7.74       |
|    explained_variance   | 0.55        |
|    learning_rate        | 0.000201    |
|    loss                 | 0.0763      |
|    n_updates            | 346         |
|    policy_gradient_loss | 0.00508     |
|    std                  | 0.637       |
|    value_loss           | 0.0849      |
-----------------------------------------
Early stopping at step 0 due to reaching max kl: 0.03
-----------------------------------------
| rollout/                |             |
|    ep_len_mean          | 556         |
|    ep_rew_mean          | 962         |
| time/                   |             |
|    fps                  | 2627        |
|    iterations           | 303         |
|    time_elapsed         | 944         |
|    total_timesteps      | 2482176     |
| train/                  |             |
|    approx_kl            | 0.015346451 |
|    clip_fraction        | 0.212       |
|    clip_range           | 0.2         |
|    entropy_loss         | -7.73       |
|    explained_variance   | 0.53        |
|    learning_rate        | 0.000201    |
|    loss                 | 0.11        |
|    n_updates            | 347         |
|    policy_gradient_loss | 0.00847     |
|    std                  | 0.636       |
|    value_loss           | 0.119       |
-----------------------------------------
Early stopping at step 0 due to reaching max kl: 0.03
------------------------------------------
| rollout/                |              |
|    ep_len_mean          | 584          |
|    ep_rew_mean          | 1.02e+03     |
| time/                   |              |
|    fps                  | 2627         |
|    iterations           | 304          |
|    time_elapsed         | 947          |
|    total_timesteps      | 2490368      |
| train/                  |              |
|    approx_kl            | 0.0138541795 |
|    clip_fraction        | 0.189        |
|    clip_range           | 0.2          |
|    entropy_loss         | -7.72        |
|    explained_variance   | 0.527        |
|    learning_rate        | 0.000201     |
|    loss                 | 0.11         |
|    n_updates            | 348          |
|    policy_gradient_loss | 0.0086       |
|    std                  | 0.635        |
|    value_loss           | 0.0958       |
------------------------------------------
Early stopping at step 0 due to reaching max kl: 0.03
----------------------------------------
| rollout/                |            |
|    ep_len_mean          | 590        |
|    ep_rew_mean          | 1.03e+03   |
| time/                   |            |
|    fps                  | 2626       |
|    iterations           | 305        |
|    time_elapsed         | 951        |
|    total_timesteps      | 2498560    |
| train/                  |            |
|    approx_kl            | 0.01491282 |
|    clip_fraction        | 0.21       |
|    clip_range           | 0.2        |
|    entropy_loss         | -7.71      |
|    explained_variance   | 0.486      |
|    learning_rate        | 0.0002     |
|    loss                 | 0.108      |
|    n_updates            | 349        |
|    policy_gradient_loss | 0.00851    |
|    std                  | 0.635      |
|    value_loss           | 0.113      |
----------------------------------------
Early stopping at step 0 due to reaching max kl: 0.03
------------------------------------------
| rollout/                |              |
|    ep_len_mean          | 600          |
|    ep_rew_mean          | 1.06e+03     |
| time/                   |              |
|    fps                  | 2627         |
|    iterations           | 306          |
|    time_elapsed         | 954          |
|    total_timesteps      | 2506752      |
| train/                  |              |
|    approx_kl            | 0.0125254495 |
|    clip_fraction        | 0.172        |
|    clip_range           | 0.2          |
|    entropy_loss         | -7.7         |
|    explained_variance   | 0.604        |
|    learning_rate        | 0.0002       |
|    loss                 | 0.0595       |
|    n_updates            | 350          |
|    policy_gradient_loss | 0.0061       |
|    std                  | 0.634        |
|    value_loss           | 0.0613       |
------------------------------------------
Early stopping at step 0 due to reaching max kl: 0.03
----------------------------------------
| rollout/                |            |
|    ep_len_mean          | 607        |
|    ep_rew_mean          | 1.07e+03   |
| time/                   |            |
|    fps                  | 2627       |
|    iterations           | 307        |
|    time_elapsed         | 957        |
|    total_timesteps      | 2514944    |
| train/                  |            |
|    approx_kl            | 0.01294222 |
|    clip_fraction        | 0.18       |
|    clip_range           | 0.2        |
|    entropy_loss         | -7.69      |
|    explained_variance   | 0.494      |
|    learning_rate        | 0.0002     |
|    loss                 | 0.145      |
|    n_updates            | 351        |
|    policy_gradient_loss | 0.00711    |
|    std                  | 0.633      |
|    value_loss           | 0.109      |
----------------------------------------
Early stopping at step 0 due to reaching max kl: 0.03
-----------------------------------------
| rollout/                |             |
|    ep_len_mean          | 597         |
|    ep_rew_mean          | 1.05e+03    |
| time/                   |             |
|    fps                  | 2627        |
|    iterations           | 308         |
|    time_elapsed         | 960         |
|    total_timesteps      | 2523136     |
| train/                  |             |
|    approx_kl            | 0.011203629 |
|    clip_fraction        | 0.149       |
|    clip_range           | 0.2         |
|    entropy_loss         | -7.68       |
|    explained_variance   | 0.589       |
|    learning_rate        | 0.000199    |
|    loss                 | 0.0173      |
|    n_updates            | 352         |
|    policy_gradient_loss | 0.00565     |
|    std                  | 0.632       |
|    value_loss           | 0.0674      |
-----------------------------------------
Early stopping at step 0 due to reaching max kl: 0.04
----------------------------------------
| rollout/                |            |
|    ep_len_mean          | 604        |
|    ep_rew_mean          | 1.05e+03   |
| time/                   |            |
|    fps                  | 2627       |
|    iterations           | 309        |
|    time_elapsed         | 963        |
|    total_timesteps      | 2531328    |
| train/                  |            |
|    approx_kl            | 0.01358029 |
|    clip_fraction        | 0.187      |
|    clip_range           | 0.2        |
|    entropy_loss         | -7.68      |
|    explained_variance   | 0.492      |
|    learning_rate        | 0.000199   |
|    loss                 | 0.087      |
|    n_updates            | 353        |
|    policy_gradient_loss | 0.00681    |
|    std                  | 0.632      |
|    value_loss           | 0.121      |
----------------------------------------
Early stopping at step 1 due to reaching max kl: 0.03
----------------------------------------
| rollout/                |            |
|    ep_len_mean          | 613        |
|    ep_rew_mean          | 1.07e+03   |
| time/                   |            |
|    fps                  | 2627       |
|    iterations           | 310        |
|    time_elapsed         | 966        |
|    total_timesteps      | 2539520    |
| train/                  |            |
|    approx_kl            | 0.02503208 |
|    clip_fraction        | 0.209      |
|    clip_range           | 0.2        |
|    entropy_loss         | -7.68      |
|    explained_variance   | 0.539      |
|    learning_rate        | 0.000199   |
|    loss                 | 0.0652     |
|    n_updates            | 355        |
|    policy_gradient_loss | 0.00542    |
|    std                  | 0.632      |
|    value_loss           | 0.105      |
----------------------------------------
Early stopping at step 0 due to reaching max kl: 0.03
-----------------------------------------
| rollout/                |             |
|    ep_len_mean          | 613         |
|    ep_rew_mean          | 1.08e+03    |
| time/                   |             |
|    fps                  | 2627        |
|    iterations           | 311         |
|    time_elapsed         | 969         |
|    total_timesteps      | 2547712     |
| train/                  |             |
|    approx_kl            | 0.015288723 |
|    clip_fraction        | 0.219       |
|    clip_range           | 0.2         |
|    entropy_loss         | -7.67       |
|    explained_variance   | 0.45        |
|    learning_rate        | 0.000198    |
|    loss                 | 0.248       |
|    n_updates            | 356         |
|    policy_gradient_loss | 0.00966     |
|    std                  | 0.631       |
|    value_loss           | 0.128       |
-----------------------------------------
Early stopping at step 0 due to reaching max kl: 0.03
----------------------------------------
| rollout/                |            |
|    ep_len_mean          | 625        |
|    ep_rew_mean          | 1.1e+03    |
| time/                   |            |
|    fps                  | 2627       |
|    iterations           | 312        |
|    time_elapsed         | 972        |
|    total_timesteps      | 2555904    |
| train/                  |            |
|    approx_kl            | 0.01464063 |
|    clip_fraction        | 0.207      |
|    clip_range           | 0.2        |
|    entropy_loss         | -7.66      |
|    explained_variance   | 0.461      |
|    learning_rate        | 0.000198   |
|    loss                 | 0.0652     |
|    n_updates            | 357        |
|    policy_gradient_loss | 0.0077     |
|    std                  | 0.631      |
|    value_loss           | 0.0805     |
----------------------------------------
Early stopping at step 0 due to reaching max kl: 0.03
-----------------------------------------
| rollout/                |             |
|    ep_len_mean          | 633         |
|    ep_rew_mean          | 1.11e+03    |
| time/                   |             |
|    fps                  | 2627        |
|    iterations           | 313         |
|    time_elapsed         | 975         |
|    total_timesteps      | 2564096     |
| train/                  |             |
|    approx_kl            | 0.015051493 |
|    clip_fraction        | 0.199       |
|    clip_range           | 0.2         |
|    entropy_loss         | -7.66       |
|    explained_variance   | 0.462       |
|    learning_rate        | 0.000198    |
|    loss                 | 0.0521      |
|    n_updates            | 358         |
|    policy_gradient_loss | 0.00481     |
|    std                  | 0.63        |
|    value_loss           | 0.0643      |
-----------------------------------------
Early stopping at step 0 due to reaching max kl: 0.03
-----------------------------------------
| rollout/                |             |
|    ep_len_mean          | 619         |
|    ep_rew_mean          | 1.09e+03    |
| time/                   |             |
|    fps                  | 2627        |
|    iterations           | 314         |
|    time_elapsed         | 979         |
|    total_timesteps      | 2572288     |
| train/                  |             |
|    approx_kl            | 0.011411439 |
|    clip_fraction        | 0.159       |
|    clip_range           | 0.2         |
|    entropy_loss         | -7.64       |
|    explained_variance   | 0.51        |
|    learning_rate        | 0.000197    |
|    loss                 | 0.0546      |
|    n_updates            | 359         |
|    policy_gradient_loss | 0.00681     |
|    std                  | 0.629       |
|    value_loss           | 0.0471      |
-----------------------------------------
Early stopping at step 0 due to reaching max kl: 0.03
-----------------------------------------
| rollout/                |             |
|    ep_len_mean          | 586         |
|    ep_rew_mean          | 1.04e+03    |
| time/                   |             |
|    fps                  | 2627        |
|    iterations           | 315         |
|    time_elapsed         | 982         |
|    total_timesteps      | 2580480     |
| train/                  |             |
|    approx_kl            | 0.015203404 |
|    clip_fraction        | 0.202       |
|    clip_range           | 0.2         |
|    entropy_loss         | -7.63       |
|    explained_variance   | 0.388       |
|    learning_rate        | 0.000197    |
|    loss                 | 0.112       |
|    n_updates            | 360         |
|    policy_gradient_loss | 0.00561     |
|    std                  | 0.629       |
|    value_loss           | 0.14        |
-----------------------------------------
Early stopping at step 0 due to reaching max kl: 0.03
-----------------------------------------
| rollout/                |             |
|    ep_len_mean          | 618         |
|    ep_rew_mean          | 1.1e+03     |
| time/                   |             |
|    fps                  | 2627        |
|    iterations           | 316         |
|    time_elapsed         | 985         |
|    total_timesteps      | 2588672     |
| train/                  |             |
|    approx_kl            | 0.010248092 |
|    clip_fraction        | 0.142       |
|    clip_range           | 0.2         |
|    entropy_loss         | -7.63       |
|    explained_variance   | 0.406       |
|    learning_rate        | 0.000197    |
|    loss                 | 0.088       |
|    n_updates            | 361         |
|    policy_gradient_loss | 0.00159     |
|    std                  | 0.629       |
|    value_loss           | 0.146       |
-----------------------------------------
Early stopping at step 0 due to reaching max kl: 0.03
------------------------------------------
| rollout/                |              |
|    ep_len_mean          | 604          |
|    ep_rew_mean          | 1.09e+03     |
| time/                   |              |
|    fps                  | 2628         |
|    iterations           | 317          |
|    time_elapsed         | 988          |
|    total_timesteps      | 2596864      |
| train/                  |              |
|    approx_kl            | 0.0073599117 |
|    clip_fraction        | 0.0891       |
|    clip_range           | 0.2          |
|    entropy_loss         | -7.63        |
|    explained_variance   | 0.454        |
|    learning_rate        | 0.000196     |
|    loss                 | 0.106        |
|    n_updates            | 362          |
|    policy_gradient_loss | -0.00395     |
|    std                  | 0.628        |
|    value_loss           | 0.119        |
------------------------------------------
Early stopping at step 0 due to reaching max kl: 0.03
-----------------------------------------
| rollout/                |             |
|    ep_len_mean          | 588         |
|    ep_rew_mean          | 1.06e+03    |
| time/                   |             |
|    fps                  | 2628        |
|    iterations           | 318         |
|    time_elapsed         | 991         |
|    total_timesteps      | 2605056     |
| train/                  |             |
|    approx_kl            | 0.012877446 |
|    clip_fraction        | 0.179       |
|    clip_range           | 0.2         |
|    entropy_loss         | -7.62       |
|    explained_variance   | 0.46        |
|    learning_rate        | 0.000196    |
|    loss                 | 0.162       |
|    n_updates            | 363         |
|    policy_gradient_loss | 0.00804     |
|    std                  | 0.628       |
|    value_loss           | 0.162       |
-----------------------------------------
Early stopping at step 0 due to reaching max kl: 0.03
-----------------------------------------
| rollout/                |             |
|    ep_len_mean          | 568         |
|    ep_rew_mean          | 1.02e+03    |
| time/                   |             |
|    fps                  | 2628        |
|    iterations           | 319         |
|    time_elapsed         | 994         |
|    total_timesteps      | 2613248     |
| train/                  |             |
|    approx_kl            | 0.014712843 |
|    clip_fraction        | 0.199       |
|    clip_range           | 0.2         |
|    entropy_loss         | -7.61       |
|    explained_variance   | 0.518       |
|    learning_rate        | 0.000196    |
|    loss                 | 0.0722      |
|    n_updates            | 364         |
|    policy_gradient_loss | 0.00515     |
|    std                  | 0.627       |
|    value_loss           | 0.11        |
-----------------------------------------
Early stopping at step 0 due to reaching max kl: 0.03
-----------------------------------------
| rollout/                |             |
|    ep_len_mean          | 536         |
|    ep_rew_mean          | 968         |
| time/                   |             |
|    fps                  | 2628        |
|    iterations           | 320         |
|    time_elapsed         | 997         |
|    total_timesteps      | 2621440     |
| train/                  |             |
|    approx_kl            | 0.015738836 |
|    clip_fraction        | 0.205       |
|    clip_range           | 0.2         |
|    entropy_loss         | -7.61       |
|    explained_variance   | 0.395       |
|    learning_rate        | 0.000195    |
|    loss                 | 0.0635      |
|    n_updates            | 365         |
|    policy_gradient_loss | 0.00412     |
|    std                  | 0.627       |
|    value_loss           | 0.129       |
-----------------------------------------
Early stopping at step 1 due to reaching max kl: 0.04
---------------------------------------
| rollout/                |           |
|    ep_len_mean          | 582       |
|    ep_rew_mean          | 1.04e+03  |
| time/                   |           |
|    fps                  | 2627      |
|    iterations           | 321       |
|    time_elapsed         | 1000      |
|    total_timesteps      | 2629632   |
| train/                  |           |
|    approx_kl            | 0.0274111 |
|    clip_fraction        | 0.23      |
|    clip_range           | 0.2       |
|    entropy_loss         | -7.6      |
|    explained_variance   | 0.487     |
|    learning_rate        | 0.000195  |
|    loss                 | 0.0241    |
|    n_updates            | 367       |
|    policy_gradient_loss | 0.0102    |
|    std                  | 0.626     |
|    value_loss           | 0.107     |
---------------------------------------
Early stopping at step 0 due to reaching max kl: 0.03
-----------------------------------------
| rollout/                |             |
|    ep_len_mean          | 587         |
|    ep_rew_mean          | 1.04e+03    |
| time/                   |             |
|    fps                  | 2627        |
|    iterations           | 322         |
|    time_elapsed         | 1003        |
|    total_timesteps      | 2637824     |
| train/                  |             |
|    approx_kl            | 0.013486268 |
|    clip_fraction        | 0.195       |
|    clip_range           | 0.2         |
|    entropy_loss         | -7.59       |
|    explained_variance   | 0.499       |
|    learning_rate        | 0.000195    |
|    loss                 | 0.0413      |
|    n_updates            | 368         |
|    policy_gradient_loss | 0.00861     |
|    std                  | 0.625       |
|    value_loss           | 0.039       |
-----------------------------------------
Early stopping at step 1 due to reaching max kl: 0.03
-----------------------------------------
| rollout/                |             |
|    ep_len_mean          | 598         |
|    ep_rew_mean          | 1.06e+03    |
| time/                   |             |
|    fps                  | 2627        |
|    iterations           | 323         |
|    time_elapsed         | 1006        |
|    total_timesteps      | 2646016     |
| train/                  |             |
|    approx_kl            | 0.025702223 |
|    clip_fraction        | 0.202       |
|    clip_range           | 0.2         |
|    entropy_loss         | -7.58       |
|    explained_variance   | 0.458       |
|    learning_rate        | 0.000194    |
|    loss                 | 0.0406      |
|    n_updates            | 370         |
|    policy_gradient_loss | 0.00815     |
|    std                  | 0.624       |
|    value_loss           | 0.0676      |
-----------------------------------------
Early stopping at step 1 due to reaching max kl: 0.04
-----------------------------------------
| rollout/                |             |
|    ep_len_mean          | 625         |
|    ep_rew_mean          | 1.1e+03     |
| time/                   |             |
|    fps                  | 2627        |
|    iterations           | 324         |
|    time_elapsed         | 1010        |
|    total_timesteps      | 2654208     |
| train/                  |             |
|    approx_kl            | 0.019012585 |
|    clip_fraction        | 0.198       |
|    clip_range           | 0.2         |
|    entropy_loss         | -7.57       |
|    explained_variance   | 0.318       |
|    learning_rate        | 0.000194    |
|    loss                 | 0.177       |
|    n_updates            | 372         |
|    policy_gradient_loss | 0.00998     |
|    std                  | 0.623       |
|    value_loss           | 0.0782      |
-----------------------------------------
Early stopping at step 0 due to reaching max kl: 0.04
-----------------------------------------
| rollout/                |             |
|    ep_len_mean          | 647         |
|    ep_rew_mean          | 1.14e+03    |
| time/                   |             |
|    fps                  | 2627        |
|    iterations           | 325         |
|    time_elapsed         | 1013        |
|    total_timesteps      | 2662400     |
| train/                  |             |
|    approx_kl            | 0.012325914 |
|    clip_fraction        | 0.17        |
|    clip_range           | 0.2         |
|    entropy_loss         | -7.55       |
|    explained_variance   | 0.498       |
|    learning_rate        | 0.000194    |
|    loss                 | 0.04        |
|    n_updates            | 373         |
|    policy_gradient_loss | 0.00771     |
|    std                  | 0.622       |
|    value_loss           | 0.0562      |
-----------------------------------------
Early stopping at step 0 due to reaching max kl: 0.03
-----------------------------------------
| rollout/                |             |
|    ep_len_mean          | 651         |
|    ep_rew_mean          | 1.15e+03    |
| time/                   |             |
|    fps                  | 2627        |
|    iterations           | 326         |
|    time_elapsed         | 1016        |
|    total_timesteps      | 2670592     |
| train/                  |             |
|    approx_kl            | 0.015939701 |
|    clip_fraction        | 0.219       |
|    clip_range           | 0.2         |
|    entropy_loss         | -7.54       |
|    explained_variance   | 0.412       |
|    learning_rate        | 0.000194    |
|    loss                 | 0.0193      |
|    n_updates            | 374         |
|    policy_gradient_loss | 0.00835     |
|    std                  | 0.621       |
|    value_loss           | 0.0717      |
-----------------------------------------
Early stopping at step 0 due to reaching max kl: 0.03
-----------------------------------------
| rollout/                |             |
|    ep_len_mean          | 700         |
|    ep_rew_mean          | 1.23e+03    |
| time/                   |             |
|    fps                  | 2627        |
|    iterations           | 327         |
|    time_elapsed         | 1019        |
|    total_timesteps      | 2678784     |
| train/                  |             |
|    approx_kl            | 0.013554573 |
|    clip_fraction        | 0.188       |
|    clip_range           | 0.2         |
|    entropy_loss         | -7.54       |
|    explained_variance   | 0.365       |
|    learning_rate        | 0.000193    |
|    loss                 | 0.0225      |
|    n_updates            | 375         |
|    policy_gradient_loss | 0.00588     |
|    std                  | 0.621       |
|    value_loss           | 0.0968      |
-----------------------------------------
Early stopping at step 0 due to reaching max kl: 0.03
-----------------------------------------
| rollout/                |             |
|    ep_len_mean          | 681         |
|    ep_rew_mean          | 1.21e+03    |
| time/                   |             |
|    fps                  | 2627        |
|    iterations           | 328         |
|    time_elapsed         | 1022        |
|    total_timesteps      | 2686976     |
| train/                  |             |
|    approx_kl            | 0.011122318 |
|    clip_fraction        | 0.145       |
|    clip_range           | 0.2         |
|    entropy_loss         | -7.53       |
|    explained_variance   | 0.401       |
|    learning_rate        | 0.000193    |
|    loss                 | 0.0671      |
|    n_updates            | 376         |
|    policy_gradient_loss | 0.00408     |
|    std                  | 0.621       |
|    value_loss           | 0.0477      |
-----------------------------------------
Early stopping at step 0 due to reaching max kl: 0.03
-----------------------------------------
| rollout/                |             |
|    ep_len_mean          | 671         |
|    ep_rew_mean          | 1.2e+03     |
| time/                   |             |
|    fps                  | 2627        |
|    iterations           | 329         |
|    time_elapsed         | 1025        |
|    total_timesteps      | 2695168     |
| train/                  |             |
|    approx_kl            | 0.013953614 |
|    clip_fraction        | 0.192       |
|    clip_range           | 0.2         |
|    entropy_loss         | -7.53       |
|    explained_variance   | 0.4         |
|    learning_rate        | 0.000193    |
|    loss                 | 0.103       |
|    n_updates            | 377         |
|    policy_gradient_loss | 0.00945     |
|    std                  | 0.62        |
|    value_loss           | 0.104       |
-----------------------------------------
Early stopping at step 0 due to reaching max kl: 0.03
-----------------------------------------
| rollout/                |             |
|    ep_len_mean          | 621         |
|    ep_rew_mean          | 1.12e+03    |
| time/                   |             |
|    fps                  | 2627        |
|    iterations           | 330         |
|    time_elapsed         | 1028        |
|    total_timesteps      | 2703360     |
| train/                  |             |
|    approx_kl            | 0.013064825 |
|    clip_fraction        | 0.181       |
|    clip_range           | 0.2         |
|    entropy_loss         | -7.52       |
|    explained_variance   | 0.484       |
|    learning_rate        | 0.000192    |
|    loss                 | -0.00643    |
|    n_updates            | 378         |
|    policy_gradient_loss | 0.0086      |
|    std                  | 0.619       |
|    value_loss           | 0.0873      |
-----------------------------------------
Early stopping at step 0 due to reaching max kl: 0.03
-----------------------------------------
| rollout/                |             |
|    ep_len_mean          | 638         |
|    ep_rew_mean          | 1.15e+03    |
| time/                   |             |
|    fps                  | 2627        |
|    iterations           | 331         |
|    time_elapsed         | 1032        |
|    total_timesteps      | 2711552     |
| train/                  |             |
|    approx_kl            | 0.013738663 |
|    clip_fraction        | 0.194       |
|    clip_range           | 0.2         |
|    entropy_loss         | -7.51       |
|    explained_variance   | 0.428       |
|    learning_rate        | 0.000192    |
|    loss                 | 0.168       |
|    n_updates            | 379         |
|    policy_gradient_loss | 0.00654     |
|    std                  | 0.619       |
|    value_loss           | 0.193       |
-----------------------------------------
Early stopping at step 0 due to reaching max kl: 0.04
-----------------------------------------
| rollout/                |             |
|    ep_len_mean          | 628         |
|    ep_rew_mean          | 1.14e+03    |
| time/                   |             |
|    fps                  | 2627        |
|    iterations           | 332         |
|    time_elapsed         | 1035        |
|    total_timesteps      | 2719744     |
| train/                  |             |
|    approx_kl            | 0.014684413 |
|    clip_fraction        | 0.204       |
|    clip_range           | 0.2         |
|    entropy_loss         | -7.5        |
|    explained_variance   | 0.499       |
|    learning_rate        | 0.000192    |
|    loss                 | 0.0283      |
|    n_updates            | 380         |
|    policy_gradient_loss | 0.0027      |
|    std                  | 0.618       |
|    value_loss           | 0.0696      |
-----------------------------------------
Early stopping at step 0 due to reaching max kl: 0.03
-----------------------------------------
| rollout/                |             |
|    ep_len_mean          | 633         |
|    ep_rew_mean          | 1.15e+03    |
| time/                   |             |
|    fps                  | 2627        |
|    iterations           | 333         |
|    time_elapsed         | 1038        |
|    total_timesteps      | 2727936     |
| train/                  |             |
|    approx_kl            | 0.013446568 |
|    clip_fraction        | 0.186       |
|    clip_range           | 0.2         |
|    entropy_loss         | -7.5        |
|    explained_variance   | 0.424       |
|    learning_rate        | 0.000191    |
|    loss                 | 0.0741      |
|    n_updates            | 381         |
|    policy_gradient_loss | 0.00529     |
|    std                  | 0.618       |
|    value_loss           | 0.0866      |
-----------------------------------------
Early stopping at step 0 due to reaching max kl: 0.04
-----------------------------------------
| rollout/                |             |
|    ep_len_mean          | 598         |
|    ep_rew_mean          | 1.08e+03    |
| time/                   |             |
|    fps                  | 2627        |
|    iterations           | 334         |
|    time_elapsed         | 1041        |
|    total_timesteps      | 2736128     |
| train/                  |             |
|    approx_kl            | 0.014928738 |
|    clip_fraction        | 0.207       |
|    clip_range           | 0.2         |
|    entropy_loss         | -7.49       |
|    explained_variance   | 0.42        |
|    learning_rate        | 0.000191    |
|    loss                 | 0.0161      |
|    n_updates            | 382         |
|    policy_gradient_loss | 0.0107      |
|    std                  | 0.617       |
|    value_loss           | 0.0925      |
-----------------------------------------
Early stopping at step 0 due to reaching max kl: 0.03
-----------------------------------------
| rollout/                |             |
|    ep_len_mean          | 614         |
|    ep_rew_mean          | 1.11e+03    |
| time/                   |             |
|    fps                  | 2627        |
|    iterations           | 335         |
|    time_elapsed         | 1044        |
|    total_timesteps      | 2744320     |
| train/                  |             |
|    approx_kl            | 0.014223515 |
|    clip_fraction        | 0.192       |
|    clip_range           | 0.2         |
|    entropy_loss         | -7.49       |
|    explained_variance   | 0.442       |
|    learning_rate        | 0.000191    |
|    loss                 | 0.117       |
|    n_updates            | 383         |
|    policy_gradient_loss | 0.00753     |
|    std                  | 0.617       |
|    value_loss           | 0.11        |
-----------------------------------------
Early stopping at step 0 due to reaching max kl: 0.03
----------------------------------------
| rollout/                |            |
|    ep_len_mean          | 608        |
|    ep_rew_mean          | 1.09e+03   |
| time/                   |            |
|    fps                  | 2627       |
|    iterations           | 336        |
|    time_elapsed         | 1047       |
|    total_timesteps      | 2752512    |
| train/                  |            |
|    approx_kl            | 0.01468299 |
|    clip_fraction        | 0.205      |
|    clip_range           | 0.2        |
|    entropy_loss         | -7.48      |
|    explained_variance   | 0.489      |
|    learning_rate        | 0.00019    |
|    loss                 | 0.0277     |
|    n_updates            | 384        |
|    policy_gradient_loss | 0.00646    |
|    std                  | 0.617      |
|    value_loss           | 0.0847     |
----------------------------------------
Early stopping at step 0 due to reaching max kl: 0.04
-----------------------------------------
| rollout/                |             |
|    ep_len_mean          | 622         |
|    ep_rew_mean          | 1.12e+03    |
| time/                   |             |
|    fps                  | 2627        |
|    iterations           | 337         |
|    time_elapsed         | 1050        |
|    total_timesteps      | 2760704     |
| train/                  |             |
|    approx_kl            | 0.015715808 |
|    clip_fraction        | 0.219       |
|    clip_range           | 0.2         |
|    entropy_loss         | -7.48       |
|    explained_variance   | 0.38        |
|    learning_rate        | 0.00019     |
|    loss                 | 0.0724      |
|    n_updates            | 385         |
|    policy_gradient_loss | 0.00861     |
|    std                  | 0.616       |
|    value_loss           | 0.072       |
-----------------------------------------
Early stopping at step 0 due to reaching max kl: 0.03
-----------------------------------------
| rollout/                |             |
|    ep_len_mean          | 683         |
|    ep_rew_mean          | 1.23e+03    |
| time/                   |             |
|    fps                  | 2627        |
|    iterations           | 338         |
|    time_elapsed         | 1053        |
|    total_timesteps      | 2768896     |
| train/                  |             |
|    approx_kl            | 0.009869928 |
|    clip_fraction        | 0.14        |
|    clip_range           | 0.2         |
|    entropy_loss         | -7.46       |
|    explained_variance   | 0.391       |
|    learning_rate        | 0.00019     |
|    loss                 | 0.0641      |
|    n_updates            | 386         |
|    policy_gradient_loss | 0.01        |
|    std                  | 0.615       |
|    value_loss           | 0.104       |
-----------------------------------------
Early stopping at step 0 due to reaching max kl: 0.03
-----------------------------------------
| rollout/                |             |
|    ep_len_mean          | 657         |
|    ep_rew_mean          | 1.18e+03    |
| time/                   |             |
|    fps                  | 2627        |
|    iterations           | 339         |
|    time_elapsed         | 1056        |
|    total_timesteps      | 2777088     |
| train/                  |             |
|    approx_kl            | 0.012369585 |
|    clip_fraction        | 0.171       |
|    clip_range           | 0.2         |
|    entropy_loss         | -7.45       |
|    explained_variance   | 0.328       |
|    learning_rate        | 0.000189    |
|    loss                 | -0.029      |
|    n_updates            | 387         |
|    policy_gradient_loss | 0.00915     |
|    std                  | 0.614       |
|    value_loss           | 0.0383      |
-----------------------------------------
Early stopping at step 0 due to reaching max kl: 0.03
-----------------------------------------
| rollout/                |             |
|    ep_len_mean          | 655         |
|    ep_rew_mean          | 1.16e+03    |
| time/                   |             |
|    fps                  | 2627        |
|    iterations           | 340         |
|    time_elapsed         | 1059        |
|    total_timesteps      | 2785280     |
| train/                  |             |
|    approx_kl            | 0.011879254 |
|    clip_fraction        | 0.161       |
|    clip_range           | 0.2         |
|    entropy_loss         | -7.45       |
|    explained_variance   | 0.409       |
|    learning_rate        | 0.000189    |
|    loss                 | 0.0473      |
|    n_updates            | 388         |
|    policy_gradient_loss | 0.00921     |
|    std                  | 0.614       |
|    value_loss           | 0.114       |
-----------------------------------------
Early stopping at step 0 due to reaching max kl: 0.03
-----------------------------------------
| rollout/                |             |
|    ep_len_mean          | 628         |
|    ep_rew_mean          | 1.12e+03    |
| time/                   |             |
|    fps                  | 2627        |
|    iterations           | 341         |
|    time_elapsed         | 1063        |
|    total_timesteps      | 2793472     |
| train/                  |             |
|    approx_kl            | 0.013868716 |
|    clip_fraction        | 0.193       |
|    clip_range           | 0.2         |
|    entropy_loss         | -7.44       |
|    explained_variance   | 0.396       |
|    learning_rate        | 0.000189    |
|    loss                 | 0.0943      |
|    n_updates            | 389         |
|    policy_gradient_loss | 0.00732     |
|    std                  | 0.614       |
|    value_loss           | 0.0841      |
-----------------------------------------
Early stopping at step 0 due to reaching max kl: 0.03
-----------------------------------------
| rollout/                |             |
|    ep_len_mean          | 651         |
|    ep_rew_mean          | 1.17e+03    |
| time/                   |             |
|    fps                  | 2627        |
|    iterations           | 342         |
|    time_elapsed         | 1066        |
|    total_timesteps      | 2801664     |
| train/                  |             |
|    approx_kl            | 0.013068722 |
|    clip_fraction        | 0.182       |
|    clip_range           | 0.2         |
|    entropy_loss         | -7.44       |
|    explained_variance   | 0.421       |
|    learning_rate        | 0.000188    |
|    loss                 | 0.00619     |
|    n_updates            | 390         |
|    policy_gradient_loss | 0.00732     |
|    std                  | 0.613       |
|    value_loss           | 0.124       |
-----------------------------------------
Early stopping at step 0 due to reaching max kl: 0.03
-----------------------------------------
| rollout/                |             |
|    ep_len_mean          | 646         |
|    ep_rew_mean          | 1.16e+03    |
| time/                   |             |
|    fps                  | 2627        |
|    iterations           | 343         |
|    time_elapsed         | 1069        |
|    total_timesteps      | 2809856     |
| train/                  |             |
|    approx_kl            | 0.014881639 |
|    clip_fraction        | 0.208       |
|    clip_range           | 0.2         |
|    entropy_loss         | -7.43       |
|    explained_variance   | 0.36        |
|    learning_rate        | 0.000188    |
|    loss                 | 0.0568      |
|    n_updates            | 391         |
|    policy_gradient_loss | 0.00648     |
|    std                  | 0.612       |
|    value_loss           | 0.0949      |
-----------------------------------------
Early stopping at step 0 due to reaching max kl: 0.03
-----------------------------------------
| rollout/                |             |
|    ep_len_mean          | 615         |
|    ep_rew_mean          | 1.1e+03     |
| time/                   |             |
|    fps                  | 2627        |
|    iterations           | 344         |
|    time_elapsed         | 1072        |
|    total_timesteps      | 2818048     |
| train/                  |             |
|    approx_kl            | 0.013538004 |
|    clip_fraction        | 0.187       |
|    clip_range           | 0.2         |
|    entropy_loss         | -7.41       |
|    explained_variance   | 0.497       |
|    learning_rate        | 0.000188    |
|    loss                 | 0.012       |
|    n_updates            | 392         |
|    policy_gradient_loss | 0.00696     |
|    std                  | 0.611       |
|    value_loss           | 0.0942      |
-----------------------------------------
Early stopping at step 0 due to reaching max kl: 0.03
-----------------------------------------
| rollout/                |             |
|    ep_len_mean          | 610         |
|    ep_rew_mean          | 1.1e+03     |
| time/                   |             |
|    fps                  | 2627        |
|    iterations           | 345         |
|    time_elapsed         | 1075        |
|    total_timesteps      | 2826240     |
| train/                  |             |
|    approx_kl            | 0.014490523 |
|    clip_fraction        | 0.202       |
|    clip_range           | 0.2         |
|    entropy_loss         | -7.4        |
|    explained_variance   | 0.35        |
|    learning_rate        | 0.000187    |
|    loss                 | 0.0902      |
|    n_updates            | 393         |
|    policy_gradient_loss | 0.00918     |
|    std                  | 0.61        |
|    value_loss           | 0.123       |
-----------------------------------------
Early stopping at step 0 due to reaching max kl: 0.03
-----------------------------------------
| rollout/                |             |
|    ep_len_mean          | 600         |
|    ep_rew_mean          | 1.1e+03     |
| time/                   |             |
|    fps                  | 2627        |
|    iterations           | 346         |
|    time_elapsed         | 1078        |
|    total_timesteps      | 2834432     |
| train/                  |             |
|    approx_kl            | 0.014170753 |
|    clip_fraction        | 0.201       |
|    clip_range           | 0.2         |
|    entropy_loss         | -7.39       |
|    explained_variance   | 0.389       |
|    learning_rate        | 0.000187    |
|    loss                 | -0.0191     |
|    n_updates            | 394         |
|    policy_gradient_loss | 0.00935     |
|    std                  | 0.609       |
|    value_loss           | 0.0797      |
-----------------------------------------
Early stopping at step 0 due to reaching max kl: 0.03
-----------------------------------------
| rollout/                |             |
|    ep_len_mean          | 608         |
|    ep_rew_mean          | 1.12e+03    |
| time/                   |             |
|    fps                  | 2627        |
|    iterations           | 347         |
|    time_elapsed         | 1081        |
|    total_timesteps      | 2842624     |
| train/                  |             |
|    approx_kl            | 0.013987239 |
|    clip_fraction        | 0.188       |
|    clip_range           | 0.2         |
|    entropy_loss         | -7.37       |
|    explained_variance   | 0.326       |
|    learning_rate        | 0.000187    |
|    loss                 | 0.101       |
|    n_updates            | 395         |
|    policy_gradient_loss | 0.00848     |
|    std                  | 0.608       |
|    value_loss           | 0.104       |
-----------------------------------------
Early stopping at step 0 due to reaching max kl: 0.03
----------------------------------------
| rollout/                |            |
|    ep_len_mean          | 606        |
|    ep_rew_mean          | 1.12e+03   |
| time/                   |            |
|    fps                  | 2628       |
|    iterations           | 348        |
|    time_elapsed         | 1084       |
|    total_timesteps      | 2850816    |
| train/                  |            |
|    approx_kl            | 0.00889533 |
|    clip_fraction        | 0.116      |
|    clip_range           | 0.2        |
|    entropy_loss         | -7.37      |
|    explained_variance   | 0.415      |
|    learning_rate        | 0.000186   |
|    loss                 | 0.0288     |
|    n_updates            | 396        |
|    policy_gradient_loss | 0.00655    |
|    std                  | 0.608      |
|    value_loss           | 0.0962     |
----------------------------------------
Early stopping at step 0 due to reaching max kl: 0.03
-----------------------------------------
| rollout/                |             |
|    ep_len_mean          | 602         |
|    ep_rew_mean          | 1.11e+03    |
| time/                   |             |
|    fps                  | 2628        |
|    iterations           | 349         |
|    time_elapsed         | 1087        |
|    total_timesteps      | 2859008     |
| train/                  |             |
|    approx_kl            | 0.015401106 |
|    clip_fraction        | 0.211       |
|    clip_range           | 0.2         |
|    entropy_loss         | -7.37       |
|    explained_variance   | 0.34        |
|    learning_rate        | 0.000186    |
|    loss                 | 0.0408      |
|    n_updates            | 397         |
|    policy_gradient_loss | 0.00578     |
|    std                  | 0.608       |
|    value_loss           | 0.0917      |
-----------------------------------------
Early stopping at step 0 due to reaching max kl: 0.03
-----------------------------------------
| rollout/                |             |
|    ep_len_mean          | 591         |
|    ep_rew_mean          | 1.1e+03     |
| time/                   |             |
|    fps                  | 2628        |
|    iterations           | 350         |
|    time_elapsed         | 1090        |
|    total_timesteps      | 2867200     |
| train/                  |             |
|    approx_kl            | 0.011243636 |
|    clip_fraction        | 0.157       |
|    clip_range           | 0.2         |
|    entropy_loss         | -7.36       |
|    explained_variance   | 0.481       |
|    learning_rate        | 0.000186    |
|    loss                 | 0.058       |
|    n_updates            | 398         |
|    policy_gradient_loss | 0.00781     |
|    std                  | 0.607       |
|    value_loss           | 0.157       |
-----------------------------------------
Early stopping at step 0 due to reaching max kl: 0.05
-----------------------------------------
| rollout/                |             |
|    ep_len_mean          | 605         |
|    ep_rew_mean          | 1.12e+03    |
| time/                   |             |
|    fps                  | 2628        |
|    iterations           | 351         |
|    time_elapsed         | 1094        |
|    total_timesteps      | 2875392     |
| train/                  |             |
|    approx_kl            | 0.011290458 |
|    clip_fraction        | 0.146       |
|    clip_range           | 0.2         |
|    entropy_loss         | -7.36       |
|    explained_variance   | 0.434       |
|    learning_rate        | 0.000185    |
|    loss                 | 0.152       |
|    n_updates            | 399         |
|    policy_gradient_loss | 0.00291     |
|    std                  | 0.607       |
|    value_loss           | 0.114       |
-----------------------------------------
Early stopping at step 0 due to reaching max kl: 0.03
-----------------------------------------
| rollout/                |             |
|    ep_len_mean          | 629         |
|    ep_rew_mean          | 1.17e+03    |
| time/                   |             |
|    fps                  | 2628        |
|    iterations           | 352         |
|    time_elapsed         | 1097        |
|    total_timesteps      | 2883584     |
| train/                  |             |
|    approx_kl            | 0.014062199 |
|    clip_fraction        | 0.193       |
|    clip_range           | 0.2         |
|    entropy_loss         | -7.35       |
|    explained_variance   | 0.492       |
|    learning_rate        | 0.000185    |
|    loss                 | 0.105       |
|    n_updates            | 400         |
|    policy_gradient_loss | 0.00714     |
|    std                  | 0.606       |
|    value_loss           | 0.102       |
-----------------------------------------
Early stopping at step 0 due to reaching max kl: 0.03
----------------------------------------
| rollout/                |            |
|    ep_len_mean          | 589        |
|    ep_rew_mean          | 1.09e+03   |
| time/                   |            |
|    fps                  | 2628       |
|    iterations           | 353        |
|    time_elapsed         | 1100       |
|    total_timesteps      | 2891776    |
| train/                  |            |
|    approx_kl            | 0.01203006 |
|    clip_fraction        | 0.158      |
|    clip_range           | 0.2        |
|    entropy_loss         | -7.34      |
|    explained_variance   | 0.328      |
|    learning_rate        | 0.000185   |
|    loss                 | 0.0893     |
|    n_updates            | 401        |
|    policy_gradient_loss | 0.00433    |
|    std                  | 0.606      |
|    value_loss           | 0.0598     |
----------------------------------------
Early stopping at step 0 due to reaching max kl: 0.03
-----------------------------------------
| rollout/                |             |
|    ep_len_mean          | 605         |
|    ep_rew_mean          | 1.13e+03    |
| time/                   |             |
|    fps                  | 2628        |
|    iterations           | 354         |
|    time_elapsed         | 1103        |
|    total_timesteps      | 2899968     |
| train/                  |             |
|    approx_kl            | 0.014840428 |
|    clip_fraction        | 0.205       |
|    clip_range           | 0.2         |
|    entropy_loss         | -7.34       |
|    explained_variance   | 0.589       |
|    learning_rate        | 0.000184    |
|    loss                 | 0.0302      |
|    n_updates            | 402         |
|    policy_gradient_loss | 0.00673     |
|    std                  | 0.605       |
|    value_loss           | 0.0931      |
-----------------------------------------
Early stopping at step 0 due to reaching max kl: 0.03
-----------------------------------------
| rollout/                |             |
|    ep_len_mean          | 581         |
|    ep_rew_mean          | 1.08e+03    |
| time/                   |             |
|    fps                  | 2628        |
|    iterations           | 355         |
|    time_elapsed         | 1106        |
|    total_timesteps      | 2908160     |
| train/                  |             |
|    approx_kl            | 0.009980863 |
|    clip_fraction        | 0.13        |
|    clip_range           | 0.2         |
|    entropy_loss         | -7.33       |
|    explained_variance   | 0.492       |
|    learning_rate        | 0.000184    |
|    loss                 | 0.031       |
|    n_updates            | 403         |
|    policy_gradient_loss | 0.00389     |
|    std                  | 0.605       |
|    value_loss           | 0.0975      |
-----------------------------------------
Early stopping at step 0 due to reaching max kl: 0.03
-----------------------------------------
| rollout/                |             |
|    ep_len_mean          | 588         |
|    ep_rew_mean          | 1.1e+03     |
| time/                   |             |
|    fps                  | 2628        |
|    iterations           | 356         |
|    time_elapsed         | 1109        |
|    total_timesteps      | 2916352     |
| train/                  |             |
|    approx_kl            | 0.011048586 |
|    clip_fraction        | 0.147       |
|    clip_range           | 0.2         |
|    entropy_loss         | -7.32       |
|    explained_variance   | 0.393       |
|    learning_rate        | 0.000184    |
|    loss                 | 0.0629      |
|    n_updates            | 404         |
|    policy_gradient_loss | 0.000381    |
|    std                  | 0.605       |
|    value_loss           | 0.138       |
-----------------------------------------
Early stopping at step 0 due to reaching max kl: 0.04
-----------------------------------------
| rollout/                |             |
|    ep_len_mean          | 606         |
|    ep_rew_mean          | 1.13e+03    |
| time/                   |             |
|    fps                  | 2628        |
|    iterations           | 357         |
|    time_elapsed         | 1112        |
|    total_timesteps      | 2924544     |
| train/                  |             |
|    approx_kl            | 0.010643576 |
|    clip_fraction        | 0.145       |
|    clip_range           | 0.2         |
|    entropy_loss         | -7.32       |
|    explained_variance   | 0.317       |
|    learning_rate        | 0.000183    |
|    loss                 | 0.0183      |
|    n_updates            | 405         |
|    policy_gradient_loss | 0.00367     |
|    std                  | 0.605       |
|    value_loss           | 0.0982      |
-----------------------------------------
Early stopping at step 0 due to reaching max kl: 0.03
-----------------------------------------
| rollout/                |             |
|    ep_len_mean          | 613         |
|    ep_rew_mean          | 1.15e+03    |
| time/                   |             |
|    fps                  | 2629        |
|    iterations           | 358         |
|    time_elapsed         | 1115        |
|    total_timesteps      | 2932736     |
| train/                  |             |
|    approx_kl            | 0.013667234 |
|    clip_fraction        | 0.179       |
|    clip_range           | 0.2         |
|    entropy_loss         | -7.32       |
|    explained_variance   | 0.471       |
|    learning_rate        | 0.000183    |
|    loss                 | 0.0433      |
|    n_updates            | 406         |
|    policy_gradient_loss | 0.00183     |
|    std                  | 0.604       |
|    value_loss           | 0.082       |
-----------------------------------------
Early stopping at step 0 due to reaching max kl: 0.03
-----------------------------------------
| rollout/                |             |
|    ep_len_mean          | 589         |
|    ep_rew_mean          | 1.1e+03     |
| time/                   |             |
|    fps                  | 2629        |
|    iterations           | 359         |
|    time_elapsed         | 1118        |
|    total_timesteps      | 2940928     |
| train/                  |             |
|    approx_kl            | 0.012102027 |
|    clip_fraction        | 0.169       |
|    clip_range           | 0.2         |
|    entropy_loss         | -7.31       |
|    explained_variance   | 0.495       |
|    learning_rate        | 0.000183    |
|    loss                 | 0.106       |
|    n_updates            | 407         |
|    policy_gradient_loss | 0.0099      |
|    std                  | 0.604       |
|    value_loss           | 0.0965      |
-----------------------------------------
Early stopping at step 0 due to reaching max kl: 0.03
------------------------------------------
| rollout/                |              |
|    ep_len_mean          | 604          |
|    ep_rew_mean          | 1.13e+03     |
| time/                   |              |
|    fps                  | 2629         |
|    iterations           | 360          |
|    time_elapsed         | 1121         |
|    total_timesteps      | 2949120      |
| train/                  |              |
|    approx_kl            | 0.0148763675 |
|    clip_fraction        | 0.205        |
|    clip_range           | 0.2          |
|    entropy_loss         | -7.3         |
|    explained_variance   | 0.385        |
|    learning_rate        | 0.000182     |
|    loss                 | 0.079        |
|    n_updates            | 408          |
|    policy_gradient_loss | 0.00659      |
|    std                  | 0.602        |
|    value_loss           | 0.11         |
------------------------------------------
Early stopping at step 0 due to reaching max kl: 0.04
-----------------------------------------
| rollout/                |             |
|    ep_len_mean          | 605         |
|    ep_rew_mean          | 1.13e+03    |
| time/                   |             |
|    fps                  | 2628        |
|    iterations           | 361         |
|    time_elapsed         | 1124        |
|    total_timesteps      | 2957312     |
| train/                  |             |
|    approx_kl            | 0.014147977 |
|    clip_fraction        | 0.202       |
|    clip_range           | 0.2         |
|    entropy_loss         | -7.29       |
|    explained_variance   | 0.454       |
|    learning_rate        | 0.000182    |
|    loss                 | 0.0312      |
|    n_updates            | 409         |
|    policy_gradient_loss | 0.00599     |
|    std                  | 0.602       |
|    value_loss           | 0.0604      |
-----------------------------------------
Early stopping at step 0 due to reaching max kl: 0.06
-----------------------------------------
| rollout/                |             |
|    ep_len_mean          | 614         |
|    ep_rew_mean          | 1.15e+03    |
| time/                   |             |
|    fps                  | 2628        |
|    iterations           | 362         |
|    time_elapsed         | 1128        |
|    total_timesteps      | 2965504     |
| train/                  |             |
|    approx_kl            | 0.014749408 |
|    clip_fraction        | 0.203       |
|    clip_range           | 0.2         |
|    entropy_loss         | -7.28       |
|    explained_variance   | 0.366       |
|    learning_rate        | 0.000182    |
|    loss                 | 0.0244      |
|    n_updates            | 410         |
|    policy_gradient_loss | 0.0041      |
|    std                  | 0.601       |
|    value_loss           | 0.107       |
-----------------------------------------
Early stopping at step 0 due to reaching max kl: 0.03
-----------------------------------------
| rollout/                |             |
|    ep_len_mean          | 637         |
|    ep_rew_mean          | 1.19e+03    |
| time/                   |             |
|    fps                  | 2628        |
|    iterations           | 363         |
|    time_elapsed         | 1131        |
|    total_timesteps      | 2973696     |
| train/                  |             |
|    approx_kl            | 0.015182271 |
|    clip_fraction        | 0.203       |
|    clip_range           | 0.2         |
|    entropy_loss         | -7.27       |
|    explained_variance   | 0.457       |
|    learning_rate        | 0.000181    |
|    loss                 | 0.0491      |
|    n_updates            | 411         |
|    policy_gradient_loss | 0.0069      |
|    std                  | 0.6         |
|    value_loss           | 0.054       |
-----------------------------------------
Early stopping at step 0 due to reaching max kl: 0.03
-----------------------------------------
| rollout/                |             |
|    ep_len_mean          | 648         |
|    ep_rew_mean          | 1.21e+03    |
| time/                   |             |
|    fps                  | 2628        |
|    iterations           | 364         |
|    time_elapsed         | 1134        |
|    total_timesteps      | 2981888     |
| train/                  |             |
|    approx_kl            | 0.010922258 |
|    clip_fraction        | 0.149       |
|    clip_range           | 0.2         |
|    entropy_loss         | -7.25       |
|    explained_variance   | 0.419       |
|    learning_rate        | 0.000181    |
|    loss                 | 0.103       |
|    n_updates            | 412         |
|    policy_gradient_loss | 0.0081      |
|    std                  | 0.599       |
|    value_loss           | 0.0831      |
-----------------------------------------
Early stopping at step 0 due to reaching max kl: 0.03
-----------------------------------------
| rollout/                |             |
|    ep_len_mean          | 655         |
|    ep_rew_mean          | 1.23e+03    |
| time/                   |             |
|    fps                  | 2629        |
|    iterations           | 365         |
|    time_elapsed         | 1137        |
|    total_timesteps      | 2990080     |
| train/                  |             |
|    approx_kl            | 0.011779497 |
|    clip_fraction        | 0.16        |
|    clip_range           | 0.2         |
|    entropy_loss         | -7.25       |
|    explained_variance   | 0.436       |
|    learning_rate        | 0.000181    |
|    loss                 | 0.0359      |
|    n_updates            | 413         |
|    policy_gradient_loss | 0.00493     |
|    std                  | 0.599       |
|    value_loss           | 0.0747      |
-----------------------------------------
Early stopping at step 0 due to reaching max kl: 0.03
-----------------------------------------
| rollout/                |             |
|    ep_len_mean          | 677         |
|    ep_rew_mean          | 1.28e+03    |
| time/                   |             |
|    fps                  | 2629        |
|    iterations           | 366         |
|    time_elapsed         | 1140        |
|    total_timesteps      | 2998272     |
| train/                  |             |
|    approx_kl            | 0.011219269 |
|    clip_fraction        | 0.154       |
|    clip_range           | 0.2         |
|    entropy_loss         | -7.25       |
|    explained_variance   | 0.39        |
|    learning_rate        | 0.00018     |
|    loss                 | 0.0189      |
|    n_updates            | 414         |
|    policy_gradient_loss | 0.00481     |
|    std                  | 0.599       |
|    value_loss           | 0.0468      |
-----------------------------------------
Early stopping at step 0 due to reaching max kl: 0.03
----------------------------------------
| rollout/                |            |
|    ep_len_mean          | 707        |
|    ep_rew_mean          | 1.33e+03   |
| time/                   |            |
|    fps                  | 2629       |
|    iterations           | 367        |
|    time_elapsed         | 1143       |
|    total_timesteps      | 3006464    |
| train/                  |            |
|    approx_kl            | 0.01330927 |
|    clip_fraction        | 0.178      |
|    clip_range           | 0.2        |
|    entropy_loss         | -7.24      |
|    explained_variance   | 0.399      |
|    learning_rate        | 0.00018    |
|    loss                 | 0.000479   |
|    n_updates            | 415        |
|    policy_gradient_loss | 0.0053     |
|    std                  | 0.598      |
|    value_loss           | 0.0506     |
----------------------------------------
Early stopping at step 0 due to reaching max kl: 0.03
-----------------------------------------
| rollout/                |             |
|    ep_len_mean          | 700         |
|    ep_rew_mean          | 1.33e+03    |
| time/                   |             |
|    fps                  | 2628        |
|    iterations           | 368         |
|    time_elapsed         | 1146        |
|    total_timesteps      | 3014656     |
| train/                  |             |
|    approx_kl            | 0.016096573 |
|    clip_fraction        | 0.231       |
|    clip_range           | 0.2         |
|    entropy_loss         | -7.23       |
|    explained_variance   | 0.345       |
|    learning_rate        | 0.00018     |
|    loss                 | 0.0327      |
|    n_updates            | 416         |
|    policy_gradient_loss | 0.00927     |
|    std                  | 0.597       |
|    value_loss           | 0.0672      |
-----------------------------------------
Early stopping at step 0 due to reaching max kl: 0.03
-----------------------------------------
| rollout/                |             |
|    ep_len_mean          | 654         |
|    ep_rew_mean          | 1.24e+03    |
| time/                   |             |
|    fps                  | 2629        |
|    iterations           | 369         |
|    time_elapsed         | 1149        |
|    total_timesteps      | 3022848     |
| train/                  |             |
|    approx_kl            | 0.011992267 |
|    clip_fraction        | 0.157       |
|    clip_range           | 0.2         |
|    entropy_loss         | -7.22       |
|    explained_variance   | 0.391       |
|    learning_rate        | 0.000179    |
|    loss                 | 0.0596      |
|    n_updates            | 417         |
|    policy_gradient_loss | 0.00433     |
|    std                  | 0.597       |
|    value_loss           | 0.128       |
-----------------------------------------
Early stopping at step 0 due to reaching max kl: 0.03
-----------------------------------------
| rollout/                |             |
|    ep_len_mean          | 665         |
|    ep_rew_mean          | 1.26e+03    |
| time/                   |             |
|    fps                  | 2629        |
|    iterations           | 370         |
|    time_elapsed         | 1152        |
|    total_timesteps      | 3031040     |
| train/                  |             |
|    approx_kl            | 0.011242096 |
|    clip_fraction        | 0.152       |
|    clip_range           | 0.2         |
|    entropy_loss         | -7.22       |
|    explained_variance   | 0.356       |
|    learning_rate        | 0.000179    |
|    loss                 | 0.127       |
|    n_updates            | 418         |
|    policy_gradient_loss | 0.00585     |
|    std                  | 0.597       |
|    value_loss           | 0.181       |
-----------------------------------------
Early stopping at step 0 due to reaching max kl: 0.03
----------------------------------------
| rollout/                |            |
|    ep_len_mean          | 649        |
|    ep_rew_mean          | 1.24e+03   |
| time/                   |            |
|    fps                  | 2629       |
|    iterations           | 371        |
|    time_elapsed         | 1155       |
|    total_timesteps      | 3039232    |
| train/                  |            |
|    approx_kl            | 0.01066322 |
|    clip_fraction        | 0.146      |
|    clip_range           | 0.2        |
|    entropy_loss         | -7.21      |
|    explained_variance   | 0.391      |
|    learning_rate        | 0.000179   |
|    loss                 | 0.0562     |
|    n_updates            | 419        |
|    policy_gradient_loss | 0.0071     |
|    std                  | 0.596      |
|    value_loss           | 0.0619     |
----------------------------------------
Early stopping at step 0 due to reaching max kl: 0.04
-----------------------------------------
| rollout/                |             |
|    ep_len_mean          | 643         |
|    ep_rew_mean          | 1.23e+03    |
| time/                   |             |
|    fps                  | 2629        |
|    iterations           | 372         |
|    time_elapsed         | 1158        |
|    total_timesteps      | 3047424     |
| train/                  |             |
|    approx_kl            | 0.013743159 |
|    clip_fraction        | 0.179       |
|    clip_range           | 0.2         |
|    entropy_loss         | -7.2        |
|    explained_variance   | 0.452       |
|    learning_rate        | 0.000178    |
|    loss                 | 0.101       |
|    n_updates            | 420         |
|    policy_gradient_loss | 0.0085      |
|    std                  | 0.595       |
|    value_loss           | 0.13        |
-----------------------------------------
Early stopping at step 0 due to reaching max kl: 0.03
-----------------------------------------
| rollout/                |             |
|    ep_len_mean          | 629         |
|    ep_rew_mean          | 1.2e+03     |
| time/                   |             |
|    fps                  | 2629        |
|    iterations           | 373         |
|    time_elapsed         | 1162        |
|    total_timesteps      | 3055616     |
| train/                  |             |
|    approx_kl            | 0.012496198 |
|    clip_fraction        | 0.166       |
|    clip_range           | 0.2         |
|    entropy_loss         | -7.19       |
|    explained_variance   | 0.29        |
|    learning_rate        | 0.000178    |
|    loss                 | 0.146       |
|    n_updates            | 421         |
|    policy_gradient_loss | 0.00916     |
|    std                  | 0.595       |
|    value_loss           | 0.133       |
-----------------------------------------
Early stopping at step 1 due to reaching max kl: 0.03
-----------------------------------------
| rollout/                |             |
|    ep_len_mean          | 590         |
|    ep_rew_mean          | 1.13e+03    |
| time/                   |             |
|    fps                  | 2629        |
|    iterations           | 374         |
|    time_elapsed         | 1165        |
|    total_timesteps      | 3063808     |
| train/                  |             |
|    approx_kl            | 0.024762176 |
|    clip_fraction        | 0.213       |
|    clip_range           | 0.2         |
|    entropy_loss         | -7.18       |
|    explained_variance   | 0.414       |
|    learning_rate        | 0.000178    |
|    loss                 | 0.0481      |
|    n_updates            | 423         |
|    policy_gradient_loss | 0.0056      |
|    std                  | 0.593       |
|    value_loss           | 0.0861      |
-----------------------------------------
Early stopping at step 0 due to reaching max kl: 0.03
-----------------------------------------
| rollout/                |             |
|    ep_len_mean          | 600         |
|    ep_rew_mean          | 1.15e+03    |
| time/                   |             |
|    fps                  | 2629        |
|    iterations           | 375         |
|    time_elapsed         | 1168        |
|    total_timesteps      | 3072000     |
| train/                  |             |
|    approx_kl            | 0.013397733 |
|    clip_fraction        | 0.186       |
|    clip_range           | 0.2         |
|    entropy_loss         | -7.16       |
|    explained_variance   | 0.392       |
|    learning_rate        | 0.000177    |
|    loss                 | 0.0518      |
|    n_updates            | 424         |
|    policy_gradient_loss | 0.00657     |
|    std                  | 0.592       |
|    value_loss           | 0.114       |
-----------------------------------------
Early stopping at step 0 due to reaching max kl: 0.05
---------------------------------------
| rollout/                |           |
|    ep_len_mean          | 620       |
|    ep_rew_mean          | 1.19e+03  |
| time/                   |           |
|    fps                  | 2629      |
|    iterations           | 376       |
|    time_elapsed         | 1171      |
|    total_timesteps      | 3080192   |
| train/                  |           |
|    approx_kl            | 0.0135639 |
|    clip_fraction        | 0.182     |
|    clip_range           | 0.2       |
|    entropy_loss         | -7.15     |
|    explained_variance   | 0.541     |
|    learning_rate        | 0.000177  |
|    loss                 | 0.069     |
|    n_updates            | 425       |
|    policy_gradient_loss | 0.00679   |
|    std                  | 0.591     |
|    value_loss           | 0.0662    |
---------------------------------------
Early stopping at step 0 due to reaching max kl: 0.03
-----------------------------------------
| rollout/                |             |
|    ep_len_mean          | 641         |
|    ep_rew_mean          | 1.23e+03    |
| time/                   |             |
|    fps                  | 2629        |
|    iterations           | 377         |
|    time_elapsed         | 1174        |
|    total_timesteps      | 3088384     |
| train/                  |             |
|    approx_kl            | 0.012358796 |
|    clip_fraction        | 0.17        |
|    clip_range           | 0.2         |
|    entropy_loss         | -7.14       |
|    explained_variance   | 0.36        |
|    learning_rate        | 0.000177    |
|    loss                 | 0.0115      |
|    n_updates            | 426         |
|    policy_gradient_loss | 0.00589     |
|    std                  | 0.591       |
|    value_loss           | 0.0758      |
-----------------------------------------
Early stopping at step 0 due to reaching max kl: 0.03
-----------------------------------------
| rollout/                |             |
|    ep_len_mean          | 628         |
|    ep_rew_mean          | 1.21e+03    |
| time/                   |             |
|    fps                  | 2629        |
|    iterations           | 378         |
|    time_elapsed         | 1177        |
|    total_timesteps      | 3096576     |
| train/                  |             |
|    approx_kl            | 0.014270232 |
|    clip_fraction        | 0.195       |
|    clip_range           | 0.2         |
|    entropy_loss         | -7.14       |
|    explained_variance   | 0.374       |
|    learning_rate        | 0.000176    |
|    loss                 | 0.0122      |
|    n_updates            | 427         |
|    policy_gradient_loss | 0.00828     |
|    std                  | 0.591       |
|    value_loss           | 0.0991      |
-----------------------------------------
Early stopping at step 0 due to reaching max kl: 0.03
-----------------------------------------
| rollout/                |             |
|    ep_len_mean          | 640         |
|    ep_rew_mean          | 1.24e+03    |
| time/                   |             |
|    fps                  | 2629        |
|    iterations           | 379         |
|    time_elapsed         | 1180        |
|    total_timesteps      | 3104768     |
| train/                  |             |
|    approx_kl            | 0.012291056 |
|    clip_fraction        | 0.165       |
|    clip_range           | 0.2         |
|    entropy_loss         | -7.13       |
|    explained_variance   | 0.338       |
|    learning_rate        | 0.000176    |
|    loss                 | 0.0967      |
|    n_updates            | 428         |
|    policy_gradient_loss | 0.00727     |
|    std                  | 0.59        |
|    value_loss           | 0.0692      |
-----------------------------------------
Early stopping at step 0 due to reaching max kl: 0.03
-----------------------------------------
| rollout/                |             |
|    ep_len_mean          | 667         |
|    ep_rew_mean          | 1.29e+03    |
| time/                   |             |
|    fps                  | 2629        |
|    iterations           | 380         |
|    time_elapsed         | 1183        |
|    total_timesteps      | 3112960     |
| train/                  |             |
|    approx_kl            | 0.014393385 |
|    clip_fraction        | 0.204       |
|    clip_range           | 0.2         |
|    entropy_loss         | -7.13       |
|    explained_variance   | 0.382       |
|    learning_rate        | 0.000176    |
|    loss                 | 0.0549      |
|    n_updates            | 429         |
|    policy_gradient_loss | 0.00691     |
|    std                  | 0.59        |
|    value_loss           | 0.0895      |
-----------------------------------------
Early stopping at step 1 due to reaching max kl: 0.03
-----------------------------------------
| rollout/                |             |
|    ep_len_mean          | 682         |
|    ep_rew_mean          | 1.31e+03    |
| time/                   |             |
|    fps                  | 2628        |
|    iterations           | 381         |
|    time_elapsed         | 1187        |
|    total_timesteps      | 3121152     |
| train/                  |             |
|    approx_kl            | 0.033990525 |
|    clip_fraction        | 0.198       |
|    clip_range           | 0.2         |
|    entropy_loss         | -7.12       |
|    explained_variance   | 0.301       |
|    learning_rate        | 0.000175    |
|    loss                 | 0.0783      |
|    n_updates            | 431         |
|    policy_gradient_loss | 0.00842     |
|    std                  | 0.589       |
|    value_loss           | 0.0864      |
-----------------------------------------
Early stopping at step 0 due to reaching max kl: 0.03
-----------------------------------------
| rollout/                |             |
|    ep_len_mean          | 677         |
|    ep_rew_mean          | 1.3e+03     |
| time/                   |             |
|    fps                  | 2629        |
|    iterations           | 382         |
|    time_elapsed         | 1190        |
|    total_timesteps      | 3129344     |
| train/                  |             |
|    approx_kl            | 0.010597362 |
|    clip_fraction        | 0.149       |
|    clip_range           | 0.2         |
|    entropy_loss         | -7.11       |
|    explained_variance   | 0.337       |
|    learning_rate        | 0.000175    |
|    loss                 | 0.101       |
|    n_updates            | 432         |
|    policy_gradient_loss | 0.00265     |
|    std                  | 0.589       |
|    value_loss           | 0.0704      |
-----------------------------------------
Early stopping at step 0 due to reaching max kl: 0.03
-----------------------------------------
| rollout/                |             |
|    ep_len_mean          | 676         |
|    ep_rew_mean          | 1.31e+03    |
| time/                   |             |
|    fps                  | 2629        |
|    iterations           | 383         |
|    time_elapsed         | 1193        |
|    total_timesteps      | 3137536     |
| train/                  |             |
|    approx_kl            | 0.014380551 |
|    clip_fraction        | 0.203       |
|    clip_range           | 0.2         |
|    entropy_loss         | -7.11       |
|    explained_variance   | 0.355       |
|    learning_rate        | 0.000175    |
|    loss                 | 0.0716      |
|    n_updates            | 433         |
|    policy_gradient_loss | 0.00417     |
|    std                  | 0.588       |
|    value_loss           | 0.0759      |
-----------------------------------------
Early stopping at step 0 due to reaching max kl: 0.03
-----------------------------------------
| rollout/                |             |
|    ep_len_mean          | 653         |
|    ep_rew_mean          | 1.27e+03    |
| time/                   |             |
|    fps                  | 2629        |
|    iterations           | 384         |
|    time_elapsed         | 1196        |
|    total_timesteps      | 3145728     |
| train/                  |             |
|    approx_kl            | 0.013851397 |
|    clip_fraction        | 0.195       |
|    clip_range           | 0.2         |
|    entropy_loss         | -7.1        |
|    explained_variance   | 0.277       |
|    learning_rate        | 0.000174    |
|    loss                 | 0.0758      |
|    n_updates            | 434         |
|    policy_gradient_loss | 0.00659     |
|    std                  | 0.588       |
|    value_loss           | 0.125       |
-----------------------------------------
Early stopping at step 0 due to reaching max kl: 0.03
-----------------------------------------
| rollout/                |             |
|    ep_len_mean          | 655         |
|    ep_rew_mean          | 1.26e+03    |
| time/                   |             |
|    fps                  | 2629        |
|    iterations           | 385         |
|    time_elapsed         | 1199        |
|    total_timesteps      | 3153920     |
| train/                  |             |
|    approx_kl            | 0.013652669 |
|    clip_fraction        | 0.19        |
|    clip_range           | 0.2         |
|    entropy_loss         | -7.09       |
|    explained_variance   | 0.296       |
|    learning_rate        | 0.000174    |
|    loss                 | 0.165       |
|    n_updates            | 435         |
|    policy_gradient_loss | 0.00561     |
|    std                  | 0.587       |
|    value_loss           | 0.103       |
-----------------------------------------
Early stopping at step 1 due to reaching max kl: 0.03
[Progress] Training 5/6: 3,154,156/5,000,000 steps (63.1%); 1 full runs remain afterward; rough training ETA 43m.
---------------------------------------
| rollout/                |           |
|    ep_len_mean          | 662       |
|    ep_rew_mean          | 1.28e+03  |
| time/                   |           |
|    fps                  | 2628      |
|    iterations           | 386       |
|    time_elapsed         | 1202      |
|    total_timesteps      | 3162112   |
| train/                  |           |
|    approx_kl            | 0.0309983 |
|    clip_fraction        | 0.214     |
|    clip_range           | 0.2       |
|    entropy_loss         | -7.09     |
|    explained_variance   | 0.328     |
|    learning_rate        | 0.000174  |
|    loss                 | 0.137     |
|    n_updates            | 437       |
|    policy_gradient_loss | 0.00845   |
|    std                  | 0.587     |
|    value_loss           | 0.0674    |
---------------------------------------
Early stopping at step 0 due to reaching max kl: 0.04
-----------------------------------------
| rollout/                |             |
|    ep_len_mean          | 675         |
|    ep_rew_mean          | 1.31e+03    |
| time/                   |             |
|    fps                  | 2629        |
|    iterations           | 387         |
|    time_elapsed         | 1205        |
|    total_timesteps      | 3170304     |
| train/                  |             |
|    approx_kl            | 0.012609789 |
|    clip_fraction        | 0.177       |
|    clip_range           | 0.2         |
|    entropy_loss         | -7.08       |
|    explained_variance   | 0.356       |
|    learning_rate        | 0.000174    |
|    loss                 | 0.0798      |
|    n_updates            | 438         |
|    policy_gradient_loss | 0.00853     |
|    std                  | 0.587       |
|    value_loss           | 0.123       |
-----------------------------------------
Early stopping at step 0 due to reaching max kl: 0.03
-----------------------------------------
| rollout/                |             |
|    ep_len_mean          | 613         |
|    ep_rew_mean          | 1.2e+03     |
| time/                   |             |
|    fps                  | 2629        |
|    iterations           | 388         |
|    time_elapsed         | 1208        |
|    total_timesteps      | 3178496     |
| train/                  |             |
|    approx_kl            | 0.011919255 |
|    clip_fraction        | 0.173       |
|    clip_range           | 0.2         |
|    entropy_loss         | -7.07       |
|    explained_variance   | 0.215       |
|    learning_rate        | 0.000173    |
|    loss                 | 0.0205      |
|    n_updates            | 439         |
|    policy_gradient_loss | 0.00542     |
|    std                  | 0.586       |
|    value_loss           | 0.0438      |
-----------------------------------------
Early stopping at step 0 due to reaching max kl: 0.03
----------------------------------------
| rollout/                |            |
|    ep_len_mean          | 606        |
|    ep_rew_mean          | 1.19e+03   |
| time/                   |            |
|    fps                  | 2629       |
|    iterations           | 389        |
|    time_elapsed         | 1212       |
|    total_timesteps      | 3186688    |
| train/                  |            |
|    approx_kl            | 0.01249124 |
|    clip_fraction        | 0.174      |
|    clip_range           | 0.2        |
|    entropy_loss         | -7.06      |
|    explained_variance   | 0.338      |
|    learning_rate        | 0.000173   |
|    loss                 | 0.111      |
|    n_updates            | 440        |
|    policy_gradient_loss | 0.00518    |
|    std                  | 0.585      |
|    value_loss           | 0.185      |
----------------------------------------
Early stopping at step 0 due to reaching max kl: 0.04
------------------------------------------
| rollout/                |              |
|    ep_len_mean          | 600          |
|    ep_rew_mean          | 1.17e+03     |
| time/                   |              |
|    fps                  | 2629         |
|    iterations           | 390          |
|    time_elapsed         | 1215         |
|    total_timesteps      | 3194880      |
| train/                  |              |
|    approx_kl            | 0.0124782445 |
|    clip_fraction        | 0.181        |
|    clip_range           | 0.2          |
|    entropy_loss         | -7.05        |
|    explained_variance   | 0.498        |
|    learning_rate        | 0.000173     |
|    loss                 | 0.018        |
|    n_updates            | 441          |
|    policy_gradient_loss | 0.00556      |
|    std                  | 0.584        |
|    value_loss           | 0.116        |
------------------------------------------
Early stopping at step 0 due to reaching max kl: 0.04
-----------------------------------------
| rollout/                |             |
|    ep_len_mean          | 597         |
|    ep_rew_mean          | 1.17e+03    |
| time/                   |             |
|    fps                  | 2629        |
|    iterations           | 391         |
|    time_elapsed         | 1218        |
|    total_timesteps      | 3203072     |
| train/                  |             |
|    approx_kl            | 0.012722296 |
|    clip_fraction        | 0.168       |
|    clip_range           | 0.2         |
|    entropy_loss         | -7.05       |
|    explained_variance   | 0.347       |
|    learning_rate        | 0.000172    |
|    loss                 | 0.151       |
|    n_updates            | 442         |
|    policy_gradient_loss | 0.00305     |
|    std                  | 0.584       |
|    value_loss           | 0.116       |
-----------------------------------------
Early stopping at step 0 due to reaching max kl: 0.03
-----------------------------------------
| rollout/                |             |
|    ep_len_mean          | 579         |
|    ep_rew_mean          | 1.15e+03    |
| time/                   |             |
|    fps                  | 2629        |
|    iterations           | 392         |
|    time_elapsed         | 1221        |
|    total_timesteps      | 3211264     |
| train/                  |             |
|    approx_kl            | 0.013561964 |
|    clip_fraction        | 0.179       |
|    clip_range           | 0.2         |
|    entropy_loss         | -7.04       |
|    explained_variance   | 0.328       |
|    learning_rate        | 0.000172    |
|    loss                 | 0.000762    |
|    n_updates            | 443         |
|    policy_gradient_loss | 0.00756     |
|    std                  | 0.583       |
|    value_loss           | 0.12        |
-----------------------------------------
Early stopping at step 0 due to reaching max kl: 0.03
-----------------------------------------
| rollout/                |             |
|    ep_len_mean          | 566         |
|    ep_rew_mean          | 1.13e+03    |
| time/                   |             |
|    fps                  | 2629        |
|    iterations           | 393         |
|    time_elapsed         | 1224        |
|    total_timesteps      | 3219456     |
| train/                  |             |
|    approx_kl            | 0.012409326 |
|    clip_fraction        | 0.164       |
|    clip_range           | 0.2         |
|    entropy_loss         | -7.03       |
|    explained_variance   | 0.385       |
|    learning_rate        | 0.000172    |
|    loss                 | 0.0637      |
|    n_updates            | 444         |
|    policy_gradient_loss | 0.000897    |
|    std                  | 0.583       |
|    value_loss           | 0.128       |
-----------------------------------------
Early stopping at step 0 due to reaching max kl: 0.03
-----------------------------------------
| rollout/                |             |
|    ep_len_mean          | 556         |
|    ep_rew_mean          | 1.11e+03    |
| time/                   |             |
|    fps                  | 2629        |
|    iterations           | 394         |
|    time_elapsed         | 1227        |
|    total_timesteps      | 3227648     |
| train/                  |             |
|    approx_kl            | 0.013103406 |
|    clip_fraction        | 0.179       |
|    clip_range           | 0.2         |
|    entropy_loss         | -7.02       |
|    explained_variance   | 0.38        |
|    learning_rate        | 0.000171    |
|    loss                 | 0.0683      |
|    n_updates            | 445         |
|    policy_gradient_loss | 0.00426     |
|    std                  | 0.582       |
|    value_loss           | 0.132       |
-----------------------------------------
Early stopping at step 0 due to reaching max kl: 0.03
-----------------------------------------
| rollout/                |             |
|    ep_len_mean          | 573         |
|    ep_rew_mean          | 1.14e+03    |
| time/                   |             |
|    fps                  | 2629        |
|    iterations           | 395         |
|    time_elapsed         | 1230        |
|    total_timesteps      | 3235840     |
| train/                  |             |
|    approx_kl            | 0.014446075 |
|    clip_fraction        | 0.2         |
|    clip_range           | 0.2         |
|    entropy_loss         | -7.02       |
|    explained_variance   | 0.352       |
|    learning_rate        | 0.000171    |
|    loss                 | 0.0684      |
|    n_updates            | 446         |
|    policy_gradient_loss | 0.00797     |
|    std                  | 0.582       |
|    value_loss           | 0.153       |
-----------------------------------------
Early stopping at step 0 due to reaching max kl: 0.03
------------------------------------------
| rollout/                |              |
|    ep_len_mean          | 586          |
|    ep_rew_mean          | 1.17e+03     |
| time/                   |              |
|    fps                  | 2629         |
|    iterations           | 396          |
|    time_elapsed         | 1233         |
|    total_timesteps      | 3244032      |
| train/                  |              |
|    approx_kl            | 0.0142436875 |
|    clip_fraction        | 0.193        |
|    clip_range           | 0.2          |
|    entropy_loss         | -7.01        |
|    explained_variance   | 0.544        |
|    learning_rate        | 0.000171     |
|    loss                 | 0.00349      |
|    n_updates            | 447          |
|    policy_gradient_loss | 0.00531      |
|    std                  | 0.581        |
|    value_loss           | 0.076        |
------------------------------------------
Early stopping at step 0 due to reaching max kl: 0.03
----------------------------------------
| rollout/                |            |
|    ep_len_mean          | 599        |
|    ep_rew_mean          | 1.19e+03   |
| time/                   |            |
|    fps                  | 2629       |
|    iterations           | 397        |
|    time_elapsed         | 1236       |
|    total_timesteps      | 3252224    |
| train/                  |            |
|    approx_kl            | 0.01024561 |
|    clip_fraction        | 0.14       |
|    clip_range           | 0.2        |
|    entropy_loss         | -7.01      |
|    explained_variance   | 0.441      |
|    learning_rate        | 0.00017    |
|    loss                 | 0.0504     |
|    n_updates            | 448        |
|    policy_gradient_loss | 0.00591    |
|    std                  | 0.581      |
|    value_loss           | 0.111      |
----------------------------------------
Early stopping at step 0 due to reaching max kl: 0.04
----------------------------------------
| rollout/                |            |
|    ep_len_mean          | 575        |
|    ep_rew_mean          | 1.15e+03   |
| time/                   |            |
|    fps                  | 2629       |
|    iterations           | 398        |
|    time_elapsed         | 1240       |
|    total_timesteps      | 3260416    |
| train/                  |            |
|    approx_kl            | 0.01357105 |
|    clip_fraction        | 0.186      |
|    clip_range           | 0.2        |
|    entropy_loss         | -7         |
|    explained_variance   | 0.511      |
|    learning_rate        | 0.00017    |
|    loss                 | 0.104      |
|    n_updates            | 449        |
|    policy_gradient_loss | 0.00379    |
|    std                  | 0.581      |
|    value_loss           | 0.119      |
----------------------------------------
Early stopping at step 0 due to reaching max kl: 0.03
-----------------------------------------
| rollout/                |             |
|    ep_len_mean          | 579         |
|    ep_rew_mean          | 1.15e+03    |
| time/                   |             |
|    fps                  | 2629        |
|    iterations           | 399         |
|    time_elapsed         | 1243        |
|    total_timesteps      | 3268608     |
| train/                  |             |
|    approx_kl            | 0.011063931 |
|    clip_fraction        | 0.143       |
|    clip_range           | 0.2         |
|    entropy_loss         | -7          |
|    explained_variance   | 0.362       |
|    learning_rate        | 0.00017     |
|    loss                 | 0.072       |
|    n_updates            | 450         |
|    policy_gradient_loss | 0.00129     |
|    std                  | 0.581       |
|    value_loss           | 0.151       |
-----------------------------------------
Early stopping at step 0 due to reaching max kl: 0.03
-----------------------------------------
| rollout/                |             |
|    ep_len_mean          | 592         |
|    ep_rew_mean          | 1.18e+03    |
| time/                   |             |
|    fps                  | 2629        |
|    iterations           | 400         |
|    time_elapsed         | 1246        |
|    total_timesteps      | 3276800     |
| train/                  |             |
|    approx_kl            | 0.011276086 |
|    clip_fraction        | 0.152       |
|    clip_range           | 0.2         |
|    entropy_loss         | -7          |
|    explained_variance   | 0.325       |
|    learning_rate        | 0.000169    |
|    loss                 | 0.0243      |
|    n_updates            | 451         |
|    policy_gradient_loss | 0.00646     |
|    std                  | 0.58        |
|    value_loss           | 0.126       |
-----------------------------------------
Early stopping at step 1 due to reaching max kl: 0.03
-----------------------------------------
| rollout/                |             |
|    ep_len_mean          | 599         |
|    ep_rew_mean          | 1.2e+03     |
| time/                   |             |
|    fps                  | 2629        |
|    iterations           | 401         |
|    time_elapsed         | 1249        |
|    total_timesteps      | 3284992     |
| train/                  |             |
|    approx_kl            | 0.025220886 |
|    clip_fraction        | 0.213       |
|    clip_range           | 0.2         |
|    entropy_loss         | -6.98       |
|    explained_variance   | 0.608       |
|    learning_rate        | 0.000169    |
|    loss                 | 0.0123      |
|    n_updates            | 453         |
|    policy_gradient_loss | 0.00549     |
|    std                  | 0.579       |
|    value_loss           | 0.0853      |
-----------------------------------------
Early stopping at step 0 due to reaching max kl: 0.03
-----------------------------------------
| rollout/                |             |
|    ep_len_mean          | 608         |
|    ep_rew_mean          | 1.21e+03    |
| time/                   |             |
|    fps                  | 2629        |
|    iterations           | 402         |
|    time_elapsed         | 1252        |
|    total_timesteps      | 3293184     |
| train/                  |             |
|    approx_kl            | 0.011352327 |
|    clip_fraction        | 0.153       |
|    clip_range           | 0.2         |
|    entropy_loss         | -6.97       |
|    explained_variance   | 0.545       |
|    learning_rate        | 0.000169    |
|    loss                 | 0.119       |
|    n_updates            | 454         |
|    policy_gradient_loss | 0.006       |
|    std                  | 0.578       |
|    value_loss           | 0.0848      |
-----------------------------------------
Early stopping at step 0 due to reaching max kl: 0.03
-----------------------------------------
| rollout/                |             |
|    ep_len_mean          | 599         |
|    ep_rew_mean          | 1.2e+03     |
| time/                   |             |
|    fps                  | 2629        |
|    iterations           | 403         |
|    time_elapsed         | 1255        |
|    total_timesteps      | 3301376     |
| train/                  |             |
|    approx_kl            | 0.013592604 |
|    clip_fraction        | 0.194       |
|    clip_range           | 0.2         |
|    entropy_loss         | -6.96       |
|    explained_variance   | 0.523       |
|    learning_rate        | 0.000168    |
|    loss                 | 0.123       |
|    n_updates            | 455         |
|    policy_gradient_loss | 0.00619     |
|    std                  | 0.577       |
|    value_loss           | 0.0913      |
-----------------------------------------
Early stopping at step 0 due to reaching max kl: 0.03
-----------------------------------------
| rollout/                |             |
|    ep_len_mean          | 584         |
|    ep_rew_mean          | 1.17e+03    |
| time/                   |             |
|    fps                  | 2629        |
|    iterations           | 404         |
|    time_elapsed         | 1258        |
|    total_timesteps      | 3309568     |
| train/                  |             |
|    approx_kl            | 0.013965742 |
|    clip_fraction        | 0.189       |
|    clip_range           | 0.2         |
|    entropy_loss         | -6.94       |
|    explained_variance   | 0.326       |
|    learning_rate        | 0.000168    |
|    loss                 | 0.0544      |
|    n_updates            | 456         |
|    policy_gradient_loss | 0.00339     |
|    std                  | 0.576       |
|    value_loss           | 0.111       |
-----------------------------------------
Early stopping at step 0 due to reaching max kl: 0.04
-----------------------------------------
| rollout/                |             |
|    ep_len_mean          | 614         |
|    ep_rew_mean          | 1.23e+03    |
| time/                   |             |
|    fps                  | 2629        |
|    iterations           | 405         |
|    time_elapsed         | 1261        |
|    total_timesteps      | 3317760     |
| train/                  |             |
|    approx_kl            | 0.013126934 |
|    clip_fraction        | 0.185       |
|    clip_range           | 0.2         |
|    entropy_loss         | -6.93       |
|    explained_variance   | 0.31        |
|    learning_rate        | 0.000168    |
|    loss                 | 0.143       |
|    n_updates            | 457         |
|    policy_gradient_loss | 0.00896     |
|    std                  | 0.576       |
|    value_loss           | 0.128       |
-----------------------------------------
Early stopping at step 0 due to reaching max kl: 0.03
-----------------------------------------
| rollout/                |             |
|    ep_len_mean          | 624         |
|    ep_rew_mean          | 1.25e+03    |
| time/                   |             |
|    fps                  | 2629        |
|    iterations           | 406         |
|    time_elapsed         | 1264        |
|    total_timesteps      | 3325952     |
| train/                  |             |
|    approx_kl            | 0.012240262 |
|    clip_fraction        | 0.167       |
|    clip_range           | 0.2         |
|    entropy_loss         | -6.93       |
|    explained_variance   | 0.296       |
|    learning_rate        | 0.000167    |
|    loss                 | 0.0664      |
|    n_updates            | 458         |
|    policy_gradient_loss | 0.00764     |
|    std                  | 0.576       |
|    value_loss           | 0.0883      |
-----------------------------------------
Early stopping at step 1 due to reaching max kl: 0.03
----------------------------------------
| rollout/                |            |
|    ep_len_mean          | 609        |
|    ep_rew_mean          | 1.23e+03   |
| time/                   |            |
|    fps                  | 2629       |
|    iterations           | 407        |
|    time_elapsed         | 1268       |
|    total_timesteps      | 3334144    |
| train/                  |            |
|    approx_kl            | 0.02409107 |
|    clip_fraction        | 0.213      |
|    clip_range           | 0.2        |
|    entropy_loss         | -6.93      |
|    explained_variance   | 0.327      |
|    learning_rate        | 0.000167   |
|    loss                 | 0.0446     |
|    n_updates            | 460        |
|    policy_gradient_loss | 0.00686    |
|    std                  | 0.576      |
|    value_loss           | 0.167      |
----------------------------------------
Early stopping at step 0 due to reaching max kl: 0.03
------------------------------------------
| rollout/                |              |
|    ep_len_mean          | 627          |
|    ep_rew_mean          | 1.27e+03     |
| time/                   |              |
|    fps                  | 2629         |
|    iterations           | 408          |
|    time_elapsed         | 1271         |
|    total_timesteps      | 3342336      |
| train/                  |              |
|    approx_kl            | 0.0149292005 |
|    clip_fraction        | 0.202        |
|    clip_range           | 0.2          |
|    entropy_loss         | -6.92        |
|    explained_variance   | 0.384        |
|    learning_rate        | 0.000167     |
|    loss                 | 0.0478       |
|    n_updates            | 461          |
|    policy_gradient_loss | 0.00728      |
|    std                  | 0.575        |
|    value_loss           | 0.147        |
------------------------------------------
Early stopping at step 1 due to reaching max kl: 0.03
-----------------------------------------
| rollout/                |             |
|    ep_len_mean          | 605         |
|    ep_rew_mean          | 1.22e+03    |
| time/                   |             |
|    fps                  | 2628        |
|    iterations           | 409         |
|    time_elapsed         | 1274        |
|    total_timesteps      | 3350528     |
| train/                  |             |
|    approx_kl            | 0.020917397 |
|    clip_fraction        | 0.204       |
|    clip_range           | 0.2         |
|    entropy_loss         | -6.91       |
|    explained_variance   | 0.371       |
|    learning_rate        | 0.000166    |
|    loss                 | 0.058       |
|    n_updates            | 463         |
|    policy_gradient_loss | 0.0042      |
|    std                  | 0.574       |
|    value_loss           | 0.0644      |
-----------------------------------------
Early stopping at step 0 due to reaching max kl: 0.03
-----------------------------------------
| rollout/                |             |
|    ep_len_mean          | 593         |
|    ep_rew_mean          | 1.2e+03     |
| time/                   |             |
|    fps                  | 2628        |
|    iterations           | 410         |
|    time_elapsed         | 1277        |
|    total_timesteps      | 3358720     |
| train/                  |             |
|    approx_kl            | 0.015107305 |
|    clip_fraction        | 0.211       |
|    clip_range           | 0.2         |
|    entropy_loss         | -6.89       |
|    explained_variance   | 0.328       |
|    learning_rate        | 0.000166    |
|    loss                 | 0.157       |
|    n_updates            | 464         |
|    policy_gradient_loss | 0.00787     |
|    std                  | 0.573       |
|    value_loss           | 0.148       |
-----------------------------------------
Early stopping at step 0 due to reaching max kl: 0.04
-----------------------------------------
| rollout/                |             |
|    ep_len_mean          | 606         |
|    ep_rew_mean          | 1.23e+03    |
| time/                   |             |
|    fps                  | 2628        |
|    iterations           | 411         |
|    time_elapsed         | 1280        |
|    total_timesteps      | 3366912     |
| train/                  |             |
|    approx_kl            | 0.012795439 |
|    clip_fraction        | 0.178       |
|    clip_range           | 0.2         |
|    entropy_loss         | -6.89       |
|    explained_variance   | 0.444       |
|    learning_rate        | 0.000166    |
|    loss                 | 0.0769      |
|    n_updates            | 465         |
|    policy_gradient_loss | 0.0073      |
|    std                  | 0.573       |
|    value_loss           | 0.124       |
-----------------------------------------
Early stopping at step 1 due to reaching max kl: 0.03
-----------------------------------------
| rollout/                |             |
|    ep_len_mean          | 618         |
|    ep_rew_mean          | 1.25e+03    |
| time/                   |             |
|    fps                  | 2628        |
|    iterations           | 412         |
|    time_elapsed         | 1283        |
|    total_timesteps      | 3375104     |
| train/                  |             |
|    approx_kl            | 0.023423893 |
|    clip_fraction        | 0.225       |
|    clip_range           | 0.2         |
|    entropy_loss         | -6.88       |
|    explained_variance   | 0.302       |
|    learning_rate        | 0.000165    |
|    loss                 | 0.105       |
|    n_updates            | 467         |
|    policy_gradient_loss | 0.00514     |
|    std                  | 0.572       |
|    value_loss           | 0.109       |
-----------------------------------------
Early stopping at step 0 due to reaching max kl: 0.03
-----------------------------------------
| rollout/                |             |
|    ep_len_mean          | 620         |
|    ep_rew_mean          | 1.27e+03    |
| time/                   |             |
|    fps                  | 2628        |
|    iterations           | 413         |
|    time_elapsed         | 1287        |
|    total_timesteps      | 3383296     |
| train/                  |             |
|    approx_kl            | 0.013058121 |
|    clip_fraction        | 0.18        |
|    clip_range           | 0.2         |
|    entropy_loss         | -6.87       |
|    explained_variance   | 0.468       |
|    learning_rate        | 0.000165    |
|    loss                 | 0.0145      |
|    n_updates            | 468         |
|    policy_gradient_loss | 0.00874     |
|    std                  | 0.571       |
|    value_loss           | 0.064       |
-----------------------------------------
Early stopping at step 0 due to reaching max kl: 0.03
-----------------------------------------
| rollout/                |             |
|    ep_len_mean          | 616         |
|    ep_rew_mean          | 1.26e+03    |
| time/                   |             |
|    fps                  | 2628        |
|    iterations           | 414         |
|    time_elapsed         | 1290        |
|    total_timesteps      | 3391488     |
| train/                  |             |
|    approx_kl            | 0.013020993 |
|    clip_fraction        | 0.185       |
|    clip_range           | 0.2         |
|    entropy_loss         | -6.85       |
|    explained_variance   | 0.432       |
|    learning_rate        | 0.000165    |
|    loss                 | 0.139       |
|    n_updates            | 469         |
|    policy_gradient_loss | 0.00724     |
|    std                  | 0.57        |
|    value_loss           | 0.0954      |
-----------------------------------------
Early stopping at step 0 due to reaching max kl: 0.03
-----------------------------------------
| rollout/                |             |
|    ep_len_mean          | 651         |
|    ep_rew_mean          | 1.33e+03    |
| time/                   |             |
|    fps                  | 2628        |
|    iterations           | 415         |
|    time_elapsed         | 1293        |
|    total_timesteps      | 3399680     |
| train/                  |             |
|    approx_kl            | 0.010632853 |
|    clip_fraction        | 0.146       |
|    clip_range           | 0.2         |
|    entropy_loss         | -6.85       |
|    explained_variance   | 0.337       |
|    learning_rate        | 0.000164    |
|    loss                 | 0.0986      |
|    n_updates            | 470         |
|    policy_gradient_loss | 0.00612     |
|    std                  | 0.57        |
|    value_loss           | 0.102       |
-----------------------------------------
Early stopping at step 0 due to reaching max kl: 0.03
-----------------------------------------
| rollout/                |             |
|    ep_len_mean          | 649         |
|    ep_rew_mean          | 1.34e+03    |
| time/                   |             |
|    fps                  | 2628        |
|    iterations           | 416         |
|    time_elapsed         | 1296        |
|    total_timesteps      | 3407872     |
| train/                  |             |
|    approx_kl            | 0.013922538 |
|    clip_fraction        | 0.188       |
|    clip_range           | 0.2         |
|    entropy_loss         | -6.84       |
|    explained_variance   | 0.546       |
|    learning_rate        | 0.000164    |
|    loss                 | 0.0989      |
|    n_updates            | 471         |
|    policy_gradient_loss | 0.00804     |
|    std                  | 0.569       |
|    value_loss           | 0.0751      |
-----------------------------------------
Early stopping at step 0 due to reaching max kl: 0.03
-----------------------------------------
| rollout/                |             |
|    ep_len_mean          | 658         |
|    ep_rew_mean          | 1.36e+03    |
| time/                   |             |
|    fps                  | 2628        |
|    iterations           | 417         |
|    time_elapsed         | 1299        |
|    total_timesteps      | 3416064     |
| train/                  |             |
|    approx_kl            | 0.010175867 |
|    clip_fraction        | 0.145       |
|    clip_range           | 0.2         |
|    entropy_loss         | -6.84       |
|    explained_variance   | 0.335       |
|    learning_rate        | 0.000164    |
|    loss                 | 0.153       |
|    n_updates            | 472         |
|    policy_gradient_loss | 0.00592     |
|    std                  | 0.569       |
|    value_loss           | 0.132       |
-----------------------------------------
Early stopping at step 1 due to reaching max kl: 0.04
-----------------------------------------
| rollout/                |             |
|    ep_len_mean          | 668         |
|    ep_rew_mean          | 1.39e+03    |
| time/                   |             |
|    fps                  | 2628        |
|    iterations           | 418         |
|    time_elapsed         | 1302        |
|    total_timesteps      | 3424256     |
| train/                  |             |
|    approx_kl            | 0.022725994 |
|    clip_fraction        | 0.215       |
|    clip_range           | 0.2         |
|    entropy_loss         | -6.83       |
|    explained_variance   | 0.269       |
|    learning_rate        | 0.000163    |
|    loss                 | 0.0276      |
|    n_updates            | 474         |
|    policy_gradient_loss | 0.00403     |
|    std                  | 0.568       |
|    value_loss           | 0.117       |
-----------------------------------------
Early stopping at step 1 due to reaching max kl: 0.03
-----------------------------------------
| rollout/                |             |
|    ep_len_mean          | 659         |
|    ep_rew_mean          | 1.37e+03    |
| time/                   |             |
|    fps                  | 2628        |
|    iterations           | 419         |
|    time_elapsed         | 1305        |
|    total_timesteps      | 3432448     |
| train/                  |             |
|    approx_kl            | 0.021184882 |
|    clip_fraction        | 0.222       |
|    clip_range           | 0.2         |
|    entropy_loss         | -6.82       |
|    explained_variance   | 0.38        |
|    learning_rate        | 0.000163    |
|    loss                 | 0.0412      |
|    n_updates            | 476         |
|    policy_gradient_loss | 0.00774     |
|    std                  | 0.568       |
|    value_loss           | 0.135       |
-----------------------------------------
Early stopping at step 0 due to reaching max kl: 0.04
-----------------------------------------
| rollout/                |             |
|    ep_len_mean          | 634         |
|    ep_rew_mean          | 1.31e+03    |
| time/                   |             |
|    fps                  | 2628        |
|    iterations           | 420         |
|    time_elapsed         | 1309        |
|    total_timesteps      | 3440640     |
| train/                  |             |
|    approx_kl            | 0.013735262 |
|    clip_fraction        | 0.189       |
|    clip_range           | 0.2         |
|    entropy_loss         | -6.81       |
|    explained_variance   | 0.286       |
|    learning_rate        | 0.000163    |
|    loss                 | 0.137       |
|    n_updates            | 477         |
|    policy_gradient_loss | 0.00296     |
|    std                  | 0.567       |
|    value_loss           | 0.0936      |
-----------------------------------------
Early stopping at step 0 due to reaching max kl: 0.03
-----------------------------------------
| rollout/                |             |
|    ep_len_mean          | 665         |
|    ep_rew_mean          | 1.37e+03    |
| time/                   |             |
|    fps                  | 2628        |
|    iterations           | 421         |
|    time_elapsed         | 1312        |
|    total_timesteps      | 3448832     |
| train/                  |             |
|    approx_kl            | 0.011453748 |
|    clip_fraction        | 0.151       |
|    clip_range           | 0.2         |
|    entropy_loss         | -6.8        |
|    explained_variance   | 0.435       |
|    learning_rate        | 0.000162    |
|    loss                 | 0.031       |
|    n_updates            | 478         |
|    policy_gradient_loss | 0.00423     |
|    std                  | 0.566       |
|    value_loss           | 0.1         |
-----------------------------------------
Early stopping at step 1 due to reaching max kl: 0.03
-----------------------------------------
| rollout/                |             |
|    ep_len_mean          | 680         |
|    ep_rew_mean          | 1.41e+03    |
| time/                   |             |
|    fps                  | 2628        |
|    iterations           | 422         |
|    time_elapsed         | 1315        |
|    total_timesteps      | 3457024     |
| train/                  |             |
|    approx_kl            | 0.031003214 |
|    clip_fraction        | 0.213       |
|    clip_range           | 0.2         |
|    entropy_loss         | -6.79       |
|    explained_variance   | 0.23        |
|    learning_rate        | 0.000162    |
|    loss                 | 0.0156      |
|    n_updates            | 480         |
|    policy_gradient_loss | 0.00321     |
|    std                  | 0.566       |
|    value_loss           | 0.0696      |
-----------------------------------------
Early stopping at step 0 due to reaching max kl: 0.03
-----------------------------------------
| rollout/                |             |
|    ep_len_mean          | 669         |
|    ep_rew_mean          | 1.38e+03    |
| time/                   |             |
|    fps                  | 2628        |
|    iterations           | 423         |
|    time_elapsed         | 1318        |
|    total_timesteps      | 3465216     |
| train/                  |             |
|    approx_kl            | 0.014396996 |
|    clip_fraction        | 0.197       |
|    clip_range           | 0.2         |
|    entropy_loss         | -6.78       |
|    explained_variance   | 0.352       |
|    learning_rate        | 0.000162    |
|    loss                 | 0.0538      |
|    n_updates            | 481         |
|    policy_gradient_loss | 0.00488     |
|    std                  | 0.565       |
|    value_loss           | 0.0791      |
-----------------------------------------
Early stopping at step 0 due to reaching max kl: 0.03
-----------------------------------------
| rollout/                |             |
|    ep_len_mean          | 634         |
|    ep_rew_mean          | 1.3e+03     |
| time/                   |             |
|    fps                  | 2628        |
|    iterations           | 424         |
|    time_elapsed         | 1321        |
|    total_timesteps      | 3473408     |
| train/                  |             |
|    approx_kl            | 0.012910371 |
|    clip_fraction        | 0.18        |
|    clip_range           | 0.2         |
|    entropy_loss         | -6.77       |
|    explained_variance   | 0.293       |
|    learning_rate        | 0.000161    |
|    loss                 | 0.0596      |
|    n_updates            | 482         |
|    policy_gradient_loss | 0.00913     |
|    std                  | 0.564       |
|    value_loss           | 0.126       |
-----------------------------------------
Early stopping at step 0 due to reaching max kl: 0.03
----------------------------------------
| rollout/                |            |
|    ep_len_mean          | 602        |
|    ep_rew_mean          | 1.23e+03   |
| time/                   |            |
|    fps                  | 2628       |
|    iterations           | 425        |
|    time_elapsed         | 1324       |
|    total_timesteps      | 3481600    |
| train/                  |            |
|    approx_kl            | 0.01549005 |
|    clip_fraction        | 0.213      |
|    clip_range           | 0.2        |
|    entropy_loss         | -6.76      |
|    explained_variance   | 0.364      |
|    learning_rate        | 0.000161   |
|    loss                 | 0.11       |
|    n_updates            | 483        |
|    policy_gradient_loss | 0.00853    |
|    std                  | 0.564      |
|    value_loss           | 0.18       |
----------------------------------------
Early stopping at step 0 due to reaching max kl: 0.03
-----------------------------------------
| rollout/                |             |
|    ep_len_mean          | 654         |
|    ep_rew_mean          | 1.34e+03    |
| time/                   |             |
|    fps                  | 2628        |
|    iterations           | 426         |
|    time_elapsed         | 1327        |
|    total_timesteps      | 3489792     |
| train/                  |             |
|    approx_kl            | 0.010412999 |
|    clip_fraction        | 0.14        |
|    clip_range           | 0.2         |
|    entropy_loss         | -6.75       |
|    explained_variance   | 0.268       |
|    learning_rate        | 0.000161    |
|    loss                 | 0.0769      |
|    n_updates            | 484         |
|    policy_gradient_loss | 0.00264     |
|    std                  | 0.563       |
|    value_loss           | 0.142       |
-----------------------------------------
Early stopping at step 0 due to reaching max kl: 0.04
----------------------------------------
| rollout/                |            |
|    ep_len_mean          | 664        |
|    ep_rew_mean          | 1.36e+03   |
| time/                   |            |
|    fps                  | 2628       |
|    iterations           | 427        |
|    time_elapsed         | 1330       |
|    total_timesteps      | 3497984    |
| train/                  |            |
|    approx_kl            | 0.01356119 |
|    clip_fraction        | 0.196      |
|    clip_range           | 0.2        |
|    entropy_loss         | -6.74      |
|    explained_variance   | 0.353      |
|    learning_rate        | 0.00016    |
|    loss                 | 0.0266     |
|    n_updates            | 485        |
|    policy_gradient_loss | 0.00515    |
|    std                  | 0.562      |
|    value_loss           | 0.0563     |
----------------------------------------
Early stopping at step 0 due to reaching max kl: 0.04
-----------------------------------------
| rollout/                |             |
|    ep_len_mean          | 678         |
|    ep_rew_mean          | 1.4e+03     |
| time/                   |             |
|    fps                  | 2627        |
|    iterations           | 428         |
|    time_elapsed         | 1334        |
|    total_timesteps      | 3506176     |
| train/                  |             |
|    approx_kl            | 0.014601593 |
|    clip_fraction        | 0.202       |
|    clip_range           | 0.2         |
|    entropy_loss         | -6.72       |
|    explained_variance   | 0.356       |
|    learning_rate        | 0.00016     |
|    loss                 | 0.093       |
|    n_updates            | 486         |
|    policy_gradient_loss | 0.00718     |
|    std                  | 0.561       |
|    value_loss           | 0.0844      |
-----------------------------------------
Early stopping at step 0 due to reaching max kl: 0.03
-----------------------------------------
| rollout/                |             |
|    ep_len_mean          | 663         |
|    ep_rew_mean          | 1.37e+03    |
| time/                   |             |
|    fps                  | 2627        |
|    iterations           | 429         |
|    time_elapsed         | 1337        |
|    total_timesteps      | 3514368     |
| train/                  |             |
|    approx_kl            | 0.013275706 |
|    clip_fraction        | 0.184       |
|    clip_range           | 0.2         |
|    entropy_loss         | -6.71       |
|    explained_variance   | 0.382       |
|    learning_rate        | 0.00016     |
|    loss                 | 0.0477      |
|    n_updates            | 487         |
|    policy_gradient_loss | 0.00568     |
|    std                  | 0.56        |
|    value_loss           | 0.0795      |
-----------------------------------------
Early stopping at step 0 due to reaching max kl: 0.03
-----------------------------------------
| rollout/                |             |
|    ep_len_mean          | 662         |
|    ep_rew_mean          | 1.37e+03    |
| time/                   |             |
|    fps                  | 2627        |
|    iterations           | 430         |
|    time_elapsed         | 1340        |
|    total_timesteps      | 3522560     |
| train/                  |             |
|    approx_kl            | 0.013119891 |
|    clip_fraction        | 0.177       |
|    clip_range           | 0.2         |
|    entropy_loss         | -6.71       |
|    explained_variance   | 0.408       |
|    learning_rate        | 0.000159    |
|    loss                 | 0.0743      |
|    n_updates            | 488         |
|    policy_gradient_loss | 0.00687     |
|    std                  | 0.56        |
|    value_loss           | 0.0636      |
-----------------------------------------
Early stopping at step 1 due to reaching max kl: 0.03
-----------------------------------------
| rollout/                |             |
|    ep_len_mean          | 670         |
|    ep_rew_mean          | 1.39e+03    |
| time/                   |             |
|    fps                  | 2627        |
|    iterations           | 431         |
|    time_elapsed         | 1343        |
|    total_timesteps      | 3530752     |
| train/                  |             |
|    approx_kl            | 0.018950326 |
|    clip_fraction        | 0.221       |
|    clip_range           | 0.2         |
|    entropy_loss         | -6.71       |
|    explained_variance   | 0.35        |
|    learning_rate        | 0.000159    |
|    loss                 | 0.119       |
|    n_updates            | 490         |
|    policy_gradient_loss | 0.00733     |
|    std                  | 0.56        |
|    value_loss           | 0.0885      |
-----------------------------------------
Early stopping at step 1 due to reaching max kl: 0.03
----------------------------------------
| rollout/                |            |
|    ep_len_mean          | 678        |
|    ep_rew_mean          | 1.41e+03   |
| time/                   |            |
|    fps                  | 2627       |
|    iterations           | 432        |
|    time_elapsed         | 1347       |
|    total_timesteps      | 3538944    |
| train/                  |            |
|    approx_kl            | 0.01835571 |
|    clip_fraction        | 0.222      |
|    clip_range           | 0.2        |
|    entropy_loss         | -6.7       |
|    explained_variance   | 0.327      |
|    learning_rate        | 0.000159   |
|    loss                 | 0.0832     |
|    n_updates            | 492        |
|    policy_gradient_loss | 0.00296    |
|    std                  | 0.559      |
|    value_loss           | 0.0901     |
----------------------------------------
Early stopping at step 0 due to reaching max kl: 0.04
-----------------------------------------
| rollout/                |             |
|    ep_len_mean          | 695         |
|    ep_rew_mean          | 1.45e+03    |
| time/                   |             |
|    fps                  | 2627        |
|    iterations           | 433         |
|    time_elapsed         | 1350        |
|    total_timesteps      | 3547136     |
| train/                  |             |
|    approx_kl            | 0.013258522 |
|    clip_fraction        | 0.185       |
|    clip_range           | 0.2         |
|    entropy_loss         | -6.69       |
|    explained_variance   | 0.281       |
|    learning_rate        | 0.000158    |
|    loss                 | 0.0375      |
|    n_updates            | 493         |
|    policy_gradient_loss | 0.00288     |
|    std                  | 0.559       |
|    value_loss           | 0.156       |
-----------------------------------------
Early stopping at step 0 due to reaching max kl: 0.03
-----------------------------------------
| rollout/                |             |
|    ep_len_mean          | 702         |
|    ep_rew_mean          | 1.46e+03    |
| time/                   |             |
|    fps                  | 2627        |
|    iterations           | 434         |
|    time_elapsed         | 1353        |
|    total_timesteps      | 3555328     |
| train/                  |             |
|    approx_kl            | 0.011668332 |
|    clip_fraction        | 0.158       |
|    clip_range           | 0.2         |
|    entropy_loss         | -6.69       |
|    explained_variance   | 0.305       |
|    learning_rate        | 0.000158    |
|    loss                 | -0.0129     |
|    n_updates            | 494         |
|    policy_gradient_loss | 0.00519     |
|    std                  | 0.558       |
|    value_loss           | 0.0448      |
-----------------------------------------
Early stopping at step 0 due to reaching max kl: 0.03
-----------------------------------------
| rollout/                |             |
|    ep_len_mean          | 686         |
|    ep_rew_mean          | 1.43e+03    |
| time/                   |             |
|    fps                  | 2627        |
|    iterations           | 435         |
|    time_elapsed         | 1356        |
|    total_timesteps      | 3563520     |
| train/                  |             |
|    approx_kl            | 0.012043699 |
|    clip_fraction        | 0.162       |
|    clip_range           | 0.2         |
|    entropy_loss         | -6.68       |
|    explained_variance   | 0.347       |
|    learning_rate        | 0.000158    |
|    loss                 | 0.0474      |
|    n_updates            | 495         |
|    policy_gradient_loss | 0.00714     |
|    std                  | 0.558       |
|    value_loss           | 0.111       |
-----------------------------------------
Early stopping at step 0 due to reaching max kl: 0.03
-----------------------------------------
| rollout/                |             |
|    ep_len_mean          | 658         |
|    ep_rew_mean          | 1.37e+03    |
| time/                   |             |
|    fps                  | 2627        |
|    iterations           | 436         |
|    time_elapsed         | 1359        |
|    total_timesteps      | 3571712     |
| train/                  |             |
|    approx_kl            | 0.012708628 |
|    clip_fraction        | 0.168       |
|    clip_range           | 0.2         |
|    entropy_loss         | -6.68       |
|    explained_variance   | 0.263       |
|    learning_rate        | 0.000157    |
|    loss                 | 0.0669      |
|    n_updates            | 496         |
|    policy_gradient_loss | 0.00364     |
|    std                  | 0.558       |
|    value_loss           | 0.0866      |
-----------------------------------------
Early stopping at step 0 due to reaching max kl: 0.03
------------------------------------------
| rollout/                |              |
|    ep_len_mean          | 660          |
|    ep_rew_mean          | 1.37e+03     |
| time/                   |              |
|    fps                  | 2627         |
|    iterations           | 437          |
|    time_elapsed         | 1362         |
|    total_timesteps      | 3579904      |
| train/                  |              |
|    approx_kl            | 0.0128553035 |
|    clip_fraction        | 0.185        |
|    clip_range           | 0.2          |
|    entropy_loss         | -6.67        |
|    explained_variance   | 0.333        |
|    learning_rate        | 0.000157     |
|    loss                 | 0.102        |
|    n_updates            | 497          |
|    policy_gradient_loss | 0.00292      |
|    std                  | 0.558        |
|    value_loss           | 0.158        |
------------------------------------------
Early stopping at step 0 due to reaching max kl: 0.03
-----------------------------------------
| rollout/                |             |
|    ep_len_mean          | 679         |
|    ep_rew_mean          | 1.41e+03    |
| time/                   |             |
|    fps                  | 2627        |
|    iterations           | 438         |
|    time_elapsed         | 1365        |
|    total_timesteps      | 3588096     |
| train/                  |             |
|    approx_kl            | 0.013073694 |
|    clip_fraction        | 0.183       |
|    clip_range           | 0.2         |
|    entropy_loss         | -6.67       |
|    explained_variance   | 0.422       |
|    learning_rate        | 0.000157    |
|    loss                 | 0.0299      |
|    n_updates            | 498         |
|    policy_gradient_loss | 0.00494     |
|    std                  | 0.557       |
|    value_loss           | 0.0751      |
-----------------------------------------
Early stopping at step 0 due to reaching max kl: 0.03
-----------------------------------------
| rollout/                |             |
|    ep_len_mean          | 672         |
|    ep_rew_mean          | 1.39e+03    |
| time/                   |             |
|    fps                  | 2627        |
|    iterations           | 439         |
|    time_elapsed         | 1368        |
|    total_timesteps      | 3596288     |
| train/                  |             |
|    approx_kl            | 0.012151613 |
|    clip_fraction        | 0.168       |
|    clip_range           | 0.2         |
|    entropy_loss         | -6.65       |
|    explained_variance   | 0.419       |
|    learning_rate        | 0.000156    |
|    loss                 | 0.0546      |
|    n_updates            | 499         |
|    policy_gradient_loss | 0.00537     |
|    std                  | 0.556       |
|    value_loss           | 0.0283      |
-----------------------------------------
Early stopping at step 0 due to reaching max kl: 0.03
-----------------------------------------
| rollout/                |             |
|    ep_len_mean          | 670         |
|    ep_rew_mean          | 1.38e+03    |
| time/                   |             |
|    fps                  | 2627        |
|    iterations           | 440         |
|    time_elapsed         | 1371        |
|    total_timesteps      | 3604480     |
| train/                  |             |
|    approx_kl            | 0.011373671 |
|    clip_fraction        | 0.15        |
|    clip_range           | 0.2         |
|    entropy_loss         | -6.65       |
|    explained_variance   | 0.454       |
|    learning_rate        | 0.000156    |
|    loss                 | 0.17        |
|    n_updates            | 500         |
|    policy_gradient_loss | 0.0046      |
|    std                  | 0.556       |
|    value_loss           | 0.0917      |
-----------------------------------------
Early stopping at step 0 due to reaching max kl: 0.03
---------------------------------------
| rollout/                |           |
|    ep_len_mean          | 666       |
|    ep_rew_mean          | 1.38e+03  |
| time/                   |           |
|    fps                  | 2627      |
|    iterations           | 441       |
|    time_elapsed         | 1374      |
|    total_timesteps      | 3612672   |
| train/                  |           |
|    approx_kl            | 0.0083559 |
|    clip_fraction        | 0.112     |
|    clip_range           | 0.2       |
|    entropy_loss         | -6.65     |
|    explained_variance   | 0.323     |
|    learning_rate        | 0.000156  |
|    loss                 | 0.0666    |
|    n_updates            | 501       |
|    policy_gradient_loss | -0.00268  |
|    std                  | 0.556     |
|    value_loss           | 0.112     |
---------------------------------------
Early stopping at step 1 due to reaching max kl: 0.03
----------------------------------------
| rollout/                |            |
|    ep_len_mean          | 682        |
|    ep_rew_mean          | 1.41e+03   |
| time/                   |            |
|    fps                  | 2627       |
|    iterations           | 442        |
|    time_elapsed         | 1378       |
|    total_timesteps      | 3620864    |
| train/                  |            |
|    approx_kl            | 0.02168089 |
|    clip_fraction        | 0.209      |
|    clip_range           | 0.2        |
|    entropy_loss         | -6.64      |
|    explained_variance   | 0.455      |
|    learning_rate        | 0.000155   |
|    loss                 | 0.00451    |
|    n_updates            | 503        |
|    policy_gradient_loss | 0.00686    |
|    std                  | 0.555      |
|    value_loss           | 0.0781     |
----------------------------------------
Early stopping at step 0 due to reaching max kl: 0.03
-----------------------------------------
| rollout/                |             |
|    ep_len_mean          | 669         |
|    ep_rew_mean          | 1.38e+03    |
| time/                   |             |
|    fps                  | 2627        |
|    iterations           | 443         |
|    time_elapsed         | 1381        |
|    total_timesteps      | 3629056     |
| train/                  |             |
|    approx_kl            | 0.013043148 |
|    clip_fraction        | 0.182       |
|    clip_range           | 0.2         |
|    entropy_loss         | -6.62       |
|    explained_variance   | 0.239       |
|    learning_rate        | 0.000155    |
|    loss                 | 0.0809      |
|    n_updates            | 504         |
|    policy_gradient_loss | 0.00281     |
|    std                  | 0.554       |
|    value_loss           | 0.0629      |
-----------------------------------------
Early stopping at step 1 due to reaching max kl: 0.04
----------------------------------------
| rollout/                |            |
|    ep_len_mean          | 706        |
|    ep_rew_mean          | 1.46e+03   |
| time/                   |            |
|    fps                  | 2627       |
|    iterations           | 444        |
|    time_elapsed         | 1384       |
|    total_timesteps      | 3637248    |
| train/                  |            |
|    approx_kl            | 0.02347192 |
|    clip_fraction        | 0.194      |
|    clip_range           | 0.2        |
|    entropy_loss         | -6.62      |
|    explained_variance   | 0.225      |
|    learning_rate        | 0.000155   |
|    loss                 | 0.0281     |
|    n_updates            | 506        |
|    policy_gradient_loss | 0.00829    |
|    std                  | 0.554      |
|    value_loss           | 0.137      |
----------------------------------------
Early stopping at step 1 due to reaching max kl: 0.04
-----------------------------------------
| rollout/                |             |
|    ep_len_mean          | 709         |
|    ep_rew_mean          | 1.46e+03    |
| time/                   |             |
|    fps                  | 2627        |
|    iterations           | 445         |
|    time_elapsed         | 1387        |
|    total_timesteps      | 3645440     |
| train/                  |             |
|    approx_kl            | 0.021232005 |
|    clip_fraction        | 0.193       |
|    clip_range           | 0.2         |
|    entropy_loss         | -6.6        |
|    explained_variance   | 0.456       |
|    learning_rate        | 0.000155    |
|    loss                 | 0.084       |
|    n_updates            | 508         |
|    policy_gradient_loss | 0.00584     |
|    std                  | 0.552       |
|    value_loss           | 0.0646      |
-----------------------------------------
Early stopping at step 0 due to reaching max kl: 0.03
-----------------------------------------
| rollout/                |             |
|    ep_len_mean          | 707         |
|    ep_rew_mean          | 1.45e+03    |
| time/                   |             |
|    fps                  | 2627        |
|    iterations           | 446         |
|    time_elapsed         | 1390        |
|    total_timesteps      | 3653632     |
| train/                  |             |
|    approx_kl            | 0.011938737 |
|    clip_fraction        | 0.161       |
|    clip_range           | 0.2         |
|    entropy_loss         | -6.59       |
|    explained_variance   | 0.384       |
|    learning_rate        | 0.000154    |
|    loss                 | 0.0939      |
|    n_updates            | 509         |
|    policy_gradient_loss | 0.0083      |
|    std                  | 0.552       |
|    value_loss           | 0.0958      |
-----------------------------------------
Early stopping at step 1 due to reaching max kl: 0.03
-----------------------------------------
| rollout/                |             |
|    ep_len_mean          | 688         |
|    ep_rew_mean          | 1.41e+03    |
| time/                   |             |
|    fps                  | 2626        |
|    iterations           | 447         |
|    time_elapsed         | 1393        |
|    total_timesteps      | 3661824     |
| train/                  |             |
|    approx_kl            | 0.021044845 |
|    clip_fraction        | 0.198       |
|    clip_range           | 0.2         |
|    entropy_loss         | -6.59       |
|    explained_variance   | 0.38        |
|    learning_rate        | 0.000154    |
|    loss                 | 0.00994     |
|    n_updates            | 511         |
|    policy_gradient_loss | 0.00646     |
|    std                  | 0.551       |
|    value_loss           | 0.0603      |
-----------------------------------------
Early stopping at step 0 due to reaching max kl: 0.03
-----------------------------------------
| rollout/                |             |
|    ep_len_mean          | 676         |
|    ep_rew_mean          | 1.38e+03    |
| time/                   |             |
|    fps                  | 2626        |
|    iterations           | 448         |
|    time_elapsed         | 1397        |
|    total_timesteps      | 3670016     |
| train/                  |             |
|    approx_kl            | 0.013831221 |
|    clip_fraction        | 0.197       |
|    clip_range           | 0.2         |
|    entropy_loss         | -6.57       |
|    explained_variance   | 0.428       |
|    learning_rate        | 0.000154    |
|    loss                 | 0.0428      |
|    n_updates            | 512         |
|    policy_gradient_loss | 0.00598     |
|    std                  | 0.55        |
|    value_loss           | 0.066       |
-----------------------------------------
Early stopping at step 0 due to reaching max kl: 0.03
-----------------------------------------
| rollout/                |             |
|    ep_len_mean          | 686         |
|    ep_rew_mean          | 1.4e+03     |
| time/                   |             |
|    fps                  | 2626        |
|    iterations           | 449         |
|    time_elapsed         | 1400        |
|    total_timesteps      | 3678208     |
| train/                  |             |
|    approx_kl            | 0.012793277 |
|    clip_fraction        | 0.172       |
|    clip_range           | 0.2         |
|    entropy_loss         | -6.56       |
|    explained_variance   | 0.379       |
|    learning_rate        | 0.000153    |
|    loss                 | 0.0452      |
|    n_updates            | 513         |
|    policy_gradient_loss | 0.00435     |
|    std                  | 0.55        |
|    value_loss           | 0.0959      |
-----------------------------------------
Early stopping at step 0 due to reaching max kl: 0.03
-----------------------------------------
| rollout/                |             |
|    ep_len_mean          | 670         |
|    ep_rew_mean          | 1.36e+03    |
| time/                   |             |
|    fps                  | 2626        |
|    iterations           | 450         |
|    time_elapsed         | 1403        |
|    total_timesteps      | 3686400     |
| train/                  |             |
|    approx_kl            | 0.011505356 |
|    clip_fraction        | 0.161       |
|    clip_range           | 0.2         |
|    entropy_loss         | -6.55       |
|    explained_variance   | 0.345       |
|    learning_rate        | 0.000153    |
|    loss                 | 0.0645      |
|    n_updates            | 514         |
|    policy_gradient_loss | 0.00461     |
|    std                  | 0.549       |
|    value_loss           | 0.128       |
-----------------------------------------
Early stopping at step 1 due to reaching max kl: 0.03
-----------------------------------------
| rollout/                |             |
|    ep_len_mean          | 693         |
|    ep_rew_mean          | 1.41e+03    |
| time/                   |             |
|    fps                  | 2626        |
|    iterations           | 451         |
|    time_elapsed         | 1406        |
|    total_timesteps      | 3694592     |
| train/                  |             |
|    approx_kl            | 0.021956151 |
|    clip_fraction        | 0.212       |
|    clip_range           | 0.2         |
|    entropy_loss         | -6.54       |
|    explained_variance   | 0.34        |
|    learning_rate        | 0.000153    |
|    loss                 | 0.122       |
|    n_updates            | 516         |
|    policy_gradient_loss | 0.00373     |
|    std                  | 0.548       |
|    value_loss           | 0.0964      |
-----------------------------------------
Early stopping at step 1 due to reaching max kl: 0.03
-----------------------------------------
| rollout/                |             |
|    ep_len_mean          | 676         |
|    ep_rew_mean          | 1.38e+03    |
| time/                   |             |
|    fps                  | 2626        |
|    iterations           | 452         |
|    time_elapsed         | 1409        |
|    total_timesteps      | 3702784     |
| train/                  |             |
|    approx_kl            | 0.020619484 |
|    clip_fraction        | 0.21        |
|    clip_range           | 0.2         |
|    entropy_loss         | -6.52       |
|    explained_variance   | 0.332       |
|    learning_rate        | 0.000152    |
|    loss                 | -0.00329    |
|    n_updates            | 518         |
|    policy_gradient_loss | 0.00202     |
|    std                  | 0.546       |
|    value_loss           | 0.0457      |
-----------------------------------------
Early stopping at step 0 due to reaching max kl: 0.03
-----------------------------------------
| rollout/                |             |
|    ep_len_mean          | 690         |
|    ep_rew_mean          | 1.4e+03     |
| time/                   |             |
|    fps                  | 2626        |
|    iterations           | 453         |
|    time_elapsed         | 1412        |
|    total_timesteps      | 3710976     |
| train/                  |             |
|    approx_kl            | 0.012932704 |
|    clip_fraction        | 0.182       |
|    clip_range           | 0.2         |
|    entropy_loss         | -6.5        |
|    explained_variance   | 0.441       |
|    learning_rate        | 0.000152    |
|    loss                 | 0.0147      |
|    n_updates            | 519         |
|    policy_gradient_loss | 0.00561     |
|    std                  | 0.546       |
|    value_loss           | 0.0604      |
-----------------------------------------
Early stopping at step 0 due to reaching max kl: 0.03
------------------------------------------
| rollout/                |              |
|    ep_len_mean          | 707          |
|    ep_rew_mean          | 1.45e+03     |
| time/                   |              |
|    fps                  | 2626         |
|    iterations           | 454          |
|    time_elapsed         | 1416         |
|    total_timesteps      | 3719168      |
| train/                  |              |
|    approx_kl            | 0.0133352615 |
|    clip_fraction        | 0.177        |
|    clip_range           | 0.2          |
|    entropy_loss         | -6.5         |
|    explained_variance   | 0.524        |
|    learning_rate        | 0.000152     |
|    loss                 | 0.0664       |
|    n_updates            | 520          |
|    policy_gradient_loss | 0.0028       |
|    std                  | 0.545        |
|    value_loss           | 0.0642       |
------------------------------------------
Early stopping at step 0 due to reaching max kl: 0.03
-----------------------------------------
| rollout/                |             |
|    ep_len_mean          | 711         |
|    ep_rew_mean          | 1.45e+03    |
| time/                   |             |
|    fps                  | 2626        |
|    iterations           | 455         |
|    time_elapsed         | 1419        |
|    total_timesteps      | 3727360     |
| train/                  |             |
|    approx_kl            | 0.012758315 |
|    clip_fraction        | 0.176       |
|    clip_range           | 0.2         |
|    entropy_loss         | -6.49       |
|    explained_variance   | 0.561       |
|    learning_rate        | 0.000151    |
|    loss                 | 0.00935     |
|    n_updates            | 521         |
|    policy_gradient_loss | 0.00315     |
|    std                  | 0.544       |
|    value_loss           | 0.0438      |
-----------------------------------------
Early stopping at step 0 due to reaching max kl: 0.03
-----------------------------------------
| rollout/                |             |
|    ep_len_mean          | 703         |
|    ep_rew_mean          | 1.45e+03    |
| time/                   |             |
|    fps                  | 2626        |
|    iterations           | 456         |
|    time_elapsed         | 1422        |
|    total_timesteps      | 3735552     |
| train/                  |             |
|    approx_kl            | 0.012418105 |
|    clip_fraction        | 0.177       |
|    clip_range           | 0.2         |
|    entropy_loss         | -6.47       |
|    explained_variance   | 0.577       |
|    learning_rate        | 0.000151    |
|    loss                 | 0.047       |
|    n_updates            | 522         |
|    policy_gradient_loss | 0.00373     |
|    std                  | 0.543       |
|    value_loss           | 0.0448      |
-----------------------------------------
Early stopping at step 0 due to reaching max kl: 0.03
-----------------------------------------
| rollout/                |             |
|    ep_len_mean          | 714         |
|    ep_rew_mean          | 1.47e+03    |
| time/                   |             |
|    fps                  | 2626        |
|    iterations           | 457         |
|    time_elapsed         | 1425        |
|    total_timesteps      | 3743744     |
| train/                  |             |
|    approx_kl            | 0.013090837 |
|    clip_fraction        | 0.184       |
|    clip_range           | 0.2         |
|    entropy_loss         | -6.45       |
|    explained_variance   | 0.404       |
|    learning_rate        | 0.000151    |
|    loss                 | 0.0641      |
|    n_updates            | 523         |
|    policy_gradient_loss | 0.00614     |
|    std                  | 0.542       |
|    value_loss           | 0.0874      |
-----------------------------------------
Early stopping at step 0 due to reaching max kl: 0.03
-----------------------------------------
| rollout/                |             |
|    ep_len_mean          | 738         |
|    ep_rew_mean          | 1.53e+03    |
| time/                   |             |
|    fps                  | 2625        |
|    iterations           | 458         |
|    time_elapsed         | 1428        |
|    total_timesteps      | 3751936     |
| train/                  |             |
|    approx_kl            | 0.012947691 |
|    clip_fraction        | 0.168       |
|    clip_range           | 0.2         |
|    entropy_loss         | -6.44       |
|    explained_variance   | 0.404       |
|    learning_rate        | 0.00015     |
|    loss                 | 0.0959      |
|    n_updates            | 524         |
|    policy_gradient_loss | 0.00634     |
|    std                  | 0.541       |
|    value_loss           | 0.0632      |
-----------------------------------------
Early stopping at step 0 due to reaching max kl: 0.03
------------------------------------------
| rollout/                |              |
|    ep_len_mean          | 755          |
|    ep_rew_mean          | 1.58e+03     |
| time/                   |              |
|    fps                  | 2625         |
|    iterations           | 459          |
|    time_elapsed         | 1431         |
|    total_timesteps      | 3760128      |
| train/                  |              |
|    approx_kl            | 0.0127474265 |
|    clip_fraction        | 0.169        |
|    clip_range           | 0.2          |
|    entropy_loss         | -6.43        |
|    explained_variance   | 0.388        |
|    learning_rate        | 0.00015      |
|    loss                 | 0.0189       |
|    n_updates            | 525          |
|    policy_gradient_loss | 0.00373      |
|    std                  | 0.54         |
|    value_loss           | 0.0984       |
------------------------------------------
Early stopping at step 0 due to reaching max kl: 0.03
-----------------------------------------
| rollout/                |             |
|    ep_len_mean          | 746         |
|    ep_rew_mean          | 1.56e+03    |
| time/                   |             |
|    fps                  | 2625        |
|    iterations           | 460         |
|    time_elapsed         | 1435        |
|    total_timesteps      | 3768320     |
| train/                  |             |
|    approx_kl            | 0.012219451 |
|    clip_fraction        | 0.175       |
|    clip_range           | 0.2         |
|    entropy_loss         | -6.41       |
|    explained_variance   | 0.574       |
|    learning_rate        | 0.00015     |
|    loss                 | 0.0317      |
|    n_updates            | 526         |
|    policy_gradient_loss | 0.00625     |
|    std                  | 0.54        |
|    value_loss           | 0.0702      |
-----------------------------------------
Early stopping at step 0 due to reaching max kl: 0.04
-----------------------------------------
| rollout/                |             |
|    ep_len_mean          | 727         |
|    ep_rew_mean          | 1.52e+03    |
| time/                   |             |
|    fps                  | 2625        |
|    iterations           | 461         |
|    time_elapsed         | 1438        |
|    total_timesteps      | 3776512     |
| train/                  |             |
|    approx_kl            | 0.014856891 |
|    clip_fraction        | 0.203       |
|    clip_range           | 0.2         |
|    entropy_loss         | -6.4        |
|    explained_variance   | 0.399       |
|    learning_rate        | 0.000149    |
|    loss                 | -0.00452    |
|    n_updates            | 527         |
|    policy_gradient_loss | 0.00627     |
|    std                  | 0.539       |
|    value_loss           | 0.0824      |
-----------------------------------------
Early stopping at step 0 due to reaching max kl: 0.03
-----------------------------------------
| rollout/                |             |
|    ep_len_mean          | 704         |
|    ep_rew_mean          | 1.49e+03    |
| time/                   |             |
|    fps                  | 2625        |
|    iterations           | 462         |
|    time_elapsed         | 1441        |
|    total_timesteps      | 3784704     |
| train/                  |             |
|    approx_kl            | 0.013187382 |
|    clip_fraction        | 0.18        |
|    clip_range           | 0.2         |
|    entropy_loss         | -6.4        |
|    explained_variance   | 0.341       |
|    learning_rate        | 0.000149    |
|    loss                 | 0.201       |
|    n_updates            | 528         |
|    policy_gradient_loss | 0.00616     |
|    std                  | 0.539       |
|    value_loss           | 0.115       |
-----------------------------------------
Early stopping at step 0 due to reaching max kl: 0.03
-----------------------------------------
| rollout/                |             |
|    ep_len_mean          | 674         |
|    ep_rew_mean          | 1.44e+03    |
| time/                   |             |
|    fps                  | 2625        |
|    iterations           | 463         |
|    time_elapsed         | 1444        |
|    total_timesteps      | 3792896     |
| train/                  |             |
|    approx_kl            | 0.012287727 |
|    clip_fraction        | 0.168       |
|    clip_range           | 0.2         |
|    entropy_loss         | -6.39       |
|    explained_variance   | 0.359       |
|    learning_rate        | 0.000149    |
|    loss                 | 0.0583      |
|    n_updates            | 529         |
|    policy_gradient_loss | 0.0072      |
|    std                  | 0.538       |
|    value_loss           | 0.105       |
-----------------------------------------
Early stopping at step 0 due to reaching max kl: 0.03
-----------------------------------------
| rollout/                |             |
|    ep_len_mean          | 692         |
|    ep_rew_mean          | 1.48e+03    |
| time/                   |             |
|    fps                  | 2625        |
|    iterations           | 464         |
|    time_elapsed         | 1447        |
|    total_timesteps      | 3801088     |
| train/                  |             |
|    approx_kl            | 0.014253947 |
|    clip_fraction        | 0.202       |
|    clip_range           | 0.2         |
|    entropy_loss         | -6.38       |
|    explained_variance   | 0.257       |
|    learning_rate        | 0.000148    |
|    loss                 | 0.134       |
|    n_updates            | 530         |
|    policy_gradient_loss | 0.00822     |
|    std                  | 0.538       |
|    value_loss           | 0.106       |
-----------------------------------------
Early stopping at step 1 due to reaching max kl: 0.04
----------------------------------------
| rollout/                |            |
|    ep_len_mean          | 712        |
|    ep_rew_mean          | 1.52e+03   |
| time/                   |            |
|    fps                  | 2625       |
|    iterations           | 465        |
|    time_elapsed         | 1450       |
|    total_timesteps      | 3809280    |
| train/                  |            |
|    approx_kl            | 0.03511041 |
|    clip_fraction        | 0.214      |
|    clip_range           | 0.2        |
|    entropy_loss         | -6.37      |
|    explained_variance   | 0.358      |
|    learning_rate        | 0.000148   |
|    loss                 | 0.036      |
|    n_updates            | 532        |
|    policy_gradient_loss | 0.00769    |
|    std                  | 0.537      |
|    value_loss           | 0.0573     |
----------------------------------------
Early stopping at step 1 due to reaching max kl: 0.03
----------------------------------------
| rollout/                |            |
|    ep_len_mean          | 718        |
|    ep_rew_mean          | 1.55e+03   |
| time/                   |            |
|    fps                  | 2625       |
|    iterations           | 466        |
|    time_elapsed         | 1453       |
|    total_timesteps      | 3817472    |
| train/                  |            |
|    approx_kl            | 0.03013412 |
|    clip_fraction        | 0.194      |
|    clip_range           | 0.2        |
|    entropy_loss         | -6.36      |
|    explained_variance   | 0.461      |
|    learning_rate        | 0.000148   |
|    loss                 | 0.0557     |
|    n_updates            | 534        |
|    policy_gradient_loss | 0.00932    |
|    std                  | 0.536      |
|    value_loss           | 0.0414     |
----------------------------------------
Early stopping at step 0 due to reaching max kl: 0.03
-----------------------------------------
| rollout/                |             |
|    ep_len_mean          | 715         |
|    ep_rew_mean          | 1.54e+03    |
| time/                   |             |
|    fps                  | 2625        |
|    iterations           | 467         |
|    time_elapsed         | 1457        |
|    total_timesteps      | 3825664     |
| train/                  |             |
|    approx_kl            | 0.012899965 |
|    clip_fraction        | 0.174       |
|    clip_range           | 0.2         |
|    entropy_loss         | -6.35       |
|    explained_variance   | 0.558       |
|    learning_rate        | 0.000147    |
|    loss                 | 0.016       |
|    n_updates            | 535         |
|    policy_gradient_loss | 0.00402     |
|    std                  | 0.536       |
|    value_loss           | 0.0507      |
-----------------------------------------
Early stopping at step 0 due to reaching max kl: 0.04
-----------------------------------------
| rollout/                |             |
|    ep_len_mean          | 703         |
|    ep_rew_mean          | 1.52e+03    |
| time/                   |             |
|    fps                  | 2625        |
|    iterations           | 468         |
|    time_elapsed         | 1460        |
|    total_timesteps      | 3833856     |
| train/                  |             |
|    approx_kl            | 0.013869684 |
|    clip_fraction        | 0.184       |
|    clip_range           | 0.2         |
|    entropy_loss         | -6.34       |
|    explained_variance   | 0.385       |
|    learning_rate        | 0.000147    |
|    loss                 | 0.0809      |
|    n_updates            | 536         |
|    policy_gradient_loss | 0.00918     |
|    std                  | 0.535       |
|    value_loss           | 0.0895      |
-----------------------------------------
Early stopping at step 0 due to reaching max kl: 0.03
-----------------------------------------
| rollout/                |             |
|    ep_len_mean          | 697         |
|    ep_rew_mean          | 1.52e+03    |
| time/                   |             |
|    fps                  | 2625        |
|    iterations           | 469         |
|    time_elapsed         | 1463        |
|    total_timesteps      | 3842048     |
| train/                  |             |
|    approx_kl            | 0.012605852 |
|    clip_fraction        | 0.171       |
|    clip_range           | 0.2         |
|    entropy_loss         | -6.33       |
|    explained_variance   | 0.384       |
|    learning_rate        | 0.000147    |
|    loss                 | 0.0517      |
|    n_updates            | 537         |
|    policy_gradient_loss | 0.00339     |
|    std                  | 0.534       |
|    value_loss           | 0.0942      |
-----------------------------------------
Early stopping at step 0 due to reaching max kl: 0.03
-----------------------------------------
| rollout/                |             |
|    ep_len_mean          | 704         |
|    ep_rew_mean          | 1.54e+03    |
| time/                   |             |
|    fps                  | 2625        |
|    iterations           | 470         |
|    time_elapsed         | 1466        |
|    total_timesteps      | 3850240     |
| train/                  |             |
|    approx_kl            | 0.012470102 |
|    clip_fraction        | 0.166       |
|    clip_range           | 0.2         |
|    entropy_loss         | -6.33       |
|    explained_variance   | 0.434       |
|    learning_rate        | 0.000146    |
|    loss                 | 0.199       |
|    n_updates            | 538         |
|    policy_gradient_loss | 0.00225     |
|    std                  | 0.534       |
|    value_loss           | 0.119       |
-----------------------------------------
Early stopping at step 1 due to reaching max kl: 0.03
-----------------------------------------
| rollout/                |             |
|    ep_len_mean          | 718         |
|    ep_rew_mean          | 1.58e+03    |
| time/                   |             |
|    fps                  | 2625        |
|    iterations           | 471         |
|    time_elapsed         | 1469        |
|    total_timesteps      | 3858432     |
| train/                  |             |
|    approx_kl            | 0.024688601 |
|    clip_fraction        | 0.206       |
|    clip_range           | 0.2         |
|    entropy_loss         | -6.32       |
|    explained_variance   | 0.34        |
|    learning_rate        | 0.000146    |
|    loss                 | 0.00856     |
|    n_updates            | 540         |
|    policy_gradient_loss | 0.00602     |
|    std                  | 0.533       |
|    value_loss           | 0.112       |
-----------------------------------------
Early stopping at step 0 due to reaching max kl: 0.03
-----------------------------------------
| rollout/                |             |
|    ep_len_mean          | 694         |
|    ep_rew_mean          | 1.53e+03    |
| time/                   |             |
|    fps                  | 2625        |
|    iterations           | 472         |
|    time_elapsed         | 1472        |
|    total_timesteps      | 3866624     |
| train/                  |             |
|    approx_kl            | 0.012180316 |
|    clip_fraction        | 0.157       |
|    clip_range           | 0.2         |
|    entropy_loss         | -6.31       |
|    explained_variance   | 0.312       |
|    learning_rate        | 0.000146    |
|    loss                 | 0.0331      |
|    n_updates            | 541         |
|    policy_gradient_loss | 0.00417     |
|    std                  | 0.533       |
|    value_loss           | 0.111       |
-----------------------------------------
Early stopping at step 0 due to reaching max kl: 0.03
-----------------------------------------
| rollout/                |             |
|    ep_len_mean          | 655         |
|    ep_rew_mean          | 1.45e+03    |
| time/                   |             |
|    fps                  | 2625        |
|    iterations           | 473         |
|    time_elapsed         | 1475        |
|    total_timesteps      | 3874816     |
| train/                  |             |
|    approx_kl            | 0.014103324 |
|    clip_fraction        | 0.2         |
|    clip_range           | 0.2         |
|    entropy_loss         | -6.3        |
|    explained_variance   | 0.342       |
|    learning_rate        | 0.000145    |
|    loss                 | 0.118       |
|    n_updates            | 542         |
|    policy_gradient_loss | 0.00915     |
|    std                  | 0.532       |
|    value_loss           | 0.109       |
-----------------------------------------
Early stopping at step 0 due to reaching max kl: 0.03
-----------------------------------------
| rollout/                |             |
|    ep_len_mean          | 608         |
|    ep_rew_mean          | 1.35e+03    |
| time/                   |             |
|    fps                  | 2625        |
|    iterations           | 474         |
|    time_elapsed         | 1479        |
|    total_timesteps      | 3883008     |
| train/                  |             |
|    approx_kl            | 0.013271623 |
|    clip_fraction        | 0.191       |
|    clip_range           | 0.2         |
|    entropy_loss         | -6.29       |
|    explained_variance   | 0.319       |
|    learning_rate        | 0.000145    |
|    loss                 | 0.0322      |
|    n_updates            | 543         |
|    policy_gradient_loss | 0.00734     |
|    std                  | 0.532       |
|    value_loss           | 0.141       |
-----------------------------------------
Early stopping at step 1 due to reaching max kl: 0.03
-----------------------------------------
| rollout/                |             |
|    ep_len_mean          | 627         |
|    ep_rew_mean          | 1.39e+03    |
| time/                   |             |
|    fps                  | 2624        |
|    iterations           | 475         |
|    time_elapsed         | 1482        |
|    total_timesteps      | 3891200     |
| train/                  |             |
|    approx_kl            | 0.020063452 |
|    clip_fraction        | 0.221       |
|    clip_range           | 0.2         |
|    entropy_loss         | -6.28       |
|    explained_variance   | 0.413       |
|    learning_rate        | 0.000145    |
|    loss                 | -0.00648    |
|    n_updates            | 545         |
|    policy_gradient_loss | 0.00184     |
|    std                  | 0.531       |
|    value_loss           | 0.105       |
-----------------------------------------
Early stopping at step 1 due to reaching max kl: 0.03
----------------------------------------
| rollout/                |            |
|    ep_len_mean          | 653        |
|    ep_rew_mean          | 1.44e+03   |
| time/                   |            |
|    fps                  | 2624       |
|    iterations           | 476        |
|    time_elapsed         | 1485       |
|    total_timesteps      | 3899392    |
| train/                  |            |
|    approx_kl            | 0.01886383 |
|    clip_fraction        | 0.202      |
|    clip_range           | 0.2        |
|    entropy_loss         | -6.27      |
|    explained_variance   | 0.361      |
|    learning_rate        | 0.000144   |
|    loss                 | 0.00973    |
|    n_updates            | 547        |
|    policy_gradient_loss | 0.00398    |
|    std                  | 0.53       |
|    value_loss           | 0.077      |
----------------------------------------
Early stopping at step 0 due to reaching max kl: 0.03
-----------------------------------------
| rollout/                |             |
|    ep_len_mean          | 613         |
|    ep_rew_mean          | 1.36e+03    |
| time/                   |             |
|    fps                  | 2624        |
|    iterations           | 477         |
|    time_elapsed         | 1488        |
|    total_timesteps      | 3907584     |
| train/                  |             |
|    approx_kl            | 0.012525093 |
|    clip_fraction        | 0.176       |
|    clip_range           | 0.2         |
|    entropy_loss         | -6.25       |
|    explained_variance   | 0.523       |
|    learning_rate        | 0.000144    |
|    loss                 | 0.0254      |
|    n_updates            | 548         |
|    policy_gradient_loss | 0.00556     |
|    std                  | 0.529       |
|    value_loss           | 0.0585      |
-----------------------------------------
Early stopping at step 1 due to reaching max kl: 0.04
----------------------------------------
| rollout/                |            |
|    ep_len_mean          | 621        |
|    ep_rew_mean          | 1.39e+03   |
| time/                   |            |
|    fps                  | 2624       |
|    iterations           | 478        |
|    time_elapsed         | 1491       |
|    total_timesteps      | 3915776    |
| train/                  |            |
|    approx_kl            | 0.02374742 |
|    clip_fraction        | 0.214      |
|    clip_range           | 0.2        |
|    entropy_loss         | -6.24      |
|    explained_variance   | 0.342      |
|    learning_rate        | 0.000144   |
|    loss                 | 0.0615     |
|    n_updates            | 550        |
|    policy_gradient_loss | 0.00235    |
|    std                  | 0.528      |
|    value_loss           | 0.194      |
----------------------------------------
Early stopping at step 0 due to reaching max kl: 0.03
-----------------------------------------
| rollout/                |             |
|    ep_len_mean          | 598         |
|    ep_rew_mean          | 1.32e+03    |
| time/                   |             |
|    fps                  | 2624        |
|    iterations           | 479         |
|    time_elapsed         | 1495        |
|    total_timesteps      | 3923968     |
| train/                  |             |
|    approx_kl            | 0.015737122 |
|    clip_fraction        | 0.217       |
|    clip_range           | 0.2         |
|    entropy_loss         | -6.24       |
|    explained_variance   | 0.358       |
|    learning_rate        | 0.000143    |
|    loss                 | 0.039       |
|    n_updates            | 551         |
|    policy_gradient_loss | 0.00459     |
|    std                  | 0.528       |
|    value_loss           | 0.105       |
-----------------------------------------
Early stopping at step 1 due to reaching max kl: 0.03
-----------------------------------------
| rollout/                |             |
|    ep_len_mean          | 629         |
|    ep_rew_mean          | 1.39e+03    |
| time/                   |             |
|    fps                  | 2624        |
|    iterations           | 480         |
|    time_elapsed         | 1498        |
|    total_timesteps      | 3932160     |
| train/                  |             |
|    approx_kl            | 0.019299364 |
|    clip_fraction        | 0.196       |
|    clip_range           | 0.2         |
|    entropy_loss         | -6.24       |
|    explained_variance   | 0.336       |
|    learning_rate        | 0.000143    |
|    loss                 | 0.0127      |
|    n_updates            | 553         |
|    policy_gradient_loss | 0.0035      |
|    std                  | 0.528       |
|    value_loss           | 0.105       |
-----------------------------------------
Early stopping at step 0 due to reaching max kl: 0.03
[Progress] Training 5/6: 3,936,364/5,000,000 steps (78.7%); 1 full runs remain afterward; rough training ETA 39m.
---------------------------------------
| rollout/                |           |
|    ep_len_mean          | 651       |
|    ep_rew_mean          | 1.43e+03  |
| time/                   |           |
|    fps                  | 2624      |
|    iterations           | 481       |
|    time_elapsed         | 1501      |
|    total_timesteps      | 3940352   |
| train/                  |           |
|    approx_kl            | 0.0109017 |
|    clip_fraction        | 0.151     |
|    clip_range           | 0.2       |
|    entropy_loss         | -6.23     |
|    explained_variance   | 0.319     |
|    learning_rate        | 0.000143  |
|    loss                 | 0.0199    |
|    n_updates            | 554       |
|    policy_gradient_loss | 0.00658   |
|    std                  | 0.527     |
|    value_loss           | 0.0506    |
---------------------------------------
Early stopping at step 1 due to reaching max kl: 0.04
-----------------------------------------
| rollout/                |             |
|    ep_len_mean          | 627         |
|    ep_rew_mean          | 1.37e+03    |
| time/                   |             |
|    fps                  | 2624        |
|    iterations           | 482         |
|    time_elapsed         | 1504        |
|    total_timesteps      | 3948544     |
| train/                  |             |
|    approx_kl            | 0.020304041 |
|    clip_fraction        | 0.228       |
|    clip_range           | 0.2         |
|    entropy_loss         | -6.22       |
|    explained_variance   | 0.298       |
|    learning_rate        | 0.000142    |
|    loss                 | 0.0878      |
|    n_updates            | 556         |
|    policy_gradient_loss | 0.0012      |
|    std                  | 0.527       |
|    value_loss           | 0.108       |
-----------------------------------------
Early stopping at step 0 due to reaching max kl: 0.03
-----------------------------------------
| rollout/                |             |
|    ep_len_mean          | 625         |
|    ep_rew_mean          | 1.36e+03    |
| time/                   |             |
|    fps                  | 2624        |
|    iterations           | 483         |
|    time_elapsed         | 1507        |
|    total_timesteps      | 3956736     |
| train/                  |             |
|    approx_kl            | 0.012440727 |
|    clip_fraction        | 0.17        |
|    clip_range           | 0.2         |
|    entropy_loss         | -6.21       |
|    explained_variance   | 0.29        |
|    learning_rate        | 0.000142    |
|    loss                 | 0.0258      |
|    n_updates            | 557         |
|    policy_gradient_loss | 0.00278     |
|    std                  | 0.526       |
|    value_loss           | 0.165       |
-----------------------------------------
Early stopping at step 1 due to reaching max kl: 0.03
-----------------------------------------
| rollout/                |             |
|    ep_len_mean          | 641         |
|    ep_rew_mean          | 1.4e+03     |
| time/                   |             |
|    fps                  | 2623        |
|    iterations           | 484         |
|    time_elapsed         | 1511        |
|    total_timesteps      | 3964928     |
| train/                  |             |
|    approx_kl            | 0.019786472 |
|    clip_fraction        | 0.226       |
|    clip_range           | 0.2         |
|    entropy_loss         | -6.2        |
|    explained_variance   | 0.458       |
|    learning_rate        | 0.000142    |
|    loss                 | 0.0667      |
|    n_updates            | 559         |
|    policy_gradient_loss | -0.000618   |
|    std                  | 0.525       |
|    value_loss           | 0.0598      |
-----------------------------------------
Early stopping at step 1 due to reaching max kl: 0.03
-----------------------------------------
| rollout/                |             |
|    ep_len_mean          | 669         |
|    ep_rew_mean          | 1.46e+03    |
| time/                   |             |
|    fps                  | 2623        |
|    iterations           | 485         |
|    time_elapsed         | 1514        |
|    total_timesteps      | 3973120     |
| train/                  |             |
|    approx_kl            | 0.020314408 |
|    clip_fraction        | 0.198       |
|    clip_range           | 0.2         |
|    entropy_loss         | -6.18       |
|    explained_variance   | 0.439       |
|    learning_rate        | 0.000141    |
|    loss                 | 0.0209      |
|    n_updates            | 561         |
|    policy_gradient_loss | 0.00186     |
|    std                  | 0.524       |
|    value_loss           | 0.0792      |
-----------------------------------------
Early stopping at step 0 due to reaching max kl: 0.03
-----------------------------------------
| rollout/                |             |
|    ep_len_mean          | 674         |
|    ep_rew_mean          | 1.47e+03    |
| time/                   |             |
|    fps                  | 2623        |
|    iterations           | 486         |
|    time_elapsed         | 1517        |
|    total_timesteps      | 3981312     |
| train/                  |             |
|    approx_kl            | 0.013543131 |
|    clip_fraction        | 0.184       |
|    clip_range           | 0.2         |
|    entropy_loss         | -6.17       |
|    explained_variance   | 0.288       |
|    learning_rate        | 0.000141    |
|    loss                 | 0.183       |
|    n_updates            | 562         |
|    policy_gradient_loss | 0.00699     |
|    std                  | 0.523       |
|    value_loss           | 0.0742      |
-----------------------------------------
Early stopping at step 0 due to reaching max kl: 0.04
-----------------------------------------
| rollout/                |             |
|    ep_len_mean          | 675         |
|    ep_rew_mean          | 1.47e+03    |
| time/                   |             |
|    fps                  | 2623        |
|    iterations           | 487         |
|    time_elapsed         | 1520        |
|    total_timesteps      | 3989504     |
| train/                  |             |
|    approx_kl            | 0.011009892 |
|    clip_fraction        | 0.15        |
|    clip_range           | 0.2         |
|    entropy_loss         | -6.16       |
|    explained_variance   | 0.294       |
|    learning_rate        | 0.000141    |
|    loss                 | 0.0248      |
|    n_updates            | 563         |
|    policy_gradient_loss | 0.00523     |
|    std                  | 0.523       |
|    value_loss           | 0.0729      |
-----------------------------------------
Early stopping at step 0 due to reaching max kl: 0.03
-----------------------------------------
| rollout/                |             |
|    ep_len_mean          | 690         |
|    ep_rew_mean          | 1.5e+03     |
| time/                   |             |
|    fps                  | 2623        |
|    iterations           | 488         |
|    time_elapsed         | 1523        |
|    total_timesteps      | 3997696     |
| train/                  |             |
|    approx_kl            | 0.010223209 |
|    clip_fraction        | 0.133       |
|    clip_range           | 0.2         |
|    entropy_loss         | -6.15       |
|    explained_variance   | 0.382       |
|    learning_rate        | 0.00014     |
|    loss                 | 0.104       |
|    n_updates            | 564         |
|    policy_gradient_loss | 0.00212     |
|    std                  | 0.523       |
|    value_loss           | 0.107       |
-----------------------------------------
Early stopping at step 1 due to reaching max kl: 0.03
----------------------------------------
| rollout/                |            |
|    ep_len_mean          | 673        |
|    ep_rew_mean          | 1.48e+03   |
| time/                   |            |
|    fps                  | 2623       |
|    iterations           | 489        |
|    time_elapsed         | 1527       |
|    total_timesteps      | 4005888    |
| train/                  |            |
|    approx_kl            | 0.01806676 |
|    clip_fraction        | 0.208      |
|    clip_range           | 0.2        |
|    entropy_loss         | -6.14      |
|    explained_variance   | 0.412      |
|    learning_rate        | 0.00014    |
|    loss                 | -0.0144    |
|    n_updates            | 566        |
|    policy_gradient_loss | -0.000723  |
|    std                  | 0.521      |
|    value_loss           | 0.037      |
----------------------------------------
Early stopping at step 1 due to reaching max kl: 0.03
-----------------------------------------
| rollout/                |             |
|    ep_len_mean          | 691         |
|    ep_rew_mean          | 1.52e+03    |
| time/                   |             |
|    fps                  | 2622        |
|    iterations           | 490         |
|    time_elapsed         | 1530        |
|    total_timesteps      | 4014080     |
| train/                  |             |
|    approx_kl            | 0.023940913 |
|    clip_fraction        | 0.177       |
|    clip_range           | 0.2         |
|    entropy_loss         | -6.12       |
|    explained_variance   | 0.358       |
|    learning_rate        | 0.00014     |
|    loss                 | 0.13        |
|    n_updates            | 568         |
|    policy_gradient_loss | 0.00604     |
|    std                  | 0.52        |
|    value_loss           | 0.133       |
-----------------------------------------
Early stopping at step 1 due to reaching max kl: 0.03
---------------------------------------
| rollout/                |           |
|    ep_len_mean          | 728       |
|    ep_rew_mean          | 1.59e+03  |
| time/                   |           |
|    fps                  | 2622      |
|    iterations           | 491       |
|    time_elapsed         | 1533      |
|    total_timesteps      | 4022272   |
| train/                  |           |
|    approx_kl            | 0.0179905 |
|    clip_fraction        | 0.182     |
|    clip_range           | 0.2       |
|    entropy_loss         | -6.1      |
|    explained_variance   | 0.412     |
|    learning_rate        | 0.000139  |
|    loss                 | 0.0677    |
|    n_updates            | 570       |
|    policy_gradient_loss | 0.006     |
|    std                  | 0.519     |
|    value_loss           | 0.0542    |
---------------------------------------
Early stopping at step 1 due to reaching max kl: 0.04
-----------------------------------------
| rollout/                |             |
|    ep_len_mean          | 730         |
|    ep_rew_mean          | 1.61e+03    |
| time/                   |             |
|    fps                  | 2622        |
|    iterations           | 492         |
|    time_elapsed         | 1536        |
|    total_timesteps      | 4030464     |
| train/                  |             |
|    approx_kl            | 0.017653828 |
|    clip_fraction        | 0.206       |
|    clip_range           | 0.2         |
|    entropy_loss         | -6.08       |
|    explained_variance   | 0.394       |
|    learning_rate        | 0.000139    |
|    loss                 | 0.00526     |
|    n_updates            | 572         |
|    policy_gradient_loss | 0.00045     |
|    std                  | 0.518       |
|    value_loss           | 0.0431      |
-----------------------------------------
Early stopping at step 1 due to reaching max kl: 0.03
-----------------------------------------
| rollout/                |             |
|    ep_len_mean          | 747         |
|    ep_rew_mean          | 1.64e+03    |
| time/                   |             |
|    fps                  | 2622        |
|    iterations           | 493         |
|    time_elapsed         | 1540        |
|    total_timesteps      | 4038656     |
| train/                  |             |
|    approx_kl            | 0.021721136 |
|    clip_fraction        | 0.222       |
|    clip_range           | 0.2         |
|    entropy_loss         | -6.06       |
|    explained_variance   | 0.535       |
|    learning_rate        | 0.000139    |
|    loss                 | 0.0694      |
|    n_updates            | 574         |
|    policy_gradient_loss | 0.00242     |
|    std                  | 0.516       |
|    value_loss           | 0.0582      |
-----------------------------------------
Early stopping at step 1 due to reaching max kl: 0.03
-----------------------------------------
| rollout/                |             |
|    ep_len_mean          | 731         |
|    ep_rew_mean          | 1.61e+03    |
| time/                   |             |
|    fps                  | 2621        |
|    iterations           | 494         |
|    time_elapsed         | 1543        |
|    total_timesteps      | 4046848     |
| train/                  |             |
|    approx_kl            | 0.019956302 |
|    clip_fraction        | 0.206       |
|    clip_range           | 0.2         |
|    entropy_loss         | -6.04       |
|    explained_variance   | 0.379       |
|    learning_rate        | 0.000138    |
|    loss                 | 0.0093      |
|    n_updates            | 576         |
|    policy_gradient_loss | 0.00234     |
|    std                  | 0.515       |
|    value_loss           | 0.0682      |
-----------------------------------------
Early stopping at step 0 due to reaching max kl: 0.04
------------------------------------------
| rollout/                |              |
|    ep_len_mean          | 733          |
|    ep_rew_mean          | 1.62e+03     |
| time/                   |              |
|    fps                  | 2621         |
|    iterations           | 495          |
|    time_elapsed         | 1546         |
|    total_timesteps      | 4055040      |
| train/                  |              |
|    approx_kl            | 0.0118846325 |
|    clip_fraction        | 0.165        |
|    clip_range           | 0.2          |
|    entropy_loss         | -6.03        |
|    explained_variance   | 0.316        |
|    learning_rate        | 0.000138     |
|    loss                 | 0.194        |
|    n_updates            | 577          |
|    policy_gradient_loss | 0.00588      |
|    std                  | 0.515        |
|    value_loss           | 0.126        |
------------------------------------------
Early stopping at step 1 due to reaching max kl: 0.03
-----------------------------------------
| rollout/                |             |
|    ep_len_mean          | 746         |
|    ep_rew_mean          | 1.66e+03    |
| time/                   |             |
|    fps                  | 2621        |
|    iterations           | 496         |
|    time_elapsed         | 1549        |
|    total_timesteps      | 4063232     |
| train/                  |             |
|    approx_kl            | 0.021442475 |
|    clip_fraction        | 0.203       |
|    clip_range           | 0.2         |
|    entropy_loss         | -6.02       |
|    explained_variance   | 0.403       |
|    learning_rate        | 0.000138    |
|    loss                 | -0.0182     |
|    n_updates            | 579         |
|    policy_gradient_loss | 0.00478     |
|    std                  | 0.514       |
|    value_loss           | 0.0537      |
-----------------------------------------
Early stopping at step 1 due to reaching max kl: 0.03
-----------------------------------------
| rollout/                |             |
|    ep_len_mean          | 719         |
|    ep_rew_mean          | 1.6e+03     |
| time/                   |             |
|    fps                  | 2621        |
|    iterations           | 497         |
|    time_elapsed         | 1553        |
|    total_timesteps      | 4071424     |
| train/                  |             |
|    approx_kl            | 0.019101605 |
|    clip_fraction        | 0.207       |
|    clip_range           | 0.2         |
|    entropy_loss         | -6.02       |
|    explained_variance   | 0.443       |
|    learning_rate        | 0.000137    |
|    loss                 | 0.00325     |
|    n_updates            | 581         |
|    policy_gradient_loss | 0.00228     |
|    std                  | 0.514       |
|    value_loss           | 0.0713      |
-----------------------------------------
Early stopping at step 0 due to reaching max kl: 0.03
-----------------------------------------
| rollout/                |             |
|    ep_len_mean          | 730         |
|    ep_rew_mean          | 1.62e+03    |
| time/                   |             |
|    fps                  | 2621        |
|    iterations           | 498         |
|    time_elapsed         | 1556        |
|    total_timesteps      | 4079616     |
| train/                  |             |
|    approx_kl            | 0.012894892 |
|    clip_fraction        | 0.181       |
|    clip_range           | 0.2         |
|    entropy_loss         | -6.01       |
|    explained_variance   | 0.404       |
|    learning_rate        | 0.000137    |
|    loss                 | 0.051       |
|    n_updates            | 582         |
|    policy_gradient_loss | 0.00776     |
|    std                  | 0.514       |
|    value_loss           | 0.134       |
-----------------------------------------
Early stopping at step 1 due to reaching max kl: 0.03
-----------------------------------------
| rollout/                |             |
|    ep_len_mean          | 712         |
|    ep_rew_mean          | 1.59e+03    |
| time/                   |             |
|    fps                  | 2621        |
|    iterations           | 499         |
|    time_elapsed         | 1559        |
|    total_timesteps      | 4087808     |
| train/                  |             |
|    approx_kl            | 0.021556297 |
|    clip_fraction        | 0.207       |
|    clip_range           | 0.2         |
|    entropy_loss         | -6.01       |
|    explained_variance   | 0.338       |
|    learning_rate        | 0.000137    |
|    loss                 | 0.00433     |
|    n_updates            | 584         |
|    policy_gradient_loss | 0.00778     |
|    std                  | 0.513       |
|    value_loss           | 0.0985      |
-----------------------------------------
Early stopping at step 0 due to reaching max kl: 0.03
-----------------------------------------
| rollout/                |             |
|    ep_len_mean          | 680         |
|    ep_rew_mean          | 1.53e+03    |
| time/                   |             |
|    fps                  | 2621        |
|    iterations           | 500         |
|    time_elapsed         | 1562        |
|    total_timesteps      | 4096000     |
| train/                  |             |
|    approx_kl            | 0.009352849 |
|    clip_fraction        | 0.125       |
|    clip_range           | 0.2         |
|    entropy_loss         | -6.01       |
|    explained_variance   | 0.377       |
|    learning_rate        | 0.000136    |
|    loss                 | 0.224       |
|    n_updates            | 585         |
|    policy_gradient_loss | 0.00508     |
|    std                  | 0.513       |
|    value_loss           | 0.0989      |
-----------------------------------------
Early stopping at step 1 due to reaching max kl: 0.03
-----------------------------------------
| rollout/                |             |
|    ep_len_mean          | 673         |
|    ep_rew_mean          | 1.52e+03    |
| time/                   |             |
|    fps                  | 2621        |
|    iterations           | 501         |
|    time_elapsed         | 1565        |
|    total_timesteps      | 4104192     |
| train/                  |             |
|    approx_kl            | 0.017032182 |
|    clip_fraction        | 0.175       |
|    clip_range           | 0.2         |
|    entropy_loss         | -6          |
|    explained_variance   | 0.438       |
|    learning_rate        | 0.000136    |
|    loss                 | -0.0479     |
|    n_updates            | 587         |
|    policy_gradient_loss | 0.00943     |
|    std                  | 0.513       |
|    value_loss           | 0.0869      |
-----------------------------------------
Early stopping at step 0 due to reaching max kl: 0.03
-----------------------------------------
| rollout/                |             |
|    ep_len_mean          | 671         |
|    ep_rew_mean          | 1.52e+03    |
| time/                   |             |
|    fps                  | 2621        |
|    iterations           | 502         |
|    time_elapsed         | 1568        |
|    total_timesteps      | 4112384     |
| train/                  |             |
|    approx_kl            | 0.011776527 |
|    clip_fraction        | 0.158       |
|    clip_range           | 0.2         |
|    entropy_loss         | -5.99       |
|    explained_variance   | 0.458       |
|    learning_rate        | 0.000136    |
|    loss                 | 0.1         |
|    n_updates            | 588         |
|    policy_gradient_loss | 0.00371     |
|    std                  | 0.512       |
|    value_loss           | 0.0827      |
-----------------------------------------
Early stopping at step 0 due to reaching max kl: 0.03
-----------------------------------------
| rollout/                |             |
|    ep_len_mean          | 647         |
|    ep_rew_mean          | 1.47e+03    |
| time/                   |             |
|    fps                  | 2621        |
|    iterations           | 503         |
|    time_elapsed         | 1571        |
|    total_timesteps      | 4120576     |
| train/                  |             |
|    approx_kl            | 0.012632923 |
|    clip_fraction        | 0.172       |
|    clip_range           | 0.2         |
|    entropy_loss         | -5.98       |
|    explained_variance   | 0.403       |
|    learning_rate        | 0.000136    |
|    loss                 | 0.0772      |
|    n_updates            | 589         |
|    policy_gradient_loss | 0.00719     |
|    std                  | 0.512       |
|    value_loss           | 0.0945      |
-----------------------------------------
Early stopping at step 0 due to reaching max kl: 0.03
------------------------------------------
| rollout/                |              |
|    ep_len_mean          | 650          |
|    ep_rew_mean          | 1.46e+03     |
| time/                   |              |
|    fps                  | 2621         |
|    iterations           | 504          |
|    time_elapsed         | 1574         |
|    total_timesteps      | 4128768      |
| train/                  |              |
|    approx_kl            | 0.0134424735 |
|    clip_fraction        | 0.186        |
|    clip_range           | 0.2          |
|    entropy_loss         | -5.98        |
|    explained_variance   | 0.369        |
|    learning_rate        | 0.000135     |
|    loss                 | 0.107        |
|    n_updates            | 590          |
|    policy_gradient_loss | 0.0051       |
|    std                  | 0.512        |
|    value_loss           | 0.16         |
------------------------------------------
Early stopping at step 0 due to reaching max kl: 0.03
-----------------------------------------
| rollout/                |             |
|    ep_len_mean          | 670         |
|    ep_rew_mean          | 1.52e+03    |
| time/                   |             |
|    fps                  | 2621        |
|    iterations           | 505         |
|    time_elapsed         | 1578        |
|    total_timesteps      | 4136960     |
| train/                  |             |
|    approx_kl            | 0.012133377 |
|    clip_fraction        | 0.167       |
|    clip_range           | 0.2         |
|    entropy_loss         | -5.97       |
|    explained_variance   | 0.477       |
|    learning_rate        | 0.000135    |
|    loss                 | 0.0205      |
|    n_updates            | 591         |
|    policy_gradient_loss | 0.00383     |
|    std                  | 0.511       |
|    value_loss           | 0.0833      |
-----------------------------------------
Early stopping at step 0 due to reaching max kl: 0.03
----------------------------------------
| rollout/                |            |
|    ep_len_mean          | 706        |
|    ep_rew_mean          | 1.6e+03    |
| time/                   |            |
|    fps                  | 2621       |
|    iterations           | 506        |
|    time_elapsed         | 1581       |
|    total_timesteps      | 4145152    |
| train/                  |            |
|    approx_kl            | 0.01120127 |
|    clip_fraction        | 0.15       |
|    clip_range           | 0.2        |
|    entropy_loss         | -5.96      |
|    explained_variance   | 0.46       |
|    learning_rate        | 0.000135   |
|    loss                 | 0.0416     |
|    n_updates            | 592        |
|    policy_gradient_loss | 0.0054     |
|    std                  | 0.511      |
|    value_loss           | 0.0506     |
----------------------------------------
Early stopping at step 0 due to reaching max kl: 0.03
-----------------------------------------
| rollout/                |             |
|    ep_len_mean          | 707         |
|    ep_rew_mean          | 1.61e+03    |
| time/                   |             |
|    fps                  | 2621        |
|    iterations           | 507         |
|    time_elapsed         | 1584        |
|    total_timesteps      | 4153344     |
| train/                  |             |
|    approx_kl            | 0.013300698 |
|    clip_fraction        | 0.187       |
|    clip_range           | 0.2         |
|    entropy_loss         | -5.96       |
|    explained_variance   | 0.414       |
|    learning_rate        | 0.000134    |
|    loss                 | 0.0198      |
|    n_updates            | 593         |
|    policy_gradient_loss | 0.00656     |
|    std                  | 0.51        |
|    value_loss           | 0.057       |
-----------------------------------------
Early stopping at step 0 due to reaching max kl: 0.03
-----------------------------------------
| rollout/                |             |
|    ep_len_mean          | 701         |
|    ep_rew_mean          | 1.6e+03     |
| time/                   |             |
|    fps                  | 2621        |
|    iterations           | 508         |
|    time_elapsed         | 1587        |
|    total_timesteps      | 4161536     |
| train/                  |             |
|    approx_kl            | 0.014318377 |
|    clip_fraction        | 0.201       |
|    clip_range           | 0.2         |
|    entropy_loss         | -5.96       |
|    explained_variance   | 0.4         |
|    learning_rate        | 0.000134    |
|    loss                 | 0.0413      |
|    n_updates            | 594         |
|    policy_gradient_loss | 0.00528     |
|    std                  | 0.51        |
|    value_loss           | 0.101       |
-----------------------------------------
Early stopping at step 1 due to reaching max kl: 0.03
-----------------------------------------
| rollout/                |             |
|    ep_len_mean          | 720         |
|    ep_rew_mean          | 1.65e+03    |
| time/                   |             |
|    fps                  | 2621        |
|    iterations           | 509         |
|    time_elapsed         | 1590        |
|    total_timesteps      | 4169728     |
| train/                  |             |
|    approx_kl            | 0.019106437 |
|    clip_fraction        | 0.188       |
|    clip_range           | 0.2         |
|    entropy_loss         | -5.95       |
|    explained_variance   | 0.44        |
|    learning_rate        | 0.000134    |
|    loss                 | 0.00929     |
|    n_updates            | 596         |
|    policy_gradient_loss | 0.00524     |
|    std                  | 0.51        |
|    value_loss           | 0.0805      |
-----------------------------------------
Early stopping at step 0 due to reaching max kl: 0.03
-----------------------------------------
| rollout/                |             |
|    ep_len_mean          | 715         |
|    ep_rew_mean          | 1.64e+03    |
| time/                   |             |
|    fps                  | 2621        |
|    iterations           | 510         |
|    time_elapsed         | 1593        |
|    total_timesteps      | 4177920     |
| train/                  |             |
|    approx_kl            | 0.010445263 |
|    clip_fraction        | 0.137       |
|    clip_range           | 0.2         |
|    entropy_loss         | -5.95       |
|    explained_variance   | 0.471       |
|    learning_rate        | 0.000133    |
|    loss                 | 0.089       |
|    n_updates            | 597         |
|    policy_gradient_loss | 0.0052      |
|    std                  | 0.509       |
|    value_loss           | 0.103       |
-----------------------------------------
Early stopping at step 1 due to reaching max kl: 0.03
-----------------------------------------
| rollout/                |             |
|    ep_len_mean          | 717         |
|    ep_rew_mean          | 1.64e+03    |
| time/                   |             |
|    fps                  | 2621        |
|    iterations           | 511         |
|    time_elapsed         | 1596        |
|    total_timesteps      | 4186112     |
| train/                  |             |
|    approx_kl            | 0.019581532 |
|    clip_fraction        | 0.197       |
|    clip_range           | 0.2         |
|    entropy_loss         | -5.94       |
|    explained_variance   | 0.423       |
|    learning_rate        | 0.000133    |
|    loss                 | 0.137       |
|    n_updates            | 599         |
|    policy_gradient_loss | 0.00195     |
|    std                  | 0.509       |
|    value_loss           | 0.0721      |
-----------------------------------------
Early stopping at step 1 due to reaching max kl: 0.03
-----------------------------------------
| rollout/                |             |
|    ep_len_mean          | 732         |
|    ep_rew_mean          | 1.67e+03    |
| time/                   |             |
|    fps                  | 2621        |
|    iterations           | 512         |
|    time_elapsed         | 1600        |
|    total_timesteps      | 4194304     |
| train/                  |             |
|    approx_kl            | 0.018738281 |
|    clip_fraction        | 0.211       |
|    clip_range           | 0.2         |
|    entropy_loss         | -5.93       |
|    explained_variance   | 0.388       |
|    learning_rate        | 0.000133    |
|    loss                 | 0.0494      |
|    n_updates            | 601         |
|    policy_gradient_loss | 0.00127     |
|    std                  | 0.508       |
|    value_loss           | 0.0978      |
-----------------------------------------
Early stopping at step 0 due to reaching max kl: 0.04
-----------------------------------------
| rollout/                |             |
|    ep_len_mean          | 723         |
|    ep_rew_mean          | 1.66e+03    |
| time/                   |             |
|    fps                  | 2621        |
|    iterations           | 513         |
|    time_elapsed         | 1603        |
|    total_timesteps      | 4202496     |
| train/                  |             |
|    approx_kl            | 0.012487633 |
|    clip_fraction        | 0.172       |
|    clip_range           | 0.2         |
|    entropy_loss         | -5.92       |
|    explained_variance   | 0.511       |
|    learning_rate        | 0.000132    |
|    loss                 | 0.0412      |
|    n_updates            | 602         |
|    policy_gradient_loss | 0.00771     |
|    std                  | 0.507       |
|    value_loss           | 0.104       |
-----------------------------------------
Early stopping at step 1 due to reaching max kl: 0.03
-----------------------------------------
| rollout/                |             |
|    ep_len_mean          | 721         |
|    ep_rew_mean          | 1.65e+03    |
| time/                   |             |
|    fps                  | 2621        |
|    iterations           | 514         |
|    time_elapsed         | 1606        |
|    total_timesteps      | 4210688     |
| train/                  |             |
|    approx_kl            | 0.022545176 |
|    clip_fraction        | 0.186       |
|    clip_range           | 0.2         |
|    entropy_loss         | -5.91       |
|    explained_variance   | 0.345       |
|    learning_rate        | 0.000132    |
|    loss                 | 0.108       |
|    n_updates            | 604         |
|    policy_gradient_loss | 0.00575     |
|    std                  | 0.507       |
|    value_loss           | 0.112       |
-----------------------------------------
Early stopping at step 1 due to reaching max kl: 0.03
-----------------------------------------
| rollout/                |             |
|    ep_len_mean          | 708         |
|    ep_rew_mean          | 1.62e+03    |
| time/                   |             |
|    fps                  | 2620        |
|    iterations           | 515         |
|    time_elapsed         | 1609        |
|    total_timesteps      | 4218880     |
| train/                  |             |
|    approx_kl            | 0.020366322 |
|    clip_fraction        | 0.206       |
|    clip_range           | 0.2         |
|    entropy_loss         | -5.89       |
|    explained_variance   | 0.512       |
|    learning_rate        | 0.000132    |
|    loss                 | 0.0454      |
|    n_updates            | 606         |
|    policy_gradient_loss | -0.000835   |
|    std                  | 0.506       |
|    value_loss           | 0.0497      |
-----------------------------------------
Early stopping at step 0 due to reaching max kl: 0.03
-----------------------------------------
| rollout/                |             |
|    ep_len_mean          | 719         |
|    ep_rew_mean          | 1.63e+03    |
| time/                   |             |
|    fps                  | 2620        |
|    iterations           | 516         |
|    time_elapsed         | 1612        |
|    total_timesteps      | 4227072     |
| train/                  |             |
|    approx_kl            | 0.013528351 |
|    clip_fraction        | 0.186       |
|    clip_range           | 0.2         |
|    entropy_loss         | -5.88       |
|    explained_variance   | 0.376       |
|    learning_rate        | 0.000131    |
|    loss                 | 0.0339      |
|    n_updates            | 607         |
|    policy_gradient_loss | 0.00295     |
|    std                  | 0.505       |
|    value_loss           | 0.106       |
-----------------------------------------
Early stopping at step 1 due to reaching max kl: 0.04
-----------------------------------------
| rollout/                |             |
|    ep_len_mean          | 718         |
|    ep_rew_mean          | 1.63e+03    |
| time/                   |             |
|    fps                  | 2620        |
|    iterations           | 517         |
|    time_elapsed         | 1616        |
|    total_timesteps      | 4235264     |
| train/                  |             |
|    approx_kl            | 0.019028414 |
|    clip_fraction        | 0.196       |
|    clip_range           | 0.2         |
|    entropy_loss         | -5.86       |
|    explained_variance   | 0.55        |
|    learning_rate        | 0.000131    |
|    loss                 | -0.0177     |
|    n_updates            | 609         |
|    policy_gradient_loss | 0.00069     |
|    std                  | 0.504       |
|    value_loss           | 0.0286      |
-----------------------------------------
Early stopping at step 1 due to reaching max kl: 0.03
-----------------------------------------
| rollout/                |             |
|    ep_len_mean          | 724         |
|    ep_rew_mean          | 1.65e+03    |
| time/                   |             |
|    fps                  | 2620        |
|    iterations           | 518         |
|    time_elapsed         | 1619        |
|    total_timesteps      | 4243456     |
| train/                  |             |
|    approx_kl            | 0.018677553 |
|    clip_fraction        | 0.209       |
|    clip_range           | 0.2         |
|    entropy_loss         | -5.85       |
|    explained_variance   | 0.336       |
|    learning_rate        | 0.000131    |
|    loss                 | 0.0399      |
|    n_updates            | 611         |
|    policy_gradient_loss | -0.000413   |
|    std                  | 0.503       |
|    value_loss           | 0.102       |
-----------------------------------------
Early stopping at step 0 due to reaching max kl: 0.04
-----------------------------------------
| rollout/                |             |
|    ep_len_mean          | 719         |
|    ep_rew_mean          | 1.65e+03    |
| time/                   |             |
|    fps                  | 2620        |
|    iterations           | 519         |
|    time_elapsed         | 1622        |
|    total_timesteps      | 4251648     |
| train/                  |             |
|    approx_kl            | 0.011205802 |
|    clip_fraction        | 0.148       |
|    clip_range           | 0.2         |
|    entropy_loss         | -5.84       |
|    explained_variance   | 0.394       |
|    learning_rate        | 0.00013     |
|    loss                 | 0.219       |
|    n_updates            | 612         |
|    policy_gradient_loss | 0.00287     |
|    std                  | 0.503       |
|    value_loss           | 0.0931      |
-----------------------------------------
Early stopping at step 2 due to reaching max kl: 0.03
-----------------------------------------
| rollout/                |             |
|    ep_len_mean          | 737         |
|    ep_rew_mean          | 1.69e+03    |
| time/                   |             |
|    fps                  | 2619        |
|    iterations           | 520         |
|    time_elapsed         | 1626        |
|    total_timesteps      | 4259840     |
| train/                  |             |
|    approx_kl            | 0.020538053 |
|    clip_fraction        | 0.227       |
|    clip_range           | 0.2         |
|    entropy_loss         | -5.82       |
|    explained_variance   | 0.415       |
|    learning_rate        | 0.00013     |
|    loss                 | -0.0135     |
|    n_updates            | 615         |
|    policy_gradient_loss | -0.0024     |
|    std                  | 0.502       |
|    value_loss           | 0.0832      |
-----------------------------------------
Early stopping at step 1 due to reaching max kl: 0.03
-----------------------------------------
| rollout/                |             |
|    ep_len_mean          | 725         |
|    ep_rew_mean          | 1.66e+03    |
| time/                   |             |
|    fps                  | 2619        |
|    iterations           | 521         |
|    time_elapsed         | 1629        |
|    total_timesteps      | 4268032     |
| train/                  |             |
|    approx_kl            | 0.018895214 |
|    clip_fraction        | 0.187       |
|    clip_range           | 0.2         |
|    entropy_loss         | -5.81       |
|    explained_variance   | 0.484       |
|    learning_rate        | 0.00013     |
|    loss                 | 0.013       |
|    n_updates            | 617         |
|    policy_gradient_loss | 0.000729    |
|    std                  | 0.501       |
|    value_loss           | 0.0644      |
-----------------------------------------
Early stopping at step 1 due to reaching max kl: 0.03
----------------------------------------
| rollout/                |            |
|    ep_len_mean          | 740        |
|    ep_rew_mean          | 1.7e+03    |
| time/                   |            |
|    fps                  | 2619       |
|    iterations           | 522        |
|    time_elapsed         | 1632       |
|    total_timesteps      | 4276224    |
| train/                  |            |
|    approx_kl            | 0.02674496 |
|    clip_fraction        | 0.193      |
|    clip_range           | 0.2        |
|    entropy_loss         | -5.81      |
|    explained_variance   | 0.401      |
|    learning_rate        | 0.000129   |
|    loss                 | 0.0601     |
|    n_updates            | 619        |
|    policy_gradient_loss | 0.00578    |
|    std                  | 0.501      |
|    value_loss           | 0.135      |
----------------------------------------
Early stopping at step 0 due to reaching max kl: 0.03
-----------------------------------------
| rollout/                |             |
|    ep_len_mean          | 729         |
|    ep_rew_mean          | 1.67e+03    |
| time/                   |             |
|    fps                  | 2619        |
|    iterations           | 523         |
|    time_elapsed         | 1635        |
|    total_timesteps      | 4284416     |
| train/                  |             |
|    approx_kl            | 0.013226625 |
|    clip_fraction        | 0.188       |
|    clip_range           | 0.2         |
|    entropy_loss         | -5.8        |
|    explained_variance   | 0.42        |
|    learning_rate        | 0.000129    |
|    loss                 | 0.04        |
|    n_updates            | 620         |
|    policy_gradient_loss | 0.00618     |
|    std                  | 0.5         |
|    value_loss           | 0.0857      |
-----------------------------------------
Early stopping at step 0 due to reaching max kl: 0.03
----------------------------------------
| rollout/                |            |
|    ep_len_mean          | 743        |
|    ep_rew_mean          | 1.71e+03   |
| time/                   |            |
|    fps                  | 2619       |
|    iterations           | 524        |
|    time_elapsed         | 1638       |
|    total_timesteps      | 4292608    |
| train/                  |            |
|    approx_kl            | 0.01129388 |
|    clip_fraction        | 0.16       |
|    clip_range           | 0.2        |
|    entropy_loss         | -5.79      |
|    explained_variance   | 0.659      |
|    learning_rate        | 0.000129   |
|    loss                 | 0.0236     |
|    n_updates            | 621        |
|    policy_gradient_loss | 0.006      |
|    std                  | 0.5        |
|    value_loss           | 0.0438     |
----------------------------------------
Early stopping at step 1 due to reaching max kl: 0.03
-----------------------------------------
| rollout/                |             |
|    ep_len_mean          | 691         |
|    ep_rew_mean          | 1.59e+03    |
| time/                   |             |
|    fps                  | 2618        |
|    iterations           | 525         |
|    time_elapsed         | 1642        |
|    total_timesteps      | 4300800     |
| train/                  |             |
|    approx_kl            | 0.019031389 |
|    clip_fraction        | 0.174       |
|    clip_range           | 0.2         |
|    entropy_loss         | -5.79       |
|    explained_variance   | 0.483       |
|    learning_rate        | 0.000128    |
|    loss                 | -0.0339     |
|    n_updates            | 623         |
|    policy_gradient_loss | 0.00561     |
|    std                  | 0.5         |
|    value_loss           | 0.0907      |
-----------------------------------------
Early stopping at step 0 due to reaching max kl: 0.03
-----------------------------------------
| rollout/                |             |
|    ep_len_mean          | 664         |
|    ep_rew_mean          | 1.53e+03    |
| time/                   |             |
|    fps                  | 2618        |
|    iterations           | 526         |
|    time_elapsed         | 1645        |
|    total_timesteps      | 4308992     |
| train/                  |             |
|    approx_kl            | 0.010734168 |
|    clip_fraction        | 0.148       |
|    clip_range           | 0.2         |
|    entropy_loss         | -5.78       |
|    explained_variance   | 0.365       |
|    learning_rate        | 0.000128    |
|    loss                 | 0.0222      |
|    n_updates            | 624         |
|    policy_gradient_loss | 0.00355     |
|    std                  | 0.499       |
|    value_loss           | 0.148       |
-----------------------------------------
Early stopping at step 0 due to reaching max kl: 0.04
----------------------------------------
| rollout/                |            |
|    ep_len_mean          | 667        |
|    ep_rew_mean          | 1.55e+03   |
| time/                   |            |
|    fps                  | 2618       |
|    iterations           | 527        |
|    time_elapsed         | 1648       |
|    total_timesteps      | 4317184    |
| train/                  |            |
|    approx_kl            | 0.01273563 |
|    clip_fraction        | 0.182      |
|    clip_range           | 0.2        |
|    entropy_loss         | -5.78      |
|    explained_variance   | 0.342      |
|    learning_rate        | 0.000128   |
|    loss                 | 0.203      |
|    n_updates            | 625        |
|    policy_gradient_loss | 0.00597    |
|    std                  | 0.499      |
|    value_loss           | 0.153      |
----------------------------------------
Early stopping at step 0 due to reaching max kl: 0.03
-----------------------------------------
| rollout/                |             |
|    ep_len_mean          | 626         |
|    ep_rew_mean          | 1.47e+03    |
| time/                   |             |
|    fps                  | 2618        |
|    iterations           | 528         |
|    time_elapsed         | 1651        |
|    total_timesteps      | 4325376     |
| train/                  |             |
|    approx_kl            | 0.012161825 |
|    clip_fraction        | 0.164       |
|    clip_range           | 0.2         |
|    entropy_loss         | -5.77       |
|    explained_variance   | 0.4         |
|    learning_rate        | 0.000127    |
|    loss                 | 0.0963      |
|    n_updates            | 626         |
|    policy_gradient_loss | 0.00407     |
|    std                  | 0.498       |
|    value_loss           | 0.11        |
-----------------------------------------
Early stopping at step 0 due to reaching max kl: 0.03
-----------------------------------------
| rollout/                |             |
|    ep_len_mean          | 599         |
|    ep_rew_mean          | 1.4e+03     |
| time/                   |             |
|    fps                  | 2618        |
|    iterations           | 529         |
|    time_elapsed         | 1654        |
|    total_timesteps      | 4333568     |
| train/                  |             |
|    approx_kl            | 0.012036392 |
|    clip_fraction        | 0.167       |
|    clip_range           | 0.2         |
|    entropy_loss         | -5.76       |
|    explained_variance   | 0.361       |
|    learning_rate        | 0.000127    |
|    loss                 | 0.067       |
|    n_updates            | 627         |
|    policy_gradient_loss | 0.00263     |
|    std                  | 0.498       |
|    value_loss           | 0.196       |
-----------------------------------------
Early stopping at step 0 due to reaching max kl: 0.03
----------------------------------------
| rollout/                |            |
|    ep_len_mean          | 605        |
|    ep_rew_mean          | 1.43e+03   |
| time/                   |            |
|    fps                  | 2618       |
|    iterations           | 530        |
|    time_elapsed         | 1657       |
|    total_timesteps      | 4341760    |
| train/                  |            |
|    approx_kl            | 0.01221629 |
|    clip_fraction        | 0.169      |
|    clip_range           | 0.2        |
|    entropy_loss         | -5.76      |
|    explained_variance   | 0.345      |
|    learning_rate        | 0.000127   |
|    loss                 | 0.072      |
|    n_updates            | 628        |
|    policy_gradient_loss | 0.00623    |
|    std                  | 0.498      |
|    value_loss           | 0.125      |
----------------------------------------
Early stopping at step 0 due to reaching max kl: 0.03
-----------------------------------------
| rollout/                |             |
|    ep_len_mean          | 589         |
|    ep_rew_mean          | 1.41e+03    |
| time/                   |             |
|    fps                  | 2619        |
|    iterations           | 531         |
|    time_elapsed         | 1660        |
|    total_timesteps      | 4349952     |
| train/                  |             |
|    approx_kl            | 0.011914318 |
|    clip_fraction        | 0.17        |
|    clip_range           | 0.2         |
|    entropy_loss         | -5.76       |
|    explained_variance   | 0.34        |
|    learning_rate        | 0.000126    |
|    loss                 | 0.000776    |
|    n_updates            | 629         |
|    policy_gradient_loss | 0.00299     |
|    std                  | 0.498       |
|    value_loss           | 0.0731      |
-----------------------------------------
Early stopping at step 0 due to reaching max kl: 0.03
-----------------------------------------
| rollout/                |             |
|    ep_len_mean          | 610         |
|    ep_rew_mean          | 1.45e+03    |
| time/                   |             |
|    fps                  | 2618        |
|    iterations           | 532         |
|    time_elapsed         | 1664        |
|    total_timesteps      | 4358144     |
| train/                  |             |
|    approx_kl            | 0.012594316 |
|    clip_fraction        | 0.177       |
|    clip_range           | 0.2         |
|    entropy_loss         | -5.75       |
|    explained_variance   | 0.36        |
|    learning_rate        | 0.000126    |
|    loss                 | 0.074       |
|    n_updates            | 630         |
|    policy_gradient_loss | 0.0069      |
|    std                  | 0.497       |
|    value_loss           | 0.123       |
-----------------------------------------
Early stopping at step 0 due to reaching max kl: 0.03
-----------------------------------------
| rollout/                |             |
|    ep_len_mean          | 639         |
|    ep_rew_mean          | 1.52e+03    |
| time/                   |             |
|    fps                  | 2618        |
|    iterations           | 533         |
|    time_elapsed         | 1667        |
|    total_timesteps      | 4366336     |
| train/                  |             |
|    approx_kl            | 0.012367314 |
|    clip_fraction        | 0.168       |
|    clip_range           | 0.2         |
|    entropy_loss         | -5.75       |
|    explained_variance   | 0.332       |
|    learning_rate        | 0.000126    |
|    loss                 | -0.000398   |
|    n_updates            | 631         |
|    policy_gradient_loss | 0.00412     |
|    std                  | 0.497       |
|    value_loss           | 0.103       |
-----------------------------------------
Early stopping at step 0 due to reaching max kl: 0.03
-----------------------------------------
| rollout/                |             |
|    ep_len_mean          | 656         |
|    ep_rew_mean          | 1.56e+03    |
| time/                   |             |
|    fps                  | 2618        |
|    iterations           | 534         |
|    time_elapsed         | 1670        |
|    total_timesteps      | 4374528     |
| train/                  |             |
|    approx_kl            | 0.012357079 |
|    clip_fraction        | 0.16        |
|    clip_range           | 0.2         |
|    entropy_loss         | -5.74       |
|    explained_variance   | 0.36        |
|    learning_rate        | 0.000125    |
|    loss                 | 0.0724      |
|    n_updates            | 632         |
|    policy_gradient_loss | 0.0035      |
|    std                  | 0.497       |
|    value_loss           | 0.0962      |
-----------------------------------------
Early stopping at step 0 due to reaching max kl: 0.03
-----------------------------------------
| rollout/                |             |
|    ep_len_mean          | 633         |
|    ep_rew_mean          | 1.5e+03     |
| time/                   |             |
|    fps                  | 2619        |
|    iterations           | 535         |
|    time_elapsed         | 1673        |
|    total_timesteps      | 4382720     |
| train/                  |             |
|    approx_kl            | 0.009862059 |
|    clip_fraction        | 0.129       |
|    clip_range           | 0.2         |
|    entropy_loss         | -5.74       |
|    explained_variance   | 0.381       |
|    learning_rate        | 0.000125    |
|    loss                 | 0.0701      |
|    n_updates            | 633         |
|    policy_gradient_loss | 0.00346     |
|    std                  | 0.497       |
|    value_loss           | 0.0901      |
-----------------------------------------
Early stopping at step 0 due to reaching max kl: 0.03
------------------------------------------
| rollout/                |              |
|    ep_len_mean          | 648          |
|    ep_rew_mean          | 1.52e+03     |
| time/                   |              |
|    fps                  | 2619         |
|    iterations           | 536          |
|    time_elapsed         | 1676         |
|    total_timesteps      | 4390912      |
| train/                  |              |
|    approx_kl            | 0.0111461785 |
|    clip_fraction        | 0.153        |
|    clip_range           | 0.2          |
|    entropy_loss         | -5.74        |
|    explained_variance   | 0.36         |
|    learning_rate        | 0.000125     |
|    loss                 | 0.0579       |
|    n_updates            | 634          |
|    policy_gradient_loss | 0.00529      |
|    std                  | 0.497        |
|    value_loss           | 0.143        |
------------------------------------------
Early stopping at step 0 due to reaching max kl: 0.03
-----------------------------------------
| rollout/                |             |
|    ep_len_mean          | 676         |
|    ep_rew_mean          | 1.6e+03     |
| time/                   |             |
|    fps                  | 2619        |
|    iterations           | 537         |
|    time_elapsed         | 1679        |
|    total_timesteps      | 4399104     |
| train/                  |             |
|    approx_kl            | 0.012501292 |
|    clip_fraction        | 0.173       |
|    clip_range           | 0.2         |
|    entropy_loss         | -5.74       |
|    explained_variance   | 0.379       |
|    learning_rate        | 0.000124    |
|    loss                 | 0.00427     |
|    n_updates            | 635         |
|    policy_gradient_loss | 0.00262     |
|    std                  | 0.497       |
|    value_loss           | 0.125       |
-----------------------------------------
Early stopping at step 1 due to reaching max kl: 0.04
-----------------------------------------
| rollout/                |             |
|    ep_len_mean          | 667         |
|    ep_rew_mean          | 1.57e+03    |
| time/                   |             |
|    fps                  | 2618        |
|    iterations           | 538         |
|    time_elapsed         | 1682        |
|    total_timesteps      | 4407296     |
| train/                  |             |
|    approx_kl            | 0.022172555 |
|    clip_fraction        | 0.196       |
|    clip_range           | 0.2         |
|    entropy_loss         | -5.73       |
|    explained_variance   | 0.429       |
|    learning_rate        | 0.000124    |
|    loss                 | 0.0202      |
|    n_updates            | 637         |
|    policy_gradient_loss | 0.00223     |
|    std                  | 0.496       |
|    value_loss           | 0.0809      |
-----------------------------------------
Early stopping at step 0 due to reaching max kl: 0.04
-----------------------------------------
| rollout/                |             |
|    ep_len_mean          | 692         |
|    ep_rew_mean          | 1.64e+03    |
| time/                   |             |
|    fps                  | 2618        |
|    iterations           | 539         |
|    time_elapsed         | 1685        |
|    total_timesteps      | 4415488     |
| train/                  |             |
|    approx_kl            | 0.012098928 |
|    clip_fraction        | 0.169       |
|    clip_range           | 0.2         |
|    entropy_loss         | -5.72       |
|    explained_variance   | 0.491       |
|    learning_rate        | 0.000124    |
|    loss                 | 0.0354      |
|    n_updates            | 638         |
|    policy_gradient_loss | 0.00716     |
|    std                  | 0.495       |
|    value_loss           | 0.074       |
-----------------------------------------
Early stopping at step 2 due to reaching max kl: 0.03
-----------------------------------------
| rollout/                |             |
|    ep_len_mean          | 703         |
|    ep_rew_mean          | 1.65e+03    |
| time/                   |             |
|    fps                  | 2618        |
|    iterations           | 540         |
|    time_elapsed         | 1689        |
|    total_timesteps      | 4423680     |
| train/                  |             |
|    approx_kl            | 0.020640928 |
|    clip_fraction        | 0.225       |
|    clip_range           | 0.2         |
|    entropy_loss         | -5.71       |
|    explained_variance   | 0.56        |
|    learning_rate        | 0.000123    |
|    loss                 | 0.0448      |
|    n_updates            | 641         |
|    policy_gradient_loss | -0.00406    |
|    std                  | 0.494       |
|    value_loss           | 0.0454      |
-----------------------------------------
Early stopping at step 1 due to reaching max kl: 0.03
-----------------------------------------
| rollout/                |             |
|    ep_len_mean          | 699         |
|    ep_rew_mean          | 1.67e+03    |
| time/                   |             |
|    fps                  | 2617        |
|    iterations           | 541         |
|    time_elapsed         | 1692        |
|    total_timesteps      | 4431872     |
| train/                  |             |
|    approx_kl            | 0.019754145 |
|    clip_fraction        | 0.195       |
|    clip_range           | 0.2         |
|    entropy_loss         | -5.69       |
|    explained_variance   | 0.413       |
|    learning_rate        | 0.000123    |
|    loss                 | 0.0435      |
|    n_updates            | 643         |
|    policy_gradient_loss | 0.000494    |
|    std                  | 0.493       |
|    value_loss           | 0.0856      |
-----------------------------------------
Early stopping at step 0 due to reaching max kl: 0.03
-----------------------------------------
| rollout/                |             |
|    ep_len_mean          | 686         |
|    ep_rew_mean          | 1.65e+03    |
| time/                   |             |
|    fps                  | 2618        |
|    iterations           | 542         |
|    time_elapsed         | 1695        |
|    total_timesteps      | 4440064     |
| train/                  |             |
|    approx_kl            | 0.010333938 |
|    clip_fraction        | 0.145       |
|    clip_range           | 0.2         |
|    entropy_loss         | -5.68       |
|    explained_variance   | 0.49        |
|    learning_rate        | 0.000123    |
|    loss                 | 0.079       |
|    n_updates            | 644         |
|    policy_gradient_loss | 0.00488     |
|    std                  | 0.493       |
|    value_loss           | 0.0684      |
-----------------------------------------
Early stopping at step 1 due to reaching max kl: 0.03
-----------------------------------------
| rollout/                |             |
|    ep_len_mean          | 712         |
|    ep_rew_mean          | 1.72e+03    |
| time/                   |             |
|    fps                  | 2617        |
|    iterations           | 543         |
|    time_elapsed         | 1699        |
|    total_timesteps      | 4448256     |
| train/                  |             |
|    approx_kl            | 0.019155247 |
|    clip_fraction        | 0.222       |
|    clip_range           | 0.2         |
|    entropy_loss         | -5.68       |
|    explained_variance   | 0.399       |
|    learning_rate        | 0.000122    |
|    loss                 | 0.096       |
|    n_updates            | 646         |
|    policy_gradient_loss | 2.84e-06    |
|    std                  | 0.493       |
|    value_loss           | 0.113       |
-----------------------------------------
Early stopping at step 0 due to reaching max kl: 0.03
-----------------------------------------
| rollout/                |             |
|    ep_len_mean          | 708         |
|    ep_rew_mean          | 1.7e+03     |
| time/                   |             |
|    fps                  | 2617        |
|    iterations           | 544         |
|    time_elapsed         | 1702        |
|    total_timesteps      | 4456448     |
| train/                  |             |
|    approx_kl            | 0.011569063 |
|    clip_fraction        | 0.157       |
|    clip_range           | 0.2         |
|    entropy_loss         | -5.68       |
|    explained_variance   | 0.465       |
|    learning_rate        | 0.000122    |
|    loss                 | 0.0944      |
|    n_updates            | 647         |
|    policy_gradient_loss | 0.00494     |
|    std                  | 0.493       |
|    value_loss           | 0.101       |
-----------------------------------------
Early stopping at step 0 due to reaching max kl: 0.03
-----------------------------------------
| rollout/                |             |
|    ep_len_mean          | 733         |
|    ep_rew_mean          | 1.75e+03    |
| time/                   |             |
|    fps                  | 2617        |
|    iterations           | 545         |
|    time_elapsed         | 1705        |
|    total_timesteps      | 4464640     |
| train/                  |             |
|    approx_kl            | 0.009614837 |
|    clip_fraction        | 0.129       |
|    clip_range           | 0.2         |
|    entropy_loss         | -5.67       |
|    explained_variance   | 0.414       |
|    learning_rate        | 0.000122    |
|    loss                 | 0.0164      |
|    n_updates            | 648         |
|    policy_gradient_loss | 0.00399     |
|    std                  | 0.492       |
|    value_loss           | 0.0976      |
-----------------------------------------
Early stopping at step 1 due to reaching max kl: 0.03
-----------------------------------------
| rollout/                |             |
|    ep_len_mean          | 725         |
|    ep_rew_mean          | 1.74e+03    |
| time/                   |             |
|    fps                  | 2617        |
|    iterations           | 546         |
|    time_elapsed         | 1708        |
|    total_timesteps      | 4472832     |
| train/                  |             |
|    approx_kl            | 0.018508056 |
|    clip_fraction        | 0.186       |
|    clip_range           | 0.2         |
|    entropy_loss         | -5.66       |
|    explained_variance   | 0.521       |
|    learning_rate        | 0.000121    |
|    loss                 | -0.00355    |
|    n_updates            | 650         |
|    policy_gradient_loss | -0.00153    |
|    std                  | 0.491       |
|    value_loss           | 0.0526      |
-----------------------------------------
Early stopping at step 1 due to reaching max kl: 0.03
-----------------------------------------
| rollout/                |             |
|    ep_len_mean          | 712         |
|    ep_rew_mean          | 1.71e+03    |
| time/                   |             |
|    fps                  | 2617        |
|    iterations           | 547         |
|    time_elapsed         | 1712        |
|    total_timesteps      | 4481024     |
| train/                  |             |
|    approx_kl            | 0.021395342 |
|    clip_fraction        | 0.205       |
|    clip_range           | 0.2         |
|    entropy_loss         | -5.65       |
|    explained_variance   | 0.453       |
|    learning_rate        | 0.000121    |
|    loss                 | 0.0845      |
|    n_updates            | 652         |
|    policy_gradient_loss | 0.00143     |
|    std                  | 0.491       |
|    value_loss           | 0.0749      |
-----------------------------------------
Early stopping at step 1 due to reaching max kl: 0.04
-----------------------------------------
| rollout/                |             |
|    ep_len_mean          | 709         |
|    ep_rew_mean          | 1.71e+03    |
| time/                   |             |
|    fps                  | 2617        |
|    iterations           | 548         |
|    time_elapsed         | 1715        |
|    total_timesteps      | 4489216     |
| train/                  |             |
|    approx_kl            | 0.027057003 |
|    clip_fraction        | 0.197       |
|    clip_range           | 0.2         |
|    entropy_loss         | -5.64       |
|    explained_variance   | 0.436       |
|    learning_rate        | 0.000121    |
|    loss                 | 0.0927      |
|    n_updates            | 654         |
|    policy_gradient_loss | 0.00402     |
|    std                  | 0.491       |
|    value_loss           | 0.12        |
-----------------------------------------
Early stopping at step 0 due to reaching max kl: 0.03
-----------------------------------------
| rollout/                |             |
|    ep_len_mean          | 689         |
|    ep_rew_mean          | 1.67e+03    |
| time/                   |             |
|    fps                  | 2617        |
|    iterations           | 549         |
|    time_elapsed         | 1718        |
|    total_timesteps      | 4497408     |
| train/                  |             |
|    approx_kl            | 0.012017129 |
|    clip_fraction        | 0.17        |
|    clip_range           | 0.2         |
|    entropy_loss         | -5.64       |
|    explained_variance   | 0.386       |
|    learning_rate        | 0.00012     |
|    loss                 | 0.0276      |
|    n_updates            | 655         |
|    policy_gradient_loss | 0.0033      |
|    std                  | 0.491       |
|    value_loss           | 0.102       |
-----------------------------------------
Early stopping at step 2 due to reaching max kl: 0.03
-----------------------------------------
| rollout/                |             |
|    ep_len_mean          | 707         |
|    ep_rew_mean          | 1.72e+03    |
| time/                   |             |
|    fps                  | 2616        |
|    iterations           | 550         |
|    time_elapsed         | 1721        |
|    total_timesteps      | 4505600     |
| train/                  |             |
|    approx_kl            | 0.022485973 |
|    clip_fraction        | 0.242       |
|    clip_range           | 0.2         |
|    entropy_loss         | -5.63       |
|    explained_variance   | 0.475       |
|    learning_rate        | 0.00012     |
|    loss                 | 0.0288      |
|    n_updates            | 658         |
|    policy_gradient_loss | -0.000154   |
|    std                  | 0.49        |
|    value_loss           | 0.118       |
-----------------------------------------
Early stopping at step 1 due to reaching max kl: 0.03
-----------------------------------------
| rollout/                |             |
|    ep_len_mean          | 736         |
|    ep_rew_mean          | 1.79e+03    |
| time/                   |             |
|    fps                  | 2616        |
|    iterations           | 551         |
|    time_elapsed         | 1725        |
|    total_timesteps      | 4513792     |
| train/                  |             |
|    approx_kl            | 0.017413598 |
|    clip_fraction        | 0.202       |
|    clip_range           | 0.2         |
|    entropy_loss         | -5.61       |
|    explained_variance   | 0.464       |
|    learning_rate        | 0.00012     |
|    loss                 | 0.00363     |
|    n_updates            | 660         |
|    policy_gradient_loss | -0.000936   |
|    std                  | 0.488       |
|    value_loss           | 0.0661      |
-----------------------------------------
Early stopping at step 1 due to reaching max kl: 0.03
-----------------------------------------
| rollout/                |             |
|    ep_len_mean          | 745         |
|    ep_rew_mean          | 1.81e+03    |
| time/                   |             |
|    fps                  | 2616        |
|    iterations           | 552         |
|    time_elapsed         | 1728        |
|    total_timesteps      | 4521984     |
| train/                  |             |
|    approx_kl            | 0.016172023 |
|    clip_fraction        | 0.187       |
|    clip_range           | 0.2         |
|    entropy_loss         | -5.6        |
|    explained_variance   | 0.568       |
|    learning_rate        | 0.000119    |
|    loss                 | -0.016      |
|    n_updates            | 662         |
|    policy_gradient_loss | 0.0021      |
|    std                  | 0.488       |
|    value_loss           | 0.0326      |
-----------------------------------------
Early stopping at step 1 due to reaching max kl: 0.04
-----------------------------------------
| rollout/                |             |
|    ep_len_mean          | 750         |
|    ep_rew_mean          | 1.82e+03    |
| time/                   |             |
|    fps                  | 2615        |
|    iterations           | 553         |
|    time_elapsed         | 1731        |
|    total_timesteps      | 4530176     |
| train/                  |             |
|    approx_kl            | 0.018037375 |
|    clip_fraction        | 0.175       |
|    clip_range           | 0.2         |
|    entropy_loss         | -5.59       |
|    explained_variance   | 0.571       |
|    learning_rate        | 0.000119    |
|    loss                 | 0.000782    |
|    n_updates            | 664         |
|    policy_gradient_loss | 0.00265     |
|    std                  | 0.487       |
|    value_loss           | 0.054       |
-----------------------------------------
Early stopping at step 1 due to reaching max kl: 0.03
-----------------------------------------
| rollout/                |             |
|    ep_len_mean          | 748         |
|    ep_rew_mean          | 1.84e+03    |
| time/                   |             |
|    fps                  | 2615        |
|    iterations           | 554         |
|    time_elapsed         | 1735        |
|    total_timesteps      | 4538368     |
| train/                  |             |
|    approx_kl            | 0.020551298 |
|    clip_fraction        | 0.209       |
|    clip_range           | 0.2         |
|    entropy_loss         | -5.57       |
|    explained_variance   | 0.461       |
|    learning_rate        | 0.000119    |
|    loss                 | 0.0877      |
|    n_updates            | 666         |
|    policy_gradient_loss | -0.000224   |
|    std                  | 0.486       |
|    value_loss           | 0.109       |
-----------------------------------------
Early stopping at step 1 due to reaching max kl: 0.03
-----------------------------------------
| rollout/                |             |
|    ep_len_mean          | 745         |
|    ep_rew_mean          | 1.83e+03    |
| time/                   |             |
|    fps                  | 2615        |
|    iterations           | 555         |
|    time_elapsed         | 1738        |
|    total_timesteps      | 4546560     |
| train/                  |             |
|    approx_kl            | 0.018702673 |
|    clip_fraction        | 0.222       |
|    clip_range           | 0.2         |
|    entropy_loss         | -5.56       |
|    explained_variance   | 0.361       |
|    learning_rate        | 0.000118    |
|    loss                 | 0.0942      |
|    n_updates            | 668         |
|    policy_gradient_loss | 0.00697     |
|    std                  | 0.486       |
|    value_loss           | 0.107       |
-----------------------------------------
Early stopping at step 1 due to reaching max kl: 0.03
-----------------------------------------
| rollout/                |             |
|    ep_len_mean          | 748         |
|    ep_rew_mean          | 1.84e+03    |
| time/                   |             |
|    fps                  | 2615        |
|    iterations           | 556         |
|    time_elapsed         | 1741        |
|    total_timesteps      | 4554752     |
| train/                  |             |
|    approx_kl            | 0.018107655 |
|    clip_fraction        | 0.211       |
|    clip_range           | 0.2         |
|    entropy_loss         | -5.56       |
|    explained_variance   | 0.536       |
|    learning_rate        | 0.000118    |
|    loss                 | 0.0368      |
|    n_updates            | 670         |
|    policy_gradient_loss | 0.000319    |
|    std                  | 0.485       |
|    value_loss           | 0.0737      |
-----------------------------------------
Early stopping at step 0 due to reaching max kl: 0.03
-----------------------------------------
| rollout/                |             |
|    ep_len_mean          | 759         |
|    ep_rew_mean          | 1.86e+03    |
| time/                   |             |
|    fps                  | 2615        |
|    iterations           | 557         |
|    time_elapsed         | 1744        |
|    total_timesteps      | 4562944     |
| train/                  |             |
|    approx_kl            | 0.009636578 |
|    clip_fraction        | 0.123       |
|    clip_range           | 0.2         |
|    entropy_loss         | -5.55       |
|    explained_variance   | 0.478       |
|    learning_rate        | 0.000118    |
|    loss                 | 0.0192      |
|    n_updates            | 671         |
|    policy_gradient_loss | 0.00185     |
|    std                  | 0.485       |
|    value_loss           | 0.1         |
-----------------------------------------
Early stopping at step 0 due to reaching max kl: 0.03
-----------------------------------------
| rollout/                |             |
|    ep_len_mean          | 772         |
|    ep_rew_mean          | 1.88e+03    |
| time/                   |             |
|    fps                  | 2615        |
|    iterations           | 558         |
|    time_elapsed         | 1747        |
|    total_timesteps      | 4571136     |
| train/                  |             |
|    approx_kl            | 0.010737897 |
|    clip_fraction        | 0.144       |
|    clip_range           | 0.2         |
|    entropy_loss         | -5.54       |
|    explained_variance   | 0.552       |
|    learning_rate        | 0.000117    |
|    loss                 | 0.0519      |
|    n_updates            | 672         |
|    policy_gradient_loss | 0.00319     |
|    std                  | 0.484       |
|    value_loss           | 0.0616      |
-----------------------------------------
Early stopping at step 1 due to reaching max kl: 0.03
-----------------------------------------
| rollout/                |             |
|    ep_len_mean          | 761         |
|    ep_rew_mean          | 1.85e+03    |
| time/                   |             |
|    fps                  | 2615        |
|    iterations           | 559         |
|    time_elapsed         | 1751        |
|    total_timesteps      | 4579328     |
| train/                  |             |
|    approx_kl            | 0.018453078 |
|    clip_fraction        | 0.182       |
|    clip_range           | 0.2         |
|    entropy_loss         | -5.53       |
|    explained_variance   | 0.569       |
|    learning_rate        | 0.000117    |
|    loss                 | 0.0339      |
|    n_updates            | 674         |
|    policy_gradient_loss | 0.00175     |
|    std                  | 0.483       |
|    value_loss           | 0.0689      |
-----------------------------------------
Early stopping at step 1 due to reaching max kl: 0.04
-----------------------------------------
| rollout/                |             |
|    ep_len_mean          | 721         |
|    ep_rew_mean          | 1.74e+03    |
| time/                   |             |
|    fps                  | 2614        |
|    iterations           | 560         |
|    time_elapsed         | 1754        |
|    total_timesteps      | 4587520     |
| train/                  |             |
|    approx_kl            | 0.016926223 |
|    clip_fraction        | 0.183       |
|    clip_range           | 0.2         |
|    entropy_loss         | -5.51       |
|    explained_variance   | 0.547       |
|    learning_rate        | 0.000117    |
|    loss                 | 0.0171      |
|    n_updates            | 676         |
|    policy_gradient_loss | -0.00128    |
|    std                  | 0.483       |
|    value_loss           | 0.101       |
-----------------------------------------
Early stopping at step 1 due to reaching max kl: 0.04
----------------------------------------
| rollout/                |            |
|    ep_len_mean          | 709        |
|    ep_rew_mean          | 1.72e+03   |
| time/                   |            |
|    fps                  | 2614       |
|    iterations           | 561        |
|    time_elapsed         | 1757       |
|    total_timesteps      | 4595712    |
| train/                  |            |
|    approx_kl            | 0.01967556 |
|    clip_fraction        | 0.171      |
|    clip_range           | 0.2        |
|    entropy_loss         | -5.51      |
|    explained_variance   | 0.473      |
|    learning_rate        | 0.000116   |
|    loss                 | 0.0219     |
|    n_updates            | 678        |
|    policy_gradient_loss | 0.00406    |
|    std                  | 0.482      |
|    value_loss           | 0.0965     |
----------------------------------------
Early stopping at step 1 due to reaching max kl: 0.03
-----------------------------------------
| rollout/                |             |
|    ep_len_mean          | 715         |
|    ep_rew_mean          | 1.74e+03    |
| time/                   |             |
|    fps                  | 2614        |
|    iterations           | 562         |
|    time_elapsed         | 1760        |
|    total_timesteps      | 4603904     |
| train/                  |             |
|    approx_kl            | 0.017617581 |
|    clip_fraction        | 0.182       |
|    clip_range           | 0.2         |
|    entropy_loss         | -5.5        |
|    explained_variance   | 0.442       |
|    learning_rate        | 0.000116    |
|    loss                 | 0.0552      |
|    n_updates            | 680         |
|    policy_gradient_loss | -0.00015    |
|    std                  | 0.482       |
|    value_loss           | 0.131       |
-----------------------------------------
Early stopping at step 1 due to reaching max kl: 0.03
-----------------------------------------
| rollout/                |             |
|    ep_len_mean          | 707         |
|    ep_rew_mean          | 1.72e+03    |
| time/                   |             |
|    fps                  | 2614        |
|    iterations           | 563         |
|    time_elapsed         | 1764        |
|    total_timesteps      | 4612096     |
| train/                  |             |
|    approx_kl            | 0.018205097 |
|    clip_fraction        | 0.21        |
|    clip_range           | 0.2         |
|    entropy_loss         | -5.49       |
|    explained_variance   | 0.445       |
|    learning_rate        | 0.000116    |
|    loss                 | -0.00739    |
|    n_updates            | 682         |
|    policy_gradient_loss | -0.000673   |
|    std                  | 0.481       |
|    value_loss           | 0.106       |
-----------------------------------------
Early stopping at step 1 due to reaching max kl: 0.04
-----------------------------------------
| rollout/                |             |
|    ep_len_mean          | 711         |
|    ep_rew_mean          | 1.74e+03    |
| time/                   |             |
|    fps                  | 2613        |
|    iterations           | 564         |
|    time_elapsed         | 1767        |
|    total_timesteps      | 4620288     |
| train/                  |             |
|    approx_kl            | 0.016675152 |
|    clip_fraction        | 0.19        |
|    clip_range           | 0.2         |
|    entropy_loss         | -5.47       |
|    explained_variance   | 0.599       |
|    learning_rate        | 0.000116    |
|    loss                 | 0.00582     |
|    n_updates            | 684         |
|    policy_gradient_loss | -0.000358   |
|    std                  | 0.48        |
|    value_loss           | 0.0681      |
-----------------------------------------
Early stopping at step 0 due to reaching max kl: 0.03
-----------------------------------------
| rollout/                |             |
|    ep_len_mean          | 692         |
|    ep_rew_mean          | 1.7e+03     |
| time/                   |             |
|    fps                  | 2613        |
|    iterations           | 565         |
|    time_elapsed         | 1770        |
|    total_timesteps      | 4628480     |
| train/                  |             |
|    approx_kl            | 0.009719622 |
|    clip_fraction        | 0.137       |
|    clip_range           | 0.2         |
|    entropy_loss         | -5.46       |
|    explained_variance   | 0.519       |
|    learning_rate        | 0.000115    |
|    loss                 | 0.057       |
|    n_updates            | 685         |
|    policy_gradient_loss | 0.00463     |
|    std                  | 0.48        |
|    value_loss           | 0.087       |
-----------------------------------------
Early stopping at step 1 due to reaching max kl: 0.03
----------------------------------------
| rollout/                |            |
|    ep_len_mean          | 690        |
|    ep_rew_mean          | 1.7e+03    |
| time/                   |            |
|    fps                  | 2613       |
|    iterations           | 566        |
|    time_elapsed         | 1774       |
|    total_timesteps      | 4636672    |
| train/                  |            |
|    approx_kl            | 0.01827185 |
|    clip_fraction        | 0.209      |
|    clip_range           | 0.2        |
|    entropy_loss         | -5.45      |
|    explained_variance   | 0.452      |
|    learning_rate        | 0.000115   |
|    loss                 | 0.0616     |
|    n_updates            | 687        |
|    policy_gradient_loss | 0.00109    |
|    std                  | 0.479      |
|    value_loss           | 0.124      |
----------------------------------------
Early stopping at step 1 due to reaching max kl: 0.03
-----------------------------------------
| rollout/                |             |
|    ep_len_mean          | 692         |
|    ep_rew_mean          | 1.71e+03    |
| time/                   |             |
|    fps                  | 2613        |
|    iterations           | 567         |
|    time_elapsed         | 1777        |
|    total_timesteps      | 4644864     |
| train/                  |             |
|    approx_kl            | 0.018764907 |
|    clip_fraction        | 0.198       |
|    clip_range           | 0.2         |
|    entropy_loss         | -5.44       |
|    explained_variance   | 0.566       |
|    learning_rate        | 0.000115    |
|    loss                 | 0.0502      |
|    n_updates            | 689         |
|    policy_gradient_loss | -0.000392   |
|    std                  | 0.478       |
|    value_loss           | 0.0828      |
-----------------------------------------
Early stopping at step 2 due to reaching max kl: 0.03
---------------------------------------
| rollout/                |           |
|    ep_len_mean          | 674       |
|    ep_rew_mean          | 1.66e+03  |
| time/                   |           |
|    fps                  | 2612      |
|    iterations           | 568       |
|    time_elapsed         | 1781      |
|    total_timesteps      | 4653056   |
| train/                  |           |
|    approx_kl            | 0.0191521 |
|    clip_fraction        | 0.225     |
|    clip_range           | 0.2       |
|    entropy_loss         | -5.41     |
|    explained_variance   | 0.602     |
|    learning_rate        | 0.000114  |
|    loss                 | 0.0651    |
|    n_updates            | 692       |
|    policy_gradient_loss | -0.00492  |
|    std                  | 0.476     |
|    value_loss           | 0.044     |
---------------------------------------
Early stopping at step 0 due to reaching max kl: 0.03
-----------------------------------------
| rollout/                |             |
|    ep_len_mean          | 689         |
|    ep_rew_mean          | 1.72e+03    |
| time/                   |             |
|    fps                  | 2612        |
|    iterations           | 569         |
|    time_elapsed         | 1784        |
|    total_timesteps      | 4661248     |
| train/                  |             |
|    approx_kl            | 0.012023724 |
|    clip_fraction        | 0.171       |
|    clip_range           | 0.2         |
|    entropy_loss         | -5.39       |
|    explained_variance   | 0.417       |
|    learning_rate        | 0.000114    |
|    loss                 | 0.0684      |
|    n_updates            | 693         |
|    policy_gradient_loss | 0.00355     |
|    std                  | 0.475       |
|    value_loss           | 0.152       |
-----------------------------------------
Early stopping at step 0 due to reaching max kl: 0.03
------------------------------------------
| rollout/                |              |
|    ep_len_mean          | 696          |
|    ep_rew_mean          | 1.74e+03     |
| time/                   |              |
|    fps                  | 2612         |
|    iterations           | 570          |
|    time_elapsed         | 1787         |
|    total_timesteps      | 4669440      |
| train/                  |              |
|    approx_kl            | 0.0136754075 |
|    clip_fraction        | 0.184        |
|    clip_range           | 0.2          |
|    entropy_loss         | -5.38        |
|    explained_variance   | 0.522        |
|    learning_rate        | 0.000114     |
|    loss                 | 0.0869       |
|    n_updates            | 694          |
|    policy_gradient_loss | 0.00314      |
|    std                  | 0.475        |
|    value_loss           | 0.12         |
------------------------------------------
Early stopping at step 1 due to reaching max kl: 0.03
---------------------------------------
| rollout/                |           |
|    ep_len_mean          | 668       |
|    ep_rew_mean          | 1.66e+03  |
| time/                   |           |
|    fps                  | 2612      |
|    iterations           | 571       |
|    time_elapsed         | 1790      |
|    total_timesteps      | 4677632   |
| train/                  |           |
|    approx_kl            | 0.0164697 |
|    clip_fraction        | 0.194     |
|    clip_range           | 0.2       |
|    entropy_loss         | -5.37     |
|    explained_variance   | 0.518     |
|    learning_rate        | 0.000113  |
|    loss                 | -0.000426 |
|    n_updates            | 696       |
|    policy_gradient_loss | -0.000275 |
|    std                  | 0.474     |
|    value_loss           | 0.0795    |
---------------------------------------
Early stopping at step 0 due to reaching max kl: 0.04
------------------------------------------
| rollout/                |              |
|    ep_len_mean          | 644          |
|    ep_rew_mean          | 1.61e+03     |
| time/                   |              |
|    fps                  | 2612         |
|    iterations           | 572          |
|    time_elapsed         | 1793         |
|    total_timesteps      | 4685824      |
| train/                  |              |
|    approx_kl            | 0.0096421465 |
|    clip_fraction        | 0.128        |
|    clip_range           | 0.2          |
|    entropy_loss         | -5.36        |
|    explained_variance   | 0.412        |
|    learning_rate        | 0.000113     |
|    loss                 | 0.246        |
|    n_updates            | 697          |
|    policy_gradient_loss | 0.00683      |
|    std                  | 0.474        |
|    value_loss           | 0.153        |
------------------------------------------
Early stopping at step 1 due to reaching max kl: 0.03
-----------------------------------------
| rollout/                |             |
|    ep_len_mean          | 633         |
|    ep_rew_mean          | 1.58e+03    |
| time/                   |             |
|    fps                  | 2612        |
|    iterations           | 573         |
|    time_elapsed         | 1797        |
|    total_timesteps      | 4694016     |
| train/                  |             |
|    approx_kl            | 0.032496482 |
|    clip_fraction        | 0.191       |
|    clip_range           | 0.2         |
|    entropy_loss         | -5.36       |
|    explained_variance   | 0.438       |
|    learning_rate        | 0.000113    |
|    loss                 | -0.00637    |
|    n_updates            | 699         |
|    policy_gradient_loss | 0.00372     |
|    std                  | 0.474       |
|    value_loss           | 0.185       |
-----------------------------------------
Early stopping at step 1 due to reaching max kl: 0.03
[Progress] Training 5/6: 4,701,148/5,000,000 steps (94.0%); 1 full runs remain afterward; rough training ETA 34m.
-----------------------------------------
| rollout/                |             |
|    ep_len_mean          | 649         |
|    ep_rew_mean          | 1.63e+03    |
| time/                   |             |
|    fps                  | 2611        |
|    iterations           | 574         |
|    time_elapsed         | 1800        |
|    total_timesteps      | 4702208     |
| train/                  |             |
|    approx_kl            | 0.019711854 |
|    clip_fraction        | 0.201       |
|    clip_range           | 0.2         |
|    entropy_loss         | -5.36       |
|    explained_variance   | 0.417       |
|    learning_rate        | 0.000112    |
|    loss                 | 0.0271      |
|    n_updates            | 701         |
|    policy_gradient_loss | -0.00161    |
|    std                  | 0.473       |
|    value_loss           | 0.143       |
-----------------------------------------
Early stopping at step 2 due to reaching max kl: 0.03
-----------------------------------------
| rollout/                |             |
|    ep_len_mean          | 641         |
|    ep_rew_mean          | 1.61e+03    |
| time/                   |             |
|    fps                  | 2611        |
|    iterations           | 575         |
|    time_elapsed         | 1803        |
|    total_timesteps      | 4710400     |
| train/                  |             |
|    approx_kl            | 0.020210763 |
|    clip_fraction        | 0.213       |
|    clip_range           | 0.2         |
|    entropy_loss         | -5.34       |
|    explained_variance   | 0.578       |
|    learning_rate        | 0.000112    |
|    loss                 | -0.00614    |
|    n_updates            | 704         |
|    policy_gradient_loss | -0.00302    |
|    std                  | 0.473       |
|    value_loss           | 0.0344      |
-----------------------------------------
Early stopping at step 1 due to reaching max kl: 0.03
-----------------------------------------
| rollout/                |             |
|    ep_len_mean          | 670         |
|    ep_rew_mean          | 1.68e+03    |
| time/                   |             |
|    fps                  | 2610        |
|    iterations           | 576         |
|    time_elapsed         | 1807        |
|    total_timesteps      | 4718592     |
| train/                  |             |
|    approx_kl            | 0.018324202 |
|    clip_fraction        | 0.21        |
|    clip_range           | 0.2         |
|    entropy_loss         | -5.33       |
|    explained_variance   | 0.488       |
|    learning_rate        | 0.000112    |
|    loss                 | -0.00969    |
|    n_updates            | 706         |
|    policy_gradient_loss | -0.00156    |
|    std                  | 0.472       |
|    value_loss           | 0.0888      |
-----------------------------------------
Early stopping at step 2 due to reaching max kl: 0.03
-----------------------------------------
| rollout/                |             |
|    ep_len_mean          | 679         |
|    ep_rew_mean          | 1.71e+03    |
| time/                   |             |
|    fps                  | 2609        |
|    iterations           | 577         |
|    time_elapsed         | 1811        |
|    total_timesteps      | 4726784     |
| train/                  |             |
|    approx_kl            | 0.019509032 |
|    clip_fraction        | 0.223       |
|    clip_range           | 0.2         |
|    entropy_loss         | -5.32       |
|    explained_variance   | 0.557       |
|    learning_rate        | 0.000111    |
|    loss                 | 0.021       |
|    n_updates            | 709         |
|    policy_gradient_loss | -0.0046     |
|    std                  | 0.471       |
|    value_loss           | 0.0624      |
-----------------------------------------
Early stopping at step 0 due to reaching max kl: 0.03
-----------------------------------------
| rollout/                |             |
|    ep_len_mean          | 674         |
|    ep_rew_mean          | 1.69e+03    |
| time/                   |             |
|    fps                  | 2610        |
|    iterations           | 578         |
|    time_elapsed         | 1814        |
|    total_timesteps      | 4734976     |
| train/                  |             |
|    approx_kl            | 0.007876379 |
|    clip_fraction        | 0.103       |
|    clip_range           | 0.2         |
|    entropy_loss         | -5.31       |
|    explained_variance   | 0.543       |
|    learning_rate        | 0.000111    |
|    loss                 | 0.00405     |
|    n_updates            | 710         |
|    policy_gradient_loss | 0.0027      |
|    std                  | 0.471       |
|    value_loss           | 0.0834      |
-----------------------------------------
Early stopping at step 0 due to reaching max kl: 0.03
------------------------------------------
| rollout/                |              |
|    ep_len_mean          | 706          |
|    ep_rew_mean          | 1.76e+03     |
| time/                   |              |
|    fps                  | 2610         |
|    iterations           | 579          |
|    time_elapsed         | 1817         |
|    total_timesteps      | 4743168      |
| train/                  |              |
|    approx_kl            | 0.0121441325 |
|    clip_fraction        | 0.168        |
|    clip_range           | 0.2          |
|    entropy_loss         | -5.3         |
|    explained_variance   | 0.504        |
|    learning_rate        | 0.000111     |
|    loss                 | 0.125        |
|    n_updates            | 711          |
|    policy_gradient_loss | 0.00167      |
|    std                  | 0.471        |
|    value_loss           | 0.101        |
------------------------------------------
Early stopping at step 1 due to reaching max kl: 0.03
-----------------------------------------
| rollout/                |             |
|    ep_len_mean          | 696         |
|    ep_rew_mean          | 1.73e+03    |
| time/                   |             |
|    fps                  | 2609        |
|    iterations           | 580         |
|    time_elapsed         | 1820        |
|    total_timesteps      | 4751360     |
| train/                  |             |
|    approx_kl            | 0.018107073 |
|    clip_fraction        | 0.203       |
|    clip_range           | 0.2         |
|    entropy_loss         | -5.3        |
|    explained_variance   | 0.635       |
|    learning_rate        | 0.00011     |
|    loss                 | 0.0219      |
|    n_updates            | 713         |
|    policy_gradient_loss | -0.000842   |
|    std                  | 0.47        |
|    value_loss           | 0.0448      |
-----------------------------------------
Early stopping at step 1 due to reaching max kl: 0.04
-----------------------------------------
| rollout/                |             |
|    ep_len_mean          | 705         |
|    ep_rew_mean          | 1.76e+03    |
| time/                   |             |
|    fps                  | 2609        |
|    iterations           | 581         |
|    time_elapsed         | 1824        |
|    total_timesteps      | 4759552     |
| train/                  |             |
|    approx_kl            | 0.017891461 |
|    clip_fraction        | 0.194       |
|    clip_range           | 0.2         |
|    entropy_loss         | -5.28       |
|    explained_variance   | 0.45        |
|    learning_rate        | 0.00011     |
|    loss                 | 0.0854      |
|    n_updates            | 715         |
|    policy_gradient_loss | -0.0023     |
|    std                  | 0.469       |
|    value_loss           | 0.142       |
-----------------------------------------
Early stopping at step 0 due to reaching max kl: 0.04
------------------------------------------
| rollout/                |              |
|    ep_len_mean          | 724          |
|    ep_rew_mean          | 1.81e+03     |
| time/                   |              |
|    fps                  | 2609         |
|    iterations           | 582          |
|    time_elapsed         | 1827         |
|    total_timesteps      | 4767744      |
| train/                  |              |
|    approx_kl            | 0.0082494775 |
|    clip_fraction        | 0.105        |
|    clip_range           | 0.2          |
|    entropy_loss         | -5.27        |
|    explained_variance   | 0.412        |
|    learning_rate        | 0.00011      |
|    loss                 | 0.105        |
|    n_updates            | 716          |
|    policy_gradient_loss | 0.0049       |
|    std                  | 0.469        |
|    value_loss           | 0.155        |
------------------------------------------
Early stopping at step 1 due to reaching max kl: 0.03
-----------------------------------------
| rollout/                |             |
|    ep_len_mean          | 694         |
|    ep_rew_mean          | 1.73e+03    |
| time/                   |             |
|    fps                  | 2609        |
|    iterations           | 583         |
|    time_elapsed         | 1830        |
|    total_timesteps      | 4775936     |
| train/                  |             |
|    approx_kl            | 0.017496882 |
|    clip_fraction        | 0.169       |
|    clip_range           | 0.2         |
|    entropy_loss         | -5.27       |
|    explained_variance   | 0.467       |
|    learning_rate        | 0.000109    |
|    loss                 | 0.0113      |
|    n_updates            | 718         |
|    policy_gradient_loss | 0.00299     |
|    std                  | 0.468       |
|    value_loss           | 0.0796      |
-----------------------------------------
Early stopping at step 1 due to reaching max kl: 0.03
-----------------------------------------
| rollout/                |             |
|    ep_len_mean          | 683         |
|    ep_rew_mean          | 1.71e+03    |
| time/                   |             |
|    fps                  | 2609        |
|    iterations           | 584         |
|    time_elapsed         | 1833        |
|    total_timesteps      | 4784128     |
| train/                  |             |
|    approx_kl            | 0.019751692 |
|    clip_fraction        | 0.197       |
|    clip_range           | 0.2         |
|    entropy_loss         | -5.26       |
|    explained_variance   | 0.469       |
|    learning_rate        | 0.000109    |
|    loss                 | 0.0214      |
|    n_updates            | 720         |
|    policy_gradient_loss | -0.00332    |
|    std                  | 0.468       |
|    value_loss           | 0.109       |
-----------------------------------------
Early stopping at step 2 due to reaching max kl: 0.03
-----------------------------------------
| rollout/                |             |
|    ep_len_mean          | 663         |
|    ep_rew_mean          | 1.66e+03    |
| time/                   |             |
|    fps                  | 2608        |
|    iterations           | 585         |
|    time_elapsed         | 1837        |
|    total_timesteps      | 4792320     |
| train/                  |             |
|    approx_kl            | 0.020671142 |
|    clip_fraction        | 0.215       |
|    clip_range           | 0.2         |
|    entropy_loss         | -5.24       |
|    explained_variance   | 0.412       |
|    learning_rate        | 0.000109    |
|    loss                 | 0.0621      |
|    n_updates            | 723         |
|    policy_gradient_loss | -1.2e-05    |
|    std                  | 0.467       |
|    value_loss           | 0.11        |
-----------------------------------------
Early stopping at step 1 due to reaching max kl: 0.03
----------------------------------------
| rollout/                |            |
|    ep_len_mean          | 657        |
|    ep_rew_mean          | 1.65e+03   |
| time/                   |            |
|    fps                  | 2608       |
|    iterations           | 586        |
|    time_elapsed         | 1840       |
|    total_timesteps      | 4800512    |
| train/                  |            |
|    approx_kl            | 0.01756496 |
|    clip_fraction        | 0.181      |
|    clip_range           | 0.2        |
|    entropy_loss         | -5.23      |
|    explained_variance   | 0.442      |
|    learning_rate        | 0.000108   |
|    loss                 | 0.0409     |
|    n_updates            | 725        |
|    policy_gradient_loss | -0.00064   |
|    std                  | 0.466      |
|    value_loss           | 0.0893     |
----------------------------------------
Early stopping at step 1 due to reaching max kl: 0.03
-----------------------------------------
| rollout/                |             |
|    ep_len_mean          | 644         |
|    ep_rew_mean          | 1.62e+03    |
| time/                   |             |
|    fps                  | 2607        |
|    iterations           | 587         |
|    time_elapsed         | 1843        |
|    total_timesteps      | 4808704     |
| train/                  |             |
|    approx_kl            | 0.015623693 |
|    clip_fraction        | 0.185       |
|    clip_range           | 0.2         |
|    entropy_loss         | -5.22       |
|    explained_variance   | 0.447       |
|    learning_rate        | 0.000108    |
|    loss                 | 0.0612      |
|    n_updates            | 727         |
|    policy_gradient_loss | -0.000801   |
|    std                  | 0.466       |
|    value_loss           | 0.108       |
-----------------------------------------
Early stopping at step 1 due to reaching max kl: 0.03
-----------------------------------------
| rollout/                |             |
|    ep_len_mean          | 675         |
|    ep_rew_mean          | 1.7e+03     |
| time/                   |             |
|    fps                  | 2607        |
|    iterations           | 588         |
|    time_elapsed         | 1847        |
|    total_timesteps      | 4816896     |
| train/                  |             |
|    approx_kl            | 0.018155362 |
|    clip_fraction        | 0.217       |
|    clip_range           | 0.2         |
|    entropy_loss         | -5.22       |
|    explained_variance   | 0.472       |
|    learning_rate        | 0.000108    |
|    loss                 | 0.0352      |
|    n_updates            | 729         |
|    policy_gradient_loss | -0.000172   |
|    std                  | 0.465       |
|    value_loss           | 0.0839      |
-----------------------------------------
Early stopping at step 1 due to reaching max kl: 0.03
-----------------------------------------
| rollout/                |             |
|    ep_len_mean          | 688         |
|    ep_rew_mean          | 1.73e+03    |
| time/                   |             |
|    fps                  | 2607        |
|    iterations           | 589         |
|    time_elapsed         | 1850        |
|    total_timesteps      | 4825088     |
| train/                  |             |
|    approx_kl            | 0.018169658 |
|    clip_fraction        | 0.182       |
|    clip_range           | 0.2         |
|    entropy_loss         | -5.21       |
|    explained_variance   | 0.447       |
|    learning_rate        | 0.000107    |
|    loss                 | 0.0106      |
|    n_updates            | 731         |
|    policy_gradient_loss | 0.00177     |
|    std                  | 0.465       |
|    value_loss           | 0.0922      |
-----------------------------------------
Early stopping at step 1 due to reaching max kl: 0.03
-----------------------------------------
| rollout/                |             |
|    ep_len_mean          | 681         |
|    ep_rew_mean          | 1.72e+03    |
| time/                   |             |
|    fps                  | 2607        |
|    iterations           | 590         |
|    time_elapsed         | 1853        |
|    total_timesteps      | 4833280     |
| train/                  |             |
|    approx_kl            | 0.017528417 |
|    clip_fraction        | 0.171       |
|    clip_range           | 0.2         |
|    entropy_loss         | -5.2        |
|    explained_variance   | 0.563       |
|    learning_rate        | 0.000107    |
|    loss                 | -0.00796    |
|    n_updates            | 733         |
|    policy_gradient_loss | 0.000527    |
|    std                  | 0.464       |
|    value_loss           | 0.0633      |
-----------------------------------------
Early stopping at step 1 due to reaching max kl: 0.03
-----------------------------------------
| rollout/                |             |
|    ep_len_mean          | 681         |
|    ep_rew_mean          | 1.72e+03    |
| time/                   |             |
|    fps                  | 2607        |
|    iterations           | 591         |
|    time_elapsed         | 1857        |
|    total_timesteps      | 4841472     |
| train/                  |             |
|    approx_kl            | 0.017692134 |
|    clip_fraction        | 0.18        |
|    clip_range           | 0.2         |
|    entropy_loss         | -5.19       |
|    explained_variance   | 0.49        |
|    learning_rate        | 0.000107    |
|    loss                 | 0.00251     |
|    n_updates            | 735         |
|    policy_gradient_loss | 0.00165     |
|    std                  | 0.464       |
|    value_loss           | 0.0889      |
-----------------------------------------
Early stopping at step 1 due to reaching max kl: 0.03
-----------------------------------------
| rollout/                |             |
|    ep_len_mean          | 696         |
|    ep_rew_mean          | 1.75e+03    |
| time/                   |             |
|    fps                  | 2606        |
|    iterations           | 592         |
|    time_elapsed         | 1860        |
|    total_timesteps      | 4849664     |
| train/                  |             |
|    approx_kl            | 0.017822402 |
|    clip_fraction        | 0.198       |
|    clip_range           | 0.2         |
|    entropy_loss         | -5.19       |
|    explained_variance   | 0.505       |
|    learning_rate        | 0.000106    |
|    loss                 | 0.118       |
|    n_updates            | 737         |
|    policy_gradient_loss | -0.00114    |
|    std                  | 0.464       |
|    value_loss           | 0.102       |
-----------------------------------------
Early stopping at step 2 due to reaching max kl: 0.03
-----------------------------------------
| rollout/                |             |
|    ep_len_mean          | 686         |
|    ep_rew_mean          | 1.74e+03    |
| time/                   |             |
|    fps                  | 2606        |
|    iterations           | 593         |
|    time_elapsed         | 1863        |
|    total_timesteps      | 4857856     |
| train/                  |             |
|    approx_kl            | 0.020108406 |
|    clip_fraction        | 0.227       |
|    clip_range           | 0.2         |
|    entropy_loss         | -5.17       |
|    explained_variance   | 0.608       |
|    learning_rate        | 0.000106    |
|    loss                 | 0.00833     |
|    n_updates            | 740         |
|    policy_gradient_loss | -0.00338    |
|    std                  | 0.462       |
|    value_loss           | 0.0661      |
-----------------------------------------
Early stopping at step 1 due to reaching max kl: 0.03
-----------------------------------------
| rollout/                |             |
|    ep_len_mean          | 686         |
|    ep_rew_mean          | 1.74e+03    |
| time/                   |             |
|    fps                  | 2606        |
|    iterations           | 594         |
|    time_elapsed         | 1867        |
|    total_timesteps      | 4866048     |
| train/                  |             |
|    approx_kl            | 0.017997129 |
|    clip_fraction        | 0.206       |
|    clip_range           | 0.2         |
|    entropy_loss         | -5.15       |
|    explained_variance   | 0.509       |
|    learning_rate        | 0.000106    |
|    loss                 | 0.00928     |
|    n_updates            | 742         |
|    policy_gradient_loss | 0.00171     |
|    std                  | 0.462       |
|    value_loss           | 0.103       |
-----------------------------------------
Early stopping at step 0 due to reaching max kl: 0.04
----------------------------------------
| rollout/                |            |
|    ep_len_mean          | 719        |
|    ep_rew_mean          | 1.83e+03   |
| time/                   |            |
|    fps                  | 2605       |
|    iterations           | 595        |
|    time_elapsed         | 1870       |
|    total_timesteps      | 4874240    |
| train/                  |            |
|    approx_kl            | 0.01184009 |
|    clip_fraction        | 0.166      |
|    clip_range           | 0.2        |
|    entropy_loss         | -5.15      |
|    explained_variance   | 0.466      |
|    learning_rate        | 0.000105   |
|    loss                 | 0.072      |
|    n_updates            | 743        |
|    policy_gradient_loss | 0.00449    |
|    std                  | 0.462      |
|    value_loss           | 0.126      |
----------------------------------------
Early stopping at step 1 due to reaching max kl: 0.04
----------------------------------------
| rollout/                |            |
|    ep_len_mean          | 720        |
|    ep_rew_mean          | 1.84e+03   |
| time/                   |            |
|    fps                  | 2605       |
|    iterations           | 596        |
|    time_elapsed         | 1873       |
|    total_timesteps      | 4882432    |
| train/                  |            |
|    approx_kl            | 0.01730893 |
|    clip_fraction        | 0.164      |
|    clip_range           | 0.2        |
|    entropy_loss         | -5.14      |
|    explained_variance   | 0.687      |
|    learning_rate        | 0.000105   |
|    loss                 | 0.00318    |
|    n_updates            | 745        |
|    policy_gradient_loss | -0.00192   |
|    std                  | 0.461      |
|    value_loss           | 0.0449     |
----------------------------------------
Early stopping at step 1 due to reaching max kl: 0.04
-----------------------------------------
| rollout/                |             |
|    ep_len_mean          | 707         |
|    ep_rew_mean          | 1.8e+03     |
| time/                   |             |
|    fps                  | 2605        |
|    iterations           | 597         |
|    time_elapsed         | 1877        |
|    total_timesteps      | 4890624     |
| train/                  |             |
|    approx_kl            | 0.019323869 |
|    clip_fraction        | 0.199       |
|    clip_range           | 0.2         |
|    entropy_loss         | -5.13       |
|    explained_variance   | 0.57        |
|    learning_rate        | 0.000105    |
|    loss                 | 0.0682      |
|    n_updates            | 747         |
|    policy_gradient_loss | 0.000322    |
|    std                  | 0.46        |
|    value_loss           | 0.087       |
-----------------------------------------
Early stopping at step 2 due to reaching max kl: 0.03
----------------------------------------
| rollout/                |            |
|    ep_len_mean          | 708        |
|    ep_rew_mean          | 1.8e+03    |
| time/                   |            |
|    fps                  | 2604       |
|    iterations           | 598        |
|    time_elapsed         | 1880       |
|    total_timesteps      | 4898816    |
| train/                  |            |
|    approx_kl            | 0.01970127 |
|    clip_fraction        | 0.217      |
|    clip_range           | 0.2        |
|    entropy_loss         | -5.12      |
|    explained_variance   | 0.553      |
|    learning_rate        | 0.000104   |
|    loss                 | 0.00471    |
|    n_updates            | 750        |
|    policy_gradient_loss | -0.00155   |
|    std                  | 0.46       |
|    value_loss           | 0.101      |
----------------------------------------
Early stopping at step 2 due to reaching max kl: 0.03
-----------------------------------------
| rollout/                |             |
|    ep_len_mean          | 716         |
|    ep_rew_mean          | 1.84e+03    |
| time/                   |             |
|    fps                  | 2604        |
|    iterations           | 599         |
|    time_elapsed         | 1884        |
|    total_timesteps      | 4907008     |
| train/                  |             |
|    approx_kl            | 0.019748947 |
|    clip_fraction        | 0.205       |
|    clip_range           | 0.2         |
|    entropy_loss         | -5.11       |
|    explained_variance   | 0.495       |
|    learning_rate        | 0.000104    |
|    loss                 | 0.0225      |
|    n_updates            | 753         |
|    policy_gradient_loss | -0.00488    |
|    std                  | 0.459       |
|    value_loss           | 0.0859      |
-----------------------------------------
Early stopping at step 2 due to reaching max kl: 0.03
-----------------------------------------
| rollout/                |             |
|    ep_len_mean          | 706         |
|    ep_rew_mean          | 1.81e+03    |
| time/                   |             |
|    fps                  | 2603        |
|    iterations           | 600         |
|    time_elapsed         | 1887        |
|    total_timesteps      | 4915200     |
| train/                  |             |
|    approx_kl            | 0.021484515 |
|    clip_fraction        | 0.224       |
|    clip_range           | 0.2         |
|    entropy_loss         | -5.1        |
|    explained_variance   | 0.549       |
|    learning_rate        | 0.000104    |
|    loss                 | 0.0184      |
|    n_updates            | 756         |
|    policy_gradient_loss | -0.00539    |
|    std                  | 0.459       |
|    value_loss           | 0.101       |
-----------------------------------------
Early stopping at step 1 due to reaching max kl: 0.04
----------------------------------------
| rollout/                |            |
|    ep_len_mean          | 720        |
|    ep_rew_mean          | 1.85e+03   |
| time/                   |            |
|    fps                  | 2603       |
|    iterations           | 601        |
|    time_elapsed         | 1891       |
|    total_timesteps      | 4923392    |
| train/                  |            |
|    approx_kl            | 0.01916966 |
|    clip_fraction        | 0.217      |
|    clip_range           | 0.2        |
|    entropy_loss         | -5.09      |
|    explained_variance   | 0.533      |
|    learning_rate        | 0.000103   |
|    loss                 | 0.0108     |
|    n_updates            | 758        |
|    policy_gradient_loss | -0.00339   |
|    std                  | 0.458      |
|    value_loss           | 0.103      |
----------------------------------------
Early stopping at step 2 due to reaching max kl: 0.03
-----------------------------------------
| rollout/                |             |
|    ep_len_mean          | 703         |
|    ep_rew_mean          | 1.8e+03     |
| time/                   |             |
|    fps                  | 2602        |
|    iterations           | 602         |
|    time_elapsed         | 1894        |
|    total_timesteps      | 4931584     |
| train/                  |             |
|    approx_kl            | 0.020157073 |
|    clip_fraction        | 0.222       |
|    clip_range           | 0.2         |
|    entropy_loss         | -5.07       |
|    explained_variance   | 0.583       |
|    learning_rate        | 0.000103    |
|    loss                 | 0.0217      |
|    n_updates            | 761         |
|    policy_gradient_loss | -0.00646    |
|    std                  | 0.457       |
|    value_loss           | 0.0461      |
-----------------------------------------
Early stopping at step 0 due to reaching max kl: 0.04
-----------------------------------------
| rollout/                |             |
|    ep_len_mean          | 695         |
|    ep_rew_mean          | 1.78e+03    |
| time/                   |             |
|    fps                  | 2602        |
|    iterations           | 603         |
|    time_elapsed         | 1898        |
|    total_timesteps      | 4939776     |
| train/                  |             |
|    approx_kl            | 0.010373368 |
|    clip_fraction        | 0.135       |
|    clip_range           | 0.2         |
|    entropy_loss         | -5.06       |
|    explained_variance   | 0.482       |
|    learning_rate        | 0.000103    |
|    loss                 | 0.0398      |
|    n_updates            | 762         |
|    policy_gradient_loss | 0.00423     |
|    std                  | 0.457       |
|    value_loss           | 0.128       |
-----------------------------------------
Early stopping at step 1 due to reaching max kl: 0.03
-----------------------------------------
| rollout/                |             |
|    ep_len_mean          | 676         |
|    ep_rew_mean          | 1.73e+03    |
| time/                   |             |
|    fps                  | 2602        |
|    iterations           | 604         |
|    time_elapsed         | 1901        |
|    total_timesteps      | 4947968     |
| train/                  |             |
|    approx_kl            | 0.016492423 |
|    clip_fraction        | 0.175       |
|    clip_range           | 0.2         |
|    entropy_loss         | -5.07       |
|    explained_variance   | 0.529       |
|    learning_rate        | 0.000102    |
|    loss                 | -0.00367    |
|    n_updates            | 764         |
|    policy_gradient_loss | 0.00185     |
|    std                  | 0.457       |
|    value_loss           | 0.118       |
-----------------------------------------
Early stopping at step 1 due to reaching max kl: 0.04
-----------------------------------------
| rollout/                |             |
|    ep_len_mean          | 687         |
|    ep_rew_mean          | 1.76e+03    |
| time/                   |             |
|    fps                  | 2602        |
|    iterations           | 605         |
|    time_elapsed         | 1904        |
|    total_timesteps      | 4956160     |
| train/                  |             |
|    approx_kl            | 0.020184716 |
|    clip_fraction        | 0.176       |
|    clip_range           | 0.2         |
|    entropy_loss         | -5.06       |
|    explained_variance   | 0.552       |
|    learning_rate        | 0.000102    |
|    loss                 | 0.105       |
|    n_updates            | 766         |
|    policy_gradient_loss | -0.000405   |
|    std                  | 0.456       |
|    value_loss           | 0.0948      |
-----------------------------------------
Early stopping at step 0 due to reaching max kl: 0.03
------------------------------------------
| rollout/                |              |
|    ep_len_mean          | 699          |
|    ep_rew_mean          | 1.8e+03      |
| time/                   |              |
|    fps                  | 2602         |
|    iterations           | 606          |
|    time_elapsed         | 1907         |
|    total_timesteps      | 4964352      |
| train/                  |              |
|    approx_kl            | 0.0115204435 |
|    clip_fraction        | 0.157        |
|    clip_range           | 0.2          |
|    entropy_loss         | -5.04        |
|    explained_variance   | 0.595        |
|    learning_rate        | 0.000102     |
|    loss                 | 0.0393       |
|    n_updates            | 767          |
|    policy_gradient_loss | 0.00361      |
|    std                  | 0.456        |
|    value_loss           | 0.0803       |
------------------------------------------
Early stopping at step 1 due to reaching max kl: 0.03
-----------------------------------------
| rollout/                |             |
|    ep_len_mean          | 713         |
|    ep_rew_mean          | 1.83e+03    |
| time/                   |             |
|    fps                  | 2602        |
|    iterations           | 607         |
|    time_elapsed         | 1911        |
|    total_timesteps      | 4972544     |
| train/                  |             |
|    approx_kl            | 0.016902864 |
|    clip_fraction        | 0.182       |
|    clip_range           | 0.2         |
|    entropy_loss         | -5.03       |
|    explained_variance   | 0.566       |
|    learning_rate        | 0.000101    |
|    loss                 | 0.0159      |
|    n_updates            | 769         |
|    policy_gradient_loss | -0.00154    |
|    std                  | 0.455       |
|    value_loss           | 0.0802      |
-----------------------------------------
Early stopping at step 1 due to reaching max kl: 0.03
----------------------------------------
| rollout/                |            |
|    ep_len_mean          | 704        |
|    ep_rew_mean          | 1.82e+03   |
| time/                   |            |
|    fps                  | 2601       |
|    iterations           | 608        |
|    time_elapsed         | 1914       |
|    total_timesteps      | 4980736    |
| train/                  |            |
|    approx_kl            | 0.01729548 |
|    clip_fraction        | 0.189      |
|    clip_range           | 0.2        |
|    entropy_loss         | -5.02      |
|    explained_variance   | 0.601      |
|    learning_rate        | 0.000101   |
|    loss                 | 0.0163     |
|    n_updates            | 771        |
|    policy_gradient_loss | -0.00404   |
|    std                  | 0.454      |
|    value_loss           | 0.0698     |
----------------------------------------
Early stopping at step 0 due to reaching max kl: 0.03
-----------------------------------------
| rollout/                |             |
|    ep_len_mean          | 693         |
|    ep_rew_mean          | 1.8e+03     |
| time/                   |             |
|    fps                  | 2601        |
|    iterations           | 609         |
|    time_elapsed         | 1917        |
|    total_timesteps      | 4988928     |
| train/                  |             |
|    approx_kl            | 0.008919582 |
|    clip_fraction        | 0.12        |
|    clip_range           | 0.2         |
|    entropy_loss         | -5.02       |
|    explained_variance   | 0.488       |
|    learning_rate        | 0.000101    |
|    loss                 | 0.0679      |
|    n_updates            | 772         |
|    policy_gradient_loss | 0.00278     |
|    std                  | 0.454       |
|    value_loss           | 0.12        |
-----------------------------------------
Early stopping at step 1 due to reaching max kl: 0.05
-----------------------------------------
| rollout/                |             |
|    ep_len_mean          | 680         |
|    ep_rew_mean          | 1.75e+03    |
| time/                   |             |
|    fps                  | 2601        |
|    iterations           | 610         |
|    time_elapsed         | 1920        |
|    total_timesteps      | 4997120     |
| train/                  |             |
|    approx_kl            | 0.024719864 |
|    clip_fraction        | 0.172       |
|    clip_range           | 0.2         |
|    entropy_loss         | -5.01       |
|    explained_variance   | 0.494       |
|    learning_rate        | 0.0001      |
|    loss                 | 0.0944      |
|    n_updates            | 774         |
|    policy_gradient_loss | 0.00331     |
|    std                  | 0.454       |
|    value_loss           | 0.116       |
-----------------------------------------
Early stopping at step 1 due to reaching max kl: 0.03
-----------------------------------------
| rollout/                |             |
|    ep_len_mean          | 683         |
|    ep_rew_mean          | 1.76e+03    |
| time/                   |             |
|    fps                  | 2601        |
|    iterations           | 611         |
|    time_elapsed         | 1923        |
|    total_timesteps      | 5005312     |
| train/                  |             |
|    approx_kl            | 0.018134125 |
|    clip_fraction        | 0.186       |
|    clip_range           | 0.2         |
|    entropy_loss         | -5          |
|    explained_variance   | 0.488       |
|    learning_rate        | 0.0001      |
|    loss                 | 0.0278      |
|    n_updates            | 776         |
|    policy_gradient_loss | -0.00108    |
|    std                  | 0.453       |
|    value_loss           | 0.112       |
-----------------------------------------
Early stopping at step 2 due to reaching max kl: 0.03
-----------------------------------------
| train/                  |             |
|    approx_kl            | 0.019050168 |
|    clip_fraction        | 0.213       |
|    clip_range           | 0.2         |
|    entropy_loss         | -5          |
|    explained_variance   | 0.462       |
|    learning_rate        | 9.98e-05    |
|    loss                 | 0.0538      |
|    n_updates            | 779         |
|    policy_gradient_loss | -0.00347    |
|    std                  | 0.453       |
|    value_loss           | 0.0889      |
-----------------------------------------
Finished actual_steps=5005312 elapsed=1924.7s fps=2601
Model: artifacts/final/robust_seed_6/final_model.zip
