Training condition=robust seed=7 requested_steps=5000000 num_envs=4
Using cpu device
Logging to artifacts/final/robust_seed_7/tensorboard/PPO_1
[Progress] Plain-language training summaries will appear about every five minutes.
---------------------------------
| rollout/           |          |
|    ep_len_mean     | 89.7     |
|    ep_rew_mean     | 106      |
| time/              |          |
|    fps             | 2889     |
|    iterations      | 1        |
|    time_elapsed    | 2        |
|    total_timesteps | 8192     |
---------------------------------
Early stopping at step 3 due to reaching max kl: 0.03
-----------------------------------------
| rollout/                |             |
|    ep_len_mean          | 141         |
|    ep_rew_mean          | 164         |
| time/                   |             |
|    fps                  | 2366        |
|    iterations           | 2           |
|    time_elapsed         | 6           |
|    total_timesteps      | 16384       |
| train/                  |             |
|    approx_kl            | 0.018829128 |
|    clip_fraction        | 0.2         |
|    clip_range           | 0.2         |
|    entropy_loss         | -11.3       |
|    explained_variance   | -0.773      |
|    learning_rate        | 0.0003      |
|    loss                 | -0.00511    |
|    n_updates            | 4           |
|    policy_gradient_loss | -0.0129     |
|    std                  | 0.994       |
|    value_loss           | 0.239       |
-----------------------------------------
Early stopping at step 2 due to reaching max kl: 0.03
-----------------------------------------
| rollout/                |             |
|    ep_len_mean          | 159         |
|    ep_rew_mean          | 185         |
| time/                   |             |
|    fps                  | 2306        |
|    iterations           | 3           |
|    time_elapsed         | 10          |
|    total_timesteps      | 24576       |
| train/                  |             |
|    approx_kl            | 0.018360311 |
|    clip_fraction        | 0.191       |
|    clip_range           | 0.2         |
|    entropy_loss         | -11.3       |
|    explained_variance   | -0.0215     |
|    learning_rate        | 0.000299    |
|    loss                 | 0.0315      |
|    n_updates            | 7           |
|    policy_gradient_loss | -0.00924    |
|    std                  | 0.985       |
|    value_loss           | 0.043       |
-----------------------------------------
Early stopping at step 1 due to reaching max kl: 0.03
-----------------------------------------
| rollout/                |             |
|    ep_len_mean          | 134         |
|    ep_rew_mean          | 161         |
| time/                   |             |
|    fps                  | 2345        |
|    iterations           | 4           |
|    time_elapsed         | 13          |
|    total_timesteps      | 32768       |
| train/                  |             |
|    approx_kl            | 0.015932743 |
|    clip_fraction        | 0.152       |
|    clip_range           | 0.2         |
|    entropy_loss         | -11.2       |
|    explained_variance   | 0.191       |
|    learning_rate        | 0.000299    |
|    loss                 | 0.0707      |
|    n_updates            | 9           |
|    policy_gradient_loss | 0.000668    |
|    std                  | 0.979       |
|    value_loss           | 0.0718      |
-----------------------------------------
Early stopping at step 1 due to reaching max kl: 0.03
----------------------------------------
| rollout/                |            |
|    ep_len_mean          | 153        |
|    ep_rew_mean          | 189        |
| time/                   |            |
|    fps                  | 2355       |
|    iterations           | 5          |
|    time_elapsed         | 17         |
|    total_timesteps      | 40960      |
| train/                  |            |
|    approx_kl            | 0.01773578 |
|    clip_fraction        | 0.19       |
|    clip_range           | 0.2        |
|    entropy_loss         | -11.2      |
|    explained_variance   | 0.325      |
|    learning_rate        | 0.000299   |
|    loss                 | 0.0152     |
|    n_updates            | 11         |
|    policy_gradient_loss | -0.00402   |
|    std                  | 0.978      |
|    value_loss           | 0.0861     |
----------------------------------------
Early stopping at step 1 due to reaching max kl: 0.03
-----------------------------------------
| rollout/                |             |
|    ep_len_mean          | 156         |
|    ep_rew_mean          | 183         |
| time/                   |             |
|    fps                  | 2359        |
|    iterations           | 6           |
|    time_elapsed         | 20          |
|    total_timesteps      | 49152       |
| train/                  |             |
|    approx_kl            | 0.018068548 |
|    clip_fraction        | 0.203       |
|    clip_range           | 0.2         |
|    entropy_loss         | -11.2       |
|    explained_variance   | 0.444       |
|    learning_rate        | 0.000298    |
|    loss                 | -0.024      |
|    n_updates            | 13          |
|    policy_gradient_loss | -0.00345    |
|    std                  | 0.974       |
|    value_loss           | 0.0765      |
-----------------------------------------
Early stopping at step 1 due to reaching max kl: 0.03
----------------------------------------
| rollout/                |            |
|    ep_len_mean          | 145        |
|    ep_rew_mean          | 174        |
| time/                   |            |
|    fps                  | 2384       |
|    iterations           | 7          |
|    time_elapsed         | 24         |
|    total_timesteps      | 57344      |
| train/                  |            |
|    approx_kl            | 0.02001064 |
|    clip_fraction        | 0.17       |
|    clip_range           | 0.2        |
|    entropy_loss         | -11.1      |
|    explained_variance   | 0.495      |
|    learning_rate        | 0.000298   |
|    loss                 | 0.053      |
|    n_updates            | 15         |
|    policy_gradient_loss | 0.00143    |
|    std                  | 0.97       |
|    value_loss           | 0.0878     |
----------------------------------------
Early stopping at step 1 due to reaching max kl: 0.04
-----------------------------------------
| rollout/                |             |
|    ep_len_mean          | 152         |
|    ep_rew_mean          | 177         |
| time/                   |             |
|    fps                  | 2397        |
|    iterations           | 8           |
|    time_elapsed         | 27          |
|    total_timesteps      | 65536       |
| train/                  |             |
|    approx_kl            | 0.019009817 |
|    clip_fraction        | 0.191       |
|    clip_range           | 0.2         |
|    entropy_loss         | -11.1       |
|    explained_variance   | 0.617       |
|    learning_rate        | 0.000298    |
|    loss                 | 0.000445    |
|    n_updates            | 17          |
|    policy_gradient_loss | -0.00207    |
|    std                  | 0.967       |
|    value_loss           | 0.0928      |
-----------------------------------------
Early stopping at step 1 due to reaching max kl: 0.04
-----------------------------------------
| rollout/                |             |
|    ep_len_mean          | 137         |
|    ep_rew_mean          | 162         |
| time/                   |             |
|    fps                  | 2400        |
|    iterations           | 9           |
|    time_elapsed         | 30          |
|    total_timesteps      | 73728       |
| train/                  |             |
|    approx_kl            | 0.019941395 |
|    clip_fraction        | 0.208       |
|    clip_range           | 0.2         |
|    entropy_loss         | -11.1       |
|    explained_variance   | 0.677       |
|    learning_rate        | 0.000297    |
|    loss                 | -0.00283    |
|    n_updates            | 19          |
|    policy_gradient_loss | -0.00519    |
|    std                  | 0.966       |
|    value_loss           | 0.0854      |
-----------------------------------------
Early stopping at step 1 due to reaching max kl: 0.03
-----------------------------------------
| rollout/                |             |
|    ep_len_mean          | 132         |
|    ep_rew_mean          | 156         |
| time/                   |             |
|    fps                  | 2407        |
|    iterations           | 10          |
|    time_elapsed         | 34          |
|    total_timesteps      | 81920       |
| train/                  |             |
|    approx_kl            | 0.017930534 |
|    clip_fraction        | 0.189       |
|    clip_range           | 0.2         |
|    entropy_loss         | -11.1       |
|    explained_variance   | 0.68        |
|    learning_rate        | 0.000297    |
|    loss                 | 0.0324      |
|    n_updates            | 21          |
|    policy_gradient_loss | -0.00282    |
|    std                  | 0.965       |
|    value_loss           | 0.112       |
-----------------------------------------
Early stopping at step 1 due to reaching max kl: 0.03
----------------------------------------
| rollout/                |            |
|    ep_len_mean          | 133        |
|    ep_rew_mean          | 152        |
| time/                   |            |
|    fps                  | 2418       |
|    iterations           | 11         |
|    time_elapsed         | 37         |
|    total_timesteps      | 90112      |
| train/                  |            |
|    approx_kl            | 0.01938967 |
|    clip_fraction        | 0.182      |
|    clip_range           | 0.2        |
|    entropy_loss         | -11.1      |
|    explained_variance   | 0.727      |
|    learning_rate        | 0.000297   |
|    loss                 | 0.0254     |
|    n_updates            | 23         |
|    policy_gradient_loss | 0.00184    |
|    std                  | 0.962      |
|    value_loss           | 0.103      |
----------------------------------------
Early stopping at step 1 due to reaching max kl: 0.03
-----------------------------------------
| rollout/                |             |
|    ep_len_mean          | 150         |
|    ep_rew_mean          | 175         |
| time/                   |             |
|    fps                  | 2418        |
|    iterations           | 12          |
|    time_elapsed         | 40          |
|    total_timesteps      | 98304       |
| train/                  |             |
|    approx_kl            | 0.020002574 |
|    clip_fraction        | 0.212       |
|    clip_range           | 0.2         |
|    entropy_loss         | -11         |
|    explained_variance   | 0.729       |
|    learning_rate        | 0.000296    |
|    loss                 | 0.0663      |
|    n_updates            | 25          |
|    policy_gradient_loss | -0.00359    |
|    std                  | 0.957       |
|    value_loss           | 0.11        |
-----------------------------------------
Early stopping at step 1 due to reaching max kl: 0.03
-----------------------------------------
| rollout/                |             |
|    ep_len_mean          | 155         |
|    ep_rew_mean          | 184         |
| time/                   |             |
|    fps                  | 2426        |
|    iterations           | 13          |
|    time_elapsed         | 43          |
|    total_timesteps      | 106496      |
| train/                  |             |
|    approx_kl            | 0.021127827 |
|    clip_fraction        | 0.191       |
|    clip_range           | 0.2         |
|    entropy_loss         | -11         |
|    explained_variance   | 0.754       |
|    learning_rate        | 0.000296    |
|    loss                 | 0.0249      |
|    n_updates            | 27          |
|    policy_gradient_loss | -0.000598   |
|    std                  | 0.952       |
|    value_loss           | 0.0921      |
-----------------------------------------
Early stopping at step 1 due to reaching max kl: 0.03
-----------------------------------------
| rollout/                |             |
|    ep_len_mean          | 146         |
|    ep_rew_mean          | 173         |
| time/                   |             |
|    fps                  | 2431        |
|    iterations           | 14          |
|    time_elapsed         | 47          |
|    total_timesteps      | 114688      |
| train/                  |             |
|    approx_kl            | 0.019129245 |
|    clip_fraction        | 0.201       |
|    clip_range           | 0.2         |
|    entropy_loss         | -10.9       |
|    explained_variance   | 0.734       |
|    learning_rate        | 0.000296    |
|    loss                 | -0.00443    |
|    n_updates            | 29          |
|    policy_gradient_loss | 0.000531    |
|    std                  | 0.95        |
|    value_loss           | 0.127       |
-----------------------------------------
Early stopping at step 1 due to reaching max kl: 0.04
----------------------------------------
| rollout/                |            |
|    ep_len_mean          | 169        |
|    ep_rew_mean          | 204        |
| time/                   |            |
|    fps                  | 2435       |
|    iterations           | 15         |
|    time_elapsed         | 50         |
|    total_timesteps      | 122880     |
| train/                  |            |
|    approx_kl            | 0.01935804 |
|    clip_fraction        | 0.19       |
|    clip_range           | 0.2        |
|    entropy_loss         | -10.9      |
|    explained_variance   | 0.78       |
|    learning_rate        | 0.000295   |
|    loss                 | 0.0763     |
|    n_updates            | 31         |
|    policy_gradient_loss | -0.00161   |
|    std                  | 0.946      |
|    value_loss           | 0.0897     |
----------------------------------------
Early stopping at step 1 due to reaching max kl: 0.03
-----------------------------------------
| rollout/                |             |
|    ep_len_mean          | 158         |
|    ep_rew_mean          | 197         |
| time/                   |             |
|    fps                  | 2439        |
|    iterations           | 16          |
|    time_elapsed         | 53          |
|    total_timesteps      | 131072      |
| train/                  |             |
|    approx_kl            | 0.021086333 |
|    clip_fraction        | 0.201       |
|    clip_range           | 0.2         |
|    entropy_loss         | -10.9       |
|    explained_variance   | 0.806       |
|    learning_rate        | 0.000295    |
|    loss                 | 0.0733      |
|    n_updates            | 33          |
|    policy_gradient_loss | -0.0017     |
|    std                  | 0.941       |
|    value_loss           | 0.0947      |
-----------------------------------------
Early stopping at step 1 due to reaching max kl: 0.03
-----------------------------------------
| rollout/                |             |
|    ep_len_mean          | 203         |
|    ep_rew_mean          | 264         |
| time/                   |             |
|    fps                  | 2443        |
|    iterations           | 17          |
|    time_elapsed         | 56          |
|    total_timesteps      | 139264      |
| train/                  |             |
|    approx_kl            | 0.021058185 |
|    clip_fraction        | 0.2         |
|    clip_range           | 0.2         |
|    entropy_loss         | -10.9       |
|    explained_variance   | 0.811       |
|    learning_rate        | 0.000295    |
|    loss                 | 0.0176      |
|    n_updates            | 35          |
|    policy_gradient_loss | 0.000877    |
|    std                  | 0.938       |
|    value_loss           | 0.0948      |
-----------------------------------------
Early stopping at step 1 due to reaching max kl: 0.03
-----------------------------------------
| rollout/                |             |
|    ep_len_mean          | 164         |
|    ep_rew_mean          | 207         |
| time/                   |             |
|    fps                  | 2448        |
|    iterations           | 18          |
|    time_elapsed         | 60          |
|    total_timesteps      | 147456      |
| train/                  |             |
|    approx_kl            | 0.019669514 |
|    clip_fraction        | 0.201       |
|    clip_range           | 0.2         |
|    entropy_loss         | -10.8       |
|    explained_variance   | 0.829       |
|    learning_rate        | 0.000294    |
|    loss                 | 0.00569     |
|    n_updates            | 37          |
|    policy_gradient_loss | 0.00382     |
|    std                  | 0.937       |
|    value_loss           | 0.0773      |
-----------------------------------------
Early stopping at step 1 due to reaching max kl: 0.04
-----------------------------------------
| rollout/                |             |
|    ep_len_mean          | 151         |
|    ep_rew_mean          | 185         |
| time/                   |             |
|    fps                  | 2452        |
|    iterations           | 19          |
|    time_elapsed         | 63          |
|    total_timesteps      | 155648      |
| train/                  |             |
|    approx_kl            | 0.019683035 |
|    clip_fraction        | 0.196       |
|    clip_range           | 0.2         |
|    entropy_loss         | -10.8       |
|    explained_variance   | 0.77        |
|    learning_rate        | 0.000294    |
|    loss                 | 0.116       |
|    n_updates            | 39          |
|    policy_gradient_loss | 0.00276     |
|    std                  | 0.933       |
|    value_loss           | 0.127       |
-----------------------------------------
Early stopping at step 0 due to reaching max kl: 0.04
-----------------------------------------
| rollout/                |             |
|    ep_len_mean          | 176         |
|    ep_rew_mean          | 217         |
| time/                   |             |
|    fps                  | 2459        |
|    iterations           | 20          |
|    time_elapsed         | 66          |
|    total_timesteps      | 163840      |
| train/                  |             |
|    approx_kl            | 0.013100477 |
|    clip_fraction        | 0.182       |
|    clip_range           | 0.2         |
|    entropy_loss         | -10.8       |
|    explained_variance   | 0.807       |
|    learning_rate        | 0.000294    |
|    loss                 | 0.0733      |
|    n_updates            | 40          |
|    policy_gradient_loss | 0.00586     |
|    std                  | 0.93        |
|    value_loss           | 0.093       |
-----------------------------------------
Early stopping at step 0 due to reaching max kl: 0.03
-----------------------------------------
| rollout/                |             |
|    ep_len_mean          | 178         |
|    ep_rew_mean          | 218         |
| time/                   |             |
|    fps                  | 2467        |
|    iterations           | 21          |
|    time_elapsed         | 69          |
|    total_timesteps      | 172032      |
| train/                  |             |
|    approx_kl            | 0.010895988 |
|    clip_fraction        | 0.15        |
|    clip_range           | 0.2         |
|    entropy_loss         | -10.8       |
|    explained_variance   | 0.827       |
|    learning_rate        | 0.000293    |
|    loss                 | 0.0647      |
|    n_updates            | 41          |
|    policy_gradient_loss | 0.00384     |
|    std                  | 0.929       |
|    value_loss           | 0.0843      |
-----------------------------------------
Early stopping at step 1 due to reaching max kl: 0.03
-----------------------------------------
| rollout/                |             |
|    ep_len_mean          | 163         |
|    ep_rew_mean          | 194         |
| time/                   |             |
|    fps                  | 2471        |
|    iterations           | 22          |
|    time_elapsed         | 72          |
|    total_timesteps      | 180224      |
| train/                  |             |
|    approx_kl            | 0.019641139 |
|    clip_fraction        | 0.188       |
|    clip_range           | 0.2         |
|    entropy_loss         | -10.7       |
|    explained_variance   | 0.819       |
|    learning_rate        | 0.000293    |
|    loss                 | 0.0491      |
|    n_updates            | 43          |
|    policy_gradient_loss | 0.00756     |
|    std                  | 0.926       |
|    value_loss           | 0.0945      |
-----------------------------------------
Early stopping at step 0 due to reaching max kl: 0.03
-----------------------------------------
| rollout/                |             |
|    ep_len_mean          | 175         |
|    ep_rew_mean          | 206         |
| time/                   |             |
|    fps                  | 2479        |
|    iterations           | 23          |
|    time_elapsed         | 76          |
|    total_timesteps      | 188416      |
| train/                  |             |
|    approx_kl            | 0.011337891 |
|    clip_fraction        | 0.159       |
|    clip_range           | 0.2         |
|    entropy_loss         | -10.7       |
|    explained_variance   | 0.805       |
|    learning_rate        | 0.000293    |
|    loss                 | 0.0809      |
|    n_updates            | 44          |
|    policy_gradient_loss | 0.00506     |
|    std                  | 0.925       |
|    value_loss           | 0.107       |
-----------------------------------------
Early stopping at step 0 due to reaching max kl: 0.03
-----------------------------------------
| rollout/                |             |
|    ep_len_mean          | 218         |
|    ep_rew_mean          | 271         |
| time/                   |             |
|    fps                  | 2482        |
|    iterations           | 24          |
|    time_elapsed         | 79          |
|    total_timesteps      | 196608      |
| train/                  |             |
|    approx_kl            | 0.013907602 |
|    clip_fraction        | 0.199       |
|    clip_range           | 0.2         |
|    entropy_loss         | -10.7       |
|    explained_variance   | 0.78        |
|    learning_rate        | 0.000292    |
|    loss                 | 0.0389      |
|    n_updates            | 45          |
|    policy_gradient_loss | 0.00741     |
|    std                  | 0.922       |
|    value_loss           | 0.111       |
-----------------------------------------
Early stopping at step 0 due to reaching max kl: 0.03
------------------------------------------
| rollout/                |              |
|    ep_len_mean          | 235          |
|    ep_rew_mean          | 291          |
| time/                   |              |
|    fps                  | 2487         |
|    iterations           | 25           |
|    time_elapsed         | 82           |
|    total_timesteps      | 204800       |
| train/                  |              |
|    approx_kl            | 0.0133002605 |
|    clip_fraction        | 0.194        |
|    clip_range           | 0.2          |
|    entropy_loss         | -10.7        |
|    explained_variance   | 0.81         |
|    learning_rate        | 0.000292     |
|    loss                 | 0.102        |
|    n_updates            | 46           |
|    policy_gradient_loss | 0.00794      |
|    std                  | 0.92         |
|    value_loss           | 0.054        |
------------------------------------------
Early stopping at step 1 due to reaching max kl: 0.04
-----------------------------------------
| rollout/                |             |
|    ep_len_mean          | 265         |
|    ep_rew_mean          | 327         |
| time/                   |             |
|    fps                  | 2490        |
|    iterations           | 26          |
|    time_elapsed         | 85          |
|    total_timesteps      | 212992      |
| train/                  |             |
|    approx_kl            | 0.025047645 |
|    clip_fraction        | 0.19        |
|    clip_range           | 0.2         |
|    entropy_loss         | -10.7       |
|    explained_variance   | 0.789       |
|    learning_rate        | 0.000292    |
|    loss                 | 0.0065      |
|    n_updates            | 48          |
|    policy_gradient_loss | 0.00618     |
|    std                  | 0.917       |
|    value_loss           | 0.0853      |
-----------------------------------------
Early stopping at step 0 due to reaching max kl: 0.03
-----------------------------------------
| rollout/                |             |
|    ep_len_mean          | 240         |
|    ep_rew_mean          | 283         |
| time/                   |             |
|    fps                  | 2495        |
|    iterations           | 27          |
|    time_elapsed         | 88          |
|    total_timesteps      | 221184      |
| train/                  |             |
|    approx_kl            | 0.014189341 |
|    clip_fraction        | 0.198       |
|    clip_range           | 0.2         |
|    entropy_loss         | -10.6       |
|    explained_variance   | 0.79        |
|    learning_rate        | 0.000291    |
|    loss                 | 0.0817      |
|    n_updates            | 49          |
|    policy_gradient_loss | 0.00586     |
|    std                  | 0.914       |
|    value_loss           | 0.0803      |
-----------------------------------------
Early stopping at step 0 due to reaching max kl: 0.03
------------------------------------------
| rollout/                |              |
|    ep_len_mean          | 209          |
|    ep_rew_mean          | 250          |
| time/                   |              |
|    fps                  | 2498         |
|    iterations           | 28           |
|    time_elapsed         | 91           |
|    total_timesteps      | 229376       |
| train/                  |              |
|    approx_kl            | 0.0139493905 |
|    clip_fraction        | 0.197        |
|    clip_range           | 0.2          |
|    entropy_loss         | -10.6        |
|    explained_variance   | 0.772        |
|    learning_rate        | 0.000291     |
|    loss                 | 0.138        |
|    n_updates            | 50           |
|    policy_gradient_loss | 0.00792      |
|    std                  | 0.912        |
|    value_loss           | 0.102        |
------------------------------------------
Early stopping at step 0 due to reaching max kl: 0.04
-----------------------------------------
| rollout/                |             |
|    ep_len_mean          | 205         |
|    ep_rew_mean          | 240         |
| time/                   |             |
|    fps                  | 2503        |
|    iterations           | 29          |
|    time_elapsed         | 94          |
|    total_timesteps      | 237568      |
| train/                  |             |
|    approx_kl            | 0.012622515 |
|    clip_fraction        | 0.174       |
|    clip_range           | 0.2         |
|    entropy_loss         | -10.6       |
|    explained_variance   | 0.736       |
|    learning_rate        | 0.000291    |
|    loss                 | 0.159       |
|    n_updates            | 51          |
|    policy_gradient_loss | 0.00637     |
|    std                  | 0.91        |
|    value_loss           | 0.127       |
-----------------------------------------
Early stopping at step 0 due to reaching max kl: 0.03
-----------------------------------------
| rollout/                |             |
|    ep_len_mean          | 218         |
|    ep_rew_mean          | 262         |
| time/                   |             |
|    fps                  | 2507        |
|    iterations           | 30          |
|    time_elapsed         | 98          |
|    total_timesteps      | 245760      |
| train/                  |             |
|    approx_kl            | 0.011601066 |
|    clip_fraction        | 0.162       |
|    clip_range           | 0.2         |
|    entropy_loss         | -10.6       |
|    explained_variance   | 0.786       |
|    learning_rate        | 0.00029     |
|    loss                 | 0.0699      |
|    n_updates            | 52          |
|    policy_gradient_loss | 0.00606     |
|    std                  | 0.908       |
|    value_loss           | 0.0878      |
-----------------------------------------
Early stopping at step 0 due to reaching max kl: 0.03
-----------------------------------------
| rollout/                |             |
|    ep_len_mean          | 218         |
|    ep_rew_mean          | 262         |
| time/                   |             |
|    fps                  | 2510        |
|    iterations           | 31          |
|    time_elapsed         | 101         |
|    total_timesteps      | 253952      |
| train/                  |             |
|    approx_kl            | 0.013379438 |
|    clip_fraction        | 0.186       |
|    clip_range           | 0.2         |
|    entropy_loss         | -10.6       |
|    explained_variance   | 0.773       |
|    learning_rate        | 0.00029     |
|    loss                 | 0.0329      |
|    n_updates            | 53          |
|    policy_gradient_loss | 0.0101      |
|    std                  | 0.905       |
|    value_loss           | 0.0961      |
-----------------------------------------
Early stopping at step 1 due to reaching max kl: 0.03
-----------------------------------------
| rollout/                |             |
|    ep_len_mean          | 174         |
|    ep_rew_mean          | 214         |
| time/                   |             |
|    fps                  | 2511        |
|    iterations           | 32          |
|    time_elapsed         | 104         |
|    total_timesteps      | 262144      |
| train/                  |             |
|    approx_kl            | 0.022874875 |
|    clip_fraction        | 0.21        |
|    clip_range           | 0.2         |
|    entropy_loss         | -10.5       |
|    explained_variance   | 0.73        |
|    learning_rate        | 0.00029     |
|    loss                 | 0.0236      |
|    n_updates            | 55          |
|    policy_gradient_loss | 0.00252     |
|    std                  | 0.902       |
|    value_loss           | 0.131       |
-----------------------------------------
Early stopping at step 0 due to reaching max kl: 0.03
------------------------------------------
| rollout/                |              |
|    ep_len_mean          | 184          |
|    ep_rew_mean          | 225          |
| time/                   |              |
|    fps                  | 2514         |
|    iterations           | 33           |
|    time_elapsed         | 107          |
|    total_timesteps      | 270336       |
| train/                  |              |
|    approx_kl            | 0.0135050705 |
|    clip_fraction        | 0.188        |
|    clip_range           | 0.2          |
|    entropy_loss         | -10.5        |
|    explained_variance   | 0.738        |
|    learning_rate        | 0.00029      |
|    loss                 | 0.0565       |
|    n_updates            | 56           |
|    policy_gradient_loss | 0.00596      |
|    std                  | 0.9          |
|    value_loss           | 0.138        |
------------------------------------------
Early stopping at step 0 due to reaching max kl: 0.03
-----------------------------------------
| rollout/                |             |
|    ep_len_mean          | 210         |
|    ep_rew_mean          | 259         |
| time/                   |             |
|    fps                  | 2517        |
|    iterations           | 34          |
|    time_elapsed         | 110         |
|    total_timesteps      | 278528      |
| train/                  |             |
|    approx_kl            | 0.011422618 |
|    clip_fraction        | 0.158       |
|    clip_range           | 0.2         |
|    entropy_loss         | -10.5       |
|    explained_variance   | 0.79        |
|    learning_rate        | 0.000289    |
|    loss                 | 0.0348      |
|    n_updates            | 57          |
|    policy_gradient_loss | 0.00622     |
|    std                  | 0.898       |
|    value_loss           | 0.102       |
-----------------------------------------
Early stopping at step 0 due to reaching max kl: 0.03
-----------------------------------------
| rollout/                |             |
|    ep_len_mean          | 242         |
|    ep_rew_mean          | 304         |
| time/                   |             |
|    fps                  | 2521        |
|    iterations           | 35          |
|    time_elapsed         | 113         |
|    total_timesteps      | 286720      |
| train/                  |             |
|    approx_kl            | 0.011168334 |
|    clip_fraction        | 0.155       |
|    clip_range           | 0.2         |
|    entropy_loss         | -10.5       |
|    explained_variance   | 0.767       |
|    learning_rate        | 0.000289    |
|    loss                 | 0.0403      |
|    n_updates            | 58          |
|    policy_gradient_loss | 0.00576     |
|    std                  | 0.897       |
|    value_loss           | 0.0923      |
-----------------------------------------
Early stopping at step 0 due to reaching max kl: 0.03
-----------------------------------------
| rollout/                |             |
|    ep_len_mean          | 251         |
|    ep_rew_mean          | 311         |
| time/                   |             |
|    fps                  | 2522        |
|    iterations           | 36          |
|    time_elapsed         | 116         |
|    total_timesteps      | 294912      |
| train/                  |             |
|    approx_kl            | 0.014038422 |
|    clip_fraction        | 0.198       |
|    clip_range           | 0.2         |
|    entropy_loss         | -10.5       |
|    explained_variance   | 0.729       |
|    learning_rate        | 0.000289    |
|    loss                 | 0.078       |
|    n_updates            | 59          |
|    policy_gradient_loss | 0.00945     |
|    std                  | 0.895       |
|    value_loss           | 0.123       |
-----------------------------------------
Early stopping at step 1 due to reaching max kl: 0.04
----------------------------------------
| rollout/                |            |
|    ep_len_mean          | 236        |
|    ep_rew_mean          | 301        |
| time/                   |            |
|    fps                  | 2524       |
|    iterations           | 37         |
|    time_elapsed         | 120        |
|    total_timesteps      | 303104     |
| train/                  |            |
|    approx_kl            | 0.02222997 |
|    clip_fraction        | 0.189      |
|    clip_range           | 0.2        |
|    entropy_loss         | -10.4      |
|    explained_variance   | 0.742      |
|    learning_rate        | 0.000288   |
|    loss                 | 0.016      |
|    n_updates            | 61         |
|    policy_gradient_loss | 0.0066     |
|    std                  | 0.892      |
|    value_loss           | 0.0772     |
----------------------------------------
Early stopping at step 1 due to reaching max kl: 0.03
----------------------------------------
| rollout/                |            |
|    ep_len_mean          | 254        |
|    ep_rew_mean          | 333        |
| time/                   |            |
|    fps                  | 2525       |
|    iterations           | 38         |
|    time_elapsed         | 123        |
|    total_timesteps      | 311296     |
| train/                  |            |
|    approx_kl            | 0.02569305 |
|    clip_fraction        | 0.211      |
|    clip_range           | 0.2        |
|    entropy_loss         | -10.4      |
|    explained_variance   | 0.75       |
|    learning_rate        | 0.000288   |
|    loss                 | 0.0161     |
|    n_updates            | 63         |
|    policy_gradient_loss | 0.00471    |
|    std                  | 0.892      |
|    value_loss           | 0.112      |
----------------------------------------
Early stopping at step 1 due to reaching max kl: 0.03
-----------------------------------------
| rollout/                |             |
|    ep_len_mean          | 266         |
|    ep_rew_mean          | 350         |
| time/                   |             |
|    fps                  | 2524        |
|    iterations           | 39          |
|    time_elapsed         | 126         |
|    total_timesteps      | 319488      |
| train/                  |             |
|    approx_kl            | 0.021924788 |
|    clip_fraction        | 0.222       |
|    clip_range           | 0.2         |
|    entropy_loss         | -10.4       |
|    explained_variance   | 0.784       |
|    learning_rate        | 0.000288    |
|    loss                 | 0.0556      |
|    n_updates            | 65          |
|    policy_gradient_loss | 0.00257     |
|    std                  | 0.89        |
|    value_loss           | 0.0947      |
-----------------------------------------
Early stopping at step 1 due to reaching max kl: 0.03
-----------------------------------------
| rollout/                |             |
|    ep_len_mean          | 265         |
|    ep_rew_mean          | 340         |
| time/                   |             |
|    fps                  | 2526        |
|    iterations           | 40          |
|    time_elapsed         | 129         |
|    total_timesteps      | 327680      |
| train/                  |             |
|    approx_kl            | 0.023751877 |
|    clip_fraction        | 0.187       |
|    clip_range           | 0.2         |
|    entropy_loss         | -10.4       |
|    explained_variance   | 0.797       |
|    learning_rate        | 0.000287    |
|    loss                 | 0.0224      |
|    n_updates            | 67          |
|    policy_gradient_loss | 0.00654     |
|    std                  | 0.887       |
|    value_loss           | 0.0844      |
-----------------------------------------
Early stopping at step 1 due to reaching max kl: 0.03
-----------------------------------------
| rollout/                |             |
|    ep_len_mean          | 262         |
|    ep_rew_mean          | 338         |
| time/                   |             |
|    fps                  | 2527        |
|    iterations           | 41          |
|    time_elapsed         | 132         |
|    total_timesteps      | 335872      |
| train/                  |             |
|    approx_kl            | 0.020429103 |
|    clip_fraction        | 0.197       |
|    clip_range           | 0.2         |
|    entropy_loss         | -10.4       |
|    explained_variance   | 0.738       |
|    learning_rate        | 0.000287    |
|    loss                 | 0.0747      |
|    n_updates            | 69          |
|    policy_gradient_loss | 0.0104      |
|    std                  | 0.886       |
|    value_loss           | 0.117       |
-----------------------------------------
Early stopping at step 0 due to reaching max kl: 0.03
-----------------------------------------
| rollout/                |             |
|    ep_len_mean          | 279         |
|    ep_rew_mean          | 351         |
| time/                   |             |
|    fps                  | 2529        |
|    iterations           | 42          |
|    time_elapsed         | 136         |
|    total_timesteps      | 344064      |
| train/                  |             |
|    approx_kl            | 0.014883068 |
|    clip_fraction        | 0.215       |
|    clip_range           | 0.2         |
|    entropy_loss         | -10.4       |
|    explained_variance   | 0.753       |
|    learning_rate        | 0.000287    |
|    loss                 | 0.127       |
|    n_updates            | 70          |
|    policy_gradient_loss | 0.00557     |
|    std                  | 0.883       |
|    value_loss           | 0.105       |
-----------------------------------------
Early stopping at step 0 due to reaching max kl: 0.03
-----------------------------------------
| rollout/                |             |
|    ep_len_mean          | 267         |
|    ep_rew_mean          | 341         |
| time/                   |             |
|    fps                  | 2532        |
|    iterations           | 43          |
|    time_elapsed         | 139         |
|    total_timesteps      | 352256      |
| train/                  |             |
|    approx_kl            | 0.013564212 |
|    clip_fraction        | 0.198       |
|    clip_range           | 0.2         |
|    entropy_loss         | -10.4       |
|    explained_variance   | 0.774       |
|    learning_rate        | 0.000286    |
|    loss                 | 0.143       |
|    n_updates            | 71          |
|    policy_gradient_loss | 0.0072      |
|    std                  | 0.883       |
|    value_loss           | 0.0746      |
-----------------------------------------
Early stopping at step 0 due to reaching max kl: 0.03
-----------------------------------------
| rollout/                |             |
|    ep_len_mean          | 300         |
|    ep_rew_mean          | 395         |
| time/                   |             |
|    fps                  | 2535        |
|    iterations           | 44          |
|    time_elapsed         | 142         |
|    total_timesteps      | 360448      |
| train/                  |             |
|    approx_kl            | 0.011127231 |
|    clip_fraction        | 0.155       |
|    clip_range           | 0.2         |
|    entropy_loss         | -10.4       |
|    explained_variance   | 0.778       |
|    learning_rate        | 0.000286    |
|    loss                 | 0.0588      |
|    n_updates            | 72          |
|    policy_gradient_loss | 0.0038      |
|    std                  | 0.883       |
|    value_loss           | 0.107       |
-----------------------------------------
Early stopping at step 0 due to reaching max kl: 0.03
-----------------------------------------
| rollout/                |             |
|    ep_len_mean          | 278         |
|    ep_rew_mean          | 360         |
| time/                   |             |
|    fps                  | 2537        |
|    iterations           | 45          |
|    time_elapsed         | 145         |
|    total_timesteps      | 368640      |
| train/                  |             |
|    approx_kl            | 0.014695146 |
|    clip_fraction        | 0.202       |
|    clip_range           | 0.2         |
|    entropy_loss         | -10.3       |
|    explained_variance   | 0.774       |
|    learning_rate        | 0.000286    |
|    loss                 | 0.047       |
|    n_updates            | 73          |
|    policy_gradient_loss | 0.0077      |
|    std                  | 0.881       |
|    value_loss           | 0.0753      |
-----------------------------------------
Early stopping at step 0 due to reaching max kl: 0.03
------------------------------------------
| rollout/                |              |
|    ep_len_mean          | 301          |
|    ep_rew_mean          | 401          |
| time/                   |              |
|    fps                  | 2538         |
|    iterations           | 46           |
|    time_elapsed         | 148          |
|    total_timesteps      | 376832       |
| train/                  |              |
|    approx_kl            | 0.0126358215 |
|    clip_fraction        | 0.175        |
|    clip_range           | 0.2          |
|    entropy_loss         | -10.3        |
|    explained_variance   | 0.735        |
|    learning_rate        | 0.000285     |
|    loss                 | 0.0175       |
|    n_updates            | 74           |
|    policy_gradient_loss | 0.00637      |
|    std                  | 0.879        |
|    value_loss           | 0.124        |
------------------------------------------
Early stopping at step 0 due to reaching max kl: 0.03
----------------------------------------
| rollout/                |            |
|    ep_len_mean          | 259        |
|    ep_rew_mean          | 346        |
| time/                   |            |
|    fps                  | 2541       |
|    iterations           | 47         |
|    time_elapsed         | 151        |
|    total_timesteps      | 385024     |
| train/                  |            |
|    approx_kl            | 0.01198623 |
|    clip_fraction        | 0.165      |
|    clip_range           | 0.2        |
|    entropy_loss         | -10.3      |
|    explained_variance   | 0.755      |
|    learning_rate        | 0.000285   |
|    loss                 | 0.0909     |
|    n_updates            | 75         |
|    policy_gradient_loss | 0.00668    |
|    std                  | 0.878      |
|    value_loss           | 0.109      |
----------------------------------------
Early stopping at step 0 due to reaching max kl: 0.03
-----------------------------------------
| rollout/                |             |
|    ep_len_mean          | 248         |
|    ep_rew_mean          | 332         |
| time/                   |             |
|    fps                  | 2543        |
|    iterations           | 48          |
|    time_elapsed         | 154         |
|    total_timesteps      | 393216      |
| train/                  |             |
|    approx_kl            | 0.012027151 |
|    clip_fraction        | 0.167       |
|    clip_range           | 0.2         |
|    entropy_loss         | -10.3       |
|    explained_variance   | 0.728       |
|    learning_rate        | 0.000285    |
|    loss                 | 0.0967      |
|    n_updates            | 76          |
|    policy_gradient_loss | 0.00859     |
|    std                  | 0.875       |
|    value_loss           | 0.121       |
-----------------------------------------
Early stopping at step 0 due to reaching max kl: 0.03
-----------------------------------------
| rollout/                |             |
|    ep_len_mean          | 234         |
|    ep_rew_mean          | 300         |
| time/                   |             |
|    fps                  | 2544        |
|    iterations           | 49          |
|    time_elapsed         | 157         |
|    total_timesteps      | 401408      |
| train/                  |             |
|    approx_kl            | 0.013754168 |
|    clip_fraction        | 0.19        |
|    clip_range           | 0.2         |
|    entropy_loss         | -10.3       |
|    explained_variance   | 0.733       |
|    learning_rate        | 0.000284    |
|    loss                 | 0.105       |
|    n_updates            | 77          |
|    policy_gradient_loss | 0.00764     |
|    std                  | 0.874       |
|    value_loss           | 0.116       |
-----------------------------------------
Early stopping at step 0 due to reaching max kl: 0.03
----------------------------------------
| rollout/                |            |
|    ep_len_mean          | 244        |
|    ep_rew_mean          | 309        |
| time/                   |            |
|    fps                  | 2546       |
|    iterations           | 50         |
|    time_elapsed         | 160        |
|    total_timesteps      | 409600     |
| train/                  |            |
|    approx_kl            | 0.01282002 |
|    clip_fraction        | 0.185      |
|    clip_range           | 0.2        |
|    entropy_loss         | -10.3      |
|    explained_variance   | 0.735      |
|    learning_rate        | 0.000284   |
|    loss                 | 0.09       |
|    n_updates            | 78         |
|    policy_gradient_loss | 0.00771    |
|    std                  | 0.873      |
|    value_loss           | 0.101      |
----------------------------------------
Early stopping at step 0 due to reaching max kl: 0.03
-----------------------------------------
| rollout/                |             |
|    ep_len_mean          | 226         |
|    ep_rew_mean          | 289         |
| time/                   |             |
|    fps                  | 2548        |
|    iterations           | 51          |
|    time_elapsed         | 163         |
|    total_timesteps      | 417792      |
| train/                  |             |
|    approx_kl            | 0.012743251 |
|    clip_fraction        | 0.18        |
|    clip_range           | 0.2         |
|    entropy_loss         | -10.2       |
|    explained_variance   | 0.746       |
|    learning_rate        | 0.000284    |
|    loss                 | 0.00946     |
|    n_updates            | 79          |
|    policy_gradient_loss | 0.00881     |
|    std                  | 0.87        |
|    value_loss           | 0.119       |
-----------------------------------------
Early stopping at step 1 due to reaching max kl: 0.03
-----------------------------------------
| rollout/                |             |
|    ep_len_mean          | 247         |
|    ep_rew_mean          | 322         |
| time/                   |             |
|    fps                  | 2548        |
|    iterations           | 52          |
|    time_elapsed         | 167         |
|    total_timesteps      | 425984      |
| train/                  |             |
|    approx_kl            | 0.020268768 |
|    clip_fraction        | 0.186       |
|    clip_range           | 0.2         |
|    entropy_loss         | -10.2       |
|    explained_variance   | 0.711       |
|    learning_rate        | 0.000283    |
|    loss                 | 0.029       |
|    n_updates            | 81          |
|    policy_gradient_loss | 0.0103      |
|    std                  | 0.868       |
|    value_loss           | 0.148       |
-----------------------------------------
Early stopping at step 1 due to reaching max kl: 0.04
----------------------------------------
| rollout/                |            |
|    ep_len_mean          | 268        |
|    ep_rew_mean          | 343        |
| time/                   |            |
|    fps                  | 2548       |
|    iterations           | 53         |
|    time_elapsed         | 170        |
|    total_timesteps      | 434176     |
| train/                  |            |
|    approx_kl            | 0.02173875 |
|    clip_fraction        | 0.206      |
|    clip_range           | 0.2        |
|    entropy_loss         | -10.2      |
|    explained_variance   | 0.727      |
|    learning_rate        | 0.000283   |
|    loss                 | 0.0413     |
|    n_updates            | 83         |
|    policy_gradient_loss | 0.00647    |
|    std                  | 0.865      |
|    value_loss           | 0.0814     |
----------------------------------------
Early stopping at step 0 due to reaching max kl: 0.03
-----------------------------------------
| rollout/                |             |
|    ep_len_mean          | 314         |
|    ep_rew_mean          | 400         |
| time/                   |             |
|    fps                  | 2550        |
|    iterations           | 54          |
|    time_elapsed         | 173         |
|    total_timesteps      | 442368      |
| train/                  |             |
|    approx_kl            | 0.011560917 |
|    clip_fraction        | 0.164       |
|    clip_range           | 0.2         |
|    entropy_loss         | -10.2       |
|    explained_variance   | 0.692       |
|    learning_rate        | 0.000283    |
|    loss                 | 0.0784      |
|    n_updates            | 84          |
|    policy_gradient_loss | 0.00573     |
|    std                  | 0.864       |
|    value_loss           | 0.0694      |
-----------------------------------------
Early stopping at step 0 due to reaching max kl: 0.03
-----------------------------------------
| rollout/                |             |
|    ep_len_mean          | 336         |
|    ep_rew_mean          | 420         |
| time/                   |             |
|    fps                  | 2552        |
|    iterations           | 55          |
|    time_elapsed         | 176         |
|    total_timesteps      | 450560      |
| train/                  |             |
|    approx_kl            | 0.013067721 |
|    clip_fraction        | 0.184       |
|    clip_range           | 0.2         |
|    entropy_loss         | -10.2       |
|    explained_variance   | 0.725       |
|    learning_rate        | 0.000282    |
|    loss                 | 0.024       |
|    n_updates            | 85          |
|    policy_gradient_loss | 0.00721     |
|    std                  | 0.861       |
|    value_loss           | 0.0754      |
-----------------------------------------
Early stopping at step 0 due to reaching max kl: 0.03
-----------------------------------------
| rollout/                |             |
|    ep_len_mean          | 308         |
|    ep_rew_mean          | 392         |
| time/                   |             |
|    fps                  | 2553        |
|    iterations           | 56          |
|    time_elapsed         | 179         |
|    total_timesteps      | 458752      |
| train/                  |             |
|    approx_kl            | 0.014127156 |
|    clip_fraction        | 0.204       |
|    clip_range           | 0.2         |
|    entropy_loss         | -10.2       |
|    explained_variance   | 0.697       |
|    learning_rate        | 0.000282    |
|    loss                 | 0.103       |
|    n_updates            | 86          |
|    policy_gradient_loss | 0.00886     |
|    std                  | 0.86        |
|    value_loss           | 0.122       |
-----------------------------------------
Early stopping at step 1 due to reaching max kl: 0.03
----------------------------------------
| rollout/                |            |
|    ep_len_mean          | 255        |
|    ep_rew_mean          | 335        |
| time/                   |            |
|    fps                  | 2553       |
|    iterations           | 57         |
|    time_elapsed         | 182        |
|    total_timesteps      | 466944     |
| train/                  |            |
|    approx_kl            | 0.02387787 |
|    clip_fraction        | 0.22       |
|    clip_range           | 0.2        |
|    entropy_loss         | -10.1      |
|    explained_variance   | 0.729      |
|    learning_rate        | 0.000282   |
|    loss                 | 0.0308     |
|    n_updates            | 88         |
|    policy_gradient_loss | 0.00777    |
|    std                  | 0.858      |
|    value_loss           | 0.109      |
----------------------------------------
Early stopping at step 1 due to reaching max kl: 0.04
-----------------------------------------
| rollout/                |             |
|    ep_len_mean          | 267         |
|    ep_rew_mean          | 358         |
| time/                   |             |
|    fps                  | 2553        |
|    iterations           | 58          |
|    time_elapsed         | 186         |
|    total_timesteps      | 475136      |
| train/                  |             |
|    approx_kl            | 0.020305064 |
|    clip_fraction        | 0.213       |
|    clip_range           | 0.2         |
|    entropy_loss         | -10.1       |
|    explained_variance   | 0.709       |
|    learning_rate        | 0.000281    |
|    loss                 | 0.0208      |
|    n_updates            | 90          |
|    policy_gradient_loss | 0.00568     |
|    std                  | 0.857       |
|    value_loss           | 0.1         |
-----------------------------------------
Early stopping at step 0 due to reaching max kl: 0.03
-----------------------------------------
| rollout/                |             |
|    ep_len_mean          | 263         |
|    ep_rew_mean          | 345         |
| time/                   |             |
|    fps                  | 2555        |
|    iterations           | 59          |
|    time_elapsed         | 189         |
|    total_timesteps      | 483328      |
| train/                  |             |
|    approx_kl            | 0.012493744 |
|    clip_fraction        | 0.178       |
|    clip_range           | 0.2         |
|    entropy_loss         | -10.1       |
|    explained_variance   | 0.677       |
|    learning_rate        | 0.000281    |
|    loss                 | 0.132       |
|    n_updates            | 91          |
|    policy_gradient_loss | 0.009       |
|    std                  | 0.856       |
|    value_loss           | 0.126       |
-----------------------------------------
Early stopping at step 1 due to reaching max kl: 0.04
-----------------------------------------
| rollout/                |             |
|    ep_len_mean          | 264         |
|    ep_rew_mean          | 343         |
| time/                   |             |
|    fps                  | 2555        |
|    iterations           | 60          |
|    time_elapsed         | 192         |
|    total_timesteps      | 491520      |
| train/                  |             |
|    approx_kl            | 0.024952596 |
|    clip_fraction        | 0.214       |
|    clip_range           | 0.2         |
|    entropy_loss         | -10.1       |
|    explained_variance   | 0.729       |
|    learning_rate        | 0.000281    |
|    loss                 | 0.0711      |
|    n_updates            | 93          |
|    policy_gradient_loss | 0.00705     |
|    std                  | 0.853       |
|    value_loss           | 0.114       |
-----------------------------------------
Early stopping at step 0 due to reaching max kl: 0.03
-----------------------------------------
| rollout/                |             |
|    ep_len_mean          | 278         |
|    ep_rew_mean          | 364         |
| time/                   |             |
|    fps                  | 2557        |
|    iterations           | 61          |
|    time_elapsed         | 195         |
|    total_timesteps      | 499712      |
| train/                  |             |
|    approx_kl            | 0.011751018 |
|    clip_fraction        | 0.175       |
|    clip_range           | 0.2         |
|    entropy_loss         | -10.1       |
|    explained_variance   | 0.733       |
|    learning_rate        | 0.00028     |
|    loss                 | 0.0372      |
|    n_updates            | 94          |
|    policy_gradient_loss | 0.00453     |
|    std                  | 0.852       |
|    value_loss           | 0.0583      |
-----------------------------------------
Early stopping at step 0 due to reaching max kl: 0.03
-----------------------------------------
| rollout/                |             |
|    ep_len_mean          | 297         |
|    ep_rew_mean          | 389         |
| time/                   |             |
|    fps                  | 2559        |
|    iterations           | 62          |
|    time_elapsed         | 198         |
|    total_timesteps      | 507904      |
| train/                  |             |
|    approx_kl            | 0.013456051 |
|    clip_fraction        | 0.184       |
|    clip_range           | 0.2         |
|    entropy_loss         | -10.1       |
|    explained_variance   | 0.759       |
|    learning_rate        | 0.00028     |
|    loss                 | 0.0795      |
|    n_updates            | 95          |
|    policy_gradient_loss | 0.01        |
|    std                  | 0.851       |
|    value_loss           | 0.113       |
-----------------------------------------
Early stopping at step 0 due to reaching max kl: 0.03
-----------------------------------------
| rollout/                |             |
|    ep_len_mean          | 283         |
|    ep_rew_mean          | 371         |
| time/                   |             |
|    fps                  | 2561        |
|    iterations           | 63          |
|    time_elapsed         | 201         |
|    total_timesteps      | 516096      |
| train/                  |             |
|    approx_kl            | 0.012917693 |
|    clip_fraction        | 0.176       |
|    clip_range           | 0.2         |
|    entropy_loss         | -10         |
|    explained_variance   | 0.74        |
|    learning_rate        | 0.00028     |
|    loss                 | 0.0627      |
|    n_updates            | 96          |
|    policy_gradient_loss | 0.011       |
|    std                  | 0.849       |
|    value_loss           | 0.105       |
-----------------------------------------
Early stopping at step 0 due to reaching max kl: 0.03
-----------------------------------------
| rollout/                |             |
|    ep_len_mean          | 261         |
|    ep_rew_mean          | 338         |
| time/                   |             |
|    fps                  | 2562        |
|    iterations           | 64          |
|    time_elapsed         | 204         |
|    total_timesteps      | 524288      |
| train/                  |             |
|    approx_kl            | 0.014122912 |
|    clip_fraction        | 0.196       |
|    clip_range           | 0.2         |
|    entropy_loss         | -10         |
|    explained_variance   | 0.738       |
|    learning_rate        | 0.000279    |
|    loss                 | 0.0471      |
|    n_updates            | 97          |
|    policy_gradient_loss | 0.00506     |
|    std                  | 0.848       |
|    value_loss           | 0.121       |
-----------------------------------------
Early stopping at step 0 due to reaching max kl: 0.03
-----------------------------------------
| rollout/                |             |
|    ep_len_mean          | 269         |
|    ep_rew_mean          | 356         |
| time/                   |             |
|    fps                  | 2564        |
|    iterations           | 65          |
|    time_elapsed         | 207         |
|    total_timesteps      | 532480      |
| train/                  |             |
|    approx_kl            | 0.010104292 |
|    clip_fraction        | 0.134       |
|    clip_range           | 0.2         |
|    entropy_loss         | -10         |
|    explained_variance   | 0.716       |
|    learning_rate        | 0.000279    |
|    loss                 | 0.109       |
|    n_updates            | 98          |
|    policy_gradient_loss | 0.00146     |
|    std                  | 0.847       |
|    value_loss           | 0.107       |
-----------------------------------------
Early stopping at step 0 due to reaching max kl: 0.03
----------------------------------------
| rollout/                |            |
|    ep_len_mean          | 267        |
|    ep_rew_mean          | 357        |
| time/                   |            |
|    fps                  | 2566       |
|    iterations           | 66         |
|    time_elapsed         | 210        |
|    total_timesteps      | 540672     |
| train/                  |            |
|    approx_kl            | 0.01184187 |
|    clip_fraction        | 0.163      |
|    clip_range           | 0.2        |
|    entropy_loss         | -10        |
|    explained_variance   | 0.714      |
|    learning_rate        | 0.000279   |
|    loss                 | 0.0923     |
|    n_updates            | 99         |
|    policy_gradient_loss | 0.0038     |
|    std                  | 0.848      |
|    value_loss           | 0.0978     |
----------------------------------------
Early stopping at step 0 due to reaching max kl: 0.03
-----------------------------------------
| rollout/                |             |
|    ep_len_mean          | 289         |
|    ep_rew_mean          | 379         |
| time/                   |             |
|    fps                  | 2567        |
|    iterations           | 67          |
|    time_elapsed         | 213         |
|    total_timesteps      | 548864      |
| train/                  |             |
|    approx_kl            | 0.014607598 |
|    clip_fraction        | 0.205       |
|    clip_range           | 0.2         |
|    entropy_loss         | -10         |
|    explained_variance   | 0.69        |
|    learning_rate        | 0.000278    |
|    loss                 | 0.17        |
|    n_updates            | 100         |
|    policy_gradient_loss | 0.00914     |
|    std                  | 0.847       |
|    value_loss           | 0.156       |
-----------------------------------------
Early stopping at step 0 due to reaching max kl: 0.03
------------------------------------------
| rollout/                |              |
|    ep_len_mean          | 236          |
|    ep_rew_mean          | 300          |
| time/                   |              |
|    fps                  | 2568         |
|    iterations           | 68           |
|    time_elapsed         | 216          |
|    total_timesteps      | 557056       |
| train/                  |              |
|    approx_kl            | 0.0133358715 |
|    clip_fraction        | 0.19         |
|    clip_range           | 0.2          |
|    entropy_loss         | -10          |
|    explained_variance   | 0.771        |
|    learning_rate        | 0.000278     |
|    loss                 | 0.0553       |
|    n_updates            | 101          |
|    policy_gradient_loss | 0.0101       |
|    std                  | 0.844        |
|    value_loss           | 0.0893       |
------------------------------------------
Early stopping at step 0 due to reaching max kl: 0.03
-----------------------------------------
| rollout/                |             |
|    ep_len_mean          | 288         |
|    ep_rew_mean          | 372         |
| time/                   |             |
|    fps                  | 2569        |
|    iterations           | 69          |
|    time_elapsed         | 220         |
|    total_timesteps      | 565248      |
| train/                  |             |
|    approx_kl            | 0.013229829 |
|    clip_fraction        | 0.185       |
|    clip_range           | 0.2         |
|    entropy_loss         | -9.99       |
|    explained_variance   | 0.714       |
|    learning_rate        | 0.000278    |
|    loss                 | 0.0908      |
|    n_updates            | 102         |
|    policy_gradient_loss | 0.0104      |
|    std                  | 0.843       |
|    value_loss           | 0.14        |
-----------------------------------------
Early stopping at step 0 due to reaching max kl: 0.03
-----------------------------------------
| rollout/                |             |
|    ep_len_mean          | 294         |
|    ep_rew_mean          | 374         |
| time/                   |             |
|    fps                  | 2571        |
|    iterations           | 70          |
|    time_elapsed         | 222         |
|    total_timesteps      | 573440      |
| train/                  |             |
|    approx_kl            | 0.010309314 |
|    clip_fraction        | 0.138       |
|    clip_range           | 0.2         |
|    entropy_loss         | -9.98       |
|    explained_variance   | 0.764       |
|    learning_rate        | 0.000277    |
|    loss                 | 0.0892      |
|    n_updates            | 103         |
|    policy_gradient_loss | 0.00367     |
|    std                  | 0.842       |
|    value_loss           | 0.11        |
-----------------------------------------
Early stopping at step 0 due to reaching max kl: 0.04
-----------------------------------------
| rollout/                |             |
|    ep_len_mean          | 277         |
|    ep_rew_mean          | 363         |
| time/                   |             |
|    fps                  | 2571        |
|    iterations           | 71          |
|    time_elapsed         | 226         |
|    total_timesteps      | 581632      |
| train/                  |             |
|    approx_kl            | 0.014969524 |
|    clip_fraction        | 0.209       |
|    clip_range           | 0.2         |
|    entropy_loss         | -9.96       |
|    explained_variance   | 0.731       |
|    learning_rate        | 0.000277    |
|    loss                 | 0.0276      |
|    n_updates            | 104         |
|    policy_gradient_loss | 0.0129      |
|    std                  | 0.839       |
|    value_loss           | 0.0896      |
-----------------------------------------
Early stopping at step 0 due to reaching max kl: 0.03
------------------------------------------
| rollout/                |              |
|    ep_len_mean          | 290          |
|    ep_rew_mean          | 375          |
| time/                   |              |
|    fps                  | 2572         |
|    iterations           | 72           |
|    time_elapsed         | 229          |
|    total_timesteps      | 589824       |
| train/                  |              |
|    approx_kl            | 0.0139436545 |
|    clip_fraction        | 0.193        |
|    clip_range           | 0.2          |
|    entropy_loss         | -9.94        |
|    explained_variance   | 0.707        |
|    learning_rate        | 0.000277     |
|    loss                 | 0.175        |
|    n_updates            | 105          |
|    policy_gradient_loss | 0.012        |
|    std                  | 0.839        |
|    value_loss           | 0.144        |
------------------------------------------
Early stopping at step 0 due to reaching max kl: 0.03
-----------------------------------------
| rollout/                |             |
|    ep_len_mean          | 309         |
|    ep_rew_mean          | 397         |
| time/                   |             |
|    fps                  | 2573        |
|    iterations           | 73          |
|    time_elapsed         | 232         |
|    total_timesteps      | 598016      |
| train/                  |             |
|    approx_kl            | 0.012714883 |
|    clip_fraction        | 0.177       |
|    clip_range           | 0.2         |
|    entropy_loss         | -9.94       |
|    explained_variance   | 0.763       |
|    learning_rate        | 0.000276    |
|    loss                 | 0.0129      |
|    n_updates            | 106         |
|    policy_gradient_loss | 0.00786     |
|    std                  | 0.838       |
|    value_loss           | 0.0761      |
-----------------------------------------
Early stopping at step 0 due to reaching max kl: 0.03
-----------------------------------------
| rollout/                |             |
|    ep_len_mean          | 344         |
|    ep_rew_mean          | 454         |
| time/                   |             |
|    fps                  | 2574        |
|    iterations           | 74          |
|    time_elapsed         | 235         |
|    total_timesteps      | 606208      |
| train/                  |             |
|    approx_kl            | 0.011821791 |
|    clip_fraction        | 0.164       |
|    clip_range           | 0.2         |
|    entropy_loss         | -9.94       |
|    explained_variance   | 0.734       |
|    learning_rate        | 0.000276    |
|    loss                 | 0.0818      |
|    n_updates            | 107         |
|    policy_gradient_loss | 0.00879     |
|    std                  | 0.838       |
|    value_loss           | 0.0768      |
-----------------------------------------
Early stopping at step 0 due to reaching max kl: 0.03
-----------------------------------------
| rollout/                |             |
|    ep_len_mean          | 351         |
|    ep_rew_mean          | 455         |
| time/                   |             |
|    fps                  | 2575        |
|    iterations           | 75          |
|    time_elapsed         | 238         |
|    total_timesteps      | 614400      |
| train/                  |             |
|    approx_kl            | 0.013017956 |
|    clip_fraction        | 0.181       |
|    clip_range           | 0.2         |
|    entropy_loss         | -9.93       |
|    explained_variance   | 0.728       |
|    learning_rate        | 0.000276    |
|    loss                 | 0.0449      |
|    n_updates            | 108         |
|    policy_gradient_loss | 0.00715     |
|    std                  | 0.836       |
|    value_loss           | 0.0549      |
-----------------------------------------
Early stopping at step 0 due to reaching max kl: 0.03
-----------------------------------------
| rollout/                |             |
|    ep_len_mean          | 396         |
|    ep_rew_mean          | 514         |
| time/                   |             |
|    fps                  | 2575        |
|    iterations           | 76          |
|    time_elapsed         | 241         |
|    total_timesteps      | 622592      |
| train/                  |             |
|    approx_kl            | 0.015308654 |
|    clip_fraction        | 0.204       |
|    clip_range           | 0.2         |
|    entropy_loss         | -9.91       |
|    explained_variance   | 0.756       |
|    learning_rate        | 0.000275    |
|    loss                 | 0.0681      |
|    n_updates            | 109         |
|    policy_gradient_loss | 0.0084      |
|    std                  | 0.835       |
|    value_loss           | 0.0876      |
-----------------------------------------
Early stopping at step 0 due to reaching max kl: 0.03
-----------------------------------------
| rollout/                |             |
|    ep_len_mean          | 394         |
|    ep_rew_mean          | 514         |
| time/                   |             |
|    fps                  | 2576        |
|    iterations           | 77          |
|    time_elapsed         | 244         |
|    total_timesteps      | 630784      |
| train/                  |             |
|    approx_kl            | 0.012719927 |
|    clip_fraction        | 0.182       |
|    clip_range           | 0.2         |
|    entropy_loss         | -9.9        |
|    explained_variance   | 0.758       |
|    learning_rate        | 0.000275    |
|    loss                 | 0.0936      |
|    n_updates            | 110         |
|    policy_gradient_loss | 0.00939     |
|    std                  | 0.834       |
|    value_loss           | 0.08        |
-----------------------------------------
Early stopping at step 0 due to reaching max kl: 0.04
-----------------------------------------
| rollout/                |             |
|    ep_len_mean          | 418         |
|    ep_rew_mean          | 555         |
| time/                   |             |
|    fps                  | 2577        |
|    iterations           | 78          |
|    time_elapsed         | 247         |
|    total_timesteps      | 638976      |
| train/                  |             |
|    approx_kl            | 0.014040777 |
|    clip_fraction        | 0.2         |
|    clip_range           | 0.2         |
|    entropy_loss         | -9.89       |
|    explained_variance   | 0.741       |
|    learning_rate        | 0.000275    |
|    loss                 | 0.0873      |
|    n_updates            | 111         |
|    policy_gradient_loss | 0.00908     |
|    std                  | 0.831       |
|    value_loss           | 0.0669      |
-----------------------------------------
Early stopping at step 0 due to reaching max kl: 0.03
----------------------------------------
| rollout/                |            |
|    ep_len_mean          | 377        |
|    ep_rew_mean          | 496        |
| time/                   |            |
|    fps                  | 2577       |
|    iterations           | 79         |
|    time_elapsed         | 251        |
|    total_timesteps      | 647168     |
| train/                  |            |
|    approx_kl            | 0.01574012 |
|    clip_fraction        | 0.221      |
|    clip_range           | 0.2        |
|    entropy_loss         | -9.86      |
|    explained_variance   | 0.67       |
|    learning_rate        | 0.000274   |
|    loss                 | 0.179      |
|    n_updates            | 112        |
|    policy_gradient_loss | 0.0105     |
|    std                  | 0.829      |
|    value_loss           | 0.0727     |
----------------------------------------
Early stopping at step 0 due to reaching max kl: 0.03
----------------------------------------
| rollout/                |            |
|    ep_len_mean          | 385        |
|    ep_rew_mean          | 514        |
| time/                   |            |
|    fps                  | 2579       |
|    iterations           | 80         |
|    time_elapsed         | 254        |
|    total_timesteps      | 655360     |
| train/                  |            |
|    approx_kl            | 0.01397227 |
|    clip_fraction        | 0.19       |
|    clip_range           | 0.2        |
|    entropy_loss         | -9.85      |
|    explained_variance   | 0.681      |
|    learning_rate        | 0.000274   |
|    loss                 | 0.0654     |
|    n_updates            | 113        |
|    policy_gradient_loss | 0.00205    |
|    std                  | 0.828      |
|    value_loss           | 0.0981     |
----------------------------------------
Early stopping at step 0 due to reaching max kl: 0.04
-----------------------------------------
| rollout/                |             |
|    ep_len_mean          | 337         |
|    ep_rew_mean          | 444         |
| time/                   |             |
|    fps                  | 2580        |
|    iterations           | 81          |
|    time_elapsed         | 257         |
|    total_timesteps      | 663552      |
| train/                  |             |
|    approx_kl            | 0.012554588 |
|    clip_fraction        | 0.17        |
|    clip_range           | 0.2         |
|    entropy_loss         | -9.84       |
|    explained_variance   | 0.739       |
|    learning_rate        | 0.000274    |
|    loss                 | 0.0684      |
|    n_updates            | 114         |
|    policy_gradient_loss | 0.00477     |
|    std                  | 0.827       |
|    value_loss           | 0.0918      |
-----------------------------------------
Early stopping at step 0 due to reaching max kl: 0.03
-----------------------------------------
| rollout/                |             |
|    ep_len_mean          | 352         |
|    ep_rew_mean          | 466         |
| time/                   |             |
|    fps                  | 2580        |
|    iterations           | 82          |
|    time_elapsed         | 260         |
|    total_timesteps      | 671744      |
| train/                  |             |
|    approx_kl            | 0.014948987 |
|    clip_fraction        | 0.201       |
|    clip_range           | 0.2         |
|    entropy_loss         | -9.83       |
|    explained_variance   | 0.715       |
|    learning_rate        | 0.000273    |
|    loss                 | 0.109       |
|    n_updates            | 115         |
|    policy_gradient_loss | 0.00351     |
|    std                  | 0.826       |
|    value_loss           | 0.0963      |
-----------------------------------------
Early stopping at step 0 due to reaching max kl: 0.03
-----------------------------------------
| rollout/                |             |
|    ep_len_mean          | 348         |
|    ep_rew_mean          | 468         |
| time/                   |             |
|    fps                  | 2581        |
|    iterations           | 83          |
|    time_elapsed         | 263         |
|    total_timesteps      | 679936      |
| train/                  |             |
|    approx_kl            | 0.015776388 |
|    clip_fraction        | 0.221       |
|    clip_range           | 0.2         |
|    entropy_loss         | -9.81       |
|    explained_variance   | 0.731       |
|    learning_rate        | 0.000273    |
|    loss                 | 0.0596      |
|    n_updates            | 116         |
|    policy_gradient_loss | 0.00754     |
|    std                  | 0.824       |
|    value_loss           | 0.0636      |
-----------------------------------------
Early stopping at step 0 due to reaching max kl: 0.03
-----------------------------------------
| rollout/                |             |
|    ep_len_mean          | 327         |
|    ep_rew_mean          | 439         |
| time/                   |             |
|    fps                  | 2582        |
|    iterations           | 84          |
|    time_elapsed         | 266         |
|    total_timesteps      | 688128      |
| train/                  |             |
|    approx_kl            | 0.010462332 |
|    clip_fraction        | 0.136       |
|    clip_range           | 0.2         |
|    entropy_loss         | -9.8        |
|    explained_variance   | 0.679       |
|    learning_rate        | 0.000273    |
|    loss                 | 0.049       |
|    n_updates            | 117         |
|    policy_gradient_loss | 0.00195     |
|    std                  | 0.823       |
|    value_loss           | 0.115       |
-----------------------------------------
Early stopping at step 0 due to reaching max kl: 0.04
-----------------------------------------
| rollout/                |             |
|    ep_len_mean          | 372         |
|    ep_rew_mean          | 505         |
| time/                   |             |
|    fps                  | 2583        |
|    iterations           | 85          |
|    time_elapsed         | 269         |
|    total_timesteps      | 696320      |
| train/                  |             |
|    approx_kl            | 0.012871844 |
|    clip_fraction        | 0.177       |
|    clip_range           | 0.2         |
|    entropy_loss         | -9.78       |
|    explained_variance   | 0.693       |
|    learning_rate        | 0.000272    |
|    loss                 | 0.0943      |
|    n_updates            | 118         |
|    policy_gradient_loss | 0.0102      |
|    std                  | 0.821       |
|    value_loss           | 0.0957      |
-----------------------------------------
Early stopping at step 0 due to reaching max kl: 0.03
-----------------------------------------
| rollout/                |             |
|    ep_len_mean          | 386         |
|    ep_rew_mean          | 526         |
| time/                   |             |
|    fps                  | 2584        |
|    iterations           | 86          |
|    time_elapsed         | 272         |
|    total_timesteps      | 704512      |
| train/                  |             |
|    approx_kl            | 0.011801035 |
|    clip_fraction        | 0.171       |
|    clip_range           | 0.2         |
|    entropy_loss         | -9.76       |
|    explained_variance   | 0.683       |
|    learning_rate        | 0.000272    |
|    loss                 | 0.0579      |
|    n_updates            | 119         |
|    policy_gradient_loss | 0.0067      |
|    std                  | 0.819       |
|    value_loss           | 0.0637      |
-----------------------------------------
Early stopping at step 0 due to reaching max kl: 0.05
-----------------------------------------
| rollout/                |             |
|    ep_len_mean          | 365         |
|    ep_rew_mean          | 504         |
| time/                   |             |
|    fps                  | 2585        |
|    iterations           | 87          |
|    time_elapsed         | 275         |
|    total_timesteps      | 712704      |
| train/                  |             |
|    approx_kl            | 0.014369854 |
|    clip_fraction        | 0.201       |
|    clip_range           | 0.2         |
|    entropy_loss         | -9.75       |
|    explained_variance   | 0.689       |
|    learning_rate        | 0.000272    |
|    loss                 | 0.083       |
|    n_updates            | 120         |
|    policy_gradient_loss | 0.00486     |
|    std                  | 0.818       |
|    value_loss           | 0.0811      |
-----------------------------------------
Early stopping at step 0 due to reaching max kl: 0.03
-----------------------------------------
| rollout/                |             |
|    ep_len_mean          | 395         |
|    ep_rew_mean          | 541         |
| time/                   |             |
|    fps                  | 2586        |
|    iterations           | 88          |
|    time_elapsed         | 278         |
|    total_timesteps      | 720896      |
| train/                  |             |
|    approx_kl            | 0.013423003 |
|    clip_fraction        | 0.184       |
|    clip_range           | 0.2         |
|    entropy_loss         | -9.74       |
|    explained_variance   | 0.647       |
|    learning_rate        | 0.000271    |
|    loss                 | 0.0478      |
|    n_updates            | 121         |
|    policy_gradient_loss | 0.00423     |
|    std                  | 0.817       |
|    value_loss           | 0.101       |
-----------------------------------------
Early stopping at step 0 due to reaching max kl: 0.03
-----------------------------------------
| rollout/                |             |
|    ep_len_mean          | 384         |
|    ep_rew_mean          | 519         |
| time/                   |             |
|    fps                  | 2586        |
|    iterations           | 89          |
|    time_elapsed         | 281         |
|    total_timesteps      | 729088      |
| train/                  |             |
|    approx_kl            | 0.012951548 |
|    clip_fraction        | 0.175       |
|    clip_range           | 0.2         |
|    entropy_loss         | -9.72       |
|    explained_variance   | 0.69        |
|    learning_rate        | 0.000271    |
|    loss                 | 0.0314      |
|    n_updates            | 122         |
|    policy_gradient_loss | 0.00751     |
|    std                  | 0.816       |
|    value_loss           | 0.107       |
-----------------------------------------
Early stopping at step 0 due to reaching max kl: 0.03
-----------------------------------------
| rollout/                |             |
|    ep_len_mean          | 362         |
|    ep_rew_mean          | 494         |
| time/                   |             |
|    fps                  | 2586        |
|    iterations           | 90          |
|    time_elapsed         | 285         |
|    total_timesteps      | 737280      |
| train/                  |             |
|    approx_kl            | 0.016165279 |
|    clip_fraction        | 0.226       |
|    clip_range           | 0.2         |
|    entropy_loss         | -9.71       |
|    explained_variance   | 0.672       |
|    learning_rate        | 0.000271    |
|    loss                 | 0.0616      |
|    n_updates            | 123         |
|    policy_gradient_loss | 0.0126      |
|    std                  | 0.815       |
|    value_loss           | 0.121       |
-----------------------------------------
Early stopping at step 0 due to reaching max kl: 0.03
-----------------------------------------
| rollout/                |             |
|    ep_len_mean          | 338         |
|    ep_rew_mean          | 448         |
| time/                   |             |
|    fps                  | 2588        |
|    iterations           | 91          |
|    time_elapsed         | 288         |
|    total_timesteps      | 745472      |
| train/                  |             |
|    approx_kl            | 0.010531107 |
|    clip_fraction        | 0.146       |
|    clip_range           | 0.2         |
|    entropy_loss         | -9.71       |
|    explained_variance   | 0.756       |
|    learning_rate        | 0.000271    |
|    loss                 | 0.048       |
|    n_updates            | 124         |
|    policy_gradient_loss | 0.00327     |
|    std                  | 0.815       |
|    value_loss           | 0.0944      |
-----------------------------------------
Early stopping at step 0 due to reaching max kl: 0.03
-----------------------------------------
| rollout/                |             |
|    ep_len_mean          | 323         |
|    ep_rew_mean          | 425         |
| time/                   |             |
|    fps                  | 2588        |
|    iterations           | 92          |
|    time_elapsed         | 291         |
|    total_timesteps      | 753664      |
| train/                  |             |
|    approx_kl            | 0.013127849 |
|    clip_fraction        | 0.186       |
|    clip_range           | 0.2         |
|    entropy_loss         | -9.71       |
|    explained_variance   | 0.696       |
|    learning_rate        | 0.00027     |
|    loss                 | 0.136       |
|    n_updates            | 125         |
|    policy_gradient_loss | 0.0101      |
|    std                  | 0.814       |
|    value_loss           | 0.11        |
-----------------------------------------
Early stopping at step 0 due to reaching max kl: 0.03
----------------------------------------
| rollout/                |            |
|    ep_len_mean          | 329        |
|    ep_rew_mean          | 429        |
| time/                   |            |
|    fps                  | 2590       |
|    iterations           | 93         |
|    time_elapsed         | 294        |
|    total_timesteps      | 761856     |
| train/                  |            |
|    approx_kl            | 0.00941642 |
|    clip_fraction        | 0.12       |
|    clip_range           | 0.2        |
|    entropy_loss         | -9.7       |
|    explained_variance   | 0.752      |
|    learning_rate        | 0.00027    |
|    loss                 | 0.024      |
|    n_updates            | 126        |
|    policy_gradient_loss | 0.000523   |
|    std                  | 0.814      |
|    value_loss           | 0.117      |
----------------------------------------
Early stopping at step 0 due to reaching max kl: 0.03
----------------------------------------
| rollout/                |            |
|    ep_len_mean          | 301        |
|    ep_rew_mean          | 390        |
| time/                   |            |
|    fps                  | 2590       |
|    iterations           | 94         |
|    time_elapsed         | 297        |
|    total_timesteps      | 770048     |
| train/                  |            |
|    approx_kl            | 0.01443828 |
|    clip_fraction        | 0.202      |
|    clip_range           | 0.2        |
|    entropy_loss         | -9.7       |
|    explained_variance   | 0.784      |
|    learning_rate        | 0.00027    |
|    loss                 | 0.0106     |
|    n_updates            | 127        |
|    policy_gradient_loss | 0.0103     |
|    std                  | 0.813      |
|    value_loss           | 0.0866     |
----------------------------------------
Early stopping at step 0 due to reaching max kl: 0.03
[Progress] Training 6/6: 777,476/5,000,000 steps (15.5%); 0 full runs remain afterward; rough training ETA 27m.
------------------------------------------
| rollout/                |              |
|    ep_len_mean          | 344          |
|    ep_rew_mean          | 451          |
| time/                   |              |
|    fps                  | 2591         |
|    iterations           | 95           |
|    time_elapsed         | 300          |
|    total_timesteps      | 778240       |
| train/                  |              |
|    approx_kl            | 0.0149241565 |
|    clip_fraction        | 0.198        |
|    clip_range           | 0.2          |
|    entropy_loss         | -9.68        |
|    explained_variance   | 0.769        |
|    learning_rate        | 0.000269     |
|    loss                 | 0.0436       |
|    n_updates            | 128          |
|    policy_gradient_loss | 0.00677      |
|    std                  | 0.811        |
|    value_loss           | 0.0969       |
------------------------------------------
Early stopping at step 0 due to reaching max kl: 0.03
-----------------------------------------
| rollout/                |             |
|    ep_len_mean          | 355         |
|    ep_rew_mean          | 472         |
| time/                   |             |
|    fps                  | 2591        |
|    iterations           | 96          |
|    time_elapsed         | 303         |
|    total_timesteps      | 786432      |
| train/                  |             |
|    approx_kl            | 0.015867624 |
|    clip_fraction        | 0.224       |
|    clip_range           | 0.2         |
|    entropy_loss         | -9.66       |
|    explained_variance   | 0.768       |
|    learning_rate        | 0.000269    |
|    loss                 | 0.0413      |
|    n_updates            | 129         |
|    policy_gradient_loss | 0.0102      |
|    std                  | 0.809       |
|    value_loss           | 0.0647      |
-----------------------------------------
Early stopping at step 0 due to reaching max kl: 0.03
-----------------------------------------
| rollout/                |             |
|    ep_len_mean          | 377         |
|    ep_rew_mean          | 504         |
| time/                   |             |
|    fps                  | 2592        |
|    iterations           | 97          |
|    time_elapsed         | 306         |
|    total_timesteps      | 794624      |
| train/                  |             |
|    approx_kl            | 0.010216202 |
|    clip_fraction        | 0.143       |
|    clip_range           | 0.2         |
|    entropy_loss         | -9.65       |
|    explained_variance   | 0.779       |
|    learning_rate        | 0.000269    |
|    loss                 | 0.0756      |
|    n_updates            | 130         |
|    policy_gradient_loss | 0.0021      |
|    std                  | 0.809       |
|    value_loss           | 0.0863      |
-----------------------------------------
Early stopping at step 0 due to reaching max kl: 0.04
-----------------------------------------
| rollout/                |             |
|    ep_len_mean          | 399         |
|    ep_rew_mean          | 540         |
| time/                   |             |
|    fps                  | 2592        |
|    iterations           | 98          |
|    time_elapsed         | 309         |
|    total_timesteps      | 802816      |
| train/                  |             |
|    approx_kl            | 0.015234521 |
|    clip_fraction        | 0.211       |
|    clip_range           | 0.2         |
|    entropy_loss         | -9.65       |
|    explained_variance   | 0.763       |
|    learning_rate        | 0.000268    |
|    loss                 | 0.114       |
|    n_updates            | 131         |
|    policy_gradient_loss | 0.00601     |
|    std                  | 0.807       |
|    value_loss           | 0.0737      |
-----------------------------------------
Early stopping at step 0 due to reaching max kl: 0.03
-----------------------------------------
| rollout/                |             |
|    ep_len_mean          | 400         |
|    ep_rew_mean          | 537         |
| time/                   |             |
|    fps                  | 2593        |
|    iterations           | 99          |
|    time_elapsed         | 312         |
|    total_timesteps      | 811008      |
| train/                  |             |
|    approx_kl            | 0.011566683 |
|    clip_fraction        | 0.166       |
|    clip_range           | 0.2         |
|    entropy_loss         | -9.63       |
|    explained_variance   | 0.718       |
|    learning_rate        | 0.000268    |
|    loss                 | 0.0478      |
|    n_updates            | 132         |
|    policy_gradient_loss | 0.00867     |
|    std                  | 0.806       |
|    value_loss           | 0.0778      |
-----------------------------------------
Early stopping at step 0 due to reaching max kl: 0.03
-----------------------------------------
| rollout/                |             |
|    ep_len_mean          | 346         |
|    ep_rew_mean          | 472         |
| time/                   |             |
|    fps                  | 2593        |
|    iterations           | 100         |
|    time_elapsed         | 315         |
|    total_timesteps      | 819200      |
| train/                  |             |
|    approx_kl            | 0.013626378 |
|    clip_fraction        | 0.188       |
|    clip_range           | 0.2         |
|    entropy_loss         | -9.62       |
|    explained_variance   | 0.693       |
|    learning_rate        | 0.000268    |
|    loss                 | 0.0295      |
|    n_updates            | 133         |
|    policy_gradient_loss | 0.00565     |
|    std                  | 0.805       |
|    value_loss           | 0.101       |
-----------------------------------------
Early stopping at step 0 due to reaching max kl: 0.03
-----------------------------------------
| rollout/                |             |
|    ep_len_mean          | 290         |
|    ep_rew_mean          | 408         |
| time/                   |             |
|    fps                  | 2594        |
|    iterations           | 101         |
|    time_elapsed         | 318         |
|    total_timesteps      | 827392      |
| train/                  |             |
|    approx_kl            | 0.013037695 |
|    clip_fraction        | 0.18        |
|    clip_range           | 0.2         |
|    entropy_loss         | -9.61       |
|    explained_variance   | 0.729       |
|    learning_rate        | 0.000267    |
|    loss                 | 0.0681      |
|    n_updates            | 134         |
|    policy_gradient_loss | 0.00729     |
|    std                  | 0.805       |
|    value_loss           | 0.124       |
-----------------------------------------
Early stopping at step 0 due to reaching max kl: 0.03
-----------------------------------------
| rollout/                |             |
|    ep_len_mean          | 294         |
|    ep_rew_mean          | 428         |
| time/                   |             |
|    fps                  | 2594        |
|    iterations           | 102         |
|    time_elapsed         | 322         |
|    total_timesteps      | 835584      |
| train/                  |             |
|    approx_kl            | 0.015015644 |
|    clip_fraction        | 0.207       |
|    clip_range           | 0.2         |
|    entropy_loss         | -9.61       |
|    explained_variance   | 0.756       |
|    learning_rate        | 0.000267    |
|    loss                 | 0.0531      |
|    n_updates            | 135         |
|    policy_gradient_loss | 0.0123      |
|    std                  | 0.803       |
|    value_loss           | 0.12        |
-----------------------------------------
Early stopping at step 0 due to reaching max kl: 0.04
----------------------------------------
| rollout/                |            |
|    ep_len_mean          | 304        |
|    ep_rew_mean          | 434        |
| time/                   |            |
|    fps                  | 2595       |
|    iterations           | 103        |
|    time_elapsed         | 325        |
|    total_timesteps      | 843776     |
| train/                  |            |
|    approx_kl            | 0.01459522 |
|    clip_fraction        | 0.192      |
|    clip_range           | 0.2        |
|    entropy_loss         | -9.59      |
|    explained_variance   | 0.786      |
|    learning_rate        | 0.000267   |
|    loss                 | 0.0605     |
|    n_updates            | 136        |
|    policy_gradient_loss | 0.00526    |
|    std                  | 0.802      |
|    value_loss           | 0.0782     |
----------------------------------------
Early stopping at step 0 due to reaching max kl: 0.03
-----------------------------------------
| rollout/                |             |
|    ep_len_mean          | 298         |
|    ep_rew_mean          | 422         |
| time/                   |             |
|    fps                  | 2595        |
|    iterations           | 104         |
|    time_elapsed         | 328         |
|    total_timesteps      | 851968      |
| train/                  |             |
|    approx_kl            | 0.015758133 |
|    clip_fraction        | 0.219       |
|    clip_range           | 0.2         |
|    entropy_loss         | -9.58       |
|    explained_variance   | 0.751       |
|    learning_rate        | 0.000266    |
|    loss                 | 0.0273      |
|    n_updates            | 137         |
|    policy_gradient_loss | 0.0091      |
|    std                  | 0.801       |
|    value_loss           | 0.12        |
-----------------------------------------
Early stopping at step 0 due to reaching max kl: 0.03
-----------------------------------------
| rollout/                |             |
|    ep_len_mean          | 334         |
|    ep_rew_mean          | 464         |
| time/                   |             |
|    fps                  | 2595        |
|    iterations           | 105         |
|    time_elapsed         | 331         |
|    total_timesteps      | 860160      |
| train/                  |             |
|    approx_kl            | 0.014134683 |
|    clip_fraction        | 0.197       |
|    clip_range           | 0.2         |
|    entropy_loss         | -9.57       |
|    explained_variance   | 0.785       |
|    learning_rate        | 0.000266    |
|    loss                 | 0.00558     |
|    n_updates            | 138         |
|    policy_gradient_loss | 0.0117      |
|    std                  | 0.8         |
|    value_loss           | 0.0889      |
-----------------------------------------
Early stopping at step 0 due to reaching max kl: 0.03
-----------------------------------------
| rollout/                |             |
|    ep_len_mean          | 342         |
|    ep_rew_mean          | 470         |
| time/                   |             |
|    fps                  | 2596        |
|    iterations           | 106         |
|    time_elapsed         | 334         |
|    total_timesteps      | 868352      |
| train/                  |             |
|    approx_kl            | 0.011829308 |
|    clip_fraction        | 0.16        |
|    clip_range           | 0.2         |
|    entropy_loss         | -9.55       |
|    explained_variance   | 0.761       |
|    learning_rate        | 0.000266    |
|    loss                 | 0.0647      |
|    n_updates            | 139         |
|    policy_gradient_loss | 0.00775     |
|    std                  | 0.799       |
|    value_loss           | 0.0818      |
-----------------------------------------
Early stopping at step 0 due to reaching max kl: 0.03
-----------------------------------------
| rollout/                |             |
|    ep_len_mean          | 350         |
|    ep_rew_mean          | 480         |
| time/                   |             |
|    fps                  | 2597        |
|    iterations           | 107         |
|    time_elapsed         | 337         |
|    total_timesteps      | 876544      |
| train/                  |             |
|    approx_kl            | 0.013921617 |
|    clip_fraction        | 0.19        |
|    clip_range           | 0.2         |
|    entropy_loss         | -9.54       |
|    explained_variance   | 0.745       |
|    learning_rate        | 0.000265    |
|    loss                 | 0.124       |
|    n_updates            | 140         |
|    policy_gradient_loss | 0.00778     |
|    std                  | 0.797       |
|    value_loss           | 0.0954      |
-----------------------------------------
Early stopping at step 0 due to reaching max kl: 0.03
-----------------------------------------
| rollout/                |             |
|    ep_len_mean          | 396         |
|    ep_rew_mean          | 547         |
| time/                   |             |
|    fps                  | 2597        |
|    iterations           | 108         |
|    time_elapsed         | 340         |
|    total_timesteps      | 884736      |
| train/                  |             |
|    approx_kl            | 0.014116667 |
|    clip_fraction        | 0.184       |
|    clip_range           | 0.2         |
|    entropy_loss         | -9.53       |
|    explained_variance   | 0.765       |
|    learning_rate        | 0.000265    |
|    loss                 | 0.0779      |
|    n_updates            | 141         |
|    policy_gradient_loss | 0.0113      |
|    std                  | 0.796       |
|    value_loss           | 0.0713      |
-----------------------------------------
Early stopping at step 0 due to reaching max kl: 0.03
------------------------------------------
| rollout/                |              |
|    ep_len_mean          | 431          |
|    ep_rew_mean          | 587          |
| time/                   |              |
|    fps                  | 2598         |
|    iterations           | 109          |
|    time_elapsed         | 343          |
|    total_timesteps      | 892928       |
| train/                  |              |
|    approx_kl            | 0.0127100535 |
|    clip_fraction        | 0.17         |
|    clip_range           | 0.2          |
|    entropy_loss         | -9.52        |
|    explained_variance   | 0.762        |
|    learning_rate        | 0.000265     |
|    loss                 | 0.0649       |
|    n_updates            | 142          |
|    policy_gradient_loss | 0.00921      |
|    std                  | 0.795        |
|    value_loss           | 0.0716       |
------------------------------------------
Early stopping at step 0 due to reaching max kl: 0.04
-----------------------------------------
| rollout/                |             |
|    ep_len_mean          | 456         |
|    ep_rew_mean          | 618         |
| time/                   |             |
|    fps                  | 2598        |
|    iterations           | 110         |
|    time_elapsed         | 346         |
|    total_timesteps      | 901120      |
| train/                  |             |
|    approx_kl            | 0.012728171 |
|    clip_fraction        | 0.177       |
|    clip_range           | 0.2         |
|    entropy_loss         | -9.51       |
|    explained_variance   | 0.696       |
|    learning_rate        | 0.000264    |
|    loss                 | 0.0204      |
|    n_updates            | 143         |
|    policy_gradient_loss | 0.00718     |
|    std                  | 0.794       |
|    value_loss           | 0.0635      |
-----------------------------------------
Early stopping at step 0 due to reaching max kl: 0.03
-----------------------------------------
| rollout/                |             |
|    ep_len_mean          | 491         |
|    ep_rew_mean          | 671         |
| time/                   |             |
|    fps                  | 2599        |
|    iterations           | 111         |
|    time_elapsed         | 349         |
|    total_timesteps      | 909312      |
| train/                  |             |
|    approx_kl            | 0.011749808 |
|    clip_fraction        | 0.152       |
|    clip_range           | 0.2         |
|    entropy_loss         | -9.49       |
|    explained_variance   | 0.703       |
|    learning_rate        | 0.000264    |
|    loss                 | 0.00775     |
|    n_updates            | 144         |
|    policy_gradient_loss | 0.0034      |
|    std                  | 0.792       |
|    value_loss           | 0.0501      |
-----------------------------------------
Early stopping at step 0 due to reaching max kl: 0.03
-----------------------------------------
| rollout/                |             |
|    ep_len_mean          | 476         |
|    ep_rew_mean          | 655         |
| time/                   |             |
|    fps                  | 2600        |
|    iterations           | 112         |
|    time_elapsed         | 352         |
|    total_timesteps      | 917504      |
| train/                  |             |
|    approx_kl            | 0.012069011 |
|    clip_fraction        | 0.168       |
|    clip_range           | 0.2         |
|    entropy_loss         | -9.48       |
|    explained_variance   | 0.648       |
|    learning_rate        | 0.000264    |
|    loss                 | 0.0382      |
|    n_updates            | 145         |
|    policy_gradient_loss | 0.00972     |
|    std                  | 0.791       |
|    value_loss           | 0.0594      |
-----------------------------------------
Early stopping at step 0 due to reaching max kl: 0.03
-----------------------------------------
| rollout/                |             |
|    ep_len_mean          | 470         |
|    ep_rew_mean          | 645         |
| time/                   |             |
|    fps                  | 2601        |
|    iterations           | 113         |
|    time_elapsed         | 355         |
|    total_timesteps      | 925696      |
| train/                  |             |
|    approx_kl            | 0.011550079 |
|    clip_fraction        | 0.154       |
|    clip_range           | 0.2         |
|    entropy_loss         | -9.47       |
|    explained_variance   | 0.637       |
|    learning_rate        | 0.000263    |
|    loss                 | 0.0531      |
|    n_updates            | 146         |
|    policy_gradient_loss | 0.00642     |
|    std                  | 0.79        |
|    value_loss           | 0.133       |
-----------------------------------------
Early stopping at step 0 due to reaching max kl: 0.03
-----------------------------------------
| rollout/                |             |
|    ep_len_mean          | 411         |
|    ep_rew_mean          | 575         |
| time/                   |             |
|    fps                  | 2602        |
|    iterations           | 114         |
|    time_elapsed         | 358         |
|    total_timesteps      | 933888      |
| train/                  |             |
|    approx_kl            | 0.014213046 |
|    clip_fraction        | 0.187       |
|    clip_range           | 0.2         |
|    entropy_loss         | -9.46       |
|    explained_variance   | 0.72        |
|    learning_rate        | 0.000263    |
|    loss                 | 0.0591      |
|    n_updates            | 147         |
|    policy_gradient_loss | 0.00658     |
|    std                  | 0.789       |
|    value_loss           | 0.0818      |
-----------------------------------------
Early stopping at step 0 due to reaching max kl: 0.03
-----------------------------------------
| rollout/                |             |
|    ep_len_mean          | 383         |
|    ep_rew_mean          | 541         |
| time/                   |             |
|    fps                  | 2603        |
|    iterations           | 115         |
|    time_elapsed         | 361         |
|    total_timesteps      | 942080      |
| train/                  |             |
|    approx_kl            | 0.009861892 |
|    clip_fraction        | 0.122       |
|    clip_range           | 0.2         |
|    entropy_loss         | -9.45       |
|    explained_variance   | 0.654       |
|    learning_rate        | 0.000263    |
|    loss                 | 0.0379      |
|    n_updates            | 148         |
|    policy_gradient_loss | -0.00136    |
|    std                  | 0.788       |
|    value_loss           | 0.122       |
-----------------------------------------
Early stopping at step 0 due to reaching max kl: 0.03
-----------------------------------------
| rollout/                |             |
|    ep_len_mean          | 408         |
|    ep_rew_mean          | 581         |
| time/                   |             |
|    fps                  | 2603        |
|    iterations           | 116         |
|    time_elapsed         | 365         |
|    total_timesteps      | 950272      |
| train/                  |             |
|    approx_kl            | 0.014240446 |
|    clip_fraction        | 0.192       |
|    clip_range           | 0.2         |
|    entropy_loss         | -9.43       |
|    explained_variance   | 0.738       |
|    learning_rate        | 0.000262    |
|    loss                 | 0.0702      |
|    n_updates            | 149         |
|    policy_gradient_loss | 0.00906     |
|    std                  | 0.786       |
|    value_loss           | 0.0677      |
-----------------------------------------
Early stopping at step 0 due to reaching max kl: 0.03
-----------------------------------------
| rollout/                |             |
|    ep_len_mean          | 436         |
|    ep_rew_mean          | 619         |
| time/                   |             |
|    fps                  | 2603        |
|    iterations           | 117         |
|    time_elapsed         | 368         |
|    total_timesteps      | 958464      |
| train/                  |             |
|    approx_kl            | 0.011348267 |
|    clip_fraction        | 0.158       |
|    clip_range           | 0.2         |
|    entropy_loss         | -9.42       |
|    explained_variance   | 0.622       |
|    learning_rate        | 0.000262    |
|    loss                 | 0.0359      |
|    n_updates            | 150         |
|    policy_gradient_loss | 0.00614     |
|    std                  | 0.785       |
|    value_loss           | 0.0812      |
-----------------------------------------
Early stopping at step 0 due to reaching max kl: 0.03
-----------------------------------------
| rollout/                |             |
|    ep_len_mean          | 455         |
|    ep_rew_mean          | 650         |
| time/                   |             |
|    fps                  | 2604        |
|    iterations           | 118         |
|    time_elapsed         | 371         |
|    total_timesteps      | 966656      |
| train/                  |             |
|    approx_kl            | 0.012291408 |
|    clip_fraction        | 0.164       |
|    clip_range           | 0.2         |
|    entropy_loss         | -9.41       |
|    explained_variance   | 0.615       |
|    learning_rate        | 0.000262    |
|    loss                 | 0.0488      |
|    n_updates            | 151         |
|    policy_gradient_loss | 0.00219     |
|    std                  | 0.784       |
|    value_loss           | 0.056       |
-----------------------------------------
Early stopping at step 0 due to reaching max kl: 0.03
-----------------------------------------
| rollout/                |             |
|    ep_len_mean          | 483         |
|    ep_rew_mean          | 692         |
| time/                   |             |
|    fps                  | 2605        |
|    iterations           | 119         |
|    time_elapsed         | 374         |
|    total_timesteps      | 974848      |
| train/                  |             |
|    approx_kl            | 0.011653112 |
|    clip_fraction        | 0.163       |
|    clip_range           | 0.2         |
|    entropy_loss         | -9.4        |
|    explained_variance   | 0.619       |
|    learning_rate        | 0.000261    |
|    loss                 | -0.00584    |
|    n_updates            | 152         |
|    policy_gradient_loss | 0.00296     |
|    std                  | 0.782       |
|    value_loss           | 0.0468      |
-----------------------------------------
Early stopping at step 0 due to reaching max kl: 0.05
-----------------------------------------
| rollout/                |             |
|    ep_len_mean          | 496         |
|    ep_rew_mean          | 719         |
| time/                   |             |
|    fps                  | 2605        |
|    iterations           | 120         |
|    time_elapsed         | 377         |
|    total_timesteps      | 983040      |
| train/                  |             |
|    approx_kl            | 0.015722586 |
|    clip_fraction        | 0.214       |
|    clip_range           | 0.2         |
|    entropy_loss         | -9.37       |
|    explained_variance   | 0.638       |
|    learning_rate        | 0.000261    |
|    loss                 | 0.0232      |
|    n_updates            | 153         |
|    policy_gradient_loss | 0.0119      |
|    std                  | 0.78        |
|    value_loss           | 0.0627      |
-----------------------------------------
Early stopping at step 0 due to reaching max kl: 0.03
-----------------------------------------
| rollout/                |             |
|    ep_len_mean          | 521         |
|    ep_rew_mean          | 760         |
| time/                   |             |
|    fps                  | 2605        |
|    iterations           | 121         |
|    time_elapsed         | 380         |
|    total_timesteps      | 991232      |
| train/                  |             |
|    approx_kl            | 0.012549554 |
|    clip_fraction        | 0.17        |
|    clip_range           | 0.2         |
|    entropy_loss         | -9.36       |
|    explained_variance   | 0.579       |
|    learning_rate        | 0.000261    |
|    loss                 | 0.0736      |
|    n_updates            | 154         |
|    policy_gradient_loss | 0.0065      |
|    std                  | 0.779       |
|    value_loss           | 0.103       |
-----------------------------------------
Early stopping at step 0 due to reaching max kl: 0.03
-----------------------------------------
| rollout/                |             |
|    ep_len_mean          | 540         |
|    ep_rew_mean          | 793         |
| time/                   |             |
|    fps                  | 2606        |
|    iterations           | 122         |
|    time_elapsed         | 383         |
|    total_timesteps      | 999424      |
| train/                  |             |
|    approx_kl            | 0.013443659 |
|    clip_fraction        | 0.186       |
|    clip_range           | 0.2         |
|    entropy_loss         | -9.35       |
|    explained_variance   | 0.687       |
|    learning_rate        | 0.00026     |
|    loss                 | 0.0348      |
|    n_updates            | 155         |
|    policy_gradient_loss | 0.0096      |
|    std                  | 0.778       |
|    value_loss           | 0.0625      |
-----------------------------------------
Early stopping at step 0 due to reaching max kl: 0.03
-----------------------------------------
| rollout/                |             |
|    ep_len_mean          | 537         |
|    ep_rew_mean          | 776         |
| time/                   |             |
|    fps                  | 2606        |
|    iterations           | 123         |
|    time_elapsed         | 386         |
|    total_timesteps      | 1007616     |
| train/                  |             |
|    approx_kl            | 0.013120152 |
|    clip_fraction        | 0.18        |
|    clip_range           | 0.2         |
|    entropy_loss         | -9.34       |
|    explained_variance   | 0.642       |
|    learning_rate        | 0.00026     |
|    loss                 | 0.0162      |
|    n_updates            | 156         |
|    policy_gradient_loss | 0.00735     |
|    std                  | 0.777       |
|    value_loss           | 0.0512      |
-----------------------------------------
Early stopping at step 0 due to reaching max kl: 0.04
----------------------------------------
| rollout/                |            |
|    ep_len_mean          | 529        |
|    ep_rew_mean          | 772        |
| time/                   |            |
|    fps                  | 2607       |
|    iterations           | 124        |
|    time_elapsed         | 389        |
|    total_timesteps      | 1015808    |
| train/                  |            |
|    approx_kl            | 0.01367167 |
|    clip_fraction        | 0.183      |
|    clip_range           | 0.2        |
|    entropy_loss         | -9.33      |
|    explained_variance   | 0.697      |
|    learning_rate        | 0.00026    |
|    loss                 | 0.0634     |
|    n_updates            | 157        |
|    policy_gradient_loss | 0.00475    |
|    std                  | 0.776      |
|    value_loss           | 0.0675     |
----------------------------------------
Early stopping at step 0 due to reaching max kl: 0.03
-----------------------------------------
| rollout/                |             |
|    ep_len_mean          | 550         |
|    ep_rew_mean          | 801         |
| time/                   |             |
|    fps                  | 2607        |
|    iterations           | 125         |
|    time_elapsed         | 392         |
|    total_timesteps      | 1024000     |
| train/                  |             |
|    approx_kl            | 0.016269159 |
|    clip_fraction        | 0.219       |
|    clip_range           | 0.2         |
|    entropy_loss         | -9.32       |
|    explained_variance   | 0.713       |
|    learning_rate        | 0.000259    |
|    loss                 | 0.0485      |
|    n_updates            | 158         |
|    policy_gradient_loss | 0.0115      |
|    std                  | 0.775       |
|    value_loss           | 0.0613      |
-----------------------------------------
Early stopping at step 1 due to reaching max kl: 0.03
-----------------------------------------
| rollout/                |             |
|    ep_len_mean          | 551         |
|    ep_rew_mean          | 808         |
| time/                   |             |
|    fps                  | 2607        |
|    iterations           | 126         |
|    time_elapsed         | 395         |
|    total_timesteps      | 1032192     |
| train/                  |             |
|    approx_kl            | 0.025003444 |
|    clip_fraction        | 0.231       |
|    clip_range           | 0.2         |
|    entropy_loss         | -9.29       |
|    explained_variance   | 0.679       |
|    learning_rate        | 0.000259    |
|    loss                 | 0.0318      |
|    n_updates            | 160         |
|    policy_gradient_loss | 0.00999     |
|    std                  | 0.772       |
|    value_loss           | 0.057       |
-----------------------------------------
Early stopping at step 0 due to reaching max kl: 0.03
-----------------------------------------
| rollout/                |             |
|    ep_len_mean          | 532         |
|    ep_rew_mean          | 769         |
| time/                   |             |
|    fps                  | 2607        |
|    iterations           | 127         |
|    time_elapsed         | 398         |
|    total_timesteps      | 1040384     |
| train/                  |             |
|    approx_kl            | 0.014661959 |
|    clip_fraction        | 0.206       |
|    clip_range           | 0.2         |
|    entropy_loss         | -9.27       |
|    explained_variance   | 0.64        |
|    learning_rate        | 0.000259    |
|    loss                 | 0.0602      |
|    n_updates            | 161         |
|    policy_gradient_loss | 0.0064      |
|    std                  | 0.77        |
|    value_loss           | 0.0856      |
-----------------------------------------
Early stopping at step 1 due to reaching max kl: 0.03
-----------------------------------------
| rollout/                |             |
|    ep_len_mean          | 507         |
|    ep_rew_mean          | 724         |
| time/                   |             |
|    fps                  | 2607        |
|    iterations           | 128         |
|    time_elapsed         | 402         |
|    total_timesteps      | 1048576     |
| train/                  |             |
|    approx_kl            | 0.022657001 |
|    clip_fraction        | 0.208       |
|    clip_range           | 0.2         |
|    entropy_loss         | -9.26       |
|    explained_variance   | 0.612       |
|    learning_rate        | 0.000258    |
|    loss                 | 0.0535      |
|    n_updates            | 163         |
|    policy_gradient_loss | 0.0111      |
|    std                  | 0.77        |
|    value_loss           | 0.0897      |
-----------------------------------------
Early stopping at step 0 due to reaching max kl: 0.03
------------------------------------------
| rollout/                |              |
|    ep_len_mean          | 522          |
|    ep_rew_mean          | 747          |
| time/                   |              |
|    fps                  | 2607         |
|    iterations           | 129          |
|    time_elapsed         | 405          |
|    total_timesteps      | 1056768      |
| train/                  |              |
|    approx_kl            | 0.0100807715 |
|    clip_fraction        | 0.131        |
|    clip_range           | 0.2          |
|    entropy_loss         | -9.26        |
|    explained_variance   | 0.636        |
|    learning_rate        | 0.000258     |
|    loss                 | 0.0229       |
|    n_updates            | 164          |
|    policy_gradient_loss | 0.00339      |
|    std                  | 0.77         |
|    value_loss           | 0.077        |
------------------------------------------
Early stopping at step 0 due to reaching max kl: 0.03
------------------------------------------
| rollout/                |              |
|    ep_len_mean          | 512          |
|    ep_rew_mean          | 739          |
| time/                   |              |
|    fps                  | 2608         |
|    iterations           | 130          |
|    time_elapsed         | 408          |
|    total_timesteps      | 1064960      |
| train/                  |              |
|    approx_kl            | 0.0121331075 |
|    clip_fraction        | 0.16         |
|    clip_range           | 0.2          |
|    entropy_loss         | -9.25        |
|    explained_variance   | 0.704        |
|    learning_rate        | 0.000258     |
|    loss                 | 0.153        |
|    n_updates            | 165          |
|    policy_gradient_loss | 0.0091       |
|    std                  | 0.769        |
|    value_loss           | 0.0834       |
------------------------------------------
Early stopping at step 0 due to reaching max kl: 0.03
-----------------------------------------
| rollout/                |             |
|    ep_len_mean          | 456         |
|    ep_rew_mean          | 659         |
| time/                   |             |
|    fps                  | 2608        |
|    iterations           | 131         |
|    time_elapsed         | 411         |
|    total_timesteps      | 1073152     |
| train/                  |             |
|    approx_kl            | 0.012164201 |
|    clip_fraction        | 0.164       |
|    clip_range           | 0.2         |
|    entropy_loss         | -9.24       |
|    explained_variance   | 0.659       |
|    learning_rate        | 0.000257    |
|    loss                 | 0.118       |
|    n_updates            | 166         |
|    policy_gradient_loss | 0.00747     |
|    std                  | 0.768       |
|    value_loss           | 0.0715      |
-----------------------------------------
Early stopping at step 0 due to reaching max kl: 0.03
------------------------------------------
| rollout/                |              |
|    ep_len_mean          | 468          |
|    ep_rew_mean          | 675          |
| time/                   |              |
|    fps                  | 2609         |
|    iterations           | 132          |
|    time_elapsed         | 414          |
|    total_timesteps      | 1081344      |
| train/                  |              |
|    approx_kl            | 0.0139725115 |
|    clip_fraction        | 0.19         |
|    clip_range           | 0.2          |
|    entropy_loss         | -9.23        |
|    explained_variance   | 0.705        |
|    learning_rate        | 0.000257     |
|    loss                 | 0.164        |
|    n_updates            | 167          |
|    policy_gradient_loss | 0.0106       |
|    std                  | 0.766        |
|    value_loss           | 0.111        |
------------------------------------------
Early stopping at step 0 due to reaching max kl: 0.03
------------------------------------------
| rollout/                |              |
|    ep_len_mean          | 485          |
|    ep_rew_mean          | 701          |
| time/                   |              |
|    fps                  | 2609         |
|    iterations           | 133          |
|    time_elapsed         | 417          |
|    total_timesteps      | 1089536      |
| train/                  |              |
|    approx_kl            | 0.0146819595 |
|    clip_fraction        | 0.205        |
|    clip_range           | 0.2          |
|    entropy_loss         | -9.22        |
|    explained_variance   | 0.731        |
|    learning_rate        | 0.000257     |
|    loss                 | 0.0223       |
|    n_updates            | 168          |
|    policy_gradient_loss | 0.014        |
|    std                  | 0.765        |
|    value_loss           | 0.0775       |
------------------------------------------
Early stopping at step 0 due to reaching max kl: 0.04
-----------------------------------------
| rollout/                |             |
|    ep_len_mean          | 497         |
|    ep_rew_mean          | 726         |
| time/                   |             |
|    fps                  | 2609        |
|    iterations           | 134         |
|    time_elapsed         | 420         |
|    total_timesteps      | 1097728     |
| train/                  |             |
|    approx_kl            | 0.013546815 |
|    clip_fraction        | 0.192       |
|    clip_range           | 0.2         |
|    entropy_loss         | -9.21       |
|    explained_variance   | 0.757       |
|    learning_rate        | 0.000256    |
|    loss                 | 0.0392      |
|    n_updates            | 169         |
|    policy_gradient_loss | 0.00741     |
|    std                  | 0.765       |
|    value_loss           | 0.0623      |
-----------------------------------------
Early stopping at step 0 due to reaching max kl: 0.03
-----------------------------------------
| rollout/                |             |
|    ep_len_mean          | 511         |
|    ep_rew_mean          | 744         |
| time/                   |             |
|    fps                  | 2609        |
|    iterations           | 135         |
|    time_elapsed         | 423         |
|    total_timesteps      | 1105920     |
| train/                  |             |
|    approx_kl            | 0.013884777 |
|    clip_fraction        | 0.196       |
|    clip_range           | 0.2         |
|    entropy_loss         | -9.19       |
|    explained_variance   | 0.743       |
|    learning_rate        | 0.000256    |
|    loss                 | 0.0909      |
|    n_updates            | 170         |
|    policy_gradient_loss | 0.0102      |
|    std                  | 0.763       |
|    value_loss           | 0.0642      |
-----------------------------------------
Early stopping at step 0 due to reaching max kl: 0.03
----------------------------------------
| rollout/                |            |
|    ep_len_mean          | 492        |
|    ep_rew_mean          | 721        |
| time/                   |            |
|    fps                  | 2610       |
|    iterations           | 136        |
|    time_elapsed         | 426        |
|    total_timesteps      | 1114112    |
| train/                  |            |
|    approx_kl            | 0.01053205 |
|    clip_fraction        | 0.147      |
|    clip_range           | 0.2        |
|    entropy_loss         | -9.18      |
|    explained_variance   | 0.702      |
|    learning_rate        | 0.000256   |
|    loss                 | 0.139      |
|    n_updates            | 171        |
|    policy_gradient_loss | 0.00614    |
|    std                  | 0.762      |
|    value_loss           | 0.0512     |
----------------------------------------
Early stopping at step 0 due to reaching max kl: 0.03
-----------------------------------------
| rollout/                |             |
|    ep_len_mean          | 515         |
|    ep_rew_mean          | 767         |
| time/                   |             |
|    fps                  | 2610        |
|    iterations           | 137         |
|    time_elapsed         | 429         |
|    total_timesteps      | 1122304     |
| train/                  |             |
|    approx_kl            | 0.012668842 |
|    clip_fraction        | 0.168       |
|    clip_range           | 0.2         |
|    entropy_loss         | -9.17       |
|    explained_variance   | 0.67        |
|    learning_rate        | 0.000255    |
|    loss                 | 0.0354      |
|    n_updates            | 172         |
|    policy_gradient_loss | 0.00923     |
|    std                  | 0.761       |
|    value_loss           | 0.0952      |
-----------------------------------------
Early stopping at step 0 due to reaching max kl: 0.03
-----------------------------------------
| rollout/                |             |
|    ep_len_mean          | 517         |
|    ep_rew_mean          | 770         |
| time/                   |             |
|    fps                  | 2610        |
|    iterations           | 138         |
|    time_elapsed         | 432         |
|    total_timesteps      | 1130496     |
| train/                  |             |
|    approx_kl            | 0.014247173 |
|    clip_fraction        | 0.194       |
|    clip_range           | 0.2         |
|    entropy_loss         | -9.16       |
|    explained_variance   | 0.58        |
|    learning_rate        | 0.000255    |
|    loss                 | 0.0455      |
|    n_updates            | 173         |
|    policy_gradient_loss | 0.00592     |
|    std                  | 0.76        |
|    value_loss           | 0.0598      |
-----------------------------------------
Early stopping at step 0 due to reaching max kl: 0.04
-----------------------------------------
| rollout/                |             |
|    ep_len_mean          | 509         |
|    ep_rew_mean          | 763         |
| time/                   |             |
|    fps                  | 2610        |
|    iterations           | 139         |
|    time_elapsed         | 436         |
|    total_timesteps      | 1138688     |
| train/                  |             |
|    approx_kl            | 0.016666979 |
|    clip_fraction        | 0.23        |
|    clip_range           | 0.2         |
|    entropy_loss         | -9.15       |
|    explained_variance   | 0.648       |
|    learning_rate        | 0.000255    |
|    loss                 | 0.0329      |
|    n_updates            | 174         |
|    policy_gradient_loss | 0.00966     |
|    std                  | 0.759       |
|    value_loss           | 0.0688      |
-----------------------------------------
Early stopping at step 0 due to reaching max kl: 0.04
---------------------------------------
| rollout/                |           |
|    ep_len_mean          | 513       |
|    ep_rew_mean          | 758       |
| time/                   |           |
|    fps                  | 2610      |
|    iterations           | 140       |
|    time_elapsed         | 439       |
|    total_timesteps      | 1146880   |
| train/                  |           |
|    approx_kl            | 0.0145245 |
|    clip_fraction        | 0.201     |
|    clip_range           | 0.2       |
|    entropy_loss         | -9.14     |
|    explained_variance   | 0.687     |
|    learning_rate        | 0.000254  |
|    loss                 | 0.113     |
|    n_updates            | 175       |
|    policy_gradient_loss | 0.00762   |
|    std                  | 0.758     |
|    value_loss           | 0.0862    |
---------------------------------------
Early stopping at step 0 due to reaching max kl: 0.03
-----------------------------------------
| rollout/                |             |
|    ep_len_mean          | 522         |
|    ep_rew_mean          | 776         |
| time/                   |             |
|    fps                  | 2610        |
|    iterations           | 141         |
|    time_elapsed         | 442         |
|    total_timesteps      | 1155072     |
| train/                  |             |
|    approx_kl            | 0.015216353 |
|    clip_fraction        | 0.214       |
|    clip_range           | 0.2         |
|    entropy_loss         | -9.12       |
|    explained_variance   | 0.684       |
|    learning_rate        | 0.000254    |
|    loss                 | 0.0614      |
|    n_updates            | 176         |
|    policy_gradient_loss | 0.00905     |
|    std                  | 0.756       |
|    value_loss           | 0.064       |
-----------------------------------------
Early stopping at step 0 due to reaching max kl: 0.03
------------------------------------------
| rollout/                |              |
|    ep_len_mean          | 485          |
|    ep_rew_mean          | 725          |
| time/                   |              |
|    fps                  | 2611         |
|    iterations           | 142          |
|    time_elapsed         | 445          |
|    total_timesteps      | 1163264      |
| train/                  |              |
|    approx_kl            | 0.0130546745 |
|    clip_fraction        | 0.187        |
|    clip_range           | 0.2          |
|    entropy_loss         | -9.11        |
|    explained_variance   | 0.64         |
|    learning_rate        | 0.000254     |
|    loss                 | 0.0198       |
|    n_updates            | 177          |
|    policy_gradient_loss | 0.00403      |
|    std                  | 0.755        |
|    value_loss           | 0.0429       |
------------------------------------------
Early stopping at step 0 due to reaching max kl: 0.03
-----------------------------------------
| rollout/                |             |
|    ep_len_mean          | 477         |
|    ep_rew_mean          | 704         |
| time/                   |             |
|    fps                  | 2611        |
|    iterations           | 143         |
|    time_elapsed         | 448         |
|    total_timesteps      | 1171456     |
| train/                  |             |
|    approx_kl            | 0.013819225 |
|    clip_fraction        | 0.187       |
|    clip_range           | 0.2         |
|    entropy_loss         | -9.1        |
|    explained_variance   | 0.601       |
|    learning_rate        | 0.000253    |
|    loss                 | 0.071       |
|    n_updates            | 178         |
|    policy_gradient_loss | 0.00957     |
|    std                  | 0.754       |
|    value_loss           | 0.101       |
-----------------------------------------
Early stopping at step 1 due to reaching max kl: 0.03
-----------------------------------------
| rollout/                |             |
|    ep_len_mean          | 493         |
|    ep_rew_mean          | 725         |
| time/                   |             |
|    fps                  | 2611        |
|    iterations           | 144         |
|    time_elapsed         | 451         |
|    total_timesteps      | 1179648     |
| train/                  |             |
|    approx_kl            | 0.031523503 |
|    clip_fraction        | 0.219       |
|    clip_range           | 0.2         |
|    entropy_loss         | -9.08       |
|    explained_variance   | 0.648       |
|    learning_rate        | 0.000253    |
|    loss                 | 0.00392     |
|    n_updates            | 180         |
|    policy_gradient_loss | 0.00927     |
|    std                  | 0.752       |
|    value_loss           | 0.076       |
-----------------------------------------
Early stopping at step 0 due to reaching max kl: 0.04
-----------------------------------------
| rollout/                |             |
|    ep_len_mean          | 505         |
|    ep_rew_mean          | 745         |
| time/                   |             |
|    fps                  | 2611        |
|    iterations           | 145         |
|    time_elapsed         | 454         |
|    total_timesteps      | 1187840     |
| train/                  |             |
|    approx_kl            | 0.008152938 |
|    clip_fraction        | 0.109       |
|    clip_range           | 0.2         |
|    entropy_loss         | -9.07       |
|    explained_variance   | 0.668       |
|    learning_rate        | 0.000253    |
|    loss                 | 0.00848     |
|    n_updates            | 181         |
|    policy_gradient_loss | 0.00606     |
|    std                  | 0.752       |
|    value_loss           | 0.0575      |
-----------------------------------------
Early stopping at step 0 due to reaching max kl: 0.03
-----------------------------------------
| rollout/                |             |
|    ep_len_mean          | 536         |
|    ep_rew_mean          | 796         |
| time/                   |             |
|    fps                  | 2611        |
|    iterations           | 146         |
|    time_elapsed         | 457         |
|    total_timesteps      | 1196032     |
| train/                  |             |
|    approx_kl            | 0.013222016 |
|    clip_fraction        | 0.177       |
|    clip_range           | 0.2         |
|    entropy_loss         | -9.07       |
|    explained_variance   | 0.655       |
|    learning_rate        | 0.000252    |
|    loss                 | 0.0258      |
|    n_updates            | 182         |
|    policy_gradient_loss | 0.00832     |
|    std                  | 0.752       |
|    value_loss           | 0.0646      |
-----------------------------------------
Early stopping at step 0 due to reaching max kl: 0.04
-----------------------------------------
| rollout/                |             |
|    ep_len_mean          | 511         |
|    ep_rew_mean          | 761         |
| time/                   |             |
|    fps                  | 2612        |
|    iterations           | 147         |
|    time_elapsed         | 461         |
|    total_timesteps      | 1204224     |
| train/                  |             |
|    approx_kl            | 0.013063803 |
|    clip_fraction        | 0.187       |
|    clip_range           | 0.2         |
|    entropy_loss         | -9.06       |
|    explained_variance   | 0.69        |
|    learning_rate        | 0.000252    |
|    loss                 | 0.0342      |
|    n_updates            | 183         |
|    policy_gradient_loss | 0.00499     |
|    std                  | 0.749       |
|    value_loss           | 0.0409      |
-----------------------------------------
Early stopping at step 0 due to reaching max kl: 0.04
----------------------------------------
| rollout/                |            |
|    ep_len_mean          | 524        |
|    ep_rew_mean          | 787        |
| time/                   |            |
|    fps                  | 2611       |
|    iterations           | 148        |
|    time_elapsed         | 464        |
|    total_timesteps      | 1212416    |
| train/                  |            |
|    approx_kl            | 0.01583173 |
|    clip_fraction        | 0.224      |
|    clip_range           | 0.2        |
|    entropy_loss         | -9.03      |
|    explained_variance   | 0.664      |
|    learning_rate        | 0.000252   |
|    loss                 | 0.0206     |
|    n_updates            | 184        |
|    policy_gradient_loss | 0.00771    |
|    std                  | 0.748      |
|    value_loss           | 0.0782     |
----------------------------------------
Early stopping at step 0 due to reaching max kl: 0.04
----------------------------------------
| rollout/                |            |
|    ep_len_mean          | 509        |
|    ep_rew_mean          | 751        |
| time/                   |            |
|    fps                  | 2611       |
|    iterations           | 149        |
|    time_elapsed         | 467        |
|    total_timesteps      | 1220608    |
| train/                  |            |
|    approx_kl            | 0.01531558 |
|    clip_fraction        | 0.212      |
|    clip_range           | 0.2        |
|    entropy_loss         | -9.02      |
|    explained_variance   | 0.655      |
|    learning_rate        | 0.000252   |
|    loss                 | 0.0613     |
|    n_updates            | 185        |
|    policy_gradient_loss | 0.0113     |
|    std                  | 0.746      |
|    value_loss           | 0.0814     |
----------------------------------------
Early stopping at step 0 due to reaching max kl: 0.03
-----------------------------------------
| rollout/                |             |
|    ep_len_mean          | 527         |
|    ep_rew_mean          | 781         |
| time/                   |             |
|    fps                  | 2611        |
|    iterations           | 150         |
|    time_elapsed         | 470         |
|    total_timesteps      | 1228800     |
| train/                  |             |
|    approx_kl            | 0.013449005 |
|    clip_fraction        | 0.189       |
|    clip_range           | 0.2         |
|    entropy_loss         | -9          |
|    explained_variance   | 0.688       |
|    learning_rate        | 0.000251    |
|    loss                 | 0.172       |
|    n_updates            | 186         |
|    policy_gradient_loss | 0.0117      |
|    std                  | 0.744       |
|    value_loss           | 0.0843      |
-----------------------------------------
Early stopping at step 0 due to reaching max kl: 0.03
-----------------------------------------
| rollout/                |             |
|    ep_len_mean          | 540         |
|    ep_rew_mean          | 806         |
| time/                   |             |
|    fps                  | 2612        |
|    iterations           | 151         |
|    time_elapsed         | 473         |
|    total_timesteps      | 1236992     |
| train/                  |             |
|    approx_kl            | 0.013712784 |
|    clip_fraction        | 0.182       |
|    clip_range           | 0.2         |
|    entropy_loss         | -8.98       |
|    explained_variance   | 0.674       |
|    learning_rate        | 0.000251    |
|    loss                 | 0.0542      |
|    n_updates            | 187         |
|    policy_gradient_loss | 0.0112      |
|    std                  | 0.743       |
|    value_loss           | 0.0571      |
-----------------------------------------
Early stopping at step 0 due to reaching max kl: 0.03
-----------------------------------------
| rollout/                |             |
|    ep_len_mean          | 497         |
|    ep_rew_mean          | 732         |
| time/                   |             |
|    fps                  | 2612        |
|    iterations           | 152         |
|    time_elapsed         | 476         |
|    total_timesteps      | 1245184     |
| train/                  |             |
|    approx_kl            | 0.012149317 |
|    clip_fraction        | 0.157       |
|    clip_range           | 0.2         |
|    entropy_loss         | -8.97       |
|    explained_variance   | 0.686       |
|    learning_rate        | 0.000251    |
|    loss                 | 0.0384      |
|    n_updates            | 188         |
|    policy_gradient_loss | 0.00601     |
|    std                  | 0.742       |
|    value_loss           | 0.0631      |
-----------------------------------------
Early stopping at step 0 due to reaching max kl: 0.04
-----------------------------------------
| rollout/                |             |
|    ep_len_mean          | 525         |
|    ep_rew_mean          | 767         |
| time/                   |             |
|    fps                  | 2612        |
|    iterations           | 153         |
|    time_elapsed         | 479         |
|    total_timesteps      | 1253376     |
| train/                  |             |
|    approx_kl            | 0.014986929 |
|    clip_fraction        | 0.204       |
|    clip_range           | 0.2         |
|    entropy_loss         | -8.96       |
|    explained_variance   | 0.67        |
|    learning_rate        | 0.00025     |
|    loss                 | 0.0795      |
|    n_updates            | 189         |
|    policy_gradient_loss | 0.0111      |
|    std                  | 0.741       |
|    value_loss           | 0.0929      |
-----------------------------------------
Early stopping at step 0 due to reaching max kl: 0.03
-----------------------------------------
| rollout/                |             |
|    ep_len_mean          | 558         |
|    ep_rew_mean          | 817         |
| time/                   |             |
|    fps                  | 2613        |
|    iterations           | 154         |
|    time_elapsed         | 482         |
|    total_timesteps      | 1261568     |
| train/                  |             |
|    approx_kl            | 0.009939689 |
|    clip_fraction        | 0.128       |
|    clip_range           | 0.2         |
|    entropy_loss         | -8.95       |
|    explained_variance   | 0.692       |
|    learning_rate        | 0.00025     |
|    loss                 | 0.0137      |
|    n_updates            | 190         |
|    policy_gradient_loss | 0.00291     |
|    std                  | 0.74        |
|    value_loss           | 0.0236      |
-----------------------------------------
Early stopping at step 0 due to reaching max kl: 0.04
-----------------------------------------
| rollout/                |             |
|    ep_len_mean          | 585         |
|    ep_rew_mean          | 856         |
| time/                   |             |
|    fps                  | 2613        |
|    iterations           | 155         |
|    time_elapsed         | 485         |
|    total_timesteps      | 1269760     |
| train/                  |             |
|    approx_kl            | 0.012777164 |
|    clip_fraction        | 0.183       |
|    clip_range           | 0.2         |
|    entropy_loss         | -8.94       |
|    explained_variance   | 0.663       |
|    learning_rate        | 0.00025     |
|    loss                 | 0.0689      |
|    n_updates            | 191         |
|    policy_gradient_loss | 0.00833     |
|    std                  | 0.739       |
|    value_loss           | 0.0412      |
-----------------------------------------
Early stopping at step 0 due to reaching max kl: 0.03
-----------------------------------------
| rollout/                |             |
|    ep_len_mean          | 587         |
|    ep_rew_mean          | 867         |
| time/                   |             |
|    fps                  | 2614        |
|    iterations           | 156         |
|    time_elapsed         | 488         |
|    total_timesteps      | 1277952     |
| train/                  |             |
|    approx_kl            | 0.013338774 |
|    clip_fraction        | 0.188       |
|    clip_range           | 0.2         |
|    entropy_loss         | -8.93       |
|    explained_variance   | 0.572       |
|    learning_rate        | 0.000249    |
|    loss                 | 0.0281      |
|    n_updates            | 192         |
|    policy_gradient_loss | 0.00638     |
|    std                  | 0.738       |
|    value_loss           | 0.0516      |
-----------------------------------------
Early stopping at step 0 due to reaching max kl: 0.03
-----------------------------------------
| rollout/                |             |
|    ep_len_mean          | 570         |
|    ep_rew_mean          | 855         |
| time/                   |             |
|    fps                  | 2614        |
|    iterations           | 157         |
|    time_elapsed         | 491         |
|    total_timesteps      | 1286144     |
| train/                  |             |
|    approx_kl            | 0.012916612 |
|    clip_fraction        | 0.173       |
|    clip_range           | 0.2         |
|    entropy_loss         | -8.92       |
|    explained_variance   | 0.581       |
|    learning_rate        | 0.000249    |
|    loss                 | 0.0789      |
|    n_updates            | 193         |
|    policy_gradient_loss | 0.00388     |
|    std                  | 0.738       |
|    value_loss           | 0.0998      |
-----------------------------------------
Early stopping at step 0 due to reaching max kl: 0.03
-----------------------------------------
| rollout/                |             |
|    ep_len_mean          | 568         |
|    ep_rew_mean          | 859         |
| time/                   |             |
|    fps                  | 2615        |
|    iterations           | 158         |
|    time_elapsed         | 494         |
|    total_timesteps      | 1294336     |
| train/                  |             |
|    approx_kl            | 0.012730818 |
|    clip_fraction        | 0.178       |
|    clip_range           | 0.2         |
|    entropy_loss         | -8.92       |
|    explained_variance   | 0.648       |
|    learning_rate        | 0.000249    |
|    loss                 | 0.0261      |
|    n_updates            | 194         |
|    policy_gradient_loss | 0.00308     |
|    std                  | 0.738       |
|    value_loss           | 0.0799      |
-----------------------------------------
Early stopping at step 0 due to reaching max kl: 0.03
-----------------------------------------
| rollout/                |             |
|    ep_len_mean          | 586         |
|    ep_rew_mean          | 890         |
| time/                   |             |
|    fps                  | 2615        |
|    iterations           | 159         |
|    time_elapsed         | 498         |
|    total_timesteps      | 1302528     |
| train/                  |             |
|    approx_kl            | 0.012393539 |
|    clip_fraction        | 0.158       |
|    clip_range           | 0.2         |
|    entropy_loss         | -8.91       |
|    explained_variance   | 0.67        |
|    learning_rate        | 0.000248    |
|    loss                 | 0.0383      |
|    n_updates            | 195         |
|    policy_gradient_loss | 0.00507     |
|    std                  | 0.737       |
|    value_loss           | 0.0755      |
-----------------------------------------
Early stopping at step 1 due to reaching max kl: 0.03
----------------------------------------
| rollout/                |            |
|    ep_len_mean          | 530        |
|    ep_rew_mean          | 818        |
| time/                   |            |
|    fps                  | 2615       |
|    iterations           | 160        |
|    time_elapsed         | 501        |
|    total_timesteps      | 1310720    |
| train/                  |            |
|    approx_kl            | 0.02965481 |
|    clip_fraction        | 0.218      |
|    clip_range           | 0.2        |
|    entropy_loss         | -8.89      |
|    explained_variance   | 0.608      |
|    learning_rate        | 0.000248   |
|    loss                 | -0.00703   |
|    n_updates            | 197        |
|    policy_gradient_loss | 0.00612    |
|    std                  | 0.734      |
|    value_loss           | 0.055      |
----------------------------------------
Early stopping at step 0 due to reaching max kl: 0.03
-----------------------------------------
| rollout/                |             |
|    ep_len_mean          | 460         |
|    ep_rew_mean          | 708         |
| time/                   |             |
|    fps                  | 2615        |
|    iterations           | 161         |
|    time_elapsed         | 504         |
|    total_timesteps      | 1318912     |
| train/                  |             |
|    approx_kl            | 0.013520412 |
|    clip_fraction        | 0.189       |
|    clip_range           | 0.2         |
|    entropy_loss         | -8.87       |
|    explained_variance   | 0.639       |
|    learning_rate        | 0.000248    |
|    loss                 | 0.0477      |
|    n_updates            | 198         |
|    policy_gradient_loss | 0.00289     |
|    std                  | 0.733       |
|    value_loss           | 0.0943      |
-----------------------------------------
Early stopping at step 0 due to reaching max kl: 0.03
-----------------------------------------
| rollout/                |             |
|    ep_len_mean          | 472         |
|    ep_rew_mean          | 727         |
| time/                   |             |
|    fps                  | 2615        |
|    iterations           | 162         |
|    time_elapsed         | 507         |
|    total_timesteps      | 1327104     |
| train/                  |             |
|    approx_kl            | 0.012731272 |
|    clip_fraction        | 0.169       |
|    clip_range           | 0.2         |
|    entropy_loss         | -8.86       |
|    explained_variance   | 0.681       |
|    learning_rate        | 0.000247    |
|    loss                 | -0.00015    |
|    n_updates            | 199         |
|    policy_gradient_loss | 0.00365     |
|    std                  | 0.733       |
|    value_loss           | 0.106       |
-----------------------------------------
Early stopping at step 0 due to reaching max kl: 0.03
-----------------------------------------
| rollout/                |             |
|    ep_len_mean          | 497         |
|    ep_rew_mean          | 765         |
| time/                   |             |
|    fps                  | 2616        |
|    iterations           | 163         |
|    time_elapsed         | 510         |
|    total_timesteps      | 1335296     |
| train/                  |             |
|    approx_kl            | 0.011540076 |
|    clip_fraction        | 0.156       |
|    clip_range           | 0.2         |
|    entropy_loss         | -8.86       |
|    explained_variance   | 0.721       |
|    learning_rate        | 0.000247    |
|    loss                 | 0.0796      |
|    n_updates            | 200         |
|    policy_gradient_loss | 0.00708     |
|    std                  | 0.732       |
|    value_loss           | 0.0969      |
-----------------------------------------
Early stopping at step 0 due to reaching max kl: 0.03
-----------------------------------------
| rollout/                |             |
|    ep_len_mean          | 459         |
|    ep_rew_mean          | 704         |
| time/                   |             |
|    fps                  | 2616        |
|    iterations           | 164         |
|    time_elapsed         | 513         |
|    total_timesteps      | 1343488     |
| train/                  |             |
|    approx_kl            | 0.014758222 |
|    clip_fraction        | 0.215       |
|    clip_range           | 0.2         |
|    entropy_loss         | -8.84       |
|    explained_variance   | 0.705       |
|    learning_rate        | 0.000247    |
|    loss                 | 0.031       |
|    n_updates            | 201         |
|    policy_gradient_loss | 0.00817     |
|    std                  | 0.73        |
|    value_loss           | 0.0388      |
-----------------------------------------
Early stopping at step 0 due to reaching max kl: 0.05
------------------------------------------
| rollout/                |              |
|    ep_len_mean          | 468          |
|    ep_rew_mean          | 715          |
| time/                   |              |
|    fps                  | 2616         |
|    iterations           | 165          |
|    time_elapsed         | 516          |
|    total_timesteps      | 1351680      |
| train/                  |              |
|    approx_kl            | 0.0114439465 |
|    clip_fraction        | 0.151        |
|    clip_range           | 0.2          |
|    entropy_loss         | -8.82        |
|    explained_variance   | 0.663        |
|    learning_rate        | 0.000246     |
|    loss                 | 0.043        |
|    n_updates            | 202          |
|    policy_gradient_loss | 0.00703      |
|    std                  | 0.728        |
|    value_loss           | 0.111        |
------------------------------------------
Early stopping at step 0 due to reaching max kl: 0.03
-----------------------------------------
| rollout/                |             |
|    ep_len_mean          | 436         |
|    ep_rew_mean          | 669         |
| time/                   |             |
|    fps                  | 2616        |
|    iterations           | 166         |
|    time_elapsed         | 519         |
|    total_timesteps      | 1359872     |
| train/                  |             |
|    approx_kl            | 0.014139623 |
|    clip_fraction        | 0.199       |
|    clip_range           | 0.2         |
|    entropy_loss         | -8.8        |
|    explained_variance   | 0.648       |
|    learning_rate        | 0.000246    |
|    loss                 | 0.0487      |
|    n_updates            | 203         |
|    policy_gradient_loss | 0.0079      |
|    std                  | 0.726       |
|    value_loss           | 0.0643      |
-----------------------------------------
Early stopping at step 0 due to reaching max kl: 0.03
------------------------------------------
| rollout/                |              |
|    ep_len_mean          | 486          |
|    ep_rew_mean          | 748          |
| time/                   |              |
|    fps                  | 2617         |
|    iterations           | 167          |
|    time_elapsed         | 522          |
|    total_timesteps      | 1368064      |
| train/                  |              |
|    approx_kl            | 0.0072855083 |
|    clip_fraction        | 0.0926       |
|    clip_range           | 0.2          |
|    entropy_loss         | -8.79        |
|    explained_variance   | 0.679        |
|    learning_rate        | 0.000246     |
|    loss                 | 0.0792       |
|    n_updates            | 204          |
|    policy_gradient_loss | 0.00266      |
|    std                  | 0.726        |
|    value_loss           | 0.0914       |
------------------------------------------
Early stopping at step 1 due to reaching max kl: 0.03
-----------------------------------------
| rollout/                |             |
|    ep_len_mean          | 450         |
|    ep_rew_mean          | 695         |
| time/                   |             |
|    fps                  | 2617        |
|    iterations           | 168         |
|    time_elapsed         | 525         |
|    total_timesteps      | 1376256     |
| train/                  |             |
|    approx_kl            | 0.025561456 |
|    clip_fraction        | 0.218       |
|    clip_range           | 0.2         |
|    entropy_loss         | -8.77       |
|    explained_variance   | 0.753       |
|    learning_rate        | 0.000245    |
|    loss                 | 0.0211      |
|    n_updates            | 206         |
|    policy_gradient_loss | 0.00967     |
|    std                  | 0.723       |
|    value_loss           | 0.0691      |
-----------------------------------------
Early stopping at step 0 due to reaching max kl: 0.03
-----------------------------------------
| rollout/                |             |
|    ep_len_mean          | 455         |
|    ep_rew_mean          | 705         |
| time/                   |             |
|    fps                  | 2617        |
|    iterations           | 169         |
|    time_elapsed         | 528         |
|    total_timesteps      | 1384448     |
| train/                  |             |
|    approx_kl            | 0.013229954 |
|    clip_fraction        | 0.187       |
|    clip_range           | 0.2         |
|    entropy_loss         | -8.75       |
|    explained_variance   | 0.729       |
|    learning_rate        | 0.000245    |
|    loss                 | 0.0504      |
|    n_updates            | 207         |
|    policy_gradient_loss | 0.00638     |
|    std                  | 0.722       |
|    value_loss           | 0.0847      |
-----------------------------------------
Early stopping at step 1 due to reaching max kl: 0.04
-----------------------------------------
| rollout/                |             |
|    ep_len_mean          | 501         |
|    ep_rew_mean          | 777         |
| time/                   |             |
|    fps                  | 2616        |
|    iterations           | 170         |
|    time_elapsed         | 532         |
|    total_timesteps      | 1392640     |
| train/                  |             |
|    approx_kl            | 0.023722393 |
|    clip_fraction        | 0.212       |
|    clip_range           | 0.2         |
|    entropy_loss         | -8.73       |
|    explained_variance   | 0.767       |
|    learning_rate        | 0.000245    |
|    loss                 | -0.00214    |
|    n_updates            | 209         |
|    policy_gradient_loss | 0.00738     |
|    std                  | 0.72        |
|    value_loss           | 0.0555      |
-----------------------------------------
Early stopping at step 0 due to reaching max kl: 0.04
-----------------------------------------
| rollout/                |             |
|    ep_len_mean          | 505         |
|    ep_rew_mean          | 790         |
| time/                   |             |
|    fps                  | 2616        |
|    iterations           | 171         |
|    time_elapsed         | 535         |
|    total_timesteps      | 1400832     |
| train/                  |             |
|    approx_kl            | 0.015490484 |
|    clip_fraction        | 0.216       |
|    clip_range           | 0.2         |
|    entropy_loss         | -8.71       |
|    explained_variance   | 0.76        |
|    learning_rate        | 0.000244    |
|    loss                 | 0.0202      |
|    n_updates            | 210         |
|    policy_gradient_loss | 0.0102      |
|    std                  | 0.718       |
|    value_loss           | 0.0351      |
-----------------------------------------
Early stopping at step 1 due to reaching max kl: 0.03
-----------------------------------------
| rollout/                |             |
|    ep_len_mean          | 523         |
|    ep_rew_mean          | 810         |
| time/                   |             |
|    fps                  | 2616        |
|    iterations           | 172         |
|    time_elapsed         | 538         |
|    total_timesteps      | 1409024     |
| train/                  |             |
|    approx_kl            | 0.023590028 |
|    clip_fraction        | 0.211       |
|    clip_range           | 0.2         |
|    entropy_loss         | -8.68       |
|    explained_variance   | 0.708       |
|    learning_rate        | 0.000244    |
|    loss                 | 0.108       |
|    n_updates            | 212         |
|    policy_gradient_loss | 0.00413     |
|    std                  | 0.715       |
|    value_loss           | 0.0787      |
-----------------------------------------
Early stopping at step 0 due to reaching max kl: 0.03
-----------------------------------------
| rollout/                |             |
|    ep_len_mean          | 543         |
|    ep_rew_mean          | 844         |
| time/                   |             |
|    fps                  | 2616        |
|    iterations           | 173         |
|    time_elapsed         | 541         |
|    total_timesteps      | 1417216     |
| train/                  |             |
|    approx_kl            | 0.012484514 |
|    clip_fraction        | 0.179       |
|    clip_range           | 0.2         |
|    entropy_loss         | -8.66       |
|    explained_variance   | 0.709       |
|    learning_rate        | 0.000244    |
|    loss                 | 0.0326      |
|    n_updates            | 213         |
|    policy_gradient_loss | 0.00856     |
|    std                  | 0.714       |
|    value_loss           | 0.0427      |
-----------------------------------------
Early stopping at step 0 due to reaching max kl: 0.03
-----------------------------------------
| rollout/                |             |
|    ep_len_mean          | 575         |
|    ep_rew_mean          | 897         |
| time/                   |             |
|    fps                  | 2616        |
|    iterations           | 174         |
|    time_elapsed         | 544         |
|    total_timesteps      | 1425408     |
| train/                  |             |
|    approx_kl            | 0.014838934 |
|    clip_fraction        | 0.197       |
|    clip_range           | 0.2         |
|    entropy_loss         | -8.64       |
|    explained_variance   | 0.685       |
|    learning_rate        | 0.000243    |
|    loss                 | 0.119       |
|    n_updates            | 214         |
|    policy_gradient_loss | 0.00876     |
|    std                  | 0.712       |
|    value_loss           | 0.053       |
-----------------------------------------
Early stopping at step 0 due to reaching max kl: 0.04
-----------------------------------------
| rollout/                |             |
|    ep_len_mean          | 613         |
|    ep_rew_mean          | 957         |
| time/                   |             |
|    fps                  | 2616        |
|    iterations           | 175         |
|    time_elapsed         | 547         |
|    total_timesteps      | 1433600     |
| train/                  |             |
|    approx_kl            | 0.011480562 |
|    clip_fraction        | 0.164       |
|    clip_range           | 0.2         |
|    entropy_loss         | -8.62       |
|    explained_variance   | 0.7         |
|    learning_rate        | 0.000243    |
|    loss                 | 0.0223      |
|    n_updates            | 215         |
|    policy_gradient_loss | 0.00478     |
|    std                  | 0.71        |
|    value_loss           | 0.0334      |
-----------------------------------------
Early stopping at step 0 due to reaching max kl: 0.03
-----------------------------------------
| rollout/                |             |
|    ep_len_mean          | 624         |
|    ep_rew_mean          | 975         |
| time/                   |             |
|    fps                  | 2616        |
|    iterations           | 176         |
|    time_elapsed         | 550         |
|    total_timesteps      | 1441792     |
| train/                  |             |
|    approx_kl            | 0.011447246 |
|    clip_fraction        | 0.159       |
|    clip_range           | 0.2         |
|    entropy_loss         | -8.6        |
|    explained_variance   | 0.639       |
|    learning_rate        | 0.000243    |
|    loss                 | 0.0849      |
|    n_updates            | 216         |
|    policy_gradient_loss | 0.00688     |
|    std                  | 0.709       |
|    value_loss           | 0.0409      |
-----------------------------------------
Early stopping at step 0 due to reaching max kl: 0.04
----------------------------------------
| rollout/                |            |
|    ep_len_mean          | 564        |
|    ep_rew_mean          | 882        |
| time/                   |            |
|    fps                  | 2617       |
|    iterations           | 177        |
|    time_elapsed         | 554        |
|    total_timesteps      | 1449984    |
| train/                  |            |
|    approx_kl            | 0.01298728 |
|    clip_fraction        | 0.175      |
|    clip_range           | 0.2        |
|    entropy_loss         | -8.59      |
|    explained_variance   | 0.589      |
|    learning_rate        | 0.000242   |
|    loss                 | 0.0333     |
|    n_updates            | 217        |
|    policy_gradient_loss | 0.00247    |
|    std                  | 0.708      |
|    value_loss           | 0.0702     |
----------------------------------------
Early stopping at step 0 due to reaching max kl: 0.03
-----------------------------------------
| rollout/                |             |
|    ep_len_mean          | 582         |
|    ep_rew_mean          | 913         |
| time/                   |             |
|    fps                  | 2617        |
|    iterations           | 178         |
|    time_elapsed         | 557         |
|    total_timesteps      | 1458176     |
| train/                  |             |
|    approx_kl            | 0.012012602 |
|    clip_fraction        | 0.151       |
|    clip_range           | 0.2         |
|    entropy_loss         | -8.58       |
|    explained_variance   | 0.6         |
|    learning_rate        | 0.000242    |
|    loss                 | 0.0758      |
|    n_updates            | 218         |
|    policy_gradient_loss | 0.00523     |
|    std                  | 0.707       |
|    value_loss           | 0.138       |
-----------------------------------------
Early stopping at step 0 due to reaching max kl: 0.03
-----------------------------------------
| rollout/                |             |
|    ep_len_mean          | 584         |
|    ep_rew_mean          | 921         |
| time/                   |             |
|    fps                  | 2617        |
|    iterations           | 179         |
|    time_elapsed         | 560         |
|    total_timesteps      | 1466368     |
| train/                  |             |
|    approx_kl            | 0.014241281 |
|    clip_fraction        | 0.191       |
|    clip_range           | 0.2         |
|    entropy_loss         | -8.57       |
|    explained_variance   | 0.703       |
|    learning_rate        | 0.000242    |
|    loss                 | 0.124       |
|    n_updates            | 219         |
|    policy_gradient_loss | 0.00708     |
|    std                  | 0.705       |
|    value_loss           | 0.0663      |
-----------------------------------------
Early stopping at step 1 due to reaching max kl: 0.03
-----------------------------------------
| rollout/                |             |
|    ep_len_mean          | 568         |
|    ep_rew_mean          | 894         |
| time/                   |             |
|    fps                  | 2616        |
|    iterations           | 180         |
|    time_elapsed         | 563         |
|    total_timesteps      | 1474560     |
| train/                  |             |
|    approx_kl            | 0.024214445 |
|    clip_fraction        | 0.207       |
|    clip_range           | 0.2         |
|    entropy_loss         | -8.54       |
|    explained_variance   | 0.685       |
|    learning_rate        | 0.000241    |
|    loss                 | -0.00731    |
|    n_updates            | 221         |
|    policy_gradient_loss | 0.00673     |
|    std                  | 0.703       |
|    value_loss           | 0.0385      |
-----------------------------------------
Early stopping at step 0 due to reaching max kl: 0.03
-----------------------------------------
| rollout/                |             |
|    ep_len_mean          | 531         |
|    ep_rew_mean          | 840         |
| time/                   |             |
|    fps                  | 2617        |
|    iterations           | 181         |
|    time_elapsed         | 566         |
|    total_timesteps      | 1482752     |
| train/                  |             |
|    approx_kl            | 0.012031403 |
|    clip_fraction        | 0.17        |
|    clip_range           | 0.2         |
|    entropy_loss         | -8.52       |
|    explained_variance   | 0.669       |
|    learning_rate        | 0.000241    |
|    loss                 | 0.125       |
|    n_updates            | 222         |
|    policy_gradient_loss | 0.00885     |
|    std                  | 0.701       |
|    value_loss           | 0.0757      |
-----------------------------------------
Early stopping at step 0 due to reaching max kl: 0.03
-----------------------------------------
| rollout/                |             |
|    ep_len_mean          | 547         |
|    ep_rew_mean          | 871         |
| time/                   |             |
|    fps                  | 2617        |
|    iterations           | 182         |
|    time_elapsed         | 569         |
|    total_timesteps      | 1490944     |
| train/                  |             |
|    approx_kl            | 0.009567122 |
|    clip_fraction        | 0.13        |
|    clip_range           | 0.2         |
|    entropy_loss         | -8.51       |
|    explained_variance   | 0.655       |
|    learning_rate        | 0.000241    |
|    loss                 | 0.115       |
|    n_updates            | 223         |
|    policy_gradient_loss | 0.00868     |
|    std                  | 0.7         |
|    value_loss           | 0.0776      |
-----------------------------------------
Early stopping at step 0 due to reaching max kl: 0.03
-----------------------------------------
| rollout/                |             |
|    ep_len_mean          | 552         |
|    ep_rew_mean          | 881         |
| time/                   |             |
|    fps                  | 2617        |
|    iterations           | 183         |
|    time_elapsed         | 572         |
|    total_timesteps      | 1499136     |
| train/                  |             |
|    approx_kl            | 0.013227969 |
|    clip_fraction        | 0.179       |
|    clip_range           | 0.2         |
|    entropy_loss         | -8.49       |
|    explained_variance   | 0.716       |
|    learning_rate        | 0.00024     |
|    loss                 | 0.033       |
|    n_updates            | 224         |
|    policy_gradient_loss | 0.00551     |
|    std                  | 0.699       |
|    value_loss           | 0.0429      |
-----------------------------------------
Early stopping at step 0 due to reaching max kl: 0.03
-----------------------------------------
| rollout/                |             |
|    ep_len_mean          | 582         |
|    ep_rew_mean          | 927         |
| time/                   |             |
|    fps                  | 2617        |
|    iterations           | 184         |
|    time_elapsed         | 575         |
|    total_timesteps      | 1507328     |
| train/                  |             |
|    approx_kl            | 0.014101824 |
|    clip_fraction        | 0.196       |
|    clip_range           | 0.2         |
|    entropy_loss         | -8.47       |
|    explained_variance   | 0.612       |
|    learning_rate        | 0.00024     |
|    loss                 | -0.00486    |
|    n_updates            | 225         |
|    policy_gradient_loss | 0.0102      |
|    std                  | 0.697       |
|    value_loss           | 0.0574      |
-----------------------------------------
Early stopping at step 0 due to reaching max kl: 0.03
-----------------------------------------
| rollout/                |             |
|    ep_len_mean          | 610         |
|    ep_rew_mean          | 973         |
| time/                   |             |
|    fps                  | 2618        |
|    iterations           | 185         |
|    time_elapsed         | 578         |
|    total_timesteps      | 1515520     |
| train/                  |             |
|    approx_kl            | 0.010160921 |
|    clip_fraction        | 0.135       |
|    clip_range           | 0.2         |
|    entropy_loss         | -8.45       |
|    explained_variance   | 0.681       |
|    learning_rate        | 0.00024     |
|    loss                 | 0.059       |
|    n_updates            | 226         |
|    policy_gradient_loss | 0.00653     |
|    std                  | 0.696       |
|    value_loss           | 0.0796      |
-----------------------------------------
Early stopping at step 1 due to reaching max kl: 0.03
-----------------------------------------
| rollout/                |             |
|    ep_len_mean          | 606         |
|    ep_rew_mean          | 972         |
| time/                   |             |
|    fps                  | 2617        |
|    iterations           | 186         |
|    time_elapsed         | 582         |
|    total_timesteps      | 1523712     |
| train/                  |             |
|    approx_kl            | 0.027216027 |
|    clip_fraction        | 0.213       |
|    clip_range           | 0.2         |
|    entropy_loss         | -8.44       |
|    explained_variance   | 0.643       |
|    learning_rate        | 0.000239    |
|    loss                 | -0.00683    |
|    n_updates            | 228         |
|    policy_gradient_loss | 0.00885     |
|    std                  | 0.695       |
|    value_loss           | 0.0391      |
-----------------------------------------
Early stopping at step 1 due to reaching max kl: 0.04
-----------------------------------------
| rollout/                |             |
|    ep_len_mean          | 639         |
|    ep_rew_mean          | 1.02e+03    |
| time/                   |             |
|    fps                  | 2617        |
|    iterations           | 187         |
|    time_elapsed         | 585         |
|    total_timesteps      | 1531904     |
| train/                  |             |
|    approx_kl            | 0.031564504 |
|    clip_fraction        | 0.217       |
|    clip_range           | 0.2         |
|    entropy_loss         | -8.43       |
|    explained_variance   | 0.662       |
|    learning_rate        | 0.000239    |
|    loss                 | -0.0218     |
|    n_updates            | 230         |
|    policy_gradient_loss | 0.00667     |
|    std                  | 0.694       |
|    value_loss           | 0.0394      |
-----------------------------------------
Early stopping at step 0 due to reaching max kl: 0.03
-----------------------------------------
| rollout/                |             |
|    ep_len_mean          | 638         |
|    ep_rew_mean          | 1.03e+03    |
| time/                   |             |
|    fps                  | 2617        |
|    iterations           | 188         |
|    time_elapsed         | 588         |
|    total_timesteps      | 1540096     |
| train/                  |             |
|    approx_kl            | 0.014552202 |
|    clip_fraction        | 0.207       |
|    clip_range           | 0.2         |
|    entropy_loss         | -8.42       |
|    explained_variance   | 0.57        |
|    learning_rate        | 0.000239    |
|    loss                 | 0.0361      |
|    n_updates            | 231         |
|    policy_gradient_loss | 0.00359     |
|    std                  | 0.692       |
|    value_loss           | 0.04        |
-----------------------------------------
Early stopping at step 0 due to reaching max kl: 0.03
----------------------------------------
| rollout/                |            |
|    ep_len_mean          | 633        |
|    ep_rew_mean          | 1.02e+03   |
| time/                   |            |
|    fps                  | 2618       |
|    iterations           | 189        |
|    time_elapsed         | 591        |
|    total_timesteps      | 1548288    |
| train/                  |            |
|    approx_kl            | 0.01198542 |
|    clip_fraction        | 0.171      |
|    clip_range           | 0.2        |
|    entropy_loss         | -8.4       |
|    explained_variance   | 0.618      |
|    learning_rate        | 0.000238   |
|    loss                 | 0.0571     |
|    n_updates            | 232        |
|    policy_gradient_loss | 0.00899    |
|    std                  | 0.691      |
|    value_loss           | 0.0549     |
----------------------------------------
Early stopping at step 0 due to reaching max kl: 0.03
-----------------------------------------
| rollout/                |             |
|    ep_len_mean          | 609         |
|    ep_rew_mean          | 981         |
| time/                   |             |
|    fps                  | 2618        |
|    iterations           | 190         |
|    time_elapsed         | 594         |
|    total_timesteps      | 1556480     |
| train/                  |             |
|    approx_kl            | 0.013118977 |
|    clip_fraction        | 0.182       |
|    clip_range           | 0.2         |
|    entropy_loss         | -8.38       |
|    explained_variance   | 0.615       |
|    learning_rate        | 0.000238    |
|    loss                 | 0.253       |
|    n_updates            | 233         |
|    policy_gradient_loss | 0.00741     |
|    std                  | 0.69        |
|    value_loss           | 0.077       |
-----------------------------------------
Early stopping at step 0 due to reaching max kl: 0.03
-----------------------------------------
| rollout/                |             |
|    ep_len_mean          | 590         |
|    ep_rew_mean          | 956         |
| time/                   |             |
|    fps                  | 2618        |
|    iterations           | 191         |
|    time_elapsed         | 597         |
|    total_timesteps      | 1564672     |
| train/                  |             |
|    approx_kl            | 0.011902419 |
|    clip_fraction        | 0.165       |
|    clip_range           | 0.2         |
|    entropy_loss         | -8.37       |
|    explained_variance   | 0.679       |
|    learning_rate        | 0.000238    |
|    loss                 | 0.102       |
|    n_updates            | 234         |
|    policy_gradient_loss | 0.00704     |
|    std                  | 0.688       |
|    value_loss           | 0.0758      |
-----------------------------------------
Early stopping at step 0 due to reaching max kl: 0.03
[Progress] Training 6/6: 1,570,804/5,000,000 steps (31.4%); 0 full runs remain afterward; rough training ETA 22m.
-----------------------------------------
| rollout/                |             |
|    ep_len_mean          | 595         |
|    ep_rew_mean          | 971         |
| time/                   |             |
|    fps                  | 2618        |
|    iterations           | 192         |
|    time_elapsed         | 600         |
|    total_timesteps      | 1572864     |
| train/                  |             |
|    approx_kl            | 0.013155292 |
|    clip_fraction        | 0.174       |
|    clip_range           | 0.2         |
|    entropy_loss         | -8.35       |
|    explained_variance   | 0.658       |
|    learning_rate        | 0.000237    |
|    loss                 | 0.171       |
|    n_updates            | 235         |
|    policy_gradient_loss | 0.00899     |
|    std                  | 0.687       |
|    value_loss           | 0.107       |
-----------------------------------------
Early stopping at step 0 due to reaching max kl: 0.04
-----------------------------------------
| rollout/                |             |
|    ep_len_mean          | 514         |
|    ep_rew_mean          | 843         |
| time/                   |             |
|    fps                  | 2618        |
|    iterations           | 193         |
|    time_elapsed         | 603         |
|    total_timesteps      | 1581056     |
| train/                  |             |
|    approx_kl            | 0.012206525 |
|    clip_fraction        | 0.167       |
|    clip_range           | 0.2         |
|    entropy_loss         | -8.34       |
|    explained_variance   | 0.651       |
|    learning_rate        | 0.000237    |
|    loss                 | 0.0668      |
|    n_updates            | 236         |
|    policy_gradient_loss | 0.00676     |
|    std                  | 0.686       |
|    value_loss           | 0.0426      |
-----------------------------------------
Early stopping at step 0 due to reaching max kl: 0.03
-----------------------------------------
| rollout/                |             |
|    ep_len_mean          | 471         |
|    ep_rew_mean          | 765         |
| time/                   |             |
|    fps                  | 2617        |
|    iterations           | 194         |
|    time_elapsed         | 607         |
|    total_timesteps      | 1589248     |
| train/                  |             |
|    approx_kl            | 0.013003242 |
|    clip_fraction        | 0.179       |
|    clip_range           | 0.2         |
|    entropy_loss         | -8.33       |
|    explained_variance   | 0.645       |
|    learning_rate        | 0.000237    |
|    loss                 | 0.0583      |
|    n_updates            | 237         |
|    policy_gradient_loss | 0.00737     |
|    std                  | 0.685       |
|    value_loss           | 0.133       |
-----------------------------------------
Early stopping at step 0 due to reaching max kl: 0.04
-----------------------------------------
| rollout/                |             |
|    ep_len_mean          | 480         |
|    ep_rew_mean          | 774         |
| time/                   |             |
|    fps                  | 2617        |
|    iterations           | 195         |
|    time_elapsed         | 610         |
|    total_timesteps      | 1597440     |
| train/                  |             |
|    approx_kl            | 0.013638459 |
|    clip_fraction        | 0.188       |
|    clip_range           | 0.2         |
|    entropy_loss         | -8.32       |
|    explained_variance   | 0.692       |
|    learning_rate        | 0.000236    |
|    loss                 | 0.00242     |
|    n_updates            | 238         |
|    policy_gradient_loss | 0.0107      |
|    std                  | 0.684       |
|    value_loss           | 0.0921      |
-----------------------------------------
Early stopping at step 0 due to reaching max kl: 0.03
-----------------------------------------
| rollout/                |             |
|    ep_len_mean          | 496         |
|    ep_rew_mean          | 800         |
| time/                   |             |
|    fps                  | 2618        |
|    iterations           | 196         |
|    time_elapsed         | 613         |
|    total_timesteps      | 1605632     |
| train/                  |             |
|    approx_kl            | 0.010001204 |
|    clip_fraction        | 0.136       |
|    clip_range           | 0.2         |
|    entropy_loss         | -8.31       |
|    explained_variance   | 0.706       |
|    learning_rate        | 0.000236    |
|    loss                 | 0.0338      |
|    n_updates            | 239         |
|    policy_gradient_loss | 0.0033      |
|    std                  | 0.683       |
|    value_loss           | 0.0626      |
-----------------------------------------
Early stopping at step 0 due to reaching max kl: 0.03
-----------------------------------------
| rollout/                |             |
|    ep_len_mean          | 514         |
|    ep_rew_mean          | 835         |
| time/                   |             |
|    fps                  | 2618        |
|    iterations           | 197         |
|    time_elapsed         | 616         |
|    total_timesteps      | 1613824     |
| train/                  |             |
|    approx_kl            | 0.014235488 |
|    clip_fraction        | 0.189       |
|    clip_range           | 0.2         |
|    entropy_loss         | -8.29       |
|    explained_variance   | 0.704       |
|    learning_rate        | 0.000236    |
|    loss                 | 0.00803     |
|    n_updates            | 240         |
|    policy_gradient_loss | 0.00937     |
|    std                  | 0.682       |
|    value_loss           | 0.0569      |
-----------------------------------------
Early stopping at step 0 due to reaching max kl: 0.03
-----------------------------------------
| rollout/                |             |
|    ep_len_mean          | 534         |
|    ep_rew_mean          | 868         |
| time/                   |             |
|    fps                  | 2618        |
|    iterations           | 198         |
|    time_elapsed         | 619         |
|    total_timesteps      | 1622016     |
| train/                  |             |
|    approx_kl            | 0.013081552 |
|    clip_fraction        | 0.182       |
|    clip_range           | 0.2         |
|    entropy_loss         | -8.28       |
|    explained_variance   | 0.694       |
|    learning_rate        | 0.000235    |
|    loss                 | -0.000366   |
|    n_updates            | 241         |
|    policy_gradient_loss | 0.00589     |
|    std                  | 0.68        |
|    value_loss           | 0.0498      |
-----------------------------------------
Early stopping at step 1 due to reaching max kl: 0.03
---------------------------------------
| rollout/                |           |
|    ep_len_mean          | 544       |
|    ep_rew_mean          | 891       |
| time/                   |           |
|    fps                  | 2617      |
|    iterations           | 199       |
|    time_elapsed         | 622       |
|    total_timesteps      | 1630208   |
| train/                  |           |
|    approx_kl            | 0.0305475 |
|    clip_fraction        | 0.213     |
|    clip_range           | 0.2       |
|    entropy_loss         | -8.25     |
|    explained_variance   | 0.71      |
|    learning_rate        | 0.000235  |
|    loss                 | -0.0133   |
|    n_updates            | 243       |
|    policy_gradient_loss | 0.00718   |
|    std                  | 0.678     |
|    value_loss           | 0.0536    |
---------------------------------------
Early stopping at step 0 due to reaching max kl: 0.03
-----------------------------------------
| rollout/                |             |
|    ep_len_mean          | 577         |
|    ep_rew_mean          | 940         |
| time/                   |             |
|    fps                  | 2617        |
|    iterations           | 200         |
|    time_elapsed         | 625         |
|    total_timesteps      | 1638400     |
| train/                  |             |
|    approx_kl            | 0.014698268 |
|    clip_fraction        | 0.206       |
|    clip_range           | 0.2         |
|    entropy_loss         | -8.23       |
|    explained_variance   | 0.652       |
|    learning_rate        | 0.000235    |
|    loss                 | 0.0448      |
|    n_updates            | 244         |
|    policy_gradient_loss | 0.00534     |
|    std                  | 0.677       |
|    value_loss           | 0.0312      |
-----------------------------------------
Early stopping at step 0 due to reaching max kl: 0.03
-----------------------------------------
| rollout/                |             |
|    ep_len_mean          | 620         |
|    ep_rew_mean          | 1.01e+03    |
| time/                   |             |
|    fps                  | 2618        |
|    iterations           | 201         |
|    time_elapsed         | 628         |
|    total_timesteps      | 1646592     |
| train/                  |             |
|    approx_kl            | 0.011961415 |
|    clip_fraction        | 0.154       |
|    clip_range           | 0.2         |
|    entropy_loss         | -8.22       |
|    explained_variance   | 0.649       |
|    learning_rate        | 0.000234    |
|    loss                 | 0.032       |
|    n_updates            | 245         |
|    policy_gradient_loss | 0.00677     |
|    std                  | 0.675       |
|    value_loss           | 0.0804      |
-----------------------------------------
Early stopping at step 0 due to reaching max kl: 0.03
-----------------------------------------
| rollout/                |             |
|    ep_len_mean          | 623         |
|    ep_rew_mean          | 1.03e+03    |
| time/                   |             |
|    fps                  | 2618        |
|    iterations           | 202         |
|    time_elapsed         | 632         |
|    total_timesteps      | 1654784     |
| train/                  |             |
|    approx_kl            | 0.013359966 |
|    clip_fraction        | 0.193       |
|    clip_range           | 0.2         |
|    entropy_loss         | -8.2        |
|    explained_variance   | 0.694       |
|    learning_rate        | 0.000234    |
|    loss                 | 0.0365      |
|    n_updates            | 246         |
|    policy_gradient_loss | 0.00933     |
|    std                  | 0.674       |
|    value_loss           | 0.023       |
-----------------------------------------
Early stopping at step 0 due to reaching max kl: 0.03
-----------------------------------------
| rollout/                |             |
|    ep_len_mean          | 636         |
|    ep_rew_mean          | 1.05e+03    |
| time/                   |             |
|    fps                  | 2618        |
|    iterations           | 203         |
|    time_elapsed         | 635         |
|    total_timesteps      | 1662976     |
| train/                  |             |
|    approx_kl            | 0.010170568 |
|    clip_fraction        | 0.136       |
|    clip_range           | 0.2         |
|    entropy_loss         | -8.19       |
|    explained_variance   | 0.577       |
|    learning_rate        | 0.000234    |
|    loss                 | 0.0356      |
|    n_updates            | 247         |
|    policy_gradient_loss | 0.00871     |
|    std                  | 0.673       |
|    value_loss           | 0.103       |
-----------------------------------------
Early stopping at step 0 due to reaching max kl: 0.03
-----------------------------------------
| rollout/                |             |
|    ep_len_mean          | 639         |
|    ep_rew_mean          | 1.06e+03    |
| time/                   |             |
|    fps                  | 2618        |
|    iterations           | 204         |
|    time_elapsed         | 638         |
|    total_timesteps      | 1671168     |
| train/                  |             |
|    approx_kl            | 0.014766842 |
|    clip_fraction        | 0.199       |
|    clip_range           | 0.2         |
|    entropy_loss         | -8.17       |
|    explained_variance   | 0.662       |
|    learning_rate        | 0.000233    |
|    loss                 | 0.0557      |
|    n_updates            | 248         |
|    policy_gradient_loss | 0.00654     |
|    std                  | 0.671       |
|    value_loss           | 0.0482      |
-----------------------------------------
Early stopping at step 0 due to reaching max kl: 0.03
-----------------------------------------
| rollout/                |             |
|    ep_len_mean          | 647         |
|    ep_rew_mean          | 1.07e+03    |
| time/                   |             |
|    fps                  | 2618        |
|    iterations           | 205         |
|    time_elapsed         | 641         |
|    total_timesteps      | 1679360     |
| train/                  |             |
|    approx_kl            | 0.014539787 |
|    clip_fraction        | 0.201       |
|    clip_range           | 0.2         |
|    entropy_loss         | -8.15       |
|    explained_variance   | 0.661       |
|    learning_rate        | 0.000233    |
|    loss                 | 0.107       |
|    n_updates            | 249         |
|    policy_gradient_loss | 0.00773     |
|    std                  | 0.669       |
|    value_loss           | 0.0611      |
-----------------------------------------
Early stopping at step 0 due to reaching max kl: 0.03
-----------------------------------------
| rollout/                |             |
|    ep_len_mean          | 558         |
|    ep_rew_mean          | 913         |
| time/                   |             |
|    fps                  | 2618        |
|    iterations           | 206         |
|    time_elapsed         | 644         |
|    total_timesteps      | 1687552     |
| train/                  |             |
|    approx_kl            | 0.011883837 |
|    clip_fraction        | 0.159       |
|    clip_range           | 0.2         |
|    entropy_loss         | -8.13       |
|    explained_variance   | 0.654       |
|    learning_rate        | 0.000233    |
|    loss                 | 0.0598      |
|    n_updates            | 250         |
|    policy_gradient_loss | 0.00676     |
|    std                  | 0.669       |
|    value_loss           | 0.0531      |
-----------------------------------------
Early stopping at step 0 due to reaching max kl: 0.03
------------------------------------------
| rollout/                |              |
|    ep_len_mean          | 576          |
|    ep_rew_mean          | 945          |
| time/                   |              |
|    fps                  | 2618         |
|    iterations           | 207          |
|    time_elapsed         | 647          |
|    total_timesteps      | 1695744      |
| train/                  |              |
|    approx_kl            | 0.0119514065 |
|    clip_fraction        | 0.155        |
|    clip_range           | 0.2          |
|    entropy_loss         | -8.12        |
|    explained_variance   | 0.644        |
|    learning_rate        | 0.000232     |
|    loss                 | 0.0925       |
|    n_updates            | 251          |
|    policy_gradient_loss | 0.0024       |
|    std                  | 0.668        |
|    value_loss           | 0.131        |
------------------------------------------
Early stopping at step 0 due to reaching max kl: 0.03
------------------------------------------
| rollout/                |              |
|    ep_len_mean          | 573          |
|    ep_rew_mean          | 941          |
| time/                   |              |
|    fps                  | 2618         |
|    iterations           | 208          |
|    time_elapsed         | 650          |
|    total_timesteps      | 1703936      |
| train/                  |              |
|    approx_kl            | 0.0135859195 |
|    clip_fraction        | 0.195        |
|    clip_range           | 0.2          |
|    entropy_loss         | -8.11        |
|    explained_variance   | 0.655        |
|    learning_rate        | 0.000232     |
|    loss                 | -0.00437     |
|    n_updates            | 252          |
|    policy_gradient_loss | 0.011        |
|    std                  | 0.666        |
|    value_loss           | 0.0414       |
------------------------------------------
Early stopping at step 0 due to reaching max kl: 0.03
-----------------------------------------
| rollout/                |             |
|    ep_len_mean          | 579         |
|    ep_rew_mean          | 954         |
| time/                   |             |
|    fps                  | 2618        |
|    iterations           | 209         |
|    time_elapsed         | 653         |
|    total_timesteps      | 1712128     |
| train/                  |             |
|    approx_kl            | 0.012745911 |
|    clip_fraction        | 0.176       |
|    clip_range           | 0.2         |
|    entropy_loss         | -8.08       |
|    explained_variance   | 0.637       |
|    learning_rate        | 0.000232    |
|    loss                 | 0.012       |
|    n_updates            | 253         |
|    policy_gradient_loss | 0.00491     |
|    std                  | 0.663       |
|    value_loss           | 0.0372      |
-----------------------------------------
Early stopping at step 0 due to reaching max kl: 0.03
-----------------------------------------
| rollout/                |             |
|    ep_len_mean          | 586         |
|    ep_rew_mean          | 973         |
| time/                   |             |
|    fps                  | 2618        |
|    iterations           | 210         |
|    time_elapsed         | 656         |
|    total_timesteps      | 1720320     |
| train/                  |             |
|    approx_kl            | 0.014931793 |
|    clip_fraction        | 0.2         |
|    clip_range           | 0.2         |
|    entropy_loss         | -8.05       |
|    explained_variance   | 0.735       |
|    learning_rate        | 0.000232    |
|    loss                 | 0.0654      |
|    n_updates            | 254         |
|    policy_gradient_loss | 0.00945     |
|    std                  | 0.662       |
|    value_loss           | 0.0504      |
-----------------------------------------
Early stopping at step 0 due to reaching max kl: 0.04
-----------------------------------------
| rollout/                |             |
|    ep_len_mean          | 595         |
|    ep_rew_mean          | 991         |
| time/                   |             |
|    fps                  | 2619        |
|    iterations           | 211         |
|    time_elapsed         | 659         |
|    total_timesteps      | 1728512     |
| train/                  |             |
|    approx_kl            | 0.011444818 |
|    clip_fraction        | 0.155       |
|    clip_range           | 0.2         |
|    entropy_loss         | -8.04       |
|    explained_variance   | 0.705       |
|    learning_rate        | 0.000231    |
|    loss                 | 0.0113      |
|    n_updates            | 255         |
|    policy_gradient_loss | 0.00834     |
|    std                  | 0.66        |
|    value_loss           | 0.0717      |
-----------------------------------------
Early stopping at step 0 due to reaching max kl: 0.03
-----------------------------------------
| rollout/                |             |
|    ep_len_mean          | 587         |
|    ep_rew_mean          | 977         |
| time/                   |             |
|    fps                  | 2619        |
|    iterations           | 212         |
|    time_elapsed         | 663         |
|    total_timesteps      | 1736704     |
| train/                  |             |
|    approx_kl            | 0.012164651 |
|    clip_fraction        | 0.168       |
|    clip_range           | 0.2         |
|    entropy_loss         | -8.02       |
|    explained_variance   | 0.712       |
|    learning_rate        | 0.000231    |
|    loss                 | 0.00942     |
|    n_updates            | 256         |
|    policy_gradient_loss | 0.00516     |
|    std                  | 0.659       |
|    value_loss           | 0.0399      |
-----------------------------------------
Early stopping at step 0 due to reaching max kl: 0.03
-----------------------------------------
| rollout/                |             |
|    ep_len_mean          | 625         |
|    ep_rew_mean          | 1.04e+03    |
| time/                   |             |
|    fps                  | 2618        |
|    iterations           | 213         |
|    time_elapsed         | 666         |
|    total_timesteps      | 1744896     |
| train/                  |             |
|    approx_kl            | 0.014312219 |
|    clip_fraction        | 0.196       |
|    clip_range           | 0.2         |
|    entropy_loss         | -8.01       |
|    explained_variance   | 0.658       |
|    learning_rate        | 0.000231    |
|    loss                 | 0.0479      |
|    n_updates            | 257         |
|    policy_gradient_loss | 0.00732     |
|    std                  | 0.658       |
|    value_loss           | 0.079       |
-----------------------------------------
Early stopping at step 0 due to reaching max kl: 0.03
-----------------------------------------
| rollout/                |             |
|    ep_len_mean          | 661         |
|    ep_rew_mean          | 1.12e+03    |
| time/                   |             |
|    fps                  | 2618        |
|    iterations           | 214         |
|    time_elapsed         | 669         |
|    total_timesteps      | 1753088     |
| train/                  |             |
|    approx_kl            | 0.014136819 |
|    clip_fraction        | 0.2         |
|    clip_range           | 0.2         |
|    entropy_loss         | -7.99       |
|    explained_variance   | 0.616       |
|    learning_rate        | 0.00023     |
|    loss                 | 0.0466      |
|    n_updates            | 258         |
|    policy_gradient_loss | 0.00106     |
|    std                  | 0.656       |
|    value_loss           | 0.0228      |
-----------------------------------------
Early stopping at step 0 due to reaching max kl: 0.03
-----------------------------------------
| rollout/                |             |
|    ep_len_mean          | 681         |
|    ep_rew_mean          | 1.15e+03    |
| time/                   |             |
|    fps                  | 2618        |
|    iterations           | 215         |
|    time_elapsed         | 672         |
|    total_timesteps      | 1761280     |
| train/                  |             |
|    approx_kl            | 0.014307249 |
|    clip_fraction        | 0.198       |
|    clip_range           | 0.2         |
|    entropy_loss         | -7.96       |
|    explained_variance   | 0.689       |
|    learning_rate        | 0.00023     |
|    loss                 | 0.0429      |
|    n_updates            | 259         |
|    policy_gradient_loss | 0.00418     |
|    std                  | 0.653       |
|    value_loss           | 0.0402      |
-----------------------------------------
Early stopping at step 0 due to reaching max kl: 0.03
-----------------------------------------
| rollout/                |             |
|    ep_len_mean          | 658         |
|    ep_rew_mean          | 1.12e+03    |
| time/                   |             |
|    fps                  | 2619        |
|    iterations           | 216         |
|    time_elapsed         | 675         |
|    total_timesteps      | 1769472     |
| train/                  |             |
|    approx_kl            | 0.009400349 |
|    clip_fraction        | 0.138       |
|    clip_range           | 0.2         |
|    entropy_loss         | -7.94       |
|    explained_variance   | 0.606       |
|    learning_rate        | 0.00023     |
|    loss                 | 0.0432      |
|    n_updates            | 260         |
|    policy_gradient_loss | 0.00646     |
|    std                  | 0.652       |
|    value_loss           | 0.0486      |
-----------------------------------------
Early stopping at step 0 due to reaching max kl: 0.03
-----------------------------------------
| rollout/                |             |
|    ep_len_mean          | 646         |
|    ep_rew_mean          | 1.1e+03     |
| time/                   |             |
|    fps                  | 2619        |
|    iterations           | 217         |
|    time_elapsed         | 678         |
|    total_timesteps      | 1777664     |
| train/                  |             |
|    approx_kl            | 0.010017355 |
|    clip_fraction        | 0.141       |
|    clip_range           | 0.2         |
|    entropy_loss         | -7.92       |
|    explained_variance   | 0.614       |
|    learning_rate        | 0.000229    |
|    loss                 | 0.0569      |
|    n_updates            | 261         |
|    policy_gradient_loss | 0.00579     |
|    std                  | 0.651       |
|    value_loss           | 0.0922      |
-----------------------------------------
Early stopping at step 0 due to reaching max kl: 0.03
-----------------------------------------
| rollout/                |             |
|    ep_len_mean          | 651         |
|    ep_rew_mean          | 1.11e+03    |
| time/                   |             |
|    fps                  | 2619        |
|    iterations           | 218         |
|    time_elapsed         | 681         |
|    total_timesteps      | 1785856     |
| train/                  |             |
|    approx_kl            | 0.012398794 |
|    clip_fraction        | 0.172       |
|    clip_range           | 0.2         |
|    entropy_loss         | -7.91       |
|    explained_variance   | 0.64        |
|    learning_rate        | 0.000229    |
|    loss                 | 0.111       |
|    n_updates            | 262         |
|    policy_gradient_loss | 0.00856     |
|    std                  | 0.65        |
|    value_loss           | 0.0593      |
-----------------------------------------
Early stopping at step 0 due to reaching max kl: 0.03
-----------------------------------------
| rollout/                |             |
|    ep_len_mean          | 640         |
|    ep_rew_mean          | 1.1e+03     |
| time/                   |             |
|    fps                  | 2619        |
|    iterations           | 219         |
|    time_elapsed         | 684         |
|    total_timesteps      | 1794048     |
| train/                  |             |
|    approx_kl            | 0.012622489 |
|    clip_fraction        | 0.173       |
|    clip_range           | 0.2         |
|    entropy_loss         | -7.9        |
|    explained_variance   | 0.632       |
|    learning_rate        | 0.000229    |
|    loss                 | 0.103       |
|    n_updates            | 263         |
|    policy_gradient_loss | 0.00933     |
|    std                  | 0.649       |
|    value_loss           | 0.0484      |
-----------------------------------------
Early stopping at step 0 due to reaching max kl: 0.03
-----------------------------------------
| rollout/                |             |
|    ep_len_mean          | 662         |
|    ep_rew_mean          | 1.14e+03    |
| time/                   |             |
|    fps                  | 2619        |
|    iterations           | 220         |
|    time_elapsed         | 687         |
|    total_timesteps      | 1802240     |
| train/                  |             |
|    approx_kl            | 0.014527413 |
|    clip_fraction        | 0.2         |
|    clip_range           | 0.2         |
|    entropy_loss         | -7.87       |
|    explained_variance   | 0.666       |
|    learning_rate        | 0.000228    |
|    loss                 | 0.0658      |
|    n_updates            | 264         |
|    policy_gradient_loss | 0.00796     |
|    std                  | 0.646       |
|    value_loss           | 0.0651      |
-----------------------------------------
Early stopping at step 0 due to reaching max kl: 0.03
-----------------------------------------
| rollout/                |             |
|    ep_len_mean          | 643         |
|    ep_rew_mean          | 1.11e+03    |
| time/                   |             |
|    fps                  | 2619        |
|    iterations           | 221         |
|    time_elapsed         | 691         |
|    total_timesteps      | 1810432     |
| train/                  |             |
|    approx_kl            | 0.011307679 |
|    clip_fraction        | 0.147       |
|    clip_range           | 0.2         |
|    entropy_loss         | -7.85       |
|    explained_variance   | 0.694       |
|    learning_rate        | 0.000228    |
|    loss                 | 0.0825      |
|    n_updates            | 265         |
|    policy_gradient_loss | 0.0061      |
|    std                  | 0.645       |
|    value_loss           | 0.0473      |
-----------------------------------------
Early stopping at step 1 due to reaching max kl: 0.03
-----------------------------------------
| rollout/                |             |
|    ep_len_mean          | 634         |
|    ep_rew_mean          | 1.1e+03     |
| time/                   |             |
|    fps                  | 2619        |
|    iterations           | 222         |
|    time_elapsed         | 694         |
|    total_timesteps      | 1818624     |
| train/                  |             |
|    approx_kl            | 0.024225494 |
|    clip_fraction        | 0.201       |
|    clip_range           | 0.2         |
|    entropy_loss         | -7.83       |
|    explained_variance   | 0.666       |
|    learning_rate        | 0.000228    |
|    loss                 | 0.0343      |
|    n_updates            | 267         |
|    policy_gradient_loss | 0.00634     |
|    std                  | 0.643       |
|    value_loss           | 0.0464      |
-----------------------------------------
Early stopping at step 0 due to reaching max kl: 0.03
-----------------------------------------
| rollout/                |             |
|    ep_len_mean          | 608         |
|    ep_rew_mean          | 1.05e+03    |
| time/                   |             |
|    fps                  | 2619        |
|    iterations           | 223         |
|    time_elapsed         | 697         |
|    total_timesteps      | 1826816     |
| train/                  |             |
|    approx_kl            | 0.014503563 |
|    clip_fraction        | 0.199       |
|    clip_range           | 0.2         |
|    entropy_loss         | -7.81       |
|    explained_variance   | 0.697       |
|    learning_rate        | 0.000227    |
|    loss                 | 0.023       |
|    n_updates            | 268         |
|    policy_gradient_loss | 0.00886     |
|    std                  | 0.642       |
|    value_loss           | 0.0569      |
-----------------------------------------
Early stopping at step 0 due to reaching max kl: 0.03
-----------------------------------------
| rollout/                |             |
|    ep_len_mean          | 606         |
|    ep_rew_mean          | 1.04e+03    |
| time/                   |             |
|    fps                  | 2619        |
|    iterations           | 224         |
|    time_elapsed         | 700         |
|    total_timesteps      | 1835008     |
| train/                  |             |
|    approx_kl            | 0.015091067 |
|    clip_fraction        | 0.2         |
|    clip_range           | 0.2         |
|    entropy_loss         | -7.8        |
|    explained_variance   | 0.692       |
|    learning_rate        | 0.000227    |
|    loss                 | 0.0863      |
|    n_updates            | 269         |
|    policy_gradient_loss | 0.00848     |
|    std                  | 0.641       |
|    value_loss           | 0.0866      |
-----------------------------------------
Early stopping at step 1 due to reaching max kl: 0.03
-----------------------------------------
| rollout/                |             |
|    ep_len_mean          | 652         |
|    ep_rew_mean          | 1.12e+03    |
| time/                   |             |
|    fps                  | 2618        |
|    iterations           | 225         |
|    time_elapsed         | 703         |
|    total_timesteps      | 1843200     |
| train/                  |             |
|    approx_kl            | 0.020473732 |
|    clip_fraction        | 0.198       |
|    clip_range           | 0.2         |
|    entropy_loss         | -7.78       |
|    explained_variance   | 0.727       |
|    learning_rate        | 0.000227    |
|    loss                 | -2.27e-05   |
|    n_updates            | 271         |
|    policy_gradient_loss | 0.00772     |
|    std                  | 0.64        |
|    value_loss           | 0.0585      |
-----------------------------------------
Early stopping at step 0 due to reaching max kl: 0.03
-----------------------------------------
| rollout/                |             |
|    ep_len_mean          | 636         |
|    ep_rew_mean          | 1.09e+03    |
| time/                   |             |
|    fps                  | 2618        |
|    iterations           | 226         |
|    time_elapsed         | 707         |
|    total_timesteps      | 1851392     |
| train/                  |             |
|    approx_kl            | 0.012912431 |
|    clip_fraction        | 0.182       |
|    clip_range           | 0.2         |
|    entropy_loss         | -7.75       |
|    explained_variance   | 0.787       |
|    learning_rate        | 0.000226    |
|    loss                 | 0.0386      |
|    n_updates            | 272         |
|    policy_gradient_loss | 0.00725     |
|    std                  | 0.636       |
|    value_loss           | 0.0124      |
-----------------------------------------
Early stopping at step 0 due to reaching max kl: 0.03
-----------------------------------------
| rollout/                |             |
|    ep_len_mean          | 635         |
|    ep_rew_mean          | 1.09e+03    |
| time/                   |             |
|    fps                  | 2618        |
|    iterations           | 227         |
|    time_elapsed         | 710         |
|    total_timesteps      | 1859584     |
| train/                  |             |
|    approx_kl            | 0.011949133 |
|    clip_fraction        | 0.154       |
|    clip_range           | 0.2         |
|    entropy_loss         | -7.72       |
|    explained_variance   | 0.683       |
|    learning_rate        | 0.000226    |
|    loss                 | 0.0579      |
|    n_updates            | 273         |
|    policy_gradient_loss | 0.00477     |
|    std                  | 0.635       |
|    value_loss           | 0.0759      |
-----------------------------------------
Early stopping at step 0 due to reaching max kl: 0.03
-----------------------------------------
| rollout/                |             |
|    ep_len_mean          | 610         |
|    ep_rew_mean          | 1.04e+03    |
| time/                   |             |
|    fps                  | 2618        |
|    iterations           | 228         |
|    time_elapsed         | 713         |
|    total_timesteps      | 1867776     |
| train/                  |             |
|    approx_kl            | 0.013397152 |
|    clip_fraction        | 0.185       |
|    clip_range           | 0.2         |
|    entropy_loss         | -7.71       |
|    explained_variance   | 0.698       |
|    learning_rate        | 0.000226    |
|    loss                 | 0.125       |
|    n_updates            | 274         |
|    policy_gradient_loss | 0.00952     |
|    std                  | 0.634       |
|    value_loss           | 0.0729      |
-----------------------------------------
Early stopping at step 0 due to reaching max kl: 0.03
-----------------------------------------
| rollout/                |             |
|    ep_len_mean          | 621         |
|    ep_rew_mean          | 1.06e+03    |
| time/                   |             |
|    fps                  | 2618        |
|    iterations           | 229         |
|    time_elapsed         | 716         |
|    total_timesteps      | 1875968     |
| train/                  |             |
|    approx_kl            | 0.010319986 |
|    clip_fraction        | 0.138       |
|    clip_range           | 0.2         |
|    entropy_loss         | -7.71       |
|    explained_variance   | 0.72        |
|    learning_rate        | 0.000225    |
|    loss                 | 0.0871      |
|    n_updates            | 275         |
|    policy_gradient_loss | 0.0068      |
|    std                  | 0.634       |
|    value_loss           | 0.0713      |
-----------------------------------------
Early stopping at step 0 due to reaching max kl: 0.04
-----------------------------------------
| rollout/                |             |
|    ep_len_mean          | 625         |
|    ep_rew_mean          | 1.07e+03    |
| time/                   |             |
|    fps                  | 2618        |
|    iterations           | 230         |
|    time_elapsed         | 719         |
|    total_timesteps      | 1884160     |
| train/                  |             |
|    approx_kl            | 0.014375026 |
|    clip_fraction        | 0.201       |
|    clip_range           | 0.2         |
|    entropy_loss         | -7.7        |
|    explained_variance   | 0.713       |
|    learning_rate        | 0.000225    |
|    loss                 | 0.0304      |
|    n_updates            | 276         |
|    policy_gradient_loss | 0.00715     |
|    std                  | 0.632       |
|    value_loss           | 0.0421      |
-----------------------------------------
Early stopping at step 0 due to reaching max kl: 0.03
-----------------------------------------
| rollout/                |             |
|    ep_len_mean          | 656         |
|    ep_rew_mean          | 1.13e+03    |
| time/                   |             |
|    fps                  | 2618        |
|    iterations           | 231         |
|    time_elapsed         | 722         |
|    total_timesteps      | 1892352     |
| train/                  |             |
|    approx_kl            | 0.013221748 |
|    clip_fraction        | 0.183       |
|    clip_range           | 0.2         |
|    entropy_loss         | -7.67       |
|    explained_variance   | 0.694       |
|    learning_rate        | 0.000225    |
|    loss                 | 0.126       |
|    n_updates            | 277         |
|    policy_gradient_loss | 0.00478     |
|    std                  | 0.631       |
|    value_loss           | 0.0646      |
-----------------------------------------
Early stopping at step 0 due to reaching max kl: 0.03
------------------------------------------
| rollout/                |              |
|    ep_len_mean          | 675          |
|    ep_rew_mean          | 1.17e+03     |
| time/                   |              |
|    fps                  | 2618         |
|    iterations           | 232          |
|    time_elapsed         | 725          |
|    total_timesteps      | 1900544      |
| train/                  |              |
|    approx_kl            | 0.0130395815 |
|    clip_fraction        | 0.183        |
|    clip_range           | 0.2          |
|    entropy_loss         | -7.65        |
|    explained_variance   | 0.751        |
|    learning_rate        | 0.000224     |
|    loss                 | 0.0387       |
|    n_updates            | 278          |
|    policy_gradient_loss | 0.00884      |
|    std                  | 0.629        |
|    value_loss           | 0.0378       |
------------------------------------------
Early stopping at step 1 due to reaching max kl: 0.03
-----------------------------------------
| rollout/                |             |
|    ep_len_mean          | 678         |
|    ep_rew_mean          | 1.18e+03    |
| time/                   |             |
|    fps                  | 2618        |
|    iterations           | 233         |
|    time_elapsed         | 728         |
|    total_timesteps      | 1908736     |
| train/                  |             |
|    approx_kl            | 0.025245812 |
|    clip_fraction        | 0.214       |
|    clip_range           | 0.2         |
|    entropy_loss         | -7.63       |
|    explained_variance   | 0.79        |
|    learning_rate        | 0.000224    |
|    loss                 | 0.00715     |
|    n_updates            | 280         |
|    policy_gradient_loss | 0.00853     |
|    std                  | 0.627       |
|    value_loss           | 0.0202      |
-----------------------------------------
Early stopping at step 0 due to reaching max kl: 0.03
----------------------------------------
| rollout/                |            |
|    ep_len_mean          | 694        |
|    ep_rew_mean          | 1.22e+03   |
| time/                   |            |
|    fps                  | 2618       |
|    iterations           | 234        |
|    time_elapsed         | 732        |
|    total_timesteps      | 1916928    |
| train/                  |            |
|    approx_kl            | 0.01340001 |
|    clip_fraction        | 0.184      |
|    clip_range           | 0.2        |
|    entropy_loss         | -7.6       |
|    explained_variance   | 0.651      |
|    learning_rate        | 0.000224   |
|    loss                 | -0.021     |
|    n_updates            | 281        |
|    policy_gradient_loss | 0.00848    |
|    std                  | 0.625      |
|    value_loss           | 0.0349     |
----------------------------------------
Early stopping at step 0 due to reaching max kl: 0.03
-----------------------------------------
| rollout/                |             |
|    ep_len_mean          | 701         |
|    ep_rew_mean          | 1.23e+03    |
| time/                   |             |
|    fps                  | 2618        |
|    iterations           | 235         |
|    time_elapsed         | 735         |
|    total_timesteps      | 1925120     |
| train/                  |             |
|    approx_kl            | 0.011997442 |
|    clip_fraction        | 0.166       |
|    clip_range           | 0.2         |
|    entropy_loss         | -7.58       |
|    explained_variance   | 0.63        |
|    learning_rate        | 0.000223    |
|    loss                 | 0.0377      |
|    n_updates            | 282         |
|    policy_gradient_loss | 0.00833     |
|    std                  | 0.624       |
|    value_loss           | 0.0285      |
-----------------------------------------
Early stopping at step 0 due to reaching max kl: 0.03
-----------------------------------------
| rollout/                |             |
|    ep_len_mean          | 701         |
|    ep_rew_mean          | 1.23e+03    |
| time/                   |             |
|    fps                  | 2618        |
|    iterations           | 236         |
|    time_elapsed         | 738         |
|    total_timesteps      | 1933312     |
| train/                  |             |
|    approx_kl            | 0.014344813 |
|    clip_fraction        | 0.198       |
|    clip_range           | 0.2         |
|    entropy_loss         | -7.56       |
|    explained_variance   | 0.606       |
|    learning_rate        | 0.000223    |
|    loss                 | 0.0324      |
|    n_updates            | 283         |
|    policy_gradient_loss | 0.011       |
|    std                  | 0.622       |
|    value_loss           | 0.0576      |
-----------------------------------------
Early stopping at step 0 due to reaching max kl: 0.03
-----------------------------------------
| rollout/                |             |
|    ep_len_mean          | 711         |
|    ep_rew_mean          | 1.25e+03    |
| time/                   |             |
|    fps                  | 2618        |
|    iterations           | 237         |
|    time_elapsed         | 741         |
|    total_timesteps      | 1941504     |
| train/                  |             |
|    approx_kl            | 0.014024374 |
|    clip_fraction        | 0.201       |
|    clip_range           | 0.2         |
|    entropy_loss         | -7.55       |
|    explained_variance   | 0.61        |
|    learning_rate        | 0.000223    |
|    loss                 | 0.054       |
|    n_updates            | 284         |
|    policy_gradient_loss | 0.00499     |
|    std                  | 0.622       |
|    value_loss           | 0.0661      |
-----------------------------------------
Early stopping at step 0 due to reaching max kl: 0.03
----------------------------------------
| rollout/                |            |
|    ep_len_mean          | 712        |
|    ep_rew_mean          | 1.25e+03   |
| time/                   |            |
|    fps                  | 2618       |
|    iterations           | 238        |
|    time_elapsed         | 744        |
|    total_timesteps      | 1949696    |
| train/                  |            |
|    approx_kl            | 0.01270437 |
|    clip_fraction        | 0.178      |
|    clip_range           | 0.2        |
|    entropy_loss         | -7.54      |
|    explained_variance   | 0.645      |
|    learning_rate        | 0.000222   |
|    loss                 | 0.0776     |
|    n_updates            | 285        |
|    policy_gradient_loss | 0.00936    |
|    std                  | 0.621      |
|    value_loss           | 0.0779     |
----------------------------------------
Early stopping at step 0 due to reaching max kl: 0.04
-----------------------------------------
| rollout/                |             |
|    ep_len_mean          | 728         |
|    ep_rew_mean          | 1.28e+03    |
| time/                   |             |
|    fps                  | 2618        |
|    iterations           | 239         |
|    time_elapsed         | 747         |
|    total_timesteps      | 1957888     |
| train/                  |             |
|    approx_kl            | 0.012804596 |
|    clip_fraction        | 0.17        |
|    clip_range           | 0.2         |
|    entropy_loss         | -7.53       |
|    explained_variance   | 0.703       |
|    learning_rate        | 0.000222    |
|    loss                 | 0.0524      |
|    n_updates            | 286         |
|    policy_gradient_loss | 0.00501     |
|    std                  | 0.62        |
|    value_loss           | 0.0568      |
-----------------------------------------
Early stopping at step 0 due to reaching max kl: 0.03
----------------------------------------
| rollout/                |            |
|    ep_len_mean          | 732        |
|    ep_rew_mean          | 1.28e+03   |
| time/                   |            |
|    fps                  | 2618       |
|    iterations           | 240        |
|    time_elapsed         | 750        |
|    total_timesteps      | 1966080    |
| train/                  |            |
|    approx_kl            | 0.01392671 |
|    clip_fraction        | 0.198      |
|    clip_range           | 0.2        |
|    entropy_loss         | -7.5       |
|    explained_variance   | 0.751      |
|    learning_rate        | 0.000222   |
|    loss                 | 0.0461     |
|    n_updates            | 287        |
|    policy_gradient_loss | 0.00534    |
|    std                  | 0.618      |
|    value_loss           | 0.0273     |
----------------------------------------
Early stopping at step 0 due to reaching max kl: 0.03
-----------------------------------------
| rollout/                |             |
|    ep_len_mean          | 707         |
|    ep_rew_mean          | 1.23e+03    |
| time/                   |             |
|    fps                  | 2618        |
|    iterations           | 241         |
|    time_elapsed         | 753         |
|    total_timesteps      | 1974272     |
| train/                  |             |
|    approx_kl            | 0.014852517 |
|    clip_fraction        | 0.205       |
|    clip_range           | 0.2         |
|    entropy_loss         | -7.48       |
|    explained_variance   | 0.766       |
|    learning_rate        | 0.000221    |
|    loss                 | 0.0668      |
|    n_updates            | 288         |
|    policy_gradient_loss | 0.007       |
|    std                  | 0.616       |
|    value_loss           | 0.0264      |
-----------------------------------------
Early stopping at step 0 due to reaching max kl: 0.03
-----------------------------------------
| rollout/                |             |
|    ep_len_mean          | 661         |
|    ep_rew_mean          | 1.16e+03    |
| time/                   |             |
|    fps                  | 2618        |
|    iterations           | 242         |
|    time_elapsed         | 757         |
|    total_timesteps      | 1982464     |
| train/                  |             |
|    approx_kl            | 0.009654494 |
|    clip_fraction        | 0.13        |
|    clip_range           | 0.2         |
|    entropy_loss         | -7.47       |
|    explained_variance   | 0.625       |
|    learning_rate        | 0.000221    |
|    loss                 | 0.0669      |
|    n_updates            | 289         |
|    policy_gradient_loss | 0.00368     |
|    std                  | 0.616       |
|    value_loss           | 0.0723      |
-----------------------------------------
Early stopping at step 0 due to reaching max kl: 0.03
----------------------------------------
| rollout/                |            |
|    ep_len_mean          | 670        |
|    ep_rew_mean          | 1.18e+03   |
| time/                   |            |
|    fps                  | 2618       |
|    iterations           | 243        |
|    time_elapsed         | 760        |
|    total_timesteps      | 1990656    |
| train/                  |            |
|    approx_kl            | 0.01343678 |
|    clip_fraction        | 0.184      |
|    clip_range           | 0.2        |
|    entropy_loss         | -7.46      |
|    explained_variance   | 0.652      |
|    learning_rate        | 0.000221   |
|    loss                 | 0.066      |
|    n_updates            | 290        |
|    policy_gradient_loss | 0.00848    |
|    std                  | 0.614      |
|    value_loss           | 0.0756     |
----------------------------------------
Early stopping at step 0 due to reaching max kl: 0.03
-----------------------------------------
| rollout/                |             |
|    ep_len_mean          | 675         |
|    ep_rew_mean          | 1.18e+03    |
| time/                   |             |
|    fps                  | 2618        |
|    iterations           | 244         |
|    time_elapsed         | 763         |
|    total_timesteps      | 1998848     |
| train/                  |             |
|    approx_kl            | 0.013914557 |
|    clip_fraction        | 0.195       |
|    clip_range           | 0.2         |
|    entropy_loss         | -7.44       |
|    explained_variance   | 0.706       |
|    learning_rate        | 0.00022     |
|    loss                 | 0.0933      |
|    n_updates            | 291         |
|    policy_gradient_loss | 0.0061      |
|    std                  | 0.613       |
|    value_loss           | 0.0441      |
-----------------------------------------
Early stopping at step 1 due to reaching max kl: 0.03
-----------------------------------------
| rollout/                |             |
|    ep_len_mean          | 672         |
|    ep_rew_mean          | 1.19e+03    |
| time/                   |             |
|    fps                  | 2618        |
|    iterations           | 245         |
|    time_elapsed         | 766         |
|    total_timesteps      | 2007040     |
| train/                  |             |
|    approx_kl            | 0.020895477 |
|    clip_fraction        | 0.234       |
|    clip_range           | 0.2         |
|    entropy_loss         | -7.4        |
|    explained_variance   | 0.678       |
|    learning_rate        | 0.00022     |
|    loss                 | -0.0537     |
|    n_updates            | 293         |
|    policy_gradient_loss | 0.00108     |
|    std                  | 0.608       |
|    value_loss           | 0.0383      |
-----------------------------------------
Early stopping at step 0 due to reaching max kl: 0.03
------------------------------------------
| rollout/                |              |
|    ep_len_mean          | 664          |
|    ep_rew_mean          | 1.18e+03     |
| time/                   |              |
|    fps                  | 2618         |
|    iterations           | 246          |
|    time_elapsed         | 769          |
|    total_timesteps      | 2015232      |
| train/                  |              |
|    approx_kl            | 0.0119002415 |
|    clip_fraction        | 0.173        |
|    clip_range           | 0.2          |
|    entropy_loss         | -7.37        |
|    explained_variance   | 0.634        |
|    learning_rate        | 0.00022      |
|    loss                 | 0.0644       |
|    n_updates            | 294          |
|    policy_gradient_loss | 0.00451      |
|    std                  | 0.608        |
|    value_loss           | 0.0663       |
------------------------------------------
Early stopping at step 0 due to reaching max kl: 0.04
-----------------------------------------
| rollout/                |             |
|    ep_len_mean          | 642         |
|    ep_rew_mean          | 1.15e+03    |
| time/                   |             |
|    fps                  | 2618        |
|    iterations           | 247         |
|    time_elapsed         | 772         |
|    total_timesteps      | 2023424     |
| train/                  |             |
|    approx_kl            | 0.013525224 |
|    clip_fraction        | 0.179       |
|    clip_range           | 0.2         |
|    entropy_loss         | -7.36       |
|    explained_variance   | 0.703       |
|    learning_rate        | 0.000219    |
|    loss                 | 0.0215      |
|    n_updates            | 295         |
|    policy_gradient_loss | 0.00422     |
|    std                  | 0.607       |
|    value_loss           | 0.0713      |
-----------------------------------------
Early stopping at step 0 due to reaching max kl: 0.03
-----------------------------------------
| rollout/                |             |
|    ep_len_mean          | 630         |
|    ep_rew_mean          | 1.12e+03    |
| time/                   |             |
|    fps                  | 2618        |
|    iterations           | 248         |
|    time_elapsed         | 775         |
|    total_timesteps      | 2031616     |
| train/                  |             |
|    approx_kl            | 0.014247966 |
|    clip_fraction        | 0.19        |
|    clip_range           | 0.2         |
|    entropy_loss         | -7.34       |
|    explained_variance   | 0.737       |
|    learning_rate        | 0.000219    |
|    loss                 | 0.13        |
|    n_updates            | 296         |
|    policy_gradient_loss | 0.00819     |
|    std                  | 0.605       |
|    value_loss           | 0.0552      |
-----------------------------------------
Early stopping at step 1 due to reaching max kl: 0.04
-----------------------------------------
| rollout/                |             |
|    ep_len_mean          | 641         |
|    ep_rew_mean          | 1.15e+03    |
| time/                   |             |
|    fps                  | 2618        |
|    iterations           | 249         |
|    time_elapsed         | 779         |
|    total_timesteps      | 2039808     |
| train/                  |             |
|    approx_kl            | 0.022340337 |
|    clip_fraction        | 0.221       |
|    clip_range           | 0.2         |
|    entropy_loss         | -7.32       |
|    explained_variance   | 0.742       |
|    learning_rate        | 0.000219    |
|    loss                 | 0.0304      |
|    n_updates            | 298         |
|    policy_gradient_loss | 0.00508     |
|    std                  | 0.603       |
|    value_loss           | 0.0376      |
-----------------------------------------
Early stopping at step 0 due to reaching max kl: 0.03
-----------------------------------------
| rollout/                |             |
|    ep_len_mean          | 646         |
|    ep_rew_mean          | 1.16e+03    |
| time/                   |             |
|    fps                  | 2618        |
|    iterations           | 250         |
|    time_elapsed         | 782         |
|    total_timesteps      | 2048000     |
| train/                  |             |
|    approx_kl            | 0.012782285 |
|    clip_fraction        | 0.178       |
|    clip_range           | 0.2         |
|    entropy_loss         | -7.29       |
|    explained_variance   | 0.759       |
|    learning_rate        | 0.000218    |
|    loss                 | 0.022       |
|    n_updates            | 299         |
|    policy_gradient_loss | 0.00828     |
|    std                  | 0.602       |
|    value_loss           | 0.0574      |
-----------------------------------------
Early stopping at step 0 due to reaching max kl: 0.03
-----------------------------------------
| rollout/                |             |
|    ep_len_mean          | 658         |
|    ep_rew_mean          | 1.18e+03    |
| time/                   |             |
|    fps                  | 2618        |
|    iterations           | 251         |
|    time_elapsed         | 785         |
|    total_timesteps      | 2056192     |
| train/                  |             |
|    approx_kl            | 0.014289378 |
|    clip_fraction        | 0.191       |
|    clip_range           | 0.2         |
|    entropy_loss         | -7.29       |
|    explained_variance   | 0.754       |
|    learning_rate        | 0.000218    |
|    loss                 | 0.0247      |
|    n_updates            | 300         |
|    policy_gradient_loss | 0.00672     |
|    std                  | 0.601       |
|    value_loss           | 0.0457      |
-----------------------------------------
Early stopping at step 0 due to reaching max kl: 0.03
-----------------------------------------
| rollout/                |             |
|    ep_len_mean          | 670         |
|    ep_rew_mean          | 1.21e+03    |
| time/                   |             |
|    fps                  | 2618        |
|    iterations           | 252         |
|    time_elapsed         | 788         |
|    total_timesteps      | 2064384     |
| train/                  |             |
|    approx_kl            | 0.014857873 |
|    clip_fraction        | 0.208       |
|    clip_range           | 0.2         |
|    entropy_loss         | -7.27       |
|    explained_variance   | 0.754       |
|    learning_rate        | 0.000218    |
|    loss                 | 0.0778      |
|    n_updates            | 301         |
|    policy_gradient_loss | 0.00554     |
|    std                  | 0.599       |
|    value_loss           | 0.0517      |
-----------------------------------------
Early stopping at step 0 due to reaching max kl: 0.03
-----------------------------------------
| rollout/                |             |
|    ep_len_mean          | 681         |
|    ep_rew_mean          | 1.23e+03    |
| time/                   |             |
|    fps                  | 2618        |
|    iterations           | 253         |
|    time_elapsed         | 791         |
|    total_timesteps      | 2072576     |
| train/                  |             |
|    approx_kl            | 0.013382899 |
|    clip_fraction        | 0.19        |
|    clip_range           | 0.2         |
|    entropy_loss         | -7.24       |
|    explained_variance   | 0.75        |
|    learning_rate        | 0.000217    |
|    loss                 | -0.0109     |
|    n_updates            | 302         |
|    policy_gradient_loss | 0.00633     |
|    std                  | 0.597       |
|    value_loss           | 0.0382      |
-----------------------------------------
Early stopping at step 0 due to reaching max kl: 0.03
-----------------------------------------
| rollout/                |             |
|    ep_len_mean          | 697         |
|    ep_rew_mean          | 1.25e+03    |
| time/                   |             |
|    fps                  | 2618        |
|    iterations           | 254         |
|    time_elapsed         | 794         |
|    total_timesteps      | 2080768     |
| train/                  |             |
|    approx_kl            | 0.013525494 |
|    clip_fraction        | 0.179       |
|    clip_range           | 0.2         |
|    entropy_loss         | -7.21       |
|    explained_variance   | 0.732       |
|    learning_rate        | 0.000217    |
|    loss                 | 0.0443      |
|    n_updates            | 303         |
|    policy_gradient_loss | 0.00604     |
|    std                  | 0.595       |
|    value_loss           | 0.0388      |
-----------------------------------------
Early stopping at step 0 due to reaching max kl: 0.04
------------------------------------------
| rollout/                |              |
|    ep_len_mean          | 719          |
|    ep_rew_mean          | 1.29e+03     |
| time/                   |              |
|    fps                  | 2618         |
|    iterations           | 255          |
|    time_elapsed         | 797          |
|    total_timesteps      | 2088960      |
| train/                  |              |
|    approx_kl            | 0.0123953475 |
|    clip_fraction        | 0.174        |
|    clip_range           | 0.2          |
|    entropy_loss         | -7.19        |
|    explained_variance   | 0.639        |
|    learning_rate        | 0.000217     |
|    loss                 | 0.0927       |
|    n_updates            | 304          |
|    policy_gradient_loss | 0.00385      |
|    std                  | 0.594        |
|    value_loss           | 0.0508       |
------------------------------------------
Early stopping at step 0 due to reaching max kl: 0.03
---------------------------------------
| rollout/                |           |
|    ep_len_mean          | 709       |
|    ep_rew_mean          | 1.28e+03  |
| time/                   |           |
|    fps                  | 2618      |
|    iterations           | 256       |
|    time_elapsed         | 800       |
|    total_timesteps      | 2097152   |
| train/                  |           |
|    approx_kl            | 0.0118706 |
|    clip_fraction        | 0.16      |
|    clip_range           | 0.2       |
|    entropy_loss         | -7.18     |
|    explained_variance   | 0.732     |
|    learning_rate        | 0.000216  |
|    loss                 | 0.062     |
|    n_updates            | 305       |
|    policy_gradient_loss | 0.0109    |
|    std                  | 0.593     |
|    value_loss           | 0.0665    |
---------------------------------------
Early stopping at step 0 due to reaching max kl: 0.03
-----------------------------------------
| rollout/                |             |
|    ep_len_mean          | 698         |
|    ep_rew_mean          | 1.26e+03    |
| time/                   |             |
|    fps                  | 2619        |
|    iterations           | 257         |
|    time_elapsed         | 803         |
|    total_timesteps      | 2105344     |
| train/                  |             |
|    approx_kl            | 0.008729114 |
|    clip_fraction        | 0.116       |
|    clip_range           | 0.2         |
|    entropy_loss         | -7.17       |
|    explained_variance   | 0.642       |
|    learning_rate        | 0.000216    |
|    loss                 | 0.0434      |
|    n_updates            | 306         |
|    policy_gradient_loss | 0.00785     |
|    std                  | 0.593       |
|    value_loss           | 0.0883      |
-----------------------------------------
Early stopping at step 0 due to reaching max kl: 0.03
-----------------------------------------
| rollout/                |             |
|    ep_len_mean          | 686         |
|    ep_rew_mean          | 1.25e+03    |
| time/                   |             |
|    fps                  | 2619        |
|    iterations           | 258         |
|    time_elapsed         | 806         |
|    total_timesteps      | 2113536     |
| train/                  |             |
|    approx_kl            | 0.010859912 |
|    clip_fraction        | 0.152       |
|    clip_range           | 0.2         |
|    entropy_loss         | -7.17       |
|    explained_variance   | 0.704       |
|    learning_rate        | 0.000216    |
|    loss                 | 0.038       |
|    n_updates            | 307         |
|    policy_gradient_loss | 0.00628     |
|    std                  | 0.592       |
|    value_loss           | 0.0436      |
-----------------------------------------
Early stopping at step 0 due to reaching max kl: 0.03
----------------------------------------
| rollout/                |            |
|    ep_len_mean          | 707        |
|    ep_rew_mean          | 1.29e+03   |
| time/                   |            |
|    fps                  | 2619       |
|    iterations           | 259        |
|    time_elapsed         | 810        |
|    total_timesteps      | 2121728    |
| train/                  |            |
|    approx_kl            | 0.01467159 |
|    clip_fraction        | 0.193      |
|    clip_range           | 0.2        |
|    entropy_loss         | -7.15      |
|    explained_variance   | 0.697      |
|    learning_rate        | 0.000215   |
|    loss                 | 0.0551     |
|    n_updates            | 308        |
|    policy_gradient_loss | 0.00649    |
|    std                  | 0.591      |
|    value_loss           | 0.0736     |
----------------------------------------
Early stopping at step 0 due to reaching max kl: 0.03
-----------------------------------------
| rollout/                |             |
|    ep_len_mean          | 690         |
|    ep_rew_mean          | 1.26e+03    |
| time/                   |             |
|    fps                  | 2619        |
|    iterations           | 260         |
|    time_elapsed         | 813         |
|    total_timesteps      | 2129920     |
| train/                  |             |
|    approx_kl            | 0.011120658 |
|    clip_fraction        | 0.155       |
|    clip_range           | 0.2         |
|    entropy_loss         | -7.13       |
|    explained_variance   | 0.678       |
|    learning_rate        | 0.000215    |
|    loss                 | 0.0325      |
|    n_updates            | 309         |
|    policy_gradient_loss | 0.00515     |
|    std                  | 0.59        |
|    value_loss           | 0.0176      |
-----------------------------------------
Early stopping at step 0 due to reaching max kl: 0.03
-----------------------------------------
| rollout/                |             |
|    ep_len_mean          | 674         |
|    ep_rew_mean          | 1.24e+03    |
| time/                   |             |
|    fps                  | 2619        |
|    iterations           | 261         |
|    time_elapsed         | 816         |
|    total_timesteps      | 2138112     |
| train/                  |             |
|    approx_kl            | 0.015030652 |
|    clip_fraction        | 0.197       |
|    clip_range           | 0.2         |
|    entropy_loss         | -7.12       |
|    explained_variance   | 0.67        |
|    learning_rate        | 0.000215    |
|    loss                 | 0.0547      |
|    n_updates            | 310         |
|    policy_gradient_loss | 0.00572     |
|    std                  | 0.589       |
|    value_loss           | 0.0774      |
-----------------------------------------
Early stopping at step 0 due to reaching max kl: 0.03
-----------------------------------------
| rollout/                |             |
|    ep_len_mean          | 666         |
|    ep_rew_mean          | 1.22e+03    |
| time/                   |             |
|    fps                  | 2619        |
|    iterations           | 262         |
|    time_elapsed         | 819         |
|    total_timesteps      | 2146304     |
| train/                  |             |
|    approx_kl            | 0.012334728 |
|    clip_fraction        | 0.167       |
|    clip_range           | 0.2         |
|    entropy_loss         | -7.1        |
|    explained_variance   | 0.663       |
|    learning_rate        | 0.000214    |
|    loss                 | 0.163       |
|    n_updates            | 311         |
|    policy_gradient_loss | 0.00649     |
|    std                  | 0.588       |
|    value_loss           | 0.0627      |
-----------------------------------------
Early stopping at step 0 due to reaching max kl: 0.03
----------------------------------------
| rollout/                |            |
|    ep_len_mean          | 656        |
|    ep_rew_mean          | 1.22e+03   |
| time/                   |            |
|    fps                  | 2619       |
|    iterations           | 263        |
|    time_elapsed         | 822        |
|    total_timesteps      | 2154496    |
| train/                  |            |
|    approx_kl            | 0.01262726 |
|    clip_fraction        | 0.172      |
|    clip_range           | 0.2        |
|    entropy_loss         | -7.09      |
|    explained_variance   | 0.741      |
|    learning_rate        | 0.000214   |
|    loss                 | 0.122      |
|    n_updates            | 312        |
|    policy_gradient_loss | 0.00521    |
|    std                  | 0.586      |
|    value_loss           | 0.0529     |
----------------------------------------
Early stopping at step 0 due to reaching max kl: 0.04
-----------------------------------------
| rollout/                |             |
|    ep_len_mean          | 672         |
|    ep_rew_mean          | 1.25e+03    |
| time/                   |             |
|    fps                  | 2620        |
|    iterations           | 264         |
|    time_elapsed         | 825         |
|    total_timesteps      | 2162688     |
| train/                  |             |
|    approx_kl            | 0.011757779 |
|    clip_fraction        | 0.156       |
|    clip_range           | 0.2         |
|    entropy_loss         | -7.07       |
|    explained_variance   | 0.656       |
|    learning_rate        | 0.000214    |
|    loss                 | 0.00577     |
|    n_updates            | 313         |
|    policy_gradient_loss | 0.00483     |
|    std                  | 0.586       |
|    value_loss           | 0.0742      |
-----------------------------------------
Early stopping at step 0 due to reaching max kl: 0.03
-----------------------------------------
| rollout/                |             |
|    ep_len_mean          | 697         |
|    ep_rew_mean          | 1.3e+03     |
| time/                   |             |
|    fps                  | 2620        |
|    iterations           | 265         |
|    time_elapsed         | 828         |
|    total_timesteps      | 2170880     |
| train/                  |             |
|    approx_kl            | 0.013510354 |
|    clip_fraction        | 0.19        |
|    clip_range           | 0.2         |
|    entropy_loss         | -7.05       |
|    explained_variance   | 0.669       |
|    learning_rate        | 0.000213    |
|    loss                 | 0.00876     |
|    n_updates            | 314         |
|    policy_gradient_loss | 0.00921     |
|    std                  | 0.584       |
|    value_loss           | 0.0204      |
-----------------------------------------
Early stopping at step 0 due to reaching max kl: 0.03
-----------------------------------------
| rollout/                |             |
|    ep_len_mean          | 665         |
|    ep_rew_mean          | 1.24e+03    |
| time/                   |             |
|    fps                  | 2620        |
|    iterations           | 266         |
|    time_elapsed         | 831         |
|    total_timesteps      | 2179072     |
| train/                  |             |
|    approx_kl            | 0.014327038 |
|    clip_fraction        | 0.201       |
|    clip_range           | 0.2         |
|    entropy_loss         | -7.03       |
|    explained_variance   | 0.678       |
|    learning_rate        | 0.000213    |
|    loss                 | 0.000931    |
|    n_updates            | 315         |
|    policy_gradient_loss | 0.00472     |
|    std                  | 0.582       |
|    value_loss           | 0.0415      |
-----------------------------------------
Early stopping at step 0 due to reaching max kl: 0.03
----------------------------------------
| rollout/                |            |
|    ep_len_mean          | 648        |
|    ep_rew_mean          | 1.21e+03   |
| time/                   |            |
|    fps                  | 2619       |
|    iterations           | 267        |
|    time_elapsed         | 834        |
|    total_timesteps      | 2187264    |
| train/                  |            |
|    approx_kl            | 0.01569791 |
|    clip_fraction        | 0.208      |
|    clip_range           | 0.2        |
|    entropy_loss         | -7.02      |
|    explained_variance   | 0.672      |
|    learning_rate        | 0.000213   |
|    loss                 | 0.0327     |
|    n_updates            | 316        |
|    policy_gradient_loss | 0.00831    |
|    std                  | 0.582      |
|    value_loss           | 0.0872     |
----------------------------------------
Early stopping at step 0 due to reaching max kl: 0.03
-----------------------------------------
| rollout/                |             |
|    ep_len_mean          | 670         |
|    ep_rew_mean          | 1.25e+03    |
| time/                   |             |
|    fps                  | 2620        |
|    iterations           | 268         |
|    time_elapsed         | 837         |
|    total_timesteps      | 2195456     |
| train/                  |             |
|    approx_kl            | 0.010924981 |
|    clip_fraction        | 0.15        |
|    clip_range           | 0.2         |
|    entropy_loss         | -7.01       |
|    explained_variance   | 0.722       |
|    learning_rate        | 0.000213    |
|    loss                 | 0.076       |
|    n_updates            | 317         |
|    policy_gradient_loss | 0.00244     |
|    std                  | 0.581       |
|    value_loss           | 0.0397      |
-----------------------------------------
Early stopping at step 0 due to reaching max kl: 0.03
-----------------------------------------
| rollout/                |             |
|    ep_len_mean          | 679         |
|    ep_rew_mean          | 1.27e+03    |
| time/                   |             |
|    fps                  | 2620        |
|    iterations           | 269         |
|    time_elapsed         | 841         |
|    total_timesteps      | 2203648     |
| train/                  |             |
|    approx_kl            | 0.013917919 |
|    clip_fraction        | 0.189       |
|    clip_range           | 0.2         |
|    entropy_loss         | -6.99       |
|    explained_variance   | 0.769       |
|    learning_rate        | 0.000212    |
|    loss                 | 0.0144      |
|    n_updates            | 318         |
|    policy_gradient_loss | 0.0102      |
|    std                  | 0.579       |
|    value_loss           | 0.0331      |
-----------------------------------------
Early stopping at step 0 due to reaching max kl: 0.03
-----------------------------------------
| rollout/                |             |
|    ep_len_mean          | 680         |
|    ep_rew_mean          | 1.27e+03    |
| time/                   |             |
|    fps                  | 2620        |
|    iterations           | 270         |
|    time_elapsed         | 844         |
|    total_timesteps      | 2211840     |
| train/                  |             |
|    approx_kl            | 0.010799337 |
|    clip_fraction        | 0.146       |
|    clip_range           | 0.2         |
|    entropy_loss         | -6.98       |
|    explained_variance   | 0.736       |
|    learning_rate        | 0.000212    |
|    loss                 | 0.0125      |
|    n_updates            | 319         |
|    policy_gradient_loss | 0.00432     |
|    std                  | 0.579       |
|    value_loss           | 0.0533      |
-----------------------------------------
Early stopping at step 0 due to reaching max kl: 0.03
-----------------------------------------
| rollout/                |             |
|    ep_len_mean          | 693         |
|    ep_rew_mean          | 1.3e+03     |
| time/                   |             |
|    fps                  | 2620        |
|    iterations           | 271         |
|    time_elapsed         | 847         |
|    total_timesteps      | 2220032     |
| train/                  |             |
|    approx_kl            | 0.014576758 |
|    clip_fraction        | 0.197       |
|    clip_range           | 0.2         |
|    entropy_loss         | -6.96       |
|    explained_variance   | 0.737       |
|    learning_rate        | 0.000212    |
|    loss                 | 0.0397      |
|    n_updates            | 320         |
|    policy_gradient_loss | 0.00755     |
|    std                  | 0.577       |
|    value_loss           | 0.0426      |
-----------------------------------------
Early stopping at step 0 due to reaching max kl: 0.03
-----------------------------------------
| rollout/                |             |
|    ep_len_mean          | 706         |
|    ep_rew_mean          | 1.32e+03    |
| time/                   |             |
|    fps                  | 2620        |
|    iterations           | 272         |
|    time_elapsed         | 850         |
|    total_timesteps      | 2228224     |
| train/                  |             |
|    approx_kl            | 0.014442481 |
|    clip_fraction        | 0.209       |
|    clip_range           | 0.2         |
|    entropy_loss         | -6.94       |
|    explained_variance   | 0.715       |
|    learning_rate        | 0.000211    |
|    loss                 | 0.0198      |
|    n_updates            | 321         |
|    policy_gradient_loss | 0.00579     |
|    std                  | 0.575       |
|    value_loss           | 0.0252      |
-----------------------------------------
Early stopping at step 0 due to reaching max kl: 0.03
-----------------------------------------
| rollout/                |             |
|    ep_len_mean          | 697         |
|    ep_rew_mean          | 1.31e+03    |
| time/                   |             |
|    fps                  | 2620        |
|    iterations           | 273         |
|    time_elapsed         | 853         |
|    total_timesteps      | 2236416     |
| train/                  |             |
|    approx_kl            | 0.011432444 |
|    clip_fraction        | 0.153       |
|    clip_range           | 0.2         |
|    entropy_loss         | -6.92       |
|    explained_variance   | 0.758       |
|    learning_rate        | 0.000211    |
|    loss                 | 0.021       |
|    n_updates            | 322         |
|    policy_gradient_loss | 0.00934     |
|    std                  | 0.574       |
|    value_loss           | 0.0497      |
-----------------------------------------
Early stopping at step 0 due to reaching max kl: 0.03
-----------------------------------------
| rollout/                |             |
|    ep_len_mean          | 705         |
|    ep_rew_mean          | 1.32e+03    |
| time/                   |             |
|    fps                  | 2620        |
|    iterations           | 274         |
|    time_elapsed         | 856         |
|    total_timesteps      | 2244608     |
| train/                  |             |
|    approx_kl            | 0.011588845 |
|    clip_fraction        | 0.154       |
|    clip_range           | 0.2         |
|    entropy_loss         | -6.91       |
|    explained_variance   | 0.741       |
|    learning_rate        | 0.000211    |
|    loss                 | 0.00697     |
|    n_updates            | 323         |
|    policy_gradient_loss | -0.00163    |
|    std                  | 0.574       |
|    value_loss           | 0.0488      |
-----------------------------------------
Early stopping at step 0 due to reaching max kl: 0.03
-----------------------------------------
| rollout/                |             |
|    ep_len_mean          | 744         |
|    ep_rew_mean          | 1.4e+03     |
| time/                   |             |
|    fps                  | 2620        |
|    iterations           | 275         |
|    time_elapsed         | 859         |
|    total_timesteps      | 2252800     |
| train/                  |             |
|    approx_kl            | 0.011749008 |
|    clip_fraction        | 0.155       |
|    clip_range           | 0.2         |
|    entropy_loss         | -6.9        |
|    explained_variance   | 0.762       |
|    learning_rate        | 0.00021     |
|    loss                 | 0.0673      |
|    n_updates            | 324         |
|    policy_gradient_loss | 0.00417     |
|    std                  | 0.573       |
|    value_loss           | 0.0473      |
-----------------------------------------
Early stopping at step 1 due to reaching max kl: 0.03
-----------------------------------------
| rollout/                |             |
|    ep_len_mean          | 752         |
|    ep_rew_mean          | 1.41e+03    |
| time/                   |             |
|    fps                  | 2620        |
|    iterations           | 276         |
|    time_elapsed         | 862         |
|    total_timesteps      | 2260992     |
| train/                  |             |
|    approx_kl            | 0.021943672 |
|    clip_fraction        | 0.2         |
|    clip_range           | 0.2         |
|    entropy_loss         | -6.88       |
|    explained_variance   | 0.752       |
|    learning_rate        | 0.00021     |
|    loss                 | 0.0362      |
|    n_updates            | 326         |
|    policy_gradient_loss | 0.00744     |
|    std                  | 0.572       |
|    value_loss           | 0.0341      |
-----------------------------------------
Early stopping at step 0 due to reaching max kl: 0.03
-----------------------------------------
| rollout/                |             |
|    ep_len_mean          | 760         |
|    ep_rew_mean          | 1.43e+03    |
| time/                   |             |
|    fps                  | 2620        |
|    iterations           | 277         |
|    time_elapsed         | 865         |
|    total_timesteps      | 2269184     |
| train/                  |             |
|    approx_kl            | 0.013255528 |
|    clip_fraction        | 0.179       |
|    clip_range           | 0.2         |
|    entropy_loss         | -6.87       |
|    explained_variance   | 0.648       |
|    learning_rate        | 0.00021     |
|    loss                 | 0.0786      |
|    n_updates            | 327         |
|    policy_gradient_loss | 0.00917     |
|    std                  | 0.571       |
|    value_loss           | 0.0616      |
-----------------------------------------
Early stopping at step 1 due to reaching max kl: 0.03
-----------------------------------------
| rollout/                |             |
|    ep_len_mean          | 764         |
|    ep_rew_mean          | 1.45e+03    |
| time/                   |             |
|    fps                  | 2620        |
|    iterations           | 278         |
|    time_elapsed         | 869         |
|    total_timesteps      | 2277376     |
| train/                  |             |
|    approx_kl            | 0.022920493 |
|    clip_fraction        | 0.226       |
|    clip_range           | 0.2         |
|    entropy_loss         | -6.84       |
|    explained_variance   | 0.759       |
|    learning_rate        | 0.000209    |
|    loss                 | -0.00671    |
|    n_updates            | 329         |
|    policy_gradient_loss | 0.00651     |
|    std                  | 0.568       |
|    value_loss           | 0.0185      |
-----------------------------------------
Early stopping at step 0 due to reaching max kl: 0.03
-----------------------------------------
| rollout/                |             |
|    ep_len_mean          | 769         |
|    ep_rew_mean          | 1.46e+03    |
| time/                   |             |
|    fps                  | 2620        |
|    iterations           | 279         |
|    time_elapsed         | 872         |
|    total_timesteps      | 2285568     |
| train/                  |             |
|    approx_kl            | 0.011110793 |
|    clip_fraction        | 0.154       |
|    clip_range           | 0.2         |
|    entropy_loss         | -6.82       |
|    explained_variance   | 0.656       |
|    learning_rate        | 0.000209    |
|    loss                 | 0.0395      |
|    n_updates            | 330         |
|    policy_gradient_loss | 0.00447     |
|    std                  | 0.567       |
|    value_loss           | 0.0621      |
-----------------------------------------
Early stopping at step 1 due to reaching max kl: 0.03
-----------------------------------------
| rollout/                |             |
|    ep_len_mean          | 738         |
|    ep_rew_mean          | 1.41e+03    |
| time/                   |             |
|    fps                  | 2620        |
|    iterations           | 280         |
|    time_elapsed         | 875         |
|    total_timesteps      | 2293760     |
| train/                  |             |
|    approx_kl            | 0.021389619 |
|    clip_fraction        | 0.202       |
|    clip_range           | 0.2         |
|    entropy_loss         | -6.79       |
|    explained_variance   | 0.616       |
|    learning_rate        | 0.000209    |
|    loss                 | -0.0055     |
|    n_updates            | 332         |
|    policy_gradient_loss | 0.00662     |
|    std                  | 0.565       |
|    value_loss           | 0.0612      |
-----------------------------------------
Early stopping at step 0 due to reaching max kl: 0.03
-----------------------------------------
| rollout/                |             |
|    ep_len_mean          | 706         |
|    ep_rew_mean          | 1.35e+03    |
| time/                   |             |
|    fps                  | 2620        |
|    iterations           | 281         |
|    time_elapsed         | 878         |
|    total_timesteps      | 2301952     |
| train/                  |             |
|    approx_kl            | 0.013024053 |
|    clip_fraction        | 0.173       |
|    clip_range           | 0.2         |
|    entropy_loss         | -6.77       |
|    explained_variance   | 0.63        |
|    learning_rate        | 0.000208    |
|    loss                 | 0.0496      |
|    n_updates            | 333         |
|    policy_gradient_loss | 0.00612     |
|    std                  | 0.564       |
|    value_loss           | 0.0615      |
-----------------------------------------
Early stopping at step 0 due to reaching max kl: 0.03
-----------------------------------------
| rollout/                |             |
|    ep_len_mean          | 698         |
|    ep_rew_mean          | 1.34e+03    |
| time/                   |             |
|    fps                  | 2620        |
|    iterations           | 282         |
|    time_elapsed         | 881         |
|    total_timesteps      | 2310144     |
| train/                  |             |
|    approx_kl            | 0.011541509 |
|    clip_fraction        | 0.147       |
|    clip_range           | 0.2         |
|    entropy_loss         | -6.76       |
|    explained_variance   | 0.61        |
|    learning_rate        | 0.000208    |
|    loss                 | 0.115       |
|    n_updates            | 334         |
|    policy_gradient_loss | 0.0055      |
|    std                  | 0.564       |
|    value_loss           | 0.096       |
-----------------------------------------
Early stopping at step 0 due to reaching max kl: 0.03
-----------------------------------------
| rollout/                |             |
|    ep_len_mean          | 690         |
|    ep_rew_mean          | 1.33e+03    |
| time/                   |             |
|    fps                  | 2620        |
|    iterations           | 283         |
|    time_elapsed         | 884         |
|    total_timesteps      | 2318336     |
| train/                  |             |
|    approx_kl            | 0.010752201 |
|    clip_fraction        | 0.152       |
|    clip_range           | 0.2         |
|    entropy_loss         | -6.76       |
|    explained_variance   | 0.679       |
|    learning_rate        | 0.000208    |
|    loss                 | 0.00542     |
|    n_updates            | 335         |
|    policy_gradient_loss | 0.00291     |
|    std                  | 0.563       |
|    value_loss           | 0.0658      |
-----------------------------------------
Early stopping at step 0 due to reaching max kl: 0.03
-----------------------------------------
| rollout/                |             |
|    ep_len_mean          | 685         |
|    ep_rew_mean          | 1.32e+03    |
| time/                   |             |
|    fps                  | 2620        |
|    iterations           | 284         |
|    time_elapsed         | 887         |
|    total_timesteps      | 2326528     |
| train/                  |             |
|    approx_kl            | 0.011994299 |
|    clip_fraction        | 0.163       |
|    clip_range           | 0.2         |
|    entropy_loss         | -6.75       |
|    explained_variance   | 0.697       |
|    learning_rate        | 0.000207    |
|    loss                 | 0.018       |
|    n_updates            | 336         |
|    policy_gradient_loss | 0.00542     |
|    std                  | 0.562       |
|    value_loss           | 0.0405      |
-----------------------------------------
Early stopping at step 0 due to reaching max kl: 0.05
-----------------------------------------
| rollout/                |             |
|    ep_len_mean          | 668         |
|    ep_rew_mean          | 1.29e+03    |
| time/                   |             |
|    fps                  | 2621        |
|    iterations           | 285         |
|    time_elapsed         | 890         |
|    total_timesteps      | 2334720     |
| train/                  |             |
|    approx_kl            | 0.014788791 |
|    clip_fraction        | 0.199       |
|    clip_range           | 0.2         |
|    entropy_loss         | -6.74       |
|    explained_variance   | 0.7         |
|    learning_rate        | 0.000207    |
|    loss                 | 0.0143      |
|    n_updates            | 337         |
|    policy_gradient_loss | 0.00312     |
|    std                  | 0.561       |
|    value_loss           | 0.0491      |
-----------------------------------------
Early stopping at step 0 due to reaching max kl: 0.03
-----------------------------------------
| rollout/                |             |
|    ep_len_mean          | 623         |
|    ep_rew_mean          | 1.2e+03     |
| time/                   |             |
|    fps                  | 2621        |
|    iterations           | 286         |
|    time_elapsed         | 893         |
|    total_timesteps      | 2342912     |
| train/                  |             |
|    approx_kl            | 0.013697252 |
|    clip_fraction        | 0.185       |
|    clip_range           | 0.2         |
|    entropy_loss         | -6.72       |
|    explained_variance   | 0.728       |
|    learning_rate        | 0.000207    |
|    loss                 | 0.0894      |
|    n_updates            | 338         |
|    policy_gradient_loss | 0.00614     |
|    std                  | 0.561       |
|    value_loss           | 0.057       |
-----------------------------------------
Early stopping at step 0 due to reaching max kl: 0.03
-----------------------------------------
| rollout/                |             |
|    ep_len_mean          | 646         |
|    ep_rew_mean          | 1.25e+03    |
| time/                   |             |
|    fps                  | 2621        |
|    iterations           | 287         |
|    time_elapsed         | 896         |
|    total_timesteps      | 2351104     |
| train/                  |             |
|    approx_kl            | 0.008597601 |
|    clip_fraction        | 0.112       |
|    clip_range           | 0.2         |
|    entropy_loss         | -6.72       |
|    explained_variance   | 0.652       |
|    learning_rate        | 0.000206    |
|    loss                 | 0.103       |
|    n_updates            | 339         |
|    policy_gradient_loss | 0.00854     |
|    std                  | 0.56        |
|    value_loss           | 0.117       |
-----------------------------------------
Early stopping at step 0 due to reaching max kl: 0.03
[Progress] Training 6/6: 2,359,248/5,000,000 steps (47.2%); 0 full runs remain afterward; rough training ETA 17m.
-----------------------------------------
| rollout/                |             |
|    ep_len_mean          | 652         |
|    ep_rew_mean          | 1.25e+03    |
| time/                   |             |
|    fps                  | 2621        |
|    iterations           | 288         |
|    time_elapsed         | 900         |
|    total_timesteps      | 2359296     |
| train/                  |             |
|    approx_kl            | 0.013038359 |
|    clip_fraction        | 0.185       |
|    clip_range           | 0.2         |
|    entropy_loss         | -6.71       |
|    explained_variance   | 0.697       |
|    learning_rate        | 0.000206    |
|    loss                 | 0.0744      |
|    n_updates            | 340         |
|    policy_gradient_loss | 0.0106      |
|    std                  | 0.559       |
|    value_loss           | 0.0353      |
-----------------------------------------
Early stopping at step 0 due to reaching max kl: 0.03
-----------------------------------------
| rollout/                |             |
|    ep_len_mean          | 710         |
|    ep_rew_mean          | 1.37e+03    |
| time/                   |             |
|    fps                  | 2621        |
|    iterations           | 289         |
|    time_elapsed         | 903         |
|    total_timesteps      | 2367488     |
| train/                  |             |
|    approx_kl            | 0.012320687 |
|    clip_fraction        | 0.155       |
|    clip_range           | 0.2         |
|    entropy_loss         | -6.7        |
|    explained_variance   | 0.724       |
|    learning_rate        | 0.000206    |
|    loss                 | 0.0655      |
|    n_updates            | 341         |
|    policy_gradient_loss | 0.00663     |
|    std                  | 0.559       |
|    value_loss           | 0.0539      |
-----------------------------------------
Early stopping at step 0 due to reaching max kl: 0.03
-----------------------------------------
| rollout/                |             |
|    ep_len_mean          | 728         |
|    ep_rew_mean          | 1.41e+03    |
| time/                   |             |
|    fps                  | 2621        |
|    iterations           | 290         |
|    time_elapsed         | 906         |
|    total_timesteps      | 2375680     |
| train/                  |             |
|    approx_kl            | 0.011918537 |
|    clip_fraction        | 0.16        |
|    clip_range           | 0.2         |
|    entropy_loss         | -6.68       |
|    explained_variance   | 0.767       |
|    learning_rate        | 0.000205    |
|    loss                 | 0.022       |
|    n_updates            | 342         |
|    policy_gradient_loss | 0.00676     |
|    std                  | 0.557       |
|    value_loss           | 0.0296      |
-----------------------------------------
Early stopping at step 0 due to reaching max kl: 0.04
-----------------------------------------
| rollout/                |             |
|    ep_len_mean          | 726         |
|    ep_rew_mean          | 1.41e+03    |
| time/                   |             |
|    fps                  | 2621        |
|    iterations           | 291         |
|    time_elapsed         | 909         |
|    total_timesteps      | 2383872     |
| train/                  |             |
|    approx_kl            | 0.014662921 |
|    clip_fraction        | 0.207       |
|    clip_range           | 0.2         |
|    entropy_loss         | -6.65       |
|    explained_variance   | 0.786       |
|    learning_rate        | 0.000205    |
|    loss                 | 0.0443      |
|    n_updates            | 343         |
|    policy_gradient_loss | 0.00694     |
|    std                  | 0.555       |
|    value_loss           | 0.00607     |
-----------------------------------------
Early stopping at step 0 due to reaching max kl: 0.03
----------------------------------------
| rollout/                |            |
|    ep_len_mean          | 736        |
|    ep_rew_mean          | 1.43e+03   |
| time/                   |            |
|    fps                  | 2621       |
|    iterations           | 292        |
|    time_elapsed         | 912        |
|    total_timesteps      | 2392064    |
| train/                  |            |
|    approx_kl            | 0.01274845 |
|    clip_fraction        | 0.176      |
|    clip_range           | 0.2        |
|    entropy_loss         | -6.63      |
|    explained_variance   | 0.516      |
|    learning_rate        | 0.000205   |
|    loss                 | 0.0576     |
|    n_updates            | 344        |
|    policy_gradient_loss | 0.00531    |
|    std                  | 0.554      |
|    value_loss           | 0.0585     |
----------------------------------------
Early stopping at step 1 due to reaching max kl: 0.06
----------------------------------------
| rollout/                |            |
|    ep_len_mean          | 718        |
|    ep_rew_mean          | 1.4e+03    |
| time/                   |            |
|    fps                  | 2621       |
|    iterations           | 293        |
|    time_elapsed         | 915        |
|    total_timesteps      | 2400256    |
| train/                  |            |
|    approx_kl            | 0.02633803 |
|    clip_fraction        | 0.21       |
|    clip_range           | 0.2        |
|    entropy_loss         | -6.61      |
|    explained_variance   | 0.628      |
|    learning_rate        | 0.000204   |
|    loss                 | -0.00143   |
|    n_updates            | 346        |
|    policy_gradient_loss | 0.0054     |
|    std                  | 0.551      |
|    value_loss           | 0.0233     |
----------------------------------------
Early stopping at step 0 due to reaching max kl: 0.03
-----------------------------------------
| rollout/                |             |
|    ep_len_mean          | 720         |
|    ep_rew_mean          | 1.41e+03    |
| time/                   |             |
|    fps                  | 2621        |
|    iterations           | 294         |
|    time_elapsed         | 918         |
|    total_timesteps      | 2408448     |
| train/                  |             |
|    approx_kl            | 0.011659842 |
|    clip_fraction        | 0.163       |
|    clip_range           | 0.2         |
|    entropy_loss         | -6.58       |
|    explained_variance   | 0.574       |
|    learning_rate        | 0.000204    |
|    loss                 | 0.0457      |
|    n_updates            | 347         |
|    policy_gradient_loss | 0.00615     |
|    std                  | 0.551       |
|    value_loss           | 0.085       |
-----------------------------------------
Early stopping at step 0 due to reaching max kl: 0.05
-----------------------------------------
| rollout/                |             |
|    ep_len_mean          | 732         |
|    ep_rew_mean          | 1.44e+03    |
| time/                   |             |
|    fps                  | 2621        |
|    iterations           | 295         |
|    time_elapsed         | 921         |
|    total_timesteps      | 2416640     |
| train/                  |             |
|    approx_kl            | 0.012456049 |
|    clip_fraction        | 0.161       |
|    clip_range           | 0.2         |
|    entropy_loss         | -6.57       |
|    explained_variance   | 0.563       |
|    learning_rate        | 0.000204    |
|    loss                 | 0.0799      |
|    n_updates            | 348         |
|    policy_gradient_loss | 0.00627     |
|    std                  | 0.55        |
|    value_loss           | 0.0873      |
-----------------------------------------
Early stopping at step 0 due to reaching max kl: 0.03
-----------------------------------------
| rollout/                |             |
|    ep_len_mean          | 719         |
|    ep_rew_mean          | 1.42e+03    |
| time/                   |             |
|    fps                  | 2621        |
|    iterations           | 296         |
|    time_elapsed         | 924         |
|    total_timesteps      | 2424832     |
| train/                  |             |
|    approx_kl            | 0.013633646 |
|    clip_fraction        | 0.191       |
|    clip_range           | 0.2         |
|    entropy_loss         | -6.55       |
|    explained_variance   | 0.631       |
|    learning_rate        | 0.000203    |
|    loss                 | 0.00966     |
|    n_updates            | 349         |
|    policy_gradient_loss | 0.00649     |
|    std                  | 0.549       |
|    value_loss           | 0.0552      |
-----------------------------------------
Early stopping at step 0 due to reaching max kl: 0.03
-----------------------------------------
| rollout/                |             |
|    ep_len_mean          | 729         |
|    ep_rew_mean          | 1.44e+03    |
| time/                   |             |
|    fps                  | 2622        |
|    iterations           | 297         |
|    time_elapsed         | 927         |
|    total_timesteps      | 2433024     |
| train/                  |             |
|    approx_kl            | 0.012960134 |
|    clip_fraction        | 0.176       |
|    clip_range           | 0.2         |
|    entropy_loss         | -6.54       |
|    explained_variance   | 0.683       |
|    learning_rate        | 0.000203    |
|    loss                 | 0.0748      |
|    n_updates            | 350         |
|    policy_gradient_loss | 0.00594     |
|    std                  | 0.548       |
|    value_loss           | 0.0481      |
-----------------------------------------
Early stopping at step 0 due to reaching max kl: 0.03
-----------------------------------------
| rollout/                |             |
|    ep_len_mean          | 726         |
|    ep_rew_mean          | 1.43e+03    |
| time/                   |             |
|    fps                  | 2622        |
|    iterations           | 298         |
|    time_elapsed         | 930         |
|    total_timesteps      | 2441216     |
| train/                  |             |
|    approx_kl            | 0.014606325 |
|    clip_fraction        | 0.205       |
|    clip_range           | 0.2         |
|    entropy_loss         | -6.53       |
|    explained_variance   | 0.639       |
|    learning_rate        | 0.000203    |
|    loss                 | 0.0881      |
|    n_updates            | 351         |
|    policy_gradient_loss | 0.00685     |
|    std                  | 0.547       |
|    value_loss           | 0.0316      |
-----------------------------------------
Early stopping at step 0 due to reaching max kl: 0.03
-----------------------------------------
| rollout/                |             |
|    ep_len_mean          | 728         |
|    ep_rew_mean          | 1.44e+03    |
| time/                   |             |
|    fps                  | 2622        |
|    iterations           | 299         |
|    time_elapsed         | 934         |
|    total_timesteps      | 2449408     |
| train/                  |             |
|    approx_kl            | 0.015935147 |
|    clip_fraction        | 0.221       |
|    clip_range           | 0.2         |
|    entropy_loss         | -6.5        |
|    explained_variance   | 0.532       |
|    learning_rate        | 0.000202    |
|    loss                 | -0.0139     |
|    n_updates            | 352         |
|    policy_gradient_loss | 0.00339     |
|    std                  | 0.545       |
|    value_loss           | 0.0201      |
-----------------------------------------
Early stopping at step 0 due to reaching max kl: 0.03
-----------------------------------------
| rollout/                |             |
|    ep_len_mean          | 716         |
|    ep_rew_mean          | 1.41e+03    |
| time/                   |             |
|    fps                  | 2622        |
|    iterations           | 300         |
|    time_elapsed         | 937         |
|    total_timesteps      | 2457600     |
| train/                  |             |
|    approx_kl            | 0.013524023 |
|    clip_fraction        | 0.194       |
|    clip_range           | 0.2         |
|    entropy_loss         | -6.47       |
|    explained_variance   | 0.39        |
|    learning_rate        | 0.000202    |
|    loss                 | 0.0501      |
|    n_updates            | 353         |
|    policy_gradient_loss | 0.0063      |
|    std                  | 0.543       |
|    value_loss           | 0.0194      |
-----------------------------------------
Early stopping at step 0 due to reaching max kl: 0.03
-----------------------------------------
| rollout/                |             |
|    ep_len_mean          | 712         |
|    ep_rew_mean          | 1.4e+03     |
| time/                   |             |
|    fps                  | 2622        |
|    iterations           | 301         |
|    time_elapsed         | 940         |
|    total_timesteps      | 2465792     |
| train/                  |             |
|    approx_kl            | 0.012203189 |
|    clip_fraction        | 0.166       |
|    clip_range           | 0.2         |
|    entropy_loss         | -6.45       |
|    explained_variance   | 0.471       |
|    learning_rate        | 0.000202    |
|    loss                 | 0.0965      |
|    n_updates            | 354         |
|    policy_gradient_loss | 0.0063      |
|    std                  | 0.542       |
|    value_loss           | 0.0789      |
-----------------------------------------
Early stopping at step 0 due to reaching max kl: 0.03
-----------------------------------------
| rollout/                |             |
|    ep_len_mean          | 725         |
|    ep_rew_mean          | 1.43e+03    |
| time/                   |             |
|    fps                  | 2622        |
|    iterations           | 302         |
|    time_elapsed         | 943         |
|    total_timesteps      | 2473984     |
| train/                  |             |
|    approx_kl            | 0.013767667 |
|    clip_fraction        | 0.187       |
|    clip_range           | 0.2         |
|    entropy_loss         | -6.44       |
|    explained_variance   | 0.591       |
|    learning_rate        | 0.000201    |
|    loss                 | 0.0513      |
|    n_updates            | 355         |
|    policy_gradient_loss | 0.00671     |
|    std                  | 0.541       |
|    value_loss           | 0.0667      |
-----------------------------------------
Early stopping at step 0 due to reaching max kl: 0.04
-----------------------------------------
| rollout/                |             |
|    ep_len_mean          | 740         |
|    ep_rew_mean          | 1.47e+03    |
| time/                   |             |
|    fps                  | 2622        |
|    iterations           | 303         |
|    time_elapsed         | 946         |
|    total_timesteps      | 2482176     |
| train/                  |             |
|    approx_kl            | 0.012402941 |
|    clip_fraction        | 0.163       |
|    clip_range           | 0.2         |
|    entropy_loss         | -6.42       |
|    explained_variance   | 0.49        |
|    learning_rate        | 0.000201    |
|    loss                 | -0.0173     |
|    n_updates            | 356         |
|    policy_gradient_loss | 0.00394     |
|    std                  | 0.539       |
|    value_loss           | 0.0287      |
-----------------------------------------
Early stopping at step 0 due to reaching max kl: 0.03
-----------------------------------------
| rollout/                |             |
|    ep_len_mean          | 763         |
|    ep_rew_mean          | 1.52e+03    |
| time/                   |             |
|    fps                  | 2622        |
|    iterations           | 304         |
|    time_elapsed         | 949         |
|    total_timesteps      | 2490368     |
| train/                  |             |
|    approx_kl            | 0.011603582 |
|    clip_fraction        | 0.157       |
|    clip_range           | 0.2         |
|    entropy_loss         | -6.4        |
|    explained_variance   | 0.499       |
|    learning_rate        | 0.000201    |
|    loss                 | 0.0839      |
|    n_updates            | 357         |
|    policy_gradient_loss | 0.0075      |
|    std                  | 0.538       |
|    value_loss           | 0.0521      |
-----------------------------------------
Early stopping at step 0 due to reaching max kl: 0.03
-----------------------------------------
| rollout/                |             |
|    ep_len_mean          | 748         |
|    ep_rew_mean          | 1.49e+03    |
| time/                   |             |
|    fps                  | 2622        |
|    iterations           | 305         |
|    time_elapsed         | 952         |
|    total_timesteps      | 2498560     |
| train/                  |             |
|    approx_kl            | 0.013081756 |
|    clip_fraction        | 0.185       |
|    clip_range           | 0.2         |
|    entropy_loss         | -6.38       |
|    explained_variance   | 0.657       |
|    learning_rate        | 0.0002      |
|    loss                 | 0.0432      |
|    n_updates            | 358         |
|    policy_gradient_loss | 0.00781     |
|    std                  | 0.536       |
|    value_loss           | 0.0343      |
-----------------------------------------
Early stopping at step 0 due to reaching max kl: 0.03
----------------------------------------
| rollout/                |            |
|    ep_len_mean          | 755        |
|    ep_rew_mean          | 1.51e+03   |
| time/                   |            |
|    fps                  | 2622       |
|    iterations           | 306        |
|    time_elapsed         | 955        |
|    total_timesteps      | 2506752    |
| train/                  |            |
|    approx_kl            | 0.01433891 |
|    clip_fraction        | 0.199      |
|    clip_range           | 0.2        |
|    entropy_loss         | -6.36      |
|    explained_variance   | 0.588      |
|    learning_rate        | 0.0002     |
|    loss                 | 0.0539     |
|    n_updates            | 359        |
|    policy_gradient_loss | 0.01       |
|    std                  | 0.535      |
|    value_loss           | 0.0572     |
----------------------------------------
Early stopping at step 0 due to reaching max kl: 0.03
----------------------------------------
| rollout/                |            |
|    ep_len_mean          | 724        |
|    ep_rew_mean          | 1.46e+03   |
| time/                   |            |
|    fps                  | 2622       |
|    iterations           | 307        |
|    time_elapsed         | 958        |
|    total_timesteps      | 2514944    |
| train/                  |            |
|    approx_kl            | 0.01180075 |
|    clip_fraction        | 0.155      |
|    clip_range           | 0.2        |
|    entropy_loss         | -6.34      |
|    explained_variance   | 0.561      |
|    learning_rate        | 0.0002     |
|    loss                 | 0.00337    |
|    n_updates            | 360        |
|    policy_gradient_loss | 0.00941    |
|    std                  | 0.535      |
|    value_loss           | 0.0418     |
----------------------------------------
Early stopping at step 0 due to reaching max kl: 0.03
-----------------------------------------
| rollout/                |             |
|    ep_len_mean          | 681         |
|    ep_rew_mean          | 1.37e+03    |
| time/                   |             |
|    fps                  | 2622        |
|    iterations           | 308         |
|    time_elapsed         | 962         |
|    total_timesteps      | 2523136     |
| train/                  |             |
|    approx_kl            | 0.011853607 |
|    clip_fraction        | 0.156       |
|    clip_range           | 0.2         |
|    entropy_loss         | -6.33       |
|    explained_variance   | 0.663       |
|    learning_rate        | 0.000199    |
|    loss                 | 0.0487      |
|    n_updates            | 361         |
|    policy_gradient_loss | 0.00665     |
|    std                  | 0.534       |
|    value_loss           | 0.0711      |
-----------------------------------------
Early stopping at step 0 due to reaching max kl: 0.03
---------------------------------------
| rollout/                |           |
|    ep_len_mean          | 706       |
|    ep_rew_mean          | 1.43e+03  |
| time/                   |           |
|    fps                  | 2622      |
|    iterations           | 309       |
|    time_elapsed         | 965       |
|    total_timesteps      | 2531328   |
| train/                  |           |
|    approx_kl            | 0.0110599 |
|    clip_fraction        | 0.145     |
|    clip_range           | 0.2       |
|    entropy_loss         | -6.33     |
|    explained_variance   | 0.684     |
|    learning_rate        | 0.000199  |
|    loss                 | 0.0374    |
|    n_updates            | 362       |
|    policy_gradient_loss | 0.00736   |
|    std                  | 0.533     |
|    value_loss           | 0.0929    |
---------------------------------------
Early stopping at step 0 due to reaching max kl: 0.03
-----------------------------------------
| rollout/                |             |
|    ep_len_mean          | 677         |
|    ep_rew_mean          | 1.38e+03    |
| time/                   |             |
|    fps                  | 2622        |
|    iterations           | 310         |
|    time_elapsed         | 968         |
|    total_timesteps      | 2539520     |
| train/                  |             |
|    approx_kl            | 0.010649157 |
|    clip_fraction        | 0.14        |
|    clip_range           | 0.2         |
|    entropy_loss         | -6.32       |
|    explained_variance   | 0.674       |
|    learning_rate        | 0.000199    |
|    loss                 | 0.119       |
|    n_updates            | 363         |
|    policy_gradient_loss | 0.00538     |
|    std                  | 0.533       |
|    value_loss           | 0.0472      |
-----------------------------------------
Early stopping at step 0 due to reaching max kl: 0.04
-----------------------------------------
| rollout/                |             |
|    ep_len_mean          | 664         |
|    ep_rew_mean          | 1.35e+03    |
| time/                   |             |
|    fps                  | 2622        |
|    iterations           | 311         |
|    time_elapsed         | 971         |
|    total_timesteps      | 2547712     |
| train/                  |             |
|    approx_kl            | 0.013148901 |
|    clip_fraction        | 0.181       |
|    clip_range           | 0.2         |
|    entropy_loss         | -6.3        |
|    explained_variance   | 0.637       |
|    learning_rate        | 0.000198    |
|    loss                 | 0.0807      |
|    n_updates            | 364         |
|    policy_gradient_loss | 0.00312     |
|    std                  | 0.532       |
|    value_loss           | 0.0772      |
-----------------------------------------
Early stopping at step 0 due to reaching max kl: 0.03
-----------------------------------------
| rollout/                |             |
|    ep_len_mean          | 646         |
|    ep_rew_mean          | 1.32e+03    |
| time/                   |             |
|    fps                  | 2622        |
|    iterations           | 312         |
|    time_elapsed         | 974         |
|    total_timesteps      | 2555904     |
| train/                  |             |
|    approx_kl            | 0.013577158 |
|    clip_fraction        | 0.181       |
|    clip_range           | 0.2         |
|    entropy_loss         | -6.29       |
|    explained_variance   | 0.614       |
|    learning_rate        | 0.000198    |
|    loss                 | 0.00142     |
|    n_updates            | 365         |
|    policy_gradient_loss | 0.00477     |
|    std                  | 0.531       |
|    value_loss           | 0.0666      |
-----------------------------------------
Early stopping at step 0 due to reaching max kl: 0.04
-----------------------------------------
| rollout/                |             |
|    ep_len_mean          | 642         |
|    ep_rew_mean          | 1.31e+03    |
| time/                   |             |
|    fps                  | 2623        |
|    iterations           | 313         |
|    time_elapsed         | 977         |
|    total_timesteps      | 2564096     |
| train/                  |             |
|    approx_kl            | 0.011605551 |
|    clip_fraction        | 0.161       |
|    clip_range           | 0.2         |
|    entropy_loss         | -6.28       |
|    explained_variance   | 0.675       |
|    learning_rate        | 0.000198    |
|    loss                 | 0.0398      |
|    n_updates            | 366         |
|    policy_gradient_loss | 0.00882     |
|    std                  | 0.53        |
|    value_loss           | 0.0655      |
-----------------------------------------
Early stopping at step 0 due to reaching max kl: 0.04
------------------------------------------
| rollout/                |              |
|    ep_len_mean          | 642          |
|    ep_rew_mean          | 1.31e+03     |
| time/                   |              |
|    fps                  | 2623         |
|    iterations           | 314          |
|    time_elapsed         | 980          |
|    total_timesteps      | 2572288      |
| train/                  |              |
|    approx_kl            | 0.0096707195 |
|    clip_fraction        | 0.12         |
|    clip_range           | 0.2          |
|    entropy_loss         | -6.26        |
|    explained_variance   | 0.679        |
|    learning_rate        | 0.000197     |
|    loss                 | 0.087        |
|    n_updates            | 367          |
|    policy_gradient_loss | 0.00567      |
|    std                  | 0.529        |
|    value_loss           | 0.0486       |
------------------------------------------
Early stopping at step 0 due to reaching max kl: 0.04
------------------------------------------
| rollout/                |              |
|    ep_len_mean          | 644          |
|    ep_rew_mean          | 1.31e+03     |
| time/                   |              |
|    fps                  | 2623         |
|    iterations           | 315          |
|    time_elapsed         | 983          |
|    total_timesteps      | 2580480      |
| train/                  |              |
|    approx_kl            | 0.0106123155 |
|    clip_fraction        | 0.13         |
|    clip_range           | 0.2          |
|    entropy_loss         | -6.25        |
|    explained_variance   | 0.651        |
|    learning_rate        | 0.000197     |
|    loss                 | 0.0194       |
|    n_updates            | 368          |
|    policy_gradient_loss | 0.00223      |
|    std                  | 0.529        |
|    value_loss           | 0.0742       |
------------------------------------------
Early stopping at step 0 due to reaching max kl: 0.03
-----------------------------------------
| rollout/                |             |
|    ep_len_mean          | 659         |
|    ep_rew_mean          | 1.34e+03    |
| time/                   |             |
|    fps                  | 2623        |
|    iterations           | 316         |
|    time_elapsed         | 986         |
|    total_timesteps      | 2588672     |
| train/                  |             |
|    approx_kl            | 0.012414298 |
|    clip_fraction        | 0.16        |
|    clip_range           | 0.2         |
|    entropy_loss         | -6.24       |
|    explained_variance   | 0.724       |
|    learning_rate        | 0.000197    |
|    loss                 | 0.0776      |
|    n_updates            | 369         |
|    policy_gradient_loss | 0.00649     |
|    std                  | 0.528       |
|    value_loss           | 0.0533      |
-----------------------------------------
Early stopping at step 0 due to reaching max kl: 0.03
-----------------------------------------
| rollout/                |             |
|    ep_len_mean          | 673         |
|    ep_rew_mean          | 1.36e+03    |
| time/                   |             |
|    fps                  | 2624        |
|    iterations           | 317         |
|    time_elapsed         | 989         |
|    total_timesteps      | 2596864     |
| train/                  |             |
|    approx_kl            | 0.011705473 |
|    clip_fraction        | 0.152       |
|    clip_range           | 0.2         |
|    entropy_loss         | -6.23       |
|    explained_variance   | 0.685       |
|    learning_rate        | 0.000196    |
|    loss                 | 0.102       |
|    n_updates            | 370         |
|    policy_gradient_loss | 0.00779     |
|    std                  | 0.527       |
|    value_loss           | 0.0552      |
-----------------------------------------
Early stopping at step 0 due to reaching max kl: 0.03
-----------------------------------------
| rollout/                |             |
|    ep_len_mean          | 696         |
|    ep_rew_mean          | 1.41e+03    |
| time/                   |             |
|    fps                  | 2624        |
|    iterations           | 318         |
|    time_elapsed         | 992         |
|    total_timesteps      | 2605056     |
| train/                  |             |
|    approx_kl            | 0.014214189 |
|    clip_fraction        | 0.196       |
|    clip_range           | 0.2         |
|    entropy_loss         | -6.21       |
|    explained_variance   | 0.709       |
|    learning_rate        | 0.000196    |
|    loss                 | 0.0446      |
|    n_updates            | 371         |
|    policy_gradient_loss | 0.00954     |
|    std                  | 0.526       |
|    value_loss           | 0.0338      |
-----------------------------------------
Early stopping at step 0 due to reaching max kl: 0.04
----------------------------------------
| rollout/                |            |
|    ep_len_mean          | 706        |
|    ep_rew_mean          | 1.43e+03   |
| time/                   |            |
|    fps                  | 2624       |
|    iterations           | 319        |
|    time_elapsed         | 995        |
|    total_timesteps      | 2613248    |
| train/                  |            |
|    approx_kl            | 0.01229197 |
|    clip_fraction        | 0.172      |
|    clip_range           | 0.2        |
|    entropy_loss         | -6.2       |
|    explained_variance   | 0.753      |
|    learning_rate        | 0.000196   |
|    loss                 | 0.0728     |
|    n_updates            | 372        |
|    policy_gradient_loss | 0.00375    |
|    std                  | 0.525      |
|    value_loss           | 0.0216     |
----------------------------------------
Early stopping at step 0 due to reaching max kl: 0.03
-----------------------------------------
| rollout/                |             |
|    ep_len_mean          | 720         |
|    ep_rew_mean          | 1.46e+03    |
| time/                   |             |
|    fps                  | 2624        |
|    iterations           | 320         |
|    time_elapsed         | 998         |
|    total_timesteps      | 2621440     |
| train/                  |             |
|    approx_kl            | 0.012223028 |
|    clip_fraction        | 0.155       |
|    clip_range           | 0.2         |
|    entropy_loss         | -6.18       |
|    explained_variance   | 0.589       |
|    learning_rate        | 0.000195    |
|    loss                 | 0.0665      |
|    n_updates            | 373         |
|    policy_gradient_loss | 0.0083      |
|    std                  | 0.524       |
|    value_loss           | 0.0606      |
-----------------------------------------
Early stopping at step 0 due to reaching max kl: 0.03
-----------------------------------------
| rollout/                |             |
|    ep_len_mean          | 743         |
|    ep_rew_mean          | 1.51e+03    |
| time/                   |             |
|    fps                  | 2624        |
|    iterations           | 321         |
|    time_elapsed         | 1001        |
|    total_timesteps      | 2629632     |
| train/                  |             |
|    approx_kl            | 0.010208057 |
|    clip_fraction        | 0.142       |
|    clip_range           | 0.2         |
|    entropy_loss         | -6.17       |
|    explained_variance   | 0.639       |
|    learning_rate        | 0.000195    |
|    loss                 | 0.0352      |
|    n_updates            | 374         |
|    policy_gradient_loss | 0.004       |
|    std                  | 0.523       |
|    value_loss           | 0.0318      |
-----------------------------------------
Early stopping at step 0 due to reaching max kl: 0.03
-----------------------------------------
| rollout/                |             |
|    ep_len_mean          | 752         |
|    ep_rew_mean          | 1.53e+03    |
| time/                   |             |
|    fps                  | 2624        |
|    iterations           | 322         |
|    time_elapsed         | 1005        |
|    total_timesteps      | 2637824     |
| train/                  |             |
|    approx_kl            | 0.010018944 |
|    clip_fraction        | 0.137       |
|    clip_range           | 0.2         |
|    entropy_loss         | -6.16       |
|    explained_variance   | 0.621       |
|    learning_rate        | 0.000195    |
|    loss                 | 0.00936     |
|    n_updates            | 375         |
|    policy_gradient_loss | 0.00684     |
|    std                  | 0.523       |
|    value_loss           | 0.0648      |
-----------------------------------------
Early stopping at step 1 due to reaching max kl: 0.03
-----------------------------------------
| rollout/                |             |
|    ep_len_mean          | 742         |
|    ep_rew_mean          | 1.51e+03    |
| time/                   |             |
|    fps                  | 2624        |
|    iterations           | 323         |
|    time_elapsed         | 1008        |
|    total_timesteps      | 2646016     |
| train/                  |             |
|    approx_kl            | 0.020943733 |
|    clip_fraction        | 0.209       |
|    clip_range           | 0.2         |
|    entropy_loss         | -6.14       |
|    explained_variance   | 0.615       |
|    learning_rate        | 0.000194    |
|    loss                 | -0.0222     |
|    n_updates            | 377         |
|    policy_gradient_loss | 0.00821     |
|    std                  | 0.521       |
|    value_loss           | 0.0262      |
-----------------------------------------
Early stopping at step 1 due to reaching max kl: 0.04
-----------------------------------------
| rollout/                |             |
|    ep_len_mean          | 738         |
|    ep_rew_mean          | 1.5e+03     |
| time/                   |             |
|    fps                  | 2624        |
|    iterations           | 324         |
|    time_elapsed         | 1011        |
|    total_timesteps      | 2654208     |
| train/                  |             |
|    approx_kl            | 0.022268362 |
|    clip_fraction        | 0.203       |
|    clip_range           | 0.2         |
|    entropy_loss         | -6.12       |
|    explained_variance   | 0.54        |
|    learning_rate        | 0.000194    |
|    loss                 | -0.0142     |
|    n_updates            | 379         |
|    policy_gradient_loss | 0.00984     |
|    std                  | 0.52        |
|    value_loss           | 0.0675      |
-----------------------------------------
Early stopping at step 0 due to reaching max kl: 0.03
-----------------------------------------
| rollout/                |             |
|    ep_len_mean          | 721         |
|    ep_rew_mean          | 1.46e+03    |
| time/                   |             |
|    fps                  | 2624        |
|    iterations           | 325         |
|    time_elapsed         | 1014        |
|    total_timesteps      | 2662400     |
| train/                  |             |
|    approx_kl            | 0.012675284 |
|    clip_fraction        | 0.175       |
|    clip_range           | 0.2         |
|    entropy_loss         | -6.11       |
|    explained_variance   | 0.644       |
|    learning_rate        | 0.000194    |
|    loss                 | 0.00191     |
|    n_updates            | 380         |
|    policy_gradient_loss | 0.00606     |
|    std                  | 0.519       |
|    value_loss           | 0.0624      |
-----------------------------------------
Early stopping at step 0 due to reaching max kl: 0.03
-----------------------------------------
| rollout/                |             |
|    ep_len_mean          | 674         |
|    ep_rew_mean          | 1.37e+03    |
| time/                   |             |
|    fps                  | 2624        |
|    iterations           | 326         |
|    time_elapsed         | 1017        |
|    total_timesteps      | 2670592     |
| train/                  |             |
|    approx_kl            | 0.011343693 |
|    clip_fraction        | 0.148       |
|    clip_range           | 0.2         |
|    entropy_loss         | -6.1        |
|    explained_variance   | 0.607       |
|    learning_rate        | 0.000194    |
|    loss                 | 0.106       |
|    n_updates            | 381         |
|    policy_gradient_loss | 0.00339     |
|    std                  | 0.519       |
|    value_loss           | 0.094       |
-----------------------------------------
Early stopping at step 0 due to reaching max kl: 0.03
-----------------------------------------
| rollout/                |             |
|    ep_len_mean          | 619         |
|    ep_rew_mean          | 1.26e+03    |
| time/                   |             |
|    fps                  | 2624        |
|    iterations           | 327         |
|    time_elapsed         | 1020        |
|    total_timesteps      | 2678784     |
| train/                  |             |
|    approx_kl            | 0.010771282 |
|    clip_fraction        | 0.142       |
|    clip_range           | 0.2         |
|    entropy_loss         | -6.09       |
|    explained_variance   | 0.651       |
|    learning_rate        | 0.000193    |
|    loss                 | 0.00707     |
|    n_updates            | 382         |
|    policy_gradient_loss | 0.00572     |
|    std                  | 0.518       |
|    value_loss           | 0.0788      |
-----------------------------------------
Early stopping at step 0 due to reaching max kl: 0.04
-----------------------------------------
| rollout/                |             |
|    ep_len_mean          | 599         |
|    ep_rew_mean          | 1.22e+03    |
| time/                   |             |
|    fps                  | 2624        |
|    iterations           | 328         |
|    time_elapsed         | 1023        |
|    total_timesteps      | 2686976     |
| train/                  |             |
|    approx_kl            | 0.012061443 |
|    clip_fraction        | 0.159       |
|    clip_range           | 0.2         |
|    entropy_loss         | -6.08       |
|    explained_variance   | 0.66        |
|    learning_rate        | 0.000193    |
|    loss                 | 0.237       |
|    n_updates            | 383         |
|    policy_gradient_loss | 0.0074      |
|    std                  | 0.518       |
|    value_loss           | 0.114       |
-----------------------------------------
Early stopping at step 0 due to reaching max kl: 0.04
-----------------------------------------
| rollout/                |             |
|    ep_len_mean          | 591         |
|    ep_rew_mean          | 1.2e+03     |
| time/                   |             |
|    fps                  | 2625        |
|    iterations           | 329         |
|    time_elapsed         | 1026        |
|    total_timesteps      | 2695168     |
| train/                  |             |
|    approx_kl            | 0.010964024 |
|    clip_fraction        | 0.138       |
|    clip_range           | 0.2         |
|    entropy_loss         | -6.08       |
|    explained_variance   | 0.667       |
|    learning_rate        | 0.000193    |
|    loss                 | 0.158       |
|    n_updates            | 384         |
|    policy_gradient_loss | 0.00936     |
|    std                  | 0.517       |
|    value_loss           | 0.0651      |
-----------------------------------------
Early stopping at step 0 due to reaching max kl: 0.03
-----------------------------------------
| rollout/                |             |
|    ep_len_mean          | 544         |
|    ep_rew_mean          | 1.11e+03    |
| time/                   |             |
|    fps                  | 2625        |
|    iterations           | 330         |
|    time_elapsed         | 1029        |
|    total_timesteps      | 2703360     |
| train/                  |             |
|    approx_kl            | 0.013193318 |
|    clip_fraction        | 0.185       |
|    clip_range           | 0.2         |
|    entropy_loss         | -6.07       |
|    explained_variance   | 0.681       |
|    learning_rate        | 0.000192    |
|    loss                 | 0.0596      |
|    n_updates            | 385         |
|    policy_gradient_loss | 0.00553     |
|    std                  | 0.516       |
|    value_loss           | 0.0576      |
-----------------------------------------
Early stopping at step 0 due to reaching max kl: 0.03
-----------------------------------------
| rollout/                |             |
|    ep_len_mean          | 563         |
|    ep_rew_mean          | 1.15e+03    |
| time/                   |             |
|    fps                  | 2625        |
|    iterations           | 331         |
|    time_elapsed         | 1032        |
|    total_timesteps      | 2711552     |
| train/                  |             |
|    approx_kl            | 0.014878291 |
|    clip_fraction        | 0.197       |
|    clip_range           | 0.2         |
|    entropy_loss         | -6.05       |
|    explained_variance   | 0.594       |
|    learning_rate        | 0.000192    |
|    loss                 | 0.0686      |
|    n_updates            | 386         |
|    policy_gradient_loss | 0.00553     |
|    std                  | 0.516       |
|    value_loss           | 0.13        |
-----------------------------------------
Early stopping at step 0 due to reaching max kl: 0.04
-----------------------------------------
| rollout/                |             |
|    ep_len_mean          | 572         |
|    ep_rew_mean          | 1.18e+03    |
| time/                   |             |
|    fps                  | 2625        |
|    iterations           | 332         |
|    time_elapsed         | 1035        |
|    total_timesteps      | 2719744     |
| train/                  |             |
|    approx_kl            | 0.011011232 |
|    clip_fraction        | 0.153       |
|    clip_range           | 0.2         |
|    entropy_loss         | -6.04       |
|    explained_variance   | 0.703       |
|    learning_rate        | 0.000192    |
|    loss                 | -0.00835    |
|    n_updates            | 387         |
|    policy_gradient_loss | 0.00214     |
|    std                  | 0.515       |
|    value_loss           | 0.0349      |
-----------------------------------------
Early stopping at step 1 due to reaching max kl: 0.04
----------------------------------------
| rollout/                |            |
|    ep_len_mean          | 586        |
|    ep_rew_mean          | 1.21e+03   |
| time/                   |            |
|    fps                  | 2625       |
|    iterations           | 333        |
|    time_elapsed         | 1039       |
|    total_timesteps      | 2727936    |
| train/                  |            |
|    approx_kl            | 0.03598246 |
|    clip_fraction        | 0.186      |
|    clip_range           | 0.2        |
|    entropy_loss         | -6.03      |
|    explained_variance   | 0.594      |
|    learning_rate        | 0.000191   |
|    loss                 | 0.106      |
|    n_updates            | 389        |
|    policy_gradient_loss | 0.00877    |
|    std                  | 0.514      |
|    value_loss           | 0.0758     |
----------------------------------------
Early stopping at step 0 due to reaching max kl: 0.03
-----------------------------------------
| rollout/                |             |
|    ep_len_mean          | 608         |
|    ep_rew_mean          | 1.25e+03    |
| time/                   |             |
|    fps                  | 2625        |
|    iterations           | 334         |
|    time_elapsed         | 1042        |
|    total_timesteps      | 2736128     |
| train/                  |             |
|    approx_kl            | 0.014792372 |
|    clip_fraction        | 0.2         |
|    clip_range           | 0.2         |
|    entropy_loss         | -6.03       |
|    explained_variance   | 0.579       |
|    learning_rate        | 0.000191    |
|    loss                 | 0.00489     |
|    n_updates            | 390         |
|    policy_gradient_loss | 0.00734     |
|    std                  | 0.514       |
|    value_loss           | 0.0863      |
-----------------------------------------
Early stopping at step 0 due to reaching max kl: 0.03
------------------------------------------
| rollout/                |              |
|    ep_len_mean          | 642          |
|    ep_rew_mean          | 1.33e+03     |
| time/                   |              |
|    fps                  | 2625         |
|    iterations           | 335          |
|    time_elapsed         | 1045         |
|    total_timesteps      | 2744320      |
| train/                  |              |
|    approx_kl            | 0.0118092215 |
|    clip_fraction        | 0.158        |
|    clip_range           | 0.2          |
|    entropy_loss         | -6.02        |
|    explained_variance   | 0.575        |
|    learning_rate        | 0.000191     |
|    loss                 | 0.022        |
|    n_updates            | 391          |
|    policy_gradient_loss | 0.00734      |
|    std                  | 0.513        |
|    value_loss           | 0.0711       |
------------------------------------------
Early stopping at step 0 due to reaching max kl: 0.04
-----------------------------------------
| rollout/                |             |
|    ep_len_mean          | 647         |
|    ep_rew_mean          | 1.34e+03    |
| time/                   |             |
|    fps                  | 2625        |
|    iterations           | 336         |
|    time_elapsed         | 1048        |
|    total_timesteps      | 2752512     |
| train/                  |             |
|    approx_kl            | 0.013230835 |
|    clip_fraction        | 0.182       |
|    clip_range           | 0.2         |
|    entropy_loss         | -6          |
|    explained_variance   | 0.739       |
|    learning_rate        | 0.00019     |
|    loss                 | 0.0123      |
|    n_updates            | 392         |
|    policy_gradient_loss | 0.0017      |
|    std                  | 0.512       |
|    value_loss           | 0.0185      |
-----------------------------------------
Early stopping at step 0 due to reaching max kl: 0.04
------------------------------------------
| rollout/                |              |
|    ep_len_mean          | 652          |
|    ep_rew_mean          | 1.35e+03     |
| time/                   |              |
|    fps                  | 2625         |
|    iterations           | 337          |
|    time_elapsed         | 1051         |
|    total_timesteps      | 2760704      |
| train/                  |              |
|    approx_kl            | 0.0146005815 |
|    clip_fraction        | 0.196        |
|    clip_range           | 0.2          |
|    entropy_loss         | -5.98        |
|    explained_variance   | 0.622        |
|    learning_rate        | 0.00019      |
|    loss                 | 0.157        |
|    n_updates            | 393          |
|    policy_gradient_loss | 0.00567      |
|    std                  | 0.511        |
|    value_loss           | 0.0542       |
------------------------------------------
Early stopping at step 0 due to reaching max kl: 0.03
-----------------------------------------
| rollout/                |             |
|    ep_len_mean          | 669         |
|    ep_rew_mean          | 1.38e+03    |
| time/                   |             |
|    fps                  | 2625        |
|    iterations           | 338         |
|    time_elapsed         | 1054        |
|    total_timesteps      | 2768896     |
| train/                  |             |
|    approx_kl            | 0.014711302 |
|    clip_fraction        | 0.195       |
|    clip_range           | 0.2         |
|    entropy_loss         | -5.97       |
|    explained_variance   | 0.642       |
|    learning_rate        | 0.00019     |
|    loss                 | 0.0448      |
|    n_updates            | 394         |
|    policy_gradient_loss | 0.00724     |
|    std                  | 0.51        |
|    value_loss           | 0.0592      |
-----------------------------------------
Early stopping at step 1 due to reaching max kl: 0.04
-----------------------------------------
| rollout/                |             |
|    ep_len_mean          | 688         |
|    ep_rew_mean          | 1.43e+03    |
| time/                   |             |
|    fps                  | 2625        |
|    iterations           | 339         |
|    time_elapsed         | 1057        |
|    total_timesteps      | 2777088     |
| train/                  |             |
|    approx_kl            | 0.023193173 |
|    clip_fraction        | 0.196       |
|    clip_range           | 0.2         |
|    entropy_loss         | -5.95       |
|    explained_variance   | 0.663       |
|    learning_rate        | 0.000189    |
|    loss                 | 0.0112      |
|    n_updates            | 396         |
|    policy_gradient_loss | 0.00644     |
|    std                  | 0.508       |
|    value_loss           | 0.0406      |
-----------------------------------------
Early stopping at step 1 due to reaching max kl: 0.03
-----------------------------------------
| rollout/                |             |
|    ep_len_mean          | 714         |
|    ep_rew_mean          | 1.48e+03    |
| time/                   |             |
|    fps                  | 2625        |
|    iterations           | 340         |
|    time_elapsed         | 1060        |
|    total_timesteps      | 2785280     |
| train/                  |             |
|    approx_kl            | 0.025681896 |
|    clip_fraction        | 0.189       |
|    clip_range           | 0.2         |
|    entropy_loss         | -5.92       |
|    explained_variance   | 0.614       |
|    learning_rate        | 0.000189    |
|    loss                 | 0.0549      |
|    n_updates            | 398         |
|    policy_gradient_loss | 0.00745     |
|    std                  | 0.506       |
|    value_loss           | 0.0447      |
-----------------------------------------
Early stopping at step 0 due to reaching max kl: 0.03
----------------------------------------
| rollout/                |            |
|    ep_len_mean          | 712        |
|    ep_rew_mean          | 1.48e+03   |
| time/                   |            |
|    fps                  | 2625       |
|    iterations           | 341        |
|    time_elapsed         | 1064       |
|    total_timesteps      | 2793472    |
| train/                  |            |
|    approx_kl            | 0.01423102 |
|    clip_fraction        | 0.201      |
|    clip_range           | 0.2        |
|    entropy_loss         | -5.89      |
|    explained_variance   | 0.624      |
|    learning_rate        | 0.000189   |
|    loss                 | 0.0402     |
|    n_updates            | 399        |
|    policy_gradient_loss | 0.00718    |
|    std                  | 0.505      |
|    value_loss           | 0.0591     |
----------------------------------------
Early stopping at step 0 due to reaching max kl: 0.03
------------------------------------------
| rollout/                |              |
|    ep_len_mean          | 701          |
|    ep_rew_mean          | 1.46e+03     |
| time/                   |              |
|    fps                  | 2625         |
|    iterations           | 342          |
|    time_elapsed         | 1067         |
|    total_timesteps      | 2801664      |
| train/                  |              |
|    approx_kl            | 0.0107781505 |
|    clip_fraction        | 0.143        |
|    clip_range           | 0.2          |
|    entropy_loss         | -5.88        |
|    explained_variance   | 0.678        |
|    learning_rate        | 0.000188     |
|    loss                 | 0.0443       |
|    n_updates            | 400          |
|    policy_gradient_loss | 0.00158      |
|    std                  | 0.505        |
|    value_loss           | 0.0349       |
------------------------------------------
Early stopping at step 0 due to reaching max kl: 0.03
-----------------------------------------
| rollout/                |             |
|    ep_len_mean          | 713         |
|    ep_rew_mean          | 1.49e+03    |
| time/                   |             |
|    fps                  | 2625        |
|    iterations           | 343         |
|    time_elapsed         | 1070        |
|    total_timesteps      | 2809856     |
| train/                  |             |
|    approx_kl            | 0.014228458 |
|    clip_fraction        | 0.183       |
|    clip_range           | 0.2         |
|    entropy_loss         | -5.87       |
|    explained_variance   | 0.649       |
|    learning_rate        | 0.000188    |
|    loss                 | 0.0897      |
|    n_updates            | 401         |
|    policy_gradient_loss | 0.00802     |
|    std                  | 0.504       |
|    value_loss           | 0.0804      |
-----------------------------------------
Early stopping at step 1 due to reaching max kl: 0.03
-----------------------------------------
| rollout/                |             |
|    ep_len_mean          | 702         |
|    ep_rew_mean          | 1.47e+03    |
| time/                   |             |
|    fps                  | 2625        |
|    iterations           | 344         |
|    time_elapsed         | 1073        |
|    total_timesteps      | 2818048     |
| train/                  |             |
|    approx_kl            | 0.021350127 |
|    clip_fraction        | 0.188       |
|    clip_range           | 0.2         |
|    entropy_loss         | -5.86       |
|    explained_variance   | 0.686       |
|    learning_rate        | 0.000188    |
|    loss                 | -0.0128     |
|    n_updates            | 403         |
|    policy_gradient_loss | 0.0065      |
|    std                  | 0.503       |
|    value_loss           | 0.0475      |
-----------------------------------------
Early stopping at step 0 due to reaching max kl: 0.03
-----------------------------------------
| rollout/                |             |
|    ep_len_mean          | 694         |
|    ep_rew_mean          | 1.46e+03    |
| time/                   |             |
|    fps                  | 2625        |
|    iterations           | 345         |
|    time_elapsed         | 1076        |
|    total_timesteps      | 2826240     |
| train/                  |             |
|    approx_kl            | 0.012290923 |
|    clip_fraction        | 0.172       |
|    clip_range           | 0.2         |
|    entropy_loss         | -5.84       |
|    explained_variance   | 0.689       |
|    learning_rate        | 0.000187    |
|    loss                 | 0.162       |
|    n_updates            | 404         |
|    policy_gradient_loss | 0.00559     |
|    std                  | 0.502       |
|    value_loss           | 0.0501      |
-----------------------------------------
Early stopping at step 0 due to reaching max kl: 0.03
-----------------------------------------
| rollout/                |             |
|    ep_len_mean          | 719         |
|    ep_rew_mean          | 1.51e+03    |
| time/                   |             |
|    fps                  | 2625        |
|    iterations           | 346         |
|    time_elapsed         | 1079        |
|    total_timesteps      | 2834432     |
| train/                  |             |
|    approx_kl            | 0.013573745 |
|    clip_fraction        | 0.182       |
|    clip_range           | 0.2         |
|    entropy_loss         | -5.83       |
|    explained_variance   | 0.639       |
|    learning_rate        | 0.000187    |
|    loss                 | 0.0374      |
|    n_updates            | 405         |
|    policy_gradient_loss | 0.00455     |
|    std                  | 0.501       |
|    value_loss           | 0.0607      |
-----------------------------------------
Early stopping at step 1 due to reaching max kl: 0.04
-----------------------------------------
| rollout/                |             |
|    ep_len_mean          | 708         |
|    ep_rew_mean          | 1.49e+03    |
| time/                   |             |
|    fps                  | 2625        |
|    iterations           | 347         |
|    time_elapsed         | 1082        |
|    total_timesteps      | 2842624     |
| train/                  |             |
|    approx_kl            | 0.028981483 |
|    clip_fraction        | 0.189       |
|    clip_range           | 0.2         |
|    entropy_loss         | -5.82       |
|    explained_variance   | 0.556       |
|    learning_rate        | 0.000187    |
|    loss                 | -0.0189     |
|    n_updates            | 407         |
|    policy_gradient_loss | 0.00831     |
|    std                  | 0.5         |
|    value_loss           | 0.032       |
-----------------------------------------
Early stopping at step 0 due to reaching max kl: 0.04
------------------------------------------
| rollout/                |              |
|    ep_len_mean          | 707          |
|    ep_rew_mean          | 1.49e+03     |
| time/                   |              |
|    fps                  | 2625         |
|    iterations           | 348          |
|    time_elapsed         | 1085         |
|    total_timesteps      | 2850816      |
| train/                  |              |
|    approx_kl            | 0.0139829395 |
|    clip_fraction        | 0.192        |
|    clip_range           | 0.2          |
|    entropy_loss         | -5.8         |
|    explained_variance   | 0.617        |
|    learning_rate        | 0.000186     |
|    loss                 | 0.0229       |
|    n_updates            | 408          |
|    policy_gradient_loss | 0.00521      |
|    std                  | 0.5          |
|    value_loss           | 0.0467       |
------------------------------------------
Early stopping at step 0 due to reaching max kl: 0.03
-----------------------------------------
| rollout/                |             |
|    ep_len_mean          | 670         |
|    ep_rew_mean          | 1.41e+03    |
| time/                   |             |
|    fps                  | 2625        |
|    iterations           | 349         |
|    time_elapsed         | 1088        |
|    total_timesteps      | 2859008     |
| train/                  |             |
|    approx_kl            | 0.013536273 |
|    clip_fraction        | 0.181       |
|    clip_range           | 0.2         |
|    entropy_loss         | -5.8        |
|    explained_variance   | 0.605       |
|    learning_rate        | 0.000186    |
|    loss                 | 0.12        |
|    n_updates            | 409         |
|    policy_gradient_loss | 0.00782     |
|    std                  | 0.499       |
|    value_loss           | 0.0809      |
-----------------------------------------
Early stopping at step 0 due to reaching max kl: 0.03
-----------------------------------------
| rollout/                |             |
|    ep_len_mean          | 687         |
|    ep_rew_mean          | 1.45e+03    |
| time/                   |             |
|    fps                  | 2625        |
|    iterations           | 350         |
|    time_elapsed         | 1091        |
|    total_timesteps      | 2867200     |
| train/                  |             |
|    approx_kl            | 0.009060275 |
|    clip_fraction        | 0.122       |
|    clip_range           | 0.2         |
|    entropy_loss         | -5.79       |
|    explained_variance   | 0.594       |
|    learning_rate        | 0.000186    |
|    loss                 | 0.0671      |
|    n_updates            | 410         |
|    policy_gradient_loss | 0.00488     |
|    std                  | 0.499       |
|    value_loss           | 0.0758      |
-----------------------------------------
Early stopping at step 0 due to reaching max kl: 0.04
-----------------------------------------
| rollout/                |             |
|    ep_len_mean          | 698         |
|    ep_rew_mean          | 1.47e+03    |
| time/                   |             |
|    fps                  | 2626        |
|    iterations           | 351         |
|    time_elapsed         | 1094        |
|    total_timesteps      | 2875392     |
| train/                  |             |
|    approx_kl            | 0.010984518 |
|    clip_fraction        | 0.151       |
|    clip_range           | 0.2         |
|    entropy_loss         | -5.78       |
|    explained_variance   | 0.671       |
|    learning_rate        | 0.000185    |
|    loss                 | 0.108       |
|    n_updates            | 411         |
|    policy_gradient_loss | 0.00416     |
|    std                  | 0.498       |
|    value_loss           | 0.0301      |
-----------------------------------------
Early stopping at step 0 due to reaching max kl: 0.03
-----------------------------------------
| rollout/                |             |
|    ep_len_mean          | 645         |
|    ep_rew_mean          | 1.36e+03    |
| time/                   |             |
|    fps                  | 2626        |
|    iterations           | 352         |
|    time_elapsed         | 1097        |
|    total_timesteps      | 2883584     |
| train/                  |             |
|    approx_kl            | 0.010876029 |
|    clip_fraction        | 0.15        |
|    clip_range           | 0.2         |
|    entropy_loss         | -5.76       |
|    explained_variance   | 0.556       |
|    learning_rate        | 0.000185    |
|    loss                 | 0.0347      |
|    n_updates            | 412         |
|    policy_gradient_loss | 0.00579     |
|    std                  | 0.497       |
|    value_loss           | 0.0631      |
-----------------------------------------
Early stopping at step 0 due to reaching max kl: 0.04
-----------------------------------------
| rollout/                |             |
|    ep_len_mean          | 647         |
|    ep_rew_mean          | 1.37e+03    |
| time/                   |             |
|    fps                  | 2626        |
|    iterations           | 353         |
|    time_elapsed         | 1101        |
|    total_timesteps      | 2891776     |
| train/                  |             |
|    approx_kl            | 0.011921838 |
|    clip_fraction        | 0.156       |
|    clip_range           | 0.2         |
|    entropy_loss         | -5.74       |
|    explained_variance   | 0.561       |
|    learning_rate        | 0.000185    |
|    loss                 | 0.0519      |
|    n_updates            | 413         |
|    policy_gradient_loss | 0.00494     |
|    std                  | 0.496       |
|    value_loss           | 0.0892      |
-----------------------------------------
Early stopping at step 0 due to reaching max kl: 0.03
-----------------------------------------
| rollout/                |             |
|    ep_len_mean          | 594         |
|    ep_rew_mean          | 1.25e+03    |
| time/                   |             |
|    fps                  | 2626        |
|    iterations           | 354         |
|    time_elapsed         | 1104        |
|    total_timesteps      | 2899968     |
| train/                  |             |
|    approx_kl            | 0.011968653 |
|    clip_fraction        | 0.158       |
|    clip_range           | 0.2         |
|    entropy_loss         | -5.74       |
|    explained_variance   | 0.573       |
|    learning_rate        | 0.000184    |
|    loss                 | 0.101       |
|    n_updates            | 414         |
|    policy_gradient_loss | 0.0033      |
|    std                  | 0.495       |
|    value_loss           | 0.076       |
-----------------------------------------
Early stopping at step 0 due to reaching max kl: 0.03
-----------------------------------------
| rollout/                |             |
|    ep_len_mean          | 602         |
|    ep_rew_mean          | 1.27e+03    |
| time/                   |             |
|    fps                  | 2626        |
|    iterations           | 355         |
|    time_elapsed         | 1107        |
|    total_timesteps      | 2908160     |
| train/                  |             |
|    approx_kl            | 0.012781946 |
|    clip_fraction        | 0.17        |
|    clip_range           | 0.2         |
|    entropy_loss         | -5.73       |
|    explained_variance   | 0.514       |
|    learning_rate        | 0.000184    |
|    loss                 | 0.0849      |
|    n_updates            | 415         |
|    policy_gradient_loss | 0.00577     |
|    std                  | 0.495       |
|    value_loss           | 0.149       |
-----------------------------------------
Early stopping at step 0 due to reaching max kl: 0.03
-----------------------------------------
| rollout/                |             |
|    ep_len_mean          | 609         |
|    ep_rew_mean          | 1.28e+03    |
| time/                   |             |
|    fps                  | 2626        |
|    iterations           | 356         |
|    time_elapsed         | 1110        |
|    total_timesteps      | 2916352     |
| train/                  |             |
|    approx_kl            | 0.013023008 |
|    clip_fraction        | 0.178       |
|    clip_range           | 0.2         |
|    entropy_loss         | -5.72       |
|    explained_variance   | 0.62        |
|    learning_rate        | 0.000184    |
|    loss                 | 0.0411      |
|    n_updates            | 416         |
|    policy_gradient_loss | 0.00817     |
|    std                  | 0.495       |
|    value_loss           | 0.091       |
-----------------------------------------
Early stopping at step 0 due to reaching max kl: 0.03
------------------------------------------
| rollout/                |              |
|    ep_len_mean          | 608          |
|    ep_rew_mean          | 1.28e+03     |
| time/                   |              |
|    fps                  | 2626         |
|    iterations           | 357          |
|    time_elapsed         | 1113         |
|    total_timesteps      | 2924544      |
| train/                  |              |
|    approx_kl            | 0.0108162165 |
|    clip_fraction        | 0.156        |
|    clip_range           | 0.2          |
|    entropy_loss         | -5.71        |
|    explained_variance   | 0.622        |
|    learning_rate        | 0.000183     |
|    loss                 | 0.051        |
|    n_updates            | 417          |
|    policy_gradient_loss | 0.00441      |
|    std                  | 0.493        |
|    value_loss           | 0.0299       |
------------------------------------------
Early stopping at step 0 due to reaching max kl: 0.03
----------------------------------------
| rollout/                |            |
|    ep_len_mean          | 598        |
|    ep_rew_mean          | 1.26e+03   |
| time/                   |            |
|    fps                  | 2626       |
|    iterations           | 358        |
|    time_elapsed         | 1116       |
|    total_timesteps      | 2932736    |
| train/                  |            |
|    approx_kl            | 0.01279291 |
|    clip_fraction        | 0.171      |
|    clip_range           | 0.2        |
|    entropy_loss         | -5.69      |
|    explained_variance   | 0.593      |
|    learning_rate        | 0.000183   |
|    loss                 | 0.0479     |
|    n_updates            | 418        |
|    policy_gradient_loss | 0.00938    |
|    std                  | 0.493      |
|    value_loss           | 0.0767     |
----------------------------------------
Early stopping at step 0 due to reaching max kl: 0.03
-----------------------------------------
| rollout/                |             |
|    ep_len_mean          | 612         |
|    ep_rew_mean          | 1.29e+03    |
| time/                   |             |
|    fps                  | 2627        |
|    iterations           | 359         |
|    time_elapsed         | 1119        |
|    total_timesteps      | 2940928     |
| train/                  |             |
|    approx_kl            | 0.010047075 |
|    clip_fraction        | 0.136       |
|    clip_range           | 0.2         |
|    entropy_loss         | -5.68       |
|    explained_variance   | 0.679       |
|    learning_rate        | 0.000183    |
|    loss                 | 0.0235      |
|    n_updates            | 419         |
|    policy_gradient_loss | 0.00138     |
|    std                  | 0.492       |
|    value_loss           | 0.045       |
-----------------------------------------
Early stopping at step 0 due to reaching max kl: 0.03
-----------------------------------------
| rollout/                |             |
|    ep_len_mean          | 630         |
|    ep_rew_mean          | 1.33e+03    |
| time/                   |             |
|    fps                  | 2627        |
|    iterations           | 360         |
|    time_elapsed         | 1122        |
|    total_timesteps      | 2949120     |
| train/                  |             |
|    approx_kl            | 0.012281214 |
|    clip_fraction        | 0.168       |
|    clip_range           | 0.2         |
|    entropy_loss         | -5.68       |
|    explained_variance   | 0.634       |
|    learning_rate        | 0.000182    |
|    loss                 | 0.0807      |
|    n_updates            | 420         |
|    policy_gradient_loss | 0.00515     |
|    std                  | 0.492       |
|    value_loss           | 0.0444      |
-----------------------------------------
Early stopping at step 1 due to reaching max kl: 0.03
-----------------------------------------
| rollout/                |             |
|    ep_len_mean          | 629         |
|    ep_rew_mean          | 1.33e+03    |
| time/                   |             |
|    fps                  | 2627        |
|    iterations           | 361         |
|    time_elapsed         | 1125        |
|    total_timesteps      | 2957312     |
| train/                  |             |
|    approx_kl            | 0.032439075 |
|    clip_fraction        | 0.195       |
|    clip_range           | 0.2         |
|    entropy_loss         | -5.67       |
|    explained_variance   | 0.661       |
|    learning_rate        | 0.000182    |
|    loss                 | -0.0219     |
|    n_updates            | 422         |
|    policy_gradient_loss | 0.0077      |
|    std                  | 0.491       |
|    value_loss           | 0.0484      |
-----------------------------------------
Early stopping at step 1 due to reaching max kl: 0.04
-----------------------------------------
| rollout/                |             |
|    ep_len_mean          | 653         |
|    ep_rew_mean          | 1.39e+03    |
| time/                   |             |
|    fps                  | 2626        |
|    iterations           | 362         |
|    time_elapsed         | 1128        |
|    total_timesteps      | 2965504     |
| train/                  |             |
|    approx_kl            | 0.024653241 |
|    clip_fraction        | 0.197       |
|    clip_range           | 0.2         |
|    entropy_loss         | -5.65       |
|    explained_variance   | 0.577       |
|    learning_rate        | 0.000182    |
|    loss                 | 0.00622     |
|    n_updates            | 424         |
|    policy_gradient_loss | 0.00996     |
|    std                  | 0.49        |
|    value_loss           | 0.0879      |
-----------------------------------------
Early stopping at step 0 due to reaching max kl: 0.03
-----------------------------------------
| rollout/                |             |
|    ep_len_mean          | 616         |
|    ep_rew_mean          | 1.31e+03    |
| time/                   |             |
|    fps                  | 2627        |
|    iterations           | 363         |
|    time_elapsed         | 1131        |
|    total_timesteps      | 2973696     |
| train/                  |             |
|    approx_kl            | 0.008457329 |
|    clip_fraction        | 0.0983      |
|    clip_range           | 0.2         |
|    entropy_loss         | -5.65       |
|    explained_variance   | 0.528       |
|    learning_rate        | 0.000181    |
|    loss                 | 0.0332      |
|    n_updates            | 425         |
|    policy_gradient_loss | 6.81e-05    |
|    std                  | 0.49        |
|    value_loss           | 0.0682      |
-----------------------------------------
Early stopping at step 0 due to reaching max kl: 0.03
----------------------------------------
| rollout/                |            |
|    ep_len_mean          | 623        |
|    ep_rew_mean          | 1.33e+03   |
| time/                   |            |
|    fps                  | 2627       |
|    iterations           | 364        |
|    time_elapsed         | 1134       |
|    total_timesteps      | 2981888    |
| train/                  |            |
|    approx_kl            | 0.01119335 |
|    clip_fraction        | 0.146      |
|    clip_range           | 0.2        |
|    entropy_loss         | -5.65      |
|    explained_variance   | 0.528      |
|    learning_rate        | 0.000181   |
|    loss                 | 0.168      |
|    n_updates            | 426        |
|    policy_gradient_loss | 0.00519    |
|    std                  | 0.49       |
|    value_loss           | 0.154      |
----------------------------------------
Early stopping at step 0 due to reaching max kl: 0.03
-----------------------------------------
| rollout/                |             |
|    ep_len_mean          | 644         |
|    ep_rew_mean          | 1.38e+03    |
| time/                   |             |
|    fps                  | 2627        |
|    iterations           | 365         |
|    time_elapsed         | 1137        |
|    total_timesteps      | 2990080     |
| train/                  |             |
|    approx_kl            | 0.007498512 |
|    clip_fraction        | 0.0855      |
|    clip_range           | 0.2         |
|    entropy_loss         | -5.64       |
|    explained_variance   | 0.618       |
|    learning_rate        | 0.000181    |
|    loss                 | 0.00827     |
|    n_updates            | 427         |
|    policy_gradient_loss | 0.00138     |
|    std                  | 0.49        |
|    value_loss           | 0.0688      |
-----------------------------------------
Early stopping at step 1 due to reaching max kl: 0.04
----------------------------------------
| rollout/                |            |
|    ep_len_mean          | 639        |
|    ep_rew_mean          | 1.36e+03   |
| time/                   |            |
|    fps                  | 2627       |
|    iterations           | 366        |
|    time_elapsed         | 1141       |
|    total_timesteps      | 2998272    |
| train/                  |            |
|    approx_kl            | 0.02733011 |
|    clip_fraction        | 0.207      |
|    clip_range           | 0.2        |
|    entropy_loss         | -5.62      |
|    explained_variance   | 0.565      |
|    learning_rate        | 0.00018    |
|    loss                 | 0.0128     |
|    n_updates            | 429        |
|    policy_gradient_loss | 0.00714    |
|    std                  | 0.488      |
|    value_loss           | 0.0357     |
----------------------------------------
Early stopping at step 0 due to reaching max kl: 0.04
-----------------------------------------
| rollout/                |             |
|    ep_len_mean          | 657         |
|    ep_rew_mean          | 1.4e+03     |
| time/                   |             |
|    fps                  | 2627        |
|    iterations           | 367         |
|    time_elapsed         | 1144        |
|    total_timesteps      | 3006464     |
| train/                  |             |
|    approx_kl            | 0.012796021 |
|    clip_fraction        | 0.174       |
|    clip_range           | 0.2         |
|    entropy_loss         | -5.6        |
|    explained_variance   | 0.586       |
|    learning_rate        | 0.00018     |
|    loss                 | 0.00202     |
|    n_updates            | 430         |
|    policy_gradient_loss | 0.00588     |
|    std                  | 0.487       |
|    value_loss           | 0.0389      |
-----------------------------------------
Early stopping at step 0 due to reaching max kl: 0.03
----------------------------------------
| rollout/                |            |
|    ep_len_mean          | 675        |
|    ep_rew_mean          | 1.44e+03   |
| time/                   |            |
|    fps                  | 2627       |
|    iterations           | 368        |
|    time_elapsed         | 1147       |
|    total_timesteps      | 3014656    |
| train/                  |            |
|    approx_kl            | 0.01246434 |
|    clip_fraction        | 0.172      |
|    clip_range           | 0.2        |
|    entropy_loss         | -5.59      |
|    explained_variance   | 0.581      |
|    learning_rate        | 0.00018    |
|    loss                 | -0.0265    |
|    n_updates            | 431        |
|    policy_gradient_loss | 0.00291    |
|    std                  | 0.486      |
|    value_loss           | 0.0359     |
----------------------------------------
Early stopping at step 0 due to reaching max kl: 0.03
------------------------------------------
| rollout/                |              |
|    ep_len_mean          | 700          |
|    ep_rew_mean          | 1.5e+03      |
| time/                   |              |
|    fps                  | 2627         |
|    iterations           | 369          |
|    time_elapsed         | 1150         |
|    total_timesteps      | 3022848      |
| train/                  |              |
|    approx_kl            | 0.0151621755 |
|    clip_fraction        | 0.206        |
|    clip_range           | 0.2          |
|    entropy_loss         | -5.56        |
|    explained_variance   | 0.611        |
|    learning_rate        | 0.000179     |
|    loss                 | 0.0303       |
|    n_updates            | 432          |
|    policy_gradient_loss | 0.00636      |
|    std                  | 0.485        |
|    value_loss           | 0.0339       |
------------------------------------------
Early stopping at step 1 due to reaching max kl: 0.03
----------------------------------------
| rollout/                |            |
|    ep_len_mean          | 708        |
|    ep_rew_mean          | 1.52e+03   |
| time/                   |            |
|    fps                  | 2627       |
|    iterations           | 370        |
|    time_elapsed         | 1153       |
|    total_timesteps      | 3031040    |
| train/                  |            |
|    approx_kl            | 0.02252464 |
|    clip_fraction        | 0.203      |
|    clip_range           | 0.2        |
|    entropy_loss         | -5.54      |
|    explained_variance   | 0.681      |
|    learning_rate        | 0.000179   |
|    loss                 | -0.0278    |
|    n_updates            | 434        |
|    policy_gradient_loss | 0.00539    |
|    std                  | 0.483      |
|    value_loss           | 0.0214     |
----------------------------------------
Early stopping at step 0 due to reaching max kl: 0.03
-----------------------------------------
| rollout/                |             |
|    ep_len_mean          | 750         |
|    ep_rew_mean          | 1.61e+03    |
| time/                   |             |
|    fps                  | 2627        |
|    iterations           | 371         |
|    time_elapsed         | 1156        |
|    total_timesteps      | 3039232     |
| train/                  |             |
|    approx_kl            | 0.010567788 |
|    clip_fraction        | 0.137       |
|    clip_range           | 0.2         |
|    entropy_loss         | -5.52       |
|    explained_variance   | 0.562       |
|    learning_rate        | 0.000179    |
|    loss                 | 0.0191      |
|    n_updates            | 435         |
|    policy_gradient_loss | 0.00595     |
|    std                  | 0.482       |
|    value_loss           | 0.0429      |
-----------------------------------------
Early stopping at step 0 due to reaching max kl: 0.03
-----------------------------------------
| rollout/                |             |
|    ep_len_mean          | 741         |
|    ep_rew_mean          | 1.59e+03    |
| time/                   |             |
|    fps                  | 2627        |
|    iterations           | 372         |
|    time_elapsed         | 1159        |
|    total_timesteps      | 3047424     |
| train/                  |             |
|    approx_kl            | 0.013636311 |
|    clip_fraction        | 0.195       |
|    clip_range           | 0.2         |
|    entropy_loss         | -5.5        |
|    explained_variance   | 0.738       |
|    learning_rate        | 0.000178    |
|    loss                 | 0.0578      |
|    n_updates            | 436         |
|    policy_gradient_loss | 0.00703     |
|    std                  | 0.48        |
|    value_loss           | 0.0173      |
-----------------------------------------
Early stopping at step 0 due to reaching max kl: 0.03
-----------------------------------------
| rollout/                |             |
|    ep_len_mean          | 756         |
|    ep_rew_mean          | 1.62e+03    |
| time/                   |             |
|    fps                  | 2627        |
|    iterations           | 373         |
|    time_elapsed         | 1162        |
|    total_timesteps      | 3055616     |
| train/                  |             |
|    approx_kl            | 0.011248281 |
|    clip_fraction        | 0.143       |
|    clip_range           | 0.2         |
|    entropy_loss         | -5.48       |
|    explained_variance   | 0.413       |
|    learning_rate        | 0.000178    |
|    loss                 | 0.193       |
|    n_updates            | 437         |
|    policy_gradient_loss | 0.000442    |
|    std                  | 0.48        |
|    value_loss           | 0.169       |
-----------------------------------------
Early stopping at step 0 due to reaching max kl: 0.03
----------------------------------------
| rollout/                |            |
|    ep_len_mean          | 761        |
|    ep_rew_mean          | 1.63e+03   |
| time/                   |            |
|    fps                  | 2627       |
|    iterations           | 374        |
|    time_elapsed         | 1165       |
|    total_timesteps      | 3063808    |
| train/                  |            |
|    approx_kl            | 0.01234782 |
|    clip_fraction        | 0.162      |
|    clip_range           | 0.2        |
|    entropy_loss         | -5.48      |
|    explained_variance   | 0.562      |
|    learning_rate        | 0.000178   |
|    loss                 | 0.0447     |
|    n_updates            | 438        |
|    policy_gradient_loss | 0.00924    |
|    std                  | 0.48       |
|    value_loss           | 0.0554     |
----------------------------------------
Early stopping at step 1 due to reaching max kl: 0.03
-----------------------------------------
| rollout/                |             |
|    ep_len_mean          | 752         |
|    ep_rew_mean          | 1.61e+03    |
| time/                   |             |
|    fps                  | 2627        |
|    iterations           | 375         |
|    time_elapsed         | 1169        |
|    total_timesteps      | 3072000     |
| train/                  |             |
|    approx_kl            | 0.025783662 |
|    clip_fraction        | 0.197       |
|    clip_range           | 0.2         |
|    entropy_loss         | -5.47       |
|    explained_variance   | 0.636       |
|    learning_rate        | 0.000177    |
|    loss                 | -0.00635    |
|    n_updates            | 440         |
|    policy_gradient_loss | 0.00794     |
|    std                  | 0.479       |
|    value_loss           | 0.0319      |
-----------------------------------------
Early stopping at step 0 due to reaching max kl: 0.03
-----------------------------------------
| rollout/                |             |
|    ep_len_mean          | 763         |
|    ep_rew_mean          | 1.64e+03    |
| time/                   |             |
|    fps                  | 2627        |
|    iterations           | 376         |
|    time_elapsed         | 1172        |
|    total_timesteps      | 3080192     |
| train/                  |             |
|    approx_kl            | 0.013553281 |
|    clip_fraction        | 0.193       |
|    clip_range           | 0.2         |
|    entropy_loss         | -5.45       |
|    explained_variance   | 0.556       |
|    learning_rate        | 0.000177    |
|    loss                 | 0.0398      |
|    n_updates            | 441         |
|    policy_gradient_loss | 0.00409     |
|    std                  | 0.478       |
|    value_loss           | 0.0522      |
-----------------------------------------
Early stopping at step 0 due to reaching max kl: 0.03
------------------------------------------
| rollout/                |              |
|    ep_len_mean          | 744          |
|    ep_rew_mean          | 1.61e+03     |
| time/                   |              |
|    fps                  | 2627         |
|    iterations           | 377          |
|    time_elapsed         | 1175         |
|    total_timesteps      | 3088384      |
| train/                  |              |
|    approx_kl            | 0.0133844465 |
|    clip_fraction        | 0.183        |
|    clip_range           | 0.2          |
|    entropy_loss         | -5.44        |
|    explained_variance   | 0.56         |
|    learning_rate        | 0.000177     |
|    loss                 | 0.0848       |
|    n_updates            | 442          |
|    policy_gradient_loss | 0.0108       |
|    std                  | 0.478        |
|    value_loss           | 0.036        |
------------------------------------------
Early stopping at step 0 due to reaching max kl: 0.03
-----------------------------------------
| rollout/                |             |
|    ep_len_mean          | 725         |
|    ep_rew_mean          | 1.56e+03    |
| time/                   |             |
|    fps                  | 2627        |
|    iterations           | 378         |
|    time_elapsed         | 1178        |
|    total_timesteps      | 3096576     |
| train/                  |             |
|    approx_kl            | 0.011916253 |
|    clip_fraction        | 0.164       |
|    clip_range           | 0.2         |
|    entropy_loss         | -5.43       |
|    explained_variance   | 0.487       |
|    learning_rate        | 0.000176    |
|    loss                 | 0.0201      |
|    n_updates            | 443         |
|    policy_gradient_loss | 0.00479     |
|    std                  | 0.476       |
|    value_loss           | 0.0522      |
-----------------------------------------
Early stopping at step 0 due to reaching max kl: 0.03
-----------------------------------------
| rollout/                |             |
|    ep_len_mean          | 707         |
|    ep_rew_mean          | 1.52e+03    |
| time/                   |             |
|    fps                  | 2627        |
|    iterations           | 379         |
|    time_elapsed         | 1181        |
|    total_timesteps      | 3104768     |
| train/                  |             |
|    approx_kl            | 0.010703112 |
|    clip_fraction        | 0.151       |
|    clip_range           | 0.2         |
|    entropy_loss         | -5.41       |
|    explained_variance   | 0.518       |
|    learning_rate        | 0.000176    |
|    loss                 | 0.0648      |
|    n_updates            | 444         |
|    policy_gradient_loss | 0.00165     |
|    std                  | 0.476       |
|    value_loss           | 0.0543      |
-----------------------------------------
Early stopping at step 0 due to reaching max kl: 0.03
----------------------------------------
| rollout/                |            |
|    ep_len_mean          | 714        |
|    ep_rew_mean          | 1.54e+03   |
| time/                   |            |
|    fps                  | 2627       |
|    iterations           | 380        |
|    time_elapsed         | 1184       |
|    total_timesteps      | 3112960    |
| train/                  |            |
|    approx_kl            | 0.01431288 |
|    clip_fraction        | 0.197      |
|    clip_range           | 0.2        |
|    entropy_loss         | -5.4       |
|    explained_variance   | 0.405      |
|    learning_rate        | 0.000176   |
|    loss                 | 0.0139     |
|    n_updates            | 445        |
|    policy_gradient_loss | 0.00643    |
|    std                  | 0.476      |
|    value_loss           | 0.0872     |
----------------------------------------
Early stopping at step 0 due to reaching max kl: 0.03
----------------------------------------
| rollout/                |            |
|    ep_len_mean          | 751        |
|    ep_rew_mean          | 1.62e+03   |
| time/                   |            |
|    fps                  | 2628       |
|    iterations           | 381        |
|    time_elapsed         | 1187       |
|    total_timesteps      | 3121152    |
| train/                  |            |
|    approx_kl            | 0.01161362 |
|    clip_fraction        | 0.155      |
|    clip_range           | 0.2        |
|    entropy_loss         | -5.4       |
|    explained_variance   | 0.61       |
|    learning_rate        | 0.000175   |
|    loss                 | 0.0404     |
|    n_updates            | 446        |
|    policy_gradient_loss | 0.00643    |
|    std                  | 0.475      |
|    value_loss           | 0.0711     |
----------------------------------------
Early stopping at step 0 due to reaching max kl: 0.03
----------------------------------------
| rollout/                |            |
|    ep_len_mean          | 775        |
|    ep_rew_mean          | 1.67e+03   |
| time/                   |            |
|    fps                  | 2628       |
|    iterations           | 382        |
|    time_elapsed         | 1190       |
|    total_timesteps      | 3129344    |
| train/                  |            |
|    approx_kl            | 0.01211311 |
|    clip_fraction        | 0.167      |
|    clip_range           | 0.2        |
|    entropy_loss         | -5.39      |
|    explained_variance   | 0.643      |
|    learning_rate        | 0.000175   |
|    loss                 | 0.0316     |
|    n_updates            | 447        |
|    policy_gradient_loss | 0.00941    |
|    std                  | 0.474      |
|    value_loss           | 0.034      |
----------------------------------------
Early stopping at step 0 due to reaching max kl: 0.03
-----------------------------------------
| rollout/                |             |
|    ep_len_mean          | 783         |
|    ep_rew_mean          | 1.69e+03    |
| time/                   |             |
|    fps                  | 2628        |
|    iterations           | 383         |
|    time_elapsed         | 1193        |
|    total_timesteps      | 3137536     |
| train/                  |             |
|    approx_kl            | 0.011242398 |
|    clip_fraction        | 0.145       |
|    clip_range           | 0.2         |
|    entropy_loss         | -5.38       |
|    explained_variance   | 0.588       |
|    learning_rate        | 0.000175    |
|    loss                 | 0.101       |
|    n_updates            | 448         |
|    policy_gradient_loss | 0.00679     |
|    std                  | 0.474       |
|    value_loss           | 0.047       |
-----------------------------------------
Early stopping at step 0 due to reaching max kl: 0.03
----------------------------------------
| rollout/                |            |
|    ep_len_mean          | 765        |
|    ep_rew_mean          | 1.65e+03   |
| time/                   |            |
|    fps                  | 2628       |
|    iterations           | 384        |
|    time_elapsed         | 1196       |
|    total_timesteps      | 3145728    |
| train/                  |            |
|    approx_kl            | 0.01348547 |
|    clip_fraction        | 0.183      |
|    clip_range           | 0.2        |
|    entropy_loss         | -5.37      |
|    explained_variance   | 0.675      |
|    learning_rate        | 0.000174   |
|    loss                 | -0.0078    |
|    n_updates            | 449        |
|    policy_gradient_loss | 0.00555    |
|    std                  | 0.473      |
|    value_loss           | 0.0331     |
----------------------------------------
Early stopping at step 0 due to reaching max kl: 0.04
-----------------------------------------
| rollout/                |             |
|    ep_len_mean          | 750         |
|    ep_rew_mean          | 1.62e+03    |
| time/                   |             |
|    fps                  | 2628        |
|    iterations           | 385         |
|    time_elapsed         | 1199        |
|    total_timesteps      | 3153920     |
| train/                  |             |
|    approx_kl            | 0.015231082 |
|    clip_fraction        | 0.21        |
|    clip_range           | 0.2         |
|    entropy_loss         | -5.36       |
|    explained_variance   | 0.639       |
|    learning_rate        | 0.000174    |
|    loss                 | 0.0225      |
|    n_updates            | 450         |
|    policy_gradient_loss | 0.0104      |
|    std                  | 0.473       |
|    value_loss           | 0.0482      |
-----------------------------------------
Early stopping at step 0 due to reaching max kl: 0.03
[Progress] Training 6/6: 3,153,924/5,000,000 steps (63.1%); 0 full runs remain afterward; rough training ETA 12m.
-----------------------------------------
| rollout/                |             |
|    ep_len_mean          | 768         |
|    ep_rew_mean          | 1.65e+03    |
| time/                   |             |
|    fps                  | 2628        |
|    iterations           | 386         |
|    time_elapsed         | 1202        |
|    total_timesteps      | 3162112     |
| train/                  |             |
|    approx_kl            | 0.013072996 |
|    clip_fraction        | 0.181       |
|    clip_range           | 0.2         |
|    entropy_loss         | -5.35       |
|    explained_variance   | 0.53        |
|    learning_rate        | 0.000174    |
|    loss                 | 0.0306      |
|    n_updates            | 451         |
|    policy_gradient_loss | 0.00748     |
|    std                  | 0.472       |
|    value_loss           | 0.0471      |
-----------------------------------------
Early stopping at step 0 due to reaching max kl: 0.03
----------------------------------------
| rollout/                |            |
|    ep_len_mean          | 749        |
|    ep_rew_mean          | 1.61e+03   |
| time/                   |            |
|    fps                  | 2628       |
|    iterations           | 387        |
|    time_elapsed         | 1206       |
|    total_timesteps      | 3170304    |
| train/                  |            |
|    approx_kl            | 0.01391759 |
|    clip_fraction        | 0.192      |
|    clip_range           | 0.2        |
|    entropy_loss         | -5.33      |
|    explained_variance   | 0.591      |
|    learning_rate        | 0.000174   |
|    loss                 | 0.0144     |
|    n_updates            | 452        |
|    policy_gradient_loss | 0.00677    |
|    std                  | 0.471      |
|    value_loss           | 0.0511     |
----------------------------------------
Early stopping at step 0 due to reaching max kl: 0.03
-----------------------------------------
| rollout/                |             |
|    ep_len_mean          | 765         |
|    ep_rew_mean          | 1.64e+03    |
| time/                   |             |
|    fps                  | 2628        |
|    iterations           | 388         |
|    time_elapsed         | 1209        |
|    total_timesteps      | 3178496     |
| train/                  |             |
|    approx_kl            | 0.012200531 |
|    clip_fraction        | 0.162       |
|    clip_range           | 0.2         |
|    entropy_loss         | -5.32       |
|    explained_variance   | 0.462       |
|    learning_rate        | 0.000173    |
|    loss                 | 0.0175      |
|    n_updates            | 453         |
|    policy_gradient_loss | 0.00887     |
|    std                  | 0.47        |
|    value_loss           | 0.0731      |
-----------------------------------------
Early stopping at step 0 due to reaching max kl: 0.03
-----------------------------------------
| rollout/                |             |
|    ep_len_mean          | 775         |
|    ep_rew_mean          | 1.66e+03    |
| time/                   |             |
|    fps                  | 2628        |
|    iterations           | 389         |
|    time_elapsed         | 1212        |
|    total_timesteps      | 3186688     |
| train/                  |             |
|    approx_kl            | 0.014621094 |
|    clip_fraction        | 0.196       |
|    clip_range           | 0.2         |
|    entropy_loss         | -5.31       |
|    explained_variance   | 0.661       |
|    learning_rate        | 0.000173    |
|    loss                 | 0.00669     |
|    n_updates            | 454         |
|    policy_gradient_loss | 0.00501     |
|    std                  | 0.47        |
|    value_loss           | 0.0423      |
-----------------------------------------
Early stopping at step 0 due to reaching max kl: 0.03
-----------------------------------------
| rollout/                |             |
|    ep_len_mean          | 773         |
|    ep_rew_mean          | 1.66e+03    |
| time/                   |             |
|    fps                  | 2628        |
|    iterations           | 390         |
|    time_elapsed         | 1215        |
|    total_timesteps      | 3194880     |
| train/                  |             |
|    approx_kl            | 0.008380377 |
|    clip_fraction        | 0.11        |
|    clip_range           | 0.2         |
|    entropy_loss         | -5.31       |
|    explained_variance   | 0.546       |
|    learning_rate        | 0.000173    |
|    loss                 | 0.0962      |
|    n_updates            | 455         |
|    policy_gradient_loss | 0.00682     |
|    std                  | 0.47        |
|    value_loss           | 0.048       |
-----------------------------------------
Early stopping at step 0 due to reaching max kl: 0.03
-----------------------------------------
| rollout/                |             |
|    ep_len_mean          | 773         |
|    ep_rew_mean          | 1.66e+03    |
| time/                   |             |
|    fps                  | 2628        |
|    iterations           | 391         |
|    time_elapsed         | 1218        |
|    total_timesteps      | 3203072     |
| train/                  |             |
|    approx_kl            | 0.010234312 |
|    clip_fraction        | 0.135       |
|    clip_range           | 0.2         |
|    entropy_loss         | -5.3        |
|    explained_variance   | 0.451       |
|    learning_rate        | 0.000172    |
|    loss                 | 0.0619      |
|    n_updates            | 456         |
|    policy_gradient_loss | 0.0031      |
|    std                  | 0.469       |
|    value_loss           | 0.0573      |
-----------------------------------------
Early stopping at step 0 due to reaching max kl: 0.04
-----------------------------------------
| rollout/                |             |
|    ep_len_mean          | 775         |
|    ep_rew_mean          | 1.66e+03    |
| time/                   |             |
|    fps                  | 2628        |
|    iterations           | 392         |
|    time_elapsed         | 1221        |
|    total_timesteps      | 3211264     |
| train/                  |             |
|    approx_kl            | 0.009755045 |
|    clip_fraction        | 0.127       |
|    clip_range           | 0.2         |
|    entropy_loss         | -5.29       |
|    explained_variance   | 0.526       |
|    learning_rate        | 0.000172    |
|    loss                 | 0.101       |
|    n_updates            | 457         |
|    policy_gradient_loss | 0.000907    |
|    std                  | 0.469       |
|    value_loss           | 0.0319      |
-----------------------------------------
Early stopping at step 0 due to reaching max kl: 0.03
----------------------------------------
| rollout/                |            |
|    ep_len_mean          | 759        |
|    ep_rew_mean          | 1.63e+03   |
| time/                   |            |
|    fps                  | 2628       |
|    iterations           | 393        |
|    time_elapsed         | 1224       |
|    total_timesteps      | 3219456    |
| train/                  |            |
|    approx_kl            | 0.01265922 |
|    clip_fraction        | 0.177      |
|    clip_range           | 0.2        |
|    entropy_loss         | -5.28      |
|    explained_variance   | 0.486      |
|    learning_rate        | 0.000172   |
|    loss                 | 0.0192     |
|    n_updates            | 458        |
|    policy_gradient_loss | 0.00959    |
|    std                  | 0.468      |
|    value_loss           | 0.0442     |
----------------------------------------
Early stopping at step 1 due to reaching max kl: 0.03
-----------------------------------------
| rollout/                |             |
|    ep_len_mean          | 765         |
|    ep_rew_mean          | 1.65e+03    |
| time/                   |             |
|    fps                  | 2628        |
|    iterations           | 394         |
|    time_elapsed         | 1228        |
|    total_timesteps      | 3227648     |
| train/                  |             |
|    approx_kl            | 0.021846227 |
|    clip_fraction        | 0.217       |
|    clip_range           | 0.2         |
|    entropy_loss         | -5.28       |
|    explained_variance   | 0.428       |
|    learning_rate        | 0.000171    |
|    loss                 | 0.0207      |
|    n_updates            | 460         |
|    policy_gradient_loss | 0.00561     |
|    std                  | 0.468       |
|    value_loss           | 0.0551      |
-----------------------------------------
Early stopping at step 0 due to reaching max kl: 0.03
-----------------------------------------
| rollout/                |             |
|    ep_len_mean          | 765         |
|    ep_rew_mean          | 1.64e+03    |
| time/                   |             |
|    fps                  | 2628        |
|    iterations           | 395         |
|    time_elapsed         | 1231        |
|    total_timesteps      | 3235840     |
| train/                  |             |
|    approx_kl            | 0.014565556 |
|    clip_fraction        | 0.203       |
|    clip_range           | 0.2         |
|    entropy_loss         | -5.27       |
|    explained_variance   | 0.497       |
|    learning_rate        | 0.000171    |
|    loss                 | 0.0235      |
|    n_updates            | 461         |
|    policy_gradient_loss | 0.0102      |
|    std                  | 0.467       |
|    value_loss           | 0.0547      |
-----------------------------------------
Early stopping at step 0 due to reaching max kl: 0.03
-----------------------------------------
| rollout/                |             |
|    ep_len_mean          | 761         |
|    ep_rew_mean          | 1.64e+03    |
| time/                   |             |
|    fps                  | 2628        |
|    iterations           | 396         |
|    time_elapsed         | 1234        |
|    total_timesteps      | 3244032     |
| train/                  |             |
|    approx_kl            | 0.010376276 |
|    clip_fraction        | 0.131       |
|    clip_range           | 0.2         |
|    entropy_loss         | -5.26       |
|    explained_variance   | 0.451       |
|    learning_rate        | 0.000171    |
|    loss                 | 0.00644     |
|    n_updates            | 462         |
|    policy_gradient_loss | 0.00275     |
|    std                  | 0.467       |
|    value_loss           | 0.0666      |
-----------------------------------------
Early stopping at step 0 due to reaching max kl: 0.03
-----------------------------------------
| rollout/                |             |
|    ep_len_mean          | 732         |
|    ep_rew_mean          | 1.58e+03    |
| time/                   |             |
|    fps                  | 2628        |
|    iterations           | 397         |
|    time_elapsed         | 1237        |
|    total_timesteps      | 3252224     |
| train/                  |             |
|    approx_kl            | 0.008632544 |
|    clip_fraction        | 0.113       |
|    clip_range           | 0.2         |
|    entropy_loss         | -5.25       |
|    explained_variance   | 0.347       |
|    learning_rate        | 0.00017     |
|    loss                 | 0.0525      |
|    n_updates            | 463         |
|    policy_gradient_loss | 0.00292     |
|    std                  | 0.466       |
|    value_loss           | 0.0878      |
-----------------------------------------
Early stopping at step 0 due to reaching max kl: 0.03
-----------------------------------------
| rollout/                |             |
|    ep_len_mean          | 708         |
|    ep_rew_mean          | 1.53e+03    |
| time/                   |             |
|    fps                  | 2629        |
|    iterations           | 398         |
|    time_elapsed         | 1240        |
|    total_timesteps      | 3260416     |
| train/                  |             |
|    approx_kl            | 0.009476002 |
|    clip_fraction        | 0.121       |
|    clip_range           | 0.2         |
|    entropy_loss         | -5.25       |
|    explained_variance   | 0.415       |
|    learning_rate        | 0.00017     |
|    loss                 | 0.0465      |
|    n_updates            | 464         |
|    policy_gradient_loss | 0.00635     |
|    std                  | 0.466       |
|    value_loss           | 0.108       |
-----------------------------------------
Early stopping at step 0 due to reaching max kl: 0.03
-----------------------------------------
| rollout/                |             |
|    ep_len_mean          | 698         |
|    ep_rew_mean          | 1.5e+03     |
| time/                   |             |
|    fps                  | 2629        |
|    iterations           | 399         |
|    time_elapsed         | 1243        |
|    total_timesteps      | 3268608     |
| train/                  |             |
|    approx_kl            | 0.015868466 |
|    clip_fraction        | 0.204       |
|    clip_range           | 0.2         |
|    entropy_loss         | -5.24       |
|    explained_variance   | 0.431       |
|    learning_rate        | 0.00017     |
|    loss                 | 0.118       |
|    n_updates            | 465         |
|    policy_gradient_loss | 0.00894     |
|    std                  | 0.466       |
|    value_loss           | 0.0975      |
-----------------------------------------
Early stopping at step 0 due to reaching max kl: 0.03
-----------------------------------------
| rollout/                |             |
|    ep_len_mean          | 704         |
|    ep_rew_mean          | 1.52e+03    |
| time/                   |             |
|    fps                  | 2629        |
|    iterations           | 400         |
|    time_elapsed         | 1246        |
|    total_timesteps      | 3276800     |
| train/                  |             |
|    approx_kl            | 0.011999189 |
|    clip_fraction        | 0.162       |
|    clip_range           | 0.2         |
|    entropy_loss         | -5.22       |
|    explained_variance   | 0.573       |
|    learning_rate        | 0.000169    |
|    loss                 | 0.0435      |
|    n_updates            | 466         |
|    policy_gradient_loss | 0.00261     |
|    std                  | 0.464       |
|    value_loss           | 0.0361      |
-----------------------------------------
Early stopping at step 0 due to reaching max kl: 0.03
-----------------------------------------
| rollout/                |             |
|    ep_len_mean          | 707         |
|    ep_rew_mean          | 1.53e+03    |
| time/                   |             |
|    fps                  | 2629        |
|    iterations           | 401         |
|    time_elapsed         | 1249        |
|    total_timesteps      | 3284992     |
| train/                  |             |
|    approx_kl            | 0.012976642 |
|    clip_fraction        | 0.176       |
|    clip_range           | 0.2         |
|    entropy_loss         | -5.21       |
|    explained_variance   | 0.614       |
|    learning_rate        | 0.000169    |
|    loss                 | 0.0465      |
|    n_updates            | 467         |
|    policy_gradient_loss | 0.00706     |
|    std                  | 0.463       |
|    value_loss           | 0.0369      |
-----------------------------------------
Early stopping at step 0 due to reaching max kl: 0.03
-----------------------------------------
| rollout/                |             |
|    ep_len_mean          | 709         |
|    ep_rew_mean          | 1.53e+03    |
| time/                   |             |
|    fps                  | 2629        |
|    iterations           | 402         |
|    time_elapsed         | 1252        |
|    total_timesteps      | 3293184     |
| train/                  |             |
|    approx_kl            | 0.013987068 |
|    clip_fraction        | 0.19        |
|    clip_range           | 0.2         |
|    entropy_loss         | -5.19       |
|    explained_variance   | 0.6         |
|    learning_rate        | 0.000169    |
|    loss                 | 0.0613      |
|    n_updates            | 468         |
|    policy_gradient_loss | 0.00571     |
|    std                  | 0.463       |
|    value_loss           | 0.0298      |
-----------------------------------------
Early stopping at step 0 due to reaching max kl: 0.03
-----------------------------------------
| rollout/                |             |
|    ep_len_mean          | 710         |
|    ep_rew_mean          | 1.53e+03    |
| time/                   |             |
|    fps                  | 2629        |
|    iterations           | 403         |
|    time_elapsed         | 1255        |
|    total_timesteps      | 3301376     |
| train/                  |             |
|    approx_kl            | 0.012741171 |
|    clip_fraction        | 0.175       |
|    clip_range           | 0.2         |
|    entropy_loss         | -5.18       |
|    explained_variance   | 0.476       |
|    learning_rate        | 0.000168    |
|    loss                 | 0.106       |
|    n_updates            | 469         |
|    policy_gradient_loss | 0.00843     |
|    std                  | 0.462       |
|    value_loss           | 0.0586      |
-----------------------------------------
Early stopping at step 0 due to reaching max kl: 0.04
-----------------------------------------
| rollout/                |             |
|    ep_len_mean          | 694         |
|    ep_rew_mean          | 1.5e+03     |
| time/                   |             |
|    fps                  | 2629        |
|    iterations           | 404         |
|    time_elapsed         | 1258        |
|    total_timesteps      | 3309568     |
| train/                  |             |
|    approx_kl            | 0.011918508 |
|    clip_fraction        | 0.162       |
|    clip_range           | 0.2         |
|    entropy_loss         | -5.18       |
|    explained_variance   | 0.443       |
|    learning_rate        | 0.000168    |
|    loss                 | 0.119       |
|    n_updates            | 470         |
|    policy_gradient_loss | 0.00585     |
|    std                  | 0.463       |
|    value_loss           | 0.112       |
-----------------------------------------
Early stopping at step 0 due to reaching max kl: 0.03
-----------------------------------------
| rollout/                |             |
|    ep_len_mean          | 704         |
|    ep_rew_mean          | 1.52e+03    |
| time/                   |             |
|    fps                  | 2629        |
|    iterations           | 405         |
|    time_elapsed         | 1261        |
|    total_timesteps      | 3317760     |
| train/                  |             |
|    approx_kl            | 0.009896396 |
|    clip_fraction        | 0.128       |
|    clip_range           | 0.2         |
|    entropy_loss         | -5.18       |
|    explained_variance   | 0.462       |
|    learning_rate        | 0.000168    |
|    loss                 | 0.11        |
|    n_updates            | 471         |
|    policy_gradient_loss | 0.00392     |
|    std                  | 0.462       |
|    value_loss           | 0.078       |
-----------------------------------------
Early stopping at step 0 due to reaching max kl: 0.03
-----------------------------------------
| rollout/                |             |
|    ep_len_mean          | 724         |
|    ep_rew_mean          | 1.57e+03    |
| time/                   |             |
|    fps                  | 2629        |
|    iterations           | 406         |
|    time_elapsed         | 1264        |
|    total_timesteps      | 3325952     |
| train/                  |             |
|    approx_kl            | 0.013676262 |
|    clip_fraction        | 0.19        |
|    clip_range           | 0.2         |
|    entropy_loss         | -5.17       |
|    explained_variance   | 0.465       |
|    learning_rate        | 0.000167    |
|    loss                 | 0.185       |
|    n_updates            | 472         |
|    policy_gradient_loss | 0.00516     |
|    std                  | 0.461       |
|    value_loss           | 0.052       |
-----------------------------------------
Early stopping at step 0 due to reaching max kl: 0.03
-----------------------------------------
| rollout/                |             |
|    ep_len_mean          | 752         |
|    ep_rew_mean          | 1.63e+03    |
| time/                   |             |
|    fps                  | 2629        |
|    iterations           | 407         |
|    time_elapsed         | 1267        |
|    total_timesteps      | 3334144     |
| train/                  |             |
|    approx_kl            | 0.013031642 |
|    clip_fraction        | 0.178       |
|    clip_range           | 0.2         |
|    entropy_loss         | -5.15       |
|    explained_variance   | 0.519       |
|    learning_rate        | 0.000167    |
|    loss                 | 0.0242      |
|    n_updates            | 473         |
|    policy_gradient_loss | 0.00533     |
|    std                  | 0.461       |
|    value_loss           | 0.0505      |
-----------------------------------------
Early stopping at step 0 due to reaching max kl: 0.03
-----------------------------------------
| rollout/                |             |
|    ep_len_mean          | 766         |
|    ep_rew_mean          | 1.66e+03    |
| time/                   |             |
|    fps                  | 2629        |
|    iterations           | 408         |
|    time_elapsed         | 1270        |
|    total_timesteps      | 3342336     |
| train/                  |             |
|    approx_kl            | 0.013136138 |
|    clip_fraction        | 0.18        |
|    clip_range           | 0.2         |
|    entropy_loss         | -5.14       |
|    explained_variance   | 0.577       |
|    learning_rate        | 0.000167    |
|    loss                 | 0.0335      |
|    n_updates            | 474         |
|    policy_gradient_loss | 0.00551     |
|    std                  | 0.46        |
|    value_loss           | 0.0545      |
-----------------------------------------
Early stopping at step 0 due to reaching max kl: 0.03
-----------------------------------------
| rollout/                |             |
|    ep_len_mean          | 774         |
|    ep_rew_mean          | 1.68e+03    |
| time/                   |             |
|    fps                  | 2629        |
|    iterations           | 409         |
|    time_elapsed         | 1274        |
|    total_timesteps      | 3350528     |
| train/                  |             |
|    approx_kl            | 0.013130743 |
|    clip_fraction        | 0.182       |
|    clip_range           | 0.2         |
|    entropy_loss         | -5.13       |
|    explained_variance   | 0.666       |
|    learning_rate        | 0.000166    |
|    loss                 | 0.0339      |
|    n_updates            | 475         |
|    policy_gradient_loss | 0.00919     |
|    std                  | 0.459       |
|    value_loss           | 0.0188      |
-----------------------------------------
Early stopping at step 0 due to reaching max kl: 0.03
-----------------------------------------
| rollout/                |             |
|    ep_len_mean          | 754         |
|    ep_rew_mean          | 1.65e+03    |
| time/                   |             |
|    fps                  | 2629        |
|    iterations           | 410         |
|    time_elapsed         | 1277        |
|    total_timesteps      | 3358720     |
| train/                  |             |
|    approx_kl            | 0.014600105 |
|    clip_fraction        | 0.198       |
|    clip_range           | 0.2         |
|    entropy_loss         | -5.11       |
|    explained_variance   | 0.602       |
|    learning_rate        | 0.000166    |
|    loss                 | 0.0839      |
|    n_updates            | 476         |
|    policy_gradient_loss | 0.00756     |
|    std                  | 0.458       |
|    value_loss           | 0.0222      |
-----------------------------------------
Early stopping at step 0 due to reaching max kl: 0.03
-----------------------------------------
| rollout/                |             |
|    ep_len_mean          | 760         |
|    ep_rew_mean          | 1.66e+03    |
| time/                   |             |
|    fps                  | 2629        |
|    iterations           | 411         |
|    time_elapsed         | 1280        |
|    total_timesteps      | 3366912     |
| train/                  |             |
|    approx_kl            | 0.011373982 |
|    clip_fraction        | 0.152       |
|    clip_range           | 0.2         |
|    entropy_loss         | -5.1        |
|    explained_variance   | 0.445       |
|    learning_rate        | 0.000166    |
|    loss                 | 0.0595      |
|    n_updates            | 477         |
|    policy_gradient_loss | 0.0049      |
|    std                  | 0.458       |
|    value_loss           | 0.0732      |
-----------------------------------------
Early stopping at step 0 due to reaching max kl: 0.04
-----------------------------------------
| rollout/                |             |
|    ep_len_mean          | 747         |
|    ep_rew_mean          | 1.64e+03    |
| time/                   |             |
|    fps                  | 2629        |
|    iterations           | 412         |
|    time_elapsed         | 1283        |
|    total_timesteps      | 3375104     |
| train/                  |             |
|    approx_kl            | 0.013441697 |
|    clip_fraction        | 0.192       |
|    clip_range           | 0.2         |
|    entropy_loss         | -5.09       |
|    explained_variance   | 0.506       |
|    learning_rate        | 0.000165    |
|    loss                 | 0.0318      |
|    n_updates            | 478         |
|    policy_gradient_loss | 0.00479     |
|    std                  | 0.457       |
|    value_loss           | 0.0408      |
-----------------------------------------
Early stopping at step 0 due to reaching max kl: 0.03
-----------------------------------------
| rollout/                |             |
|    ep_len_mean          | 771         |
|    ep_rew_mean          | 1.69e+03    |
| time/                   |             |
|    fps                  | 2629        |
|    iterations           | 413         |
|    time_elapsed         | 1286        |
|    total_timesteps      | 3383296     |
| train/                  |             |
|    approx_kl            | 0.012119178 |
|    clip_fraction        | 0.162       |
|    clip_range           | 0.2         |
|    entropy_loss         | -5.09       |
|    explained_variance   | 0.459       |
|    learning_rate        | 0.000165    |
|    loss                 | 0.0456      |
|    n_updates            | 479         |
|    policy_gradient_loss | 0.00305     |
|    std                  | 0.457       |
|    value_loss           | 0.0897      |
-----------------------------------------
Early stopping at step 0 due to reaching max kl: 0.03
------------------------------------------
| rollout/                |              |
|    ep_len_mean          | 766          |
|    ep_rew_mean          | 1.68e+03     |
| time/                   |              |
|    fps                  | 2630         |
|    iterations           | 414          |
|    time_elapsed         | 1289         |
|    total_timesteps      | 3391488      |
| train/                  |              |
|    approx_kl            | 0.0128304735 |
|    clip_fraction        | 0.173        |
|    clip_range           | 0.2          |
|    entropy_loss         | -5.08        |
|    explained_variance   | 0.556        |
|    learning_rate        | 0.000165     |
|    loss                 | 0.018        |
|    n_updates            | 480          |
|    policy_gradient_loss | 0.0081       |
|    std                  | 0.457        |
|    value_loss           | 0.0419       |
------------------------------------------
Early stopping at step 0 due to reaching max kl: 0.03
-----------------------------------------
| rollout/                |             |
|    ep_len_mean          | 774         |
|    ep_rew_mean          | 1.71e+03    |
| time/                   |             |
|    fps                  | 2630        |
|    iterations           | 415         |
|    time_elapsed         | 1292        |
|    total_timesteps      | 3399680     |
| train/                  |             |
|    approx_kl            | 0.014834859 |
|    clip_fraction        | 0.203       |
|    clip_range           | 0.2         |
|    entropy_loss         | -5.07       |
|    explained_variance   | 0.489       |
|    learning_rate        | 0.000164    |
|    loss                 | 0.0406      |
|    n_updates            | 481         |
|    policy_gradient_loss | 0.01        |
|    std                  | 0.456       |
|    value_loss           | 0.0569      |
-----------------------------------------
Early stopping at step 0 due to reaching max kl: 0.03
-----------------------------------------
| rollout/                |             |
|    ep_len_mean          | 749         |
|    ep_rew_mean          | 1.65e+03    |
| time/                   |             |
|    fps                  | 2629        |
|    iterations           | 416         |
|    time_elapsed         | 1295        |
|    total_timesteps      | 3407872     |
| train/                  |             |
|    approx_kl            | 0.014688066 |
|    clip_fraction        | 0.206       |
|    clip_range           | 0.2         |
|    entropy_loss         | -5.06       |
|    explained_variance   | 0.508       |
|    learning_rate        | 0.000164    |
|    loss                 | 0.0961      |
|    n_updates            | 482         |
|    policy_gradient_loss | 0.00897     |
|    std                  | 0.455       |
|    value_loss           | 0.0609      |
-----------------------------------------
Early stopping at step 0 due to reaching max kl: 0.04
-----------------------------------------
| rollout/                |             |
|    ep_len_mean          | 735         |
|    ep_rew_mean          | 1.62e+03    |
| time/                   |             |
|    fps                  | 2630        |
|    iterations           | 417         |
|    time_elapsed         | 1298        |
|    total_timesteps      | 3416064     |
| train/                  |             |
|    approx_kl            | 0.013252345 |
|    clip_fraction        | 0.181       |
|    clip_range           | 0.2         |
|    entropy_loss         | -5.05       |
|    explained_variance   | 0.485       |
|    learning_rate        | 0.000164    |
|    loss                 | 0.0341      |
|    n_updates            | 483         |
|    policy_gradient_loss | 0.00408     |
|    std                  | 0.455       |
|    value_loss           | 0.073       |
-----------------------------------------
Early stopping at step 0 due to reaching max kl: 0.03
-----------------------------------------
| rollout/                |             |
|    ep_len_mean          | 727         |
|    ep_rew_mean          | 1.61e+03    |
| time/                   |             |
|    fps                  | 2630        |
|    iterations           | 418         |
|    time_elapsed         | 1301        |
|    total_timesteps      | 3424256     |
| train/                  |             |
|    approx_kl            | 0.012640581 |
|    clip_fraction        | 0.171       |
|    clip_range           | 0.2         |
|    entropy_loss         | -5.04       |
|    explained_variance   | 0.502       |
|    learning_rate        | 0.000163    |
|    loss                 | 0.0551      |
|    n_updates            | 484         |
|    policy_gradient_loss | 0.00692     |
|    std                  | 0.454       |
|    value_loss           | 0.0634      |
-----------------------------------------
Early stopping at step 0 due to reaching max kl: 0.03
-----------------------------------------
| rollout/                |             |
|    ep_len_mean          | 749         |
|    ep_rew_mean          | 1.66e+03    |
| time/                   |             |
|    fps                  | 2630        |
|    iterations           | 419         |
|    time_elapsed         | 1305        |
|    total_timesteps      | 3432448     |
| train/                  |             |
|    approx_kl            | 0.013483136 |
|    clip_fraction        | 0.182       |
|    clip_range           | 0.2         |
|    entropy_loss         | -5.03       |
|    explained_variance   | 0.504       |
|    learning_rate        | 0.000163    |
|    loss                 | 0.0302      |
|    n_updates            | 485         |
|    policy_gradient_loss | 0.00697     |
|    std                  | 0.453       |
|    value_loss           | 0.0496      |
-----------------------------------------
Early stopping at step 0 due to reaching max kl: 0.03
-----------------------------------------
| rollout/                |             |
|    ep_len_mean          | 750         |
|    ep_rew_mean          | 1.65e+03    |
| time/                   |             |
|    fps                  | 2630        |
|    iterations           | 420         |
|    time_elapsed         | 1308        |
|    total_timesteps      | 3440640     |
| train/                  |             |
|    approx_kl            | 0.013048875 |
|    clip_fraction        | 0.176       |
|    clip_range           | 0.2         |
|    entropy_loss         | -5.01       |
|    explained_variance   | 0.524       |
|    learning_rate        | 0.000163    |
|    loss                 | 0.0163      |
|    n_updates            | 486         |
|    policy_gradient_loss | 0.00293     |
|    std                  | 0.453       |
|    value_loss           | 0.037       |
-----------------------------------------
Early stopping at step 0 due to reaching max kl: 0.04
-----------------------------------------
| rollout/                |             |
|    ep_len_mean          | 780         |
|    ep_rew_mean          | 1.72e+03    |
| time/                   |             |
|    fps                  | 2630        |
|    iterations           | 421         |
|    time_elapsed         | 1311        |
|    total_timesteps      | 3448832     |
| train/                  |             |
|    approx_kl            | 0.014331096 |
|    clip_fraction        | 0.193       |
|    clip_range           | 0.2         |
|    entropy_loss         | -5          |
|    explained_variance   | 0.506       |
|    learning_rate        | 0.000162    |
|    loss                 | 0.00178     |
|    n_updates            | 487         |
|    policy_gradient_loss | 0.00887     |
|    std                  | 0.452       |
|    value_loss           | 0.0344      |
-----------------------------------------
Early stopping at step 0 due to reaching max kl: 0.03
-----------------------------------------
| rollout/                |             |
|    ep_len_mean          | 784         |
|    ep_rew_mean          | 1.73e+03    |
| time/                   |             |
|    fps                  | 2630        |
|    iterations           | 422         |
|    time_elapsed         | 1314        |
|    total_timesteps      | 3457024     |
| train/                  |             |
|    approx_kl            | 0.011843766 |
|    clip_fraction        | 0.159       |
|    clip_range           | 0.2         |
|    entropy_loss         | -4.99       |
|    explained_variance   | 0.47        |
|    learning_rate        | 0.000162    |
|    loss                 | 0.0324      |
|    n_updates            | 488         |
|    policy_gradient_loss | 0.00652     |
|    std                  | 0.451       |
|    value_loss           | 0.0427      |
-----------------------------------------
Early stopping at step 0 due to reaching max kl: 0.03
-----------------------------------------
| rollout/                |             |
|    ep_len_mean          | 806         |
|    ep_rew_mean          | 1.78e+03    |
| time/                   |             |
|    fps                  | 2630        |
|    iterations           | 423         |
|    time_elapsed         | 1317        |
|    total_timesteps      | 3465216     |
| train/                  |             |
|    approx_kl            | 0.011122171 |
|    clip_fraction        | 0.141       |
|    clip_range           | 0.2         |
|    entropy_loss         | -4.98       |
|    explained_variance   | 0.523       |
|    learning_rate        | 0.000162    |
|    loss                 | 0.0137      |
|    n_updates            | 489         |
|    policy_gradient_loss | 0.00389     |
|    std                  | 0.451       |
|    value_loss           | 0.0307      |
-----------------------------------------
Early stopping at step 0 due to reaching max kl: 0.03
-----------------------------------------
| rollout/                |             |
|    ep_len_mean          | 790         |
|    ep_rew_mean          | 1.74e+03    |
| time/                   |             |
|    fps                  | 2630        |
|    iterations           | 424         |
|    time_elapsed         | 1320        |
|    total_timesteps      | 3473408     |
| train/                  |             |
|    approx_kl            | 0.012567035 |
|    clip_fraction        | 0.164       |
|    clip_range           | 0.2         |
|    entropy_loss         | -4.97       |
|    explained_variance   | 0.313       |
|    learning_rate        | 0.000161    |
|    loss                 | 0.04        |
|    n_updates            | 490         |
|    policy_gradient_loss | 0.00894     |
|    std                  | 0.451       |
|    value_loss           | 0.0733      |
-----------------------------------------
Early stopping at step 0 due to reaching max kl: 0.03
----------------------------------------
| rollout/                |            |
|    ep_len_mean          | 792        |
|    ep_rew_mean          | 1.75e+03   |
| time/                   |            |
|    fps                  | 2630       |
|    iterations           | 425        |
|    time_elapsed         | 1323       |
|    total_timesteps      | 3481600    |
| train/                  |            |
|    approx_kl            | 0.01217108 |
|    clip_fraction        | 0.164      |
|    clip_range           | 0.2        |
|    entropy_loss         | -4.98      |
|    explained_variance   | 0.353      |
|    learning_rate        | 0.000161   |
|    loss                 | 0.0951     |
|    n_updates            | 491        |
|    policy_gradient_loss | 0.00709    |
|    std                  | 0.451      |
|    value_loss           | 0.0689     |
----------------------------------------
Early stopping at step 1 due to reaching max kl: 0.03
-----------------------------------------
| rollout/                |             |
|    ep_len_mean          | 825         |
|    ep_rew_mean          | 1.83e+03    |
| time/                   |             |
|    fps                  | 2630        |
|    iterations           | 426         |
|    time_elapsed         | 1326        |
|    total_timesteps      | 3489792     |
| train/                  |             |
|    approx_kl            | 0.021974653 |
|    clip_fraction        | 0.206       |
|    clip_range           | 0.2         |
|    entropy_loss         | -4.97       |
|    explained_variance   | 0.417       |
|    learning_rate        | 0.000161    |
|    loss                 | 0.0171      |
|    n_updates            | 493         |
|    policy_gradient_loss | 0.0108      |
|    std                  | 0.45        |
|    value_loss           | 0.0473      |
-----------------------------------------
Early stopping at step 0 due to reaching max kl: 0.03
-----------------------------------------
| rollout/                |             |
|    ep_len_mean          | 833         |
|    ep_rew_mean          | 1.85e+03    |
| time/                   |             |
|    fps                  | 2630        |
|    iterations           | 427         |
|    time_elapsed         | 1329        |
|    total_timesteps      | 3497984     |
| train/                  |             |
|    approx_kl            | 0.013660809 |
|    clip_fraction        | 0.19        |
|    clip_range           | 0.2         |
|    entropy_loss         | -4.96       |
|    explained_variance   | 0.48        |
|    learning_rate        | 0.00016     |
|    loss                 | -0.0117     |
|    n_updates            | 494         |
|    policy_gradient_loss | 0.00894     |
|    std                  | 0.449       |
|    value_loss           | 0.0295      |
-----------------------------------------
Early stopping at step 0 due to reaching max kl: 0.03
-----------------------------------------
| rollout/                |             |
|    ep_len_mean          | 831         |
|    ep_rew_mean          | 1.84e+03    |
| time/                   |             |
|    fps                  | 2630        |
|    iterations           | 428         |
|    time_elapsed         | 1332        |
|    total_timesteps      | 3506176     |
| train/                  |             |
|    approx_kl            | 0.014268828 |
|    clip_fraction        | 0.197       |
|    clip_range           | 0.2         |
|    entropy_loss         | -4.94       |
|    explained_variance   | 0.375       |
|    learning_rate        | 0.00016     |
|    loss                 | 0.036       |
|    n_updates            | 495         |
|    policy_gradient_loss | 0.00834     |
|    std                  | 0.449       |
|    value_loss           | 0.0463      |
-----------------------------------------
Early stopping at step 0 due to reaching max kl: 0.04
-----------------------------------------
| rollout/                |             |
|    ep_len_mean          | 839         |
|    ep_rew_mean          | 1.86e+03    |
| time/                   |             |
|    fps                  | 2630        |
|    iterations           | 429         |
|    time_elapsed         | 1335        |
|    total_timesteps      | 3514368     |
| train/                  |             |
|    approx_kl            | 0.014168175 |
|    clip_fraction        | 0.199       |
|    clip_range           | 0.2         |
|    entropy_loss         | -4.93       |
|    explained_variance   | 0.531       |
|    learning_rate        | 0.00016     |
|    loss                 | 0.0637      |
|    n_updates            | 496         |
|    policy_gradient_loss | 0.008       |
|    std                  | 0.448       |
|    value_loss           | 0.02        |
-----------------------------------------
Early stopping at step 0 due to reaching max kl: 0.03
----------------------------------------
| rollout/                |            |
|    ep_len_mean          | 852        |
|    ep_rew_mean          | 1.89e+03   |
| time/                   |            |
|    fps                  | 2630       |
|    iterations           | 430        |
|    time_elapsed         | 1338       |
|    total_timesteps      | 3522560    |
| train/                  |            |
|    approx_kl            | 0.01234393 |
|    clip_fraction        | 0.163      |
|    clip_range           | 0.2        |
|    entropy_loss         | -4.91      |
|    explained_variance   | 0.274      |
|    learning_rate        | 0.000159   |
|    loss                 | 0.0415     |
|    n_updates            | 497        |
|    policy_gradient_loss | 0.00459    |
|    std                  | 0.447      |
|    value_loss           | 0.0384     |
----------------------------------------
Early stopping at step 1 due to reaching max kl: 0.04
----------------------------------------
| rollout/                |            |
|    ep_len_mean          | 857        |
|    ep_rew_mean          | 1.9e+03    |
| time/                   |            |
|    fps                  | 2630       |
|    iterations           | 431        |
|    time_elapsed         | 1342       |
|    total_timesteps      | 3530752    |
| train/                  |            |
|    approx_kl            | 0.03588398 |
|    clip_fraction        | 0.18       |
|    clip_range           | 0.2        |
|    entropy_loss         | -4.89      |
|    explained_variance   | 0.64       |
|    learning_rate        | 0.000159   |
|    loss                 | 0.00701    |
|    n_updates            | 499        |
|    policy_gradient_loss | 0.0084     |
|    std                  | 0.446      |
|    value_loss           | 0.00706    |
----------------------------------------
Early stopping at step 0 due to reaching max kl: 0.03
-----------------------------------------
| rollout/                |             |
|    ep_len_mean          | 856         |
|    ep_rew_mean          | 1.9e+03     |
| time/                   |             |
|    fps                  | 2630        |
|    iterations           | 432         |
|    time_elapsed         | 1345        |
|    total_timesteps      | 3538944     |
| train/                  |             |
|    approx_kl            | 0.012470745 |
|    clip_fraction        | 0.164       |
|    clip_range           | 0.2         |
|    entropy_loss         | -4.88       |
|    explained_variance   | 0.359       |
|    learning_rate        | 0.000159    |
|    loss                 | 0.19        |
|    n_updates            | 500         |
|    policy_gradient_loss | 0.00558     |
|    std                  | 0.445       |
|    value_loss           | 0.0324      |
-----------------------------------------
Early stopping at step 0 due to reaching max kl: 0.03
-----------------------------------------
| rollout/                |             |
|    ep_len_mean          | 845         |
|    ep_rew_mean          | 1.89e+03    |
| time/                   |             |
|    fps                  | 2630        |
|    iterations           | 433         |
|    time_elapsed         | 1348        |
|    total_timesteps      | 3547136     |
| train/                  |             |
|    approx_kl            | 0.013178862 |
|    clip_fraction        | 0.17        |
|    clip_range           | 0.2         |
|    entropy_loss         | -4.87       |
|    explained_variance   | 0.402       |
|    learning_rate        | 0.000158    |
|    loss                 | 0.0271      |
|    n_updates            | 501         |
|    policy_gradient_loss | 0.00757     |
|    std                  | 0.445       |
|    value_loss           | 0.0581      |
-----------------------------------------
Early stopping at step 0 due to reaching max kl: 0.03
-----------------------------------------
| rollout/                |             |
|    ep_len_mean          | 840         |
|    ep_rew_mean          | 1.88e+03    |
| time/                   |             |
|    fps                  | 2630        |
|    iterations           | 434         |
|    time_elapsed         | 1351        |
|    total_timesteps      | 3555328     |
| train/                  |             |
|    approx_kl            | 0.010600761 |
|    clip_fraction        | 0.14        |
|    clip_range           | 0.2         |
|    entropy_loss         | -4.87       |
|    explained_variance   | 0.414       |
|    learning_rate        | 0.000158    |
|    loss                 | 0.0363      |
|    n_updates            | 502         |
|    policy_gradient_loss | 0.00695     |
|    std                  | 0.445       |
|    value_loss           | 0.0588      |
-----------------------------------------
Early stopping at step 0 due to reaching max kl: 0.03
----------------------------------------
| rollout/                |            |
|    ep_len_mean          | 826        |
|    ep_rew_mean          | 1.85e+03   |
| time/                   |            |
|    fps                  | 2631       |
|    iterations           | 435        |
|    time_elapsed         | 1354       |
|    total_timesteps      | 3563520    |
| train/                  |            |
|    approx_kl            | 0.01049915 |
|    clip_fraction        | 0.136      |
|    clip_range           | 0.2        |
|    entropy_loss         | -4.87      |
|    explained_variance   | 0.289      |
|    learning_rate        | 0.000158   |
|    loss                 | 0.0929     |
|    n_updates            | 503        |
|    policy_gradient_loss | -0.000573  |
|    std                  | 0.445      |
|    value_loss           | 0.0864     |
----------------------------------------
Early stopping at step 0 due to reaching max kl: 0.03
-----------------------------------------
| rollout/                |             |
|    ep_len_mean          | 827         |
|    ep_rew_mean          | 1.86e+03    |
| time/                   |             |
|    fps                  | 2631        |
|    iterations           | 436         |
|    time_elapsed         | 1357        |
|    total_timesteps      | 3571712     |
| train/                  |             |
|    approx_kl            | 0.011871464 |
|    clip_fraction        | 0.16        |
|    clip_range           | 0.2         |
|    entropy_loss         | -4.86       |
|    explained_variance   | 0.408       |
|    learning_rate        | 0.000157    |
|    loss                 | 0.00865     |
|    n_updates            | 504         |
|    policy_gradient_loss | 0.00385     |
|    std                  | 0.445       |
|    value_loss           | 0.0776      |
-----------------------------------------
Early stopping at step 0 due to reaching max kl: 0.03
----------------------------------------
| rollout/                |            |
|    ep_len_mean          | 836        |
|    ep_rew_mean          | 1.88e+03   |
| time/                   |            |
|    fps                  | 2631       |
|    iterations           | 437        |
|    time_elapsed         | 1360       |
|    total_timesteps      | 3579904    |
| train/                  |            |
|    approx_kl            | 0.01485976 |
|    clip_fraction        | 0.208      |
|    clip_range           | 0.2        |
|    entropy_loss         | -4.86      |
|    explained_variance   | 0.387      |
|    learning_rate        | 0.000157   |
|    loss                 | 0.0577     |
|    n_updates            | 505        |
|    policy_gradient_loss | 0.00854    |
|    std                  | 0.444      |
|    value_loss           | 0.0342     |
----------------------------------------
Early stopping at step 0 due to reaching max kl: 0.03
-----------------------------------------
| rollout/                |             |
|    ep_len_mean          | 838         |
|    ep_rew_mean          | 1.88e+03    |
| time/                   |             |
|    fps                  | 2631        |
|    iterations           | 438         |
|    time_elapsed         | 1363        |
|    total_timesteps      | 3588096     |
| train/                  |             |
|    approx_kl            | 0.012119923 |
|    clip_fraction        | 0.172       |
|    clip_range           | 0.2         |
|    entropy_loss         | -4.85       |
|    explained_variance   | 0.497       |
|    learning_rate        | 0.000157    |
|    loss                 | -0.00388    |
|    n_updates            | 506         |
|    policy_gradient_loss | 0.00684     |
|    std                  | 0.444       |
|    value_loss           | 0.0254      |
-----------------------------------------
Early stopping at step 0 due to reaching max kl: 0.03
------------------------------------------
| rollout/                |              |
|    ep_len_mean          | 827          |
|    ep_rew_mean          | 1.86e+03     |
| time/                   |              |
|    fps                  | 2631         |
|    iterations           | 439          |
|    time_elapsed         | 1366         |
|    total_timesteps      | 3596288      |
| train/                  |              |
|    approx_kl            | 0.0124182915 |
|    clip_fraction        | 0.166        |
|    clip_range           | 0.2          |
|    entropy_loss         | -4.84        |
|    explained_variance   | 0.529        |
|    learning_rate        | 0.000156     |
|    loss                 | 0.0239       |
|    n_updates            | 507          |
|    policy_gradient_loss | 0.00794      |
|    std                  | 0.443        |
|    value_loss           | 0.0318       |
------------------------------------------
Early stopping at step 0 due to reaching max kl: 0.03
------------------------------------------
| rollout/                |              |
|    ep_len_mean          | 831          |
|    ep_rew_mean          | 1.87e+03     |
| time/                   |              |
|    fps                  | 2631         |
|    iterations           | 440          |
|    time_elapsed         | 1369         |
|    total_timesteps      | 3604480      |
| train/                  |              |
|    approx_kl            | 0.0133840935 |
|    clip_fraction        | 0.187        |
|    clip_range           | 0.2          |
|    entropy_loss         | -4.82        |
|    explained_variance   | 0.473        |
|    learning_rate        | 0.000156     |
|    loss                 | 0.0291       |
|    n_updates            | 508          |
|    policy_gradient_loss | 0.007        |
|    std                  | 0.442        |
|    value_loss           | 0.0334       |
------------------------------------------
Early stopping at step 1 due to reaching max kl: 0.03
-----------------------------------------
| rollout/                |             |
|    ep_len_mean          | 817         |
|    ep_rew_mean          | 1.84e+03    |
| time/                   |             |
|    fps                  | 2630        |
|    iterations           | 441         |
|    time_elapsed         | 1373        |
|    total_timesteps      | 3612672     |
| train/                  |             |
|    approx_kl            | 0.019202359 |
|    clip_fraction        | 0.204       |
|    clip_range           | 0.2         |
|    entropy_loss         | -4.8        |
|    explained_variance   | 0.474       |
|    learning_rate        | 0.000156    |
|    loss                 | 0.000841    |
|    n_updates            | 510         |
|    policy_gradient_loss | 0.00295     |
|    std                  | 0.44        |
|    value_loss           | 0.0167      |
-----------------------------------------
Early stopping at step 1 due to reaching max kl: 0.03
----------------------------------------
| rollout/                |            |
|    ep_len_mean          | 817        |
|    ep_rew_mean          | 1.84e+03   |
| time/                   |            |
|    fps                  | 2630       |
|    iterations           | 442        |
|    time_elapsed         | 1376       |
|    total_timesteps      | 3620864    |
| train/                  |            |
|    approx_kl            | 0.02097676 |
|    clip_fraction        | 0.206      |
|    clip_range           | 0.2        |
|    entropy_loss         | -4.78      |
|    explained_variance   | 0.353      |
|    learning_rate        | 0.000155   |
|    loss                 | 0.0162     |
|    n_updates            | 512        |
|    policy_gradient_loss | 0.00928    |
|    std                  | 0.44       |
|    value_loss           | 0.071      |
----------------------------------------
Early stopping at step 0 due to reaching max kl: 0.03
-----------------------------------------
| rollout/                |             |
|    ep_len_mean          | 811         |
|    ep_rew_mean          | 1.83e+03    |
| time/                   |             |
|    fps                  | 2630        |
|    iterations           | 443         |
|    time_elapsed         | 1379        |
|    total_timesteps      | 3629056     |
| train/                  |             |
|    approx_kl            | 0.014163319 |
|    clip_fraction        | 0.194       |
|    clip_range           | 0.2         |
|    entropy_loss         | -4.78       |
|    explained_variance   | 0.382       |
|    learning_rate        | 0.000155    |
|    loss                 | 0.0434      |
|    n_updates            | 513         |
|    policy_gradient_loss | 0.00762     |
|    std                  | 0.44        |
|    value_loss           | 0.0634      |
-----------------------------------------
Early stopping at step 0 due to reaching max kl: 0.03
-----------------------------------------
| rollout/                |             |
|    ep_len_mean          | 841         |
|    ep_rew_mean          | 1.9e+03     |
| time/                   |             |
|    fps                  | 2630        |
|    iterations           | 444         |
|    time_elapsed         | 1382        |
|    total_timesteps      | 3637248     |
| train/                  |             |
|    approx_kl            | 0.013863097 |
|    clip_fraction        | 0.184       |
|    clip_range           | 0.2         |
|    entropy_loss         | -4.77       |
|    explained_variance   | 0.431       |
|    learning_rate        | 0.000155    |
|    loss                 | 0.104       |
|    n_updates            | 514         |
|    policy_gradient_loss | 0.00686     |
|    std                  | 0.439       |
|    value_loss           | 0.0643      |
-----------------------------------------
Early stopping at step 0 due to reaching max kl: 0.03
-----------------------------------------
| rollout/                |             |
|    ep_len_mean          | 855         |
|    ep_rew_mean          | 1.93e+03    |
| time/                   |             |
|    fps                  | 2630        |
|    iterations           | 445         |
|    time_elapsed         | 1385        |
|    total_timesteps      | 3645440     |
| train/                  |             |
|    approx_kl            | 0.013184023 |
|    clip_fraction        | 0.184       |
|    clip_range           | 0.2         |
|    entropy_loss         | -4.76       |
|    explained_variance   | 0.524       |
|    learning_rate        | 0.000155    |
|    loss                 | 0.007       |
|    n_updates            | 515         |
|    policy_gradient_loss | 0.00766     |
|    std                  | 0.438       |
|    value_loss           | 0.00791     |
-----------------------------------------
Early stopping at step 0 due to reaching max kl: 0.03
-----------------------------------------
| rollout/                |             |
|    ep_len_mean          | 858         |
|    ep_rew_mean          | 1.94e+03    |
| time/                   |             |
|    fps                  | 2630        |
|    iterations           | 446         |
|    time_elapsed         | 1388        |
|    total_timesteps      | 3653632     |
| train/                  |             |
|    approx_kl            | 0.013141516 |
|    clip_fraction        | 0.181       |
|    clip_range           | 0.2         |
|    entropy_loss         | -4.73       |
|    explained_variance   | 0.337       |
|    learning_rate        | 0.000154    |
|    loss                 | 0.0187      |
|    n_updates            | 516         |
|    policy_gradient_loss | 0.00474     |
|    std                  | 0.437       |
|    value_loss           | 0.0249      |
-----------------------------------------
Early stopping at step 0 due to reaching max kl: 0.03
-----------------------------------------
| rollout/                |             |
|    ep_len_mean          | 845         |
|    ep_rew_mean          | 1.91e+03    |
| time/                   |             |
|    fps                  | 2631        |
|    iterations           | 447         |
|    time_elapsed         | 1391        |
|    total_timesteps      | 3661824     |
| train/                  |             |
|    approx_kl            | 0.006331848 |
|    clip_fraction        | 0.0724      |
|    clip_range           | 0.2         |
|    entropy_loss         | -4.72       |
|    explained_variance   | 0.35        |
|    learning_rate        | 0.000154    |
|    loss                 | 0.0517      |
|    n_updates            | 517         |
|    policy_gradient_loss | 0.00372     |
|    std                  | 0.437       |
|    value_loss           | 0.0339      |
-----------------------------------------
Early stopping at step 1 due to reaching max kl: 0.04
-----------------------------------------
| rollout/                |             |
|    ep_len_mean          | 831         |
|    ep_rew_mean          | 1.89e+03    |
| time/                   |             |
|    fps                  | 2631        |
|    iterations           | 448         |
|    time_elapsed         | 1394        |
|    total_timesteps      | 3670016     |
| train/                  |             |
|    approx_kl            | 0.035558518 |
|    clip_fraction        | 0.201       |
|    clip_range           | 0.2         |
|    entropy_loss         | -4.71       |
|    explained_variance   | 0.324       |
|    learning_rate        | 0.000154    |
|    loss                 | -0.00944    |
|    n_updates            | 519         |
|    policy_gradient_loss | 0.00893     |
|    std                  | 0.436       |
|    value_loss           | 0.0468      |
-----------------------------------------
Early stopping at step 0 due to reaching max kl: 0.03
-----------------------------------------
| rollout/                |             |
|    ep_len_mean          | 797         |
|    ep_rew_mean          | 1.81e+03    |
| time/                   |             |
|    fps                  | 2631        |
|    iterations           | 449         |
|    time_elapsed         | 1397        |
|    total_timesteps      | 3678208     |
| train/                  |             |
|    approx_kl            | 0.013100552 |
|    clip_fraction        | 0.181       |
|    clip_range           | 0.2         |
|    entropy_loss         | -4.71       |
|    explained_variance   | 0.318       |
|    learning_rate        | 0.000153    |
|    loss                 | -0.0113     |
|    n_updates            | 520         |
|    policy_gradient_loss | 0.00488     |
|    std                  | 0.436       |
|    value_loss           | 0.0565      |
-----------------------------------------
Early stopping at step 0 due to reaching max kl: 0.03
-----------------------------------------
| rollout/                |             |
|    ep_len_mean          | 806         |
|    ep_rew_mean          | 1.84e+03    |
| time/                   |             |
|    fps                  | 2631        |
|    iterations           | 450         |
|    time_elapsed         | 1401        |
|    total_timesteps      | 3686400     |
| train/                  |             |
|    approx_kl            | 0.012798243 |
|    clip_fraction        | 0.166       |
|    clip_range           | 0.2         |
|    entropy_loss         | -4.7        |
|    explained_variance   | 0.363       |
|    learning_rate        | 0.000153    |
|    loss                 | -0.00756    |
|    n_updates            | 521         |
|    policy_gradient_loss | 0.00592     |
|    std                  | 0.435       |
|    value_loss           | 0.0843      |
-----------------------------------------
Early stopping at step 0 due to reaching max kl: 0.03
-----------------------------------------
| rollout/                |             |
|    ep_len_mean          | 821         |
|    ep_rew_mean          | 1.87e+03    |
| time/                   |             |
|    fps                  | 2631        |
|    iterations           | 451         |
|    time_elapsed         | 1404        |
|    total_timesteps      | 3694592     |
| train/                  |             |
|    approx_kl            | 0.012444948 |
|    clip_fraction        | 0.176       |
|    clip_range           | 0.2         |
|    entropy_loss         | -4.7        |
|    explained_variance   | 0.286       |
|    learning_rate        | 0.000153    |
|    loss                 | 0.0125      |
|    n_updates            | 522         |
|    policy_gradient_loss | 0.00966     |
|    std                  | 0.435       |
|    value_loss           | 0.0384      |
-----------------------------------------
Early stopping at step 0 due to reaching max kl: 0.03
-----------------------------------------
| rollout/                |             |
|    ep_len_mean          | 817         |
|    ep_rew_mean          | 1.86e+03    |
| time/                   |             |
|    fps                  | 2631        |
|    iterations           | 452         |
|    time_elapsed         | 1407        |
|    total_timesteps      | 3702784     |
| train/                  |             |
|    approx_kl            | 0.010064158 |
|    clip_fraction        | 0.135       |
|    clip_range           | 0.2         |
|    entropy_loss         | -4.68       |
|    explained_variance   | 0.145       |
|    learning_rate        | 0.000152    |
|    loss                 | 0.0316      |
|    n_updates            | 523         |
|    policy_gradient_loss | 0.00488     |
|    std                  | 0.434       |
|    value_loss           | 0.00919     |
-----------------------------------------
Early stopping at step 0 due to reaching max kl: 0.04
-----------------------------------------
| rollout/                |             |
|    ep_len_mean          | 839         |
|    ep_rew_mean          | 1.92e+03    |
| time/                   |             |
|    fps                  | 2631        |
|    iterations           | 453         |
|    time_elapsed         | 1410        |
|    total_timesteps      | 3710976     |
| train/                  |             |
|    approx_kl            | 0.012626102 |
|    clip_fraction        | 0.168       |
|    clip_range           | 0.2         |
|    entropy_loss         | -4.67       |
|    explained_variance   | 0.31        |
|    learning_rate        | 0.000152    |
|    loss                 | 0.215       |
|    n_updates            | 524         |
|    policy_gradient_loss | 0.00952     |
|    std                  | 0.434       |
|    value_loss           | 0.0548      |
-----------------------------------------
Early stopping at step 0 due to reaching max kl: 0.03
-----------------------------------------
| rollout/                |             |
|    ep_len_mean          | 836         |
|    ep_rew_mean          | 1.92e+03    |
| time/                   |             |
|    fps                  | 2631        |
|    iterations           | 454         |
|    time_elapsed         | 1413        |
|    total_timesteps      | 3719168     |
| train/                  |             |
|    approx_kl            | 0.006809632 |
|    clip_fraction        | 0.0807      |
|    clip_range           | 0.2         |
|    entropy_loss         | -4.67       |
|    explained_variance   | 0.317       |
|    learning_rate        | 0.000152    |
|    loss                 | 0.0719      |
|    n_updates            | 525         |
|    policy_gradient_loss | 0.00135     |
|    std                  | 0.433       |
|    value_loss           | 0.0271      |
-----------------------------------------
Early stopping at step 0 due to reaching max kl: 0.03
-----------------------------------------
| rollout/                |             |
|    ep_len_mean          | 839         |
|    ep_rew_mean          | 1.92e+03    |
| time/                   |             |
|    fps                  | 2631        |
|    iterations           | 455         |
|    time_elapsed         | 1416        |
|    total_timesteps      | 3727360     |
| train/                  |             |
|    approx_kl            | 0.014602992 |
|    clip_fraction        | 0.198       |
|    clip_range           | 0.2         |
|    entropy_loss         | -4.65       |
|    explained_variance   | 0.187       |
|    learning_rate        | 0.000151    |
|    loss                 | 0.135       |
|    n_updates            | 526         |
|    policy_gradient_loss | 0.00596     |
|    std                  | 0.432       |
|    value_loss           | 0.0251      |
-----------------------------------------
Early stopping at step 0 due to reaching max kl: 0.03
-----------------------------------------
| rollout/                |             |
|    ep_len_mean          | 829         |
|    ep_rew_mean          | 1.9e+03     |
| time/                   |             |
|    fps                  | 2631        |
|    iterations           | 456         |
|    time_elapsed         | 1419        |
|    total_timesteps      | 3735552     |
| train/                  |             |
|    approx_kl            | 0.012536163 |
|    clip_fraction        | 0.176       |
|    clip_range           | 0.2         |
|    entropy_loss         | -4.64       |
|    explained_variance   | 0.46        |
|    learning_rate        | 0.000151    |
|    loss                 | 0.0789      |
|    n_updates            | 527         |
|    policy_gradient_loss | 0.00584     |
|    std                  | 0.432       |
|    value_loss           | 0.024       |
-----------------------------------------
Early stopping at step 0 due to reaching max kl: 0.04
-----------------------------------------
| rollout/                |             |
|    ep_len_mean          | 833         |
|    ep_rew_mean          | 1.91e+03    |
| time/                   |             |
|    fps                  | 2631        |
|    iterations           | 457         |
|    time_elapsed         | 1422        |
|    total_timesteps      | 3743744     |
| train/                  |             |
|    approx_kl            | 0.013304179 |
|    clip_fraction        | 0.18        |
|    clip_range           | 0.2         |
|    entropy_loss         | -4.63       |
|    explained_variance   | 0.307       |
|    learning_rate        | 0.000151    |
|    loss                 | 0.0923      |
|    n_updates            | 528         |
|    policy_gradient_loss | 0.00735     |
|    std                  | 0.431       |
|    value_loss           | 0.0503      |
-----------------------------------------
Early stopping at step 0 due to reaching max kl: 0.04
-----------------------------------------
| rollout/                |             |
|    ep_len_mean          | 845         |
|    ep_rew_mean          | 1.95e+03    |
| time/                   |             |
|    fps                  | 2631        |
|    iterations           | 458         |
|    time_elapsed         | 1425        |
|    total_timesteps      | 3751936     |
| train/                  |             |
|    approx_kl            | 0.011993325 |
|    clip_fraction        | 0.159       |
|    clip_range           | 0.2         |
|    entropy_loss         | -4.62       |
|    explained_variance   | 0.236       |
|    learning_rate        | 0.00015     |
|    loss                 | 0.0558      |
|    n_updates            | 529         |
|    policy_gradient_loss | 0.00614     |
|    std                  | 0.431       |
|    value_loss           | 0.031       |
-----------------------------------------
Early stopping at step 0 due to reaching max kl: 0.03
-----------------------------------------
| rollout/                |             |
|    ep_len_mean          | 848         |
|    ep_rew_mean          | 1.95e+03    |
| time/                   |             |
|    fps                  | 2631        |
|    iterations           | 459         |
|    time_elapsed         | 1428        |
|    total_timesteps      | 3760128     |
| train/                  |             |
|    approx_kl            | 0.014547353 |
|    clip_fraction        | 0.197       |
|    clip_range           | 0.2         |
|    entropy_loss         | -4.6        |
|    explained_variance   | 0.318       |
|    learning_rate        | 0.00015     |
|    loss                 | 0.00655     |
|    n_updates            | 530         |
|    policy_gradient_loss | 0.00816     |
|    std                  | 0.43        |
|    value_loss           | 0.0524      |
-----------------------------------------
Early stopping at step 0 due to reaching max kl: 0.03
-----------------------------------------
| rollout/                |             |
|    ep_len_mean          | 858         |
|    ep_rew_mean          | 1.97e+03    |
| time/                   |             |
|    fps                  | 2631        |
|    iterations           | 460         |
|    time_elapsed         | 1431        |
|    total_timesteps      | 3768320     |
| train/                  |             |
|    approx_kl            | 0.012482917 |
|    clip_fraction        | 0.163       |
|    clip_range           | 0.2         |
|    entropy_loss         | -4.6        |
|    explained_variance   | 0.308       |
|    learning_rate        | 0.00015     |
|    loss                 | 0.138       |
|    n_updates            | 531         |
|    policy_gradient_loss | 0.00633     |
|    std                  | 0.43        |
|    value_loss           | 0.0515      |
-----------------------------------------
Early stopping at step 1 due to reaching max kl: 0.03
-----------------------------------------
| rollout/                |             |
|    ep_len_mean          | 841         |
|    ep_rew_mean          | 1.94e+03    |
| time/                   |             |
|    fps                  | 2631        |
|    iterations           | 461         |
|    time_elapsed         | 1435        |
|    total_timesteps      | 3776512     |
| train/                  |             |
|    approx_kl            | 0.023142591 |
|    clip_fraction        | 0.216       |
|    clip_range           | 0.2         |
|    entropy_loss         | -4.58       |
|    explained_variance   | 0.366       |
|    learning_rate        | 0.000149    |
|    loss                 | 0.0983      |
|    n_updates            | 533         |
|    policy_gradient_loss | 0.00371     |
|    std                  | 0.429       |
|    value_loss           | 0.041       |
-----------------------------------------
Early stopping at step 0 due to reaching max kl: 0.03
----------------------------------------
| rollout/                |            |
|    ep_len_mean          | 846        |
|    ep_rew_mean          | 1.96e+03   |
| time/                   |            |
|    fps                  | 2631       |
|    iterations           | 462        |
|    time_elapsed         | 1438       |
|    total_timesteps      | 3784704    |
| train/                  |            |
|    approx_kl            | 0.01527218 |
|    clip_fraction        | 0.209      |
|    clip_range           | 0.2        |
|    entropy_loss         | -4.56      |
|    explained_variance   | 0.337      |
|    learning_rate        | 0.000149   |
|    loss                 | 0.117      |
|    n_updates            | 534        |
|    policy_gradient_loss | 0.00838    |
|    std                  | 0.428      |
|    value_loss           | 0.069      |
----------------------------------------
Early stopping at step 1 due to reaching max kl: 0.03
----------------------------------------
| rollout/                |            |
|    ep_len_mean          | 830        |
|    ep_rew_mean          | 1.92e+03   |
| time/                   |            |
|    fps                  | 2631       |
|    iterations           | 463        |
|    time_elapsed         | 1441       |
|    total_timesteps      | 3792896    |
| train/                  |            |
|    approx_kl            | 0.02123408 |
|    clip_fraction        | 0.215      |
|    clip_range           | 0.2        |
|    entropy_loss         | -4.55      |
|    explained_variance   | 0.482      |
|    learning_rate        | 0.000149   |
|    loss                 | -0.00927   |
|    n_updates            | 536        |
|    policy_gradient_loss | 0.0025     |
|    std                  | 0.427      |
|    value_loss           | 0.0286     |
----------------------------------------
Early stopping at step 0 due to reaching max kl: 0.03
-----------------------------------------
| rollout/                |             |
|    ep_len_mean          | 794         |
|    ep_rew_mean          | 1.85e+03    |
| time/                   |             |
|    fps                  | 2631        |
|    iterations           | 464         |
|    time_elapsed         | 1444        |
|    total_timesteps      | 3801088     |
| train/                  |             |
|    approx_kl            | 0.011928887 |
|    clip_fraction        | 0.163       |
|    clip_range           | 0.2         |
|    entropy_loss         | -4.54       |
|    explained_variance   | 0.312       |
|    learning_rate        | 0.000148    |
|    loss                 | 0.0444      |
|    n_updates            | 537         |
|    policy_gradient_loss | 0.00766     |
|    std                  | 0.427       |
|    value_loss           | 0.0831      |
-----------------------------------------
Early stopping at step 1 due to reaching max kl: 0.03
-----------------------------------------
| rollout/                |             |
|    ep_len_mean          | 800         |
|    ep_rew_mean          | 1.87e+03    |
| time/                   |             |
|    fps                  | 2631        |
|    iterations           | 465         |
|    time_elapsed         | 1447        |
|    total_timesteps      | 3809280     |
| train/                  |             |
|    approx_kl            | 0.022683153 |
|    clip_fraction        | 0.197       |
|    clip_range           | 0.2         |
|    entropy_loss         | -4.53       |
|    explained_variance   | 0.328       |
|    learning_rate        | 0.000148    |
|    loss                 | 0.0209      |
|    n_updates            | 539         |
|    policy_gradient_loss | 0.00773     |
|    std                  | 0.426       |
|    value_loss           | 0.0759      |
-----------------------------------------
Early stopping at step 0 due to reaching max kl: 0.03
-----------------------------------------
| rollout/                |             |
|    ep_len_mean          | 798         |
|    ep_rew_mean          | 1.86e+03    |
| time/                   |             |
|    fps                  | 2631        |
|    iterations           | 466         |
|    time_elapsed         | 1450        |
|    total_timesteps      | 3817472     |
| train/                  |             |
|    approx_kl            | 0.012245374 |
|    clip_fraction        | 0.168       |
|    clip_range           | 0.2         |
|    entropy_loss         | -4.52       |
|    explained_variance   | 0.115       |
|    learning_rate        | 0.000148    |
|    loss                 | 0.0463      |
|    n_updates            | 540         |
|    policy_gradient_loss | 0.0027      |
|    std                  | 0.426       |
|    value_loss           | 0.0286      |
-----------------------------------------
Early stopping at step 0 due to reaching max kl: 0.03
-----------------------------------------
| rollout/                |             |
|    ep_len_mean          | 808         |
|    ep_rew_mean          | 1.88e+03    |
| time/                   |             |
|    fps                  | 2631        |
|    iterations           | 467         |
|    time_elapsed         | 1453        |
|    total_timesteps      | 3825664     |
| train/                  |             |
|    approx_kl            | 0.013709553 |
|    clip_fraction        | 0.191       |
|    clip_range           | 0.2         |
|    entropy_loss         | -4.51       |
|    explained_variance   | 0.34        |
|    learning_rate        | 0.000147    |
|    loss                 | 0.0752      |
|    n_updates            | 541         |
|    policy_gradient_loss | 0.00806     |
|    std                  | 0.425       |
|    value_loss           | 0.0357      |
-----------------------------------------
Early stopping at step 0 due to reaching max kl: 0.03
-----------------------------------------
| rollout/                |             |
|    ep_len_mean          | 818         |
|    ep_rew_mean          | 1.91e+03    |
| time/                   |             |
|    fps                  | 2631        |
|    iterations           | 468         |
|    time_elapsed         | 1456        |
|    total_timesteps      | 3833856     |
| train/                  |             |
|    approx_kl            | 0.010065129 |
|    clip_fraction        | 0.124       |
|    clip_range           | 0.2         |
|    entropy_loss         | -4.5        |
|    explained_variance   | 0.231       |
|    learning_rate        | 0.000147    |
|    loss                 | 0.0594      |
|    n_updates            | 542         |
|    policy_gradient_loss | 0.00274     |
|    std                  | 0.424       |
|    value_loss           | 0.0651      |
-----------------------------------------
Early stopping at step 1 due to reaching max kl: 0.03
----------------------------------------
| rollout/                |            |
|    ep_len_mean          | 804        |
|    ep_rew_mean          | 1.88e+03   |
| time/                   |            |
|    fps                  | 2631       |
|    iterations           | 469        |
|    time_elapsed         | 1460       |
|    total_timesteps      | 3842048    |
| train/                  |            |
|    approx_kl            | 0.02423937 |
|    clip_fraction        | 0.212      |
|    clip_range           | 0.2        |
|    entropy_loss         | -4.49      |
|    explained_variance   | 0.388      |
|    learning_rate        | 0.000147   |
|    loss                 | -0.0211    |
|    n_updates            | 544        |
|    policy_gradient_loss | 0.00469    |
|    std                  | 0.424      |
|    value_loss           | 0.0225     |
----------------------------------------
Early stopping at step 1 due to reaching max kl: 0.04
-----------------------------------------
| rollout/                |             |
|    ep_len_mean          | 797         |
|    ep_rew_mean          | 1.87e+03    |
| time/                   |             |
|    fps                  | 2631        |
|    iterations           | 470         |
|    time_elapsed         | 1463        |
|    total_timesteps      | 3850240     |
| train/                  |             |
|    approx_kl            | 0.020520166 |
|    clip_fraction        | 0.211       |
|    clip_range           | 0.2         |
|    entropy_loss         | -4.48       |
|    explained_variance   | 0.262       |
|    learning_rate        | 0.000146    |
|    loss                 | 0.0583      |
|    n_updates            | 546         |
|    policy_gradient_loss | 0.00616     |
|    std                  | 0.424       |
|    value_loss           | 0.0882      |
-----------------------------------------
Early stopping at step 0 due to reaching max kl: 0.03
-----------------------------------------
| rollout/                |             |
|    ep_len_mean          | 800         |
|    ep_rew_mean          | 1.88e+03    |
| time/                   |             |
|    fps                  | 2631        |
|    iterations           | 471         |
|    time_elapsed         | 1466        |
|    total_timesteps      | 3858432     |
| train/                  |             |
|    approx_kl            | 0.012414125 |
|    clip_fraction        | 0.157       |
|    clip_range           | 0.2         |
|    entropy_loss         | -4.48       |
|    explained_variance   | 0.408       |
|    learning_rate        | 0.000146    |
|    loss                 | 0.156       |
|    n_updates            | 547         |
|    policy_gradient_loss | 0.00152     |
|    std                  | 0.423       |
|    value_loss           | 0.0591      |
-----------------------------------------
Early stopping at step 0 due to reaching max kl: 0.04
------------------------------------------
| rollout/                |              |
|    ep_len_mean          | 804          |
|    ep_rew_mean          | 1.89e+03     |
| time/                   |              |
|    fps                  | 2631         |
|    iterations           | 472          |
|    time_elapsed         | 1469         |
|    total_timesteps      | 3866624      |
| train/                  |              |
|    approx_kl            | 0.0101400325 |
|    clip_fraction        | 0.129        |
|    clip_range           | 0.2          |
|    entropy_loss         | -4.47        |
|    explained_variance   | 0.288        |
|    learning_rate        | 0.000146     |
|    loss                 | 0.0519       |
|    n_updates            | 548          |
|    policy_gradient_loss | 0.00537      |
|    std                  | 0.423        |
|    value_loss           | 0.0507       |
------------------------------------------
Early stopping at step 0 due to reaching max kl: 0.03
-----------------------------------------
| rollout/                |             |
|    ep_len_mean          | 787         |
|    ep_rew_mean          | 1.85e+03    |
| time/                   |             |
|    fps                  | 2631        |
|    iterations           | 473         |
|    time_elapsed         | 1472        |
|    total_timesteps      | 3874816     |
| train/                  |             |
|    approx_kl            | 0.013437054 |
|    clip_fraction        | 0.18        |
|    clip_range           | 0.2         |
|    entropy_loss         | -4.47       |
|    explained_variance   | 0.311       |
|    learning_rate        | 0.000145    |
|    loss                 | 0.059       |
|    n_updates            | 549         |
|    policy_gradient_loss | 0.00743     |
|    std                  | 0.423       |
|    value_loss           | 0.0546      |
-----------------------------------------
Early stopping at step 0 due to reaching max kl: 0.03
-----------------------------------------
| rollout/                |             |
|    ep_len_mean          | 820         |
|    ep_rew_mean          | 1.93e+03    |
| time/                   |             |
|    fps                  | 2631        |
|    iterations           | 474         |
|    time_elapsed         | 1475        |
|    total_timesteps      | 3883008     |
| train/                  |             |
|    approx_kl            | 0.015147997 |
|    clip_fraction        | 0.195       |
|    clip_range           | 0.2         |
|    entropy_loss         | -4.46       |
|    explained_variance   | 0.287       |
|    learning_rate        | 0.000145    |
|    loss                 | 0.0325      |
|    n_updates            | 550         |
|    policy_gradient_loss | 0.0118      |
|    std                  | 0.422       |
|    value_loss           | 0.105       |
-----------------------------------------
Early stopping at step 1 due to reaching max kl: 0.03
----------------------------------------
| rollout/                |            |
|    ep_len_mean          | 783        |
|    ep_rew_mean          | 1.85e+03   |
| time/                   |            |
|    fps                  | 2631       |
|    iterations           | 475        |
|    time_elapsed         | 1478       |
|    total_timesteps      | 3891200    |
| train/                  |            |
|    approx_kl            | 0.02178936 |
|    clip_fraction        | 0.199      |
|    clip_range           | 0.2        |
|    entropy_loss         | -4.45      |
|    explained_variance   | 0.538      |
|    learning_rate        | 0.000145   |
|    loss                 | 0.00567    |
|    n_updates            | 552        |
|    policy_gradient_loss | 0.00347    |
|    std                  | 0.421      |
|    value_loss           | 0.00951    |
----------------------------------------
Early stopping at step 0 due to reaching max kl: 0.03
-----------------------------------------
| rollout/                |             |
|    ep_len_mean          | 783         |
|    ep_rew_mean          | 1.85e+03    |
| time/                   |             |
|    fps                  | 2631        |
|    iterations           | 476         |
|    time_elapsed         | 1482        |
|    total_timesteps      | 3899392     |
| train/                  |             |
|    approx_kl            | 0.015530502 |
|    clip_fraction        | 0.21        |
|    clip_range           | 0.2         |
|    entropy_loss         | -4.42       |
|    explained_variance   | 0.261       |
|    learning_rate        | 0.000144    |
|    loss                 | 0.117       |
|    n_updates            | 553         |
|    policy_gradient_loss | 0.00701     |
|    std                  | 0.42        |
|    value_loss           | 0.0874      |
-----------------------------------------
Early stopping at step 0 due to reaching max kl: 0.03
-----------------------------------------
| rollout/                |             |
|    ep_len_mean          | 748         |
|    ep_rew_mean          | 1.77e+03    |
| time/                   |             |
|    fps                  | 2631        |
|    iterations           | 477         |
|    time_elapsed         | 1485        |
|    total_timesteps      | 3907584     |
| train/                  |             |
|    approx_kl            | 0.009029612 |
|    clip_fraction        | 0.116       |
|    clip_range           | 0.2         |
|    entropy_loss         | -4.42       |
|    explained_variance   | 0.332       |
|    learning_rate        | 0.000144    |
|    loss                 | 0.0705      |
|    n_updates            | 554         |
|    policy_gradient_loss | 0.0056      |
|    std                  | 0.42        |
|    value_loss           | 0.0302      |
-----------------------------------------
Early stopping at step 0 due to reaching max kl: 0.03
-----------------------------------------
| rollout/                |             |
|    ep_len_mean          | 764         |
|    ep_rew_mean          | 1.82e+03    |
| time/                   |             |
|    fps                  | 2631        |
|    iterations           | 478         |
|    time_elapsed         | 1488        |
|    total_timesteps      | 3915776     |
| train/                  |             |
|    approx_kl            | 0.010490833 |
|    clip_fraction        | 0.14        |
|    clip_range           | 0.2         |
|    entropy_loss         | -4.41       |
|    explained_variance   | 0.305       |
|    learning_rate        | 0.000144    |
|    loss                 | -0.00784    |
|    n_updates            | 555         |
|    policy_gradient_loss | 0.00152     |
|    std                  | 0.42        |
|    value_loss           | 0.0689      |
-----------------------------------------
Early stopping at step 0 due to reaching max kl: 0.04
-----------------------------------------
| rollout/                |             |
|    ep_len_mean          | 759         |
|    ep_rew_mean          | 1.8e+03     |
| time/                   |             |
|    fps                  | 2631        |
|    iterations           | 479         |
|    time_elapsed         | 1491        |
|    total_timesteps      | 3923968     |
| train/                  |             |
|    approx_kl            | 0.012386001 |
|    clip_fraction        | 0.159       |
|    clip_range           | 0.2         |
|    entropy_loss         | -4.41       |
|    explained_variance   | 0.264       |
|    learning_rate        | 0.000143    |
|    loss                 | 0.0038      |
|    n_updates            | 556         |
|    policy_gradient_loss | 0.00502     |
|    std                  | 0.42        |
|    value_loss           | 0.0449      |
-----------------------------------------
Early stopping at step 0 due to reaching max kl: 0.03
-----------------------------------------
| rollout/                |             |
|    ep_len_mean          | 780         |
|    ep_rew_mean          | 1.85e+03    |
| time/                   |             |
|    fps                  | 2631        |
|    iterations           | 480         |
|    time_elapsed         | 1494        |
|    total_timesteps      | 3932160     |
| train/                  |             |
|    approx_kl            | 0.013548257 |
|    clip_fraction        | 0.182       |
|    clip_range           | 0.2         |
|    entropy_loss         | -4.4        |
|    explained_variance   | 0.285       |
|    learning_rate        | 0.000143    |
|    loss                 | -0.00481    |
|    n_updates            | 557         |
|    policy_gradient_loss | 0.00416     |
|    std                  | 0.419       |
|    value_loss           | 0.0571      |
-----------------------------------------
Early stopping at step 0 due to reaching max kl: 0.03
-----------------------------------------
| rollout/                |             |
|    ep_len_mean          | 791         |
|    ep_rew_mean          | 1.88e+03    |
| time/                   |             |
|    fps                  | 2631        |
|    iterations           | 481         |
|    time_elapsed         | 1497        |
|    total_timesteps      | 3940352     |
| train/                  |             |
|    approx_kl            | 0.012168072 |
|    clip_fraction        | 0.166       |
|    clip_range           | 0.2         |
|    entropy_loss         | -4.38       |
|    explained_variance   | 0.0659      |
|    learning_rate        | 0.000143    |
|    loss                 | -0.0333     |
|    n_updates            | 558         |
|    policy_gradient_loss | 0.00596     |
|    std                  | 0.418       |
|    value_loss           | 0.0303      |
-----------------------------------------
Early stopping at step 1 due to reaching max kl: 0.03
[Progress] Training 6/6: 3,947,548/5,000,000 steps (79.0%); 0 full runs remain afterward; rough training ETA 7m.
-----------------------------------------
| rollout/                |             |
|    ep_len_mean          | 786         |
|    ep_rew_mean          | 1.87e+03    |
| time/                   |             |
|    fps                  | 2631        |
|    iterations           | 482         |
|    time_elapsed         | 1500        |
|    total_timesteps      | 3948544     |
| train/                  |             |
|    approx_kl            | 0.021844942 |
|    clip_fraction        | 0.193       |
|    clip_range           | 0.2         |
|    entropy_loss         | -4.37       |
|    explained_variance   | 0.378       |
|    learning_rate        | 0.000142    |
|    loss                 | -0.0289     |
|    n_updates            | 560         |
|    policy_gradient_loss | 0.00652     |
|    std                  | 0.418       |
|    value_loss           | 0.0332      |
-----------------------------------------
Early stopping at step 0 due to reaching max kl: 0.04
------------------------------------------
| rollout/                |              |
|    ep_len_mean          | 779          |
|    ep_rew_mean          | 1.85e+03     |
| time/                   |              |
|    fps                  | 2631         |
|    iterations           | 483          |
|    time_elapsed         | 1503         |
|    total_timesteps      | 3956736      |
| train/                  |              |
|    approx_kl            | 0.0074011916 |
|    clip_fraction        | 0.0846       |
|    clip_range           | 0.2          |
|    entropy_loss         | -4.36        |
|    explained_variance   | 0.254        |
|    learning_rate        | 0.000142     |
|    loss                 | 0.0236       |
|    n_updates            | 561          |
|    policy_gradient_loss | -0.00275     |
|    std                  | 0.417        |
|    value_loss           | 0.0914       |
------------------------------------------
Early stopping at step 1 due to reaching max kl: 0.03
-----------------------------------------
| rollout/                |             |
|    ep_len_mean          | 787         |
|    ep_rew_mean          | 1.88e+03    |
| time/                   |             |
|    fps                  | 2631        |
|    iterations           | 484         |
|    time_elapsed         | 1506        |
|    total_timesteps      | 3964928     |
| train/                  |             |
|    approx_kl            | 0.025368378 |
|    clip_fraction        | 0.197       |
|    clip_range           | 0.2         |
|    entropy_loss         | -4.36       |
|    explained_variance   | 0.2         |
|    learning_rate        | 0.000142    |
|    loss                 | 0.0254      |
|    n_updates            | 563         |
|    policy_gradient_loss | 0.0088      |
|    std                  | 0.417       |
|    value_loss           | 0.0611      |
-----------------------------------------
Early stopping at step 1 due to reaching max kl: 0.03
-----------------------------------------
| rollout/                |             |
|    ep_len_mean          | 805         |
|    ep_rew_mean          | 1.92e+03    |
| time/                   |             |
|    fps                  | 2631        |
|    iterations           | 485         |
|    time_elapsed         | 1510        |
|    total_timesteps      | 3973120     |
| train/                  |             |
|    approx_kl            | 0.023166344 |
|    clip_fraction        | 0.22        |
|    clip_range           | 0.2         |
|    entropy_loss         | -4.34       |
|    explained_variance   | 0.172       |
|    learning_rate        | 0.000141    |
|    loss                 | -0.0305     |
|    n_updates            | 565         |
|    policy_gradient_loss | 0.00152     |
|    std                  | 0.416       |
|    value_loss           | 0.0198      |
-----------------------------------------
Early stopping at step 0 due to reaching max kl: 0.03
-----------------------------------------
| rollout/                |             |
|    ep_len_mean          | 787         |
|    ep_rew_mean          | 1.87e+03    |
| time/                   |             |
|    fps                  | 2631        |
|    iterations           | 486         |
|    time_elapsed         | 1513        |
|    total_timesteps      | 3981312     |
| train/                  |             |
|    approx_kl            | 0.010725525 |
|    clip_fraction        | 0.138       |
|    clip_range           | 0.2         |
|    entropy_loss         | -4.33       |
|    explained_variance   | 0.301       |
|    learning_rate        | 0.000141    |
|    loss                 | 0.024       |
|    n_updates            | 566         |
|    policy_gradient_loss | 0.00416     |
|    std                  | 0.416       |
|    value_loss           | 0.0598      |
-----------------------------------------
Early stopping at step 0 due to reaching max kl: 0.03
-----------------------------------------
| rollout/                |             |
|    ep_len_mean          | 788         |
|    ep_rew_mean          | 1.88e+03    |
| time/                   |             |
|    fps                  | 2631        |
|    iterations           | 487         |
|    time_elapsed         | 1516        |
|    total_timesteps      | 3989504     |
| train/                  |             |
|    approx_kl            | 0.011473964 |
|    clip_fraction        | 0.148       |
|    clip_range           | 0.2         |
|    entropy_loss         | -4.33       |
|    explained_variance   | 0.31        |
|    learning_rate        | 0.000141    |
|    loss                 | 0.00966     |
|    n_updates            | 567         |
|    policy_gradient_loss | 0.00275     |
|    std                  | 0.416       |
|    value_loss           | 0.0892      |
-----------------------------------------
Early stopping at step 0 due to reaching max kl: 0.03
-----------------------------------------
| rollout/                |             |
|    ep_len_mean          | 798         |
|    ep_rew_mean          | 1.9e+03     |
| time/                   |             |
|    fps                  | 2631        |
|    iterations           | 488         |
|    time_elapsed         | 1519        |
|    total_timesteps      | 3997696     |
| train/                  |             |
|    approx_kl            | 0.010493923 |
|    clip_fraction        | 0.142       |
|    clip_range           | 0.2         |
|    entropy_loss         | -4.33       |
|    explained_variance   | 0.079       |
|    learning_rate        | 0.00014     |
|    loss                 | 0.0953      |
|    n_updates            | 568         |
|    policy_gradient_loss | 0.00719     |
|    std                  | 0.416       |
|    value_loss           | 0.0324      |
-----------------------------------------
Early stopping at step 1 due to reaching max kl: 0.03
-----------------------------------------
| rollout/                |             |
|    ep_len_mean          | 776         |
|    ep_rew_mean          | 1.85e+03    |
| time/                   |             |
|    fps                  | 2631        |
|    iterations           | 489         |
|    time_elapsed         | 1522        |
|    total_timesteps      | 4005888     |
| train/                  |             |
|    approx_kl            | 0.019729167 |
|    clip_fraction        | 0.21        |
|    clip_range           | 0.2         |
|    entropy_loss         | -4.31       |
|    explained_variance   | 0.231       |
|    learning_rate        | 0.00014     |
|    loss                 | 0.00598     |
|    n_updates            | 570         |
|    policy_gradient_loss | 0.00501     |
|    std                  | 0.415       |
|    value_loss           | 0.0471      |
-----------------------------------------
Early stopping at step 0 due to reaching max kl: 0.04
-----------------------------------------
| rollout/                |             |
|    ep_len_mean          | 770         |
|    ep_rew_mean          | 1.83e+03    |
| time/                   |             |
|    fps                  | 2631        |
|    iterations           | 490         |
|    time_elapsed         | 1525        |
|    total_timesteps      | 4014080     |
| train/                  |             |
|    approx_kl            | 0.014107602 |
|    clip_fraction        | 0.191       |
|    clip_range           | 0.2         |
|    entropy_loss         | -4.3        |
|    explained_variance   | 0.309       |
|    learning_rate        | 0.00014     |
|    loss                 | 0.0492      |
|    n_updates            | 571         |
|    policy_gradient_loss | 0.00494     |
|    std                  | 0.414       |
|    value_loss           | 0.0679      |
-----------------------------------------
Early stopping at step 1 due to reaching max kl: 0.03
-----------------------------------------
| rollout/                |             |
|    ep_len_mean          | 770         |
|    ep_rew_mean          | 1.83e+03    |
| time/                   |             |
|    fps                  | 2630        |
|    iterations           | 491         |
|    time_elapsed         | 1528        |
|    total_timesteps      | 4022272     |
| train/                  |             |
|    approx_kl            | 0.020426031 |
|    clip_fraction        | 0.216       |
|    clip_range           | 0.2         |
|    entropy_loss         | -4.28       |
|    explained_variance   | 0.241       |
|    learning_rate        | 0.000139    |
|    loss                 | 0.00478     |
|    n_updates            | 573         |
|    policy_gradient_loss | 0.000576    |
|    std                  | 0.413       |
|    value_loss           | 0.0431      |
-----------------------------------------
Early stopping at step 0 due to reaching max kl: 0.03
-----------------------------------------
| rollout/                |             |
|    ep_len_mean          | 780         |
|    ep_rew_mean          | 1.85e+03    |
| time/                   |             |
|    fps                  | 2630        |
|    iterations           | 492         |
|    time_elapsed         | 1532        |
|    total_timesteps      | 4030464     |
| train/                  |             |
|    approx_kl            | 0.011964782 |
|    clip_fraction        | 0.149       |
|    clip_range           | 0.2         |
|    entropy_loss         | -4.26       |
|    explained_variance   | 0.244       |
|    learning_rate        | 0.000139    |
|    loss                 | 0.00793     |
|    n_updates            | 574         |
|    policy_gradient_loss | 0.00342     |
|    std                  | 0.412       |
|    value_loss           | 0.0476      |
-----------------------------------------
Early stopping at step 1 due to reaching max kl: 0.04
-----------------------------------------
| rollout/                |             |
|    ep_len_mean          | 765         |
|    ep_rew_mean          | 1.81e+03    |
| time/                   |             |
|    fps                  | 2630        |
|    iterations           | 493         |
|    time_elapsed         | 1535        |
|    total_timesteps      | 4038656     |
| train/                  |             |
|    approx_kl            | 0.029125404 |
|    clip_fraction        | 0.191       |
|    clip_range           | 0.2         |
|    entropy_loss         | -4.24       |
|    explained_variance   | 0.335       |
|    learning_rate        | 0.000139    |
|    loss                 | 0.0196      |
|    n_updates            | 576         |
|    policy_gradient_loss | 0.00697     |
|    std                  | 0.411       |
|    value_loss           | 0.0446      |
-----------------------------------------
Early stopping at step 1 due to reaching max kl: 0.03
-----------------------------------------
| rollout/                |             |
|    ep_len_mean          | 772         |
|    ep_rew_mean          | 1.83e+03    |
| time/                   |             |
|    fps                  | 2630        |
|    iterations           | 494         |
|    time_elapsed         | 1538        |
|    total_timesteps      | 4046848     |
| train/                  |             |
|    approx_kl            | 0.024493175 |
|    clip_fraction        | 0.19        |
|    clip_range           | 0.2         |
|    entropy_loss         | -4.23       |
|    explained_variance   | 0.294       |
|    learning_rate        | 0.000138    |
|    loss                 | -0.00792    |
|    n_updates            | 578         |
|    policy_gradient_loss | 0.00289     |
|    std                  | 0.411       |
|    value_loss           | 0.0424      |
-----------------------------------------
Early stopping at step 1 due to reaching max kl: 0.03
-----------------------------------------
| rollout/                |             |
|    ep_len_mean          | 778         |
|    ep_rew_mean          | 1.84e+03    |
| time/                   |             |
|    fps                  | 2630        |
|    iterations           | 495         |
|    time_elapsed         | 1541        |
|    total_timesteps      | 4055040     |
| train/                  |             |
|    approx_kl            | 0.020135624 |
|    clip_fraction        | 0.198       |
|    clip_range           | 0.2         |
|    entropy_loss         | -4.21       |
|    explained_variance   | -0.094      |
|    learning_rate        | 0.000138    |
|    loss                 | 0.0401      |
|    n_updates            | 580         |
|    policy_gradient_loss | 0.00404     |
|    std                  | 0.409       |
|    value_loss           | 0.029       |
-----------------------------------------
Early stopping at step 0 due to reaching max kl: 0.03
-----------------------------------------
| rollout/                |             |
|    ep_len_mean          | 800         |
|    ep_rew_mean          | 1.9e+03     |
| time/                   |             |
|    fps                  | 2630        |
|    iterations           | 496         |
|    time_elapsed         | 1544        |
|    total_timesteps      | 4063232     |
| train/                  |             |
|    approx_kl            | 0.011486046 |
|    clip_fraction        | 0.149       |
|    clip_range           | 0.2         |
|    entropy_loss         | -4.2        |
|    explained_variance   | 0.18        |
|    learning_rate        | 0.000138    |
|    loss                 | 0.129       |
|    n_updates            | 581         |
|    policy_gradient_loss | 0.00179     |
|    std                  | 0.409       |
|    value_loss           | 0.126       |
-----------------------------------------
Early stopping at step 1 due to reaching max kl: 0.03
-----------------------------------------
| rollout/                |             |
|    ep_len_mean          | 776         |
|    ep_rew_mean          | 1.84e+03    |
| time/                   |             |
|    fps                  | 2630        |
|    iterations           | 497         |
|    time_elapsed         | 1547        |
|    total_timesteps      | 4071424     |
| train/                  |             |
|    approx_kl            | 0.017289404 |
|    clip_fraction        | 0.168       |
|    clip_range           | 0.2         |
|    entropy_loss         | -4.2        |
|    explained_variance   | 0.376       |
|    learning_rate        | 0.000137    |
|    loss                 | -0.0203     |
|    n_updates            | 583         |
|    policy_gradient_loss | 0.00362     |
|    std                  | 0.409       |
|    value_loss           | 0.00723     |
-----------------------------------------
Early stopping at step 0 due to reaching max kl: 0.03
-----------------------------------------
| rollout/                |             |
|    ep_len_mean          | 789         |
|    ep_rew_mean          | 1.88e+03    |
| time/                   |             |
|    fps                  | 2630        |
|    iterations           | 498         |
|    time_elapsed         | 1551        |
|    total_timesteps      | 4079616     |
| train/                  |             |
|    approx_kl            | 0.012861473 |
|    clip_fraction        | 0.172       |
|    clip_range           | 0.2         |
|    entropy_loss         | -4.19       |
|    explained_variance   | 0.27        |
|    learning_rate        | 0.000137    |
|    loss                 | 0.108       |
|    n_updates            | 584         |
|    policy_gradient_loss | 0.00529     |
|    std                  | 0.409       |
|    value_loss           | 0.0735      |
-----------------------------------------
Early stopping at step 0 due to reaching max kl: 0.03
-----------------------------------------
| rollout/                |             |
|    ep_len_mean          | 810         |
|    ep_rew_mean          | 1.92e+03    |
| time/                   |             |
|    fps                  | 2630        |
|    iterations           | 499         |
|    time_elapsed         | 1554        |
|    total_timesteps      | 4087808     |
| train/                  |             |
|    approx_kl            | 0.011998363 |
|    clip_fraction        | 0.162       |
|    clip_range           | 0.2         |
|    entropy_loss         | -4.19       |
|    explained_variance   | 0.271       |
|    learning_rate        | 0.000137    |
|    loss                 | 0.0651      |
|    n_updates            | 585         |
|    policy_gradient_loss | 0.00652     |
|    std                  | 0.409       |
|    value_loss           | 0.0652      |
-----------------------------------------
Early stopping at step 1 due to reaching max kl: 0.04
-----------------------------------------
| rollout/                |             |
|    ep_len_mean          | 795         |
|    ep_rew_mean          | 1.9e+03     |
| time/                   |             |
|    fps                  | 2630        |
|    iterations           | 500         |
|    time_elapsed         | 1557        |
|    total_timesteps      | 4096000     |
| train/                  |             |
|    approx_kl            | 0.019244663 |
|    clip_fraction        | 0.181       |
|    clip_range           | 0.2         |
|    entropy_loss         | -4.18       |
|    explained_variance   | -0.346      |
|    learning_rate        | 0.000136    |
|    loss                 | -0.0397     |
|    n_updates            | 587         |
|    policy_gradient_loss | 0.00368     |
|    std                  | 0.407       |
|    value_loss           | 0.00859     |
-----------------------------------------
Early stopping at step 0 due to reaching max kl: 0.03
-----------------------------------------
| rollout/                |             |
|    ep_len_mean          | 783         |
|    ep_rew_mean          | 1.87e+03    |
| time/                   |             |
|    fps                  | 2630        |
|    iterations           | 501         |
|    time_elapsed         | 1560        |
|    total_timesteps      | 4104192     |
| train/                  |             |
|    approx_kl            | 0.010608705 |
|    clip_fraction        | 0.142       |
|    clip_range           | 0.2         |
|    entropy_loss         | -4.16       |
|    explained_variance   | 0.279       |
|    learning_rate        | 0.000136    |
|    loss                 | 0.0135      |
|    n_updates            | 588         |
|    policy_gradient_loss | 0.0029      |
|    std                  | 0.407       |
|    value_loss           | 0.104       |
-----------------------------------------
Early stopping at step 1 due to reaching max kl: 0.04
-----------------------------------------
| rollout/                |             |
|    ep_len_mean          | 792         |
|    ep_rew_mean          | 1.89e+03    |
| time/                   |             |
|    fps                  | 2630        |
|    iterations           | 502         |
|    time_elapsed         | 1563        |
|    total_timesteps      | 4112384     |
| train/                  |             |
|    approx_kl            | 0.019800942 |
|    clip_fraction        | 0.184       |
|    clip_range           | 0.2         |
|    entropy_loss         | -4.15       |
|    explained_variance   | 0.354       |
|    learning_rate        | 0.000136    |
|    loss                 | 0.126       |
|    n_updates            | 590         |
|    policy_gradient_loss | 0.00341     |
|    std                  | 0.406       |
|    value_loss           | 0.0496      |
-----------------------------------------
Early stopping at step 0 due to reaching max kl: 0.03
-----------------------------------------
| rollout/                |             |
|    ep_len_mean          | 772         |
|    ep_rew_mean          | 1.85e+03    |
| time/                   |             |
|    fps                  | 2630        |
|    iterations           | 503         |
|    time_elapsed         | 1566        |
|    total_timesteps      | 4120576     |
| train/                  |             |
|    approx_kl            | 0.011189573 |
|    clip_fraction        | 0.149       |
|    clip_range           | 0.2         |
|    entropy_loss         | -4.13       |
|    explained_variance   | 0.383       |
|    learning_rate        | 0.000136    |
|    loss                 | 0.0912      |
|    n_updates            | 591         |
|    policy_gradient_loss | 0.00728     |
|    std                  | 0.406       |
|    value_loss           | 0.0352      |
-----------------------------------------
Early stopping at step 0 due to reaching max kl: 0.03
-----------------------------------------
| rollout/                |             |
|    ep_len_mean          | 780         |
|    ep_rew_mean          | 1.87e+03    |
| time/                   |             |
|    fps                  | 2630        |
|    iterations           | 504         |
|    time_elapsed         | 1569        |
|    total_timesteps      | 4128768     |
| train/                  |             |
|    approx_kl            | 0.013126584 |
|    clip_fraction        | 0.168       |
|    clip_range           | 0.2         |
|    entropy_loss         | -4.13       |
|    explained_variance   | 0.309       |
|    learning_rate        | 0.000135    |
|    loss                 | 0.0263      |
|    n_updates            | 592         |
|    policy_gradient_loss | 0.00491     |
|    std                  | 0.405       |
|    value_loss           | 0.0908      |
-----------------------------------------
Early stopping at step 1 due to reaching max kl: 0.03
-----------------------------------------
| rollout/                |             |
|    ep_len_mean          | 798         |
|    ep_rew_mean          | 1.92e+03    |
| time/                   |             |
|    fps                  | 2630        |
|    iterations           | 505         |
|    time_elapsed         | 1572        |
|    total_timesteps      | 4136960     |
| train/                  |             |
|    approx_kl            | 0.018413892 |
|    clip_fraction        | 0.192       |
|    clip_range           | 0.2         |
|    entropy_loss         | -4.12       |
|    explained_variance   | 0.235       |
|    learning_rate        | 0.000135    |
|    loss                 | -0.0282     |
|    n_updates            | 594         |
|    policy_gradient_loss | 0.00409     |
|    std                  | 0.405       |
|    value_loss           | 0.0356      |
-----------------------------------------
Early stopping at step 0 due to reaching max kl: 0.03
-----------------------------------------
| rollout/                |             |
|    ep_len_mean          | 792         |
|    ep_rew_mean          | 1.9e+03     |
| time/                   |             |
|    fps                  | 2630        |
|    iterations           | 506         |
|    time_elapsed         | 1576        |
|    total_timesteps      | 4145152     |
| train/                  |             |
|    approx_kl            | 0.013644585 |
|    clip_fraction        | 0.19        |
|    clip_range           | 0.2         |
|    entropy_loss         | -4.11       |
|    explained_variance   | 0.386       |
|    learning_rate        | 0.000135    |
|    loss                 | 0.0439      |
|    n_updates            | 595         |
|    policy_gradient_loss | 0.00422     |
|    std                  | 0.404       |
|    value_loss           | 0.048       |
-----------------------------------------
Early stopping at step 0 due to reaching max kl: 0.03
-----------------------------------------
| rollout/                |             |
|    ep_len_mean          | 790         |
|    ep_rew_mean          | 1.9e+03     |
| time/                   |             |
|    fps                  | 2630        |
|    iterations           | 507         |
|    time_elapsed         | 1579        |
|    total_timesteps      | 4153344     |
| train/                  |             |
|    approx_kl            | 0.012844389 |
|    clip_fraction        | 0.168       |
|    clip_range           | 0.2         |
|    entropy_loss         | -4.1        |
|    explained_variance   | 0.303       |
|    learning_rate        | 0.000134    |
|    loss                 | 0.0208      |
|    n_updates            | 596         |
|    policy_gradient_loss | 0.00794     |
|    std                  | 0.404       |
|    value_loss           | 0.0452      |
-----------------------------------------
Early stopping at step 1 due to reaching max kl: 0.03
-----------------------------------------
| rollout/                |             |
|    ep_len_mean          | 768         |
|    ep_rew_mean          | 1.85e+03    |
| time/                   |             |
|    fps                  | 2629        |
|    iterations           | 508         |
|    time_elapsed         | 1582        |
|    total_timesteps      | 4161536     |
| train/                  |             |
|    approx_kl            | 0.019587535 |
|    clip_fraction        | 0.192       |
|    clip_range           | 0.2         |
|    entropy_loss         | -4.09       |
|    explained_variance   | 0.324       |
|    learning_rate        | 0.000134    |
|    loss                 | 0.0135      |
|    n_updates            | 598         |
|    policy_gradient_loss | 0.00458     |
|    std                  | 0.403       |
|    value_loss           | 0.0601      |
-----------------------------------------
Early stopping at step 1 due to reaching max kl: 0.03
-----------------------------------------
| rollout/                |             |
|    ep_len_mean          | 766         |
|    ep_rew_mean          | 1.85e+03    |
| time/                   |             |
|    fps                  | 2629        |
|    iterations           | 509         |
|    time_elapsed         | 1585        |
|    total_timesteps      | 4169728     |
| train/                  |             |
|    approx_kl            | 0.021134675 |
|    clip_fraction        | 0.21        |
|    clip_range           | 0.2         |
|    entropy_loss         | -4.07       |
|    explained_variance   | 0.258       |
|    learning_rate        | 0.000134    |
|    loss                 | 0.0733      |
|    n_updates            | 600         |
|    policy_gradient_loss | 0.00415     |
|    std                  | 0.402       |
|    value_loss           | 0.0824      |
-----------------------------------------
Early stopping at step 1 due to reaching max kl: 0.03
----------------------------------------
| rollout/                |            |
|    ep_len_mean          | 750        |
|    ep_rew_mean          | 1.81e+03   |
| time/                   |            |
|    fps                  | 2629       |
|    iterations           | 510        |
|    time_elapsed         | 1588       |
|    total_timesteps      | 4177920    |
| train/                  |            |
|    approx_kl            | 0.02230041 |
|    clip_fraction        | 0.21       |
|    clip_range           | 0.2        |
|    entropy_loss         | -4.06      |
|    explained_variance   | 0.462      |
|    learning_rate        | 0.000133   |
|    loss                 | 0.0136     |
|    n_updates            | 602        |
|    policy_gradient_loss | 0.00311    |
|    std                  | 0.402      |
|    value_loss           | 0.0569     |
----------------------------------------
Early stopping at step 0 due to reaching max kl: 0.03
-----------------------------------------
| rollout/                |             |
|    ep_len_mean          | 770         |
|    ep_rew_mean          | 1.87e+03    |
| time/                   |             |
|    fps                  | 2629        |
|    iterations           | 511         |
|    time_elapsed         | 1591        |
|    total_timesteps      | 4186112     |
| train/                  |             |
|    approx_kl            | 0.010743026 |
|    clip_fraction        | 0.145       |
|    clip_range           | 0.2         |
|    entropy_loss         | -4.05       |
|    explained_variance   | 0.439       |
|    learning_rate        | 0.000133    |
|    loss                 | 0.286       |
|    n_updates            | 603         |
|    policy_gradient_loss | 0.00497     |
|    std                  | 0.402       |
|    value_loss           | 0.0951      |
-----------------------------------------
Early stopping at step 1 due to reaching max kl: 0.04
-----------------------------------------
| rollout/                |             |
|    ep_len_mean          | 783         |
|    ep_rew_mean          | 1.9e+03     |
| time/                   |             |
|    fps                  | 2629        |
|    iterations           | 512         |
|    time_elapsed         | 1595        |
|    total_timesteps      | 4194304     |
| train/                  |             |
|    approx_kl            | 0.025616076 |
|    clip_fraction        | 0.198       |
|    clip_range           | 0.2         |
|    entropy_loss         | -4.04       |
|    explained_variance   | 0.506       |
|    learning_rate        | 0.000133    |
|    loss                 | -0.0156     |
|    n_updates            | 605         |
|    policy_gradient_loss | 0.0037      |
|    std                  | 0.401       |
|    value_loss           | 0.0254      |
-----------------------------------------
Early stopping at step 1 due to reaching max kl: 0.03
-----------------------------------------
| rollout/                |             |
|    ep_len_mean          | 750         |
|    ep_rew_mean          | 1.82e+03    |
| time/                   |             |
|    fps                  | 2629        |
|    iterations           | 513         |
|    time_elapsed         | 1598        |
|    total_timesteps      | 4202496     |
| train/                  |             |
|    approx_kl            | 0.018919554 |
|    clip_fraction        | 0.191       |
|    clip_range           | 0.2         |
|    entropy_loss         | -4.02       |
|    explained_variance   | 0.461       |
|    learning_rate        | 0.000132    |
|    loss                 | 0.0158      |
|    n_updates            | 607         |
|    policy_gradient_loss | 0.00743     |
|    std                  | 0.4         |
|    value_loss           | 0.0372      |
-----------------------------------------
Early stopping at step 0 due to reaching max kl: 0.03
-----------------------------------------
| rollout/                |             |
|    ep_len_mean          | 728         |
|    ep_rew_mean          | 1.76e+03    |
| time/                   |             |
|    fps                  | 2629        |
|    iterations           | 514         |
|    time_elapsed         | 1601        |
|    total_timesteps      | 4210688     |
| train/                  |             |
|    approx_kl            | 0.011595986 |
|    clip_fraction        | 0.151       |
|    clip_range           | 0.2         |
|    entropy_loss         | -4.01       |
|    explained_variance   | 0.249       |
|    learning_rate        | 0.000132    |
|    loss                 | -0.0236     |
|    n_updates            | 608         |
|    policy_gradient_loss | 0.00535     |
|    std                  | 0.4         |
|    value_loss           | 0.115       |
-----------------------------------------
Early stopping at step 0 due to reaching max kl: 0.04
-----------------------------------------
| rollout/                |             |
|    ep_len_mean          | 735         |
|    ep_rew_mean          | 1.77e+03    |
| time/                   |             |
|    fps                  | 2629        |
|    iterations           | 515         |
|    time_elapsed         | 1604        |
|    total_timesteps      | 4218880     |
| train/                  |             |
|    approx_kl            | 0.010988937 |
|    clip_fraction        | 0.141       |
|    clip_range           | 0.2         |
|    entropy_loss         | -4.02       |
|    explained_variance   | 0.368       |
|    learning_rate        | 0.000132    |
|    loss                 | 0.0289      |
|    n_updates            | 609         |
|    policy_gradient_loss | 0.00671     |
|    std                  | 0.4         |
|    value_loss           | 0.0922      |
-----------------------------------------
Early stopping at step 0 due to reaching max kl: 0.03
-----------------------------------------
| rollout/                |             |
|    ep_len_mean          | 712         |
|    ep_rew_mean          | 1.72e+03    |
| time/                   |             |
|    fps                  | 2629        |
|    iterations           | 516         |
|    time_elapsed         | 1607        |
|    total_timesteps      | 4227072     |
| train/                  |             |
|    approx_kl            | 0.011319035 |
|    clip_fraction        | 0.143       |
|    clip_range           | 0.2         |
|    entropy_loss         | -4.02       |
|    explained_variance   | 0.374       |
|    learning_rate        | 0.000131    |
|    loss                 | 0.0375      |
|    n_updates            | 610         |
|    policy_gradient_loss | 0.00197     |
|    std                  | 0.4         |
|    value_loss           | 0.0526      |
-----------------------------------------
Early stopping at step 0 due to reaching max kl: 0.03
------------------------------------------
| rollout/                |              |
|    ep_len_mean          | 725          |
|    ep_rew_mean          | 1.75e+03     |
| time/                   |              |
|    fps                  | 2629         |
|    iterations           | 517          |
|    time_elapsed         | 1610         |
|    total_timesteps      | 4235264      |
| train/                  |              |
|    approx_kl            | 0.0124889845 |
|    clip_fraction        | 0.168        |
|    clip_range           | 0.2          |
|    entropy_loss         | -4.01        |
|    explained_variance   | 0.446        |
|    learning_rate        | 0.000131     |
|    loss                 | 0.00493      |
|    n_updates            | 611          |
|    policy_gradient_loss | 0.00647      |
|    std                  | 0.399        |
|    value_loss           | 0.0725       |
------------------------------------------
Early stopping at step 0 due to reaching max kl: 0.03
-----------------------------------------
| rollout/                |             |
|    ep_len_mean          | 725         |
|    ep_rew_mean          | 1.75e+03    |
| time/                   |             |
|    fps                  | 2629        |
|    iterations           | 518         |
|    time_elapsed         | 1613        |
|    total_timesteps      | 4243456     |
| train/                  |             |
|    approx_kl            | 0.012884984 |
|    clip_fraction        | 0.173       |
|    clip_range           | 0.2         |
|    entropy_loss         | -4          |
|    explained_variance   | 0.462       |
|    learning_rate        | 0.000131    |
|    loss                 | 0.23        |
|    n_updates            | 612         |
|    policy_gradient_loss | 0.00671     |
|    std                  | 0.399       |
|    value_loss           | 0.0532      |
-----------------------------------------
Early stopping at step 0 due to reaching max kl: 0.04
-----------------------------------------
| rollout/                |             |
|    ep_len_mean          | 723         |
|    ep_rew_mean          | 1.75e+03    |
| time/                   |             |
|    fps                  | 2629        |
|    iterations           | 519         |
|    time_elapsed         | 1616        |
|    total_timesteps      | 4251648     |
| train/                  |             |
|    approx_kl            | 0.011397772 |
|    clip_fraction        | 0.149       |
|    clip_range           | 0.2         |
|    entropy_loss         | -3.99       |
|    explained_variance   | 0.23        |
|    learning_rate        | 0.00013     |
|    loss                 | 0.0515      |
|    n_updates            | 613         |
|    policy_gradient_loss | 0.00705     |
|    std                  | 0.398       |
|    value_loss           | 0.0618      |
-----------------------------------------
Early stopping at step 0 due to reaching max kl: 0.04
-----------------------------------------
| rollout/                |             |
|    ep_len_mean          | 697         |
|    ep_rew_mean          | 1.68e+03    |
| time/                   |             |
|    fps                  | 2630        |
|    iterations           | 520         |
|    time_elapsed         | 1619        |
|    total_timesteps      | 4259840     |
| train/                  |             |
|    approx_kl            | 0.012450225 |
|    clip_fraction        | 0.169       |
|    clip_range           | 0.2         |
|    entropy_loss         | -3.99       |
|    explained_variance   | 0.425       |
|    learning_rate        | 0.00013     |
|    loss                 | 0.0408      |
|    n_updates            | 614         |
|    policy_gradient_loss | 0.00528     |
|    std                  | 0.398       |
|    value_loss           | 0.0894      |
-----------------------------------------
Early stopping at step 0 due to reaching max kl: 0.03
-----------------------------------------
| rollout/                |             |
|    ep_len_mean          | 719         |
|    ep_rew_mean          | 1.74e+03    |
| time/                   |             |
|    fps                  | 2630        |
|    iterations           | 521         |
|    time_elapsed         | 1622        |
|    total_timesteps      | 4268032     |
| train/                  |             |
|    approx_kl            | 0.011633085 |
|    clip_fraction        | 0.159       |
|    clip_range           | 0.2         |
|    entropy_loss         | -3.99       |
|    explained_variance   | 0.329       |
|    learning_rate        | 0.00013     |
|    loss                 | 0.0852      |
|    n_updates            | 615         |
|    policy_gradient_loss | 0.00411     |
|    std                  | 0.398       |
|    value_loss           | 0.0497      |
-----------------------------------------
Early stopping at step 0 due to reaching max kl: 0.03
-----------------------------------------
| rollout/                |             |
|    ep_len_mean          | 725         |
|    ep_rew_mean          | 1.75e+03    |
| time/                   |             |
|    fps                  | 2629        |
|    iterations           | 522         |
|    time_elapsed         | 1625        |
|    total_timesteps      | 4276224     |
| train/                  |             |
|    approx_kl            | 0.012283982 |
|    clip_fraction        | 0.174       |
|    clip_range           | 0.2         |
|    entropy_loss         | -3.98       |
|    explained_variance   | 0.367       |
|    learning_rate        | 0.000129    |
|    loss                 | 0.033       |
|    n_updates            | 616         |
|    policy_gradient_loss | 0.00396     |
|    std                  | 0.398       |
|    value_loss           | 0.0491      |
-----------------------------------------
Early stopping at step 0 due to reaching max kl: 0.03
------------------------------------------
| rollout/                |              |
|    ep_len_mean          | 743          |
|    ep_rew_mean          | 1.81e+03     |
| time/                   |              |
|    fps                  | 2629         |
|    iterations           | 523          |
|    time_elapsed         | 1629         |
|    total_timesteps      | 4284416      |
| train/                  |              |
|    approx_kl            | 0.0132234795 |
|    clip_fraction        | 0.18         |
|    clip_range           | 0.2          |
|    entropy_loss         | -3.98        |
|    explained_variance   | 0.285        |
|    learning_rate        | 0.000129     |
|    loss                 | 0.0459       |
|    n_updates            | 617          |
|    policy_gradient_loss | 0.00551      |
|    std                  | 0.398        |
|    value_loss           | 0.0725       |
------------------------------------------
Early stopping at step 1 due to reaching max kl: 0.04
-----------------------------------------
| rollout/                |             |
|    ep_len_mean          | 740         |
|    ep_rew_mean          | 1.8e+03     |
| time/                   |             |
|    fps                  | 2629        |
|    iterations           | 524         |
|    time_elapsed         | 1632        |
|    total_timesteps      | 4292608     |
| train/                  |             |
|    approx_kl            | 0.021455264 |
|    clip_fraction        | 0.198       |
|    clip_range           | 0.2         |
|    entropy_loss         | -3.98       |
|    explained_variance   | 0.385       |
|    learning_rate        | 0.000129    |
|    loss                 | 0.0329      |
|    n_updates            | 619         |
|    policy_gradient_loss | 0.00468     |
|    std                  | 0.398       |
|    value_loss           | 0.0462      |
-----------------------------------------
Early stopping at step 0 due to reaching max kl: 0.03
-----------------------------------------
| rollout/                |             |
|    ep_len_mean          | 743         |
|    ep_rew_mean          | 1.82e+03    |
| time/                   |             |
|    fps                  | 2629        |
|    iterations           | 525         |
|    time_elapsed         | 1635        |
|    total_timesteps      | 4300800     |
| train/                  |             |
|    approx_kl            | 0.012635053 |
|    clip_fraction        | 0.165       |
|    clip_range           | 0.2         |
|    entropy_loss         | -3.97       |
|    explained_variance   | 0.333       |
|    learning_rate        | 0.000128    |
|    loss                 | 0.0728      |
|    n_updates            | 620         |
|    policy_gradient_loss | 0.00236     |
|    std                  | 0.397       |
|    value_loss           | 0.0671      |
-----------------------------------------
Early stopping at step 1 due to reaching max kl: 0.04
-----------------------------------------
| rollout/                |             |
|    ep_len_mean          | 760         |
|    ep_rew_mean          | 1.86e+03    |
| time/                   |             |
|    fps                  | 2629        |
|    iterations           | 526         |
|    time_elapsed         | 1638        |
|    total_timesteps      | 4308992     |
| train/                  |             |
|    approx_kl            | 0.023586381 |
|    clip_fraction        | 0.197       |
|    clip_range           | 0.2         |
|    entropy_loss         | -3.96       |
|    explained_variance   | 0.346       |
|    learning_rate        | 0.000128    |
|    loss                 | 0.125       |
|    n_updates            | 622         |
|    policy_gradient_loss | 0.00556     |
|    std                  | 0.397       |
|    value_loss           | 0.0773      |
-----------------------------------------
Early stopping at step 1 due to reaching max kl: 0.03
-----------------------------------------
| rollout/                |             |
|    ep_len_mean          | 760         |
|    ep_rew_mean          | 1.87e+03    |
| time/                   |             |
|    fps                  | 2629        |
|    iterations           | 527         |
|    time_elapsed         | 1641        |
|    total_timesteps      | 4317184     |
| train/                  |             |
|    approx_kl            | 0.031132868 |
|    clip_fraction        | 0.173       |
|    clip_range           | 0.2         |
|    entropy_loss         | -3.95       |
|    explained_variance   | 0.265       |
|    learning_rate        | 0.000128    |
|    loss                 | -0.0296     |
|    n_updates            | 624         |
|    policy_gradient_loss | 0.0054      |
|    std                  | 0.396       |
|    value_loss           | 0.0211      |
-----------------------------------------
Early stopping at step 1 due to reaching max kl: 0.04
----------------------------------------
| rollout/                |            |
|    ep_len_mean          | 793        |
|    ep_rew_mean          | 1.95e+03   |
| time/                   |            |
|    fps                  | 2629       |
|    iterations           | 528        |
|    time_elapsed         | 1645       |
|    total_timesteps      | 4325376    |
| train/                  |            |
|    approx_kl            | 0.02045981 |
|    clip_fraction        | 0.2        |
|    clip_range           | 0.2        |
|    entropy_loss         | -3.94      |
|    explained_variance   | 0.284      |
|    learning_rate        | 0.000127   |
|    loss                 | -0.0369    |
|    n_updates            | 626        |
|    policy_gradient_loss | 0.00189    |
|    std                  | 0.396      |
|    value_loss           | 0.0219     |
----------------------------------------
Early stopping at step 0 due to reaching max kl: 0.04
----------------------------------------
| rollout/                |            |
|    ep_len_mean          | 765        |
|    ep_rew_mean          | 1.88e+03   |
| time/                   |            |
|    fps                  | 2629       |
|    iterations           | 529        |
|    time_elapsed         | 1648       |
|    total_timesteps      | 4333568    |
| train/                  |            |
|    approx_kl            | 0.01029319 |
|    clip_fraction        | 0.131      |
|    clip_range           | 0.2        |
|    entropy_loss         | -3.93      |
|    explained_variance   | 0.271      |
|    learning_rate        | 0.000127   |
|    loss                 | 0.0292     |
|    n_updates            | 627        |
|    policy_gradient_loss | 0.00365    |
|    std                  | 0.395      |
|    value_loss           | 0.0386     |
----------------------------------------
Early stopping at step 0 due to reaching max kl: 0.03
-----------------------------------------
| rollout/                |             |
|    ep_len_mean          | 758         |
|    ep_rew_mean          | 1.87e+03    |
| time/                   |             |
|    fps                  | 2629        |
|    iterations           | 530         |
|    time_elapsed         | 1651        |
|    total_timesteps      | 4341760     |
| train/                  |             |
|    approx_kl            | 0.012810579 |
|    clip_fraction        | 0.165       |
|    clip_range           | 0.2         |
|    entropy_loss         | -3.93       |
|    explained_variance   | 0.245       |
|    learning_rate        | 0.000127    |
|    loss                 | 0.0264      |
|    n_updates            | 628         |
|    policy_gradient_loss | 0.00328     |
|    std                  | 0.395       |
|    value_loss           | 0.136       |
-----------------------------------------
Early stopping at step 0 due to reaching max kl: 0.03
-----------------------------------------
| rollout/                |             |
|    ep_len_mean          | 765         |
|    ep_rew_mean          | 1.89e+03    |
| time/                   |             |
|    fps                  | 2629        |
|    iterations           | 531         |
|    time_elapsed         | 1654        |
|    total_timesteps      | 4349952     |
| train/                  |             |
|    approx_kl            | 0.013184096 |
|    clip_fraction        | 0.181       |
|    clip_range           | 0.2         |
|    entropy_loss         | -3.92       |
|    explained_variance   | 0.267       |
|    learning_rate        | 0.000126    |
|    loss                 | -0.0219     |
|    n_updates            | 629         |
|    policy_gradient_loss | 0.00644     |
|    std                  | 0.395       |
|    value_loss           | 0.0874      |
-----------------------------------------
Early stopping at step 1 due to reaching max kl: 0.04
-----------------------------------------
| rollout/                |             |
|    ep_len_mean          | 767         |
|    ep_rew_mean          | 1.89e+03    |
| time/                   |             |
|    fps                  | 2629        |
|    iterations           | 532         |
|    time_elapsed         | 1657        |
|    total_timesteps      | 4358144     |
| train/                  |             |
|    approx_kl            | 0.018285135 |
|    clip_fraction        | 0.167       |
|    clip_range           | 0.2         |
|    entropy_loss         | -3.91       |
|    explained_variance   | 0.311       |
|    learning_rate        | 0.000126    |
|    loss                 | -0.0395     |
|    n_updates            | 631         |
|    policy_gradient_loss | 0.0064      |
|    std                  | 0.394       |
|    value_loss           | 0.0196      |
-----------------------------------------
Early stopping at step 0 due to reaching max kl: 0.03
-----------------------------------------
| rollout/                |             |
|    ep_len_mean          | 755         |
|    ep_rew_mean          | 1.86e+03    |
| time/                   |             |
|    fps                  | 2629        |
|    iterations           | 533         |
|    time_elapsed         | 1660        |
|    total_timesteps      | 4366336     |
| train/                  |             |
|    approx_kl            | 0.011812399 |
|    clip_fraction        | 0.161       |
|    clip_range           | 0.2         |
|    entropy_loss         | -3.9        |
|    explained_variance   | 0.191       |
|    learning_rate        | 0.000126    |
|    loss                 | 0.11        |
|    n_updates            | 632         |
|    policy_gradient_loss | 0.00459     |
|    std                  | 0.394       |
|    value_loss           | 0.0446      |
-----------------------------------------
Early stopping at step 0 due to reaching max kl: 0.04
------------------------------------------
| rollout/                |              |
|    ep_len_mean          | 749          |
|    ep_rew_mean          | 1.85e+03     |
| time/                   |              |
|    fps                  | 2629         |
|    iterations           | 534          |
|    time_elapsed         | 1663         |
|    total_timesteps      | 4374528      |
| train/                  |              |
|    approx_kl            | 0.0139981285 |
|    clip_fraction        | 0.186        |
|    clip_range           | 0.2          |
|    entropy_loss         | -3.89        |
|    explained_variance   | 0.256        |
|    learning_rate        | 0.000125     |
|    loss                 | 0.148        |
|    n_updates            | 633          |
|    policy_gradient_loss | 0.00384      |
|    std                  | 0.394        |
|    value_loss           | 0.118        |
------------------------------------------
Early stopping at step 0 due to reaching max kl: 0.03
-----------------------------------------
| rollout/                |             |
|    ep_len_mean          | 751         |
|    ep_rew_mean          | 1.85e+03    |
| time/                   |             |
|    fps                  | 2629        |
|    iterations           | 535         |
|    time_elapsed         | 1666        |
|    total_timesteps      | 4382720     |
| train/                  |             |
|    approx_kl            | 0.011356048 |
|    clip_fraction        | 0.157       |
|    clip_range           | 0.2         |
|    entropy_loss         | -3.89       |
|    explained_variance   | 0.309       |
|    learning_rate        | 0.000125    |
|    loss                 | 0.0897      |
|    n_updates            | 634         |
|    policy_gradient_loss | 0.00518     |
|    std                  | 0.393       |
|    value_loss           | 0.0606      |
-----------------------------------------
Early stopping at step 0 due to reaching max kl: 0.04
-----------------------------------------
| rollout/                |             |
|    ep_len_mean          | 742         |
|    ep_rew_mean          | 1.83e+03    |
| time/                   |             |
|    fps                  | 2629        |
|    iterations           | 536         |
|    time_elapsed         | 1669        |
|    total_timesteps      | 4390912     |
| train/                  |             |
|    approx_kl            | 0.011330426 |
|    clip_fraction        | 0.163       |
|    clip_range           | 0.2         |
|    entropy_loss         | -3.88       |
|    explained_variance   | 0.391       |
|    learning_rate        | 0.000125    |
|    loss                 | 0.0362      |
|    n_updates            | 635         |
|    policy_gradient_loss | 0.00325     |
|    std                  | 0.393       |
|    value_loss           | 0.0463      |
-----------------------------------------
Early stopping at step 0 due to reaching max kl: 0.03
-----------------------------------------
| rollout/                |             |
|    ep_len_mean          | 733         |
|    ep_rew_mean          | 1.81e+03    |
| time/                   |             |
|    fps                  | 2629        |
|    iterations           | 537         |
|    time_elapsed         | 1672        |
|    total_timesteps      | 4399104     |
| train/                  |             |
|    approx_kl            | 0.008012445 |
|    clip_fraction        | 0.1         |
|    clip_range           | 0.2         |
|    entropy_loss         | -3.88       |
|    explained_variance   | 0.404       |
|    learning_rate        | 0.000124    |
|    loss                 | 0.0361      |
|    n_updates            | 636         |
|    policy_gradient_loss | 0.00395     |
|    std                  | 0.393       |
|    value_loss           | 0.0313      |
-----------------------------------------
Early stopping at step 1 due to reaching max kl: 0.04
-----------------------------------------
| rollout/                |             |
|    ep_len_mean          | 758         |
|    ep_rew_mean          | 1.87e+03    |
| time/                   |             |
|    fps                  | 2629        |
|    iterations           | 538         |
|    time_elapsed         | 1676        |
|    total_timesteps      | 4407296     |
| train/                  |             |
|    approx_kl            | 0.021666514 |
|    clip_fraction        | 0.204       |
|    clip_range           | 0.2         |
|    entropy_loss         | -3.87       |
|    explained_variance   | 0.355       |
|    learning_rate        | 0.000124    |
|    loss                 | 0.0464      |
|    n_updates            | 638         |
|    policy_gradient_loss | 0.00308     |
|    std                  | 0.392       |
|    value_loss           | 0.0488      |
-----------------------------------------
Early stopping at step 1 due to reaching max kl: 0.04
-----------------------------------------
| rollout/                |             |
|    ep_len_mean          | 781         |
|    ep_rew_mean          | 1.92e+03    |
| time/                   |             |
|    fps                  | 2629        |
|    iterations           | 539         |
|    time_elapsed         | 1679        |
|    total_timesteps      | 4415488     |
| train/                  |             |
|    approx_kl            | 0.024234729 |
|    clip_fraction        | 0.192       |
|    clip_range           | 0.2         |
|    entropy_loss         | -3.86       |
|    explained_variance   | 0.169       |
|    learning_rate        | 0.000124    |
|    loss                 | 0.0933      |
|    n_updates            | 640         |
|    policy_gradient_loss | 0.0061      |
|    std                  | 0.392       |
|    value_loss           | 0.0437      |
-----------------------------------------
Early stopping at step 1 due to reaching max kl: 0.03
----------------------------------------
| rollout/                |            |
|    ep_len_mean          | 786        |
|    ep_rew_mean          | 1.93e+03   |
| time/                   |            |
|    fps                  | 2628       |
|    iterations           | 540        |
|    time_elapsed         | 1682       |
|    total_timesteps      | 4423680    |
| train/                  |            |
|    approx_kl            | 0.01908555 |
|    clip_fraction        | 0.2        |
|    clip_range           | 0.2        |
|    entropy_loss         | -3.84      |
|    explained_variance   | 0.512      |
|    learning_rate        | 0.000123   |
|    loss                 | 0.0159     |
|    n_updates            | 642        |
|    policy_gradient_loss | -0.00215   |
|    std                  | 0.39       |
|    value_loss           | 0.0148     |
----------------------------------------
Early stopping at step 0 due to reaching max kl: 0.04
-----------------------------------------
| rollout/                |             |
|    ep_len_mean          | 789         |
|    ep_rew_mean          | 1.94e+03    |
| time/                   |             |
|    fps                  | 2628        |
|    iterations           | 541         |
|    time_elapsed         | 1685        |
|    total_timesteps      | 4431872     |
| train/                  |             |
|    approx_kl            | 0.011694371 |
|    clip_fraction        | 0.157       |
|    clip_range           | 0.2         |
|    entropy_loss         | -3.82       |
|    explained_variance   | 0.293       |
|    learning_rate        | 0.000123    |
|    loss                 | 0.0176      |
|    n_updates            | 643         |
|    policy_gradient_loss | 0.00682     |
|    std                  | 0.39        |
|    value_loss           | 0.0655      |
-----------------------------------------
Early stopping at step 1 due to reaching max kl: 0.03
-----------------------------------------
| rollout/                |             |
|    ep_len_mean          | 785         |
|    ep_rew_mean          | 1.94e+03    |
| time/                   |             |
|    fps                  | 2628        |
|    iterations           | 542         |
|    time_elapsed         | 1689        |
|    total_timesteps      | 4440064     |
| train/                  |             |
|    approx_kl            | 0.017752271 |
|    clip_fraction        | 0.185       |
|    clip_range           | 0.2         |
|    entropy_loss         | -3.81       |
|    explained_variance   | 0.125       |
|    learning_rate        | 0.000123    |
|    loss                 | 0.0929      |
|    n_updates            | 645         |
|    policy_gradient_loss | 0.00129     |
|    std                  | 0.389       |
|    value_loss           | 0.0346      |
-----------------------------------------
Early stopping at step 1 due to reaching max kl: 0.04
----------------------------------------
| rollout/                |            |
|    ep_len_mean          | 815        |
|    ep_rew_mean          | 2.01e+03   |
| time/                   |            |
|    fps                  | 2628       |
|    iterations           | 543        |
|    time_elapsed         | 1692       |
|    total_timesteps      | 4448256    |
| train/                  |            |
|    approx_kl            | 0.02468107 |
|    clip_fraction        | 0.166      |
|    clip_range           | 0.2        |
|    entropy_loss         | -3.79      |
|    explained_variance   | 0.36       |
|    learning_rate        | 0.000122   |
|    loss                 | 0.0225     |
|    n_updates            | 647        |
|    policy_gradient_loss | 0.00491    |
|    std                  | 0.389      |
|    value_loss           | 0.0431     |
----------------------------------------
Early stopping at step 0 due to reaching max kl: 0.03
-----------------------------------------
| rollout/                |             |
|    ep_len_mean          | 817         |
|    ep_rew_mean          | 2.02e+03    |
| time/                   |             |
|    fps                  | 2628        |
|    iterations           | 544         |
|    time_elapsed         | 1695        |
|    total_timesteps      | 4456448     |
| train/                  |             |
|    approx_kl            | 0.011401842 |
|    clip_fraction        | 0.156       |
|    clip_range           | 0.2         |
|    entropy_loss         | -3.78       |
|    explained_variance   | 0.21        |
|    learning_rate        | 0.000122    |
|    loss                 | 0.043       |
|    n_updates            | 648         |
|    policy_gradient_loss | 0.00682     |
|    std                  | 0.388       |
|    value_loss           | 0.0519      |
-----------------------------------------
Early stopping at step 1 due to reaching max kl: 0.03
----------------------------------------
| rollout/                |            |
|    ep_len_mean          | 801        |
|    ep_rew_mean          | 1.98e+03   |
| time/                   |            |
|    fps                  | 2628       |
|    iterations           | 545        |
|    time_elapsed         | 1698       |
|    total_timesteps      | 4464640    |
| train/                  |            |
|    approx_kl            | 0.02023726 |
|    clip_fraction        | 0.202      |
|    clip_range           | 0.2        |
|    entropy_loss         | -3.77      |
|    explained_variance   | 0.248      |
|    learning_rate        | 0.000122   |
|    loss                 | 0.0203     |
|    n_updates            | 650        |
|    policy_gradient_loss | 0.00196    |
|    std                  | 0.388      |
|    value_loss           | 0.0394     |
----------------------------------------
Early stopping at step 0 due to reaching max kl: 0.03
-----------------------------------------
| rollout/                |             |
|    ep_len_mean          | 779         |
|    ep_rew_mean          | 1.93e+03    |
| time/                   |             |
|    fps                  | 2628        |
|    iterations           | 546         |
|    time_elapsed         | 1701        |
|    total_timesteps      | 4472832     |
| train/                  |             |
|    approx_kl            | 0.012164751 |
|    clip_fraction        | 0.168       |
|    clip_range           | 0.2         |
|    entropy_loss         | -3.76       |
|    explained_variance   | 0.181       |
|    learning_rate        | 0.000121    |
|    loss                 | 0.0644      |
|    n_updates            | 651         |
|    policy_gradient_loss | 0.00733     |
|    std                  | 0.387       |
|    value_loss           | 0.0996      |
-----------------------------------------
Early stopping at step 1 due to reaching max kl: 0.04
----------------------------------------
| rollout/                |            |
|    ep_len_mean          | 786        |
|    ep_rew_mean          | 1.94e+03   |
| time/                   |            |
|    fps                  | 2628       |
|    iterations           | 547        |
|    time_elapsed         | 1705       |
|    total_timesteps      | 4481024    |
| train/                  |            |
|    approx_kl            | 0.01872125 |
|    clip_fraction        | 0.193      |
|    clip_range           | 0.2        |
|    entropy_loss         | -3.76      |
|    explained_variance   | 0.241      |
|    learning_rate        | 0.000121   |
|    loss                 | 0.0364     |
|    n_updates            | 653        |
|    policy_gradient_loss | 0.00217    |
|    std                  | 0.387      |
|    value_loss           | 0.0738     |
----------------------------------------
Early stopping at step 0 due to reaching max kl: 0.04
-----------------------------------------
| rollout/                |             |
|    ep_len_mean          | 802         |
|    ep_rew_mean          | 1.98e+03    |
| time/                   |             |
|    fps                  | 2628        |
|    iterations           | 548         |
|    time_elapsed         | 1708        |
|    total_timesteps      | 4489216     |
| train/                  |             |
|    approx_kl            | 0.011586035 |
|    clip_fraction        | 0.156       |
|    clip_range           | 0.2         |
|    entropy_loss         | -3.75       |
|    explained_variance   | 0.325       |
|    learning_rate        | 0.000121    |
|    loss                 | 0.0954      |
|    n_updates            | 654         |
|    policy_gradient_loss | 0.00546     |
|    std                  | 0.386       |
|    value_loss           | 0.0339      |
-----------------------------------------
Early stopping at step 1 due to reaching max kl: 0.03
-----------------------------------------
| rollout/                |             |
|    ep_len_mean          | 789         |
|    ep_rew_mean          | 1.95e+03    |
| time/                   |             |
|    fps                  | 2627        |
|    iterations           | 549         |
|    time_elapsed         | 1711        |
|    total_timesteps      | 4497408     |
| train/                  |             |
|    approx_kl            | 0.018804012 |
|    clip_fraction        | 0.169       |
|    clip_range           | 0.2         |
|    entropy_loss         | -3.73       |
|    explained_variance   | -0.699      |
|    learning_rate        | 0.00012     |
|    loss                 | 0.00986     |
|    n_updates            | 656         |
|    policy_gradient_loss | 0.000814    |
|    std                  | 0.385       |
|    value_loss           | 0.00401     |
-----------------------------------------
Early stopping at step 1 due to reaching max kl: 0.03
-----------------------------------------
| rollout/                |             |
|    ep_len_mean          | 794         |
|    ep_rew_mean          | 1.97e+03    |
| time/                   |             |
|    fps                  | 2627        |
|    iterations           | 550         |
|    time_elapsed         | 1714        |
|    total_timesteps      | 4505600     |
| train/                  |             |
|    approx_kl            | 0.021378914 |
|    clip_fraction        | 0.202       |
|    clip_range           | 0.2         |
|    entropy_loss         | -3.71       |
|    explained_variance   | 0.277       |
|    learning_rate        | 0.00012     |
|    loss                 | 0.00445     |
|    n_updates            | 658         |
|    policy_gradient_loss | 0.000232    |
|    std                  | 0.385       |
|    value_loss           | 0.0552      |
-----------------------------------------
Early stopping at step 1 due to reaching max kl: 0.04
-----------------------------------------
| rollout/                |             |
|    ep_len_mean          | 796         |
|    ep_rew_mean          | 1.97e+03    |
| time/                   |             |
|    fps                  | 2627        |
|    iterations           | 551         |
|    time_elapsed         | 1717        |
|    total_timesteps      | 4513792     |
| train/                  |             |
|    approx_kl            | 0.021875335 |
|    clip_fraction        | 0.19        |
|    clip_range           | 0.2         |
|    entropy_loss         | -3.7        |
|    explained_variance   | 0.204       |
|    learning_rate        | 0.00012     |
|    loss                 | -0.0107     |
|    n_updates            | 660         |
|    policy_gradient_loss | 0.00342     |
|    std                  | 0.384       |
|    value_loss           | 0.0551      |
-----------------------------------------
Early stopping at step 1 due to reaching max kl: 0.03
-----------------------------------------
| rollout/                |             |
|    ep_len_mean          | 818         |
|    ep_rew_mean          | 2.02e+03    |
| time/                   |             |
|    fps                  | 2627        |
|    iterations           | 552         |
|    time_elapsed         | 1721        |
|    total_timesteps      | 4521984     |
| train/                  |             |
|    approx_kl            | 0.020213494 |
|    clip_fraction        | 0.195       |
|    clip_range           | 0.2         |
|    entropy_loss         | -3.68       |
|    explained_variance   | 0.0933      |
|    learning_rate        | 0.000119    |
|    loss                 | 0.00749     |
|    n_updates            | 662         |
|    policy_gradient_loss | -0.00251    |
|    std                  | 0.383       |
|    value_loss           | 0.0224      |
-----------------------------------------
Early stopping at step 2 due to reaching max kl: 0.03
-----------------------------------------
| rollout/                |             |
|    ep_len_mean          | 808         |
|    ep_rew_mean          | 2e+03       |
| time/                   |             |
|    fps                  | 2626        |
|    iterations           | 553         |
|    time_elapsed         | 1724        |
|    total_timesteps      | 4530176     |
| train/                  |             |
|    approx_kl            | 0.020362658 |
|    clip_fraction        | 0.209       |
|    clip_range           | 0.2         |
|    entropy_loss         | -3.66       |
|    explained_variance   | 0.38        |
|    learning_rate        | 0.000119    |
|    loss                 | -0.00916    |
|    n_updates            | 665         |
|    policy_gradient_loss | -0.00314    |
|    std                  | 0.382       |
|    value_loss           | 0.0308      |
-----------------------------------------
Early stopping at step 1 due to reaching max kl: 0.03
-----------------------------------------
| rollout/                |             |
|    ep_len_mean          | 826         |
|    ep_rew_mean          | 2.04e+03    |
| time/                   |             |
|    fps                  | 2626        |
|    iterations           | 554         |
|    time_elapsed         | 1727        |
|    total_timesteps      | 4538368     |
| train/                  |             |
|    approx_kl            | 0.018691627 |
|    clip_fraction        | 0.194       |
|    clip_range           | 0.2         |
|    entropy_loss         | -3.64       |
|    explained_variance   | 0.366       |
|    learning_rate        | 0.000119    |
|    loss                 | -0.022      |
|    n_updates            | 667         |
|    policy_gradient_loss | -0.000249   |
|    std                  | 0.381       |
|    value_loss           | 0.0332      |
-----------------------------------------
Early stopping at step 1 due to reaching max kl: 0.03
-----------------------------------------
| rollout/                |             |
|    ep_len_mean          | 831         |
|    ep_rew_mean          | 2.05e+03    |
| time/                   |             |
|    fps                  | 2626        |
|    iterations           | 555         |
|    time_elapsed         | 1731        |
|    total_timesteps      | 4546560     |
| train/                  |             |
|    approx_kl            | 0.018191203 |
|    clip_fraction        | 0.184       |
|    clip_range           | 0.2         |
|    entropy_loss         | -3.61       |
|    explained_variance   | 0.273       |
|    learning_rate        | 0.000118    |
|    loss                 | -0.00301    |
|    n_updates            | 669         |
|    policy_gradient_loss | -0.000534   |
|    std                  | 0.38        |
|    value_loss           | 0.0066      |
-----------------------------------------
Early stopping at step 1 due to reaching max kl: 0.03
-----------------------------------------
| rollout/                |             |
|    ep_len_mean          | 845         |
|    ep_rew_mean          | 2.09e+03    |
| time/                   |             |
|    fps                  | 2625        |
|    iterations           | 556         |
|    time_elapsed         | 1734        |
|    total_timesteps      | 4554752     |
| train/                  |             |
|    approx_kl            | 0.019545337 |
|    clip_fraction        | 0.219       |
|    clip_range           | 0.2         |
|    entropy_loss         | -3.59       |
|    explained_variance   | 0.266       |
|    learning_rate        | 0.000118    |
|    loss                 | 0.038       |
|    n_updates            | 671         |
|    policy_gradient_loss | 0.000289    |
|    std                  | 0.379       |
|    value_loss           | 0.0413      |
-----------------------------------------
Early stopping at step 1 due to reaching max kl: 0.03
-----------------------------------------
| rollout/                |             |
|    ep_len_mean          | 839         |
|    ep_rew_mean          | 2.08e+03    |
| time/                   |             |
|    fps                  | 2625        |
|    iterations           | 557         |
|    time_elapsed         | 1737        |
|    total_timesteps      | 4562944     |
| train/                  |             |
|    approx_kl            | 0.021653691 |
|    clip_fraction        | 0.186       |
|    clip_range           | 0.2         |
|    entropy_loss         | -3.57       |
|    explained_variance   | 0.318       |
|    learning_rate        | 0.000118    |
|    loss                 | 0.0799      |
|    n_updates            | 673         |
|    policy_gradient_loss | 0.00651     |
|    std                  | 0.378       |
|    value_loss           | 0.0654      |
-----------------------------------------
Early stopping at step 1 due to reaching max kl: 0.03
-----------------------------------------
| rollout/                |             |
|    ep_len_mean          | 822         |
|    ep_rew_mean          | 2.04e+03    |
| time/                   |             |
|    fps                  | 2625        |
|    iterations           | 558         |
|    time_elapsed         | 1741        |
|    total_timesteps      | 4571136     |
| train/                  |             |
|    approx_kl            | 0.019376323 |
|    clip_fraction        | 0.201       |
|    clip_range           | 0.2         |
|    entropy_loss         | -3.56       |
|    explained_variance   | 0.357       |
|    learning_rate        | 0.000117    |
|    loss                 | 0.00766     |
|    n_updates            | 675         |
|    policy_gradient_loss | 0.000854    |
|    std                  | 0.377       |
|    value_loss           | 0.0435      |
-----------------------------------------
Early stopping at step 1 due to reaching max kl: 0.03
-----------------------------------------
| rollout/                |             |
|    ep_len_mean          | 839         |
|    ep_rew_mean          | 2.09e+03    |
| time/                   |             |
|    fps                  | 2625        |
|    iterations           | 559         |
|    time_elapsed         | 1744        |
|    total_timesteps      | 4579328     |
| train/                  |             |
|    approx_kl            | 0.023056673 |
|    clip_fraction        | 0.178       |
|    clip_range           | 0.2         |
|    entropy_loss         | -3.54       |
|    explained_variance   | 0.29        |
|    learning_rate        | 0.000117    |
|    loss                 | 0.00124     |
|    n_updates            | 677         |
|    policy_gradient_loss | 0.00536     |
|    std                  | 0.377       |
|    value_loss           | 0.0483      |
-----------------------------------------
Early stopping at step 1 due to reaching max kl: 0.03
-----------------------------------------
| rollout/                |             |
|    ep_len_mean          | 836         |
|    ep_rew_mean          | 2.08e+03    |
| time/                   |             |
|    fps                  | 2625        |
|    iterations           | 560         |
|    time_elapsed         | 1747        |
|    total_timesteps      | 4587520     |
| train/                  |             |
|    approx_kl            | 0.019416736 |
|    clip_fraction        | 0.165       |
|    clip_range           | 0.2         |
|    entropy_loss         | -3.52       |
|    explained_variance   | 0.561       |
|    learning_rate        | 0.000117    |
|    loss                 | -0.0352     |
|    n_updates            | 679         |
|    policy_gradient_loss | 0.00269     |
|    std                  | 0.376       |
|    value_loss           | 0.0198      |
-----------------------------------------
Early stopping at step 1 due to reaching max kl: 0.04
----------------------------------------
| rollout/                |            |
|    ep_len_mean          | 836        |
|    ep_rew_mean          | 2.08e+03   |
| time/                   |            |
|    fps                  | 2625       |
|    iterations           | 561        |
|    time_elapsed         | 1750       |
|    total_timesteps      | 4595712    |
| train/                  |            |
|    approx_kl            | 0.02147895 |
|    clip_fraction        | 0.2        |
|    clip_range           | 0.2        |
|    entropy_loss         | -3.51      |
|    explained_variance   | 0.263      |
|    learning_rate        | 0.000116   |
|    loss                 | 0.0316     |
|    n_updates            | 681        |
|    policy_gradient_loss | 0.00236    |
|    std                  | 0.375      |
|    value_loss           | 0.0627     |
----------------------------------------
Early stopping at step 0 due to reaching max kl: 0.03
-----------------------------------------
| rollout/                |             |
|    ep_len_mean          | 839         |
|    ep_rew_mean          | 2.1e+03     |
| time/                   |             |
|    fps                  | 2625        |
|    iterations           | 562         |
|    time_elapsed         | 1753        |
|    total_timesteps      | 4603904     |
| train/                  |             |
|    approx_kl            | 0.012563411 |
|    clip_fraction        | 0.174       |
|    clip_range           | 0.2         |
|    entropy_loss         | -3.5        |
|    explained_variance   | 0.39        |
|    learning_rate        | 0.000116    |
|    loss                 | 0.0427      |
|    n_updates            | 682         |
|    policy_gradient_loss | 0.00498     |
|    std                  | 0.375       |
|    value_loss           | 0.0507      |
-----------------------------------------
Early stopping at step 2 due to reaching max kl: 0.03
-----------------------------------------
| rollout/                |             |
|    ep_len_mean          | 861         |
|    ep_rew_mean          | 2.16e+03    |
| time/                   |             |
|    fps                  | 2624        |
|    iterations           | 563         |
|    time_elapsed         | 1757        |
|    total_timesteps      | 4612096     |
| train/                  |             |
|    approx_kl            | 0.022418952 |
|    clip_fraction        | 0.217       |
|    clip_range           | 0.2         |
|    entropy_loss         | -3.48       |
|    explained_variance   | -0.5        |
|    learning_rate        | 0.000116    |
|    loss                 | -0.0189     |
|    n_updates            | 685         |
|    policy_gradient_loss | -0.0044     |
|    std                  | 0.374       |
|    value_loss           | 0.00621     |
-----------------------------------------
Early stopping at step 1 due to reaching max kl: 0.03
-----------------------------------------
| rollout/                |             |
|    ep_len_mean          | 848         |
|    ep_rew_mean          | 2.13e+03    |
| time/                   |             |
|    fps                  | 2624        |
|    iterations           | 564         |
|    time_elapsed         | 1760        |
|    total_timesteps      | 4620288     |
| train/                  |             |
|    approx_kl            | 0.017689893 |
|    clip_fraction        | 0.178       |
|    clip_range           | 0.2         |
|    entropy_loss         | -3.47       |
|    explained_variance   | 0.403       |
|    learning_rate        | 0.000116    |
|    loss                 | 0.0555      |
|    n_updates            | 687         |
|    policy_gradient_loss | 0.000536    |
|    std                  | 0.373       |
|    value_loss           | 0.0215      |
-----------------------------------------
Early stopping at step 1 due to reaching max kl: 0.04
-----------------------------------------
| rollout/                |             |
|    ep_len_mean          | 857         |
|    ep_rew_mean          | 2.16e+03    |
| time/                   |             |
|    fps                  | 2624        |
|    iterations           | 565         |
|    time_elapsed         | 1763        |
|    total_timesteps      | 4628480     |
| train/                  |             |
|    approx_kl            | 0.023985356 |
|    clip_fraction        | 0.162       |
|    clip_range           | 0.2         |
|    entropy_loss         | -3.45       |
|    explained_variance   | 0.262       |
|    learning_rate        | 0.000115    |
|    loss                 | 0.00983     |
|    n_updates            | 689         |
|    policy_gradient_loss | 0.00481     |
|    std                  | 0.372       |
|    value_loss           | 0.0345      |
-----------------------------------------
Early stopping at step 0 due to reaching max kl: 0.03
-----------------------------------------
| rollout/                |             |
|    ep_len_mean          | 869         |
|    ep_rew_mean          | 2.19e+03    |
| time/                   |             |
|    fps                  | 2624        |
|    iterations           | 566         |
|    time_elapsed         | 1766        |
|    total_timesteps      | 4636672     |
| train/                  |             |
|    approx_kl            | 0.009961575 |
|    clip_fraction        | 0.138       |
|    clip_range           | 0.2         |
|    entropy_loss         | -3.43       |
|    explained_variance   | 0.253       |
|    learning_rate        | 0.000115    |
|    loss                 | 0.0162      |
|    n_updates            | 690         |
|    policy_gradient_loss | 0.00354     |
|    std                  | 0.371       |
|    value_loss           | 0.0215      |
-----------------------------------------
Early stopping at step 1 due to reaching max kl: 0.03
-----------------------------------------
| rollout/                |             |
|    ep_len_mean          | 882         |
|    ep_rew_mean          | 2.23e+03    |
| time/                   |             |
|    fps                  | 2624        |
|    iterations           | 567         |
|    time_elapsed         | 1769        |
|    total_timesteps      | 4644864     |
| train/                  |             |
|    approx_kl            | 0.020938627 |
|    clip_fraction        | 0.175       |
|    clip_range           | 0.2         |
|    entropy_loss         | -3.41       |
|    explained_variance   | 0.388       |
|    learning_rate        | 0.000115    |
|    loss                 | -0.0258     |
|    n_updates            | 692         |
|    policy_gradient_loss | 0.00215     |
|    std                  | 0.371       |
|    value_loss           | 0.0213      |
-----------------------------------------
Early stopping at step 0 due to reaching max kl: 0.03
-----------------------------------------
| rollout/                |             |
|    ep_len_mean          | 883         |
|    ep_rew_mean          | 2.23e+03    |
| time/                   |             |
|    fps                  | 2624        |
|    iterations           | 568         |
|    time_elapsed         | 1772        |
|    total_timesteps      | 4653056     |
| train/                  |             |
|    approx_kl            | 0.009424745 |
|    clip_fraction        | 0.125       |
|    clip_range           | 0.2         |
|    entropy_loss         | -3.4        |
|    explained_variance   | 0.305       |
|    learning_rate        | 0.000114    |
|    loss                 | 0.0108      |
|    n_updates            | 693         |
|    policy_gradient_loss | 0.00163     |
|    std                  | 0.37        |
|    value_loss           | 0.00516     |
-----------------------------------------
Early stopping at step 1 due to reaching max kl: 0.03
-----------------------------------------
| rollout/                |             |
|    ep_len_mean          | 891         |
|    ep_rew_mean          | 2.26e+03    |
| time/                   |             |
|    fps                  | 2624        |
|    iterations           | 569         |
|    time_elapsed         | 1776        |
|    total_timesteps      | 4661248     |
| train/                  |             |
|    approx_kl            | 0.019224953 |
|    clip_fraction        | 0.177       |
|    clip_range           | 0.2         |
|    entropy_loss         | -3.39       |
|    explained_variance   | 0.211       |
|    learning_rate        | 0.000114    |
|    loss                 | -0.00481    |
|    n_updates            | 695         |
|    policy_gradient_loss | 0.00343     |
|    std                  | 0.369       |
|    value_loss           | 0.0636      |
-----------------------------------------
Early stopping at step 1 due to reaching max kl: 0.04
-----------------------------------------
| rollout/                |             |
|    ep_len_mean          | 887         |
|    ep_rew_mean          | 2.25e+03    |
| time/                   |             |
|    fps                  | 2624        |
|    iterations           | 570         |
|    time_elapsed         | 1779        |
|    total_timesteps      | 4669440     |
| train/                  |             |
|    approx_kl            | 0.019431757 |
|    clip_fraction        | 0.167       |
|    clip_range           | 0.2         |
|    entropy_loss         | -3.38       |
|    explained_variance   | 0.273       |
|    learning_rate        | 0.000114    |
|    loss                 | -0.00548    |
|    n_updates            | 697         |
|    policy_gradient_loss | 0.00476     |
|    std                  | 0.369       |
|    value_loss           | 0.0339      |
-----------------------------------------
Early stopping at step 3 due to reaching max kl: 0.03
-----------------------------------------
| rollout/                |             |
|    ep_len_mean          | 885         |
|    ep_rew_mean          | 2.25e+03    |
| time/                   |             |
|    fps                  | 2623        |
|    iterations           | 571         |
|    time_elapsed         | 1783        |
|    total_timesteps      | 4677632     |
| train/                  |             |
|    approx_kl            | 0.023734275 |
|    clip_fraction        | 0.243       |
|    clip_range           | 0.2         |
|    entropy_loss         | -3.36       |
|    explained_variance   | 0.352       |
|    learning_rate        | 0.000113    |
|    loss                 | -0.0188     |
|    n_updates            | 701         |
|    policy_gradient_loss | -0.00709    |
|    std                  | 0.368       |
|    value_loss           | 0.0203      |
-----------------------------------------
Early stopping at step 1 due to reaching max kl: 0.03
-----------------------------------------
| rollout/                |             |
|    ep_len_mean          | 883         |
|    ep_rew_mean          | 2.24e+03    |
| time/                   |             |
|    fps                  | 2623        |
|    iterations           | 572         |
|    time_elapsed         | 1786        |
|    total_timesteps      | 4685824     |
| train/                  |             |
|    approx_kl            | 0.020614382 |
|    clip_fraction        | 0.206       |
|    clip_range           | 0.2         |
|    entropy_loss         | -3.34       |
|    explained_variance   | 0.388       |
|    learning_rate        | 0.000113    |
|    loss                 | 0.0783      |
|    n_updates            | 703         |
|    policy_gradient_loss | -0.00211    |
|    std                  | 0.367       |
|    value_loss           | 0.066       |
-----------------------------------------
Early stopping at step 1 due to reaching max kl: 0.04
-----------------------------------------
| rollout/                |             |
|    ep_len_mean          | 864         |
|    ep_rew_mean          | 2.2e+03     |
| time/                   |             |
|    fps                  | 2622        |
|    iterations           | 573         |
|    time_elapsed         | 1789        |
|    total_timesteps      | 4694016     |
| train/                  |             |
|    approx_kl            | 0.017259989 |
|    clip_fraction        | 0.169       |
|    clip_range           | 0.2         |
|    entropy_loss         | -3.33       |
|    explained_variance   | 0.422       |
|    learning_rate        | 0.000113    |
|    loss                 | -0.0287     |
|    n_updates            | 705         |
|    policy_gradient_loss | 0.00237     |
|    std                  | 0.367       |
|    value_loss           | 0.0378      |
-----------------------------------------
Early stopping at step 1 due to reaching max kl: 0.03
-----------------------------------------
| rollout/                |             |
|    ep_len_mean          | 833         |
|    ep_rew_mean          | 2.12e+03    |
| time/                   |             |
|    fps                  | 2622        |
|    iterations           | 574         |
|    time_elapsed         | 1792        |
|    total_timesteps      | 4702208     |
| train/                  |             |
|    approx_kl            | 0.018700285 |
|    clip_fraction        | 0.168       |
|    clip_range           | 0.2         |
|    entropy_loss         | -3.32       |
|    explained_variance   | 0.246       |
|    learning_rate        | 0.000112    |
|    loss                 | 0.00168     |
|    n_updates            | 707         |
|    policy_gradient_loss | 0.00497     |
|    std                  | 0.366       |
|    value_loss           | 0.0467      |
-----------------------------------------
Early stopping at step 1 due to reaching max kl: 0.03
-----------------------------------------
| rollout/                |             |
|    ep_len_mean          | 805         |
|    ep_rew_mean          | 2.05e+03    |
| time/                   |             |
|    fps                  | 2622        |
|    iterations           | 575         |
|    time_elapsed         | 1796        |
|    total_timesteps      | 4710400     |
| train/                  |             |
|    approx_kl            | 0.021768227 |
|    clip_fraction        | 0.197       |
|    clip_range           | 0.2         |
|    entropy_loss         | -3.31       |
|    explained_variance   | 0.284       |
|    learning_rate        | 0.000112    |
|    loss                 | -0.035      |
|    n_updates            | 709         |
|    policy_gradient_loss | 0.00564     |
|    std                  | 0.366       |
|    value_loss           | 0.106       |
-----------------------------------------
Early stopping at step 1 due to reaching max kl: 0.03
-----------------------------------------
| rollout/                |             |
|    ep_len_mean          | 811         |
|    ep_rew_mean          | 2.07e+03    |
| time/                   |             |
|    fps                  | 2622        |
|    iterations           | 576         |
|    time_elapsed         | 1799        |
|    total_timesteps      | 4718592     |
| train/                  |             |
|    approx_kl            | 0.020170802 |
|    clip_fraction        | 0.176       |
|    clip_range           | 0.2         |
|    entropy_loss         | -3.31       |
|    explained_variance   | 0.248       |
|    learning_rate        | 0.000112    |
|    loss                 | 0.0431      |
|    n_updates            | 711         |
|    policy_gradient_loss | 0.00348     |
|    std                  | 0.366       |
|    value_loss           | 0.0929      |
-----------------------------------------
Early stopping at step 1 due to reaching max kl: 0.03
[Progress] Training 6/6: 4,719,940/5,000,000 steps (94.4%); 0 full runs remain afterward; rough training ETA 2m.
----------------------------------------
| rollout/                |            |
|    ep_len_mean          | 803        |
|    ep_rew_mean          | 2.04e+03   |
| time/                   |            |
|    fps                  | 2622       |
|    iterations           | 577        |
|    time_elapsed         | 1802       |
|    total_timesteps      | 4726784    |
| train/                  |            |
|    approx_kl            | 0.01846111 |
|    clip_fraction        | 0.182      |
|    clip_range           | 0.2        |
|    entropy_loss         | -3.3       |
|    explained_variance   | 0.445      |
|    learning_rate        | 0.000111   |
|    loss                 | -0.00909   |
|    n_updates            | 713        |
|    policy_gradient_loss | -0.00194   |
|    std                  | 0.365      |
|    value_loss           | 0.00529    |
----------------------------------------
Early stopping at step 1 due to reaching max kl: 0.03
-----------------------------------------
| rollout/                |             |
|    ep_len_mean          | 798         |
|    ep_rew_mean          | 2.04e+03    |
| time/                   |             |
|    fps                  | 2622        |
|    iterations           | 578         |
|    time_elapsed         | 1805        |
|    total_timesteps      | 4734976     |
| train/                  |             |
|    approx_kl            | 0.019437918 |
|    clip_fraction        | 0.21        |
|    clip_range           | 0.2         |
|    entropy_loss         | -3.28       |
|    explained_variance   | 0.283       |
|    learning_rate        | 0.000111    |
|    loss                 | 0.0138      |
|    n_updates            | 715         |
|    policy_gradient_loss | -0.000561   |
|    std                  | 0.364       |
|    value_loss           | 0.038       |
-----------------------------------------
Early stopping at step 0 due to reaching max kl: 0.03
-----------------------------------------
| rollout/                |             |
|    ep_len_mean          | 796         |
|    ep_rew_mean          | 2.04e+03    |
| time/                   |             |
|    fps                  | 2621        |
|    iterations           | 579         |
|    time_elapsed         | 1809        |
|    total_timesteps      | 4743168     |
| train/                  |             |
|    approx_kl            | 0.011727086 |
|    clip_fraction        | 0.159       |
|    clip_range           | 0.2         |
|    entropy_loss         | -3.27       |
|    explained_variance   | 0.254       |
|    learning_rate        | 0.000111    |
|    loss                 | 0.0373      |
|    n_updates            | 716         |
|    policy_gradient_loss | 0.00146     |
|    std                  | 0.364       |
|    value_loss           | 0.0676      |
-----------------------------------------
Early stopping at step 1 due to reaching max kl: 0.03
-----------------------------------------
| rollout/                |             |
|    ep_len_mean          | 792         |
|    ep_rew_mean          | 2.03e+03    |
| time/                   |             |
|    fps                  | 2621        |
|    iterations           | 580         |
|    time_elapsed         | 1812        |
|    total_timesteps      | 4751360     |
| train/                  |             |
|    approx_kl            | 0.017414091 |
|    clip_fraction        | 0.177       |
|    clip_range           | 0.2         |
|    entropy_loss         | -3.27       |
|    explained_variance   | 0.305       |
|    learning_rate        | 0.00011     |
|    loss                 | -0.0198     |
|    n_updates            | 718         |
|    policy_gradient_loss | 0.00486     |
|    std                  | 0.364       |
|    value_loss           | 0.0325      |
-----------------------------------------
Early stopping at step 1 due to reaching max kl: 0.03
-----------------------------------------
| rollout/                |             |
|    ep_len_mean          | 813         |
|    ep_rew_mean          | 2.09e+03    |
| time/                   |             |
|    fps                  | 2621        |
|    iterations           | 581         |
|    time_elapsed         | 1815        |
|    total_timesteps      | 4759552     |
| train/                  |             |
|    approx_kl            | 0.019182194 |
|    clip_fraction        | 0.202       |
|    clip_range           | 0.2         |
|    entropy_loss         | -3.25       |
|    explained_variance   | 0.207       |
|    learning_rate        | 0.00011     |
|    loss                 | 0.109       |
|    n_updates            | 720         |
|    policy_gradient_loss | -0.00028    |
|    std                  | 0.363       |
|    value_loss           | 0.0373      |
-----------------------------------------
Early stopping at step 0 due to reaching max kl: 0.03
-----------------------------------------
| rollout/                |             |
|    ep_len_mean          | 801         |
|    ep_rew_mean          | 2.06e+03    |
| time/                   |             |
|    fps                  | 2621        |
|    iterations           | 582         |
|    time_elapsed         | 1818        |
|    total_timesteps      | 4767744     |
| train/                  |             |
|    approx_kl            | 0.011189727 |
|    clip_fraction        | 0.163       |
|    clip_range           | 0.2         |
|    entropy_loss         | -3.24       |
|    explained_variance   | 0.131       |
|    learning_rate        | 0.00011     |
|    loss                 | -0.0173     |
|    n_updates            | 721         |
|    policy_gradient_loss | 0.00285     |
|    std                  | 0.363       |
|    value_loss           | 0.0368      |
-----------------------------------------
Early stopping at step 1 due to reaching max kl: 0.03
-----------------------------------------
| rollout/                |             |
|    ep_len_mean          | 801         |
|    ep_rew_mean          | 2.06e+03    |
| time/                   |             |
|    fps                  | 2621        |
|    iterations           | 583         |
|    time_elapsed         | 1821        |
|    total_timesteps      | 4775936     |
| train/                  |             |
|    approx_kl            | 0.018565712 |
|    clip_fraction        | 0.165       |
|    clip_range           | 0.2         |
|    entropy_loss         | -3.23       |
|    explained_variance   | 0.209       |
|    learning_rate        | 0.000109    |
|    loss                 | 0.0404      |
|    n_updates            | 723         |
|    policy_gradient_loss | 0.00579     |
|    std                  | 0.363       |
|    value_loss           | 0.0534      |
-----------------------------------------
Early stopping at step 1 due to reaching max kl: 0.05
-----------------------------------------
| rollout/                |             |
|    ep_len_mean          | 803         |
|    ep_rew_mean          | 2.06e+03    |
| time/                   |             |
|    fps                  | 2621        |
|    iterations           | 584         |
|    time_elapsed         | 1825        |
|    total_timesteps      | 4784128     |
| train/                  |             |
|    approx_kl            | 0.018837005 |
|    clip_fraction        | 0.181       |
|    clip_range           | 0.2         |
|    entropy_loss         | -3.23       |
|    explained_variance   | 0.318       |
|    learning_rate        | 0.000109    |
|    loss                 | 0.0464      |
|    n_updates            | 725         |
|    policy_gradient_loss | 0.00182     |
|    std                  | 0.362       |
|    value_loss           | 0.0808      |
-----------------------------------------
Early stopping at step 1 due to reaching max kl: 0.03
-----------------------------------------
| rollout/                |             |
|    ep_len_mean          | 810         |
|    ep_rew_mean          | 2.08e+03    |
| time/                   |             |
|    fps                  | 2620        |
|    iterations           | 585         |
|    time_elapsed         | 1828        |
|    total_timesteps      | 4792320     |
| train/                  |             |
|    approx_kl            | 0.021349905 |
|    clip_fraction        | 0.196       |
|    clip_range           | 0.2         |
|    entropy_loss         | -3.22       |
|    explained_variance   | 0.295       |
|    learning_rate        | 0.000109    |
|    loss                 | -0.00378    |
|    n_updates            | 727         |
|    policy_gradient_loss | -0.00177    |
|    std                  | 0.362       |
|    value_loss           | 0.0819      |
-----------------------------------------
Early stopping at step 1 due to reaching max kl: 0.03
-----------------------------------------
| rollout/                |             |
|    ep_len_mean          | 771         |
|    ep_rew_mean          | 1.99e+03    |
| time/                   |             |
|    fps                  | 2620        |
|    iterations           | 586         |
|    time_elapsed         | 1831        |
|    total_timesteps      | 4800512     |
| train/                  |             |
|    approx_kl            | 0.021712635 |
|    clip_fraction        | 0.162       |
|    clip_range           | 0.2         |
|    entropy_loss         | -3.21       |
|    explained_variance   | 0.212       |
|    learning_rate        | 0.000108    |
|    loss                 | -0.000243   |
|    n_updates            | 729         |
|    policy_gradient_loss | 0.00542     |
|    std                  | 0.362       |
|    value_loss           | 0.0556      |
-----------------------------------------
Early stopping at step 1 due to reaching max kl: 0.03
-----------------------------------------
| rollout/                |             |
|    ep_len_mean          | 761         |
|    ep_rew_mean          | 1.97e+03    |
| time/                   |             |
|    fps                  | 2620        |
|    iterations           | 587         |
|    time_elapsed         | 1834        |
|    total_timesteps      | 4808704     |
| train/                  |             |
|    approx_kl            | 0.020255703 |
|    clip_fraction        | 0.179       |
|    clip_range           | 0.2         |
|    entropy_loss         | -3.21       |
|    explained_variance   | 0.306       |
|    learning_rate        | 0.000108    |
|    loss                 | 0.0236      |
|    n_updates            | 731         |
|    policy_gradient_loss | 0.00558     |
|    std                  | 0.361       |
|    value_loss           | 0.105       |
-----------------------------------------
Early stopping at step 1 due to reaching max kl: 0.04
----------------------------------------
| rollout/                |            |
|    ep_len_mean          | 757        |
|    ep_rew_mean          | 1.96e+03   |
| time/                   |            |
|    fps                  | 2620       |
|    iterations           | 588        |
|    time_elapsed         | 1837       |
|    total_timesteps      | 4816896    |
| train/                  |            |
|    approx_kl            | 0.01935049 |
|    clip_fraction        | 0.195      |
|    clip_range           | 0.2        |
|    entropy_loss         | -3.2       |
|    explained_variance   | 0.198      |
|    learning_rate        | 0.000108   |
|    loss                 | -0.00268   |
|    n_updates            | 733        |
|    policy_gradient_loss | 0.00355    |
|    std                  | 0.361      |
|    value_loss           | 0.0743     |
----------------------------------------
Early stopping at step 1 due to reaching max kl: 0.03
----------------------------------------
| rollout/                |            |
|    ep_len_mean          | 756        |
|    ep_rew_mean          | 1.95e+03   |
| time/                   |            |
|    fps                  | 2620       |
|    iterations           | 589        |
|    time_elapsed         | 1841       |
|    total_timesteps      | 4825088    |
| train/                  |            |
|    approx_kl            | 0.02078164 |
|    clip_fraction        | 0.178      |
|    clip_range           | 0.2        |
|    entropy_loss         | -3.2       |
|    explained_variance   | 0.276      |
|    learning_rate        | 0.000107   |
|    loss                 | -0.00437   |
|    n_updates            | 735        |
|    policy_gradient_loss | -0.000387  |
|    std                  | 0.361      |
|    value_loss           | 0.0443     |
----------------------------------------
Early stopping at step 1 due to reaching max kl: 0.04
---------------------------------------
| rollout/                |           |
|    ep_len_mean          | 754       |
|    ep_rew_mean          | 1.96e+03  |
| time/                   |           |
|    fps                  | 2620      |
|    iterations           | 590       |
|    time_elapsed         | 1844      |
|    total_timesteps      | 4833280   |
| train/                  |           |
|    approx_kl            | 0.0195559 |
|    clip_fraction        | 0.177     |
|    clip_range           | 0.2       |
|    entropy_loss         | -3.19     |
|    explained_variance   | 0.302     |
|    learning_rate        | 0.000107  |
|    loss                 | -0.00905  |
|    n_updates            | 737       |
|    policy_gradient_loss | 0.00261   |
|    std                  | 0.361     |
|    value_loss           | 0.042     |
---------------------------------------
Early stopping at step 1 due to reaching max kl: 0.03
-----------------------------------------
| rollout/                |             |
|    ep_len_mean          | 762         |
|    ep_rew_mean          | 1.98e+03    |
| time/                   |             |
|    fps                  | 2620        |
|    iterations           | 591         |
|    time_elapsed         | 1847        |
|    total_timesteps      | 4841472     |
| train/                  |             |
|    approx_kl            | 0.017707052 |
|    clip_fraction        | 0.201       |
|    clip_range           | 0.2         |
|    entropy_loss         | -3.18       |
|    explained_variance   | 0.126       |
|    learning_rate        | 0.000107    |
|    loss                 | 0.00873     |
|    n_updates            | 739         |
|    policy_gradient_loss | -0.000884   |
|    std                  | 0.36        |
|    value_loss           | 0.0175      |
-----------------------------------------
Early stopping at step 3 due to reaching max kl: 0.03
-----------------------------------------
| rollout/                |             |
|    ep_len_mean          | 776         |
|    ep_rew_mean          | 2.02e+03    |
| time/                   |             |
|    fps                  | 2619        |
|    iterations           | 592         |
|    time_elapsed         | 1851        |
|    total_timesteps      | 4849664     |
| train/                  |             |
|    approx_kl            | 0.022418313 |
|    clip_fraction        | 0.243       |
|    clip_range           | 0.2         |
|    entropy_loss         | -3.14       |
|    explained_variance   | 0.238       |
|    learning_rate        | 0.000106    |
|    loss                 | -0.0348     |
|    n_updates            | 743         |
|    policy_gradient_loss | -0.00869    |
|    std                  | 0.358       |
|    value_loss           | 0.0204      |
-----------------------------------------
Early stopping at step 1 due to reaching max kl: 0.03
-----------------------------------------
| rollout/                |             |
|    ep_len_mean          | 797         |
|    ep_rew_mean          | 2.06e+03    |
| time/                   |             |
|    fps                  | 2619        |
|    iterations           | 593         |
|    time_elapsed         | 1854        |
|    total_timesteps      | 4857856     |
| train/                  |             |
|    approx_kl            | 0.020414535 |
|    clip_fraction        | 0.166       |
|    clip_range           | 0.2         |
|    entropy_loss         | -3.12       |
|    explained_variance   | 0.281       |
|    learning_rate        | 0.000106    |
|    loss                 | -0.0373     |
|    n_updates            | 745         |
|    policy_gradient_loss | 0.00302     |
|    std                  | 0.357       |
|    value_loss           | 0.0213      |
-----------------------------------------
Early stopping at step 2 due to reaching max kl: 0.03
-----------------------------------------
| rollout/                |             |
|    ep_len_mean          | 833         |
|    ep_rew_mean          | 2.16e+03    |
| time/                   |             |
|    fps                  | 2618        |
|    iterations           | 594         |
|    time_elapsed         | 1858        |
|    total_timesteps      | 4866048     |
| train/                  |             |
|    approx_kl            | 0.019366665 |
|    clip_fraction        | 0.216       |
|    clip_range           | 0.2         |
|    entropy_loss         | -3.1        |
|    explained_variance   | 0.327       |
|    learning_rate        | 0.000106    |
|    loss                 | -0.0166     |
|    n_updates            | 748         |
|    policy_gradient_loss | -0.00352    |
|    std                  | 0.356       |
|    value_loss           | 0.0191      |
-----------------------------------------
Early stopping at step 2 due to reaching max kl: 0.03
---------------------------------------
| rollout/                |           |
|    ep_len_mean          | 819       |
|    ep_rew_mean          | 2.12e+03  |
| time/                   |           |
|    fps                  | 2617      |
|    iterations           | 595       |
|    time_elapsed         | 1861      |
|    total_timesteps      | 4874240   |
| train/                  |           |
|    approx_kl            | 0.0238535 |
|    clip_fraction        | 0.217     |
|    clip_range           | 0.2       |
|    entropy_loss         | -3.07     |
|    explained_variance   | 0.261     |
|    learning_rate        | 0.000105  |
|    loss                 | -0.00871  |
|    n_updates            | 751       |
|    policy_gradient_loss | -0.00493  |
|    std                  | 0.355     |
|    value_loss           | 0.0308    |
---------------------------------------
Early stopping at step 0 due to reaching max kl: 0.05
-----------------------------------------
| rollout/                |             |
|    ep_len_mean          | 848         |
|    ep_rew_mean          | 2.2e+03     |
| time/                   |             |
|    fps                  | 2617        |
|    iterations           | 596         |
|    time_elapsed         | 1864        |
|    total_timesteps      | 4882432     |
| train/                  |             |
|    approx_kl            | 0.009606841 |
|    clip_fraction        | 0.12        |
|    clip_range           | 0.2         |
|    entropy_loss         | -3.06       |
|    explained_variance   | 0.254       |
|    learning_rate        | 0.000105    |
|    loss                 | -0.00892    |
|    n_updates            | 752         |
|    policy_gradient_loss | 0.00109     |
|    std                  | 0.355       |
|    value_loss           | 0.083       |
-----------------------------------------
Early stopping at step 1 due to reaching max kl: 0.03
-----------------------------------------
| rollout/                |             |
|    ep_len_mean          | 857         |
|    ep_rew_mean          | 2.22e+03    |
| time/                   |             |
|    fps                  | 2617        |
|    iterations           | 597         |
|    time_elapsed         | 1868        |
|    total_timesteps      | 4890624     |
| train/                  |             |
|    approx_kl            | 0.019287327 |
|    clip_fraction        | 0.194       |
|    clip_range           | 0.2         |
|    entropy_loss         | -3.06       |
|    explained_variance   | 0.418       |
|    learning_rate        | 0.000105    |
|    loss                 | 0.0376      |
|    n_updates            | 754         |
|    policy_gradient_loss | -0.000391   |
|    std                  | 0.355       |
|    value_loss           | 0.0337      |
-----------------------------------------
Early stopping at step 1 due to reaching max kl: 0.03
-----------------------------------------
| rollout/                |             |
|    ep_len_mean          | 864         |
|    ep_rew_mean          | 2.24e+03    |
| time/                   |             |
|    fps                  | 2617        |
|    iterations           | 598         |
|    time_elapsed         | 1871        |
|    total_timesteps      | 4898816     |
| train/                  |             |
|    approx_kl            | 0.019107962 |
|    clip_fraction        | 0.213       |
|    clip_range           | 0.2         |
|    entropy_loss         | -3.05       |
|    explained_variance   | 0.123       |
|    learning_rate        | 0.000104    |
|    loss                 | 0.0226      |
|    n_updates            | 756         |
|    policy_gradient_loss | -0.00162    |
|    std                  | 0.354       |
|    value_loss           | 0.0391      |
-----------------------------------------
Early stopping at step 1 due to reaching max kl: 0.03
----------------------------------------
| rollout/                |            |
|    ep_len_mean          | 866        |
|    ep_rew_mean          | 2.25e+03   |
| time/                   |            |
|    fps                  | 2616       |
|    iterations           | 599        |
|    time_elapsed         | 1875       |
|    total_timesteps      | 4907008    |
| train/                  |            |
|    approx_kl            | 0.01851164 |
|    clip_fraction        | 0.192      |
|    clip_range           | 0.2        |
|    entropy_loss         | -3.04      |
|    explained_variance   | 0.254      |
|    learning_rate        | 0.000104   |
|    loss                 | -9.07e-05  |
|    n_updates            | 758        |
|    policy_gradient_loss | -0.000691  |
|    std                  | 0.354      |
|    value_loss           | 0.0312     |
----------------------------------------
Early stopping at step 2 due to reaching max kl: 0.03
-----------------------------------------
| rollout/                |             |
|    ep_len_mean          | 872         |
|    ep_rew_mean          | 2.27e+03    |
| time/                   |             |
|    fps                  | 2616        |
|    iterations           | 600         |
|    time_elapsed         | 1878        |
|    total_timesteps      | 4915200     |
| train/                  |             |
|    approx_kl            | 0.020737967 |
|    clip_fraction        | 0.22        |
|    clip_range           | 0.2         |
|    entropy_loss         | -3.03       |
|    explained_variance   | 0.329       |
|    learning_rate        | 0.000104    |
|    loss                 | -0.0261     |
|    n_updates            | 761         |
|    policy_gradient_loss | -0.00224    |
|    std                  | 0.354       |
|    value_loss           | 0.0302      |
-----------------------------------------
Early stopping at step 1 due to reaching max kl: 0.03
-----------------------------------------
| rollout/                |             |
|    ep_len_mean          | 873         |
|    ep_rew_mean          | 2.27e+03    |
| time/                   |             |
|    fps                  | 2616        |
|    iterations           | 601         |
|    time_elapsed         | 1881        |
|    total_timesteps      | 4923392     |
| train/                  |             |
|    approx_kl            | 0.019343248 |
|    clip_fraction        | 0.175       |
|    clip_range           | 0.2         |
|    entropy_loss         | -3.02       |
|    explained_variance   | 0.125       |
|    learning_rate        | 0.000103    |
|    loss                 | -0.0274     |
|    n_updates            | 763         |
|    policy_gradient_loss | 0.000522    |
|    std                  | 0.353       |
|    value_loss           | 0.0409      |
-----------------------------------------
Early stopping at step 2 due to reaching max kl: 0.03
-----------------------------------------
| rollout/                |             |
|    ep_len_mean          | 860         |
|    ep_rew_mean          | 2.24e+03    |
| time/                   |             |
|    fps                  | 2615        |
|    iterations           | 602         |
|    time_elapsed         | 1885        |
|    total_timesteps      | 4931584     |
| train/                  |             |
|    approx_kl            | 0.020228578 |
|    clip_fraction        | 0.221       |
|    clip_range           | 0.2         |
|    entropy_loss         | -3.01       |
|    explained_variance   | 0.394       |
|    learning_rate        | 0.000103    |
|    loss                 | 0.0154      |
|    n_updates            | 766         |
|    policy_gradient_loss | -0.00441    |
|    std                  | 0.352       |
|    value_loss           | 0.0341      |
-----------------------------------------
Early stopping at step 0 due to reaching max kl: 0.03
-----------------------------------------
| rollout/                |             |
|    ep_len_mean          | 844         |
|    ep_rew_mean          | 2.21e+03    |
| time/                   |             |
|    fps                  | 2615        |
|    iterations           | 603         |
|    time_elapsed         | 1888        |
|    total_timesteps      | 4939776     |
| train/                  |             |
|    approx_kl            | 0.011128896 |
|    clip_fraction        | 0.145       |
|    clip_range           | 0.2         |
|    entropy_loss         | -3          |
|    explained_variance   | 0.213       |
|    learning_rate        | 0.000103    |
|    loss                 | 0.0698      |
|    n_updates            | 767         |
|    policy_gradient_loss | 0.0042      |
|    std                  | 0.352       |
|    value_loss           | 0.0756      |
-----------------------------------------
Early stopping at step 1 due to reaching max kl: 0.03
-----------------------------------------
| rollout/                |             |
|    ep_len_mean          | 839         |
|    ep_rew_mean          | 2.2e+03     |
| time/                   |             |
|    fps                  | 2615        |
|    iterations           | 604         |
|    time_elapsed         | 1891        |
|    total_timesteps      | 4947968     |
| train/                  |             |
|    approx_kl            | 0.020157859 |
|    clip_fraction        | 0.196       |
|    clip_range           | 0.2         |
|    entropy_loss         | -2.99       |
|    explained_variance   | 0.203       |
|    learning_rate        | 0.000102    |
|    loss                 | -0.0171     |
|    n_updates            | 769         |
|    policy_gradient_loss | 0.0017      |
|    std                  | 0.352       |
|    value_loss           | 0.0637      |
-----------------------------------------
Early stopping at step 1 due to reaching max kl: 0.03
-----------------------------------------
| rollout/                |             |
|    ep_len_mean          | 823         |
|    ep_rew_mean          | 2.16e+03    |
| time/                   |             |
|    fps                  | 2615        |
|    iterations           | 605         |
|    time_elapsed         | 1894        |
|    total_timesteps      | 4956160     |
| train/                  |             |
|    approx_kl            | 0.019622076 |
|    clip_fraction        | 0.199       |
|    clip_range           | 0.2         |
|    entropy_loss         | -2.98       |
|    explained_variance   | 0.251       |
|    learning_rate        | 0.000102    |
|    loss                 | 0.0186      |
|    n_updates            | 771         |
|    policy_gradient_loss | -0.00246    |
|    std                  | 0.351       |
|    value_loss           | 0.0235      |
-----------------------------------------
Early stopping at step 1 due to reaching max kl: 0.03
-----------------------------------------
| rollout/                |             |
|    ep_len_mean          | 804         |
|    ep_rew_mean          | 2.12e+03    |
| time/                   |             |
|    fps                  | 2615        |
|    iterations           | 606         |
|    time_elapsed         | 1898        |
|    total_timesteps      | 4964352     |
| train/                  |             |
|    approx_kl            | 0.019579904 |
|    clip_fraction        | 0.182       |
|    clip_range           | 0.2         |
|    entropy_loss         | -2.97       |
|    explained_variance   | 0.254       |
|    learning_rate        | 0.000102    |
|    loss                 | 0.000455    |
|    n_updates            | 773         |
|    policy_gradient_loss | -0.000513   |
|    std                  | 0.351       |
|    value_loss           | 0.0784      |
-----------------------------------------
Early stopping at step 0 due to reaching max kl: 0.03
-----------------------------------------
| rollout/                |             |
|    ep_len_mean          | 812         |
|    ep_rew_mean          | 2.14e+03    |
| time/                   |             |
|    fps                  | 2615        |
|    iterations           | 607         |
|    time_elapsed         | 1901        |
|    total_timesteps      | 4972544     |
| train/                  |             |
|    approx_kl            | 0.012366554 |
|    clip_fraction        | 0.158       |
|    clip_range           | 0.2         |
|    entropy_loss         | -2.96       |
|    explained_variance   | 0.309       |
|    learning_rate        | 0.000101    |
|    loss                 | 0.158       |
|    n_updates            | 774         |
|    policy_gradient_loss | 0.00507     |
|    std                  | 0.351       |
|    value_loss           | 0.102       |
-----------------------------------------
Early stopping at step 0 due to reaching max kl: 0.03
------------------------------------------
| rollout/                |              |
|    ep_len_mean          | 820          |
|    ep_rew_mean          | 2.17e+03     |
| time/                   |              |
|    fps                  | 2615         |
|    iterations           | 608          |
|    time_elapsed         | 1904         |
|    total_timesteps      | 4980736      |
| train/                  |              |
|    approx_kl            | 0.0102222385 |
|    clip_fraction        | 0.138        |
|    clip_range           | 0.2          |
|    entropy_loss         | -2.96        |
|    explained_variance   | 0.097        |
|    learning_rate        | 0.000101     |
|    loss                 | -0.0102      |
|    n_updates            | 775          |
|    policy_gradient_loss | 0.00518      |
|    std                  | 0.35         |
|    value_loss           | 0.0258       |
------------------------------------------
Early stopping at step 2 due to reaching max kl: 0.03
-----------------------------------------
| rollout/                |             |
|    ep_len_mean          | 824         |
|    ep_rew_mean          | 2.18e+03    |
| time/                   |             |
|    fps                  | 2614        |
|    iterations           | 609         |
|    time_elapsed         | 1908        |
|    total_timesteps      | 4988928     |
| train/                  |             |
|    approx_kl            | 0.020894416 |
|    clip_fraction        | 0.225       |
|    clip_range           | 0.2         |
|    entropy_loss         | -2.94       |
|    explained_variance   | 0.34        |
|    learning_rate        | 0.000101    |
|    loss                 | -0.000995   |
|    n_updates            | 778         |
|    policy_gradient_loss | -0.00657    |
|    std                  | 0.349       |
|    value_loss           | 0.0335      |
-----------------------------------------
Early stopping at step 1 due to reaching max kl: 0.04
-----------------------------------------
| rollout/                |             |
|    ep_len_mean          | 827         |
|    ep_rew_mean          | 2.18e+03    |
| time/                   |             |
|    fps                  | 2614        |
|    iterations           | 610         |
|    time_elapsed         | 1911        |
|    total_timesteps      | 4997120     |
| train/                  |             |
|    approx_kl            | 0.017534884 |
|    clip_fraction        | 0.171       |
|    clip_range           | 0.2         |
|    entropy_loss         | -2.92       |
|    explained_variance   | 0.301       |
|    learning_rate        | 0.0001      |
|    loss                 | -0.0173     |
|    n_updates            | 780         |
|    policy_gradient_loss | 0.000603    |
|    std                  | 0.348       |
|    value_loss           | 0.0383      |
-----------------------------------------
Early stopping at step 1 due to reaching max kl: 0.03
-----------------------------------------
| rollout/                |             |
|    ep_len_mean          | 804         |
|    ep_rew_mean          | 2.13e+03    |
| time/                   |             |
|    fps                  | 2614        |
|    iterations           | 611         |
|    time_elapsed         | 1914        |
|    total_timesteps      | 5005312     |
| train/                  |             |
|    approx_kl            | 0.019836709 |
|    clip_fraction        | 0.171       |
|    clip_range           | 0.2         |
|    entropy_loss         | -2.91       |
|    explained_variance   | 0.24        |
|    learning_rate        | 0.0001      |
|    loss                 | 0.0458      |
|    n_updates            | 782         |
|    policy_gradient_loss | 0.00192     |
|    std                  | 0.348       |
|    value_loss           | 0.038       |
-----------------------------------------
Early stopping at step 2 due to reaching max kl: 0.03
-----------------------------------------
| train/                  |             |
|    approx_kl            | 0.020595811 |
|    clip_fraction        | 0.228       |
|    clip_range           | 0.2         |
|    entropy_loss         | -2.89       |
|    explained_variance   | 0.243       |
|    learning_rate        | 9.98e-05    |
|    loss                 | -0.00165    |
|    n_updates            | 785         |
|    policy_gradient_loss | -0.00361    |
|    std                  | 0.347       |
|    value_loss           | 0.0759      |
-----------------------------------------
Finished actual_steps=5005312 elapsed=1915.3s fps=2613
Model: artifacts/final/robust_seed_7/final_model.zip
