Training condition=robust seed=5 requested_steps=5000000 num_envs=4
Using cpu device
Logging to artifacts/final/robust_seed_5/tensorboard/PPO_1
[Progress] Plain-language training summaries will appear about every five minutes.
---------------------------------
| rollout/           |          |
|    ep_len_mean     | 86       |
|    ep_rew_mean     | 98.8     |
| time/              |          |
|    fps             | 2912     |
|    iterations      | 1        |
|    time_elapsed    | 2        |
|    total_timesteps | 8192     |
---------------------------------
Early stopping at step 3 due to reaching max kl: 0.03
-----------------------------------------
| rollout/                |             |
|    ep_len_mean          | 120         |
|    ep_rew_mean          | 142         |
| time/                   |             |
|    fps                  | 2435        |
|    iterations           | 2           |
|    time_elapsed         | 6           |
|    total_timesteps      | 16384       |
| train/                  |             |
|    approx_kl            | 0.018862832 |
|    clip_fraction        | 0.196       |
|    clip_range           | 0.2         |
|    entropy_loss         | -11.3       |
|    explained_variance   | -0.633      |
|    learning_rate        | 0.0003      |
|    loss                 | 0.0572      |
|    n_updates            | 4           |
|    policy_gradient_loss | -0.0102     |
|    std                  | 0.998       |
|    value_loss           | 0.22        |
-----------------------------------------
Early stopping at step 2 due to reaching max kl: 0.04
----------------------------------------
| rollout/                |            |
|    ep_len_mean          | 125        |
|    ep_rew_mean          | 141        |
| time/                   |            |
|    fps                  | 2384       |
|    iterations           | 3          |
|    time_elapsed         | 10         |
|    total_timesteps      | 24576      |
| train/                  |            |
|    approx_kl            | 0.01848619 |
|    clip_fraction        | 0.192      |
|    clip_range           | 0.2        |
|    entropy_loss         | -11.3      |
|    explained_variance   | 0.0177     |
|    learning_rate        | 0.000299   |
|    loss                 | 0.00609    |
|    n_updates            | 7          |
|    policy_gradient_loss | -0.00834   |
|    std                  | 0.996      |
|    value_loss           | 0.0609     |
----------------------------------------
Early stopping at step 2 due to reaching max kl: 0.04
-----------------------------------------
| rollout/                |             |
|    ep_len_mean          | 143         |
|    ep_rew_mean          | 165         |
| time/                   |             |
|    fps                  | 2361        |
|    iterations           | 4           |
|    time_elapsed         | 13          |
|    total_timesteps      | 32768       |
| train/                  |             |
|    approx_kl            | 0.019875547 |
|    clip_fraction        | 0.206       |
|    clip_range           | 0.2         |
|    entropy_loss         | -11.3       |
|    explained_variance   | 0.274       |
|    learning_rate        | 0.000299    |
|    loss                 | -0.035      |
|    n_updates            | 10          |
|    policy_gradient_loss | -0.00877    |
|    std                  | 0.989       |
|    value_loss           | 0.0642      |
-----------------------------------------
Early stopping at step 3 due to reaching max kl: 0.03
----------------------------------------
| rollout/                |            |
|    ep_len_mean          | 143        |
|    ep_rew_mean          | 164        |
| time/                   |            |
|    fps                  | 2322       |
|    iterations           | 5          |
|    time_elapsed         | 17         |
|    total_timesteps      | 40960      |
| train/                  |            |
|    approx_kl            | 0.02447136 |
|    clip_fraction        | 0.22       |
|    clip_range           | 0.2        |
|    entropy_loss         | -11.2      |
|    explained_variance   | 0.513      |
|    learning_rate        | 0.000299   |
|    loss                 | -0.00251   |
|    n_updates            | 14         |
|    policy_gradient_loss | -0.0074    |
|    std                  | 0.983      |
|    value_loss           | 0.0706     |
----------------------------------------
Early stopping at step 0 due to reaching max kl: 0.03
-----------------------------------------
| rollout/                |             |
|    ep_len_mean          | 156         |
|    ep_rew_mean          | 175         |
| time/                   |             |
|    fps                  | 2358        |
|    iterations           | 6           |
|    time_elapsed         | 20          |
|    total_timesteps      | 49152       |
| train/                  |             |
|    approx_kl            | 0.009890228 |
|    clip_fraction        | 0.141       |
|    clip_range           | 0.2         |
|    entropy_loss         | -11.2       |
|    explained_variance   | 0.549       |
|    learning_rate        | 0.000298    |
|    loss                 | 0.076       |
|    n_updates            | 15          |
|    policy_gradient_loss | 0.0042      |
|    std                  | 0.98        |
|    value_loss           | 0.0745      |
-----------------------------------------
Early stopping at step 1 due to reaching max kl: 0.03
----------------------------------------
| rollout/                |            |
|    ep_len_mean          | 152        |
|    ep_rew_mean          | 173        |
| time/                   |            |
|    fps                  | 2354       |
|    iterations           | 7          |
|    time_elapsed         | 24         |
|    total_timesteps      | 57344      |
| train/                  |            |
|    approx_kl            | 0.01790385 |
|    clip_fraction        | 0.189      |
|    clip_range           | 0.2        |
|    entropy_loss         | -11.2      |
|    explained_variance   | 0.552      |
|    learning_rate        | 0.000298   |
|    loss                 | 0.129      |
|    n_updates            | 17         |
|    policy_gradient_loss | -0.00293   |
|    std                  | 0.977      |
|    value_loss           | 0.0956     |
----------------------------------------
Early stopping at step 1 due to reaching max kl: 0.04
----------------------------------------
| rollout/                |            |
|    ep_len_mean          | 146        |
|    ep_rew_mean          | 173        |
| time/                   |            |
|    fps                  | 2364       |
|    iterations           | 8          |
|    time_elapsed         | 27         |
|    total_timesteps      | 65536      |
| train/                  |            |
|    approx_kl            | 0.01991311 |
|    clip_fraction        | 0.186      |
|    clip_range           | 0.2        |
|    entropy_loss         | -11.1      |
|    explained_variance   | 0.551      |
|    learning_rate        | 0.000298   |
|    loss                 | 0.0252     |
|    n_updates            | 19         |
|    policy_gradient_loss | -0.00161   |
|    std                  | 0.973      |
|    value_loss           | 0.0969     |
----------------------------------------
Early stopping at step 1 due to reaching max kl: 0.04
-----------------------------------------
| rollout/                |             |
|    ep_len_mean          | 127         |
|    ep_rew_mean          | 147         |
| time/                   |             |
|    fps                  | 2375        |
|    iterations           | 9           |
|    time_elapsed         | 31          |
|    total_timesteps      | 73728       |
| train/                  |             |
|    approx_kl            | 0.017950395 |
|    clip_fraction        | 0.179       |
|    clip_range           | 0.2         |
|    entropy_loss         | -11.1       |
|    explained_variance   | 0.599       |
|    learning_rate        | 0.000297    |
|    loss                 | 0.0216      |
|    n_updates            | 21          |
|    policy_gradient_loss | 0.00237     |
|    std                  | 0.972       |
|    value_loss           | 0.11        |
-----------------------------------------
Early stopping at step 0 due to reaching max kl: 0.03
----------------------------------------
| rollout/                |            |
|    ep_len_mean          | 178        |
|    ep_rew_mean          | 208        |
| time/                   |            |
|    fps                  | 2398       |
|    iterations           | 10         |
|    time_elapsed         | 34         |
|    total_timesteps      | 81920      |
| train/                  |            |
|    approx_kl            | 0.00881531 |
|    clip_fraction        | 0.121      |
|    clip_range           | 0.2        |
|    entropy_loss         | -11.1      |
|    explained_variance   | 0.64       |
|    learning_rate        | 0.000297   |
|    loss                 | 0.046      |
|    n_updates            | 22         |
|    policy_gradient_loss | 0.00251    |
|    std                  | 0.969      |
|    value_loss           | 0.114      |
----------------------------------------
Early stopping at step 1 due to reaching max kl: 0.03
-----------------------------------------
| rollout/                |             |
|    ep_len_mean          | 138         |
|    ep_rew_mean          | 167         |
| time/                   |             |
|    fps                  | 2412        |
|    iterations           | 11          |
|    time_elapsed         | 37          |
|    total_timesteps      | 90112       |
| train/                  |             |
|    approx_kl            | 0.019599738 |
|    clip_fraction        | 0.163       |
|    clip_range           | 0.2         |
|    entropy_loss         | -11.1       |
|    explained_variance   | 0.684       |
|    learning_rate        | 0.000297    |
|    loss                 | -0.0168     |
|    n_updates            | 24          |
|    policy_gradient_loss | 0.00522     |
|    std                  | 0.966       |
|    value_loss           | 0.0702      |
-----------------------------------------
Early stopping at step 1 due to reaching max kl: 0.03
-----------------------------------------
| rollout/                |             |
|    ep_len_mean          | 116         |
|    ep_rew_mean          | 143         |
| time/                   |             |
|    fps                  | 2422        |
|    iterations           | 12          |
|    time_elapsed         | 40          |
|    total_timesteps      | 98304       |
| train/                  |             |
|    approx_kl            | 0.019251006 |
|    clip_fraction        | 0.193       |
|    clip_range           | 0.2         |
|    entropy_loss         | -11.1       |
|    explained_variance   | 0.532       |
|    learning_rate        | 0.000296    |
|    loss                 | 0.0573      |
|    n_updates            | 26          |
|    policy_gradient_loss | 0.000838    |
|    std                  | 0.963       |
|    value_loss           | 0.181       |
-----------------------------------------
Early stopping at step 1 due to reaching max kl: 0.03
-----------------------------------------
| rollout/                |             |
|    ep_len_mean          | 141         |
|    ep_rew_mean          | 167         |
| time/                   |             |
|    fps                  | 2423        |
|    iterations           | 13          |
|    time_elapsed         | 43          |
|    total_timesteps      | 106496      |
| train/                  |             |
|    approx_kl            | 0.020334648 |
|    clip_fraction        | 0.19        |
|    clip_range           | 0.2         |
|    entropy_loss         | -11         |
|    explained_variance   | 0.704       |
|    learning_rate        | 0.000296    |
|    loss                 | 0.125       |
|    n_updates            | 28          |
|    policy_gradient_loss | 0.000457    |
|    std                  | 0.957       |
|    value_loss           | 0.134       |
-----------------------------------------
Early stopping at step 1 due to reaching max kl: 0.03
-----------------------------------------
| rollout/                |             |
|    ep_len_mean          | 158         |
|    ep_rew_mean          | 183         |
| time/                   |             |
|    fps                  | 2426        |
|    iterations           | 14          |
|    time_elapsed         | 47          |
|    total_timesteps      | 114688      |
| train/                  |             |
|    approx_kl            | 0.020228181 |
|    clip_fraction        | 0.191       |
|    clip_range           | 0.2         |
|    entropy_loss         | -11         |
|    explained_variance   | 0.716       |
|    learning_rate        | 0.000296    |
|    loss                 | 0.0868      |
|    n_updates            | 30          |
|    policy_gradient_loss | 7.5e-05     |
|    std                  | 0.954       |
|    value_loss           | 0.124       |
-----------------------------------------
Early stopping at step 1 due to reaching max kl: 0.03
-----------------------------------------
| rollout/                |             |
|    ep_len_mean          | 183         |
|    ep_rew_mean          | 213         |
| time/                   |             |
|    fps                  | 2428        |
|    iterations           | 15          |
|    time_elapsed         | 50          |
|    total_timesteps      | 122880      |
| train/                  |             |
|    approx_kl            | 0.019357422 |
|    clip_fraction        | 0.185       |
|    clip_range           | 0.2         |
|    entropy_loss         | -11         |
|    explained_variance   | 0.74        |
|    learning_rate        | 0.000295    |
|    loss                 | 0.0332      |
|    n_updates            | 32          |
|    policy_gradient_loss | 0.00115     |
|    std                  | 0.95        |
|    value_loss           | 0.1         |
-----------------------------------------
Early stopping at step 1 due to reaching max kl: 0.03
-----------------------------------------
| rollout/                |             |
|    ep_len_mean          | 194         |
|    ep_rew_mean          | 229         |
| time/                   |             |
|    fps                  | 2430        |
|    iterations           | 16          |
|    time_elapsed         | 53          |
|    total_timesteps      | 131072      |
| train/                  |             |
|    approx_kl            | 0.019552402 |
|    clip_fraction        | 0.193       |
|    clip_range           | 0.2         |
|    entropy_loss         | -10.9       |
|    explained_variance   | 0.735       |
|    learning_rate        | 0.000295    |
|    loss                 | 0.0182      |
|    n_updates            | 34          |
|    policy_gradient_loss | -0.00135    |
|    std                  | 0.947       |
|    value_loss           | 0.102       |
-----------------------------------------
Early stopping at step 0 due to reaching max kl: 0.03
-----------------------------------------
| rollout/                |             |
|    ep_len_mean          | 182         |
|    ep_rew_mean          | 229         |
| time/                   |             |
|    fps                  | 2440        |
|    iterations           | 17          |
|    time_elapsed         | 57          |
|    total_timesteps      | 139264      |
| train/                  |             |
|    approx_kl            | 0.010703403 |
|    clip_fraction        | 0.149       |
|    clip_range           | 0.2         |
|    entropy_loss         | -10.9       |
|    explained_variance   | 0.749       |
|    learning_rate        | 0.000295    |
|    loss                 | 0.0952      |
|    n_updates            | 35          |
|    policy_gradient_loss | 0.00665     |
|    std                  | 0.946       |
|    value_loss           | 0.102       |
-----------------------------------------
Early stopping at step 0 due to reaching max kl: 0.03
-----------------------------------------
| rollout/                |             |
|    ep_len_mean          | 176         |
|    ep_rew_mean          | 224         |
| time/                   |             |
|    fps                  | 2449        |
|    iterations           | 18          |
|    time_elapsed         | 60          |
|    total_timesteps      | 147456      |
| train/                  |             |
|    approx_kl            | 0.011737467 |
|    clip_fraction        | 0.165       |
|    clip_range           | 0.2         |
|    entropy_loss         | -10.9       |
|    explained_variance   | 0.804       |
|    learning_rate        | 0.000294    |
|    loss                 | 0.052       |
|    n_updates            | 36          |
|    policy_gradient_loss | 0.00533     |
|    std                  | 0.944       |
|    value_loss           | 0.105       |
-----------------------------------------
Early stopping at step 1 due to reaching max kl: 0.03
-----------------------------------------
| rollout/                |             |
|    ep_len_mean          | 154         |
|    ep_rew_mean          | 186         |
| time/                   |             |
|    fps                  | 2452        |
|    iterations           | 19          |
|    time_elapsed         | 63          |
|    total_timesteps      | 155648      |
| train/                  |             |
|    approx_kl            | 0.019656995 |
|    clip_fraction        | 0.188       |
|    clip_range           | 0.2         |
|    entropy_loss         | -10.9       |
|    explained_variance   | 0.778       |
|    learning_rate        | 0.000294    |
|    loss                 | 0.0543      |
|    n_updates            | 38          |
|    policy_gradient_loss | 0.00178     |
|    std                  | 0.942       |
|    value_loss           | 0.113       |
-----------------------------------------
Early stopping at step 1 due to reaching max kl: 0.03
-----------------------------------------
| rollout/                |             |
|    ep_len_mean          | 137         |
|    ep_rew_mean          | 166         |
| time/                   |             |
|    fps                  | 2454        |
|    iterations           | 20          |
|    time_elapsed         | 66          |
|    total_timesteps      | 163840      |
| train/                  |             |
|    approx_kl            | 0.020790203 |
|    clip_fraction        | 0.201       |
|    clip_range           | 0.2         |
|    entropy_loss         | -10.9       |
|    explained_variance   | 0.77        |
|    learning_rate        | 0.000294    |
|    loss                 | 0.0815      |
|    n_updates            | 40          |
|    policy_gradient_loss | 0.00161     |
|    std                  | 0.94        |
|    value_loss           | 0.143       |
-----------------------------------------
Early stopping at step 0 due to reaching max kl: 0.04
-----------------------------------------
| rollout/                |             |
|    ep_len_mean          | 180         |
|    ep_rew_mean          | 228         |
| time/                   |             |
|    fps                  | 2461        |
|    iterations           | 21          |
|    time_elapsed         | 69          |
|    total_timesteps      | 172032      |
| train/                  |             |
|    approx_kl            | 0.010600973 |
|    clip_fraction        | 0.145       |
|    clip_range           | 0.2         |
|    entropy_loss         | -10.8       |
|    explained_variance   | 0.78        |
|    learning_rate        | 0.000293    |
|    loss                 | 0.135       |
|    n_updates            | 41          |
|    policy_gradient_loss | 0.00743     |
|    std                  | 0.938       |
|    value_loss           | 0.14        |
-----------------------------------------
Early stopping at step 1 due to reaching max kl: 0.04
---------------------------------------
| rollout/                |           |
|    ep_len_mean          | 174       |
|    ep_rew_mean          | 223       |
| time/                   |           |
|    fps                  | 2466      |
|    iterations           | 22        |
|    time_elapsed         | 73        |
|    total_timesteps      | 180224    |
| train/                  |           |
|    approx_kl            | 0.0425234 |
|    clip_fraction        | 0.184     |
|    clip_range           | 0.2       |
|    entropy_loss         | -10.8     |
|    explained_variance   | 0.81      |
|    learning_rate        | 0.000293  |
|    loss                 | -0.0119   |
|    n_updates            | 43        |
|    policy_gradient_loss | 0.00575   |
|    std                  | 0.937     |
|    value_loss           | 0.091     |
---------------------------------------
Early stopping at step 0 due to reaching max kl: 0.03
-----------------------------------------
| rollout/                |             |
|    ep_len_mean          | 167         |
|    ep_rew_mean          | 206         |
| time/                   |             |
|    fps                  | 2473        |
|    iterations           | 23          |
|    time_elapsed         | 76          |
|    total_timesteps      | 188416      |
| train/                  |             |
|    approx_kl            | 0.010456917 |
|    clip_fraction        | 0.141       |
|    clip_range           | 0.2         |
|    entropy_loss         | -10.8       |
|    explained_variance   | 0.773       |
|    learning_rate        | 0.000293    |
|    loss                 | 0.112       |
|    n_updates            | 44          |
|    policy_gradient_loss | 0.00465     |
|    std                  | 0.935       |
|    value_loss           | 0.146       |
-----------------------------------------
Early stopping at step 1 due to reaching max kl: 0.03
-----------------------------------------
| rollout/                |             |
|    ep_len_mean          | 198         |
|    ep_rew_mean          | 242         |
| time/                   |             |
|    fps                  | 2475        |
|    iterations           | 24          |
|    time_elapsed         | 79          |
|    total_timesteps      | 196608      |
| train/                  |             |
|    approx_kl            | 0.021781955 |
|    clip_fraction        | 0.2         |
|    clip_range           | 0.2         |
|    entropy_loss         | -10.8       |
|    explained_variance   | 0.809       |
|    learning_rate        | 0.000292    |
|    loss                 | 0.00901     |
|    n_updates            | 46          |
|    policy_gradient_loss | 0.000461    |
|    std                  | 0.931       |
|    value_loss           | 0.0989      |
-----------------------------------------
Early stopping at step 0 due to reaching max kl: 0.03
-----------------------------------------
| rollout/                |             |
|    ep_len_mean          | 203         |
|    ep_rew_mean          | 250         |
| time/                   |             |
|    fps                  | 2482        |
|    iterations           | 25          |
|    time_elapsed         | 82          |
|    total_timesteps      | 204800      |
| train/                  |             |
|    approx_kl            | 0.011944744 |
|    clip_fraction        | 0.16        |
|    clip_range           | 0.2         |
|    entropy_loss         | -10.8       |
|    explained_variance   | 0.826       |
|    learning_rate        | 0.000292    |
|    loss                 | 0.0769      |
|    n_updates            | 47          |
|    policy_gradient_loss | 0.00612     |
|    std                  | 0.929       |
|    value_loss           | 0.105       |
-----------------------------------------
Early stopping at step 1 due to reaching max kl: 0.04
-----------------------------------------
| rollout/                |             |
|    ep_len_mean          | 216         |
|    ep_rew_mean          | 267         |
| time/                   |             |
|    fps                  | 2486        |
|    iterations           | 26          |
|    time_elapsed         | 85          |
|    total_timesteps      | 212992      |
| train/                  |             |
|    approx_kl            | 0.025912791 |
|    clip_fraction        | 0.21        |
|    clip_range           | 0.2         |
|    entropy_loss         | -10.8       |
|    explained_variance   | 0.789       |
|    learning_rate        | 0.000292    |
|    loss                 | -0.0193     |
|    n_updates            | 49          |
|    policy_gradient_loss | 0.00482     |
|    std                  | 0.927       |
|    value_loss           | 0.0913      |
-----------------------------------------
Early stopping at step 1 due to reaching max kl: 0.03
-----------------------------------------
| rollout/                |             |
|    ep_len_mean          | 219         |
|    ep_rew_mean          | 269         |
| time/                   |             |
|    fps                  | 2490        |
|    iterations           | 27          |
|    time_elapsed         | 88          |
|    total_timesteps      | 221184      |
| train/                  |             |
|    approx_kl            | 0.022879452 |
|    clip_fraction        | 0.206       |
|    clip_range           | 0.2         |
|    entropy_loss         | -10.7       |
|    explained_variance   | 0.804       |
|    learning_rate        | 0.000291    |
|    loss                 | 0.058       |
|    n_updates            | 51          |
|    policy_gradient_loss | 0.00557     |
|    std                  | 0.924       |
|    value_loss           | 0.105       |
-----------------------------------------
Early stopping at step 0 due to reaching max kl: 0.04
-----------------------------------------
| rollout/                |             |
|    ep_len_mean          | 193         |
|    ep_rew_mean          | 232         |
| time/                   |             |
|    fps                  | 2494        |
|    iterations           | 28          |
|    time_elapsed         | 91          |
|    total_timesteps      | 229376      |
| train/                  |             |
|    approx_kl            | 0.013035026 |
|    clip_fraction        | 0.188       |
|    clip_range           | 0.2         |
|    entropy_loss         | -10.7       |
|    explained_variance   | 0.77        |
|    learning_rate        | 0.000291    |
|    loss                 | 0.0697      |
|    n_updates            | 52          |
|    policy_gradient_loss | 0.0071      |
|    std                  | 0.922       |
|    value_loss           | 0.118       |
-----------------------------------------
Early stopping at step 0 due to reaching max kl: 0.03
-----------------------------------------
| rollout/                |             |
|    ep_len_mean          | 229         |
|    ep_rew_mean          | 278         |
| time/                   |             |
|    fps                  | 2499        |
|    iterations           | 29          |
|    time_elapsed         | 95          |
|    total_timesteps      | 237568      |
| train/                  |             |
|    approx_kl            | 0.012185582 |
|    clip_fraction        | 0.173       |
|    clip_range           | 0.2         |
|    entropy_loss         | -10.7       |
|    explained_variance   | 0.762       |
|    learning_rate        | 0.000291    |
|    loss                 | 0.11        |
|    n_updates            | 53          |
|    policy_gradient_loss | 0.00902     |
|    std                  | 0.92        |
|    value_loss           | 0.104       |
-----------------------------------------
Early stopping at step 0 due to reaching max kl: 0.03
-----------------------------------------
| rollout/                |             |
|    ep_len_mean          | 266         |
|    ep_rew_mean          | 322         |
| time/                   |             |
|    fps                  | 2505        |
|    iterations           | 30          |
|    time_elapsed         | 98          |
|    total_timesteps      | 245760      |
| train/                  |             |
|    approx_kl            | 0.010857656 |
|    clip_fraction        | 0.148       |
|    clip_range           | 0.2         |
|    entropy_loss         | -10.7       |
|    explained_variance   | 0.743       |
|    learning_rate        | 0.00029     |
|    loss                 | 0.0989      |
|    n_updates            | 54          |
|    policy_gradient_loss | 0.00206     |
|    std                  | 0.919       |
|    value_loss           | 0.0733      |
-----------------------------------------
Early stopping at step 1 due to reaching max kl: 0.03
-----------------------------------------
| rollout/                |             |
|    ep_len_mean          | 257         |
|    ep_rew_mean          | 321         |
| time/                   |             |
|    fps                  | 2507        |
|    iterations           | 31          |
|    time_elapsed         | 101         |
|    total_timesteps      | 253952      |
| train/                  |             |
|    approx_kl            | 0.020863889 |
|    clip_fraction        | 0.198       |
|    clip_range           | 0.2         |
|    entropy_loss         | -10.7       |
|    explained_variance   | 0.732       |
|    learning_rate        | 0.00029     |
|    loss                 | 0.00106     |
|    n_updates            | 56          |
|    policy_gradient_loss | 0.00465     |
|    std                  | 0.917       |
|    value_loss           | 0.0784      |
-----------------------------------------
Early stopping at step 1 due to reaching max kl: 0.03
-----------------------------------------
| rollout/                |             |
|    ep_len_mean          | 304         |
|    ep_rew_mean          | 379         |
| time/                   |             |
|    fps                  | 2506        |
|    iterations           | 32          |
|    time_elapsed         | 104         |
|    total_timesteps      | 262144      |
| train/                  |             |
|    approx_kl            | 0.020575998 |
|    clip_fraction        | 0.214       |
|    clip_range           | 0.2         |
|    entropy_loss         | -10.6       |
|    explained_variance   | 0.739       |
|    learning_rate        | 0.00029     |
|    loss                 | 0.0645      |
|    n_updates            | 58          |
|    policy_gradient_loss | 0.00154     |
|    std                  | 0.915       |
|    value_loss           | 0.0936      |
-----------------------------------------
Early stopping at step 0 due to reaching max kl: 0.03
-----------------------------------------
| rollout/                |             |
|    ep_len_mean          | 267         |
|    ep_rew_mean          | 329         |
| time/                   |             |
|    fps                  | 2510        |
|    iterations           | 33          |
|    time_elapsed         | 107         |
|    total_timesteps      | 270336      |
| train/                  |             |
|    approx_kl            | 0.012953747 |
|    clip_fraction        | 0.186       |
|    clip_range           | 0.2         |
|    entropy_loss         | -10.6       |
|    explained_variance   | 0.746       |
|    learning_rate        | 0.00029     |
|    loss                 | 0.0267      |
|    n_updates            | 59          |
|    policy_gradient_loss | 0.00448     |
|    std                  | 0.912       |
|    value_loss           | 0.0649      |
-----------------------------------------
Early stopping at step 0 due to reaching max kl: 0.03
-----------------------------------------
| rollout/                |             |
|    ep_len_mean          | 257         |
|    ep_rew_mean          | 309         |
| time/                   |             |
|    fps                  | 2513        |
|    iterations           | 34          |
|    time_elapsed         | 110         |
|    total_timesteps      | 278528      |
| train/                  |             |
|    approx_kl            | 0.013381831 |
|    clip_fraction        | 0.19        |
|    clip_range           | 0.2         |
|    entropy_loss         | -10.6       |
|    explained_variance   | 0.752       |
|    learning_rate        | 0.000289    |
|    loss                 | 0.00872     |
|    n_updates            | 60          |
|    policy_gradient_loss | 0.00701     |
|    std                  | 0.912       |
|    value_loss           | 0.0838      |
-----------------------------------------
Early stopping at step 0 due to reaching max kl: 0.03
-----------------------------------------
| rollout/                |             |
|    ep_len_mean          | 212         |
|    ep_rew_mean          | 260         |
| time/                   |             |
|    fps                  | 2518        |
|    iterations           | 35          |
|    time_elapsed         | 113         |
|    total_timesteps      | 286720      |
| train/                  |             |
|    approx_kl            | 0.011605178 |
|    clip_fraction        | 0.152       |
|    clip_range           | 0.2         |
|    entropy_loss         | -10.6       |
|    explained_variance   | 0.749       |
|    learning_rate        | 0.000289    |
|    loss                 | 0.0718      |
|    n_updates            | 61          |
|    policy_gradient_loss | 0.00487     |
|    std                  | 0.911       |
|    value_loss           | 0.13        |
-----------------------------------------
Early stopping at step 1 due to reaching max kl: 0.03
----------------------------------------
| rollout/                |            |
|    ep_len_mean          | 205        |
|    ep_rew_mean          | 269        |
| time/                   |            |
|    fps                  | 2519       |
|    iterations           | 36         |
|    time_elapsed         | 117        |
|    total_timesteps      | 294912     |
| train/                  |            |
|    approx_kl            | 0.02045265 |
|    clip_fraction        | 0.216      |
|    clip_range           | 0.2        |
|    entropy_loss         | -10.6      |
|    explained_variance   | 0.778      |
|    learning_rate        | 0.000289   |
|    loss                 | 0.034      |
|    n_updates            | 63         |
|    policy_gradient_loss | 0.00426    |
|    std                  | 0.908      |
|    value_loss           | 0.105      |
----------------------------------------
Early stopping at step 0 due to reaching max kl: 0.03
-----------------------------------------
| rollout/                |             |
|    ep_len_mean          | 196         |
|    ep_rew_mean          | 251         |
| time/                   |             |
|    fps                  | 2520        |
|    iterations           | 37          |
|    time_elapsed         | 120         |
|    total_timesteps      | 303104      |
| train/                  |             |
|    approx_kl            | 0.013322415 |
|    clip_fraction        | 0.183       |
|    clip_range           | 0.2         |
|    entropy_loss         | -10.6       |
|    explained_variance   | 0.798       |
|    learning_rate        | 0.000288    |
|    loss                 | 0.0616      |
|    n_updates            | 64          |
|    policy_gradient_loss | 0.00663     |
|    std                  | 0.906       |
|    value_loss           | 0.117       |
-----------------------------------------
Early stopping at step 1 due to reaching max kl: 0.03
-----------------------------------------
| rollout/                |             |
|    ep_len_mean          | 201         |
|    ep_rew_mean          | 242         |
| time/                   |             |
|    fps                  | 2522        |
|    iterations           | 38          |
|    time_elapsed         | 123         |
|    total_timesteps      | 311296      |
| train/                  |             |
|    approx_kl            | 0.021581814 |
|    clip_fraction        | 0.192       |
|    clip_range           | 0.2         |
|    entropy_loss         | -10.5       |
|    explained_variance   | 0.792       |
|    learning_rate        | 0.000288    |
|    loss                 | 0.00692     |
|    n_updates            | 66          |
|    policy_gradient_loss | 0.00835     |
|    std                  | 0.903       |
|    value_loss           | 0.11        |
-----------------------------------------
Early stopping at step 0 due to reaching max kl: 0.03
-----------------------------------------
| rollout/                |             |
|    ep_len_mean          | 232         |
|    ep_rew_mean          | 287         |
| time/                   |             |
|    fps                  | 2525        |
|    iterations           | 39          |
|    time_elapsed         | 126         |
|    total_timesteps      | 319488      |
| train/                  |             |
|    approx_kl            | 0.012537072 |
|    clip_fraction        | 0.168       |
|    clip_range           | 0.2         |
|    entropy_loss         | -10.5       |
|    explained_variance   | 0.783       |
|    learning_rate        | 0.000288    |
|    loss                 | 0.137       |
|    n_updates            | 67          |
|    policy_gradient_loss | 0.00597     |
|    std                  | 0.9         |
|    value_loss           | 0.108       |
-----------------------------------------
Early stopping at step 0 due to reaching max kl: 0.04
-----------------------------------------
| rollout/                |             |
|    ep_len_mean          | 265         |
|    ep_rew_mean          | 334         |
| time/                   |             |
|    fps                  | 2529        |
|    iterations           | 40          |
|    time_elapsed         | 129         |
|    total_timesteps      | 327680      |
| train/                  |             |
|    approx_kl            | 0.010042816 |
|    clip_fraction        | 0.145       |
|    clip_range           | 0.2         |
|    entropy_loss         | -10.5       |
|    explained_variance   | 0.769       |
|    learning_rate        | 0.000287    |
|    loss                 | 0.0302      |
|    n_updates            | 68          |
|    policy_gradient_loss | 0.00737     |
|    std                  | 0.899       |
|    value_loss           | 0.0668      |
-----------------------------------------
Early stopping at step 0 due to reaching max kl: 0.04
-----------------------------------------
| rollout/                |             |
|    ep_len_mean          | 279         |
|    ep_rew_mean          | 355         |
| time/                   |             |
|    fps                  | 2530        |
|    iterations           | 41          |
|    time_elapsed         | 132         |
|    total_timesteps      | 335872      |
| train/                  |             |
|    approx_kl            | 0.013522294 |
|    clip_fraction        | 0.193       |
|    clip_range           | 0.2         |
|    entropy_loss         | -10.5       |
|    explained_variance   | 0.797       |
|    learning_rate        | 0.000287    |
|    loss                 | 0.0765      |
|    n_updates            | 69          |
|    policy_gradient_loss | 0.00834     |
|    std                  | 0.897       |
|    value_loss           | 0.0809      |
-----------------------------------------
Early stopping at step 0 due to reaching max kl: 0.03
-----------------------------------------
| rollout/                |             |
|    ep_len_mean          | 259         |
|    ep_rew_mean          | 328         |
| time/                   |             |
|    fps                  | 2534        |
|    iterations           | 42          |
|    time_elapsed         | 135         |
|    total_timesteps      | 344064      |
| train/                  |             |
|    approx_kl            | 0.012055282 |
|    clip_fraction        | 0.157       |
|    clip_range           | 0.2         |
|    entropy_loss         | -10.5       |
|    explained_variance   | 0.796       |
|    learning_rate        | 0.000287    |
|    loss                 | 0.0514      |
|    n_updates            | 70          |
|    policy_gradient_loss | 0.00751     |
|    std                  | 0.895       |
|    value_loss           | 0.0999      |
-----------------------------------------
Early stopping at step 0 due to reaching max kl: 0.03
-----------------------------------------
| rollout/                |             |
|    ep_len_mean          | 291         |
|    ep_rew_mean          | 376         |
| time/                   |             |
|    fps                  | 2534        |
|    iterations           | 43          |
|    time_elapsed         | 138         |
|    total_timesteps      | 352256      |
| train/                  |             |
|    approx_kl            | 0.013014358 |
|    clip_fraction        | 0.181       |
|    clip_range           | 0.2         |
|    entropy_loss         | -10.4       |
|    explained_variance   | 0.81        |
|    learning_rate        | 0.000286    |
|    loss                 | 0.119       |
|    n_updates            | 71          |
|    policy_gradient_loss | 0.0105      |
|    std                  | 0.892       |
|    value_loss           | 0.0838      |
-----------------------------------------
Early stopping at step 0 due to reaching max kl: 0.03
----------------------------------------
| rollout/                |            |
|    ep_len_mean          | 263        |
|    ep_rew_mean          | 335        |
| time/                   |            |
|    fps                  | 2537       |
|    iterations           | 44         |
|    time_elapsed         | 142        |
|    total_timesteps      | 360448     |
| train/                  |            |
|    approx_kl            | 0.01468462 |
|    clip_fraction        | 0.199      |
|    clip_range           | 0.2        |
|    entropy_loss         | -10.4      |
|    explained_variance   | 0.773      |
|    learning_rate        | 0.000286   |
|    loss                 | 0.0988     |
|    n_updates            | 72         |
|    policy_gradient_loss | 0.00746    |
|    std                  | 0.89       |
|    value_loss           | 0.0741     |
----------------------------------------
Early stopping at step 0 due to reaching max kl: 0.03
-----------------------------------------
| rollout/                |             |
|    ep_len_mean          | 257         |
|    ep_rew_mean          | 336         |
| time/                   |             |
|    fps                  | 2539        |
|    iterations           | 45          |
|    time_elapsed         | 145         |
|    total_timesteps      | 368640      |
| train/                  |             |
|    approx_kl            | 0.012985636 |
|    clip_fraction        | 0.181       |
|    clip_range           | 0.2         |
|    entropy_loss         | -10.4       |
|    explained_variance   | 0.756       |
|    learning_rate        | 0.000286    |
|    loss                 | 0.105       |
|    n_updates            | 73          |
|    policy_gradient_loss | 0.00742     |
|    std                  | 0.889       |
|    value_loss           | 0.134       |
-----------------------------------------
Early stopping at step 0 due to reaching max kl: 0.03
------------------------------------------
| rollout/                |              |
|    ep_len_mean          | 256          |
|    ep_rew_mean          | 332          |
| time/                   |              |
|    fps                  | 2542         |
|    iterations           | 46           |
|    time_elapsed         | 148          |
|    total_timesteps      | 376832       |
| train/                  |              |
|    approx_kl            | 0.0113579435 |
|    clip_fraction        | 0.155        |
|    clip_range           | 0.2          |
|    entropy_loss         | -10.4        |
|    explained_variance   | 0.784        |
|    learning_rate        | 0.000285     |
|    loss                 | 0.047        |
|    n_updates            | 74           |
|    policy_gradient_loss | 0.00793      |
|    std                  | 0.887        |
|    value_loss           | 0.0956       |
------------------------------------------
Early stopping at step 0 due to reaching max kl: 0.03
-----------------------------------------
| rollout/                |             |
|    ep_len_mean          | 260         |
|    ep_rew_mean          | 336         |
| time/                   |             |
|    fps                  | 2545        |
|    iterations           | 47          |
|    time_elapsed         | 151         |
|    total_timesteps      | 385024      |
| train/                  |             |
|    approx_kl            | 0.010711933 |
|    clip_fraction        | 0.147       |
|    clip_range           | 0.2         |
|    entropy_loss         | -10.4       |
|    explained_variance   | 0.762       |
|    learning_rate        | 0.000285    |
|    loss                 | 0.0334      |
|    n_updates            | 75          |
|    policy_gradient_loss | 0.00301     |
|    std                  | 0.885       |
|    value_loss           | 0.0883      |
-----------------------------------------
Early stopping at step 0 due to reaching max kl: 0.03
-----------------------------------------
| rollout/                |             |
|    ep_len_mean          | 284         |
|    ep_rew_mean          | 362         |
| time/                   |             |
|    fps                  | 2547        |
|    iterations           | 48          |
|    time_elapsed         | 154         |
|    total_timesteps      | 393216      |
| train/                  |             |
|    approx_kl            | 0.011265912 |
|    clip_fraction        | 0.16        |
|    clip_range           | 0.2         |
|    entropy_loss         | -10.4       |
|    explained_variance   | 0.751       |
|    learning_rate        | 0.000285    |
|    loss                 | 0.13        |
|    n_updates            | 76          |
|    policy_gradient_loss | 0.00755     |
|    std                  | 0.884       |
|    value_loss           | 0.128       |
-----------------------------------------
Early stopping at step 0 due to reaching max kl: 0.03
----------------------------------------
| rollout/                |            |
|    ep_len_mean          | 273        |
|    ep_rew_mean          | 350        |
| time/                   |            |
|    fps                  | 2549       |
|    iterations           | 49         |
|    time_elapsed         | 157        |
|    total_timesteps      | 401408     |
| train/                  |            |
|    approx_kl            | 0.01362139 |
|    clip_fraction        | 0.189      |
|    clip_range           | 0.2        |
|    entropy_loss         | -10.3      |
|    explained_variance   | 0.697      |
|    learning_rate        | 0.000284   |
|    loss                 | 0.109      |
|    n_updates            | 77         |
|    policy_gradient_loss | 0.0057     |
|    std                  | 0.881      |
|    value_loss           | 0.0894     |
----------------------------------------
Early stopping at step 0 due to reaching max kl: 0.03
-----------------------------------------
| rollout/                |             |
|    ep_len_mean          | 253         |
|    ep_rew_mean          | 329         |
| time/                   |             |
|    fps                  | 2551        |
|    iterations           | 50          |
|    time_elapsed         | 160         |
|    total_timesteps      | 409600      |
| train/                  |             |
|    approx_kl            | 0.012543332 |
|    clip_fraction        | 0.176       |
|    clip_range           | 0.2         |
|    entropy_loss         | -10.3       |
|    explained_variance   | 0.761       |
|    learning_rate        | 0.000284    |
|    loss                 | 0.109       |
|    n_updates            | 78          |
|    policy_gradient_loss | 0.00645     |
|    std                  | 0.88        |
|    value_loss           | 0.118       |
-----------------------------------------
Early stopping at step 0 due to reaching max kl: 0.04
-----------------------------------------
| rollout/                |             |
|    ep_len_mean          | 238         |
|    ep_rew_mean          | 314         |
| time/                   |             |
|    fps                  | 2552        |
|    iterations           | 51          |
|    time_elapsed         | 163         |
|    total_timesteps      | 417792      |
| train/                  |             |
|    approx_kl            | 0.012744169 |
|    clip_fraction        | 0.171       |
|    clip_range           | 0.2         |
|    entropy_loss         | -10.3       |
|    explained_variance   | 0.768       |
|    learning_rate        | 0.000284    |
|    loss                 | 0.139       |
|    n_updates            | 79          |
|    policy_gradient_loss | 0.00769     |
|    std                  | 0.878       |
|    value_loss           | 0.133       |
-----------------------------------------
Early stopping at step 0 due to reaching max kl: 0.03
-----------------------------------------
| rollout/                |             |
|    ep_len_mean          | 260         |
|    ep_rew_mean          | 343         |
| time/                   |             |
|    fps                  | 2553        |
|    iterations           | 52          |
|    time_elapsed         | 166         |
|    total_timesteps      | 425984      |
| train/                  |             |
|    approx_kl            | 0.013769405 |
|    clip_fraction        | 0.19        |
|    clip_range           | 0.2         |
|    entropy_loss         | -10.3       |
|    explained_variance   | 0.756       |
|    learning_rate        | 0.000283    |
|    loss                 | 0.0698      |
|    n_updates            | 80          |
|    policy_gradient_loss | 0.00778     |
|    std                  | 0.875       |
|    value_loss           | 0.0928      |
-----------------------------------------
Early stopping at step 1 due to reaching max kl: 0.04
-----------------------------------------
| rollout/                |             |
|    ep_len_mean          | 289         |
|    ep_rew_mean          | 366         |
| time/                   |             |
|    fps                  | 2553        |
|    iterations           | 53          |
|    time_elapsed         | 170         |
|    total_timesteps      | 434176      |
| train/                  |             |
|    approx_kl            | 0.024153866 |
|    clip_fraction        | 0.207       |
|    clip_range           | 0.2         |
|    entropy_loss         | -10.3       |
|    explained_variance   | 0.744       |
|    learning_rate        | 0.000283    |
|    loss                 | 0.0137      |
|    n_updates            | 82          |
|    policy_gradient_loss | 0.00612     |
|    std                  | 0.873       |
|    value_loss           | 0.0937      |
-----------------------------------------
Early stopping at step 0 due to reaching max kl: 0.03
----------------------------------------
| rollout/                |            |
|    ep_len_mean          | 299        |
|    ep_rew_mean          | 382        |
| time/                   |            |
|    fps                  | 2554       |
|    iterations           | 54         |
|    time_elapsed         | 173        |
|    total_timesteps      | 442368     |
| train/                  |            |
|    approx_kl            | 0.01214033 |
|    clip_fraction        | 0.175      |
|    clip_range           | 0.2        |
|    entropy_loss         | -10.3      |
|    explained_variance   | 0.802      |
|    learning_rate        | 0.000283   |
|    loss                 | 0.0232     |
|    n_updates            | 83         |
|    policy_gradient_loss | 0.00834    |
|    std                  | 0.871      |
|    value_loss           | 0.0569     |
----------------------------------------
Early stopping at step 0 due to reaching max kl: 0.03
-----------------------------------------
| rollout/                |             |
|    ep_len_mean          | 285         |
|    ep_rew_mean          | 362         |
| time/                   |             |
|    fps                  | 2556        |
|    iterations           | 55          |
|    time_elapsed         | 176         |
|    total_timesteps      | 450560      |
| train/                  |             |
|    approx_kl            | 0.011293576 |
|    clip_fraction        | 0.163       |
|    clip_range           | 0.2         |
|    entropy_loss         | -10.2       |
|    explained_variance   | 0.816       |
|    learning_rate        | 0.000282    |
|    loss                 | 0.146       |
|    n_updates            | 84          |
|    policy_gradient_loss | 0.00227     |
|    std                  | 0.871       |
|    value_loss           | 0.0846      |
-----------------------------------------
Early stopping at step 0 due to reaching max kl: 0.03
-----------------------------------------
| rollout/                |             |
|    ep_len_mean          | 248         |
|    ep_rew_mean          | 328         |
| time/                   |             |
|    fps                  | 2557        |
|    iterations           | 56          |
|    time_elapsed         | 179         |
|    total_timesteps      | 458752      |
| train/                  |             |
|    approx_kl            | 0.013898135 |
|    clip_fraction        | 0.195       |
|    clip_range           | 0.2         |
|    entropy_loss         | -10.2       |
|    explained_variance   | 0.746       |
|    learning_rate        | 0.000282    |
|    loss                 | 0.0739      |
|    n_updates            | 85          |
|    policy_gradient_loss | 0.0061      |
|    std                  | 0.868       |
|    value_loss           | 0.121       |
-----------------------------------------
Early stopping at step 0 due to reaching max kl: 0.03
----------------------------------------
| rollout/                |            |
|    ep_len_mean          | 207        |
|    ep_rew_mean          | 279        |
| time/                   |            |
|    fps                  | 2560       |
|    iterations           | 57         |
|    time_elapsed         | 182        |
|    total_timesteps      | 466944     |
| train/                  |            |
|    approx_kl            | 0.01239655 |
|    clip_fraction        | 0.174      |
|    clip_range           | 0.2        |
|    entropy_loss         | -10.2      |
|    explained_variance   | 0.761      |
|    learning_rate        | 0.000282   |
|    loss                 | 0.0858     |
|    n_updates            | 86         |
|    policy_gradient_loss | 0.00242    |
|    std                  | 0.867      |
|    value_loss           | 0.115      |
----------------------------------------
Early stopping at step 0 due to reaching max kl: 0.03
-----------------------------------------
| rollout/                |             |
|    ep_len_mean          | 193         |
|    ep_rew_mean          | 257         |
| time/                   |             |
|    fps                  | 2561        |
|    iterations           | 58          |
|    time_elapsed         | 185         |
|    total_timesteps      | 475136      |
| train/                  |             |
|    approx_kl            | 0.013086275 |
|    clip_fraction        | 0.174       |
|    clip_range           | 0.2         |
|    entropy_loss         | -10.2       |
|    explained_variance   | 0.743       |
|    learning_rate        | 0.000281    |
|    loss                 | 0.0873      |
|    n_updates            | 87          |
|    policy_gradient_loss | 0.00427     |
|    std                  | 0.866       |
|    value_loss           | 0.153       |
-----------------------------------------
Early stopping at step 1 due to reaching max kl: 0.03
-----------------------------------------
| rollout/                |             |
|    ep_len_mean          | 218         |
|    ep_rew_mean          | 293         |
| time/                   |             |
|    fps                  | 2561        |
|    iterations           | 59          |
|    time_elapsed         | 188         |
|    total_timesteps      | 483328      |
| train/                  |             |
|    approx_kl            | 0.019876618 |
|    clip_fraction        | 0.206       |
|    clip_range           | 0.2         |
|    entropy_loss         | -10.2       |
|    explained_variance   | 0.78        |
|    learning_rate        | 0.000281    |
|    loss                 | 0.0391      |
|    n_updates            | 89          |
|    policy_gradient_loss | 0.00554     |
|    std                  | 0.863       |
|    value_loss           | 0.134       |
-----------------------------------------
Early stopping at step 0 due to reaching max kl: 0.03
-----------------------------------------
| rollout/                |             |
|    ep_len_mean          | 265         |
|    ep_rew_mean          | 348         |
| time/                   |             |
|    fps                  | 2562        |
|    iterations           | 60          |
|    time_elapsed         | 191         |
|    total_timesteps      | 491520      |
| train/                  |             |
|    approx_kl            | 0.014223319 |
|    clip_fraction        | 0.204       |
|    clip_range           | 0.2         |
|    entropy_loss         | -10.2       |
|    explained_variance   | 0.786       |
|    learning_rate        | 0.000281    |
|    loss                 | 0.0776      |
|    n_updates            | 90          |
|    policy_gradient_loss | 0.00772     |
|    std                  | 0.862       |
|    value_loss           | 0.0812      |
-----------------------------------------
Early stopping at step 0 due to reaching max kl: 0.03
-----------------------------------------
| rollout/                |             |
|    ep_len_mean          | 288         |
|    ep_rew_mean          | 366         |
| time/                   |             |
|    fps                  | 2563        |
|    iterations           | 61          |
|    time_elapsed         | 194         |
|    total_timesteps      | 499712      |
| train/                  |             |
|    approx_kl            | 0.013764265 |
|    clip_fraction        | 0.195       |
|    clip_range           | 0.2         |
|    entropy_loss         | -10.2       |
|    explained_variance   | 0.792       |
|    learning_rate        | 0.00028     |
|    loss                 | 0.0663      |
|    n_updates            | 91          |
|    policy_gradient_loss | 0.00892     |
|    std                  | 0.86        |
|    value_loss           | 0.0883      |
-----------------------------------------
Early stopping at step 0 due to reaching max kl: 0.03
-----------------------------------------
| rollout/                |             |
|    ep_len_mean          | 331         |
|    ep_rew_mean          | 420         |
| time/                   |             |
|    fps                  | 2565        |
|    iterations           | 62          |
|    time_elapsed         | 198         |
|    total_timesteps      | 507904      |
| train/                  |             |
|    approx_kl            | 0.010692246 |
|    clip_fraction        | 0.15        |
|    clip_range           | 0.2         |
|    entropy_loss         | -10.1       |
|    explained_variance   | 0.746       |
|    learning_rate        | 0.00028     |
|    loss                 | 0.214       |
|    n_updates            | 92          |
|    policy_gradient_loss | 0.0108      |
|    std                  | 0.858       |
|    value_loss           | 0.0884      |
-----------------------------------------
Early stopping at step 1 due to reaching max kl: 0.04
-----------------------------------------
| rollout/                |             |
|    ep_len_mean          | 354         |
|    ep_rew_mean          | 454         |
| time/                   |             |
|    fps                  | 2564        |
|    iterations           | 63          |
|    time_elapsed         | 201         |
|    total_timesteps      | 516096      |
| train/                  |             |
|    approx_kl            | 0.024296591 |
|    clip_fraction        | 0.232       |
|    clip_range           | 0.2         |
|    entropy_loss         | -10.1       |
|    explained_variance   | 0.703       |
|    learning_rate        | 0.00028     |
|    loss                 | 0.0671      |
|    n_updates            | 94          |
|    policy_gradient_loss | 0.00603     |
|    std                  | 0.855       |
|    value_loss           | 0.0704      |
-----------------------------------------
Early stopping at step 0 due to reaching max kl: 0.03
------------------------------------------
| rollout/                |              |
|    ep_len_mean          | 365          |
|    ep_rew_mean          | 464          |
| time/                   |              |
|    fps                  | 2567         |
|    iterations           | 64           |
|    time_elapsed         | 204          |
|    total_timesteps      | 524288       |
| train/                  |              |
|    approx_kl            | 0.0089297965 |
|    clip_fraction        | 0.12         |
|    clip_range           | 0.2          |
|    entropy_loss         | -10.1        |
|    explained_variance   | 0.722        |
|    learning_rate        | 0.000279     |
|    loss                 | 0.0561       |
|    n_updates            | 95           |
|    policy_gradient_loss | 0.000583     |
|    std                  | 0.854        |
|    value_loss           | 0.0765       |
------------------------------------------
Early stopping at step 0 due to reaching max kl: 0.03
-----------------------------------------
| rollout/                |             |
|    ep_len_mean          | 329         |
|    ep_rew_mean          | 414         |
| time/                   |             |
|    fps                  | 2568        |
|    iterations           | 65          |
|    time_elapsed         | 207         |
|    total_timesteps      | 532480      |
| train/                  |             |
|    approx_kl            | 0.012263355 |
|    clip_fraction        | 0.167       |
|    clip_range           | 0.2         |
|    entropy_loss         | -10.1       |
|    explained_variance   | 0.684       |
|    learning_rate        | 0.000279    |
|    loss                 | 0.0661      |
|    n_updates            | 96          |
|    policy_gradient_loss | 0.000261    |
|    std                  | 0.853       |
|    value_loss           | 0.0755      |
-----------------------------------------
Early stopping at step 0 due to reaching max kl: 0.03
-----------------------------------------
| rollout/                |             |
|    ep_len_mean          | 300         |
|    ep_rew_mean          | 377         |
| time/                   |             |
|    fps                  | 2570        |
|    iterations           | 66          |
|    time_elapsed         | 210         |
|    total_timesteps      | 540672      |
| train/                  |             |
|    approx_kl            | 0.010819822 |
|    clip_fraction        | 0.149       |
|    clip_range           | 0.2         |
|    entropy_loss         | -10.1       |
|    explained_variance   | 0.64        |
|    learning_rate        | 0.000279    |
|    loss                 | 0.197       |
|    n_updates            | 97          |
|    policy_gradient_loss | 0.00697     |
|    std                  | 0.852       |
|    value_loss           | 0.104       |
-----------------------------------------
Early stopping at step 0 due to reaching max kl: 0.03
-----------------------------------------
| rollout/                |             |
|    ep_len_mean          | 236         |
|    ep_rew_mean          | 299         |
| time/                   |             |
|    fps                  | 2571        |
|    iterations           | 67          |
|    time_elapsed         | 213         |
|    total_timesteps      | 548864      |
| train/                  |             |
|    approx_kl            | 0.016305726 |
|    clip_fraction        | 0.223       |
|    clip_range           | 0.2         |
|    entropy_loss         | -10.1       |
|    explained_variance   | 0.72        |
|    learning_rate        | 0.000278    |
|    loss                 | 0.0511      |
|    n_updates            | 98          |
|    policy_gradient_loss | 0.00976     |
|    std                  | 0.851       |
|    value_loss           | 0.11        |
-----------------------------------------
Early stopping at step 0 due to reaching max kl: 0.04
-----------------------------------------
| rollout/                |             |
|    ep_len_mean          | 215         |
|    ep_rew_mean          | 277         |
| time/                   |             |
|    fps                  | 2572        |
|    iterations           | 68          |
|    time_elapsed         | 216         |
|    total_timesteps      | 557056      |
| train/                  |             |
|    approx_kl            | 0.013215447 |
|    clip_fraction        | 0.182       |
|    clip_range           | 0.2         |
|    entropy_loss         | -10         |
|    explained_variance   | 0.72        |
|    learning_rate        | 0.000278    |
|    loss                 | 0.147       |
|    n_updates            | 99          |
|    policy_gradient_loss | 0.00543     |
|    std                  | 0.85        |
|    value_loss           | 0.153       |
-----------------------------------------
Early stopping at step 0 due to reaching max kl: 0.03
-----------------------------------------
| rollout/                |             |
|    ep_len_mean          | 226         |
|    ep_rew_mean          | 291         |
| time/                   |             |
|    fps                  | 2573        |
|    iterations           | 69          |
|    time_elapsed         | 219         |
|    total_timesteps      | 565248      |
| train/                  |             |
|    approx_kl            | 0.013394317 |
|    clip_fraction        | 0.186       |
|    clip_range           | 0.2         |
|    entropy_loss         | -10         |
|    explained_variance   | 0.795       |
|    learning_rate        | 0.000278    |
|    loss                 | 0.0952      |
|    n_updates            | 100         |
|    policy_gradient_loss | 0.00919     |
|    std                  | 0.847       |
|    value_loss           | 0.0806      |
-----------------------------------------
Early stopping at step 0 due to reaching max kl: 0.03
-----------------------------------------
| rollout/                |             |
|    ep_len_mean          | 259         |
|    ep_rew_mean          | 336         |
| time/                   |             |
|    fps                  | 2574        |
|    iterations           | 70          |
|    time_elapsed         | 222         |
|    total_timesteps      | 573440      |
| train/                  |             |
|    approx_kl            | 0.013553966 |
|    clip_fraction        | 0.192       |
|    clip_range           | 0.2         |
|    entropy_loss         | -10         |
|    explained_variance   | 0.779       |
|    learning_rate        | 0.000277    |
|    loss                 | 0.101       |
|    n_updates            | 101         |
|    policy_gradient_loss | 0.00954     |
|    std                  | 0.846       |
|    value_loss           | 0.106       |
-----------------------------------------
Early stopping at step 0 due to reaching max kl: 0.04
-----------------------------------------
| rollout/                |             |
|    ep_len_mean          | 301         |
|    ep_rew_mean          | 389         |
| time/                   |             |
|    fps                  | 2576        |
|    iterations           | 71          |
|    time_elapsed         | 225         |
|    total_timesteps      | 581632      |
| train/                  |             |
|    approx_kl            | 0.012693258 |
|    clip_fraction        | 0.177       |
|    clip_range           | 0.2         |
|    entropy_loss         | -10         |
|    explained_variance   | 0.769       |
|    learning_rate        | 0.000277    |
|    loss                 | 0.109       |
|    n_updates            | 102         |
|    policy_gradient_loss | 0.00652     |
|    std                  | 0.845       |
|    value_loss           | 0.0826      |
-----------------------------------------
Early stopping at step 0 due to reaching max kl: 0.03
-----------------------------------------
| rollout/                |             |
|    ep_len_mean          | 330         |
|    ep_rew_mean          | 427         |
| time/                   |             |
|    fps                  | 2577        |
|    iterations           | 72          |
|    time_elapsed         | 228         |
|    total_timesteps      | 589824      |
| train/                  |             |
|    approx_kl            | 0.014478589 |
|    clip_fraction        | 0.196       |
|    clip_range           | 0.2         |
|    entropy_loss         | -10         |
|    explained_variance   | 0.755       |
|    learning_rate        | 0.000277    |
|    loss                 | 0.023       |
|    n_updates            | 103         |
|    policy_gradient_loss | 0.00701     |
|    std                  | 0.844       |
|    value_loss           | 0.0777      |
-----------------------------------------
Early stopping at step 0 due to reaching max kl: 0.03
-----------------------------------------
| rollout/                |             |
|    ep_len_mean          | 348         |
|    ep_rew_mean          | 456         |
| time/                   |             |
|    fps                  | 2578        |
|    iterations           | 73          |
|    time_elapsed         | 231         |
|    total_timesteps      | 598016      |
| train/                  |             |
|    approx_kl            | 0.013098838 |
|    clip_fraction        | 0.177       |
|    clip_range           | 0.2         |
|    entropy_loss         | -9.98       |
|    explained_variance   | 0.746       |
|    learning_rate        | 0.000276    |
|    loss                 | 0.102       |
|    n_updates            | 104         |
|    policy_gradient_loss | 0.0115      |
|    std                  | 0.842       |
|    value_loss           | 0.0582      |
-----------------------------------------
Early stopping at step 0 due to reaching max kl: 0.03
-----------------------------------------
| rollout/                |             |
|    ep_len_mean          | 314         |
|    ep_rew_mean          | 414         |
| time/                   |             |
|    fps                  | 2580        |
|    iterations           | 74          |
|    time_elapsed         | 234         |
|    total_timesteps      | 606208      |
| train/                  |             |
|    approx_kl            | 0.010372767 |
|    clip_fraction        | 0.15        |
|    clip_range           | 0.2         |
|    entropy_loss         | -9.96       |
|    explained_variance   | 0.75        |
|    learning_rate        | 0.000276    |
|    loss                 | 0.135       |
|    n_updates            | 105         |
|    policy_gradient_loss | 0.00777     |
|    std                  | 0.84        |
|    value_loss           | 0.124       |
-----------------------------------------
Early stopping at step 0 due to reaching max kl: 0.03
-----------------------------------------
| rollout/                |             |
|    ep_len_mean          | 315         |
|    ep_rew_mean          | 421         |
| time/                   |             |
|    fps                  | 2581        |
|    iterations           | 75          |
|    time_elapsed         | 238         |
|    total_timesteps      | 614400      |
| train/                  |             |
|    approx_kl            | 0.013074112 |
|    clip_fraction        | 0.172       |
|    clip_range           | 0.2         |
|    entropy_loss         | -9.95       |
|    explained_variance   | 0.754       |
|    learning_rate        | 0.000276    |
|    loss                 | 0.122       |
|    n_updates            | 106         |
|    policy_gradient_loss | 0.00971     |
|    std                  | 0.839       |
|    value_loss           | 0.112       |
-----------------------------------------
Early stopping at step 0 due to reaching max kl: 0.03
-----------------------------------------
| rollout/                |             |
|    ep_len_mean          | 253         |
|    ep_rew_mean          | 342         |
| time/                   |             |
|    fps                  | 2582        |
|    iterations           | 76          |
|    time_elapsed         | 241         |
|    total_timesteps      | 622592      |
| train/                  |             |
|    approx_kl            | 0.013356424 |
|    clip_fraction        | 0.182       |
|    clip_range           | 0.2         |
|    entropy_loss         | -9.94       |
|    explained_variance   | 0.789       |
|    learning_rate        | 0.000275    |
|    loss                 | 0.0203      |
|    n_updates            | 107         |
|    policy_gradient_loss | 0.0096      |
|    std                  | 0.837       |
|    value_loss           | 0.0681      |
-----------------------------------------
Early stopping at step 0 due to reaching max kl: 0.03
-----------------------------------------
| rollout/                |             |
|    ep_len_mean          | 274         |
|    ep_rew_mean          | 372         |
| time/                   |             |
|    fps                  | 2582        |
|    iterations           | 77          |
|    time_elapsed         | 244         |
|    total_timesteps      | 630784      |
| train/                  |             |
|    approx_kl            | 0.014726576 |
|    clip_fraction        | 0.208       |
|    clip_range           | 0.2         |
|    entropy_loss         | -9.92       |
|    explained_variance   | 0.754       |
|    learning_rate        | 0.000275    |
|    loss                 | 0.129       |
|    n_updates            | 108         |
|    policy_gradient_loss | 0.00846     |
|    std                  | 0.836       |
|    value_loss           | 0.148       |
-----------------------------------------
Early stopping at step 1 due to reaching max kl: 0.04
----------------------------------------
| rollout/                |            |
|    ep_len_mean          | 303        |
|    ep_rew_mean          | 399        |
| time/                   |            |
|    fps                  | 2581       |
|    iterations           | 78         |
|    time_elapsed         | 247        |
|    total_timesteps      | 638976     |
| train/                  |            |
|    approx_kl            | 0.02215554 |
|    clip_fraction        | 0.219      |
|    clip_range           | 0.2        |
|    entropy_loss         | -9.9       |
|    explained_variance   | 0.77       |
|    learning_rate        | 0.000275   |
|    loss                 | 0.0072     |
|    n_updates            | 110        |
|    policy_gradient_loss | 0.00649    |
|    std                  | 0.834      |
|    value_loss           | 0.0686     |
----------------------------------------
Early stopping at step 0 due to reaching max kl: 0.03
------------------------------------------
| rollout/                |              |
|    ep_len_mean          | 294          |
|    ep_rew_mean          | 394          |
| time/                   |              |
|    fps                  | 2583         |
|    iterations           | 79           |
|    time_elapsed         | 250          |
|    total_timesteps      | 647168       |
| train/                  |              |
|    approx_kl            | 0.0108064525 |
|    clip_fraction        | 0.152        |
|    clip_range           | 0.2          |
|    entropy_loss         | -9.89        |
|    explained_variance   | 0.773        |
|    learning_rate        | 0.000274     |
|    loss                 | 0.0128       |
|    n_updates            | 111          |
|    policy_gradient_loss | 0.0049       |
|    std                  | 0.833        |
|    value_loss           | 0.0848       |
------------------------------------------
Early stopping at step 0 due to reaching max kl: 0.04
------------------------------------------
| rollout/                |              |
|    ep_len_mean          | 331          |
|    ep_rew_mean          | 434          |
| time/                   |              |
|    fps                  | 2584         |
|    iterations           | 80           |
|    time_elapsed         | 253          |
|    total_timesteps      | 655360       |
| train/                  |              |
|    approx_kl            | 0.0120737655 |
|    clip_fraction        | 0.167        |
|    clip_range           | 0.2          |
|    entropy_loss         | -9.88        |
|    explained_variance   | 0.774        |
|    learning_rate        | 0.000274     |
|    loss                 | 0.137        |
|    n_updates            | 112          |
|    policy_gradient_loss | 0.00692      |
|    std                  | 0.832        |
|    value_loss           | 0.0763       |
------------------------------------------
Early stopping at step 0 due to reaching max kl: 0.04
------------------------------------------
| rollout/                |              |
|    ep_len_mean          | 342          |
|    ep_rew_mean          | 447          |
| time/                   |              |
|    fps                  | 2585         |
|    iterations           | 81           |
|    time_elapsed         | 256          |
|    total_timesteps      | 663552       |
| train/                  |              |
|    approx_kl            | 0.0120854275 |
|    clip_fraction        | 0.172        |
|    clip_range           | 0.2          |
|    entropy_loss         | -9.87        |
|    explained_variance   | 0.778        |
|    learning_rate        | 0.000274     |
|    loss                 | 0.0779       |
|    n_updates            | 113          |
|    policy_gradient_loss | 0.00873      |
|    std                  | 0.831        |
|    value_loss           | 0.0989       |
------------------------------------------
Early stopping at step 0 due to reaching max kl: 0.04
-----------------------------------------
| rollout/                |             |
|    ep_len_mean          | 332         |
|    ep_rew_mean          | 443         |
| time/                   |             |
|    fps                  | 2587        |
|    iterations           | 82          |
|    time_elapsed         | 259         |
|    total_timesteps      | 671744      |
| train/                  |             |
|    approx_kl            | 0.009457272 |
|    clip_fraction        | 0.127       |
|    clip_range           | 0.2         |
|    entropy_loss         | -9.87       |
|    explained_variance   | 0.752       |
|    learning_rate        | 0.000273    |
|    loss                 | 0.0593      |
|    n_updates            | 114         |
|    policy_gradient_loss | 0.0023      |
|    std                  | 0.83        |
|    value_loss           | 0.103       |
-----------------------------------------
Early stopping at step 0 due to reaching max kl: 0.03
------------------------------------------
| rollout/                |              |
|    ep_len_mean          | 330          |
|    ep_rew_mean          | 437          |
| time/                   |              |
|    fps                  | 2587         |
|    iterations           | 83           |
|    time_elapsed         | 262          |
|    total_timesteps      | 679936       |
| train/                  |              |
|    approx_kl            | 0.0143130375 |
|    clip_fraction        | 0.207        |
|    clip_range           | 0.2          |
|    entropy_loss         | -9.85        |
|    explained_variance   | 0.747        |
|    learning_rate        | 0.000273     |
|    loss                 | 0.0469       |
|    n_updates            | 115          |
|    policy_gradient_loss | 0.00795      |
|    std                  | 0.828        |
|    value_loss           | 0.099        |
------------------------------------------
Early stopping at step 0 due to reaching max kl: 0.03
-----------------------------------------
| rollout/                |             |
|    ep_len_mean          | 325         |
|    ep_rew_mean          | 431         |
| time/                   |             |
|    fps                  | 2588        |
|    iterations           | 84          |
|    time_elapsed         | 265         |
|    total_timesteps      | 688128      |
| train/                  |             |
|    approx_kl            | 0.008451363 |
|    clip_fraction        | 0.109       |
|    clip_range           | 0.2         |
|    entropy_loss         | -9.83       |
|    explained_variance   | 0.761       |
|    learning_rate        | 0.000273    |
|    loss                 | 0.0586      |
|    n_updates            | 116         |
|    policy_gradient_loss | 0.000889    |
|    std                  | 0.827       |
|    value_loss           | 0.0968      |
-----------------------------------------
Early stopping at step 0 due to reaching max kl: 0.03
-----------------------------------------
| rollout/                |             |
|    ep_len_mean          | 353         |
|    ep_rew_mean          | 481         |
| time/                   |             |
|    fps                  | 2588        |
|    iterations           | 85          |
|    time_elapsed         | 269         |
|    total_timesteps      | 696320      |
| train/                  |             |
|    approx_kl            | 0.013425148 |
|    clip_fraction        | 0.183       |
|    clip_range           | 0.2         |
|    entropy_loss         | -9.82       |
|    explained_variance   | 0.748       |
|    learning_rate        | 0.000272    |
|    loss                 | 0.0644      |
|    n_updates            | 117         |
|    policy_gradient_loss | 0.00628     |
|    std                  | 0.826       |
|    value_loss           | 0.108       |
-----------------------------------------
Early stopping at step 0 due to reaching max kl: 0.03
-----------------------------------------
| rollout/                |             |
|    ep_len_mean          | 369         |
|    ep_rew_mean          | 503         |
| time/                   |             |
|    fps                  | 2589        |
|    iterations           | 86          |
|    time_elapsed         | 272         |
|    total_timesteps      | 704512      |
| train/                  |             |
|    approx_kl            | 0.009887698 |
|    clip_fraction        | 0.141       |
|    clip_range           | 0.2         |
|    entropy_loss         | -9.82       |
|    explained_variance   | 0.763       |
|    learning_rate        | 0.000272    |
|    loss                 | 0.0433      |
|    n_updates            | 118         |
|    policy_gradient_loss | 0.00228     |
|    std                  | 0.825       |
|    value_loss           | 0.0602      |
-----------------------------------------
Early stopping at step 0 due to reaching max kl: 0.03
-----------------------------------------
| rollout/                |             |
|    ep_len_mean          | 378         |
|    ep_rew_mean          | 515         |
| time/                   |             |
|    fps                  | 2589        |
|    iterations           | 87          |
|    time_elapsed         | 275         |
|    total_timesteps      | 712704      |
| train/                  |             |
|    approx_kl            | 0.012367127 |
|    clip_fraction        | 0.165       |
|    clip_range           | 0.2         |
|    entropy_loss         | -9.81       |
|    explained_variance   | 0.726       |
|    learning_rate        | 0.000272    |
|    loss                 | 0.104       |
|    n_updates            | 119         |
|    policy_gradient_loss | 0.00598     |
|    std                  | 0.825       |
|    value_loss           | 0.0976      |
-----------------------------------------
Early stopping at step 0 due to reaching max kl: 0.03
-----------------------------------------
| rollout/                |             |
|    ep_len_mean          | 402         |
|    ep_rew_mean          | 543         |
| time/                   |             |
|    fps                  | 2590        |
|    iterations           | 88          |
|    time_elapsed         | 278         |
|    total_timesteps      | 720896      |
| train/                  |             |
|    approx_kl            | 0.010821698 |
|    clip_fraction        | 0.149       |
|    clip_range           | 0.2         |
|    entropy_loss         | -9.81       |
|    explained_variance   | 0.733       |
|    learning_rate        | 0.000271    |
|    loss                 | 0.0121      |
|    n_updates            | 120         |
|    policy_gradient_loss | 0.00606     |
|    std                  | 0.825       |
|    value_loss           | 0.0693      |
-----------------------------------------
Early stopping at step 0 due to reaching max kl: 0.03
-----------------------------------------
| rollout/                |             |
|    ep_len_mean          | 446         |
|    ep_rew_mean          | 607         |
| time/                   |             |
|    fps                  | 2591        |
|    iterations           | 89          |
|    time_elapsed         | 281         |
|    total_timesteps      | 729088      |
| train/                  |             |
|    approx_kl            | 0.013076514 |
|    clip_fraction        | 0.183       |
|    clip_range           | 0.2         |
|    entropy_loss         | -9.8        |
|    explained_variance   | 0.704       |
|    learning_rate        | 0.000271    |
|    loss                 | 0.0532      |
|    n_updates            | 121         |
|    policy_gradient_loss | 0.00908     |
|    std                  | 0.823       |
|    value_loss           | 0.0793      |
-----------------------------------------
Early stopping at step 0 due to reaching max kl: 0.03
-----------------------------------------
| rollout/                |             |
|    ep_len_mean          | 388         |
|    ep_rew_mean          | 510         |
| time/                   |             |
|    fps                  | 2592        |
|    iterations           | 90          |
|    time_elapsed         | 284         |
|    total_timesteps      | 737280      |
| train/                  |             |
|    approx_kl            | 0.012637316 |
|    clip_fraction        | 0.181       |
|    clip_range           | 0.2         |
|    entropy_loss         | -9.78       |
|    explained_variance   | 0.757       |
|    learning_rate        | 0.000271    |
|    loss                 | 0.0758      |
|    n_updates            | 122         |
|    policy_gradient_loss | 0.00355     |
|    std                  | 0.821       |
|    value_loss           | 0.066       |
-----------------------------------------
Early stopping at step 0 due to reaching max kl: 0.03
------------------------------------------
| rollout/                |              |
|    ep_len_mean          | 405          |
|    ep_rew_mean          | 538          |
| time/                   |              |
|    fps                  | 2592         |
|    iterations           | 91           |
|    time_elapsed         | 287          |
|    total_timesteps      | 745472       |
| train/                  |              |
|    approx_kl            | 0.0152488155 |
|    clip_fraction        | 0.208        |
|    clip_range           | 0.2          |
|    entropy_loss         | -9.77        |
|    explained_variance   | 0.711        |
|    learning_rate        | 0.000271     |
|    loss                 | 0.0711       |
|    n_updates            | 123          |
|    policy_gradient_loss | 0.00641      |
|    std                  | 0.821        |
|    value_loss           | 0.113        |
------------------------------------------
Early stopping at step 0 due to reaching max kl: 0.03
-----------------------------------------
| rollout/                |             |
|    ep_len_mean          | 363         |
|    ep_rew_mean          | 487         |
| time/                   |             |
|    fps                  | 2592        |
|    iterations           | 92          |
|    time_elapsed         | 290         |
|    total_timesteps      | 753664      |
| train/                  |             |
|    approx_kl            | 0.013361587 |
|    clip_fraction        | 0.179       |
|    clip_range           | 0.2         |
|    entropy_loss         | -9.76       |
|    explained_variance   | 0.741       |
|    learning_rate        | 0.00027     |
|    loss                 | 0.0571      |
|    n_updates            | 124         |
|    policy_gradient_loss | 0.00859     |
|    std                  | 0.819       |
|    value_loss           | 0.0908      |
-----------------------------------------
Early stopping at step 0 due to reaching max kl: 0.03
-----------------------------------------
| rollout/                |             |
|    ep_len_mean          | 375         |
|    ep_rew_mean          | 507         |
| time/                   |             |
|    fps                  | 2593        |
|    iterations           | 93          |
|    time_elapsed         | 293         |
|    total_timesteps      | 761856      |
| train/                  |             |
|    approx_kl            | 0.010027122 |
|    clip_fraction        | 0.139       |
|    clip_range           | 0.2         |
|    entropy_loss         | -9.75       |
|    explained_variance   | 0.713       |
|    learning_rate        | 0.00027     |
|    loss                 | 0.0739      |
|    n_updates            | 125         |
|    policy_gradient_loss | 0.00634     |
|    std                  | 0.819       |
|    value_loss           | 0.12        |
-----------------------------------------
Early stopping at step 1 due to reaching max kl: 0.03
-----------------------------------------
| rollout/                |             |
|    ep_len_mean          | 349         |
|    ep_rew_mean          | 473         |
| time/                   |             |
|    fps                  | 2593        |
|    iterations           | 94          |
|    time_elapsed         | 296         |
|    total_timesteps      | 770048      |
| train/                  |             |
|    approx_kl            | 0.018033804 |
|    clip_fraction        | 0.217       |
|    clip_range           | 0.2         |
|    entropy_loss         | -9.74       |
|    explained_variance   | 0.746       |
|    learning_rate        | 0.00027     |
|    loss                 | -0.0227     |
|    n_updates            | 127         |
|    policy_gradient_loss | 0.00835     |
|    std                  | 0.817       |
|    value_loss           | 0.0391      |
-----------------------------------------
Early stopping at step 0 due to reaching max kl: 0.03
[Progress] Training 4/6: 778,188/5,000,000 steps (15.6%); 2 full runs remain afterward; rough training ETA 1h 31m.
-----------------------------------------
| rollout/                |             |
|    ep_len_mean          | 385         |
|    ep_rew_mean          | 527         |
| time/                   |             |
|    fps                  | 2593        |
|    iterations           | 95          |
|    time_elapsed         | 300         |
|    total_timesteps      | 778240      |
| train/                  |             |
|    approx_kl            | 0.014214211 |
|    clip_fraction        | 0.205       |
|    clip_range           | 0.2         |
|    entropy_loss         | -9.72       |
|    explained_variance   | 0.721       |
|    learning_rate        | 0.000269    |
|    loss                 | 0.0561      |
|    n_updates            | 128         |
|    policy_gradient_loss | 0.00745     |
|    std                  | 0.816       |
|    value_loss           | 0.0999      |
-----------------------------------------
Early stopping at step 1 due to reaching max kl: 0.03
-----------------------------------------
| rollout/                |             |
|    ep_len_mean          | 372         |
|    ep_rew_mean          | 510         |
| time/                   |             |
|    fps                  | 2593        |
|    iterations           | 96          |
|    time_elapsed         | 303         |
|    total_timesteps      | 786432      |
| train/                  |             |
|    approx_kl            | 0.022505667 |
|    clip_fraction        | 0.202       |
|    clip_range           | 0.2         |
|    entropy_loss         | -9.71       |
|    explained_variance   | 0.754       |
|    learning_rate        | 0.000269    |
|    loss                 | 0.0625      |
|    n_updates            | 130         |
|    policy_gradient_loss | 0.0114      |
|    std                  | 0.814       |
|    value_loss           | 0.071       |
-----------------------------------------
Early stopping at step 0 due to reaching max kl: 0.03
-----------------------------------------
| rollout/                |             |
|    ep_len_mean          | 365         |
|    ep_rew_mean          | 489         |
| time/                   |             |
|    fps                  | 2594        |
|    iterations           | 97          |
|    time_elapsed         | 306         |
|    total_timesteps      | 794624      |
| train/                  |             |
|    approx_kl            | 0.013448164 |
|    clip_fraction        | 0.196       |
|    clip_range           | 0.2         |
|    entropy_loss         | -9.69       |
|    explained_variance   | 0.738       |
|    learning_rate        | 0.000269    |
|    loss                 | 0.0931      |
|    n_updates            | 131         |
|    policy_gradient_loss | 0.00742     |
|    std                  | 0.812       |
|    value_loss           | 0.106       |
-----------------------------------------
Early stopping at step 0 due to reaching max kl: 0.03
-----------------------------------------
| rollout/                |             |
|    ep_len_mean          | 370         |
|    ep_rew_mean          | 498         |
| time/                   |             |
|    fps                  | 2594        |
|    iterations           | 98          |
|    time_elapsed         | 309         |
|    total_timesteps      | 802816      |
| train/                  |             |
|    approx_kl            | 0.011922894 |
|    clip_fraction        | 0.158       |
|    clip_range           | 0.2         |
|    entropy_loss         | -9.67       |
|    explained_variance   | 0.743       |
|    learning_rate        | 0.000268    |
|    loss                 | 0.0743      |
|    n_updates            | 132         |
|    policy_gradient_loss | 0.00943     |
|    std                  | 0.811       |
|    value_loss           | 0.0934      |
-----------------------------------------
Early stopping at step 0 due to reaching max kl: 0.03
----------------------------------------
| rollout/                |            |
|    ep_len_mean          | 323        |
|    ep_rew_mean          | 433        |
| time/                   |            |
|    fps                  | 2595       |
|    iterations           | 99         |
|    time_elapsed         | 312        |
|    total_timesteps      | 811008     |
| train/                  |            |
|    approx_kl            | 0.01443938 |
|    clip_fraction        | 0.201      |
|    clip_range           | 0.2        |
|    entropy_loss         | -9.66      |
|    explained_variance   | 0.757      |
|    learning_rate        | 0.000268   |
|    loss                 | 0.0324     |
|    n_updates            | 133        |
|    policy_gradient_loss | 0.00777    |
|    std                  | 0.808      |
|    value_loss           | 0.0958     |
----------------------------------------
Early stopping at step 0 due to reaching max kl: 0.03
-----------------------------------------
| rollout/                |             |
|    ep_len_mean          | 348         |
|    ep_rew_mean          | 468         |
| time/                   |             |
|    fps                  | 2596        |
|    iterations           | 100         |
|    time_elapsed         | 315         |
|    total_timesteps      | 819200      |
| train/                  |             |
|    approx_kl            | 0.011474643 |
|    clip_fraction        | 0.158       |
|    clip_range           | 0.2         |
|    entropy_loss         | -9.64       |
|    explained_variance   | 0.759       |
|    learning_rate        | 0.000268    |
|    loss                 | 0.1         |
|    n_updates            | 134         |
|    policy_gradient_loss | 0.00604     |
|    std                  | 0.807       |
|    value_loss           | 0.115       |
-----------------------------------------
Early stopping at step 0 due to reaching max kl: 0.03
-----------------------------------------
| rollout/                |             |
|    ep_len_mean          | 385         |
|    ep_rew_mean          | 522         |
| time/                   |             |
|    fps                  | 2597        |
|    iterations           | 101         |
|    time_elapsed         | 318         |
|    total_timesteps      | 827392      |
| train/                  |             |
|    approx_kl            | 0.012936919 |
|    clip_fraction        | 0.175       |
|    clip_range           | 0.2         |
|    entropy_loss         | -9.63       |
|    explained_variance   | 0.754       |
|    learning_rate        | 0.000267    |
|    loss                 | 0.124       |
|    n_updates            | 135         |
|    policy_gradient_loss | 0.00441     |
|    std                  | 0.806       |
|    value_loss           | 0.0878      |
-----------------------------------------
Early stopping at step 1 due to reaching max kl: 0.03
-----------------------------------------
| rollout/                |             |
|    ep_len_mean          | 409         |
|    ep_rew_mean          | 557         |
| time/                   |             |
|    fps                  | 2596        |
|    iterations           | 102         |
|    time_elapsed         | 321         |
|    total_timesteps      | 835584      |
| train/                  |             |
|    approx_kl            | 0.020946238 |
|    clip_fraction        | 0.205       |
|    clip_range           | 0.2         |
|    entropy_loss         | -9.6        |
|    explained_variance   | 0.736       |
|    learning_rate        | 0.000267    |
|    loss                 | -0.00816    |
|    n_updates            | 137         |
|    policy_gradient_loss | 0.00742     |
|    std                  | 0.802       |
|    value_loss           | 0.0425      |
-----------------------------------------
Early stopping at step 0 due to reaching max kl: 0.04
-----------------------------------------
| rollout/                |             |
|    ep_len_mean          | 423         |
|    ep_rew_mean          | 591         |
| time/                   |             |
|    fps                  | 2597        |
|    iterations           | 103         |
|    time_elapsed         | 324         |
|    total_timesteps      | 843776      |
| train/                  |             |
|    approx_kl            | 0.012857621 |
|    clip_fraction        | 0.176       |
|    clip_range           | 0.2         |
|    entropy_loss         | -9.57       |
|    explained_variance   | 0.718       |
|    learning_rate        | 0.000267    |
|    loss                 | 0.0375      |
|    n_updates            | 138         |
|    policy_gradient_loss | 0.00579     |
|    std                  | 0.8         |
|    value_loss           | 0.0392      |
-----------------------------------------
Early stopping at step 0 due to reaching max kl: 0.03
-----------------------------------------
| rollout/                |             |
|    ep_len_mean          | 463         |
|    ep_rew_mean          | 652         |
| time/                   |             |
|    fps                  | 2597        |
|    iterations           | 104         |
|    time_elapsed         | 328         |
|    total_timesteps      | 851968      |
| train/                  |             |
|    approx_kl            | 0.016210023 |
|    clip_fraction        | 0.215       |
|    clip_range           | 0.2         |
|    entropy_loss         | -9.56       |
|    explained_variance   | 0.735       |
|    learning_rate        | 0.000266    |
|    loss                 | 0.0458      |
|    n_updates            | 139         |
|    policy_gradient_loss | 0.00779     |
|    std                  | 0.799       |
|    value_loss           | 0.0882      |
-----------------------------------------
Early stopping at step 0 due to reaching max kl: 0.03
-----------------------------------------
| rollout/                |             |
|    ep_len_mean          | 510         |
|    ep_rew_mean          | 725         |
| time/                   |             |
|    fps                  | 2597        |
|    iterations           | 105         |
|    time_elapsed         | 331         |
|    total_timesteps      | 860160      |
| train/                  |             |
|    approx_kl            | 0.012599359 |
|    clip_fraction        | 0.165       |
|    clip_range           | 0.2         |
|    entropy_loss         | -9.54       |
|    explained_variance   | 0.774       |
|    learning_rate        | 0.000266    |
|    loss                 | 0.0606      |
|    n_updates            | 140         |
|    policy_gradient_loss | 0.00784     |
|    std                  | 0.798       |
|    value_loss           | 0.0657      |
-----------------------------------------
Early stopping at step 0 due to reaching max kl: 0.03
-----------------------------------------
| rollout/                |             |
|    ep_len_mean          | 525         |
|    ep_rew_mean          | 747         |
| time/                   |             |
|    fps                  | 2598        |
|    iterations           | 106         |
|    time_elapsed         | 334         |
|    total_timesteps      | 868352      |
| train/                  |             |
|    approx_kl            | 0.012056232 |
|    clip_fraction        | 0.167       |
|    clip_range           | 0.2         |
|    entropy_loss         | -9.53       |
|    explained_variance   | 0.718       |
|    learning_rate        | 0.000266    |
|    loss                 | 0.0216      |
|    n_updates            | 141         |
|    policy_gradient_loss | 0.00446     |
|    std                  | 0.797       |
|    value_loss           | 0.0569      |
-----------------------------------------
Early stopping at step 0 due to reaching max kl: 0.03
------------------------------------------
| rollout/                |              |
|    ep_len_mean          | 497          |
|    ep_rew_mean          | 720          |
| time/                   |              |
|    fps                  | 2598         |
|    iterations           | 107          |
|    time_elapsed         | 337          |
|    total_timesteps      | 876544       |
| train/                  |              |
|    approx_kl            | 0.0131661175 |
|    clip_fraction        | 0.189        |
|    clip_range           | 0.2          |
|    entropy_loss         | -9.53        |
|    explained_variance   | 0.714        |
|    learning_rate        | 0.000265     |
|    loss                 | 0.0711       |
|    n_updates            | 142          |
|    policy_gradient_loss | 0.00796      |
|    std                  | 0.796        |
|    value_loss           | 0.0759       |
------------------------------------------
Early stopping at step 0 due to reaching max kl: 0.03
-----------------------------------------
| rollout/                |             |
|    ep_len_mean          | 480         |
|    ep_rew_mean          | 696         |
| time/                   |             |
|    fps                  | 2598        |
|    iterations           | 108         |
|    time_elapsed         | 340         |
|    total_timesteps      | 884736      |
| train/                  |             |
|    approx_kl            | 0.016507462 |
|    clip_fraction        | 0.223       |
|    clip_range           | 0.2         |
|    entropy_loss         | -9.51       |
|    explained_variance   | 0.703       |
|    learning_rate        | 0.000265    |
|    loss                 | 0.0742      |
|    n_updates            | 143         |
|    policy_gradient_loss | 0.00906     |
|    std                  | 0.795       |
|    value_loss           | 0.0877      |
-----------------------------------------
Early stopping at step 0 due to reaching max kl: 0.03
-----------------------------------------
| rollout/                |             |
|    ep_len_mean          | 459         |
|    ep_rew_mean          | 656         |
| time/                   |             |
|    fps                  | 2599        |
|    iterations           | 109         |
|    time_elapsed         | 343         |
|    total_timesteps      | 892928      |
| train/                  |             |
|    approx_kl            | 0.008201605 |
|    clip_fraction        | 0.109       |
|    clip_range           | 0.2         |
|    entropy_loss         | -9.51       |
|    explained_variance   | 0.724       |
|    learning_rate        | 0.000265    |
|    loss                 | 0.0411      |
|    n_updates            | 144         |
|    policy_gradient_loss | 0.00364     |
|    std                  | 0.794       |
|    value_loss           | 0.073       |
-----------------------------------------
Early stopping at step 0 due to reaching max kl: 0.03
------------------------------------------
| rollout/                |              |
|    ep_len_mean          | 471          |
|    ep_rew_mean          | 673          |
| time/                   |              |
|    fps                  | 2599         |
|    iterations           | 110          |
|    time_elapsed         | 346          |
|    total_timesteps      | 901120       |
| train/                  |              |
|    approx_kl            | 0.0127654355 |
|    clip_fraction        | 0.178        |
|    clip_range           | 0.2          |
|    entropy_loss         | -9.5         |
|    explained_variance   | 0.676        |
|    learning_rate        | 0.000264     |
|    loss                 | 0.15         |
|    n_updates            | 145          |
|    policy_gradient_loss | 0.0076       |
|    std                  | 0.793        |
|    value_loss           | 0.118        |
------------------------------------------
Early stopping at step 0 due to reaching max kl: 0.03
-----------------------------------------
| rollout/                |             |
|    ep_len_mean          | 443         |
|    ep_rew_mean          | 640         |
| time/                   |             |
|    fps                  | 2599        |
|    iterations           | 111         |
|    time_elapsed         | 349         |
|    total_timesteps      | 909312      |
| train/                  |             |
|    approx_kl            | 0.014265038 |
|    clip_fraction        | 0.207       |
|    clip_range           | 0.2         |
|    entropy_loss         | -9.49       |
|    explained_variance   | 0.693       |
|    learning_rate        | 0.000264    |
|    loss                 | 0.0388      |
|    n_updates            | 146         |
|    policy_gradient_loss | 0.00946     |
|    std                  | 0.792       |
|    value_loss           | 0.0637      |
-----------------------------------------
Early stopping at step 0 due to reaching max kl: 0.03
-----------------------------------------
| rollout/                |             |
|    ep_len_mean          | 431         |
|    ep_rew_mean          | 613         |
| time/                   |             |
|    fps                  | 2600        |
|    iterations           | 112         |
|    time_elapsed         | 352         |
|    total_timesteps      | 917504      |
| train/                  |             |
|    approx_kl            | 0.011398072 |
|    clip_fraction        | 0.149       |
|    clip_range           | 0.2         |
|    entropy_loss         | -9.48       |
|    explained_variance   | 0.683       |
|    learning_rate        | 0.000264    |
|    loss                 | 0.195       |
|    n_updates            | 147         |
|    policy_gradient_loss | 0.00431     |
|    std                  | 0.792       |
|    value_loss           | 0.118       |
-----------------------------------------
Early stopping at step 0 due to reaching max kl: 0.03
-----------------------------------------
| rollout/                |             |
|    ep_len_mean          | 448         |
|    ep_rew_mean          | 637         |
| time/                   |             |
|    fps                  | 2601        |
|    iterations           | 113         |
|    time_elapsed         | 355         |
|    total_timesteps      | 925696      |
| train/                  |             |
|    approx_kl            | 0.011596257 |
|    clip_fraction        | 0.155       |
|    clip_range           | 0.2         |
|    entropy_loss         | -9.48       |
|    explained_variance   | 0.659       |
|    learning_rate        | 0.000263    |
|    loss                 | 0.148       |
|    n_updates            | 148         |
|    policy_gradient_loss | 0.00722     |
|    std                  | 0.792       |
|    value_loss           | 0.0716      |
-----------------------------------------
Early stopping at step 0 due to reaching max kl: 0.04
-----------------------------------------
| rollout/                |             |
|    ep_len_mean          | 454         |
|    ep_rew_mean          | 652         |
| time/                   |             |
|    fps                  | 2602        |
|    iterations           | 114         |
|    time_elapsed         | 358         |
|    total_timesteps      | 933888      |
| train/                  |             |
|    approx_kl            | 0.010850749 |
|    clip_fraction        | 0.149       |
|    clip_range           | 0.2         |
|    entropy_loss         | -9.47       |
|    explained_variance   | 0.731       |
|    learning_rate        | 0.000263    |
|    loss                 | 0.167       |
|    n_updates            | 149         |
|    policy_gradient_loss | 0.00666     |
|    std                  | 0.791       |
|    value_loss           | 0.0508      |
-----------------------------------------
Early stopping at step 0 due to reaching max kl: 0.03
-----------------------------------------
| rollout/                |             |
|    ep_len_mean          | 457         |
|    ep_rew_mean          | 659         |
| time/                   |             |
|    fps                  | 2601        |
|    iterations           | 115         |
|    time_elapsed         | 362         |
|    total_timesteps      | 942080      |
| train/                  |             |
|    approx_kl            | 0.015288658 |
|    clip_fraction        | 0.207       |
|    clip_range           | 0.2         |
|    entropy_loss         | -9.45       |
|    explained_variance   | 0.756       |
|    learning_rate        | 0.000263    |
|    loss                 | 0.121       |
|    n_updates            | 150         |
|    policy_gradient_loss | 0.0105      |
|    std                  | 0.789       |
|    value_loss           | 0.0707      |
-----------------------------------------
Early stopping at step 1 due to reaching max kl: 0.03
-----------------------------------------
| rollout/                |             |
|    ep_len_mean          | 467         |
|    ep_rew_mean          | 670         |
| time/                   |             |
|    fps                  | 2601        |
|    iterations           | 116         |
|    time_elapsed         | 365         |
|    total_timesteps      | 950272      |
| train/                  |             |
|    approx_kl            | 0.022140933 |
|    clip_fraction        | 0.202       |
|    clip_range           | 0.2         |
|    entropy_loss         | -9.43       |
|    explained_variance   | 0.743       |
|    learning_rate        | 0.000262    |
|    loss                 | -0.0173     |
|    n_updates            | 152         |
|    policy_gradient_loss | 0.00649     |
|    std                  | 0.787       |
|    value_loss           | 0.0639      |
-----------------------------------------
Early stopping at step 0 due to reaching max kl: 0.03
-----------------------------------------
| rollout/                |             |
|    ep_len_mean          | 470         |
|    ep_rew_mean          | 668         |
| time/                   |             |
|    fps                  | 2602        |
|    iterations           | 117         |
|    time_elapsed         | 368         |
|    total_timesteps      | 958464      |
| train/                  |             |
|    approx_kl            | 0.014609367 |
|    clip_fraction        | 0.203       |
|    clip_range           | 0.2         |
|    entropy_loss         | -9.42       |
|    explained_variance   | 0.743       |
|    learning_rate        | 0.000262    |
|    loss                 | 0.0933      |
|    n_updates            | 153         |
|    policy_gradient_loss | 0.00526     |
|    std                  | 0.786       |
|    value_loss           | 0.0784      |
-----------------------------------------
Early stopping at step 0 due to reaching max kl: 0.03
-----------------------------------------
| rollout/                |             |
|    ep_len_mean          | 444         |
|    ep_rew_mean          | 635         |
| time/                   |             |
|    fps                  | 2601        |
|    iterations           | 118         |
|    time_elapsed         | 371         |
|    total_timesteps      | 966656      |
| train/                  |             |
|    approx_kl            | 0.015134298 |
|    clip_fraction        | 0.204       |
|    clip_range           | 0.2         |
|    entropy_loss         | -9.4        |
|    explained_variance   | 0.728       |
|    learning_rate        | 0.000262    |
|    loss                 | 0.0341      |
|    n_updates            | 154         |
|    policy_gradient_loss | 0.00778     |
|    std                  | 0.783       |
|    value_loss           | 0.0727      |
-----------------------------------------
Early stopping at step 0 due to reaching max kl: 0.04
------------------------------------------
| rollout/                |              |
|    ep_len_mean          | 457          |
|    ep_rew_mean          | 645          |
| time/                   |              |
|    fps                  | 2602         |
|    iterations           | 119          |
|    time_elapsed         | 374          |
|    total_timesteps      | 974848       |
| train/                  |              |
|    approx_kl            | 0.0139941955 |
|    clip_fraction        | 0.185        |
|    clip_range           | 0.2          |
|    entropy_loss         | -9.39        |
|    explained_variance   | 0.733        |
|    learning_rate        | 0.000261     |
|    loss                 | 0.0754       |
|    n_updates            | 155          |
|    policy_gradient_loss | 0.00515      |
|    std                  | 0.783        |
|    value_loss           | 0.0873       |
------------------------------------------
Early stopping at step 0 due to reaching max kl: 0.03
-----------------------------------------
| rollout/                |             |
|    ep_len_mean          | 494         |
|    ep_rew_mean          | 705         |
| time/                   |             |
|    fps                  | 2603        |
|    iterations           | 120         |
|    time_elapsed         | 377         |
|    total_timesteps      | 983040      |
| train/                  |             |
|    approx_kl            | 0.010596961 |
|    clip_fraction        | 0.148       |
|    clip_range           | 0.2         |
|    entropy_loss         | -9.38       |
|    explained_variance   | 0.685       |
|    learning_rate        | 0.000261    |
|    loss                 | 0.0496      |
|    n_updates            | 156         |
|    policy_gradient_loss | 0.00695     |
|    std                  | 0.782       |
|    value_loss           | 0.0597      |
-----------------------------------------
Early stopping at step 0 due to reaching max kl: 0.03
---------------------------------------
| rollout/                |           |
|    ep_len_mean          | 465       |
|    ep_rew_mean          | 669       |
| time/                   |           |
|    fps                  | 2603      |
|    iterations           | 121       |
|    time_elapsed         | 380       |
|    total_timesteps      | 991232    |
| train/                  |           |
|    approx_kl            | 0.0134094 |
|    clip_fraction        | 0.19      |
|    clip_range           | 0.2       |
|    entropy_loss         | -9.36     |
|    explained_variance   | 0.713     |
|    learning_rate        | 0.000261  |
|    loss                 | 0.059     |
|    n_updates            | 157       |
|    policy_gradient_loss | 0.00802   |
|    std                  | 0.779     |
|    value_loss           | 0.0426    |
---------------------------------------
Early stopping at step 0 due to reaching max kl: 0.03
-----------------------------------------
| rollout/                |             |
|    ep_len_mean          | 485         |
|    ep_rew_mean          | 696         |
| time/                   |             |
|    fps                  | 2603        |
|    iterations           | 122         |
|    time_elapsed         | 383         |
|    total_timesteps      | 999424      |
| train/                  |             |
|    approx_kl            | 0.013627249 |
|    clip_fraction        | 0.187       |
|    clip_range           | 0.2         |
|    entropy_loss         | -9.34       |
|    explained_variance   | 0.637       |
|    learning_rate        | 0.00026     |
|    loss                 | 0.0563      |
|    n_updates            | 158         |
|    policy_gradient_loss | 0.0075      |
|    std                  | 0.778       |
|    value_loss           | 0.0845      |
-----------------------------------------
Early stopping at step 0 due to reaching max kl: 0.03
----------------------------------------
| rollout/                |            |
|    ep_len_mean          | 468        |
|    ep_rew_mean          | 667        |
| time/                   |            |
|    fps                  | 2604       |
|    iterations           | 123        |
|    time_elapsed         | 386        |
|    total_timesteps      | 1007616    |
| train/                  |            |
|    approx_kl            | 0.01334367 |
|    clip_fraction        | 0.184      |
|    clip_range           | 0.2        |
|    entropy_loss         | -9.33      |
|    explained_variance   | 0.651      |
|    learning_rate        | 0.00026    |
|    loss                 | 0.0871     |
|    n_updates            | 159        |
|    policy_gradient_loss | 0.00496    |
|    std                  | 0.777      |
|    value_loss           | 0.101      |
----------------------------------------
Early stopping at step 0 due to reaching max kl: 0.03
-----------------------------------------
| rollout/                |             |
|    ep_len_mean          | 491         |
|    ep_rew_mean          | 705         |
| time/                   |             |
|    fps                  | 2604        |
|    iterations           | 124         |
|    time_elapsed         | 389         |
|    total_timesteps      | 1015808     |
| train/                  |             |
|    approx_kl            | 0.012667945 |
|    clip_fraction        | 0.179       |
|    clip_range           | 0.2         |
|    entropy_loss         | -9.32       |
|    explained_variance   | 0.731       |
|    learning_rate        | 0.00026     |
|    loss                 | 0.0828      |
|    n_updates            | 160         |
|    policy_gradient_loss | 0.00518     |
|    std                  | 0.776       |
|    value_loss           | 0.0923      |
-----------------------------------------
Early stopping at step 0 due to reaching max kl: 0.03
----------------------------------------
| rollout/                |            |
|    ep_len_mean          | 492        |
|    ep_rew_mean          | 702        |
| time/                   |            |
|    fps                  | 2604       |
|    iterations           | 125        |
|    time_elapsed         | 393        |
|    total_timesteps      | 1024000    |
| train/                  |            |
|    approx_kl            | 0.01483053 |
|    clip_fraction        | 0.205      |
|    clip_range           | 0.2        |
|    entropy_loss         | -9.31      |
|    explained_variance   | 0.76       |
|    learning_rate        | 0.000259   |
|    loss                 | 0.0812     |
|    n_updates            | 161        |
|    policy_gradient_loss | 0.00841    |
|    std                  | 0.775      |
|    value_loss           | 0.0518     |
----------------------------------------
Early stopping at step 0 due to reaching max kl: 0.04
-----------------------------------------
| rollout/                |             |
|    ep_len_mean          | 469         |
|    ep_rew_mean          | 663         |
| time/                   |             |
|    fps                  | 2605        |
|    iterations           | 126         |
|    time_elapsed         | 396         |
|    total_timesteps      | 1032192     |
| train/                  |             |
|    approx_kl            | 0.013118931 |
|    clip_fraction        | 0.18        |
|    clip_range           | 0.2         |
|    entropy_loss         | -9.29       |
|    explained_variance   | 0.716       |
|    learning_rate        | 0.000259    |
|    loss                 | 0.0824      |
|    n_updates            | 162         |
|    policy_gradient_loss | 0.0076      |
|    std                  | 0.772       |
|    value_loss           | 0.0787      |
-----------------------------------------
Early stopping at step 0 due to reaching max kl: 0.03
-----------------------------------------
| rollout/                |             |
|    ep_len_mean          | 483         |
|    ep_rew_mean          | 678         |
| time/                   |             |
|    fps                  | 2605        |
|    iterations           | 127         |
|    time_elapsed         | 399         |
|    total_timesteps      | 1040384     |
| train/                  |             |
|    approx_kl            | 0.013788106 |
|    clip_fraction        | 0.185       |
|    clip_range           | 0.2         |
|    entropy_loss         | -9.27       |
|    explained_variance   | 0.721       |
|    learning_rate        | 0.000259    |
|    loss                 | 0.0391      |
|    n_updates            | 163         |
|    policy_gradient_loss | 0.00864     |
|    std                  | 0.771       |
|    value_loss           | 0.0628      |
-----------------------------------------
Early stopping at step 0 due to reaching max kl: 0.03
-----------------------------------------
| rollout/                |             |
|    ep_len_mean          | 459         |
|    ep_rew_mean          | 646         |
| time/                   |             |
|    fps                  | 2605        |
|    iterations           | 128         |
|    time_elapsed         | 402         |
|    total_timesteps      | 1048576     |
| train/                  |             |
|    approx_kl            | 0.011302849 |
|    clip_fraction        | 0.152       |
|    clip_range           | 0.2         |
|    entropy_loss         | -9.26       |
|    explained_variance   | 0.675       |
|    learning_rate        | 0.000258    |
|    loss                 | 0.0695      |
|    n_updates            | 164         |
|    policy_gradient_loss | 0.00926     |
|    std                  | 0.77        |
|    value_loss           | 0.0873      |
-----------------------------------------
Early stopping at step 0 due to reaching max kl: 0.03
-----------------------------------------
| rollout/                |             |
|    ep_len_mean          | 451         |
|    ep_rew_mean          | 634         |
| time/                   |             |
|    fps                  | 2606        |
|    iterations           | 129         |
|    time_elapsed         | 405         |
|    total_timesteps      | 1056768     |
| train/                  |             |
|    approx_kl            | 0.012109582 |
|    clip_fraction        | 0.167       |
|    clip_range           | 0.2         |
|    entropy_loss         | -9.25       |
|    explained_variance   | 0.687       |
|    learning_rate        | 0.000258    |
|    loss                 | 0.114       |
|    n_updates            | 165         |
|    policy_gradient_loss | 0.0105      |
|    std                  | 0.77        |
|    value_loss           | 0.111       |
-----------------------------------------
Early stopping at step 0 due to reaching max kl: 0.03
-----------------------------------------
| rollout/                |             |
|    ep_len_mean          | 464         |
|    ep_rew_mean          | 645         |
| time/                   |             |
|    fps                  | 2606        |
|    iterations           | 130         |
|    time_elapsed         | 408         |
|    total_timesteps      | 1064960     |
| train/                  |             |
|    approx_kl            | 0.013581943 |
|    clip_fraction        | 0.191       |
|    clip_range           | 0.2         |
|    entropy_loss         | -9.24       |
|    explained_variance   | 0.76        |
|    learning_rate        | 0.000258    |
|    loss                 | -0.00359    |
|    n_updates            | 166         |
|    policy_gradient_loss | 0.00925     |
|    std                  | 0.767       |
|    value_loss           | 0.06        |
-----------------------------------------
Early stopping at step 1 due to reaching max kl: 0.03
-----------------------------------------
| rollout/                |             |
|    ep_len_mean          | 364         |
|    ep_rew_mean          | 518         |
| time/                   |             |
|    fps                  | 2605        |
|    iterations           | 131         |
|    time_elapsed         | 411         |
|    total_timesteps      | 1073152     |
| train/                  |             |
|    approx_kl            | 0.023175245 |
|    clip_fraction        | 0.202       |
|    clip_range           | 0.2         |
|    entropy_loss         | -9.21       |
|    explained_variance   | 0.703       |
|    learning_rate        | 0.000257    |
|    loss                 | -0.0372     |
|    n_updates            | 168         |
|    policy_gradient_loss | 0.00556     |
|    std                  | 0.765       |
|    value_loss           | 0.058       |
-----------------------------------------
Early stopping at step 0 due to reaching max kl: 0.04
-----------------------------------------
| rollout/                |             |
|    ep_len_mean          | 367         |
|    ep_rew_mean          | 526         |
| time/                   |             |
|    fps                  | 2606        |
|    iterations           | 132         |
|    time_elapsed         | 414         |
|    total_timesteps      | 1081344     |
| train/                  |             |
|    approx_kl            | 0.013630597 |
|    clip_fraction        | 0.186       |
|    clip_range           | 0.2         |
|    entropy_loss         | -9.2        |
|    explained_variance   | 0.648       |
|    learning_rate        | 0.000257    |
|    loss                 | 0.0375      |
|    n_updates            | 169         |
|    policy_gradient_loss | 0.00829     |
|    std                  | 0.763       |
|    value_loss           | 0.157       |
-----------------------------------------
Early stopping at step 0 due to reaching max kl: 0.04
----------------------------------------
| rollout/                |            |
|    ep_len_mean          | 426        |
|    ep_rew_mean          | 611        |
| time/                   |            |
|    fps                  | 2606       |
|    iterations           | 133        |
|    time_elapsed         | 418        |
|    total_timesteps      | 1089536    |
| train/                  |            |
|    approx_kl            | 0.01489697 |
|    clip_fraction        | 0.205      |
|    clip_range           | 0.2        |
|    entropy_loss         | -9.18      |
|    explained_variance   | 0.768      |
|    learning_rate        | 0.000257   |
|    loss                 | 0.0441     |
|    n_updates            | 170        |
|    policy_gradient_loss | 0.00709    |
|    std                  | 0.762      |
|    value_loss           | 0.0774     |
----------------------------------------
Early stopping at step 1 due to reaching max kl: 0.03
-----------------------------------------
| rollout/                |             |
|    ep_len_mean          | 448         |
|    ep_rew_mean          | 647         |
| time/                   |             |
|    fps                  | 2605        |
|    iterations           | 134         |
|    time_elapsed         | 421         |
|    total_timesteps      | 1097728     |
| train/                  |             |
|    approx_kl            | 0.022839075 |
|    clip_fraction        | 0.204       |
|    clip_range           | 0.2         |
|    entropy_loss         | -9.16       |
|    explained_variance   | 0.747       |
|    learning_rate        | 0.000256    |
|    loss                 | -0.00625    |
|    n_updates            | 172         |
|    policy_gradient_loss | 0.00607     |
|    std                  | 0.76        |
|    value_loss           | 0.0639      |
-----------------------------------------
Early stopping at step 0 due to reaching max kl: 0.03
-----------------------------------------
| rollout/                |             |
|    ep_len_mean          | 405         |
|    ep_rew_mean          | 595         |
| time/                   |             |
|    fps                  | 2606        |
|    iterations           | 135         |
|    time_elapsed         | 424         |
|    total_timesteps      | 1105920     |
| train/                  |             |
|    approx_kl            | 0.010741515 |
|    clip_fraction        | 0.146       |
|    clip_range           | 0.2         |
|    entropy_loss         | -9.14       |
|    explained_variance   | 0.749       |
|    learning_rate        | 0.000256    |
|    loss                 | 0.0179      |
|    n_updates            | 173         |
|    policy_gradient_loss | 0.00635     |
|    std                  | 0.758       |
|    value_loss           | 0.0624      |
-----------------------------------------
Early stopping at step 0 due to reaching max kl: 0.04
-----------------------------------------
| rollout/                |             |
|    ep_len_mean          | 454         |
|    ep_rew_mean          | 664         |
| time/                   |             |
|    fps                  | 2606        |
|    iterations           | 136         |
|    time_elapsed         | 427         |
|    total_timesteps      | 1114112     |
| train/                  |             |
|    approx_kl            | 0.014602943 |
|    clip_fraction        | 0.202       |
|    clip_range           | 0.2         |
|    entropy_loss         | -9.12       |
|    explained_variance   | 0.731       |
|    learning_rate        | 0.000256    |
|    loss                 | 0.0926      |
|    n_updates            | 174         |
|    policy_gradient_loss | 0.00834     |
|    std                  | 0.756       |
|    value_loss           | 0.0864      |
-----------------------------------------
Early stopping at step 0 due to reaching max kl: 0.03
-----------------------------------------
| rollout/                |             |
|    ep_len_mean          | 481         |
|    ep_rew_mean          | 706         |
| time/                   |             |
|    fps                  | 2606        |
|    iterations           | 137         |
|    time_elapsed         | 430         |
|    total_timesteps      | 1122304     |
| train/                  |             |
|    approx_kl            | 0.010918821 |
|    clip_fraction        | 0.16        |
|    clip_range           | 0.2         |
|    entropy_loss         | -9.1        |
|    explained_variance   | 0.717       |
|    learning_rate        | 0.000255    |
|    loss                 | 0.00963     |
|    n_updates            | 175         |
|    policy_gradient_loss | 0.00154     |
|    std                  | 0.755       |
|    value_loss           | 0.0485      |
-----------------------------------------
Early stopping at step 0 due to reaching max kl: 0.03
---------------------------------------
| rollout/                |           |
|    ep_len_mean          | 493       |
|    ep_rew_mean          | 731       |
| time/                   |           |
|    fps                  | 2607      |
|    iterations           | 138       |
|    time_elapsed         | 433       |
|    total_timesteps      | 1130496   |
| train/                  |           |
|    approx_kl            | 0.0099027 |
|    clip_fraction        | 0.138     |
|    clip_range           | 0.2       |
|    entropy_loss         | -9.09     |
|    explained_variance   | 0.658     |
|    learning_rate        | 0.000255  |
|    loss                 | 0.0943    |
|    n_updates            | 176       |
|    policy_gradient_loss | 0.00466   |
|    std                  | 0.753     |
|    value_loss           | 0.0945    |
---------------------------------------
Early stopping at step 0 due to reaching max kl: 0.03
-----------------------------------------
| rollout/                |             |
|    ep_len_mean          | 456         |
|    ep_rew_mean          | 684         |
| time/                   |             |
|    fps                  | 2607        |
|    iterations           | 139         |
|    time_elapsed         | 436         |
|    total_timesteps      | 1138688     |
| train/                  |             |
|    approx_kl            | 0.013200562 |
|    clip_fraction        | 0.184       |
|    clip_range           | 0.2         |
|    entropy_loss         | -9.06       |
|    explained_variance   | 0.682       |
|    learning_rate        | 0.000255    |
|    loss                 | 0.00352     |
|    n_updates            | 177         |
|    policy_gradient_loss | 0.01        |
|    std                  | 0.75        |
|    value_loss           | 0.0792      |
-----------------------------------------
Early stopping at step 0 due to reaching max kl: 0.03
------------------------------------------
| rollout/                |              |
|    ep_len_mean          | 446          |
|    ep_rew_mean          | 670          |
| time/                   |              |
|    fps                  | 2608         |
|    iterations           | 140          |
|    time_elapsed         | 439          |
|    total_timesteps      | 1146880      |
| train/                  |              |
|    approx_kl            | 0.0115052685 |
|    clip_fraction        | 0.152        |
|    clip_range           | 0.2          |
|    entropy_loss         | -9.04        |
|    explained_variance   | 0.664        |
|    learning_rate        | 0.000254     |
|    loss                 | 0.0822       |
|    n_updates            | 178          |
|    policy_gradient_loss | 0.0076       |
|    std                  | 0.749        |
|    value_loss           | 0.124        |
------------------------------------------
Early stopping at step 0 due to reaching max kl: 0.03
-----------------------------------------
| rollout/                |             |
|    ep_len_mean          | 454         |
|    ep_rew_mean          | 691         |
| time/                   |             |
|    fps                  | 2608        |
|    iterations           | 141         |
|    time_elapsed         | 442         |
|    total_timesteps      | 1155072     |
| train/                  |             |
|    approx_kl            | 0.010282206 |
|    clip_fraction        | 0.139       |
|    clip_range           | 0.2         |
|    entropy_loss         | -9.03       |
|    explained_variance   | 0.646       |
|    learning_rate        | 0.000254    |
|    loss                 | 0.111       |
|    n_updates            | 179         |
|    policy_gradient_loss | 0.00368     |
|    std                  | 0.748       |
|    value_loss           | 0.085       |
-----------------------------------------
Early stopping at step 0 due to reaching max kl: 0.03
-----------------------------------------
| rollout/                |             |
|    ep_len_mean          | 442         |
|    ep_rew_mean          | 679         |
| time/                   |             |
|    fps                  | 2609        |
|    iterations           | 142         |
|    time_elapsed         | 445         |
|    total_timesteps      | 1163264     |
| train/                  |             |
|    approx_kl            | 0.012725182 |
|    clip_fraction        | 0.177       |
|    clip_range           | 0.2         |
|    entropy_loss         | -9.02       |
|    explained_variance   | 0.696       |
|    learning_rate        | 0.000254    |
|    loss                 | 0.0884      |
|    n_updates            | 180         |
|    policy_gradient_loss | 0.00734     |
|    std                  | 0.747       |
|    value_loss           | 0.0866      |
-----------------------------------------
Early stopping at step 0 due to reaching max kl: 0.03
----------------------------------------
| rollout/                |            |
|    ep_len_mean          | 413        |
|    ep_rew_mean          | 628        |
| time/                   |            |
|    fps                  | 2609       |
|    iterations           | 143        |
|    time_elapsed         | 448        |
|    total_timesteps      | 1171456    |
| train/                  |            |
|    approx_kl            | 0.01207415 |
|    clip_fraction        | 0.169      |
|    clip_range           | 0.2        |
|    entropy_loss         | -9.01      |
|    explained_variance   | 0.712      |
|    learning_rate        | 0.000253   |
|    loss                 | 0.063      |
|    n_updates            | 181        |
|    policy_gradient_loss | 0.00394    |
|    std                  | 0.746      |
|    value_loss           | 0.103      |
----------------------------------------
Early stopping at step 0 due to reaching max kl: 0.03
-----------------------------------------
| rollout/                |             |
|    ep_len_mean          | 423         |
|    ep_rew_mean          | 650         |
| time/                   |             |
|    fps                  | 2609        |
|    iterations           | 144         |
|    time_elapsed         | 452         |
|    total_timesteps      | 1179648     |
| train/                  |             |
|    approx_kl            | 0.011717191 |
|    clip_fraction        | 0.163       |
|    clip_range           | 0.2         |
|    entropy_loss         | -9          |
|    explained_variance   | 0.723       |
|    learning_rate        | 0.000253    |
|    loss                 | 0.00725     |
|    n_updates            | 182         |
|    policy_gradient_loss | 0.00798     |
|    std                  | 0.745       |
|    value_loss           | 0.0799      |
-----------------------------------------
Early stopping at step 0 due to reaching max kl: 0.03
----------------------------------------
| rollout/                |            |
|    ep_len_mean          | 420        |
|    ep_rew_mean          | 653        |
| time/                   |            |
|    fps                  | 2610       |
|    iterations           | 145        |
|    time_elapsed         | 455        |
|    total_timesteps      | 1187840    |
| train/                  |            |
|    approx_kl            | 0.01387073 |
|    clip_fraction        | 0.194      |
|    clip_range           | 0.2        |
|    entropy_loss         | -8.98      |
|    explained_variance   | 0.688      |
|    learning_rate        | 0.000253   |
|    loss                 | 0.0248     |
|    n_updates            | 183        |
|    policy_gradient_loss | 0.00401    |
|    std                  | 0.744      |
|    value_loss           | 0.105      |
----------------------------------------
Early stopping at step 0 due to reaching max kl: 0.04
-----------------------------------------
| rollout/                |             |
|    ep_len_mean          | 407         |
|    ep_rew_mean          | 627         |
| time/                   |             |
|    fps                  | 2610        |
|    iterations           | 146         |
|    time_elapsed         | 458         |
|    total_timesteps      | 1196032     |
| train/                  |             |
|    approx_kl            | 0.013246948 |
|    clip_fraction        | 0.183       |
|    clip_range           | 0.2         |
|    entropy_loss         | -8.97       |
|    explained_variance   | 0.746       |
|    learning_rate        | 0.000252    |
|    loss                 | 0.128       |
|    n_updates            | 184         |
|    policy_gradient_loss | 0.0103      |
|    std                  | 0.743       |
|    value_loss           | 0.11        |
-----------------------------------------
Early stopping at step 0 due to reaching max kl: 0.03
----------------------------------------
| rollout/                |            |
|    ep_len_mean          | 423        |
|    ep_rew_mean          | 653        |
| time/                   |            |
|    fps                  | 2610       |
|    iterations           | 147        |
|    time_elapsed         | 461        |
|    total_timesteps      | 1204224    |
| train/                  |            |
|    approx_kl            | 0.01359694 |
|    clip_fraction        | 0.185      |
|    clip_range           | 0.2        |
|    entropy_loss         | -8.96      |
|    explained_variance   | 0.748      |
|    learning_rate        | 0.000252   |
|    loss                 | 0.0385     |
|    n_updates            | 185        |
|    policy_gradient_loss | 0.00518    |
|    std                  | 0.742      |
|    value_loss           | 0.102      |
----------------------------------------
Early stopping at step 0 due to reaching max kl: 0.03
-----------------------------------------
| rollout/                |             |
|    ep_len_mean          | 396         |
|    ep_rew_mean          | 612         |
| time/                   |             |
|    fps                  | 2611        |
|    iterations           | 148         |
|    time_elapsed         | 464         |
|    total_timesteps      | 1212416     |
| train/                  |             |
|    approx_kl            | 0.013001719 |
|    clip_fraction        | 0.179       |
|    clip_range           | 0.2         |
|    entropy_loss         | -8.96       |
|    explained_variance   | 0.749       |
|    learning_rate        | 0.000252    |
|    loss                 | 0.0591      |
|    n_updates            | 186         |
|    policy_gradient_loss | 0.00677     |
|    std                  | 0.741       |
|    value_loss           | 0.0703      |
-----------------------------------------
Early stopping at step 0 due to reaching max kl: 0.03
----------------------------------------
| rollout/                |            |
|    ep_len_mean          | 407        |
|    ep_rew_mean          | 629        |
| time/                   |            |
|    fps                  | 2611       |
|    iterations           | 149        |
|    time_elapsed         | 467        |
|    total_timesteps      | 1220608    |
| train/                  |            |
|    approx_kl            | 0.01344781 |
|    clip_fraction        | 0.174      |
|    clip_range           | 0.2        |
|    entropy_loss         | -8.94      |
|    explained_variance   | 0.704      |
|    learning_rate        | 0.000252   |
|    loss                 | 0.0962     |
|    n_updates            | 187        |
|    policy_gradient_loss | 0.00551    |
|    std                  | 0.74       |
|    value_loss           | 0.15       |
----------------------------------------
Early stopping at step 0 due to reaching max kl: 0.03
----------------------------------------
| rollout/                |            |
|    ep_len_mean          | 427        |
|    ep_rew_mean          | 653        |
| time/                   |            |
|    fps                  | 2611       |
|    iterations           | 150        |
|    time_elapsed         | 470        |
|    total_timesteps      | 1228800    |
| train/                  |            |
|    approx_kl            | 0.01220075 |
|    clip_fraction        | 0.169      |
|    clip_range           | 0.2        |
|    entropy_loss         | -8.94      |
|    explained_variance   | 0.766      |
|    learning_rate        | 0.000251   |
|    loss                 | 0.0625     |
|    n_updates            | 188        |
|    policy_gradient_loss | 0.0068     |
|    std                  | 0.74       |
|    value_loss           | 0.0792     |
----------------------------------------
Early stopping at step 0 due to reaching max kl: 0.04
------------------------------------------
| rollout/                |              |
|    ep_len_mean          | 443          |
|    ep_rew_mean          | 674          |
| time/                   |              |
|    fps                  | 2612         |
|    iterations           | 151          |
|    time_elapsed         | 473          |
|    total_timesteps      | 1236992      |
| train/                  |              |
|    approx_kl            | 0.0128946025 |
|    clip_fraction        | 0.166        |
|    clip_range           | 0.2          |
|    entropy_loss         | -8.93        |
|    explained_variance   | 0.743        |
|    learning_rate        | 0.000251     |
|    loss                 | 0.227        |
|    n_updates            | 189          |
|    policy_gradient_loss | 0.00576      |
|    std                  | 0.739        |
|    value_loss           | 0.0698       |
------------------------------------------
Early stopping at step 0 due to reaching max kl: 0.03
-----------------------------------------
| rollout/                |             |
|    ep_len_mean          | 446         |
|    ep_rew_mean          | 680         |
| time/                   |             |
|    fps                  | 2611        |
|    iterations           | 152         |
|    time_elapsed         | 476         |
|    total_timesteps      | 1245184     |
| train/                  |             |
|    approx_kl            | 0.015790563 |
|    clip_fraction        | 0.227       |
|    clip_range           | 0.2         |
|    entropy_loss         | -8.92       |
|    explained_variance   | 0.713       |
|    learning_rate        | 0.000251    |
|    loss                 | 0.0445      |
|    n_updates            | 190         |
|    policy_gradient_loss | 0.00952     |
|    std                  | 0.738       |
|    value_loss           | 0.0771      |
-----------------------------------------
Early stopping at step 0 due to reaching max kl: 0.03
----------------------------------------
| rollout/                |            |
|    ep_len_mean          | 435        |
|    ep_rew_mean          | 657        |
| time/                   |            |
|    fps                  | 2612       |
|    iterations           | 153        |
|    time_elapsed         | 479        |
|    total_timesteps      | 1253376    |
| train/                  |            |
|    approx_kl            | 0.01279958 |
|    clip_fraction        | 0.167      |
|    clip_range           | 0.2        |
|    entropy_loss         | -8.91      |
|    explained_variance   | 0.73       |
|    learning_rate        | 0.00025    |
|    loss                 | 0.0346     |
|    n_updates            | 191        |
|    policy_gradient_loss | 0.00995    |
|    std                  | 0.736      |
|    value_loss           | 0.076      |
----------------------------------------
Early stopping at step 0 due to reaching max kl: 0.03
-----------------------------------------
| rollout/                |             |
|    ep_len_mean          | 478         |
|    ep_rew_mean          | 715         |
| time/                   |             |
|    fps                  | 2612        |
|    iterations           | 154         |
|    time_elapsed         | 482         |
|    total_timesteps      | 1261568     |
| train/                  |             |
|    approx_kl            | 0.012673059 |
|    clip_fraction        | 0.174       |
|    clip_range           | 0.2         |
|    entropy_loss         | -8.89       |
|    explained_variance   | 0.706       |
|    learning_rate        | 0.00025     |
|    loss                 | 0.0203      |
|    n_updates            | 192         |
|    policy_gradient_loss | 0.00365     |
|    std                  | 0.736       |
|    value_loss           | 0.114       |
-----------------------------------------
Early stopping at step 0 due to reaching max kl: 0.03
-----------------------------------------
| rollout/                |             |
|    ep_len_mean          | 505         |
|    ep_rew_mean          | 759         |
| time/                   |             |
|    fps                  | 2612        |
|    iterations           | 155         |
|    time_elapsed         | 485         |
|    total_timesteps      | 1269760     |
| train/                  |             |
|    approx_kl            | 0.012893238 |
|    clip_fraction        | 0.174       |
|    clip_range           | 0.2         |
|    entropy_loss         | -8.89       |
|    explained_variance   | 0.77        |
|    learning_rate        | 0.00025     |
|    loss                 | 0.0887      |
|    n_updates            | 193         |
|    policy_gradient_loss | 0.00984     |
|    std                  | 0.735       |
|    value_loss           | 0.0577      |
-----------------------------------------
Early stopping at step 0 due to reaching max kl: 0.03
-----------------------------------------
| rollout/                |             |
|    ep_len_mean          | 426         |
|    ep_rew_mean          | 642         |
| time/                   |             |
|    fps                  | 2613        |
|    iterations           | 156         |
|    time_elapsed         | 488         |
|    total_timesteps      | 1277952     |
| train/                  |             |
|    approx_kl            | 0.010394995 |
|    clip_fraction        | 0.143       |
|    clip_range           | 0.2         |
|    entropy_loss         | -8.87       |
|    explained_variance   | 0.743       |
|    learning_rate        | 0.000249    |
|    loss                 | 0.0515      |
|    n_updates            | 194         |
|    policy_gradient_loss | 0.0029      |
|    std                  | 0.733       |
|    value_loss           | 0.0532      |
-----------------------------------------
Early stopping at step 0 due to reaching max kl: 0.03
-----------------------------------------
| rollout/                |             |
|    ep_len_mean          | 424         |
|    ep_rew_mean          | 631         |
| time/                   |             |
|    fps                  | 2614        |
|    iterations           | 157         |
|    time_elapsed         | 491         |
|    total_timesteps      | 1286144     |
| train/                  |             |
|    approx_kl            | 0.013161641 |
|    clip_fraction        | 0.178       |
|    clip_range           | 0.2         |
|    entropy_loss         | -8.86       |
|    explained_variance   | 0.636       |
|    learning_rate        | 0.000249    |
|    loss                 | 0.103       |
|    n_updates            | 195         |
|    policy_gradient_loss | 0.0112      |
|    std                  | 0.732       |
|    value_loss           | 0.169       |
-----------------------------------------
Early stopping at step 0 due to reaching max kl: 0.03
-----------------------------------------
| rollout/                |             |
|    ep_len_mean          | 429         |
|    ep_rew_mean          | 639         |
| time/                   |             |
|    fps                  | 2614        |
|    iterations           | 158         |
|    time_elapsed         | 495         |
|    total_timesteps      | 1294336     |
| train/                  |             |
|    approx_kl            | 0.013407047 |
|    clip_fraction        | 0.191       |
|    clip_range           | 0.2         |
|    entropy_loss         | -8.85       |
|    explained_variance   | 0.709       |
|    learning_rate        | 0.000249    |
|    loss                 | 0.0943      |
|    n_updates            | 196         |
|    policy_gradient_loss | 0.00885     |
|    std                  | 0.731       |
|    value_loss           | 0.101       |
-----------------------------------------
Early stopping at step 0 due to reaching max kl: 0.04
-----------------------------------------
| rollout/                |             |
|    ep_len_mean          | 434         |
|    ep_rew_mean          | 655         |
| time/                   |             |
|    fps                  | 2615        |
|    iterations           | 159         |
|    time_elapsed         | 498         |
|    total_timesteps      | 1302528     |
| train/                  |             |
|    approx_kl            | 0.009355751 |
|    clip_fraction        | 0.124       |
|    clip_range           | 0.2         |
|    entropy_loss         | -8.83       |
|    explained_variance   | 0.739       |
|    learning_rate        | 0.000248    |
|    loss                 | 0.119       |
|    n_updates            | 197         |
|    policy_gradient_loss | 0.00257     |
|    std                  | 0.73        |
|    value_loss           | 0.0811      |
-----------------------------------------
Early stopping at step 0 due to reaching max kl: 0.03
-----------------------------------------
| rollout/                |             |
|    ep_len_mean          | 387         |
|    ep_rew_mean          | 580         |
| time/                   |             |
|    fps                  | 2615        |
|    iterations           | 160         |
|    time_elapsed         | 501         |
|    total_timesteps      | 1310720     |
| train/                  |             |
|    approx_kl            | 0.013909592 |
|    clip_fraction        | 0.189       |
|    clip_range           | 0.2         |
|    entropy_loss         | -8.82       |
|    explained_variance   | 0.7         |
|    learning_rate        | 0.000248    |
|    loss                 | 0.068       |
|    n_updates            | 198         |
|    policy_gradient_loss | 0.00894     |
|    std                  | 0.729       |
|    value_loss           | 0.0924      |
-----------------------------------------
Early stopping at step 0 due to reaching max kl: 0.03
-----------------------------------------
| rollout/                |             |
|    ep_len_mean          | 445         |
|    ep_rew_mean          | 666         |
| time/                   |             |
|    fps                  | 2616        |
|    iterations           | 161         |
|    time_elapsed         | 504         |
|    total_timesteps      | 1318912     |
| train/                  |             |
|    approx_kl            | 0.012307296 |
|    clip_fraction        | 0.166       |
|    clip_range           | 0.2         |
|    entropy_loss         | -8.81       |
|    explained_variance   | 0.743       |
|    learning_rate        | 0.000248    |
|    loss                 | 0.106       |
|    n_updates            | 199         |
|    policy_gradient_loss | 0.00725     |
|    std                  | 0.728       |
|    value_loss           | 0.114       |
-----------------------------------------
Early stopping at step 0 due to reaching max kl: 0.03
-----------------------------------------
| rollout/                |             |
|    ep_len_mean          | 460         |
|    ep_rew_mean          | 689         |
| time/                   |             |
|    fps                  | 2616        |
|    iterations           | 162         |
|    time_elapsed         | 507         |
|    total_timesteps      | 1327104     |
| train/                  |             |
|    approx_kl            | 0.009000549 |
|    clip_fraction        | 0.117       |
|    clip_range           | 0.2         |
|    entropy_loss         | -8.81       |
|    explained_variance   | 0.796       |
|    learning_rate        | 0.000247    |
|    loss                 | 0.106       |
|    n_updates            | 200         |
|    policy_gradient_loss | 0.0041      |
|    std                  | 0.727       |
|    value_loss           | 0.05        |
-----------------------------------------
Early stopping at step 0 due to reaching max kl: 0.03
----------------------------------------
| rollout/                |            |
|    ep_len_mean          | 471        |
|    ep_rew_mean          | 716        |
| time/                   |            |
|    fps                  | 2616       |
|    iterations           | 163        |
|    time_elapsed         | 510        |
|    total_timesteps      | 1335296    |
| train/                  |            |
|    approx_kl            | 0.01644623 |
|    clip_fraction        | 0.225      |
|    clip_range           | 0.2        |
|    entropy_loss         | -8.8       |
|    explained_variance   | 0.713      |
|    learning_rate        | 0.000247   |
|    loss                 | 0.062      |
|    n_updates            | 201        |
|    policy_gradient_loss | 0.0106     |
|    std                  | 0.727      |
|    value_loss           | 0.0894     |
----------------------------------------
Early stopping at step 0 due to reaching max kl: 0.04
-----------------------------------------
| rollout/                |             |
|    ep_len_mean          | 428         |
|    ep_rew_mean          | 650         |
| time/                   |             |
|    fps                  | 2617        |
|    iterations           | 164         |
|    time_elapsed         | 513         |
|    total_timesteps      | 1343488     |
| train/                  |             |
|    approx_kl            | 0.011843243 |
|    clip_fraction        | 0.151       |
|    clip_range           | 0.2         |
|    entropy_loss         | -8.79       |
|    explained_variance   | 0.703       |
|    learning_rate        | 0.000247    |
|    loss                 | 0.0184      |
|    n_updates            | 202         |
|    policy_gradient_loss | 0.000876    |
|    std                  | 0.726       |
|    value_loss           | 0.097       |
-----------------------------------------
Early stopping at step 0 due to reaching max kl: 0.03
----------------------------------------
| rollout/                |            |
|    ep_len_mean          | 473        |
|    ep_rew_mean          | 716        |
| time/                   |            |
|    fps                  | 2617       |
|    iterations           | 165        |
|    time_elapsed         | 516        |
|    total_timesteps      | 1351680    |
| train/                  |            |
|    approx_kl            | 0.00713761 |
|    clip_fraction        | 0.0855     |
|    clip_range           | 0.2        |
|    entropy_loss         | -8.79      |
|    explained_variance   | 0.698      |
|    learning_rate        | 0.000246   |
|    loss                 | 0.0499     |
|    n_updates            | 203        |
|    policy_gradient_loss | 0.00497    |
|    std                  | 0.726      |
|    value_loss           | 0.147      |
----------------------------------------
Early stopping at step 0 due to reaching max kl: 0.03
-----------------------------------------
| rollout/                |             |
|    ep_len_mean          | 469         |
|    ep_rew_mean          | 718         |
| time/                   |             |
|    fps                  | 2618        |
|    iterations           | 166         |
|    time_elapsed         | 519         |
|    total_timesteps      | 1359872     |
| train/                  |             |
|    approx_kl            | 0.010315467 |
|    clip_fraction        | 0.142       |
|    clip_range           | 0.2         |
|    entropy_loss         | -8.79       |
|    explained_variance   | 0.805       |
|    learning_rate        | 0.000246    |
|    loss                 | 0.0528      |
|    n_updates            | 204         |
|    policy_gradient_loss | 0.00358     |
|    std                  | 0.726       |
|    value_loss           | 0.046       |
-----------------------------------------
Early stopping at step 0 due to reaching max kl: 0.04
-----------------------------------------
| rollout/                |             |
|    ep_len_mean          | 460         |
|    ep_rew_mean          | 713         |
| time/                   |             |
|    fps                  | 2618        |
|    iterations           | 167         |
|    time_elapsed         | 522         |
|    total_timesteps      | 1368064     |
| train/                  |             |
|    approx_kl            | 0.011954316 |
|    clip_fraction        | 0.152       |
|    clip_range           | 0.2         |
|    entropy_loss         | -8.77       |
|    explained_variance   | 0.688       |
|    learning_rate        | 0.000246    |
|    loss                 | 0.205       |
|    n_updates            | 205         |
|    policy_gradient_loss | 0.00775     |
|    std                  | 0.725       |
|    value_loss           | 0.0871      |
-----------------------------------------
Early stopping at step 0 due to reaching max kl: 0.04
-----------------------------------------
| rollout/                |             |
|    ep_len_mean          | 461         |
|    ep_rew_mean          | 713         |
| time/                   |             |
|    fps                  | 2618        |
|    iterations           | 168         |
|    time_elapsed         | 525         |
|    total_timesteps      | 1376256     |
| train/                  |             |
|    approx_kl            | 0.013354353 |
|    clip_fraction        | 0.186       |
|    clip_range           | 0.2         |
|    entropy_loss         | -8.76       |
|    explained_variance   | 0.672       |
|    learning_rate        | 0.000245    |
|    loss                 | 0.0159      |
|    n_updates            | 206         |
|    policy_gradient_loss | 0.00768     |
|    std                  | 0.724       |
|    value_loss           | 0.069       |
-----------------------------------------
Early stopping at step 0 due to reaching max kl: 0.03
-----------------------------------------
| rollout/                |             |
|    ep_len_mean          | 478         |
|    ep_rew_mean          | 746         |
| time/                   |             |
|    fps                  | 2618        |
|    iterations           | 169         |
|    time_elapsed         | 528         |
|    total_timesteps      | 1384448     |
| train/                  |             |
|    approx_kl            | 0.012956325 |
|    clip_fraction        | 0.177       |
|    clip_range           | 0.2         |
|    entropy_loss         | -8.74       |
|    explained_variance   | 0.694       |
|    learning_rate        | 0.000245    |
|    loss                 | 0.0175      |
|    n_updates            | 207         |
|    policy_gradient_loss | 0.00532     |
|    std                  | 0.721       |
|    value_loss           | 0.105       |
-----------------------------------------
Early stopping at step 0 due to reaching max kl: 0.03
-----------------------------------------
| rollout/                |             |
|    ep_len_mean          | 509         |
|    ep_rew_mean          | 801         |
| time/                   |             |
|    fps                  | 2618        |
|    iterations           | 170         |
|    time_elapsed         | 531         |
|    total_timesteps      | 1392640     |
| train/                  |             |
|    approx_kl            | 0.013667794 |
|    clip_fraction        | 0.19        |
|    clip_range           | 0.2         |
|    entropy_loss         | -8.73       |
|    explained_variance   | 0.733       |
|    learning_rate        | 0.000245    |
|    loss                 | 0.0587      |
|    n_updates            | 208         |
|    policy_gradient_loss | 0.0129      |
|    std                  | 0.72        |
|    value_loss           | 0.0901      |
-----------------------------------------
Early stopping at step 0 due to reaching max kl: 0.04
-----------------------------------------
| rollout/                |             |
|    ep_len_mean          | 519         |
|    ep_rew_mean          | 813         |
| time/                   |             |
|    fps                  | 2618        |
|    iterations           | 171         |
|    time_elapsed         | 534         |
|    total_timesteps      | 1400832     |
| train/                  |             |
|    approx_kl            | 0.013396544 |
|    clip_fraction        | 0.181       |
|    clip_range           | 0.2         |
|    entropy_loss         | -8.71       |
|    explained_variance   | 0.766       |
|    learning_rate        | 0.000244    |
|    loss                 | 0.0334      |
|    n_updates            | 209         |
|    policy_gradient_loss | 0.00374     |
|    std                  | 0.719       |
|    value_loss           | 0.0661      |
-----------------------------------------
Early stopping at step 0 due to reaching max kl: 0.03
-----------------------------------------
| rollout/                |             |
|    ep_len_mean          | 496         |
|    ep_rew_mean          | 779         |
| time/                   |             |
|    fps                  | 2619        |
|    iterations           | 172         |
|    time_elapsed         | 537         |
|    total_timesteps      | 1409024     |
| train/                  |             |
|    approx_kl            | 0.010337607 |
|    clip_fraction        | 0.142       |
|    clip_range           | 0.2         |
|    entropy_loss         | -8.7        |
|    explained_variance   | 0.713       |
|    learning_rate        | 0.000244    |
|    loss                 | 0.114       |
|    n_updates            | 210         |
|    policy_gradient_loss | 0.00349     |
|    std                  | 0.718       |
|    value_loss           | 0.0922      |
-----------------------------------------
Early stopping at step 0 due to reaching max kl: 0.03
-----------------------------------------
| rollout/                |             |
|    ep_len_mean          | 486         |
|    ep_rew_mean          | 763         |
| time/                   |             |
|    fps                  | 2619        |
|    iterations           | 173         |
|    time_elapsed         | 541         |
|    total_timesteps      | 1417216     |
| train/                  |             |
|    approx_kl            | 0.013663411 |
|    clip_fraction        | 0.192       |
|    clip_range           | 0.2         |
|    entropy_loss         | -8.7        |
|    explained_variance   | 0.653       |
|    learning_rate        | 0.000244    |
|    loss                 | 0.132       |
|    n_updates            | 211         |
|    policy_gradient_loss | 0.00724     |
|    std                  | 0.719       |
|    value_loss           | 0.0964      |
-----------------------------------------
Early stopping at step 0 due to reaching max kl: 0.04
-----------------------------------------
| rollout/                |             |
|    ep_len_mean          | 480         |
|    ep_rew_mean          | 757         |
| time/                   |             |
|    fps                  | 2619        |
|    iterations           | 174         |
|    time_elapsed         | 544         |
|    total_timesteps      | 1425408     |
| train/                  |             |
|    approx_kl            | 0.011645821 |
|    clip_fraction        | 0.164       |
|    clip_range           | 0.2         |
|    entropy_loss         | -8.7        |
|    explained_variance   | 0.734       |
|    learning_rate        | 0.000243    |
|    loss                 | 0.0658      |
|    n_updates            | 212         |
|    policy_gradient_loss | 0.00478     |
|    std                  | 0.718       |
|    value_loss           | 0.0848      |
-----------------------------------------
Early stopping at step 0 due to reaching max kl: 0.04
-----------------------------------------
| rollout/                |             |
|    ep_len_mean          | 468         |
|    ep_rew_mean          | 727         |
| time/                   |             |
|    fps                  | 2620        |
|    iterations           | 175         |
|    time_elapsed         | 547         |
|    total_timesteps      | 1433600     |
| train/                  |             |
|    approx_kl            | 0.010693152 |
|    clip_fraction        | 0.141       |
|    clip_range           | 0.2         |
|    entropy_loss         | -8.69       |
|    explained_variance   | 0.653       |
|    learning_rate        | 0.000243    |
|    loss                 | 0.0338      |
|    n_updates            | 213         |
|    policy_gradient_loss | 0.00387     |
|    std                  | 0.717       |
|    value_loss           | 0.122       |
-----------------------------------------
Early stopping at step 0 due to reaching max kl: 0.03
-----------------------------------------
| rollout/                |             |
|    ep_len_mean          | 456         |
|    ep_rew_mean          | 701         |
| time/                   |             |
|    fps                  | 2620        |
|    iterations           | 176         |
|    time_elapsed         | 550         |
|    total_timesteps      | 1441792     |
| train/                  |             |
|    approx_kl            | 0.012038192 |
|    clip_fraction        | 0.173       |
|    clip_range           | 0.2         |
|    entropy_loss         | -8.68       |
|    explained_variance   | 0.722       |
|    learning_rate        | 0.000243    |
|    loss                 | 0.0273      |
|    n_updates            | 214         |
|    policy_gradient_loss | 0.00706     |
|    std                  | 0.717       |
|    value_loss           | 0.106       |
-----------------------------------------
Early stopping at step 0 due to reaching max kl: 0.03
-----------------------------------------
| rollout/                |             |
|    ep_len_mean          | 450         |
|    ep_rew_mean          | 703         |
| time/                   |             |
|    fps                  | 2620        |
|    iterations           | 177         |
|    time_elapsed         | 553         |
|    total_timesteps      | 1449984     |
| train/                  |             |
|    approx_kl            | 0.010058042 |
|    clip_fraction        | 0.133       |
|    clip_range           | 0.2         |
|    entropy_loss         | -8.68       |
|    explained_variance   | 0.69        |
|    learning_rate        | 0.000242    |
|    loss                 | 0.138       |
|    n_updates            | 215         |
|    policy_gradient_loss | 0.00581     |
|    std                  | 0.716       |
|    value_loss           | 0.0752      |
-----------------------------------------
Early stopping at step 0 due to reaching max kl: 0.03
-----------------------------------------
| rollout/                |             |
|    ep_len_mean          | 466         |
|    ep_rew_mean          | 731         |
| time/                   |             |
|    fps                  | 2621        |
|    iterations           | 178         |
|    time_elapsed         | 556         |
|    total_timesteps      | 1458176     |
| train/                  |             |
|    approx_kl            | 0.013843093 |
|    clip_fraction        | 0.184       |
|    clip_range           | 0.2         |
|    entropy_loss         | -8.67       |
|    explained_variance   | 0.68        |
|    learning_rate        | 0.000242    |
|    loss                 | 0.106       |
|    n_updates            | 216         |
|    policy_gradient_loss | 0.00892     |
|    std                  | 0.715       |
|    value_loss           | 0.0986      |
-----------------------------------------
Early stopping at step 0 due to reaching max kl: 0.03
-----------------------------------------
| rollout/                |             |
|    ep_len_mean          | 498         |
|    ep_rew_mean          | 775         |
| time/                   |             |
|    fps                  | 2621        |
|    iterations           | 179         |
|    time_elapsed         | 559         |
|    total_timesteps      | 1466368     |
| train/                  |             |
|    approx_kl            | 0.008967171 |
|    clip_fraction        | 0.117       |
|    clip_range           | 0.2         |
|    entropy_loss         | -8.66       |
|    explained_variance   | 0.698       |
|    learning_rate        | 0.000242    |
|    loss                 | 0.283       |
|    n_updates            | 217         |
|    policy_gradient_loss | 0.00785     |
|    std                  | 0.715       |
|    value_loss           | 0.064       |
-----------------------------------------
Early stopping at step 0 due to reaching max kl: 0.03
------------------------------------------
| rollout/                |              |
|    ep_len_mean          | 508          |
|    ep_rew_mean          | 794          |
| time/                   |              |
|    fps                  | 2621         |
|    iterations           | 180          |
|    time_elapsed         | 562          |
|    total_timesteps      | 1474560      |
| train/                  |              |
|    approx_kl            | 0.0120639475 |
|    clip_fraction        | 0.175        |
|    clip_range           | 0.2          |
|    entropy_loss         | -8.65        |
|    explained_variance   | 0.767        |
|    learning_rate        | 0.000241     |
|    loss                 | 0.0285       |
|    n_updates            | 218          |
|    policy_gradient_loss | 0.00659      |
|    std                  | 0.713        |
|    value_loss           | 0.0678       |
------------------------------------------
Early stopping at step 0 due to reaching max kl: 0.04
-----------------------------------------
| rollout/                |             |
|    ep_len_mean          | 519         |
|    ep_rew_mean          | 812         |
| time/                   |             |
|    fps                  | 2622        |
|    iterations           | 181         |
|    time_elapsed         | 565         |
|    total_timesteps      | 1482752     |
| train/                  |             |
|    approx_kl            | 0.008037263 |
|    clip_fraction        | 0.103       |
|    clip_range           | 0.2         |
|    entropy_loss         | -8.63       |
|    explained_variance   | 0.688       |
|    learning_rate        | 0.000241    |
|    loss                 | 0.0797      |
|    n_updates            | 219         |
|    policy_gradient_loss | 0.00287     |
|    std                  | 0.712       |
|    value_loss           | 0.0799      |
-----------------------------------------
Early stopping at step 0 due to reaching max kl: 0.03
-----------------------------------------
| rollout/                |             |
|    ep_len_mean          | 516         |
|    ep_rew_mean          | 811         |
| time/                   |             |
|    fps                  | 2622        |
|    iterations           | 182         |
|    time_elapsed         | 568         |
|    total_timesteps      | 1490944     |
| train/                  |             |
|    approx_kl            | 0.014571091 |
|    clip_fraction        | 0.204       |
|    clip_range           | 0.2         |
|    entropy_loss         | -8.62       |
|    explained_variance   | 0.707       |
|    learning_rate        | 0.000241    |
|    loss                 | 0.0836      |
|    n_updates            | 220         |
|    policy_gradient_loss | 0.00964     |
|    std                  | 0.711       |
|    value_loss           | 0.0708      |
-----------------------------------------
Early stopping at step 0 due to reaching max kl: 0.03
-----------------------------------------
| rollout/                |             |
|    ep_len_mean          | 520         |
|    ep_rew_mean          | 815         |
| time/                   |             |
|    fps                  | 2622        |
|    iterations           | 183         |
|    time_elapsed         | 571         |
|    total_timesteps      | 1499136     |
| train/                  |             |
|    approx_kl            | 0.014032012 |
|    clip_fraction        | 0.194       |
|    clip_range           | 0.2         |
|    entropy_loss         | -8.61       |
|    explained_variance   | 0.667       |
|    learning_rate        | 0.00024     |
|    loss                 | 0.124       |
|    n_updates            | 221         |
|    policy_gradient_loss | 0.00647     |
|    std                  | 0.709       |
|    value_loss           | 0.108       |
-----------------------------------------
Early stopping at step 0 due to reaching max kl: 0.04
-----------------------------------------
| rollout/                |             |
|    ep_len_mean          | 477         |
|    ep_rew_mean          | 751         |
| time/                   |             |
|    fps                  | 2622        |
|    iterations           | 184         |
|    time_elapsed         | 574         |
|    total_timesteps      | 1507328     |
| train/                  |             |
|    approx_kl            | 0.013225636 |
|    clip_fraction        | 0.172       |
|    clip_range           | 0.2         |
|    entropy_loss         | -8.59       |
|    explained_variance   | 0.723       |
|    learning_rate        | 0.00024     |
|    loss                 | 0.0551      |
|    n_updates            | 222         |
|    policy_gradient_loss | 0.00686     |
|    std                  | 0.708       |
|    value_loss           | 0.108       |
-----------------------------------------
Early stopping at step 1 due to reaching max kl: 0.03
-----------------------------------------
| rollout/                |             |
|    ep_len_mean          | 464         |
|    ep_rew_mean          | 737         |
| time/                   |             |
|    fps                  | 2622        |
|    iterations           | 185         |
|    time_elapsed         | 577         |
|    total_timesteps      | 1515520     |
| train/                  |             |
|    approx_kl            | 0.026753332 |
|    clip_fraction        | 0.218       |
|    clip_range           | 0.2         |
|    entropy_loss         | -8.58       |
|    explained_variance   | 0.738       |
|    learning_rate        | 0.00024     |
|    loss                 | 0.0199      |
|    n_updates            | 224         |
|    policy_gradient_loss | 0.00979     |
|    std                  | 0.707       |
|    value_loss           | 0.115       |
-----------------------------------------
Early stopping at step 0 due to reaching max kl: 0.03
-----------------------------------------
| rollout/                |             |
|    ep_len_mean          | 445         |
|    ep_rew_mean          | 709         |
| time/                   |             |
|    fps                  | 2621        |
|    iterations           | 186         |
|    time_elapsed         | 581         |
|    total_timesteps      | 1523712     |
| train/                  |             |
|    approx_kl            | 0.014474273 |
|    clip_fraction        | 0.2         |
|    clip_range           | 0.2         |
|    entropy_loss         | -8.56       |
|    explained_variance   | 0.766       |
|    learning_rate        | 0.000239    |
|    loss                 | 0.0594      |
|    n_updates            | 225         |
|    policy_gradient_loss | 0.00653     |
|    std                  | 0.705       |
|    value_loss           | 0.0789      |
-----------------------------------------
Early stopping at step 0 due to reaching max kl: 0.03
-----------------------------------------
| rollout/                |             |
|    ep_len_mean          | 381         |
|    ep_rew_mean          | 613         |
| time/                   |             |
|    fps                  | 2622        |
|    iterations           | 187         |
|    time_elapsed         | 584         |
|    total_timesteps      | 1531904     |
| train/                  |             |
|    approx_kl            | 0.012859407 |
|    clip_fraction        | 0.183       |
|    clip_range           | 0.2         |
|    entropy_loss         | -8.54       |
|    explained_variance   | 0.771       |
|    learning_rate        | 0.000239    |
|    loss                 | 0.0845      |
|    n_updates            | 226         |
|    policy_gradient_loss | 0.00411     |
|    std                  | 0.703       |
|    value_loss           | 0.0961      |
-----------------------------------------
Early stopping at step 0 due to reaching max kl: 0.04
-----------------------------------------
| rollout/                |             |
|    ep_len_mean          | 376         |
|    ep_rew_mean          | 601         |
| time/                   |             |
|    fps                  | 2622        |
|    iterations           | 188         |
|    time_elapsed         | 587         |
|    total_timesteps      | 1540096     |
| train/                  |             |
|    approx_kl            | 0.012996872 |
|    clip_fraction        | 0.176       |
|    clip_range           | 0.2         |
|    entropy_loss         | -8.52       |
|    explained_variance   | 0.699       |
|    learning_rate        | 0.000239    |
|    loss                 | 0.112       |
|    n_updates            | 227         |
|    policy_gradient_loss | 0.00685     |
|    std                  | 0.702       |
|    value_loss           | 0.166       |
-----------------------------------------
Early stopping at step 0 due to reaching max kl: 0.04
------------------------------------------
| rollout/                |              |
|    ep_len_mean          | 339          |
|    ep_rew_mean          | 541          |
| time/                   |              |
|    fps                  | 2622         |
|    iterations           | 189          |
|    time_elapsed         | 590          |
|    total_timesteps      | 1548288      |
| train/                  |              |
|    approx_kl            | 0.0121509265 |
|    clip_fraction        | 0.165        |
|    clip_range           | 0.2          |
|    entropy_loss         | -8.52        |
|    explained_variance   | 0.741        |
|    learning_rate        | 0.000238     |
|    loss                 | 0.0805       |
|    n_updates            | 228          |
|    policy_gradient_loss | 0.00986      |
|    std                  | 0.702        |
|    value_loss           | 0.109        |
------------------------------------------
Early stopping at step 0 due to reaching max kl: 0.03
----------------------------------------
| rollout/                |            |
|    ep_len_mean          | 355        |
|    ep_rew_mean          | 567        |
| time/                   |            |
|    fps                  | 2622       |
|    iterations           | 190        |
|    time_elapsed         | 593        |
|    total_timesteps      | 1556480    |
| train/                  |            |
|    approx_kl            | 0.01282676 |
|    clip_fraction        | 0.172      |
|    clip_range           | 0.2        |
|    entropy_loss         | -8.52      |
|    explained_variance   | 0.751      |
|    learning_rate        | 0.000238   |
|    loss                 | 0.0778     |
|    n_updates            | 229        |
|    policy_gradient_loss | 0.00376    |
|    std                  | 0.702      |
|    value_loss           | 0.136      |
----------------------------------------
Early stopping at step 0 due to reaching max kl: 0.03
-----------------------------------------
| rollout/                |             |
|    ep_len_mean          | 386         |
|    ep_rew_mean          | 615         |
| time/                   |             |
|    fps                  | 2622        |
|    iterations           | 191         |
|    time_elapsed         | 596         |
|    total_timesteps      | 1564672     |
| train/                  |             |
|    approx_kl            | 0.010381986 |
|    clip_fraction        | 0.134       |
|    clip_range           | 0.2         |
|    entropy_loss         | -8.51       |
|    explained_variance   | 0.737       |
|    learning_rate        | 0.000238    |
|    loss                 | 0.0451      |
|    n_updates            | 230         |
|    policy_gradient_loss | 0.00152     |
|    std                  | 0.701       |
|    value_loss           | 0.0666      |
-----------------------------------------
Early stopping at step 0 due to reaching max kl: 0.03
-----------------------------------------
| rollout/                |             |
|    ep_len_mean          | 416         |
|    ep_rew_mean          | 666         |
| time/                   |             |
|    fps                  | 2622        |
|    iterations           | 192         |
|    time_elapsed         | 599         |
|    total_timesteps      | 1572864     |
| train/                  |             |
|    approx_kl            | 0.013716452 |
|    clip_fraction        | 0.197       |
|    clip_range           | 0.2         |
|    entropy_loss         | -8.5        |
|    explained_variance   | 0.71        |
|    learning_rate        | 0.000237    |
|    loss                 | 0.0499      |
|    n_updates            | 231         |
|    policy_gradient_loss | 0.0066      |
|    std                  | 0.699       |
|    value_loss           | 0.0661      |
-----------------------------------------
Early stopping at step 0 due to reaching max kl: 0.04
[Progress] Training 4/6: 1,572,944/5,000,000 steps (31.5%); 2 full runs remain afterward; rough training ETA 1h 25m.
-----------------------------------------
| rollout/                |             |
|    ep_len_mean          | 441         |
|    ep_rew_mean          | 712         |
| time/                   |             |
|    fps                  | 2622        |
|    iterations           | 193         |
|    time_elapsed         | 602         |
|    total_timesteps      | 1581056     |
| train/                  |             |
|    approx_kl            | 0.014917444 |
|    clip_fraction        | 0.209       |
|    clip_range           | 0.2         |
|    entropy_loss         | -8.47       |
|    explained_variance   | 0.724       |
|    learning_rate        | 0.000237    |
|    loss                 | 0.0639      |
|    n_updates            | 232         |
|    policy_gradient_loss | 0.00666     |
|    std                  | 0.697       |
|    value_loss           | 0.0924      |
-----------------------------------------
Early stopping at step 0 due to reaching max kl: 0.03
-----------------------------------------
| rollout/                |             |
|    ep_len_mean          | 460         |
|    ep_rew_mean          | 745         |
| time/                   |             |
|    fps                  | 2622        |
|    iterations           | 194         |
|    time_elapsed         | 605         |
|    total_timesteps      | 1589248     |
| train/                  |             |
|    approx_kl            | 0.012044019 |
|    clip_fraction        | 0.168       |
|    clip_range           | 0.2         |
|    entropy_loss         | -8.46       |
|    explained_variance   | 0.77        |
|    learning_rate        | 0.000237    |
|    loss                 | 0.0622      |
|    n_updates            | 233         |
|    policy_gradient_loss | 0.00659     |
|    std                  | 0.697       |
|    value_loss           | 0.0616      |
-----------------------------------------
Early stopping at step 0 due to reaching max kl: 0.03
-----------------------------------------
| rollout/                |             |
|    ep_len_mean          | 523         |
|    ep_rew_mean          | 850         |
| time/                   |             |
|    fps                  | 2622        |
|    iterations           | 195         |
|    time_elapsed         | 609         |
|    total_timesteps      | 1597440     |
| train/                  |             |
|    approx_kl            | 0.013145342 |
|    clip_fraction        | 0.186       |
|    clip_range           | 0.2         |
|    entropy_loss         | -8.45       |
|    explained_variance   | 0.702       |
|    learning_rate        | 0.000236    |
|    loss                 | 0.109       |
|    n_updates            | 234         |
|    policy_gradient_loss | 0.00884     |
|    std                  | 0.696       |
|    value_loss           | 0.098       |
-----------------------------------------
Early stopping at step 0 due to reaching max kl: 0.03
-----------------------------------------
| rollout/                |             |
|    ep_len_mean          | 528         |
|    ep_rew_mean          | 867         |
| time/                   |             |
|    fps                  | 2622        |
|    iterations           | 196         |
|    time_elapsed         | 612         |
|    total_timesteps      | 1605632     |
| train/                  |             |
|    approx_kl            | 0.013749942 |
|    clip_fraction        | 0.188       |
|    clip_range           | 0.2         |
|    entropy_loss         | -8.43       |
|    explained_variance   | 0.761       |
|    learning_rate        | 0.000236    |
|    loss                 | 0.0941      |
|    n_updates            | 235         |
|    policy_gradient_loss | 0.00724     |
|    std                  | 0.693       |
|    value_loss           | 0.0621      |
-----------------------------------------
Early stopping at step 0 due to reaching max kl: 0.03
-----------------------------------------
| rollout/                |             |
|    ep_len_mean          | 519         |
|    ep_rew_mean          | 861         |
| time/                   |             |
|    fps                  | 2622        |
|    iterations           | 197         |
|    time_elapsed         | 615         |
|    total_timesteps      | 1613824     |
| train/                  |             |
|    approx_kl            | 0.010954059 |
|    clip_fraction        | 0.145       |
|    clip_range           | 0.2         |
|    entropy_loss         | -8.41       |
|    explained_variance   | 0.703       |
|    learning_rate        | 0.000236    |
|    loss                 | 0.115       |
|    n_updates            | 236         |
|    policy_gradient_loss | 0.00573     |
|    std                  | 0.692       |
|    value_loss           | 0.0939      |
-----------------------------------------
Early stopping at step 0 due to reaching max kl: 0.03
-----------------------------------------
| rollout/                |             |
|    ep_len_mean          | 496         |
|    ep_rew_mean          | 823         |
| time/                   |             |
|    fps                  | 2623        |
|    iterations           | 198         |
|    time_elapsed         | 618         |
|    total_timesteps      | 1622016     |
| train/                  |             |
|    approx_kl            | 0.011438394 |
|    clip_fraction        | 0.161       |
|    clip_range           | 0.2         |
|    entropy_loss         | -8.39       |
|    explained_variance   | 0.688       |
|    learning_rate        | 0.000235    |
|    loss                 | 0.0232      |
|    n_updates            | 237         |
|    policy_gradient_loss | 0.00361     |
|    std                  | 0.691       |
|    value_loss           | 0.0948      |
-----------------------------------------
Early stopping at step 0 due to reaching max kl: 0.03
-----------------------------------------
| rollout/                |             |
|    ep_len_mean          | 486         |
|    ep_rew_mean          | 811         |
| time/                   |             |
|    fps                  | 2623        |
|    iterations           | 199         |
|    time_elapsed         | 621         |
|    total_timesteps      | 1630208     |
| train/                  |             |
|    approx_kl            | 0.009712883 |
|    clip_fraction        | 0.124       |
|    clip_range           | 0.2         |
|    entropy_loss         | -8.38       |
|    explained_variance   | 0.701       |
|    learning_rate        | 0.000235    |
|    loss                 | 0.115       |
|    n_updates            | 238         |
|    policy_gradient_loss | 0.00308     |
|    std                  | 0.689       |
|    value_loss           | 0.0861      |
-----------------------------------------
Early stopping at step 0 due to reaching max kl: 0.03
-----------------------------------------
| rollout/                |             |
|    ep_len_mean          | 481         |
|    ep_rew_mean          | 805         |
| time/                   |             |
|    fps                  | 2623        |
|    iterations           | 200         |
|    time_elapsed         | 624         |
|    total_timesteps      | 1638400     |
| train/                  |             |
|    approx_kl            | 0.014613337 |
|    clip_fraction        | 0.204       |
|    clip_range           | 0.2         |
|    entropy_loss         | -8.36       |
|    explained_variance   | 0.664       |
|    learning_rate        | 0.000235    |
|    loss                 | 0.0398      |
|    n_updates            | 239         |
|    policy_gradient_loss | 0.00878     |
|    std                  | 0.688       |
|    value_loss           | 0.118       |
-----------------------------------------
Early stopping at step 0 due to reaching max kl: 0.03
-----------------------------------------
| rollout/                |             |
|    ep_len_mean          | 492         |
|    ep_rew_mean          | 827         |
| time/                   |             |
|    fps                  | 2623        |
|    iterations           | 201         |
|    time_elapsed         | 627         |
|    total_timesteps      | 1646592     |
| train/                  |             |
|    approx_kl            | 0.010002105 |
|    clip_fraction        | 0.134       |
|    clip_range           | 0.2         |
|    entropy_loss         | -8.35       |
|    explained_variance   | 0.652       |
|    learning_rate        | 0.000234    |
|    loss                 | 0.055       |
|    n_updates            | 240         |
|    policy_gradient_loss | 0.00648     |
|    std                  | 0.687       |
|    value_loss           | 0.106       |
-----------------------------------------
Early stopping at step 0 due to reaching max kl: 0.03
-----------------------------------------
| rollout/                |             |
|    ep_len_mean          | 502         |
|    ep_rew_mean          | 842         |
| time/                   |             |
|    fps                  | 2623        |
|    iterations           | 202         |
|    time_elapsed         | 630         |
|    total_timesteps      | 1654784     |
| train/                  |             |
|    approx_kl            | 0.013958149 |
|    clip_fraction        | 0.192       |
|    clip_range           | 0.2         |
|    entropy_loss         | -8.34       |
|    explained_variance   | 0.654       |
|    learning_rate        | 0.000234    |
|    loss                 | 0.0684      |
|    n_updates            | 241         |
|    policy_gradient_loss | 0.00908     |
|    std                  | 0.686       |
|    value_loss           | 0.041       |
-----------------------------------------
Early stopping at step 0 due to reaching max kl: 0.03
-----------------------------------------
| rollout/                |             |
|    ep_len_mean          | 505         |
|    ep_rew_mean          | 848         |
| time/                   |             |
|    fps                  | 2623        |
|    iterations           | 203         |
|    time_elapsed         | 633         |
|    total_timesteps      | 1662976     |
| train/                  |             |
|    approx_kl            | 0.011894746 |
|    clip_fraction        | 0.164       |
|    clip_range           | 0.2         |
|    entropy_loss         | -8.32       |
|    explained_variance   | 0.587       |
|    learning_rate        | 0.000234    |
|    loss                 | 0.0522      |
|    n_updates            | 242         |
|    policy_gradient_loss | 0.00268     |
|    std                  | 0.685       |
|    value_loss           | 0.104       |
-----------------------------------------
Early stopping at step 0 due to reaching max kl: 0.03
-----------------------------------------
| rollout/                |             |
|    ep_len_mean          | 488         |
|    ep_rew_mean          | 814         |
| time/                   |             |
|    fps                  | 2624        |
|    iterations           | 204         |
|    time_elapsed         | 636         |
|    total_timesteps      | 1671168     |
| train/                  |             |
|    approx_kl            | 0.010302772 |
|    clip_fraction        | 0.139       |
|    clip_range           | 0.2         |
|    entropy_loss         | -8.31       |
|    explained_variance   | 0.608       |
|    learning_rate        | 0.000233    |
|    loss                 | 0.0909      |
|    n_updates            | 243         |
|    policy_gradient_loss | 0.00508     |
|    std                  | 0.684       |
|    value_loss           | 0.0884      |
-----------------------------------------
Early stopping at step 0 due to reaching max kl: 0.04
-----------------------------------------
| rollout/                |             |
|    ep_len_mean          | 515         |
|    ep_rew_mean          | 862         |
| time/                   |             |
|    fps                  | 2624        |
|    iterations           | 205         |
|    time_elapsed         | 639         |
|    total_timesteps      | 1679360     |
| train/                  |             |
|    approx_kl            | 0.015340094 |
|    clip_fraction        | 0.207       |
|    clip_range           | 0.2         |
|    entropy_loss         | -8.29       |
|    explained_variance   | 0.655       |
|    learning_rate        | 0.000233    |
|    loss                 | -0.000378   |
|    n_updates            | 244         |
|    policy_gradient_loss | 0.0102      |
|    std                  | 0.682       |
|    value_loss           | 0.0836      |
-----------------------------------------
Early stopping at step 0 due to reaching max kl: 0.03
---------------------------------------
| rollout/                |           |
|    ep_len_mean          | 555       |
|    ep_rew_mean          | 926       |
| time/                   |           |
|    fps                  | 2624      |
|    iterations           | 206       |
|    time_elapsed         | 643       |
|    total_timesteps      | 1687552   |
| train/                  |           |
|    approx_kl            | 0.0124154 |
|    clip_fraction        | 0.167     |
|    clip_range           | 0.2       |
|    entropy_loss         | -8.27     |
|    explained_variance   | 0.685     |
|    learning_rate        | 0.000233  |
|    loss                 | 0.0486    |
|    n_updates            | 245       |
|    policy_gradient_loss | 0.00846   |
|    std                  | 0.68      |
|    value_loss           | 0.0684    |
---------------------------------------
Early stopping at step 1 due to reaching max kl: 0.03
-----------------------------------------
| rollout/                |             |
|    ep_len_mean          | 556         |
|    ep_rew_mean          | 920         |
| time/                   |             |
|    fps                  | 2623        |
|    iterations           | 207         |
|    time_elapsed         | 646         |
|    total_timesteps      | 1695744     |
| train/                  |             |
|    approx_kl            | 0.033826657 |
|    clip_fraction        | 0.211       |
|    clip_range           | 0.2         |
|    entropy_loss         | -8.25       |
|    explained_variance   | 0.625       |
|    learning_rate        | 0.000232    |
|    loss                 | -0.0165     |
|    n_updates            | 247         |
|    policy_gradient_loss | 0.0095      |
|    std                  | 0.679       |
|    value_loss           | 0.0676      |
-----------------------------------------
Early stopping at step 0 due to reaching max kl: 0.03
-----------------------------------------
| rollout/                |             |
|    ep_len_mean          | 550         |
|    ep_rew_mean          | 916         |
| time/                   |             |
|    fps                  | 2623        |
|    iterations           | 208         |
|    time_elapsed         | 649         |
|    total_timesteps      | 1703936     |
| train/                  |             |
|    approx_kl            | 0.012608423 |
|    clip_fraction        | 0.175       |
|    clip_range           | 0.2         |
|    entropy_loss         | -8.24       |
|    explained_variance   | 0.607       |
|    learning_rate        | 0.000232    |
|    loss                 | 0.0398      |
|    n_updates            | 248         |
|    policy_gradient_loss | 0.00825     |
|    std                  | 0.678       |
|    value_loss           | 0.087       |
-----------------------------------------
Early stopping at step 1 due to reaching max kl: 0.03
-----------------------------------------
| rollout/                |             |
|    ep_len_mean          | 557         |
|    ep_rew_mean          | 927         |
| time/                   |             |
|    fps                  | 2623        |
|    iterations           | 209         |
|    time_elapsed         | 652         |
|    total_timesteps      | 1712128     |
| train/                  |             |
|    approx_kl            | 0.024139624 |
|    clip_fraction        | 0.206       |
|    clip_range           | 0.2         |
|    entropy_loss         | -8.21       |
|    explained_variance   | 0.751       |
|    learning_rate        | 0.000232    |
|    loss                 | -0.0147     |
|    n_updates            | 250         |
|    policy_gradient_loss | 0.0086      |
|    std                  | 0.674       |
|    value_loss           | 0.0375      |
-----------------------------------------
Early stopping at step 0 due to reaching max kl: 0.04
-----------------------------------------
| rollout/                |             |
|    ep_len_mean          | 570         |
|    ep_rew_mean          | 954         |
| time/                   |             |
|    fps                  | 2623        |
|    iterations           | 210         |
|    time_elapsed         | 655         |
|    total_timesteps      | 1720320     |
| train/                  |             |
|    approx_kl            | 0.013292156 |
|    clip_fraction        | 0.186       |
|    clip_range           | 0.2         |
|    entropy_loss         | -8.19       |
|    explained_variance   | 0.703       |
|    learning_rate        | 0.000232    |
|    loss                 | 0.0555      |
|    n_updates            | 251         |
|    policy_gradient_loss | 0.0083      |
|    std                  | 0.673       |
|    value_loss           | 0.0654      |
-----------------------------------------
Early stopping at step 1 due to reaching max kl: 0.03
-----------------------------------------
| rollout/                |             |
|    ep_len_mean          | 506         |
|    ep_rew_mean          | 841         |
| time/                   |             |
|    fps                  | 2623        |
|    iterations           | 211         |
|    time_elapsed         | 658         |
|    total_timesteps      | 1728512     |
| train/                  |             |
|    approx_kl            | 0.033483144 |
|    clip_fraction        | 0.206       |
|    clip_range           | 0.2         |
|    entropy_loss         | -8.17       |
|    explained_variance   | 0.701       |
|    learning_rate        | 0.000231    |
|    loss                 | 0.0268      |
|    n_updates            | 253         |
|    policy_gradient_loss | 0.00749     |
|    std                  | 0.672       |
|    value_loss           | 0.0998      |
-----------------------------------------
Early stopping at step 0 due to reaching max kl: 0.03
-----------------------------------------
| rollout/                |             |
|    ep_len_mean          | 473         |
|    ep_rew_mean          | 793         |
| time/                   |             |
|    fps                  | 2623        |
|    iterations           | 212         |
|    time_elapsed         | 662         |
|    total_timesteps      | 1736704     |
| train/                  |             |
|    approx_kl            | 0.011640547 |
|    clip_fraction        | 0.159       |
|    clip_range           | 0.2         |
|    entropy_loss         | -8.16       |
|    explained_variance   | 0.585       |
|    learning_rate        | 0.000231    |
|    loss                 | 0.0371      |
|    n_updates            | 254         |
|    policy_gradient_loss | 0.00691     |
|    std                  | 0.672       |
|    value_loss           | 0.141       |
-----------------------------------------
Early stopping at step 0 due to reaching max kl: 0.04
-----------------------------------------
| rollout/                |             |
|    ep_len_mean          | 427         |
|    ep_rew_mean          | 712         |
| time/                   |             |
|    fps                  | 2623        |
|    iterations           | 213         |
|    time_elapsed         | 665         |
|    total_timesteps      | 1744896     |
| train/                  |             |
|    approx_kl            | 0.012929601 |
|    clip_fraction        | 0.174       |
|    clip_range           | 0.2         |
|    entropy_loss         | -8.16       |
|    explained_variance   | 0.676       |
|    learning_rate        | 0.000231    |
|    loss                 | 0.0525      |
|    n_updates            | 255         |
|    policy_gradient_loss | 0.0062      |
|    std                  | 0.671       |
|    value_loss           | 0.12        |
-----------------------------------------
Early stopping at step 0 due to reaching max kl: 0.03
---------------------------------------
| rollout/                |           |
|    ep_len_mean          | 387       |
|    ep_rew_mean          | 650       |
| time/                   |           |
|    fps                  | 2623      |
|    iterations           | 214       |
|    time_elapsed         | 668       |
|    total_timesteps      | 1753088   |
| train/                  |           |
|    approx_kl            | 0.0114894 |
|    clip_fraction        | 0.144     |
|    clip_range           | 0.2       |
|    entropy_loss         | -8.16     |
|    explained_variance   | 0.671     |
|    learning_rate        | 0.00023   |
|    loss                 | 0.0789    |
|    n_updates            | 256       |
|    policy_gradient_loss | 0.00537   |
|    std                  | 0.671     |
|    value_loss           | 0.141     |
---------------------------------------
Early stopping at step 0 due to reaching max kl: 0.03
-----------------------------------------
| rollout/                |             |
|    ep_len_mean          | 398         |
|    ep_rew_mean          | 673         |
| time/                   |             |
|    fps                  | 2623        |
|    iterations           | 215         |
|    time_elapsed         | 671         |
|    total_timesteps      | 1761280     |
| train/                  |             |
|    approx_kl            | 0.014793139 |
|    clip_fraction        | 0.204       |
|    clip_range           | 0.2         |
|    entropy_loss         | -8.15       |
|    explained_variance   | 0.704       |
|    learning_rate        | 0.00023     |
|    loss                 | 0.0429      |
|    n_updates            | 257         |
|    policy_gradient_loss | 0.00661     |
|    std                  | 0.67        |
|    value_loss           | 0.124       |
-----------------------------------------
Early stopping at step 0 due to reaching max kl: 0.03
-----------------------------------------
| rollout/                |             |
|    ep_len_mean          | 434         |
|    ep_rew_mean          | 738         |
| time/                   |             |
|    fps                  | 2623        |
|    iterations           | 216         |
|    time_elapsed         | 674         |
|    total_timesteps      | 1769472     |
| train/                  |             |
|    approx_kl            | 0.012483369 |
|    clip_fraction        | 0.172       |
|    clip_range           | 0.2         |
|    entropy_loss         | -8.13       |
|    explained_variance   | 0.67        |
|    learning_rate        | 0.00023     |
|    loss                 | 0.0532      |
|    n_updates            | 258         |
|    policy_gradient_loss | 0.00368     |
|    std                  | 0.669       |
|    value_loss           | 0.101       |
-----------------------------------------
Early stopping at step 1 due to reaching max kl: 0.04
----------------------------------------
| rollout/                |            |
|    ep_len_mean          | 468        |
|    ep_rew_mean          | 801        |
| time/                   |            |
|    fps                  | 2623       |
|    iterations           | 217        |
|    time_elapsed         | 677        |
|    total_timesteps      | 1777664    |
| train/                  |            |
|    approx_kl            | 0.03751555 |
|    clip_fraction        | 0.22       |
|    clip_range           | 0.2        |
|    entropy_loss         | -8.12      |
|    explained_variance   | 0.679      |
|    learning_rate        | 0.000229   |
|    loss                 | -0.0174    |
|    n_updates            | 260        |
|    policy_gradient_loss | 0.0101     |
|    std                  | 0.667      |
|    value_loss           | 0.0536     |
----------------------------------------
Early stopping at step 0 due to reaching max kl: 0.03
-----------------------------------------
| rollout/                |             |
|    ep_len_mean          | 465         |
|    ep_rew_mean          | 789         |
| time/                   |             |
|    fps                  | 2623        |
|    iterations           | 218         |
|    time_elapsed         | 680         |
|    total_timesteps      | 1785856     |
| train/                  |             |
|    approx_kl            | 0.014727802 |
|    clip_fraction        | 0.199       |
|    clip_range           | 0.2         |
|    entropy_loss         | -8.1        |
|    explained_variance   | 0.653       |
|    learning_rate        | 0.000229    |
|    loss                 | 0.0741      |
|    n_updates            | 261         |
|    policy_gradient_loss | 0.00729     |
|    std                  | 0.666       |
|    value_loss           | 0.107       |
-----------------------------------------
Early stopping at step 0 due to reaching max kl: 0.03
-----------------------------------------
| rollout/                |             |
|    ep_len_mean          | 485         |
|    ep_rew_mean          | 819         |
| time/                   |             |
|    fps                  | 2623        |
|    iterations           | 219         |
|    time_elapsed         | 683         |
|    total_timesteps      | 1794048     |
| train/                  |             |
|    approx_kl            | 0.012925708 |
|    clip_fraction        | 0.182       |
|    clip_range           | 0.2         |
|    entropy_loss         | -8.1        |
|    explained_variance   | 0.694       |
|    learning_rate        | 0.000229    |
|    loss                 | 0.114       |
|    n_updates            | 262         |
|    policy_gradient_loss | 0.00873     |
|    std                  | 0.666       |
|    value_loss           | 0.0979      |
-----------------------------------------
Early stopping at step 0 due to reaching max kl: 0.03
-----------------------------------------
| rollout/                |             |
|    ep_len_mean          | 507         |
|    ep_rew_mean          | 849         |
| time/                   |             |
|    fps                  | 2623        |
|    iterations           | 220         |
|    time_elapsed         | 686         |
|    total_timesteps      | 1802240     |
| train/                  |             |
|    approx_kl            | 0.014271605 |
|    clip_fraction        | 0.191       |
|    clip_range           | 0.2         |
|    entropy_loss         | -8.08       |
|    explained_variance   | 0.719       |
|    learning_rate        | 0.000228    |
|    loss                 | 0.0595      |
|    n_updates            | 263         |
|    policy_gradient_loss | 0.00996     |
|    std                  | 0.664       |
|    value_loss           | 0.0924      |
-----------------------------------------
Early stopping at step 0 due to reaching max kl: 0.03
-----------------------------------------
| rollout/                |             |
|    ep_len_mean          | 504         |
|    ep_rew_mean          | 838         |
| time/                   |             |
|    fps                  | 2623        |
|    iterations           | 221         |
|    time_elapsed         | 690         |
|    total_timesteps      | 1810432     |
| train/                  |             |
|    approx_kl            | 0.015619986 |
|    clip_fraction        | 0.214       |
|    clip_range           | 0.2         |
|    entropy_loss         | -8.06       |
|    explained_variance   | 0.683       |
|    learning_rate        | 0.000228    |
|    loss                 | 0.16        |
|    n_updates            | 264         |
|    policy_gradient_loss | 0.00974     |
|    std                  | 0.663       |
|    value_loss           | 0.0799      |
-----------------------------------------
Early stopping at step 0 due to reaching max kl: 0.03
-----------------------------------------
| rollout/                |             |
|    ep_len_mean          | 455         |
|    ep_rew_mean          | 752         |
| time/                   |             |
|    fps                  | 2623        |
|    iterations           | 222         |
|    time_elapsed         | 693         |
|    total_timesteps      | 1818624     |
| train/                  |             |
|    approx_kl            | 0.012894357 |
|    clip_fraction        | 0.171       |
|    clip_range           | 0.2         |
|    entropy_loss         | -8.06       |
|    explained_variance   | 0.677       |
|    learning_rate        | 0.000228    |
|    loss                 | 0.0851      |
|    n_updates            | 265         |
|    policy_gradient_loss | 0.0085      |
|    std                  | 0.663       |
|    value_loss           | 0.101       |
-----------------------------------------
Early stopping at step 0 due to reaching max kl: 0.03
-----------------------------------------
| rollout/                |             |
|    ep_len_mean          | 469         |
|    ep_rew_mean          | 773         |
| time/                   |             |
|    fps                  | 2624        |
|    iterations           | 223         |
|    time_elapsed         | 696         |
|    total_timesteps      | 1826816     |
| train/                  |             |
|    approx_kl            | 0.011015273 |
|    clip_fraction        | 0.153       |
|    clip_range           | 0.2         |
|    entropy_loss         | -8.05       |
|    explained_variance   | 0.669       |
|    learning_rate        | 0.000227    |
|    loss                 | 0.00633     |
|    n_updates            | 266         |
|    policy_gradient_loss | 0.00292     |
|    std                  | 0.662       |
|    value_loss           | 0.125       |
-----------------------------------------
Early stopping at step 0 due to reaching max kl: 0.03
-----------------------------------------
| rollout/                |             |
|    ep_len_mean          | 492         |
|    ep_rew_mean          | 820         |
| time/                   |             |
|    fps                  | 2624        |
|    iterations           | 224         |
|    time_elapsed         | 699         |
|    total_timesteps      | 1835008     |
| train/                  |             |
|    approx_kl            | 0.007982361 |
|    clip_fraction        | 0.0942      |
|    clip_range           | 0.2         |
|    entropy_loss         | -8.05       |
|    explained_variance   | 0.716       |
|    learning_rate        | 0.000227    |
|    loss                 | 0.0573      |
|    n_updates            | 267         |
|    policy_gradient_loss | 0.000779    |
|    std                  | 0.662       |
|    value_loss           | 0.0958      |
-----------------------------------------
Early stopping at step 0 due to reaching max kl: 0.03
-----------------------------------------
| rollout/                |             |
|    ep_len_mean          | 465         |
|    ep_rew_mean          | 777         |
| time/                   |             |
|    fps                  | 2624        |
|    iterations           | 225         |
|    time_elapsed         | 702         |
|    total_timesteps      | 1843200     |
| train/                  |             |
|    approx_kl            | 0.012003972 |
|    clip_fraction        | 0.166       |
|    clip_range           | 0.2         |
|    entropy_loss         | -8.04       |
|    explained_variance   | 0.688       |
|    learning_rate        | 0.000227    |
|    loss                 | -0.00941    |
|    n_updates            | 268         |
|    policy_gradient_loss | 0.00576     |
|    std                  | 0.661       |
|    value_loss           | 0.0568      |
-----------------------------------------
Early stopping at step 0 due to reaching max kl: 0.03
-----------------------------------------
| rollout/                |             |
|    ep_len_mean          | 476         |
|    ep_rew_mean          | 790         |
| time/                   |             |
|    fps                  | 2625        |
|    iterations           | 226         |
|    time_elapsed         | 705         |
|    total_timesteps      | 1851392     |
| train/                  |             |
|    approx_kl            | 0.010934354 |
|    clip_fraction        | 0.148       |
|    clip_range           | 0.2         |
|    entropy_loss         | -8.03       |
|    explained_variance   | 0.698       |
|    learning_rate        | 0.000226    |
|    loss                 | 0.119       |
|    n_updates            | 269         |
|    policy_gradient_loss | 0.00556     |
|    std                  | 0.66        |
|    value_loss           | 0.13        |
-----------------------------------------
Early stopping at step 0 due to reaching max kl: 0.03
-----------------------------------------
| rollout/                |             |
|    ep_len_mean          | 512         |
|    ep_rew_mean          | 849         |
| time/                   |             |
|    fps                  | 2625        |
|    iterations           | 227         |
|    time_elapsed         | 708         |
|    total_timesteps      | 1859584     |
| train/                  |             |
|    approx_kl            | 0.014309899 |
|    clip_fraction        | 0.202       |
|    clip_range           | 0.2         |
|    entropy_loss         | -8.02       |
|    explained_variance   | 0.73        |
|    learning_rate        | 0.000226    |
|    loss                 | 0.0741      |
|    n_updates            | 270         |
|    policy_gradient_loss | 0.00837     |
|    std                  | 0.659       |
|    value_loss           | 0.0644      |
-----------------------------------------
Early stopping at step 0 due to reaching max kl: 0.03
-----------------------------------------
| rollout/                |             |
|    ep_len_mean          | 542         |
|    ep_rew_mean          | 899         |
| time/                   |             |
|    fps                  | 2625        |
|    iterations           | 228         |
|    time_elapsed         | 711         |
|    total_timesteps      | 1867776     |
| train/                  |             |
|    approx_kl            | 0.015500445 |
|    clip_fraction        | 0.213       |
|    clip_range           | 0.2         |
|    entropy_loss         | -8          |
|    explained_variance   | 0.744       |
|    learning_rate        | 0.000226    |
|    loss                 | 0.092       |
|    n_updates            | 271         |
|    policy_gradient_loss | 0.0106      |
|    std                  | 0.657       |
|    value_loss           | 0.0409      |
-----------------------------------------
Early stopping at step 0 due to reaching max kl: 0.03
-----------------------------------------
| rollout/                |             |
|    ep_len_mean          | 529         |
|    ep_rew_mean          | 879         |
| time/                   |             |
|    fps                  | 2625        |
|    iterations           | 229         |
|    time_elapsed         | 714         |
|    total_timesteps      | 1875968     |
| train/                  |             |
|    approx_kl            | 0.012255419 |
|    clip_fraction        | 0.164       |
|    clip_range           | 0.2         |
|    entropy_loss         | -7.99       |
|    explained_variance   | 0.667       |
|    learning_rate        | 0.000225    |
|    loss                 | 0.0152      |
|    n_updates            | 272         |
|    policy_gradient_loss | 0.00874     |
|    std                  | 0.657       |
|    value_loss           | 0.0767      |
-----------------------------------------
Early stopping at step 0 due to reaching max kl: 0.03
-----------------------------------------
| rollout/                |             |
|    ep_len_mean          | 507         |
|    ep_rew_mean          | 840         |
| time/                   |             |
|    fps                  | 2625        |
|    iterations           | 230         |
|    time_elapsed         | 717         |
|    total_timesteps      | 1884160     |
| train/                  |             |
|    approx_kl            | 0.011705915 |
|    clip_fraction        | 0.155       |
|    clip_range           | 0.2         |
|    entropy_loss         | -7.98       |
|    explained_variance   | 0.651       |
|    learning_rate        | 0.000225    |
|    loss                 | 0.0826      |
|    n_updates            | 273         |
|    policy_gradient_loss | 0.00713     |
|    std                  | 0.656       |
|    value_loss           | 0.0938      |
-----------------------------------------
Early stopping at step 0 due to reaching max kl: 0.04
-----------------------------------------
| rollout/                |             |
|    ep_len_mean          | 552         |
|    ep_rew_mean          | 917         |
| time/                   |             |
|    fps                  | 2625        |
|    iterations           | 231         |
|    time_elapsed         | 720         |
|    total_timesteps      | 1892352     |
| train/                  |             |
|    approx_kl            | 0.012678883 |
|    clip_fraction        | 0.165       |
|    clip_range           | 0.2         |
|    entropy_loss         | -7.97       |
|    explained_variance   | 0.661       |
|    learning_rate        | 0.000225    |
|    loss                 | 0.118       |
|    n_updates            | 274         |
|    policy_gradient_loss | 0.00707     |
|    std                  | 0.655       |
|    value_loss           | 0.105       |
-----------------------------------------
Early stopping at step 0 due to reaching max kl: 0.03
-----------------------------------------
| rollout/                |             |
|    ep_len_mean          | 522         |
|    ep_rew_mean          | 875         |
| time/                   |             |
|    fps                  | 2625        |
|    iterations           | 232         |
|    time_elapsed         | 723         |
|    total_timesteps      | 1900544     |
| train/                  |             |
|    approx_kl            | 0.013551724 |
|    clip_fraction        | 0.183       |
|    clip_range           | 0.2         |
|    entropy_loss         | -7.96       |
|    explained_variance   | 0.714       |
|    learning_rate        | 0.000224    |
|    loss                 | 0.206       |
|    n_updates            | 275         |
|    policy_gradient_loss | 0.0126      |
|    std                  | 0.655       |
|    value_loss           | 0.0685      |
-----------------------------------------
Early stopping at step 0 due to reaching max kl: 0.05
------------------------------------------
| rollout/                |              |
|    ep_len_mean          | 532          |
|    ep_rew_mean          | 893          |
| time/                   |              |
|    fps                  | 2625         |
|    iterations           | 233          |
|    time_elapsed         | 726          |
|    total_timesteps      | 1908736      |
| train/                  |              |
|    approx_kl            | 0.0151951285 |
|    clip_fraction        | 0.206        |
|    clip_range           | 0.2          |
|    entropy_loss         | -7.95        |
|    explained_variance   | 0.667        |
|    learning_rate        | 0.000224     |
|    loss                 | 0.1          |
|    n_updates            | 276          |
|    policy_gradient_loss | 0.00638      |
|    std                  | 0.654        |
|    value_loss           | 0.0926       |
------------------------------------------
Early stopping at step 0 due to reaching max kl: 0.03
-----------------------------------------
| rollout/                |             |
|    ep_len_mean          | 493         |
|    ep_rew_mean          | 824         |
| time/                   |             |
|    fps                  | 2625        |
|    iterations           | 234         |
|    time_elapsed         | 729         |
|    total_timesteps      | 1916928     |
| train/                  |             |
|    approx_kl            | 0.012511695 |
|    clip_fraction        | 0.165       |
|    clip_range           | 0.2         |
|    entropy_loss         | -7.95       |
|    explained_variance   | 0.734       |
|    learning_rate        | 0.000224    |
|    loss                 | 0.0465      |
|    n_updates            | 277         |
|    policy_gradient_loss | 0.00859     |
|    std                  | 0.653       |
|    value_loss           | 0.0597      |
-----------------------------------------
Early stopping at step 0 due to reaching max kl: 0.03
-----------------------------------------
| rollout/                |             |
|    ep_len_mean          | 480         |
|    ep_rew_mean          | 798         |
| time/                   |             |
|    fps                  | 2626        |
|    iterations           | 235         |
|    time_elapsed         | 733         |
|    total_timesteps      | 1925120     |
| train/                  |             |
|    approx_kl            | 0.015236148 |
|    clip_fraction        | 0.214       |
|    clip_range           | 0.2         |
|    entropy_loss         | -7.93       |
|    explained_variance   | 0.681       |
|    learning_rate        | 0.000223    |
|    loss                 | 0.0664      |
|    n_updates            | 278         |
|    policy_gradient_loss | 0.00842     |
|    std                  | 0.652       |
|    value_loss           | 0.099       |
-----------------------------------------
Early stopping at step 0 due to reaching max kl: 0.04
-----------------------------------------
| rollout/                |             |
|    ep_len_mean          | 508         |
|    ep_rew_mean          | 849         |
| time/                   |             |
|    fps                  | 2626        |
|    iterations           | 236         |
|    time_elapsed         | 736         |
|    total_timesteps      | 1933312     |
| train/                  |             |
|    approx_kl            | 0.013794366 |
|    clip_fraction        | 0.189       |
|    clip_range           | 0.2         |
|    entropy_loss         | -7.92       |
|    explained_variance   | 0.732       |
|    learning_rate        | 0.000223    |
|    loss                 | 0.112       |
|    n_updates            | 279         |
|    policy_gradient_loss | 0.00737     |
|    std                  | 0.651       |
|    value_loss           | 0.1         |
-----------------------------------------
Early stopping at step 0 due to reaching max kl: 0.03
-----------------------------------------
| rollout/                |             |
|    ep_len_mean          | 505         |
|    ep_rew_mean          | 832         |
| time/                   |             |
|    fps                  | 2626        |
|    iterations           | 237         |
|    time_elapsed         | 739         |
|    total_timesteps      | 1941504     |
| train/                  |             |
|    approx_kl            | 0.012942407 |
|    clip_fraction        | 0.172       |
|    clip_range           | 0.2         |
|    entropy_loss         | -7.91       |
|    explained_variance   | 0.713       |
|    learning_rate        | 0.000223    |
|    loss                 | 0.0325      |
|    n_updates            | 280         |
|    policy_gradient_loss | 0.00455     |
|    std                  | 0.65        |
|    value_loss           | 0.063       |
-----------------------------------------
Early stopping at step 0 due to reaching max kl: 0.03
-----------------------------------------
| rollout/                |             |
|    ep_len_mean          | 520         |
|    ep_rew_mean          | 853         |
| time/                   |             |
|    fps                  | 2626        |
|    iterations           | 238         |
|    time_elapsed         | 742         |
|    total_timesteps      | 1949696     |
| train/                  |             |
|    approx_kl            | 0.014978687 |
|    clip_fraction        | 0.195       |
|    clip_range           | 0.2         |
|    entropy_loss         | -7.9        |
|    explained_variance   | 0.738       |
|    learning_rate        | 0.000222    |
|    loss                 | 0.0629      |
|    n_updates            | 281         |
|    policy_gradient_loss | 0.00687     |
|    std                  | 0.65        |
|    value_loss           | 0.0961      |
-----------------------------------------
Early stopping at step 0 due to reaching max kl: 0.03
-----------------------------------------
| rollout/                |             |
|    ep_len_mean          | 523         |
|    ep_rew_mean          | 862         |
| time/                   |             |
|    fps                  | 2626        |
|    iterations           | 239         |
|    time_elapsed         | 745         |
|    total_timesteps      | 1957888     |
| train/                  |             |
|    approx_kl            | 0.015262763 |
|    clip_fraction        | 0.213       |
|    clip_range           | 0.2         |
|    entropy_loss         | -7.89       |
|    explained_variance   | 0.753       |
|    learning_rate        | 0.000222    |
|    loss                 | 0.00516     |
|    n_updates            | 282         |
|    policy_gradient_loss | 0.0101      |
|    std                  | 0.649       |
|    value_loss           | 0.0433      |
-----------------------------------------
Early stopping at step 0 due to reaching max kl: 0.03
-----------------------------------------
| rollout/                |             |
|    ep_len_mean          | 536         |
|    ep_rew_mean          | 885         |
| time/                   |             |
|    fps                  | 2626        |
|    iterations           | 240         |
|    time_elapsed         | 748         |
|    total_timesteps      | 1966080     |
| train/                  |             |
|    approx_kl            | 0.014532538 |
|    clip_fraction        | 0.199       |
|    clip_range           | 0.2         |
|    entropy_loss         | -7.88       |
|    explained_variance   | 0.718       |
|    learning_rate        | 0.000222    |
|    loss                 | 0.1         |
|    n_updates            | 283         |
|    policy_gradient_loss | 0.00614     |
|    std                  | 0.648       |
|    value_loss           | 0.0898      |
-----------------------------------------
Early stopping at step 0 due to reaching max kl: 0.03
-----------------------------------------
| rollout/                |             |
|    ep_len_mean          | 549         |
|    ep_rew_mean          | 905         |
| time/                   |             |
|    fps                  | 2626        |
|    iterations           | 241         |
|    time_elapsed         | 751         |
|    total_timesteps      | 1974272     |
| train/                  |             |
|    approx_kl            | 0.014161606 |
|    clip_fraction        | 0.188       |
|    clip_range           | 0.2         |
|    entropy_loss         | -7.87       |
|    explained_variance   | 0.748       |
|    learning_rate        | 0.000221    |
|    loss                 | 0.053       |
|    n_updates            | 284         |
|    policy_gradient_loss | 0.00879     |
|    std                  | 0.647       |
|    value_loss           | 0.0691      |
-----------------------------------------
Early stopping at step 0 due to reaching max kl: 0.03
-----------------------------------------
| rollout/                |             |
|    ep_len_mean          | 562         |
|    ep_rew_mean          | 932         |
| time/                   |             |
|    fps                  | 2626        |
|    iterations           | 242         |
|    time_elapsed         | 754         |
|    total_timesteps      | 1982464     |
| train/                  |             |
|    approx_kl            | 0.010724107 |
|    clip_fraction        | 0.148       |
|    clip_range           | 0.2         |
|    entropy_loss         | -7.86       |
|    explained_variance   | 0.77        |
|    learning_rate        | 0.000221    |
|    loss                 | 0.0618      |
|    n_updates            | 285         |
|    policy_gradient_loss | 0.00573     |
|    std                  | 0.647       |
|    value_loss           | 0.0741      |
-----------------------------------------
Early stopping at step 0 due to reaching max kl: 0.04
------------------------------------------
| rollout/                |              |
|    ep_len_mean          | 551          |
|    ep_rew_mean          | 906          |
| time/                   |              |
|    fps                  | 2626         |
|    iterations           | 243          |
|    time_elapsed         | 757          |
|    total_timesteps      | 1990656      |
| train/                  |              |
|    approx_kl            | 0.0138258785 |
|    clip_fraction        | 0.186        |
|    clip_range           | 0.2          |
|    entropy_loss         | -7.86        |
|    explained_variance   | 0.689        |
|    learning_rate        | 0.000221     |
|    loss                 | 0.0405       |
|    n_updates            | 286          |
|    policy_gradient_loss | 0.00952      |
|    std                  | 0.647        |
|    value_loss           | 0.101        |
------------------------------------------
Early stopping at step 0 due to reaching max kl: 0.03
-----------------------------------------
| rollout/                |             |
|    ep_len_mean          | 542         |
|    ep_rew_mean          | 893         |
| time/                   |             |
|    fps                  | 2627        |
|    iterations           | 244         |
|    time_elapsed         | 760         |
|    total_timesteps      | 1998848     |
| train/                  |             |
|    approx_kl            | 0.011124785 |
|    clip_fraction        | 0.153       |
|    clip_range           | 0.2         |
|    entropy_loss         | -7.86       |
|    explained_variance   | 0.635       |
|    learning_rate        | 0.00022     |
|    loss                 | 0.0461      |
|    n_updates            | 287         |
|    policy_gradient_loss | 0.00517     |
|    std                  | 0.647       |
|    value_loss           | 0.0939      |
-----------------------------------------
Early stopping at step 0 due to reaching max kl: 0.03
-----------------------------------------
| rollout/                |             |
|    ep_len_mean          | 531         |
|    ep_rew_mean          | 882         |
| time/                   |             |
|    fps                  | 2627        |
|    iterations           | 245         |
|    time_elapsed         | 763         |
|    total_timesteps      | 2007040     |
| train/                  |             |
|    approx_kl            | 0.010322952 |
|    clip_fraction        | 0.138       |
|    clip_range           | 0.2         |
|    entropy_loss         | -7.85       |
|    explained_variance   | 0.662       |
|    learning_rate        | 0.00022     |
|    loss                 | 0.0791      |
|    n_updates            | 288         |
|    policy_gradient_loss | 0.00542     |
|    std                  | 0.646       |
|    value_loss           | 0.0738      |
-----------------------------------------
Early stopping at step 0 due to reaching max kl: 0.03
-----------------------------------------
| rollout/                |             |
|    ep_len_mean          | 523         |
|    ep_rew_mean          | 866         |
| time/                   |             |
|    fps                  | 2627        |
|    iterations           | 246         |
|    time_elapsed         | 766         |
|    total_timesteps      | 2015232     |
| train/                  |             |
|    approx_kl            | 0.009867502 |
|    clip_fraction        | 0.124       |
|    clip_range           | 0.2         |
|    entropy_loss         | -7.84       |
|    explained_variance   | 0.678       |
|    learning_rate        | 0.00022     |
|    loss                 | 0.102       |
|    n_updates            | 289         |
|    policy_gradient_loss | 0.00762     |
|    std                  | 0.645       |
|    value_loss           | 0.0698      |
-----------------------------------------
Early stopping at step 0 due to reaching max kl: 0.03
-----------------------------------------
| rollout/                |             |
|    ep_len_mean          | 507         |
|    ep_rew_mean          | 842         |
| time/                   |             |
|    fps                  | 2627        |
|    iterations           | 247         |
|    time_elapsed         | 770         |
|    total_timesteps      | 2023424     |
| train/                  |             |
|    approx_kl            | 0.014932658 |
|    clip_fraction        | 0.21        |
|    clip_range           | 0.2         |
|    entropy_loss         | -7.83       |
|    explained_variance   | 0.742       |
|    learning_rate        | 0.000219    |
|    loss                 | 0.0156      |
|    n_updates            | 290         |
|    policy_gradient_loss | 0.00828     |
|    std                  | 0.643       |
|    value_loss           | 0.0705      |
-----------------------------------------
Early stopping at step 0 due to reaching max kl: 0.03
-----------------------------------------
| rollout/                |             |
|    ep_len_mean          | 523         |
|    ep_rew_mean          | 870         |
| time/                   |             |
|    fps                  | 2627        |
|    iterations           | 248         |
|    time_elapsed         | 773         |
|    total_timesteps      | 2031616     |
| train/                  |             |
|    approx_kl            | 0.010801102 |
|    clip_fraction        | 0.15        |
|    clip_range           | 0.2         |
|    entropy_loss         | -7.81       |
|    explained_variance   | 0.737       |
|    learning_rate        | 0.000219    |
|    loss                 | 0.0931      |
|    n_updates            | 291         |
|    policy_gradient_loss | 0.00374     |
|    std                  | 0.642       |
|    value_loss           | 0.0816      |
-----------------------------------------
Early stopping at step 0 due to reaching max kl: 0.03
-----------------------------------------
| rollout/                |             |
|    ep_len_mean          | 543         |
|    ep_rew_mean          | 902         |
| time/                   |             |
|    fps                  | 2627        |
|    iterations           | 249         |
|    time_elapsed         | 776         |
|    total_timesteps      | 2039808     |
| train/                  |             |
|    approx_kl            | 0.015789505 |
|    clip_fraction        | 0.215       |
|    clip_range           | 0.2         |
|    entropy_loss         | -7.8        |
|    explained_variance   | 0.709       |
|    learning_rate        | 0.000219    |
|    loss                 | 0.12        |
|    n_updates            | 292         |
|    policy_gradient_loss | 0.0103      |
|    std                  | 0.641       |
|    value_loss           | 0.0676      |
-----------------------------------------
Early stopping at step 0 due to reaching max kl: 0.03
-----------------------------------------
| rollout/                |             |
|    ep_len_mean          | 515         |
|    ep_rew_mean          | 863         |
| time/                   |             |
|    fps                  | 2628        |
|    iterations           | 250         |
|    time_elapsed         | 779         |
|    total_timesteps      | 2048000     |
| train/                  |             |
|    approx_kl            | 0.012305717 |
|    clip_fraction        | 0.17        |
|    clip_range           | 0.2         |
|    entropy_loss         | -7.78       |
|    explained_variance   | 0.752       |
|    learning_rate        | 0.000218    |
|    loss                 | 0.0825      |
|    n_updates            | 293         |
|    policy_gradient_loss | 0.0101      |
|    std                  | 0.64        |
|    value_loss           | 0.0663      |
-----------------------------------------
Early stopping at step 0 due to reaching max kl: 0.03
-----------------------------------------
| rollout/                |             |
|    ep_len_mean          | 502         |
|    ep_rew_mean          | 841         |
| time/                   |             |
|    fps                  | 2628        |
|    iterations           | 251         |
|    time_elapsed         | 782         |
|    total_timesteps      | 2056192     |
| train/                  |             |
|    approx_kl            | 0.015911827 |
|    clip_fraction        | 0.208       |
|    clip_range           | 0.2         |
|    entropy_loss         | -7.78       |
|    explained_variance   | 0.652       |
|    learning_rate        | 0.000218    |
|    loss                 | 0.0664      |
|    n_updates            | 294         |
|    policy_gradient_loss | 0.00995     |
|    std                  | 0.64        |
|    value_loss           | 0.133       |
-----------------------------------------
Early stopping at step 0 due to reaching max kl: 0.03
-----------------------------------------
| rollout/                |             |
|    ep_len_mean          | 533         |
|    ep_rew_mean          | 902         |
| time/                   |             |
|    fps                  | 2628        |
|    iterations           | 252         |
|    time_elapsed         | 785         |
|    total_timesteps      | 2064384     |
| train/                  |             |
|    approx_kl            | 0.011922031 |
|    clip_fraction        | 0.164       |
|    clip_range           | 0.2         |
|    entropy_loss         | -7.77       |
|    explained_variance   | 0.742       |
|    learning_rate        | 0.000218    |
|    loss                 | 0.0314      |
|    n_updates            | 295         |
|    policy_gradient_loss | 0.00468     |
|    std                  | 0.639       |
|    value_loss           | 0.0775      |
-----------------------------------------
Early stopping at step 0 due to reaching max kl: 0.04
-----------------------------------------
| rollout/                |             |
|    ep_len_mean          | 515         |
|    ep_rew_mean          | 870         |
| time/                   |             |
|    fps                  | 2628        |
|    iterations           | 253         |
|    time_elapsed         | 788         |
|    total_timesteps      | 2072576     |
| train/                  |             |
|    approx_kl            | 0.011481612 |
|    clip_fraction        | 0.154       |
|    clip_range           | 0.2         |
|    entropy_loss         | -7.76       |
|    explained_variance   | 0.707       |
|    learning_rate        | 0.000217    |
|    loss                 | 0.0869      |
|    n_updates            | 296         |
|    policy_gradient_loss | 0.00268     |
|    std                  | 0.639       |
|    value_loss           | 0.0899      |
-----------------------------------------
Early stopping at step 0 due to reaching max kl: 0.03
-----------------------------------------
| rollout/                |             |
|    ep_len_mean          | 521         |
|    ep_rew_mean          | 885         |
| time/                   |             |
|    fps                  | 2628        |
|    iterations           | 254         |
|    time_elapsed         | 791         |
|    total_timesteps      | 2080768     |
| train/                  |             |
|    approx_kl            | 0.015575349 |
|    clip_fraction        | 0.214       |
|    clip_range           | 0.2         |
|    entropy_loss         | -7.75       |
|    explained_variance   | 0.725       |
|    learning_rate        | 0.000217    |
|    loss                 | 0.0645      |
|    n_updates            | 297         |
|    policy_gradient_loss | 0.00906     |
|    std                  | 0.637       |
|    value_loss           | 0.0991      |
-----------------------------------------
Early stopping at step 0 due to reaching max kl: 0.03
----------------------------------------
| rollout/                |            |
|    ep_len_mean          | 522        |
|    ep_rew_mean          | 887        |
| time/                   |            |
|    fps                  | 2628       |
|    iterations           | 255        |
|    time_elapsed         | 794        |
|    total_timesteps      | 2088960    |
| train/                  |            |
|    approx_kl            | 0.01179505 |
|    clip_fraction        | 0.157      |
|    clip_range           | 0.2        |
|    entropy_loss         | -7.73      |
|    explained_variance   | 0.758      |
|    learning_rate        | 0.000217   |
|    loss                 | -0.0298    |
|    n_updates            | 298        |
|    policy_gradient_loss | 0.00575    |
|    std                  | 0.636      |
|    value_loss           | 0.0461     |
----------------------------------------
Early stopping at step 0 due to reaching max kl: 0.03
-----------------------------------------
| rollout/                |             |
|    ep_len_mean          | 555         |
|    ep_rew_mean          | 942         |
| time/                   |             |
|    fps                  | 2629        |
|    iterations           | 256         |
|    time_elapsed         | 797         |
|    total_timesteps      | 2097152     |
| train/                  |             |
|    approx_kl            | 0.011183884 |
|    clip_fraction        | 0.15        |
|    clip_range           | 0.2         |
|    entropy_loss         | -7.72       |
|    explained_variance   | 0.706       |
|    learning_rate        | 0.000216    |
|    loss                 | 0.00408     |
|    n_updates            | 299         |
|    policy_gradient_loss | 0.00332     |
|    std                  | 0.635       |
|    value_loss           | 0.0609      |
-----------------------------------------
Early stopping at step 0 due to reaching max kl: 0.03
-----------------------------------------
| rollout/                |             |
|    ep_len_mean          | 595         |
|    ep_rew_mean          | 1e+03       |
| time/                   |             |
|    fps                  | 2629        |
|    iterations           | 257         |
|    time_elapsed         | 800         |
|    total_timesteps      | 2105344     |
| train/                  |             |
|    approx_kl            | 0.011642836 |
|    clip_fraction        | 0.158       |
|    clip_range           | 0.2         |
|    entropy_loss         | -7.71       |
|    explained_variance   | 0.678       |
|    learning_rate        | 0.000216    |
|    loss                 | 0.0179      |
|    n_updates            | 300         |
|    policy_gradient_loss | 0.00897     |
|    std                  | 0.634       |
|    value_loss           | 0.058       |
-----------------------------------------
Early stopping at step 0 due to reaching max kl: 0.03
-----------------------------------------
| rollout/                |             |
|    ep_len_mean          | 631         |
|    ep_rew_mean          | 1.07e+03    |
| time/                   |             |
|    fps                  | 2629        |
|    iterations           | 258         |
|    time_elapsed         | 803         |
|    total_timesteps      | 2113536     |
| train/                  |             |
|    approx_kl            | 0.012218318 |
|    clip_fraction        | 0.17        |
|    clip_range           | 0.2         |
|    entropy_loss         | -7.7        |
|    explained_variance   | 0.735       |
|    learning_rate        | 0.000216    |
|    loss                 | -0.00575    |
|    n_updates            | 301         |
|    policy_gradient_loss | 0.00711     |
|    std                  | 0.633       |
|    value_loss           | 0.0211      |
-----------------------------------------
Early stopping at step 0 due to reaching max kl: 0.03
-----------------------------------------
| rollout/                |             |
|    ep_len_mean          | 640         |
|    ep_rew_mean          | 1.08e+03    |
| time/                   |             |
|    fps                  | 2629        |
|    iterations           | 259         |
|    time_elapsed         | 806         |
|    total_timesteps      | 2121728     |
| train/                  |             |
|    approx_kl            | 0.011587174 |
|    clip_fraction        | 0.152       |
|    clip_range           | 0.2         |
|    entropy_loss         | -7.69       |
|    explained_variance   | 0.52        |
|    learning_rate        | 0.000215    |
|    loss                 | 0.0436      |
|    n_updates            | 302         |
|    policy_gradient_loss | 0.00187     |
|    std                  | 0.632       |
|    value_loss           | 0.0836      |
-----------------------------------------
Early stopping at step 0 due to reaching max kl: 0.03
----------------------------------------
| rollout/                |            |
|    ep_len_mean          | 642        |
|    ep_rew_mean          | 1.09e+03   |
| time/                   |            |
|    fps                  | 2629       |
|    iterations           | 260        |
|    time_elapsed         | 810        |
|    total_timesteps      | 2129920    |
| train/                  |            |
|    approx_kl            | 0.01568149 |
|    clip_fraction        | 0.215      |
|    clip_range           | 0.2        |
|    entropy_loss         | -7.67      |
|    explained_variance   | 0.683      |
|    learning_rate        | 0.000215   |
|    loss                 | 0.0839     |
|    n_updates            | 303        |
|    policy_gradient_loss | 0.00808    |
|    std                  | 0.63       |
|    value_loss           | 0.0424     |
----------------------------------------
Early stopping at step 0 due to reaching max kl: 0.03
-----------------------------------------
| rollout/                |             |
|    ep_len_mean          | 689         |
|    ep_rew_mean          | 1.17e+03    |
| time/                   |             |
|    fps                  | 2629        |
|    iterations           | 261         |
|    time_elapsed         | 813         |
|    total_timesteps      | 2138112     |
| train/                  |             |
|    approx_kl            | 0.009154584 |
|    clip_fraction        | 0.126       |
|    clip_range           | 0.2         |
|    entropy_loss         | -7.66       |
|    explained_variance   | 0.648       |
|    learning_rate        | 0.000215    |
|    loss                 | 0.0322      |
|    n_updates            | 304         |
|    policy_gradient_loss | 0.00354     |
|    std                  | 0.63        |
|    value_loss           | 0.0773      |
-----------------------------------------
Early stopping at step 0 due to reaching max kl: 0.03
----------------------------------------
| rollout/                |            |
|    ep_len_mean          | 708        |
|    ep_rew_mean          | 1.2e+03    |
| time/                   |            |
|    fps                  | 2629       |
|    iterations           | 262        |
|    time_elapsed         | 816        |
|    total_timesteps      | 2146304    |
| train/                  |            |
|    approx_kl            | 0.01219431 |
|    clip_fraction        | 0.164      |
|    clip_range           | 0.2        |
|    entropy_loss         | -7.65      |
|    explained_variance   | 0.679      |
|    learning_rate        | 0.000214   |
|    loss                 | 0.034      |
|    n_updates            | 305        |
|    policy_gradient_loss | 0.00811    |
|    std                  | 0.629      |
|    value_loss           | 0.0363     |
----------------------------------------
Early stopping at step 0 due to reaching max kl: 0.03
-----------------------------------------
| rollout/                |             |
|    ep_len_mean          | 707         |
|    ep_rew_mean          | 1.2e+03     |
| time/                   |             |
|    fps                  | 2630        |
|    iterations           | 263         |
|    time_elapsed         | 819         |
|    total_timesteps      | 2154496     |
| train/                  |             |
|    approx_kl            | 0.013402194 |
|    clip_fraction        | 0.166       |
|    clip_range           | 0.2         |
|    entropy_loss         | -7.64       |
|    explained_variance   | 0.656       |
|    learning_rate        | 0.000214    |
|    loss                 | 0.0363      |
|    n_updates            | 306         |
|    policy_gradient_loss | 0.0088      |
|    std                  | 0.628       |
|    value_loss           | 0.0418      |
-----------------------------------------
Early stopping at step 0 due to reaching max kl: 0.03
-----------------------------------------
| rollout/                |             |
|    ep_len_mean          | 661         |
|    ep_rew_mean          | 1.12e+03    |
| time/                   |             |
|    fps                  | 2630        |
|    iterations           | 264         |
|    time_elapsed         | 822         |
|    total_timesteps      | 2162688     |
| train/                  |             |
|    approx_kl            | 0.013152326 |
|    clip_fraction        | 0.186       |
|    clip_range           | 0.2         |
|    entropy_loss         | -7.62       |
|    explained_variance   | 0.685       |
|    learning_rate        | 0.000214    |
|    loss                 | 0.0548      |
|    n_updates            | 307         |
|    policy_gradient_loss | 0.00878     |
|    std                  | 0.626       |
|    value_loss           | 0.0487      |
-----------------------------------------
Early stopping at step 0 due to reaching max kl: 0.04
----------------------------------------
| rollout/                |            |
|    ep_len_mean          | 635        |
|    ep_rew_mean          | 1.08e+03   |
| time/                   |            |
|    fps                  | 2630       |
|    iterations           | 265        |
|    time_elapsed         | 825        |
|    total_timesteps      | 2170880    |
| train/                  |            |
|    approx_kl            | 0.01435788 |
|    clip_fraction        | 0.198      |
|    clip_range           | 0.2        |
|    entropy_loss         | -7.6       |
|    explained_variance   | 0.556      |
|    learning_rate        | 0.000213   |
|    loss                 | 0.262      |
|    n_updates            | 308        |
|    policy_gradient_loss | 0.0059     |
|    std                  | 0.625      |
|    value_loss           | 0.135      |
----------------------------------------
Early stopping at step 0 due to reaching max kl: 0.03
-----------------------------------------
| rollout/                |             |
|    ep_len_mean          | 636         |
|    ep_rew_mean          | 1.09e+03    |
| time/                   |             |
|    fps                  | 2630        |
|    iterations           | 266         |
|    time_elapsed         | 828         |
|    total_timesteps      | 2179072     |
| train/                  |             |
|    approx_kl            | 0.013142082 |
|    clip_fraction        | 0.171       |
|    clip_range           | 0.2         |
|    entropy_loss         | -7.59       |
|    explained_variance   | 0.724       |
|    learning_rate        | 0.000213    |
|    loss                 | 0.0505      |
|    n_updates            | 309         |
|    policy_gradient_loss | 0.00541     |
|    std                  | 0.625       |
|    value_loss           | 0.0694      |
-----------------------------------------
Early stopping at step 0 due to reaching max kl: 0.03
----------------------------------------
| rollout/                |            |
|    ep_len_mean          | 636        |
|    ep_rew_mean          | 1.1e+03    |
| time/                   |            |
|    fps                  | 2630       |
|    iterations           | 267        |
|    time_elapsed         | 831        |
|    total_timesteps      | 2187264    |
| train/                  |            |
|    approx_kl            | 0.01515666 |
|    clip_fraction        | 0.201      |
|    clip_range           | 0.2        |
|    entropy_loss         | -7.58      |
|    explained_variance   | 0.679      |
|    learning_rate        | 0.000213   |
|    loss                 | 0.0544     |
|    n_updates            | 310        |
|    policy_gradient_loss | 0.00788    |
|    std                  | 0.624      |
|    value_loss           | 0.0632     |
----------------------------------------
Early stopping at step 0 due to reaching max kl: 0.03
------------------------------------------
| rollout/                |              |
|    ep_len_mean          | 634          |
|    ep_rew_mean          | 1.09e+03     |
| time/                   |              |
|    fps                  | 2630         |
|    iterations           | 268          |
|    time_elapsed         | 834          |
|    total_timesteps      | 2195456      |
| train/                  |              |
|    approx_kl            | 0.0125528155 |
|    clip_fraction        | 0.174        |
|    clip_range           | 0.2          |
|    entropy_loss         | -7.57        |
|    explained_variance   | 0.708        |
|    learning_rate        | 0.000213     |
|    loss                 | 0.0721       |
|    n_updates            | 311          |
|    policy_gradient_loss | 0.0109       |
|    std                  | 0.623        |
|    value_loss           | 0.0505       |
------------------------------------------
Early stopping at step 0 due to reaching max kl: 0.03
-----------------------------------------
| rollout/                |             |
|    ep_len_mean          | 613         |
|    ep_rew_mean          | 1.06e+03    |
| time/                   |             |
|    fps                  | 2629        |
|    iterations           | 269         |
|    time_elapsed         | 837         |
|    total_timesteps      | 2203648     |
| train/                  |             |
|    approx_kl            | 0.015382483 |
|    clip_fraction        | 0.219       |
|    clip_range           | 0.2         |
|    entropy_loss         | -7.56       |
|    explained_variance   | 0.695       |
|    learning_rate        | 0.000212    |
|    loss                 | 0.0648      |
|    n_updates            | 312         |
|    policy_gradient_loss | 0.0117      |
|    std                  | 0.622       |
|    value_loss           | 0.0694      |
-----------------------------------------
Early stopping at step 0 due to reaching max kl: 0.03
-----------------------------------------
| rollout/                |             |
|    ep_len_mean          | 590         |
|    ep_rew_mean          | 1.02e+03    |
| time/                   |             |
|    fps                  | 2629        |
|    iterations           | 270         |
|    time_elapsed         | 841         |
|    total_timesteps      | 2211840     |
| train/                  |             |
|    approx_kl            | 0.012580907 |
|    clip_fraction        | 0.172       |
|    clip_range           | 0.2         |
|    entropy_loss         | -7.55       |
|    explained_variance   | 0.767       |
|    learning_rate        | 0.000212    |
|    loss                 | 0.114       |
|    n_updates            | 313         |
|    policy_gradient_loss | 0.00737     |
|    std                  | 0.622       |
|    value_loss           | 0.0683      |
-----------------------------------------
Early stopping at step 0 due to reaching max kl: 0.04
-----------------------------------------
| rollout/                |             |
|    ep_len_mean          | 601         |
|    ep_rew_mean          | 1.05e+03    |
| time/                   |             |
|    fps                  | 2629        |
|    iterations           | 271         |
|    time_elapsed         | 844         |
|    total_timesteps      | 2220032     |
| train/                  |             |
|    approx_kl            | 0.014504833 |
|    clip_fraction        | 0.195       |
|    clip_range           | 0.2         |
|    entropy_loss         | -7.55       |
|    explained_variance   | 0.678       |
|    learning_rate        | 0.000212    |
|    loss                 | 0.166       |
|    n_updates            | 314         |
|    policy_gradient_loss | 0.00897     |
|    std                  | 0.621       |
|    value_loss           | 0.0788      |
-----------------------------------------
Early stopping at step 0 due to reaching max kl: 0.03
-----------------------------------------
| rollout/                |             |
|    ep_len_mean          | 640         |
|    ep_rew_mean          | 1.12e+03    |
| time/                   |             |
|    fps                  | 2629        |
|    iterations           | 272         |
|    time_elapsed         | 847         |
|    total_timesteps      | 2228224     |
| train/                  |             |
|    approx_kl            | 0.012401958 |
|    clip_fraction        | 0.172       |
|    clip_range           | 0.2         |
|    entropy_loss         | -7.54       |
|    explained_variance   | 0.693       |
|    learning_rate        | 0.000211    |
|    loss                 | 0.142       |
|    n_updates            | 315         |
|    policy_gradient_loss | 0.00566     |
|    std                  | 0.621       |
|    value_loss           | 0.0846      |
-----------------------------------------
Early stopping at step 0 due to reaching max kl: 0.03
-----------------------------------------
| rollout/                |             |
|    ep_len_mean          | 640         |
|    ep_rew_mean          | 1.12e+03    |
| time/                   |             |
|    fps                  | 2630        |
|    iterations           | 273         |
|    time_elapsed         | 850         |
|    total_timesteps      | 2236416     |
| train/                  |             |
|    approx_kl            | 0.011328786 |
|    clip_fraction        | 0.158       |
|    clip_range           | 0.2         |
|    entropy_loss         | -7.53       |
|    explained_variance   | 0.761       |
|    learning_rate        | 0.000211    |
|    loss                 | 0.0218      |
|    n_updates            | 316         |
|    policy_gradient_loss | 0.00466     |
|    std                  | 0.62        |
|    value_loss           | 0.0347      |
-----------------------------------------
Early stopping at step 0 due to reaching max kl: 0.03
-----------------------------------------
| rollout/                |             |
|    ep_len_mean          | 642         |
|    ep_rew_mean          | 1.12e+03    |
| time/                   |             |
|    fps                  | 2630        |
|    iterations           | 274         |
|    time_elapsed         | 853         |
|    total_timesteps      | 2244608     |
| train/                  |             |
|    approx_kl            | 0.011289654 |
|    clip_fraction        | 0.152       |
|    clip_range           | 0.2         |
|    entropy_loss         | -7.52       |
|    explained_variance   | 0.769       |
|    learning_rate        | 0.000211    |
|    loss                 | 0.063       |
|    n_updates            | 317         |
|    policy_gradient_loss | 0.00753     |
|    std                  | 0.62        |
|    value_loss           | 0.0615      |
-----------------------------------------
Early stopping at step 0 due to reaching max kl: 0.03
-----------------------------------------
| rollout/                |             |
|    ep_len_mean          | 612         |
|    ep_rew_mean          | 1.07e+03    |
| time/                   |             |
|    fps                  | 2630        |
|    iterations           | 275         |
|    time_elapsed         | 856         |
|    total_timesteps      | 2252800     |
| train/                  |             |
|    approx_kl            | 0.012674329 |
|    clip_fraction        | 0.173       |
|    clip_range           | 0.2         |
|    entropy_loss         | -7.51       |
|    explained_variance   | 0.735       |
|    learning_rate        | 0.00021     |
|    loss                 | 0.00164     |
|    n_updates            | 318         |
|    policy_gradient_loss | 0.00505     |
|    std                  | 0.619       |
|    value_loss           | 0.0606      |
-----------------------------------------
Early stopping at step 0 due to reaching max kl: 0.03
-----------------------------------------
| rollout/                |             |
|    ep_len_mean          | 640         |
|    ep_rew_mean          | 1.12e+03    |
| time/                   |             |
|    fps                  | 2630        |
|    iterations           | 276         |
|    time_elapsed         | 859         |
|    total_timesteps      | 2260992     |
| train/                  |             |
|    approx_kl            | 0.013548522 |
|    clip_fraction        | 0.175       |
|    clip_range           | 0.2         |
|    entropy_loss         | -7.51       |
|    explained_variance   | 0.662       |
|    learning_rate        | 0.00021     |
|    loss                 | 0.124       |
|    n_updates            | 319         |
|    policy_gradient_loss | 0.00207     |
|    std                  | 0.619       |
|    value_loss           | 0.0997      |
-----------------------------------------
Early stopping at step 0 due to reaching max kl: 0.03
-----------------------------------------
| rollout/                |             |
|    ep_len_mean          | 627         |
|    ep_rew_mean          | 1.09e+03    |
| time/                   |             |
|    fps                  | 2630        |
|    iterations           | 277         |
|    time_elapsed         | 862         |
|    total_timesteps      | 2269184     |
| train/                  |             |
|    approx_kl            | 0.014788565 |
|    clip_fraction        | 0.211       |
|    clip_range           | 0.2         |
|    entropy_loss         | -7.5        |
|    explained_variance   | 0.808       |
|    learning_rate        | 0.00021     |
|    loss                 | 0.0472      |
|    n_updates            | 320         |
|    policy_gradient_loss | 0.0063      |
|    std                  | 0.617       |
|    value_loss           | 0.03        |
-----------------------------------------
Early stopping at step 0 due to reaching max kl: 0.03
----------------------------------------
| rollout/                |            |
|    ep_len_mean          | 638        |
|    ep_rew_mean          | 1.12e+03   |
| time/                   |            |
|    fps                  | 2628       |
|    iterations           | 278        |
|    time_elapsed         | 866        |
|    total_timesteps      | 2277376    |
| train/                  |            |
|    approx_kl            | 0.01364676 |
|    clip_fraction        | 0.188      |
|    clip_range           | 0.2        |
|    entropy_loss         | -7.49      |
|    explained_variance   | 0.69       |
|    learning_rate        | 0.000209   |
|    loss                 | 0.104      |
|    n_updates            | 321        |
|    policy_gradient_loss | 0.00604    |
|    std                  | 0.617      |
|    value_loss           | 0.0931     |
----------------------------------------
Early stopping at step 0 due to reaching max kl: 0.03
-----------------------------------------
| rollout/                |             |
|    ep_len_mean          | 620         |
|    ep_rew_mean          | 1.08e+03    |
| time/                   |             |
|    fps                  | 2628        |
|    iterations           | 279         |
|    time_elapsed         | 869         |
|    total_timesteps      | 2285568     |
| train/                  |             |
|    approx_kl            | 0.013618256 |
|    clip_fraction        | 0.18        |
|    clip_range           | 0.2         |
|    entropy_loss         | -7.49       |
|    explained_variance   | 0.744       |
|    learning_rate        | 0.000209    |
|    loss                 | 0.102       |
|    n_updates            | 322         |
|    policy_gradient_loss | 0.00927     |
|    std                  | 0.617       |
|    value_loss           | 0.0684      |
-----------------------------------------
Early stopping at step 0 due to reaching max kl: 0.03
-----------------------------------------
| rollout/                |             |
|    ep_len_mean          | 614         |
|    ep_rew_mean          | 1.07e+03    |
| time/                   |             |
|    fps                  | 2627        |
|    iterations           | 280         |
|    time_elapsed         | 872         |
|    total_timesteps      | 2293760     |
| train/                  |             |
|    approx_kl            | 0.013802586 |
|    clip_fraction        | 0.189       |
|    clip_range           | 0.2         |
|    entropy_loss         | -7.48       |
|    explained_variance   | 0.691       |
|    learning_rate        | 0.000209    |
|    loss                 | 0.0413      |
|    n_updates            | 323         |
|    policy_gradient_loss | 0.00784     |
|    std                  | 0.616       |
|    value_loss           | 0.064       |
-----------------------------------------
Early stopping at step 0 due to reaching max kl: 0.04
-----------------------------------------
| rollout/                |             |
|    ep_len_mean          | 578         |
|    ep_rew_mean          | 1.01e+03    |
| time/                   |             |
|    fps                  | 2627        |
|    iterations           | 281         |
|    time_elapsed         | 875         |
|    total_timesteps      | 2301952     |
| train/                  |             |
|    approx_kl            | 0.011888563 |
|    clip_fraction        | 0.157       |
|    clip_range           | 0.2         |
|    entropy_loss         | -7.46       |
|    explained_variance   | 0.716       |
|    learning_rate        | 0.000208    |
|    loss                 | 0.0555      |
|    n_updates            | 324         |
|    policy_gradient_loss | 0.00505     |
|    std                  | 0.614       |
|    value_loss           | 0.0678      |
-----------------------------------------
Early stopping at step 0 due to reaching max kl: 0.03
-----------------------------------------
| rollout/                |             |
|    ep_len_mean          | 570         |
|    ep_rew_mean          | 992         |
| time/                   |             |
|    fps                  | 2627        |
|    iterations           | 282         |
|    time_elapsed         | 879         |
|    total_timesteps      | 2310144     |
| train/                  |             |
|    approx_kl            | 0.013616093 |
|    clip_fraction        | 0.183       |
|    clip_range           | 0.2         |
|    entropy_loss         | -7.44       |
|    explained_variance   | 0.684       |
|    learning_rate        | 0.000208    |
|    loss                 | 0.0885      |
|    n_updates            | 325         |
|    policy_gradient_loss | 0.00558     |
|    std                  | 0.614       |
|    value_loss           | 0.106       |
-----------------------------------------
Early stopping at step 0 due to reaching max kl: 0.03
-----------------------------------------
| rollout/                |             |
|    ep_len_mean          | 575         |
|    ep_rew_mean          | 1e+03       |
| time/                   |             |
|    fps                  | 2627        |
|    iterations           | 283         |
|    time_elapsed         | 882         |
|    total_timesteps      | 2318336     |
| train/                  |             |
|    approx_kl            | 0.011674382 |
|    clip_fraction        | 0.157       |
|    clip_range           | 0.2         |
|    entropy_loss         | -7.44       |
|    explained_variance   | 0.745       |
|    learning_rate        | 0.000208    |
|    loss                 | 0.0728      |
|    n_updates            | 326         |
|    policy_gradient_loss | 0.00557     |
|    std                  | 0.613       |
|    value_loss           | 0.0847      |
-----------------------------------------
Early stopping at step 0 due to reaching max kl: 0.03
-----------------------------------------
| rollout/                |             |
|    ep_len_mean          | 597         |
|    ep_rew_mean          | 1.04e+03    |
| time/                   |             |
|    fps                  | 2627        |
|    iterations           | 284         |
|    time_elapsed         | 885         |
|    total_timesteps      | 2326528     |
| train/                  |             |
|    approx_kl            | 0.015548545 |
|    clip_fraction        | 0.22        |
|    clip_range           | 0.2         |
|    entropy_loss         | -7.43       |
|    explained_variance   | 0.795       |
|    learning_rate        | 0.000207    |
|    loss                 | 0.118       |
|    n_updates            | 327         |
|    policy_gradient_loss | 0.00968     |
|    std                  | 0.612       |
|    value_loss           | 0.0276      |
-----------------------------------------
Early stopping at step 0 due to reaching max kl: 0.03
-----------------------------------------
| rollout/                |             |
|    ep_len_mean          | 608         |
|    ep_rew_mean          | 1.06e+03    |
| time/                   |             |
|    fps                  | 2627        |
|    iterations           | 285         |
|    time_elapsed         | 888         |
|    total_timesteps      | 2334720     |
| train/                  |             |
|    approx_kl            | 0.014478873 |
|    clip_fraction        | 0.198       |
|    clip_range           | 0.2         |
|    entropy_loss         | -7.41       |
|    explained_variance   | 0.719       |
|    learning_rate        | 0.000207    |
|    loss                 | 0.0216      |
|    n_updates            | 328         |
|    policy_gradient_loss | 0.0077      |
|    std                  | 0.611       |
|    value_loss           | 0.0404      |
-----------------------------------------
Early stopping at step 0 due to reaching max kl: 0.03
------------------------------------------
| rollout/                |              |
|    ep_len_mean          | 622          |
|    ep_rew_mean          | 1.09e+03     |
| time/                   |              |
|    fps                  | 2627         |
|    iterations           | 286          |
|    time_elapsed         | 891          |
|    total_timesteps      | 2342912      |
| train/                  |              |
|    approx_kl            | 0.0131512955 |
|    clip_fraction        | 0.181        |
|    clip_range           | 0.2          |
|    entropy_loss         | -7.4         |
|    explained_variance   | 0.706        |
|    learning_rate        | 0.000207     |
|    loss                 | 0.0136       |
|    n_updates            | 329          |
|    policy_gradient_loss | 0.00491      |
|    std                  | 0.61         |
|    value_loss           | 0.0333       |
------------------------------------------
Early stopping at step 1 due to reaching max kl: 0.03
-----------------------------------------
| rollout/                |             |
|    ep_len_mean          | 622         |
|    ep_rew_mean          | 1.09e+03    |
| time/                   |             |
|    fps                  | 2627        |
|    iterations           | 287         |
|    time_elapsed         | 894         |
|    total_timesteps      | 2351104     |
| train/                  |             |
|    approx_kl            | 0.023729535 |
|    clip_fraction        | 0.24        |
|    clip_range           | 0.2         |
|    entropy_loss         | -7.38       |
|    explained_variance   | 0.707       |
|    learning_rate        | 0.000206    |
|    loss                 | 0.0519      |
|    n_updates            | 331         |
|    policy_gradient_loss | 0.00522     |
|    std                  | 0.609       |
|    value_loss           | 0.0676      |
-----------------------------------------
Early stopping at step 0 due to reaching max kl: 0.03
-----------------------------------------
| rollout/                |             |
|    ep_len_mean          | 637         |
|    ep_rew_mean          | 1.12e+03    |
| time/                   |             |
|    fps                  | 2627        |
|    iterations           | 288         |
|    time_elapsed         | 898         |
|    total_timesteps      | 2359296     |
| train/                  |             |
|    approx_kl            | 0.012116115 |
|    clip_fraction        | 0.167       |
|    clip_range           | 0.2         |
|    entropy_loss         | -7.37       |
|    explained_variance   | 0.657       |
|    learning_rate        | 0.000206    |
|    loss                 | 0.0348      |
|    n_updates            | 332         |
|    policy_gradient_loss | 0.00625     |
|    std                  | 0.608       |
|    value_loss           | 0.0751      |
-----------------------------------------
Early stopping at step 0 due to reaching max kl: 0.03
[Progress] Training 4/6: 2,364,348/5,000,000 steps (47.3%); 2 full runs remain afterward; rough training ETA 1h 20m.
-----------------------------------------
| rollout/                |             |
|    ep_len_mean          | 650         |
|    ep_rew_mean          | 1.15e+03    |
| time/                   |             |
|    fps                  | 2627        |
|    iterations           | 289         |
|    time_elapsed         | 901         |
|    total_timesteps      | 2367488     |
| train/                  |             |
|    approx_kl            | 0.012758973 |
|    clip_fraction        | 0.169       |
|    clip_range           | 0.2         |
|    entropy_loss         | -7.36       |
|    explained_variance   | 0.724       |
|    learning_rate        | 0.000206    |
|    loss                 | 0.0405      |
|    n_updates            | 333         |
|    policy_gradient_loss | 0.00619     |
|    std                  | 0.607       |
|    value_loss           | 0.0695      |
-----------------------------------------
Early stopping at step 0 due to reaching max kl: 0.03
----------------------------------------
| rollout/                |            |
|    ep_len_mean          | 676        |
|    ep_rew_mean          | 1.2e+03    |
| time/                   |            |
|    fps                  | 2627       |
|    iterations           | 290        |
|    time_elapsed         | 904        |
|    total_timesteps      | 2375680    |
| train/                  |            |
|    approx_kl            | 0.01167204 |
|    clip_fraction        | 0.158      |
|    clip_range           | 0.2        |
|    entropy_loss         | -7.35      |
|    explained_variance   | 0.674      |
|    learning_rate        | 0.000205   |
|    loss                 | 0.0358     |
|    n_updates            | 334        |
|    policy_gradient_loss | 0.00547    |
|    std                  | 0.606      |
|    value_loss           | 0.0721     |
----------------------------------------
Early stopping at step 1 due to reaching max kl: 0.03
-----------------------------------------
| rollout/                |             |
|    ep_len_mean          | 673         |
|    ep_rew_mean          | 1.19e+03    |
| time/                   |             |
|    fps                  | 2626        |
|    iterations           | 291         |
|    time_elapsed         | 907         |
|    total_timesteps      | 2383872     |
| train/                  |             |
|    approx_kl            | 0.023125092 |
|    clip_fraction        | 0.209       |
|    clip_range           | 0.2         |
|    entropy_loss         | -7.33       |
|    explained_variance   | 0.799       |
|    learning_rate        | 0.000205    |
|    loss                 | -0.00582    |
|    n_updates            | 336         |
|    policy_gradient_loss | 0.00576     |
|    std                  | 0.604       |
|    value_loss           | 0.0311      |
-----------------------------------------
Early stopping at step 0 due to reaching max kl: 0.03
-----------------------------------------
| rollout/                |             |
|    ep_len_mean          | 641         |
|    ep_rew_mean          | 1.14e+03    |
| time/                   |             |
|    fps                  | 2626        |
|    iterations           | 292         |
|    time_elapsed         | 910         |
|    total_timesteps      | 2392064     |
| train/                  |             |
|    approx_kl            | 0.014711935 |
|    clip_fraction        | 0.196       |
|    clip_range           | 0.2         |
|    entropy_loss         | -7.31       |
|    explained_variance   | 0.685       |
|    learning_rate        | 0.000205    |
|    loss                 | 0.106       |
|    n_updates            | 337         |
|    policy_gradient_loss | 0.00699     |
|    std                  | 0.604       |
|    value_loss           | 0.0676      |
-----------------------------------------
Early stopping at step 1 due to reaching max kl: 0.03
-----------------------------------------
| rollout/                |             |
|    ep_len_mean          | 625         |
|    ep_rew_mean          | 1.11e+03    |
| time/                   |             |
|    fps                  | 2626        |
|    iterations           | 293         |
|    time_elapsed         | 913         |
|    total_timesteps      | 2400256     |
| train/                  |             |
|    approx_kl            | 0.028405724 |
|    clip_fraction        | 0.205       |
|    clip_range           | 0.2         |
|    entropy_loss         | -7.3        |
|    explained_variance   | 0.709       |
|    learning_rate        | 0.000204    |
|    loss                 | -0.0388     |
|    n_updates            | 339         |
|    policy_gradient_loss | 0.00867     |
|    std                  | 0.603       |
|    value_loss           | 0.0854      |
-----------------------------------------
Early stopping at step 0 due to reaching max kl: 0.03
-----------------------------------------
| rollout/                |             |
|    ep_len_mean          | 624         |
|    ep_rew_mean          | 1.11e+03    |
| time/                   |             |
|    fps                  | 2626        |
|    iterations           | 294         |
|    time_elapsed         | 916         |
|    total_timesteps      | 2408448     |
| train/                  |             |
|    approx_kl            | 0.012043785 |
|    clip_fraction        | 0.164       |
|    clip_range           | 0.2         |
|    entropy_loss         | -7.29       |
|    explained_variance   | 0.737       |
|    learning_rate        | 0.000204    |
|    loss                 | 0.0393      |
|    n_updates            | 340         |
|    policy_gradient_loss | 0.00509     |
|    std                  | 0.602       |
|    value_loss           | 0.0744      |
-----------------------------------------
Early stopping at step 0 due to reaching max kl: 0.03
----------------------------------------
| rollout/                |            |
|    ep_len_mean          | 625        |
|    ep_rew_mean          | 1.11e+03   |
| time/                   |            |
|    fps                  | 2627       |
|    iterations           | 295        |
|    time_elapsed         | 919        |
|    total_timesteps      | 2416640    |
| train/                  |            |
|    approx_kl            | 0.01222312 |
|    clip_fraction        | 0.166      |
|    clip_range           | 0.2        |
|    entropy_loss         | -7.28      |
|    explained_variance   | 0.69       |
|    learning_rate        | 0.000204   |
|    loss                 | 0.0856     |
|    n_updates            | 341        |
|    policy_gradient_loss | 0.00443    |
|    std                  | 0.601      |
|    value_loss           | 0.0933     |
----------------------------------------
Early stopping at step 0 due to reaching max kl: 0.03
-----------------------------------------
| rollout/                |             |
|    ep_len_mean          | 611         |
|    ep_rew_mean          | 1.08e+03    |
| time/                   |             |
|    fps                  | 2627        |
|    iterations           | 296         |
|    time_elapsed         | 922         |
|    total_timesteps      | 2424832     |
| train/                  |             |
|    approx_kl            | 0.013176042 |
|    clip_fraction        | 0.184       |
|    clip_range           | 0.2         |
|    entropy_loss         | -7.28       |
|    explained_variance   | 0.756       |
|    learning_rate        | 0.000203    |
|    loss                 | 0.0542      |
|    n_updates            | 342         |
|    policy_gradient_loss | 0.0107      |
|    std                  | 0.601       |
|    value_loss           | 0.0585      |
-----------------------------------------
Early stopping at step 0 due to reaching max kl: 0.03
-----------------------------------------
| rollout/                |             |
|    ep_len_mean          | 634         |
|    ep_rew_mean          | 1.12e+03    |
| time/                   |             |
|    fps                  | 2627        |
|    iterations           | 297         |
|    time_elapsed         | 926         |
|    total_timesteps      | 2433024     |
| train/                  |             |
|    approx_kl            | 0.014356588 |
|    clip_fraction        | 0.193       |
|    clip_range           | 0.2         |
|    entropy_loss         | -7.27       |
|    explained_variance   | 0.685       |
|    learning_rate        | 0.000203    |
|    loss                 | 0.0324      |
|    n_updates            | 343         |
|    policy_gradient_loss | 0.00783     |
|    std                  | 0.601       |
|    value_loss           | 0.0804      |
-----------------------------------------
Early stopping at step 0 due to reaching max kl: 0.03
-----------------------------------------
| rollout/                |             |
|    ep_len_mean          | 631         |
|    ep_rew_mean          | 1.13e+03    |
| time/                   |             |
|    fps                  | 2627        |
|    iterations           | 298         |
|    time_elapsed         | 929         |
|    total_timesteps      | 2441216     |
| train/                  |             |
|    approx_kl            | 0.014354368 |
|    clip_fraction        | 0.203       |
|    clip_range           | 0.2         |
|    entropy_loss         | -7.26       |
|    explained_variance   | 0.744       |
|    learning_rate        | 0.000203    |
|    loss                 | 0.0478      |
|    n_updates            | 344         |
|    policy_gradient_loss | 0.00754     |
|    std                  | 0.6         |
|    value_loss           | 0.0386      |
-----------------------------------------
Early stopping at step 1 due to reaching max kl: 0.04
-----------------------------------------
| rollout/                |             |
|    ep_len_mean          | 638         |
|    ep_rew_mean          | 1.15e+03    |
| time/                   |             |
|    fps                  | 2626        |
|    iterations           | 299         |
|    time_elapsed         | 932         |
|    total_timesteps      | 2449408     |
| train/                  |             |
|    approx_kl            | 0.021993127 |
|    clip_fraction        | 0.2         |
|    clip_range           | 0.2         |
|    entropy_loss         | -7.25       |
|    explained_variance   | 0.697       |
|    learning_rate        | 0.000202    |
|    loss                 | 0.00865     |
|    n_updates            | 346         |
|    policy_gradient_loss | 0.0101      |
|    std                  | 0.598       |
|    value_loss           | 0.0354      |
-----------------------------------------
Early stopping at step 0 due to reaching max kl: 0.03
-----------------------------------------
| rollout/                |             |
|    ep_len_mean          | 660         |
|    ep_rew_mean          | 1.19e+03    |
| time/                   |             |
|    fps                  | 2626        |
|    iterations           | 300         |
|    time_elapsed         | 935         |
|    total_timesteps      | 2457600     |
| train/                  |             |
|    approx_kl            | 0.013490171 |
|    clip_fraction        | 0.19        |
|    clip_range           | 0.2         |
|    entropy_loss         | -7.23       |
|    explained_variance   | 0.612       |
|    learning_rate        | 0.000202    |
|    loss                 | 0.0703      |
|    n_updates            | 347         |
|    policy_gradient_loss | 0.0101      |
|    std                  | 0.597       |
|    value_loss           | 0.0595      |
-----------------------------------------
Early stopping at step 1 due to reaching max kl: 0.04
----------------------------------------
| rollout/                |            |
|    ep_len_mean          | 667        |
|    ep_rew_mean          | 1.21e+03   |
| time/                   |            |
|    fps                  | 2626       |
|    iterations           | 301        |
|    time_elapsed         | 938        |
|    total_timesteps      | 2465792    |
| train/                  |            |
|    approx_kl            | 0.03720156 |
|    clip_fraction        | 0.214      |
|    clip_range           | 0.2        |
|    entropy_loss         | -7.2       |
|    explained_variance   | 0.644      |
|    learning_rate        | 0.000202   |
|    loss                 | 0.0329     |
|    n_updates            | 349        |
|    policy_gradient_loss | 0.00921    |
|    std                  | 0.595      |
|    value_loss           | 0.0558     |
----------------------------------------
Early stopping at step 0 due to reaching max kl: 0.03
-----------------------------------------
| rollout/                |             |
|    ep_len_mean          | 669         |
|    ep_rew_mean          | 1.21e+03    |
| time/                   |             |
|    fps                  | 2626        |
|    iterations           | 302         |
|    time_elapsed         | 941         |
|    total_timesteps      | 2473984     |
| train/                  |             |
|    approx_kl            | 0.011492542 |
|    clip_fraction        | 0.151       |
|    clip_range           | 0.2         |
|    entropy_loss         | -7.19       |
|    explained_variance   | 0.631       |
|    learning_rate        | 0.000201    |
|    loss                 | 0.0724      |
|    n_updates            | 350         |
|    policy_gradient_loss | 0.0044      |
|    std                  | 0.594       |
|    value_loss           | 0.0512      |
-----------------------------------------
Early stopping at step 0 due to reaching max kl: 0.03
-----------------------------------------
| rollout/                |             |
|    ep_len_mean          | 632         |
|    ep_rew_mean          | 1.16e+03    |
| time/                   |             |
|    fps                  | 2626        |
|    iterations           | 303         |
|    time_elapsed         | 944         |
|    total_timesteps      | 2482176     |
| train/                  |             |
|    approx_kl            | 0.013192903 |
|    clip_fraction        | 0.176       |
|    clip_range           | 0.2         |
|    entropy_loss         | -7.18       |
|    explained_variance   | 0.523       |
|    learning_rate        | 0.000201    |
|    loss                 | 0.0282      |
|    n_updates            | 351         |
|    policy_gradient_loss | 0.00658     |
|    std                  | 0.594       |
|    value_loss           | 0.0971      |
-----------------------------------------
Early stopping at step 0 due to reaching max kl: 0.03
-----------------------------------------
| rollout/                |             |
|    ep_len_mean          | 630         |
|    ep_rew_mean          | 1.16e+03    |
| time/                   |             |
|    fps                  | 2627        |
|    iterations           | 304         |
|    time_elapsed         | 947         |
|    total_timesteps      | 2490368     |
| train/                  |             |
|    approx_kl            | 0.011668303 |
|    clip_fraction        | 0.165       |
|    clip_range           | 0.2         |
|    entropy_loss         | -7.17       |
|    explained_variance   | 0.578       |
|    learning_rate        | 0.000201    |
|    loss                 | 0.0436      |
|    n_updates            | 352         |
|    policy_gradient_loss | 0.00697     |
|    std                  | 0.593       |
|    value_loss           | 0.144       |
-----------------------------------------
Early stopping at step 0 due to reaching max kl: 0.03
-----------------------------------------
| rollout/                |             |
|    ep_len_mean          | 590         |
|    ep_rew_mean          | 1.08e+03    |
| time/                   |             |
|    fps                  | 2627        |
|    iterations           | 305         |
|    time_elapsed         | 950         |
|    total_timesteps      | 2498560     |
| train/                  |             |
|    approx_kl            | 0.012805932 |
|    clip_fraction        | 0.171       |
|    clip_range           | 0.2         |
|    entropy_loss         | -7.16       |
|    explained_variance   | 0.652       |
|    learning_rate        | 0.0002      |
|    loss                 | 0.0727      |
|    n_updates            | 353         |
|    policy_gradient_loss | 0.00313     |
|    std                  | 0.592       |
|    value_loss           | 0.0822      |
-----------------------------------------
Early stopping at step 0 due to reaching max kl: 0.04
-----------------------------------------
| rollout/                |             |
|    ep_len_mean          | 558         |
|    ep_rew_mean          | 1.01e+03    |
| time/                   |             |
|    fps                  | 2627        |
|    iterations           | 306         |
|    time_elapsed         | 953         |
|    total_timesteps      | 2506752     |
| train/                  |             |
|    approx_kl            | 0.012672326 |
|    clip_fraction        | 0.178       |
|    clip_range           | 0.2         |
|    entropy_loss         | -7.15       |
|    explained_variance   | 0.611       |
|    learning_rate        | 0.0002      |
|    loss                 | 0.0544      |
|    n_updates            | 354         |
|    policy_gradient_loss | 0.00293     |
|    std                  | 0.591       |
|    value_loss           | 0.111       |
-----------------------------------------
Early stopping at step 0 due to reaching max kl: 0.03
-----------------------------------------
| rollout/                |             |
|    ep_len_mean          | 564         |
|    ep_rew_mean          | 1.02e+03    |
| time/                   |             |
|    fps                  | 2627        |
|    iterations           | 307         |
|    time_elapsed         | 957         |
|    total_timesteps      | 2514944     |
| train/                  |             |
|    approx_kl            | 0.012140617 |
|    clip_fraction        | 0.163       |
|    clip_range           | 0.2         |
|    entropy_loss         | -7.14       |
|    explained_variance   | 0.615       |
|    learning_rate        | 0.0002      |
|    loss                 | 0.0418      |
|    n_updates            | 355         |
|    policy_gradient_loss | 0.00639     |
|    std                  | 0.591       |
|    value_loss           | 0.104       |
-----------------------------------------
Early stopping at step 0 due to reaching max kl: 0.03
-----------------------------------------
| rollout/                |             |
|    ep_len_mean          | 567         |
|    ep_rew_mean          | 1.03e+03    |
| time/                   |             |
|    fps                  | 2628        |
|    iterations           | 308         |
|    time_elapsed         | 960         |
|    total_timesteps      | 2523136     |
| train/                  |             |
|    approx_kl            | 0.010318077 |
|    clip_fraction        | 0.141       |
|    clip_range           | 0.2         |
|    entropy_loss         | -7.13       |
|    explained_variance   | 0.699       |
|    learning_rate        | 0.000199    |
|    loss                 | 0.0229      |
|    n_updates            | 356         |
|    policy_gradient_loss | 0.00635     |
|    std                  | 0.59        |
|    value_loss           | 0.0513      |
-----------------------------------------
Early stopping at step 0 due to reaching max kl: 0.03
-----------------------------------------
| rollout/                |             |
|    ep_len_mean          | 590         |
|    ep_rew_mean          | 1.07e+03    |
| time/                   |             |
|    fps                  | 2627        |
|    iterations           | 309         |
|    time_elapsed         | 963         |
|    total_timesteps      | 2531328     |
| train/                  |             |
|    approx_kl            | 0.015705958 |
|    clip_fraction        | 0.218       |
|    clip_range           | 0.2         |
|    entropy_loss         | -7.12       |
|    explained_variance   | 0.649       |
|    learning_rate        | 0.000199    |
|    loss                 | 0.125       |
|    n_updates            | 357         |
|    policy_gradient_loss | 0.00696     |
|    std                  | 0.589       |
|    value_loss           | 0.0591      |
-----------------------------------------
Early stopping at step 0 due to reaching max kl: 0.03
-----------------------------------------
| rollout/                |             |
|    ep_len_mean          | 570         |
|    ep_rew_mean          | 1.03e+03    |
| time/                   |             |
|    fps                  | 2627        |
|    iterations           | 310         |
|    time_elapsed         | 966         |
|    total_timesteps      | 2539520     |
| train/                  |             |
|    approx_kl            | 0.013324248 |
|    clip_fraction        | 0.185       |
|    clip_range           | 0.2         |
|    entropy_loss         | -7.1        |
|    explained_variance   | 0.736       |
|    learning_rate        | 0.000199    |
|    loss                 | 0.0205      |
|    n_updates            | 358         |
|    policy_gradient_loss | 0.00855     |
|    std                  | 0.587       |
|    value_loss           | 0.0252      |
-----------------------------------------
Early stopping at step 1 due to reaching max kl: 0.03
-----------------------------------------
| rollout/                |             |
|    ep_len_mean          | 609         |
|    ep_rew_mean          | 1.1e+03     |
| time/                   |             |
|    fps                  | 2627        |
|    iterations           | 311         |
|    time_elapsed         | 969         |
|    total_timesteps      | 2547712     |
| train/                  |             |
|    approx_kl            | 0.030189577 |
|    clip_fraction        | 0.218       |
|    clip_range           | 0.2         |
|    entropy_loss         | -7.08       |
|    explained_variance   | 0.555       |
|    learning_rate        | 0.000198    |
|    loss                 | -0.0164     |
|    n_updates            | 360         |
|    policy_gradient_loss | 0.00807     |
|    std                  | 0.586       |
|    value_loss           | 0.114       |
-----------------------------------------
Early stopping at step 0 due to reaching max kl: 0.04
------------------------------------------
| rollout/                |              |
|    ep_len_mean          | 616          |
|    ep_rew_mean          | 1.1e+03      |
| time/                   |              |
|    fps                  | 2627         |
|    iterations           | 312          |
|    time_elapsed         | 972          |
|    total_timesteps      | 2555904      |
| train/                  |              |
|    approx_kl            | 0.0152672315 |
|    clip_fraction        | 0.208        |
|    clip_range           | 0.2          |
|    entropy_loss         | -7.06        |
|    explained_variance   | 0.738        |
|    learning_rate        | 0.000198     |
|    loss                 | 0.0441       |
|    n_updates            | 361          |
|    policy_gradient_loss | 0.00517      |
|    std                  | 0.584        |
|    value_loss           | 0.0484       |
------------------------------------------
Early stopping at step 0 due to reaching max kl: 0.03
----------------------------------------
| rollout/                |            |
|    ep_len_mean          | 615        |
|    ep_rew_mean          | 1.1e+03    |
| time/                   |            |
|    fps                  | 2627       |
|    iterations           | 313        |
|    time_elapsed         | 975        |
|    total_timesteps      | 2564096    |
| train/                  |            |
|    approx_kl            | 0.01394181 |
|    clip_fraction        | 0.194      |
|    clip_range           | 0.2        |
|    entropy_loss         | -7.05      |
|    explained_variance   | 0.653      |
|    learning_rate        | 0.000198   |
|    loss                 | 0.101      |
|    n_updates            | 362        |
|    policy_gradient_loss | 0.00892    |
|    std                  | 0.584      |
|    value_loss           | 0.0677     |
----------------------------------------
Early stopping at step 0 due to reaching max kl: 0.03
-----------------------------------------
| rollout/                |             |
|    ep_len_mean          | 643         |
|    ep_rew_mean          | 1.16e+03    |
| time/                   |             |
|    fps                  | 2627        |
|    iterations           | 314         |
|    time_elapsed         | 978         |
|    total_timesteps      | 2572288     |
| train/                  |             |
|    approx_kl            | 0.010408674 |
|    clip_fraction        | 0.135       |
|    clip_range           | 0.2         |
|    entropy_loss         | -7.04       |
|    explained_variance   | 0.641       |
|    learning_rate        | 0.000197    |
|    loss                 | 0.0331      |
|    n_updates            | 363         |
|    policy_gradient_loss | 0.00309     |
|    std                  | 0.583       |
|    value_loss           | 0.079       |
-----------------------------------------
Early stopping at step 0 due to reaching max kl: 0.03
-----------------------------------------
| rollout/                |             |
|    ep_len_mean          | 590         |
|    ep_rew_mean          | 1.06e+03    |
| time/                   |             |
|    fps                  | 2628        |
|    iterations           | 315         |
|    time_elapsed         | 981         |
|    total_timesteps      | 2580480     |
| train/                  |             |
|    approx_kl            | 0.010827646 |
|    clip_fraction        | 0.14        |
|    clip_range           | 0.2         |
|    entropy_loss         | -7.03       |
|    explained_variance   | 0.675       |
|    learning_rate        | 0.000197    |
|    loss                 | 0.041       |
|    n_updates            | 364         |
|    policy_gradient_loss | 0.00778     |
|    std                  | 0.582       |
|    value_loss           | 0.0575      |
-----------------------------------------
Early stopping at step 0 due to reaching max kl: 0.03
-----------------------------------------
| rollout/                |             |
|    ep_len_mean          | 551         |
|    ep_rew_mean          | 998         |
| time/                   |             |
|    fps                  | 2627        |
|    iterations           | 316         |
|    time_elapsed         | 985         |
|    total_timesteps      | 2588672     |
| train/                  |             |
|    approx_kl            | 0.015689913 |
|    clip_fraction        | 0.211       |
|    clip_range           | 0.2         |
|    entropy_loss         | -7.01       |
|    explained_variance   | 0.63        |
|    learning_rate        | 0.000197    |
|    loss                 | 0.0424      |
|    n_updates            | 365         |
|    policy_gradient_loss | 0.0101      |
|    std                  | 0.581       |
|    value_loss           | 0.115       |
-----------------------------------------
Early stopping at step 0 due to reaching max kl: 0.03
-----------------------------------------
| rollout/                |             |
|    ep_len_mean          | 585         |
|    ep_rew_mean          | 1.07e+03    |
| time/                   |             |
|    fps                  | 2627        |
|    iterations           | 317         |
|    time_elapsed         | 988         |
|    total_timesteps      | 2596864     |
| train/                  |             |
|    approx_kl            | 0.014129682 |
|    clip_fraction        | 0.183       |
|    clip_range           | 0.2         |
|    entropy_loss         | -7          |
|    explained_variance   | 0.699       |
|    learning_rate        | 0.000196    |
|    loss                 | 0.0965      |
|    n_updates            | 366         |
|    policy_gradient_loss | 0.00812     |
|    std                  | 0.581       |
|    value_loss           | 0.0881      |
-----------------------------------------
Early stopping at step 0 due to reaching max kl: 0.04
-----------------------------------------
| rollout/                |             |
|    ep_len_mean          | 578         |
|    ep_rew_mean          | 1.06e+03    |
| time/                   |             |
|    fps                  | 2627        |
|    iterations           | 318         |
|    time_elapsed         | 991         |
|    total_timesteps      | 2605056     |
| train/                  |             |
|    approx_kl            | 0.012998222 |
|    clip_fraction        | 0.184       |
|    clip_range           | 0.2         |
|    entropy_loss         | -6.99       |
|    explained_variance   | 0.705       |
|    learning_rate        | 0.000196    |
|    loss                 | 0.0789      |
|    n_updates            | 367         |
|    policy_gradient_loss | 0.00756     |
|    std                  | 0.58        |
|    value_loss           | 0.0687      |
-----------------------------------------
Early stopping at step 0 due to reaching max kl: 0.03
-----------------------------------------
| rollout/                |             |
|    ep_len_mean          | 540         |
|    ep_rew_mean          | 995         |
| time/                   |             |
|    fps                  | 2627        |
|    iterations           | 319         |
|    time_elapsed         | 994         |
|    total_timesteps      | 2613248     |
| train/                  |             |
|    approx_kl            | 0.014635585 |
|    clip_fraction        | 0.194       |
|    clip_range           | 0.2         |
|    entropy_loss         | -6.98       |
|    explained_variance   | 0.708       |
|    learning_rate        | 0.000196    |
|    loss                 | 0.12        |
|    n_updates            | 368         |
|    policy_gradient_loss | 0.00744     |
|    std                  | 0.579       |
|    value_loss           | 0.0838      |
-----------------------------------------
Early stopping at step 0 due to reaching max kl: 0.03
-----------------------------------------
| rollout/                |             |
|    ep_len_mean          | 557         |
|    ep_rew_mean          | 1.03e+03    |
| time/                   |             |
|    fps                  | 2627        |
|    iterations           | 320         |
|    time_elapsed         | 997         |
|    total_timesteps      | 2621440     |
| train/                  |             |
|    approx_kl            | 0.013557422 |
|    clip_fraction        | 0.184       |
|    clip_range           | 0.2         |
|    entropy_loss         | -6.97       |
|    explained_variance   | 0.632       |
|    learning_rate        | 0.000195    |
|    loss                 | 0.251       |
|    n_updates            | 369         |
|    policy_gradient_loss | 0.0119      |
|    std                  | 0.578       |
|    value_loss           | 0.137       |
-----------------------------------------
Early stopping at step 0 due to reaching max kl: 0.03
----------------------------------------
| rollout/                |            |
|    ep_len_mean          | 575        |
|    ep_rew_mean          | 1.08e+03   |
| time/                   |            |
|    fps                  | 2627       |
|    iterations           | 321        |
|    time_elapsed         | 1000       |
|    total_timesteps      | 2629632    |
| train/                  |            |
|    approx_kl            | 0.01233716 |
|    clip_fraction        | 0.168      |
|    clip_range           | 0.2        |
|    entropy_loss         | -6.96      |
|    explained_variance   | 0.722      |
|    learning_rate        | 0.000195   |
|    loss                 | 0.0569     |
|    n_updates            | 370        |
|    policy_gradient_loss | 0.00293    |
|    std                  | 0.578      |
|    value_loss           | 0.059      |
----------------------------------------
Early stopping at step 0 due to reaching max kl: 0.03
-----------------------------------------
| rollout/                |             |
|    ep_len_mean          | 592         |
|    ep_rew_mean          | 1.11e+03    |
| time/                   |             |
|    fps                  | 2627        |
|    iterations           | 322         |
|    time_elapsed         | 1003        |
|    total_timesteps      | 2637824     |
| train/                  |             |
|    approx_kl            | 0.012700829 |
|    clip_fraction        | 0.18        |
|    clip_range           | 0.2         |
|    entropy_loss         | -6.95       |
|    explained_variance   | 0.661       |
|    learning_rate        | 0.000195    |
|    loss                 | 0.115       |
|    n_updates            | 371         |
|    policy_gradient_loss | 0.0104      |
|    std                  | 0.576       |
|    value_loss           | 0.0602      |
-----------------------------------------
Early stopping at step 1 due to reaching max kl: 0.03
-----------------------------------------
| rollout/                |             |
|    ep_len_mean          | 588         |
|    ep_rew_mean          | 1.1e+03     |
| time/                   |             |
|    fps                  | 2627        |
|    iterations           | 323         |
|    time_elapsed         | 1007        |
|    total_timesteps      | 2646016     |
| train/                  |             |
|    approx_kl            | 0.022012739 |
|    clip_fraction        | 0.207       |
|    clip_range           | 0.2         |
|    entropy_loss         | -6.93       |
|    explained_variance   | 0.677       |
|    learning_rate        | 0.000194    |
|    loss                 | -0.0245     |
|    n_updates            | 373         |
|    policy_gradient_loss | 0.00457     |
|    std                  | 0.575       |
|    value_loss           | 0.0478      |
-----------------------------------------
Early stopping at step 0 due to reaching max kl: 0.04
----------------------------------------
| rollout/                |            |
|    ep_len_mean          | 586        |
|    ep_rew_mean          | 1.1e+03    |
| time/                   |            |
|    fps                  | 2627       |
|    iterations           | 324        |
|    time_elapsed         | 1010       |
|    total_timesteps      | 2654208    |
| train/                  |            |
|    approx_kl            | 0.01324898 |
|    clip_fraction        | 0.172      |
|    clip_range           | 0.2        |
|    entropy_loss         | -6.91      |
|    explained_variance   | 0.652      |
|    learning_rate        | 0.000194   |
|    loss                 | 0.00616    |
|    n_updates            | 374        |
|    policy_gradient_loss | 0.00412    |
|    std                  | 0.574      |
|    value_loss           | 0.106      |
----------------------------------------
Early stopping at step 0 due to reaching max kl: 0.03
-----------------------------------------
| rollout/                |             |
|    ep_len_mean          | 574         |
|    ep_rew_mean          | 1.08e+03    |
| time/                   |             |
|    fps                  | 2627        |
|    iterations           | 325         |
|    time_elapsed         | 1013        |
|    total_timesteps      | 2662400     |
| train/                  |             |
|    approx_kl            | 0.013498008 |
|    clip_fraction        | 0.185       |
|    clip_range           | 0.2         |
|    entropy_loss         | -6.9        |
|    explained_variance   | 0.684       |
|    learning_rate        | 0.000194    |
|    loss                 | 0.117       |
|    n_updates            | 375         |
|    policy_gradient_loss | 0.00792     |
|    std                  | 0.574       |
|    value_loss           | 0.0629      |
-----------------------------------------
Early stopping at step 0 due to reaching max kl: 0.03
-----------------------------------------
| rollout/                |             |
|    ep_len_mean          | 605         |
|    ep_rew_mean          | 1.14e+03    |
| time/                   |             |
|    fps                  | 2627        |
|    iterations           | 326         |
|    time_elapsed         | 1016        |
|    total_timesteps      | 2670592     |
| train/                  |             |
|    approx_kl            | 0.012874498 |
|    clip_fraction        | 0.172       |
|    clip_range           | 0.2         |
|    entropy_loss         | -6.9        |
|    explained_variance   | 0.595       |
|    learning_rate        | 0.000194    |
|    loss                 | 0.0477      |
|    n_updates            | 376         |
|    policy_gradient_loss | 0.00028     |
|    std                  | 0.573       |
|    value_loss           | 0.115       |
-----------------------------------------
Early stopping at step 0 due to reaching max kl: 0.04
-----------------------------------------
| rollout/                |             |
|    ep_len_mean          | 638         |
|    ep_rew_mean          | 1.2e+03     |
| time/                   |             |
|    fps                  | 2627        |
|    iterations           | 327         |
|    time_elapsed         | 1019        |
|    total_timesteps      | 2678784     |
| train/                  |             |
|    approx_kl            | 0.013420273 |
|    clip_fraction        | 0.184       |
|    clip_range           | 0.2         |
|    entropy_loss         | -6.89       |
|    explained_variance   | 0.607       |
|    learning_rate        | 0.000193    |
|    loss                 | 0.0361      |
|    n_updates            | 377         |
|    policy_gradient_loss | 0.0074      |
|    std                  | 0.572       |
|    value_loss           | 0.0486      |
-----------------------------------------
Early stopping at step 0 due to reaching max kl: 0.04
-----------------------------------------
| rollout/                |             |
|    ep_len_mean          | 589         |
|    ep_rew_mean          | 1.1e+03     |
| time/                   |             |
|    fps                  | 2627        |
|    iterations           | 328         |
|    time_elapsed         | 1022        |
|    total_timesteps      | 2686976     |
| train/                  |             |
|    approx_kl            | 0.014270617 |
|    clip_fraction        | 0.202       |
|    clip_range           | 0.2         |
|    entropy_loss         | -6.87       |
|    explained_variance   | 0.621       |
|    learning_rate        | 0.000193    |
|    loss                 | 0.0849      |
|    n_updates            | 378         |
|    policy_gradient_loss | 0.00791     |
|    std                  | 0.571       |
|    value_loss           | 0.0546      |
-----------------------------------------
Early stopping at step 0 due to reaching max kl: 0.04
-----------------------------------------
| rollout/                |             |
|    ep_len_mean          | 606         |
|    ep_rew_mean          | 1.14e+03    |
| time/                   |             |
|    fps                  | 2627        |
|    iterations           | 329         |
|    time_elapsed         | 1025        |
|    total_timesteps      | 2695168     |
| train/                  |             |
|    approx_kl            | 0.014137218 |
|    clip_fraction        | 0.187       |
|    clip_range           | 0.2         |
|    entropy_loss         | -6.85       |
|    explained_variance   | 0.616       |
|    learning_rate        | 0.000193    |
|    loss                 | 0.0505      |
|    n_updates            | 379         |
|    policy_gradient_loss | 0.00658     |
|    std                  | 0.57        |
|    value_loss           | 0.0967      |
-----------------------------------------
Early stopping at step 0 due to reaching max kl: 0.03
-----------------------------------------
| rollout/                |             |
|    ep_len_mean          | 582         |
|    ep_rew_mean          | 1.09e+03    |
| time/                   |             |
|    fps                  | 2627        |
|    iterations           | 330         |
|    time_elapsed         | 1028        |
|    total_timesteps      | 2703360     |
| train/                  |             |
|    approx_kl            | 0.012610503 |
|    clip_fraction        | 0.164       |
|    clip_range           | 0.2         |
|    entropy_loss         | -6.85       |
|    explained_variance   | 0.618       |
|    learning_rate        | 0.000192    |
|    loss                 | 0.0251      |
|    n_updates            | 380         |
|    policy_gradient_loss | 0.0044      |
|    std                  | 0.569       |
|    value_loss           | 0.0629      |
-----------------------------------------
Early stopping at step 0 due to reaching max kl: 0.03
-----------------------------------------
| rollout/                |             |
|    ep_len_mean          | 577         |
|    ep_rew_mean          | 1.09e+03    |
| time/                   |             |
|    fps                  | 2627        |
|    iterations           | 331         |
|    time_elapsed         | 1031        |
|    total_timesteps      | 2711552     |
| train/                  |             |
|    approx_kl            | 0.011730143 |
|    clip_fraction        | 0.163       |
|    clip_range           | 0.2         |
|    entropy_loss         | -6.84       |
|    explained_variance   | 0.605       |
|    learning_rate        | 0.000192    |
|    loss                 | 0.0239      |
|    n_updates            | 381         |
|    policy_gradient_loss | 0.0064      |
|    std                  | 0.569       |
|    value_loss           | 0.138       |
-----------------------------------------
Early stopping at step 0 due to reaching max kl: 0.03
-----------------------------------------
| rollout/                |             |
|    ep_len_mean          | 589         |
|    ep_rew_mean          | 1.11e+03    |
| time/                   |             |
|    fps                  | 2627        |
|    iterations           | 332         |
|    time_elapsed         | 1034        |
|    total_timesteps      | 2719744     |
| train/                  |             |
|    approx_kl            | 0.013029159 |
|    clip_fraction        | 0.181       |
|    clip_range           | 0.2         |
|    entropy_loss         | -6.83       |
|    explained_variance   | 0.72        |
|    learning_rate        | 0.000192    |
|    loss                 | 0.0587      |
|    n_updates            | 382         |
|    policy_gradient_loss | 0.0046      |
|    std                  | 0.568       |
|    value_loss           | 0.0541      |
-----------------------------------------
Early stopping at step 0 due to reaching max kl: 0.03
------------------------------------------
| rollout/                |              |
|    ep_len_mean          | 563          |
|    ep_rew_mean          | 1.06e+03     |
| time/                   |              |
|    fps                  | 2627         |
|    iterations           | 333          |
|    time_elapsed         | 1038         |
|    total_timesteps      | 2727936      |
| train/                  |              |
|    approx_kl            | 0.0117344055 |
|    clip_fraction        | 0.168        |
|    clip_range           | 0.2          |
|    entropy_loss         | -6.81        |
|    explained_variance   | 0.744        |
|    learning_rate        | 0.000191     |
|    loss                 | 0.0552       |
|    n_updates            | 383          |
|    policy_gradient_loss | 0.00453      |
|    std                  | 0.567        |
|    value_loss           | 0.0338       |
------------------------------------------
Early stopping at step 0 due to reaching max kl: 0.03
-----------------------------------------
| rollout/                |             |
|    ep_len_mean          | 573         |
|    ep_rew_mean          | 1.08e+03    |
| time/                   |             |
|    fps                  | 2628        |
|    iterations           | 334         |
|    time_elapsed         | 1041        |
|    total_timesteps      | 2736128     |
| train/                  |             |
|    approx_kl            | 0.007182484 |
|    clip_fraction        | 0.0948      |
|    clip_range           | 0.2         |
|    entropy_loss         | -6.81       |
|    explained_variance   | 0.597       |
|    learning_rate        | 0.000191    |
|    loss                 | 0.101       |
|    n_updates            | 384         |
|    policy_gradient_loss | 0.000351    |
|    std                  | 0.567       |
|    value_loss           | 0.145       |
-----------------------------------------
Early stopping at step 0 due to reaching max kl: 0.03
-----------------------------------------
| rollout/                |             |
|    ep_len_mean          | 533         |
|    ep_rew_mean          | 1e+03       |
| time/                   |             |
|    fps                  | 2628        |
|    iterations           | 335         |
|    time_elapsed         | 1044        |
|    total_timesteps      | 2744320     |
| train/                  |             |
|    approx_kl            | 0.012320015 |
|    clip_fraction        | 0.169       |
|    clip_range           | 0.2         |
|    entropy_loss         | -6.81       |
|    explained_variance   | 0.754       |
|    learning_rate        | 0.000191    |
|    loss                 | 0.00421     |
|    n_updates            | 385         |
|    policy_gradient_loss | 0.00699     |
|    std                  | 0.566       |
|    value_loss           | 0.0489      |
-----------------------------------------
Early stopping at step 0 due to reaching max kl: 0.03
----------------------------------------
| rollout/                |            |
|    ep_len_mean          | 534        |
|    ep_rew_mean          | 1.01e+03   |
| time/                   |            |
|    fps                  | 2628       |
|    iterations           | 336        |
|    time_elapsed         | 1047       |
|    total_timesteps      | 2752512    |
| train/                  |            |
|    approx_kl            | 0.01238842 |
|    clip_fraction        | 0.168      |
|    clip_range           | 0.2        |
|    entropy_loss         | -6.8       |
|    explained_variance   | 0.616      |
|    learning_rate        | 0.00019    |
|    loss                 | 0.12       |
|    n_updates            | 386        |
|    policy_gradient_loss | 0.00515    |
|    std                  | 0.566      |
|    value_loss           | 0.141      |
----------------------------------------
Early stopping at step 0 due to reaching max kl: 0.03
-----------------------------------------
| rollout/                |             |
|    ep_len_mean          | 546         |
|    ep_rew_mean          | 1.04e+03    |
| time/                   |             |
|    fps                  | 2628        |
|    iterations           | 337         |
|    time_elapsed         | 1050        |
|    total_timesteps      | 2760704     |
| train/                  |             |
|    approx_kl            | 0.010293461 |
|    clip_fraction        | 0.135       |
|    clip_range           | 0.2         |
|    entropy_loss         | -6.79       |
|    explained_variance   | 0.665       |
|    learning_rate        | 0.00019     |
|    loss                 | 0.0299      |
|    n_updates            | 387         |
|    policy_gradient_loss | 0.00546     |
|    std                  | 0.566       |
|    value_loss           | 0.0895      |
-----------------------------------------
Early stopping at step 0 due to reaching max kl: 0.03
-----------------------------------------
| rollout/                |             |
|    ep_len_mean          | 525         |
|    ep_rew_mean          | 994         |
| time/                   |             |
|    fps                  | 2628        |
|    iterations           | 338         |
|    time_elapsed         | 1053        |
|    total_timesteps      | 2768896     |
| train/                  |             |
|    approx_kl            | 0.010976493 |
|    clip_fraction        | 0.147       |
|    clip_range           | 0.2         |
|    entropy_loss         | -6.79       |
|    explained_variance   | 0.686       |
|    learning_rate        | 0.00019     |
|    loss                 | 0.0295      |
|    n_updates            | 388         |
|    policy_gradient_loss | 0.00149     |
|    std                  | 0.566       |
|    value_loss           | 0.0839      |
-----------------------------------------
Early stopping at step 1 due to reaching max kl: 0.03
-----------------------------------------
| rollout/                |             |
|    ep_len_mean          | 550         |
|    ep_rew_mean          | 1.04e+03    |
| time/                   |             |
|    fps                  | 2628        |
|    iterations           | 339         |
|    time_elapsed         | 1056        |
|    total_timesteps      | 2777088     |
| train/                  |             |
|    approx_kl            | 0.021196175 |
|    clip_fraction        | 0.212       |
|    clip_range           | 0.2         |
|    entropy_loss         | -6.79       |
|    explained_variance   | 0.613       |
|    learning_rate        | 0.000189    |
|    loss                 | -0.0133     |
|    n_updates            | 390         |
|    policy_gradient_loss | 0.00388     |
|    std                  | 0.565       |
|    value_loss           | 0.0949      |
-----------------------------------------
Early stopping at step 1 due to reaching max kl: 0.03
-----------------------------------------
| rollout/                |             |
|    ep_len_mean          | 554         |
|    ep_rew_mean          | 1.05e+03    |
| time/                   |             |
|    fps                  | 2628        |
|    iterations           | 340         |
|    time_elapsed         | 1059        |
|    total_timesteps      | 2785280     |
| train/                  |             |
|    approx_kl            | 0.025355564 |
|    clip_fraction        | 0.188       |
|    clip_range           | 0.2         |
|    entropy_loss         | -6.78       |
|    explained_variance   | 0.658       |
|    learning_rate        | 0.000189    |
|    loss                 | 0.0157      |
|    n_updates            | 392         |
|    policy_gradient_loss | 0.00809     |
|    std                  | 0.565       |
|    value_loss           | 0.0698      |
-----------------------------------------
Early stopping at step 0 due to reaching max kl: 0.03
-----------------------------------------
| rollout/                |             |
|    ep_len_mean          | 521         |
|    ep_rew_mean          | 983         |
| time/                   |             |
|    fps                  | 2628        |
|    iterations           | 341         |
|    time_elapsed         | 1062        |
|    total_timesteps      | 2793472     |
| train/                  |             |
|    approx_kl            | 0.014212898 |
|    clip_fraction        | 0.198       |
|    clip_range           | 0.2         |
|    entropy_loss         | -6.76       |
|    explained_variance   | 0.575       |
|    learning_rate        | 0.000189    |
|    loss                 | 0.0275      |
|    n_updates            | 393         |
|    policy_gradient_loss | 0.00516     |
|    std                  | 0.563       |
|    value_loss           | 0.0858      |
-----------------------------------------
Early stopping at step 0 due to reaching max kl: 0.03
-----------------------------------------
| rollout/                |             |
|    ep_len_mean          | 534         |
|    ep_rew_mean          | 1.02e+03    |
| time/                   |             |
|    fps                  | 2628        |
|    iterations           | 342         |
|    time_elapsed         | 1065        |
|    total_timesteps      | 2801664     |
| train/                  |             |
|    approx_kl            | 0.014117234 |
|    clip_fraction        | 0.187       |
|    clip_range           | 0.2         |
|    entropy_loss         | -6.76       |
|    explained_variance   | 0.516       |
|    learning_rate        | 0.000188    |
|    loss                 | 0.0504      |
|    n_updates            | 394         |
|    policy_gradient_loss | 0.00539     |
|    std                  | 0.564       |
|    value_loss           | 0.166       |
-----------------------------------------
Early stopping at step 0 due to reaching max kl: 0.03
----------------------------------------
| rollout/                |            |
|    ep_len_mean          | 554        |
|    ep_rew_mean          | 1.05e+03   |
| time/                   |            |
|    fps                  | 2628       |
|    iterations           | 343        |
|    time_elapsed         | 1068       |
|    total_timesteps      | 2809856    |
| train/                  |            |
|    approx_kl            | 0.01452952 |
|    clip_fraction        | 0.193      |
|    clip_range           | 0.2        |
|    entropy_loss         | -6.76      |
|    explained_variance   | 0.681      |
|    learning_rate        | 0.000188   |
|    loss                 | 0.0182     |
|    n_updates            | 395        |
|    policy_gradient_loss | 0.0049     |
|    std                  | 0.564      |
|    value_loss           | 0.0839     |
----------------------------------------
Early stopping at step 0 due to reaching max kl: 0.03
----------------------------------------
| rollout/                |            |
|    ep_len_mean          | 533        |
|    ep_rew_mean          | 1.02e+03   |
| time/                   |            |
|    fps                  | 2628       |
|    iterations           | 344        |
|    time_elapsed         | 1072       |
|    total_timesteps      | 2818048    |
| train/                  |            |
|    approx_kl            | 0.01018548 |
|    clip_fraction        | 0.136      |
|    clip_range           | 0.2        |
|    entropy_loss         | -6.75      |
|    explained_variance   | 0.648      |
|    learning_rate        | 0.000188   |
|    loss                 | 0.0344     |
|    n_updates            | 396        |
|    policy_gradient_loss | 0.00335    |
|    std                  | 0.563      |
|    value_loss           | 0.073      |
----------------------------------------
Early stopping at step 1 due to reaching max kl: 0.03
-----------------------------------------
| rollout/                |             |
|    ep_len_mean          | 527         |
|    ep_rew_mean          | 1.02e+03    |
| time/                   |             |
|    fps                  | 2628        |
|    iterations           | 345         |
|    time_elapsed         | 1075        |
|    total_timesteps      | 2826240     |
| train/                  |             |
|    approx_kl            | 0.020393701 |
|    clip_fraction        | 0.204       |
|    clip_range           | 0.2         |
|    entropy_loss         | -6.74       |
|    explained_variance   | 0.617       |
|    learning_rate        | 0.000187    |
|    loss                 | -0.00219    |
|    n_updates            | 398         |
|    policy_gradient_loss | 0.00417     |
|    std                  | 0.562       |
|    value_loss           | 0.0876      |
-----------------------------------------
Early stopping at step 0 due to reaching max kl: 0.04
-----------------------------------------
| rollout/                |             |
|    ep_len_mean          | 520         |
|    ep_rew_mean          | 1e+03       |
| time/                   |             |
|    fps                  | 2628        |
|    iterations           | 346         |
|    time_elapsed         | 1078        |
|    total_timesteps      | 2834432     |
| train/                  |             |
|    approx_kl            | 0.013632921 |
|    clip_fraction        | 0.18        |
|    clip_range           | 0.2         |
|    entropy_loss         | -6.74       |
|    explained_variance   | 0.621       |
|    learning_rate        | 0.000187    |
|    loss                 | -0.0347     |
|    n_updates            | 399         |
|    policy_gradient_loss | 0.00805     |
|    std                  | 0.563       |
|    value_loss           | 0.121       |
-----------------------------------------
Early stopping at step 0 due to reaching max kl: 0.03
-----------------------------------------
| rollout/                |             |
|    ep_len_mean          | 535         |
|    ep_rew_mean          | 1.03e+03    |
| time/                   |             |
|    fps                  | 2628        |
|    iterations           | 347         |
|    time_elapsed         | 1081        |
|    total_timesteps      | 2842624     |
| train/                  |             |
|    approx_kl            | 0.011954744 |
|    clip_fraction        | 0.162       |
|    clip_range           | 0.2         |
|    entropy_loss         | -6.74       |
|    explained_variance   | 0.682       |
|    learning_rate        | 0.000187    |
|    loss                 | 0.126       |
|    n_updates            | 400         |
|    policy_gradient_loss | 0.00874     |
|    std                  | 0.562       |
|    value_loss           | 0.0798      |
-----------------------------------------
Early stopping at step 0 due to reaching max kl: 0.03
-----------------------------------------
| rollout/                |             |
|    ep_len_mean          | 574         |
|    ep_rew_mean          | 1.11e+03    |
| time/                   |             |
|    fps                  | 2628        |
|    iterations           | 348         |
|    time_elapsed         | 1084        |
|    total_timesteps      | 2850816     |
| train/                  |             |
|    approx_kl            | 0.013073799 |
|    clip_fraction        | 0.182       |
|    clip_range           | 0.2         |
|    entropy_loss         | -6.73       |
|    explained_variance   | 0.665       |
|    learning_rate        | 0.000186    |
|    loss                 | 0.0979      |
|    n_updates            | 401         |
|    policy_gradient_loss | 0.00382     |
|    std                  | 0.561       |
|    value_loss           | 0.0701      |
-----------------------------------------
Early stopping at step 0 due to reaching max kl: 0.03
-----------------------------------------
| rollout/                |             |
|    ep_len_mean          | 573         |
|    ep_rew_mean          | 1.1e+03     |
| time/                   |             |
|    fps                  | 2628        |
|    iterations           | 349         |
|    time_elapsed         | 1087        |
|    total_timesteps      | 2859008     |
| train/                  |             |
|    approx_kl            | 0.012452422 |
|    clip_fraction        | 0.179       |
|    clip_range           | 0.2         |
|    entropy_loss         | -6.72       |
|    explained_variance   | 0.728       |
|    learning_rate        | 0.000186    |
|    loss                 | 0.193       |
|    n_updates            | 402         |
|    policy_gradient_loss | 0.00693     |
|    std                  | 0.56        |
|    value_loss           | 0.0618      |
-----------------------------------------
Early stopping at step 0 due to reaching max kl: 0.04
-----------------------------------------
| rollout/                |             |
|    ep_len_mean          | 563         |
|    ep_rew_mean          | 1.08e+03    |
| time/                   |             |
|    fps                  | 2628        |
|    iterations           | 350         |
|    time_elapsed         | 1090        |
|    total_timesteps      | 2867200     |
| train/                  |             |
|    approx_kl            | 0.011999153 |
|    clip_fraction        | 0.158       |
|    clip_range           | 0.2         |
|    entropy_loss         | -6.71       |
|    explained_variance   | 0.66        |
|    learning_rate        | 0.000186    |
|    loss                 | 0.165       |
|    n_updates            | 403         |
|    policy_gradient_loss | 0.00313     |
|    std                  | 0.56        |
|    value_loss           | 0.12        |
-----------------------------------------
Early stopping at step 1 due to reaching max kl: 0.03
-----------------------------------------
| rollout/                |             |
|    ep_len_mean          | 546         |
|    ep_rew_mean          | 1.05e+03    |
| time/                   |             |
|    fps                  | 2627        |
|    iterations           | 351         |
|    time_elapsed         | 1094        |
|    total_timesteps      | 2875392     |
| train/                  |             |
|    approx_kl            | 0.023161778 |
|    clip_fraction        | 0.215       |
|    clip_range           | 0.2         |
|    entropy_loss         | -6.7        |
|    explained_variance   | 0.738       |
|    learning_rate        | 0.000185    |
|    loss                 | 0.00993     |
|    n_updates            | 405         |
|    policy_gradient_loss | 0.003       |
|    std                  | 0.559       |
|    value_loss           | 0.0569      |
-----------------------------------------
Early stopping at step 1 due to reaching max kl: 0.03
-----------------------------------------
| rollout/                |             |
|    ep_len_mean          | 547         |
|    ep_rew_mean          | 1.05e+03    |
| time/                   |             |
|    fps                  | 2627        |
|    iterations           | 352         |
|    time_elapsed         | 1097        |
|    total_timesteps      | 2883584     |
| train/                  |             |
|    approx_kl            | 0.022297757 |
|    clip_fraction        | 0.203       |
|    clip_range           | 0.2         |
|    entropy_loss         | -6.69       |
|    explained_variance   | 0.66        |
|    learning_rate        | 0.000185    |
|    loss                 | 0.0138      |
|    n_updates            | 407         |
|    policy_gradient_loss | 0.00429     |
|    std                  | 0.559       |
|    value_loss           | 0.109       |
-----------------------------------------
Early stopping at step 1 due to reaching max kl: 0.04
-----------------------------------------
| rollout/                |             |
|    ep_len_mean          | 537         |
|    ep_rew_mean          | 1.03e+03    |
| time/                   |             |
|    fps                  | 2627        |
|    iterations           | 353         |
|    time_elapsed         | 1100        |
|    total_timesteps      | 2891776     |
| train/                  |             |
|    approx_kl            | 0.020554833 |
|    clip_fraction        | 0.21        |
|    clip_range           | 0.2         |
|    entropy_loss         | -6.69       |
|    explained_variance   | 0.695       |
|    learning_rate        | 0.000185    |
|    loss                 | 0.0846      |
|    n_updates            | 409         |
|    policy_gradient_loss | 0.00185     |
|    std                  | 0.558       |
|    value_loss           | 0.0848      |
-----------------------------------------
Early stopping at step 0 due to reaching max kl: 0.03
-----------------------------------------
| rollout/                |             |
|    ep_len_mean          | 542         |
|    ep_rew_mean          | 1.03e+03    |
| time/                   |             |
|    fps                  | 2627        |
|    iterations           | 354         |
|    time_elapsed         | 1103        |
|    total_timesteps      | 2899968     |
| train/                  |             |
|    approx_kl            | 0.014524879 |
|    clip_fraction        | 0.197       |
|    clip_range           | 0.2         |
|    entropy_loss         | -6.68       |
|    explained_variance   | 0.697       |
|    learning_rate        | 0.000184    |
|    loss                 | 0.0486      |
|    n_updates            | 410         |
|    policy_gradient_loss | 0.00588     |
|    std                  | 0.557       |
|    value_loss           | 0.0981      |
-----------------------------------------
Early stopping at step 1 due to reaching max kl: 0.03
-----------------------------------------
| rollout/                |             |
|    ep_len_mean          | 539         |
|    ep_rew_mean          | 1.03e+03    |
| time/                   |             |
|    fps                  | 2626        |
|    iterations           | 355         |
|    time_elapsed         | 1107        |
|    total_timesteps      | 2908160     |
| train/                  |             |
|    approx_kl            | 0.023012962 |
|    clip_fraction        | 0.204       |
|    clip_range           | 0.2         |
|    entropy_loss         | -6.66       |
|    explained_variance   | 0.762       |
|    learning_rate        | 0.000184    |
|    loss                 | -0.0103     |
|    n_updates            | 412         |
|    policy_gradient_loss | 0.00702     |
|    std                  | 0.557       |
|    value_loss           | 0.0658      |
-----------------------------------------
Early stopping at step 0 due to reaching max kl: 0.04
-----------------------------------------
| rollout/                |             |
|    ep_len_mean          | 513         |
|    ep_rew_mean          | 982         |
| time/                   |             |
|    fps                  | 2626        |
|    iterations           | 356         |
|    time_elapsed         | 1110        |
|    total_timesteps      | 2916352     |
| train/                  |             |
|    approx_kl            | 0.012563661 |
|    clip_fraction        | 0.176       |
|    clip_range           | 0.2         |
|    entropy_loss         | -6.65       |
|    explained_variance   | 0.664       |
|    learning_rate        | 0.000184    |
|    loss                 | 0.174       |
|    n_updates            | 413         |
|    policy_gradient_loss | 0.00755     |
|    std                  | 0.556       |
|    value_loss           | 0.103       |
-----------------------------------------
Early stopping at step 0 due to reaching max kl: 0.04
-----------------------------------------
| rollout/                |             |
|    ep_len_mean          | 540         |
|    ep_rew_mean          | 1.04e+03    |
| time/                   |             |
|    fps                  | 2626        |
|    iterations           | 357         |
|    time_elapsed         | 1113        |
|    total_timesteps      | 2924544     |
| train/                  |             |
|    approx_kl            | 0.014147533 |
|    clip_fraction        | 0.19        |
|    clip_range           | 0.2         |
|    entropy_loss         | -6.65       |
|    explained_variance   | 0.657       |
|    learning_rate        | 0.000183    |
|    loss                 | 0.0495      |
|    n_updates            | 414         |
|    policy_gradient_loss | 0.0053      |
|    std                  | 0.555       |
|    value_loss           | 0.117       |
-----------------------------------------
Early stopping at step 0 due to reaching max kl: 0.03
-----------------------------------------
| rollout/                |             |
|    ep_len_mean          | 531         |
|    ep_rew_mean          | 1.01e+03    |
| time/                   |             |
|    fps                  | 2626        |
|    iterations           | 358         |
|    time_elapsed         | 1116        |
|    total_timesteps      | 2932736     |
| train/                  |             |
|    approx_kl            | 0.012608412 |
|    clip_fraction        | 0.171       |
|    clip_range           | 0.2         |
|    entropy_loss         | -6.64       |
|    explained_variance   | 0.68        |
|    learning_rate        | 0.000183    |
|    loss                 | 0.0641      |
|    n_updates            | 415         |
|    policy_gradient_loss | 0.0066      |
|    std                  | 0.555       |
|    value_loss           | 0.082       |
-----------------------------------------
Early stopping at step 0 due to reaching max kl: 0.03
----------------------------------------
| rollout/                |            |
|    ep_len_mean          | 561        |
|    ep_rew_mean          | 1.08e+03   |
| time/                   |            |
|    fps                  | 2627       |
|    iterations           | 359        |
|    time_elapsed         | 1119       |
|    total_timesteps      | 2940928    |
| train/                  |            |
|    approx_kl            | 0.01346003 |
|    clip_fraction        | 0.187      |
|    clip_range           | 0.2        |
|    entropy_loss         | -6.64      |
|    explained_variance   | 0.595      |
|    learning_rate        | 0.000183   |
|    loss                 | 0.0886     |
|    n_updates            | 416        |
|    policy_gradient_loss | 0.00608    |
|    std                  | 0.555      |
|    value_loss           | 0.147      |
----------------------------------------
Early stopping at step 1 due to reaching max kl: 0.03
-----------------------------------------
| rollout/                |             |
|    ep_len_mean          | 539         |
|    ep_rew_mean          | 1.04e+03    |
| time/                   |             |
|    fps                  | 2626        |
|    iterations           | 360         |
|    time_elapsed         | 1122        |
|    total_timesteps      | 2949120     |
| train/                  |             |
|    approx_kl            | 0.019864948 |
|    clip_fraction        | 0.204       |
|    clip_range           | 0.2         |
|    entropy_loss         | -6.62       |
|    explained_variance   | 0.691       |
|    learning_rate        | 0.000182    |
|    loss                 | -0.0273     |
|    n_updates            | 418         |
|    policy_gradient_loss | 0.00665     |
|    std                  | 0.553       |
|    value_loss           | 0.0717      |
-----------------------------------------
Early stopping at step 1 due to reaching max kl: 0.04
-----------------------------------------
| rollout/                |             |
|    ep_len_mean          | 539         |
|    ep_rew_mean          | 1.04e+03    |
| time/                   |             |
|    fps                  | 2626        |
|    iterations           | 361         |
|    time_elapsed         | 1125        |
|    total_timesteps      | 2957312     |
| train/                  |             |
|    approx_kl            | 0.024868635 |
|    clip_fraction        | 0.193       |
|    clip_range           | 0.2         |
|    entropy_loss         | -6.61       |
|    explained_variance   | 0.646       |
|    learning_rate        | 0.000182    |
|    loss                 | 0.0148      |
|    n_updates            | 420         |
|    policy_gradient_loss | 0.00593     |
|    std                  | 0.552       |
|    value_loss           | 0.078       |
-----------------------------------------
Early stopping at step 0 due to reaching max kl: 0.04
------------------------------------------
| rollout/                |              |
|    ep_len_mean          | 531          |
|    ep_rew_mean          | 1.03e+03     |
| time/                   |              |
|    fps                  | 2626         |
|    iterations           | 362          |
|    time_elapsed         | 1128         |
|    total_timesteps      | 2965504      |
| train/                  |              |
|    approx_kl            | 0.0135064395 |
|    clip_fraction        | 0.184        |
|    clip_range           | 0.2          |
|    entropy_loss         | -6.59        |
|    explained_variance   | 0.622        |
|    learning_rate        | 0.000182     |
|    loss                 | 0.0649       |
|    n_updates            | 421          |
|    policy_gradient_loss | 0.00823      |
|    std                  | 0.552        |
|    value_loss           | 0.134        |
------------------------------------------
Early stopping at step 1 due to reaching max kl: 0.03
-----------------------------------------
| rollout/                |             |
|    ep_len_mean          | 549         |
|    ep_rew_mean          | 1.06e+03    |
| time/                   |             |
|    fps                  | 2626        |
|    iterations           | 363         |
|    time_elapsed         | 1132        |
|    total_timesteps      | 2973696     |
| train/                  |             |
|    approx_kl            | 0.021299573 |
|    clip_fraction        | 0.21        |
|    clip_range           | 0.2         |
|    entropy_loss         | -6.59       |
|    explained_variance   | 0.672       |
|    learning_rate        | 0.000181    |
|    loss                 | -0.0118     |
|    n_updates            | 423         |
|    policy_gradient_loss | 0.00489     |
|    std                  | 0.551       |
|    value_loss           | 0.0789      |
-----------------------------------------
Early stopping at step 1 due to reaching max kl: 0.03
-----------------------------------------
| rollout/                |             |
|    ep_len_mean          | 547         |
|    ep_rew_mean          | 1.06e+03    |
| time/                   |             |
|    fps                  | 2626        |
|    iterations           | 364         |
|    time_elapsed         | 1135        |
|    total_timesteps      | 2981888     |
| train/                  |             |
|    approx_kl            | 0.021113768 |
|    clip_fraction        | 0.194       |
|    clip_range           | 0.2         |
|    entropy_loss         | -6.57       |
|    explained_variance   | 0.62        |
|    learning_rate        | 0.000181    |
|    loss                 | 0.00876     |
|    n_updates            | 425         |
|    policy_gradient_loss | 0.00852     |
|    std                  | 0.551       |
|    value_loss           | 0.114       |
-----------------------------------------
Early stopping at step 1 due to reaching max kl: 0.03
-----------------------------------------
| rollout/                |             |
|    ep_len_mean          | 575         |
|    ep_rew_mean          | 1.12e+03    |
| time/                   |             |
|    fps                  | 2626        |
|    iterations           | 365         |
|    time_elapsed         | 1138        |
|    total_timesteps      | 2990080     |
| train/                  |             |
|    approx_kl            | 0.026174555 |
|    clip_fraction        | 0.184       |
|    clip_range           | 0.2         |
|    entropy_loss         | -6.57       |
|    explained_variance   | 0.656       |
|    learning_rate        | 0.000181    |
|    loss                 | -0.05       |
|    n_updates            | 427         |
|    policy_gradient_loss | 0.00703     |
|    std                  | 0.55        |
|    value_loss           | 0.0834      |
-----------------------------------------
Early stopping at step 1 due to reaching max kl: 0.04
-----------------------------------------
| rollout/                |             |
|    ep_len_mean          | 561         |
|    ep_rew_mean          | 1.09e+03    |
| time/                   |             |
|    fps                  | 2625        |
|    iterations           | 366         |
|    time_elapsed         | 1141        |
|    total_timesteps      | 2998272     |
| train/                  |             |
|    approx_kl            | 0.022183234 |
|    clip_fraction        | 0.207       |
|    clip_range           | 0.2         |
|    entropy_loss         | -6.55       |
|    explained_variance   | 0.613       |
|    learning_rate        | 0.00018     |
|    loss                 | 0.0509      |
|    n_updates            | 429         |
|    policy_gradient_loss | 0.00242     |
|    std                  | 0.549       |
|    value_loss           | 0.0666      |
-----------------------------------------
Early stopping at step 1 due to reaching max kl: 0.03
-----------------------------------------
| rollout/                |             |
|    ep_len_mean          | 525         |
|    ep_rew_mean          | 1.02e+03    |
| time/                   |             |
|    fps                  | 2625        |
|    iterations           | 367         |
|    time_elapsed         | 1145        |
|    total_timesteps      | 3006464     |
| train/                  |             |
|    approx_kl            | 0.019826356 |
|    clip_fraction        | 0.2         |
|    clip_range           | 0.2         |
|    entropy_loss         | -6.54       |
|    explained_variance   | 0.581       |
|    learning_rate        | 0.00018     |
|    loss                 | 0.0623      |
|    n_updates            | 431         |
|    policy_gradient_loss | 0.00352     |
|    std                  | 0.548       |
|    value_loss           | 0.109       |
-----------------------------------------
Early stopping at step 1 due to reaching max kl: 0.03
-----------------------------------------
| rollout/                |             |
|    ep_len_mean          | 541         |
|    ep_rew_mean          | 1.05e+03    |
| time/                   |             |
|    fps                  | 2625        |
|    iterations           | 368         |
|    time_elapsed         | 1148        |
|    total_timesteps      | 3014656     |
| train/                  |             |
|    approx_kl            | 0.033896398 |
|    clip_fraction        | 0.211       |
|    clip_range           | 0.2         |
|    entropy_loss         | -6.53       |
|    explained_variance   | 0.502       |
|    learning_rate        | 0.00018     |
|    loss                 | 0.0565      |
|    n_updates            | 433         |
|    policy_gradient_loss | 0.00627     |
|    std                  | 0.547       |
|    value_loss           | 0.179       |
-----------------------------------------
Early stopping at step 0 due to reaching max kl: 0.03
-----------------------------------------
| rollout/                |             |
|    ep_len_mean          | 533         |
|    ep_rew_mean          | 1.05e+03    |
| time/                   |             |
|    fps                  | 2625        |
|    iterations           | 369         |
|    time_elapsed         | 1151        |
|    total_timesteps      | 3022848     |
| train/                  |             |
|    approx_kl            | 0.013251101 |
|    clip_fraction        | 0.181       |
|    clip_range           | 0.2         |
|    entropy_loss         | -6.52       |
|    explained_variance   | 0.56        |
|    learning_rate        | 0.000179    |
|    loss                 | 0.0288      |
|    n_updates            | 434         |
|    policy_gradient_loss | 0.00695     |
|    std                  | 0.547       |
|    value_loss           | 0.097       |
-----------------------------------------
Early stopping at step 1 due to reaching max kl: 0.03
-----------------------------------------
| rollout/                |             |
|    ep_len_mean          | 543         |
|    ep_rew_mean          | 1.07e+03    |
| time/                   |             |
|    fps                  | 2625        |
|    iterations           | 370         |
|    time_elapsed         | 1154        |
|    total_timesteps      | 3031040     |
| train/                  |             |
|    approx_kl            | 0.023320634 |
|    clip_fraction        | 0.214       |
|    clip_range           | 0.2         |
|    entropy_loss         | -6.52       |
|    explained_variance   | 0.612       |
|    learning_rate        | 0.000179    |
|    loss                 | 0.0238      |
|    n_updates            | 436         |
|    policy_gradient_loss | 0.00393     |
|    std                  | 0.547       |
|    value_loss           | 0.087       |
-----------------------------------------
Early stopping at step 0 due to reaching max kl: 0.03
-----------------------------------------
| rollout/                |             |
|    ep_len_mean          | 557         |
|    ep_rew_mean          | 1.1e+03     |
| time/                   |             |
|    fps                  | 2625        |
|    iterations           | 371         |
|    time_elapsed         | 1157        |
|    total_timesteps      | 3039232     |
| train/                  |             |
|    approx_kl            | 0.012282632 |
|    clip_fraction        | 0.168       |
|    clip_range           | 0.2         |
|    entropy_loss         | -6.52       |
|    explained_variance   | 0.579       |
|    learning_rate        | 0.000179    |
|    loss                 | 0.0428      |
|    n_updates            | 437         |
|    policy_gradient_loss | 0.0062      |
|    std                  | 0.546       |
|    value_loss           | 0.108       |
-----------------------------------------
Early stopping at step 1 due to reaching max kl: 0.03
-----------------------------------------
| rollout/                |             |
|    ep_len_mean          | 575         |
|    ep_rew_mean          | 1.13e+03    |
| time/                   |             |
|    fps                  | 2625        |
|    iterations           | 372         |
|    time_elapsed         | 1160        |
|    total_timesteps      | 3047424     |
| train/                  |             |
|    approx_kl            | 0.023323124 |
|    clip_fraction        | 0.2         |
|    clip_range           | 0.2         |
|    entropy_loss         | -6.5        |
|    explained_variance   | 0.647       |
|    learning_rate        | 0.000178    |
|    loss                 | -0.0153     |
|    n_updates            | 439         |
|    policy_gradient_loss | 0.00426     |
|    std                  | 0.545       |
|    value_loss           | 0.0576      |
-----------------------------------------
Early stopping at step 0 due to reaching max kl: 0.03
-----------------------------------------
| rollout/                |             |
|    ep_len_mean          | 588         |
|    ep_rew_mean          | 1.16e+03    |
| time/                   |             |
|    fps                  | 2625        |
|    iterations           | 373         |
|    time_elapsed         | 1163        |
|    total_timesteps      | 3055616     |
| train/                  |             |
|    approx_kl            | 0.015316113 |
|    clip_fraction        | 0.216       |
|    clip_range           | 0.2         |
|    entropy_loss         | -6.49       |
|    explained_variance   | 0.628       |
|    learning_rate        | 0.000178    |
|    loss                 | 0.109       |
|    n_updates            | 440         |
|    policy_gradient_loss | 0.00718     |
|    std                  | 0.545       |
|    value_loss           | 0.0603      |
-----------------------------------------
Early stopping at step 1 due to reaching max kl: 0.04
-----------------------------------------
| rollout/                |             |
|    ep_len_mean          | 624         |
|    ep_rew_mean          | 1.23e+03    |
| time/                   |             |
|    fps                  | 2625        |
|    iterations           | 374         |
|    time_elapsed         | 1167        |
|    total_timesteps      | 3063808     |
| train/                  |             |
|    approx_kl            | 0.023862116 |
|    clip_fraction        | 0.206       |
|    clip_range           | 0.2         |
|    entropy_loss         | -6.47       |
|    explained_variance   | 0.703       |
|    learning_rate        | 0.000178    |
|    loss                 | -0.014      |
|    n_updates            | 442         |
|    policy_gradient_loss | 0.00666     |
|    std                  | 0.543       |
|    value_loss           | 0.0272      |
-----------------------------------------
Early stopping at step 0 due to reaching max kl: 0.03
-----------------------------------------
| rollout/                |             |
|    ep_len_mean          | 660         |
|    ep_rew_mean          | 1.3e+03     |
| time/                   |             |
|    fps                  | 2625        |
|    iterations           | 375         |
|    time_elapsed         | 1170        |
|    total_timesteps      | 3072000     |
| train/                  |             |
|    approx_kl            | 0.010478952 |
|    clip_fraction        | 0.145       |
|    clip_range           | 0.2         |
|    entropy_loss         | -6.45       |
|    explained_variance   | 0.525       |
|    learning_rate        | 0.000177    |
|    loss                 | 0.0931      |
|    n_updates            | 443         |
|    policy_gradient_loss | 0.0019      |
|    std                  | 0.542       |
|    value_loss           | 0.086       |
-----------------------------------------
Early stopping at step 0 due to reaching max kl: 0.03
-----------------------------------------
| rollout/                |             |
|    ep_len_mean          | 653         |
|    ep_rew_mean          | 1.29e+03    |
| time/                   |             |
|    fps                  | 2625        |
|    iterations           | 376         |
|    time_elapsed         | 1173        |
|    total_timesteps      | 3080192     |
| train/                  |             |
|    approx_kl            | 0.012019493 |
|    clip_fraction        | 0.171       |
|    clip_range           | 0.2         |
|    entropy_loss         | -6.44       |
|    explained_variance   | 0.569       |
|    learning_rate        | 0.000177    |
|    loss                 | 0.0727      |
|    n_updates            | 444         |
|    policy_gradient_loss | 0.00735     |
|    std                  | 0.541       |
|    value_loss           | 0.0575      |
-----------------------------------------
Early stopping at step 0 due to reaching max kl: 0.04
-----------------------------------------
| rollout/                |             |
|    ep_len_mean          | 673         |
|    ep_rew_mean          | 1.33e+03    |
| time/                   |             |
|    fps                  | 2625        |
|    iterations           | 377         |
|    time_elapsed         | 1176        |
|    total_timesteps      | 3088384     |
| train/                  |             |
|    approx_kl            | 0.013428845 |
|    clip_fraction        | 0.181       |
|    clip_range           | 0.2         |
|    entropy_loss         | -6.43       |
|    explained_variance   | 0.613       |
|    learning_rate        | 0.000177    |
|    loss                 | 0.0556      |
|    n_updates            | 445         |
|    policy_gradient_loss | 0.0101      |
|    std                  | 0.541       |
|    value_loss           | 0.0869      |
-----------------------------------------
Early stopping at step 0 due to reaching max kl: 0.03
-----------------------------------------
| rollout/                |             |
|    ep_len_mean          | 673         |
|    ep_rew_mean          | 1.33e+03    |
| time/                   |             |
|    fps                  | 2624        |
|    iterations           | 378         |
|    time_elapsed         | 1179        |
|    total_timesteps      | 3096576     |
| train/                  |             |
|    approx_kl            | 0.013852068 |
|    clip_fraction        | 0.193       |
|    clip_range           | 0.2         |
|    entropy_loss         | -6.42       |
|    explained_variance   | 0.624       |
|    learning_rate        | 0.000176    |
|    loss                 | 0.0422      |
|    n_updates            | 446         |
|    policy_gradient_loss | 0.00715     |
|    std                  | 0.54        |
|    value_loss           | 0.0548      |
-----------------------------------------
Early stopping at step 0 due to reaching max kl: 0.03
-----------------------------------------
| rollout/                |             |
|    ep_len_mean          | 663         |
|    ep_rew_mean          | 1.32e+03    |
| time/                   |             |
|    fps                  | 2625        |
|    iterations           | 379         |
|    time_elapsed         | 1182        |
|    total_timesteps      | 3104768     |
| train/                  |             |
|    approx_kl            | 0.011901762 |
|    clip_fraction        | 0.159       |
|    clip_range           | 0.2         |
|    entropy_loss         | -6.41       |
|    explained_variance   | 0.622       |
|    learning_rate        | 0.000176    |
|    loss                 | 0.201       |
|    n_updates            | 447         |
|    policy_gradient_loss | 0.00608     |
|    std                  | 0.54        |
|    value_loss           | 0.0801      |
-----------------------------------------
Early stopping at step 0 due to reaching max kl: 0.04
------------------------------------------
| rollout/                |              |
|    ep_len_mean          | 652          |
|    ep_rew_mean          | 1.3e+03      |
| time/                   |              |
|    fps                  | 2624         |
|    iterations           | 380          |
|    time_elapsed         | 1185         |
|    total_timesteps      | 3112960      |
| train/                  |              |
|    approx_kl            | 0.0144237885 |
|    clip_fraction        | 0.194        |
|    clip_range           | 0.2          |
|    entropy_loss         | -6.4         |
|    explained_variance   | 0.64         |
|    learning_rate        | 0.000176     |
|    loss                 | 0.158        |
|    n_updates            | 448          |
|    policy_gradient_loss | 0.00653      |
|    std                  | 0.539        |
|    value_loss           | 0.0716       |
------------------------------------------
Early stopping at step 0 due to reaching max kl: 0.03
-----------------------------------------
| rollout/                |             |
|    ep_len_mean          | 654         |
|    ep_rew_mean          | 1.3e+03     |
| time/                   |             |
|    fps                  | 2624        |
|    iterations           | 381         |
|    time_elapsed         | 1189        |
|    total_timesteps      | 3121152     |
| train/                  |             |
|    approx_kl            | 0.013967043 |
|    clip_fraction        | 0.193       |
|    clip_range           | 0.2         |
|    entropy_loss         | -6.39       |
|    explained_variance   | 0.596       |
|    learning_rate        | 0.000175    |
|    loss                 | 0.11        |
|    n_updates            | 449         |
|    policy_gradient_loss | 0.00868     |
|    std                  | 0.538       |
|    value_loss           | 0.0956      |
-----------------------------------------
Early stopping at step 1 due to reaching max kl: 0.03
-----------------------------------------
| rollout/                |             |
|    ep_len_mean          | 624         |
|    ep_rew_mean          | 1.25e+03    |
| time/                   |             |
|    fps                  | 2624        |
|    iterations           | 382         |
|    time_elapsed         | 1192        |
|    total_timesteps      | 3129344     |
| train/                  |             |
|    approx_kl            | 0.021887338 |
|    clip_fraction        | 0.201       |
|    clip_range           | 0.2         |
|    entropy_loss         | -6.37       |
|    explained_variance   | 0.754       |
|    learning_rate        | 0.000175    |
|    loss                 | -0.0235     |
|    n_updates            | 451         |
|    policy_gradient_loss | 0.00145     |
|    std                  | 0.536       |
|    value_loss           | 0.0125      |
-----------------------------------------
Early stopping at step 0 due to reaching max kl: 0.03
-----------------------------------------
| rollout/                |             |
|    ep_len_mean          | 630         |
|    ep_rew_mean          | 1.26e+03    |
| time/                   |             |
|    fps                  | 2624        |
|    iterations           | 383         |
|    time_elapsed         | 1195        |
|    total_timesteps      | 3137536     |
| train/                  |             |
|    approx_kl            | 0.010767194 |
|    clip_fraction        | 0.13        |
|    clip_range           | 0.2         |
|    entropy_loss         | -6.36       |
|    explained_variance   | 0.462       |
|    learning_rate        | 0.000175    |
|    loss                 | 0.051       |
|    n_updates            | 452         |
|    policy_gradient_loss | 0.00151     |
|    std                  | 0.536       |
|    value_loss           | 0.148       |
-----------------------------------------
Early stopping at step 0 due to reaching max kl: 0.04
-----------------------------------------
| rollout/                |             |
|    ep_len_mean          | 620         |
|    ep_rew_mean          | 1.24e+03    |
| time/                   |             |
|    fps                  | 2625        |
|    iterations           | 384         |
|    time_elapsed         | 1198        |
|    total_timesteps      | 3145728     |
| train/                  |             |
|    approx_kl            | 0.009763926 |
|    clip_fraction        | 0.125       |
|    clip_range           | 0.2         |
|    entropy_loss         | -6.35       |
|    explained_variance   | 0.623       |
|    learning_rate        | 0.000174    |
|    loss                 | 0.0466      |
|    n_updates            | 453         |
|    policy_gradient_loss | 0.00186     |
|    std                  | 0.535       |
|    value_loss           | 0.0702      |
-----------------------------------------
Early stopping at step 0 due to reaching max kl: 0.03
[Progress] Training 4/6: 3,149,668/5,000,000 steps (63.0%); 2 full runs remain afterward; rough training ETA 1h 15m.
-----------------------------------------
| rollout/                |             |
|    ep_len_mean          | 598         |
|    ep_rew_mean          | 1.19e+03    |
| time/                   |             |
|    fps                  | 2624        |
|    iterations           | 385         |
|    time_elapsed         | 1201        |
|    total_timesteps      | 3153920     |
| train/                  |             |
|    approx_kl            | 0.012327226 |
|    clip_fraction        | 0.17        |
|    clip_range           | 0.2         |
|    entropy_loss         | -6.33       |
|    explained_variance   | 0.552       |
|    learning_rate        | 0.000174    |
|    loss                 | 0.109       |
|    n_updates            | 454         |
|    policy_gradient_loss | 0.00735     |
|    std                  | 0.534       |
|    value_loss           | 0.0906      |
-----------------------------------------
Early stopping at step 0 due to reaching max kl: 0.03
-----------------------------------------
| rollout/                |             |
|    ep_len_mean          | 613         |
|    ep_rew_mean          | 1.22e+03    |
| time/                   |             |
|    fps                  | 2624        |
|    iterations           | 386         |
|    time_elapsed         | 1204        |
|    total_timesteps      | 3162112     |
| train/                  |             |
|    approx_kl            | 0.014099717 |
|    clip_fraction        | 0.187       |
|    clip_range           | 0.2         |
|    entropy_loss         | -6.33       |
|    explained_variance   | 0.563       |
|    learning_rate        | 0.000174    |
|    loss                 | 0.123       |
|    n_updates            | 455         |
|    policy_gradient_loss | 0.00902     |
|    std                  | 0.534       |
|    value_loss           | 0.102       |
-----------------------------------------
Early stopping at step 1 due to reaching max kl: 0.03
-----------------------------------------
| rollout/                |             |
|    ep_len_mean          | 587         |
|    ep_rew_mean          | 1.17e+03    |
| time/                   |             |
|    fps                  | 2624        |
|    iterations           | 387         |
|    time_elapsed         | 1207        |
|    total_timesteps      | 3170304     |
| train/                  |             |
|    approx_kl            | 0.020508243 |
|    clip_fraction        | 0.186       |
|    clip_range           | 0.2         |
|    entropy_loss         | -6.31       |
|    explained_variance   | 0.599       |
|    learning_rate        | 0.000174    |
|    loss                 | 0.0587      |
|    n_updates            | 457         |
|    policy_gradient_loss | 0.00657     |
|    std                  | 0.533       |
|    value_loss           | 0.0951      |
-----------------------------------------
Early stopping at step 0 due to reaching max kl: 0.03
-----------------------------------------
| rollout/                |             |
|    ep_len_mean          | 566         |
|    ep_rew_mean          | 1.13e+03    |
| time/                   |             |
|    fps                  | 2625        |
|    iterations           | 388         |
|    time_elapsed         | 1210        |
|    total_timesteps      | 3178496     |
| train/                  |             |
|    approx_kl            | 0.009961189 |
|    clip_fraction        | 0.13        |
|    clip_range           | 0.2         |
|    entropy_loss         | -6.31       |
|    explained_variance   | 0.638       |
|    learning_rate        | 0.000173    |
|    loss                 | 0.0503      |
|    n_updates            | 458         |
|    policy_gradient_loss | 0.00439     |
|    std                  | 0.533       |
|    value_loss           | 0.102       |
-----------------------------------------
Early stopping at step 0 due to reaching max kl: 0.03
-----------------------------------------
| rollout/                |             |
|    ep_len_mean          | 534         |
|    ep_rew_mean          | 1.06e+03    |
| time/                   |             |
|    fps                  | 2625        |
|    iterations           | 389         |
|    time_elapsed         | 1213        |
|    total_timesteps      | 3186688     |
| train/                  |             |
|    approx_kl            | 0.012014341 |
|    clip_fraction        | 0.157       |
|    clip_range           | 0.2         |
|    entropy_loss         | -6.31       |
|    explained_variance   | 0.567       |
|    learning_rate        | 0.000173    |
|    loss                 | 0.0654      |
|    n_updates            | 459         |
|    policy_gradient_loss | 0.00763     |
|    std                  | 0.533       |
|    value_loss           | 0.138       |
-----------------------------------------
Early stopping at step 0 due to reaching max kl: 0.03
-----------------------------------------
| rollout/                |             |
|    ep_len_mean          | 520         |
|    ep_rew_mean          | 1.03e+03    |
| time/                   |             |
|    fps                  | 2625        |
|    iterations           | 390         |
|    time_elapsed         | 1217        |
|    total_timesteps      | 3194880     |
| train/                  |             |
|    approx_kl            | 0.012773189 |
|    clip_fraction        | 0.178       |
|    clip_range           | 0.2         |
|    entropy_loss         | -6.3        |
|    explained_variance   | 0.543       |
|    learning_rate        | 0.000173    |
|    loss                 | 0.0145      |
|    n_updates            | 460         |
|    policy_gradient_loss | 0.00994     |
|    std                  | 0.533       |
|    value_loss           | 0.149       |
-----------------------------------------
Early stopping at step 1 due to reaching max kl: 0.03
----------------------------------------
| rollout/                |            |
|    ep_len_mean          | 536        |
|    ep_rew_mean          | 1.06e+03   |
| time/                   |            |
|    fps                  | 2625       |
|    iterations           | 391        |
|    time_elapsed         | 1220       |
|    total_timesteps      | 3203072    |
| train/                  |            |
|    approx_kl            | 0.02276185 |
|    clip_fraction        | 0.183      |
|    clip_range           | 0.2        |
|    entropy_loss         | -6.29      |
|    explained_variance   | 0.72       |
|    learning_rate        | 0.000172   |
|    loss                 | 0.0405     |
|    n_updates            | 462        |
|    policy_gradient_loss | 0.00491    |
|    std                  | 0.531      |
|    value_loss           | 0.0611     |
----------------------------------------
Early stopping at step 1 due to reaching max kl: 0.03
-----------------------------------------
| rollout/                |             |
|    ep_len_mean          | 561         |
|    ep_rew_mean          | 1.12e+03    |
| time/                   |             |
|    fps                  | 2624        |
|    iterations           | 392         |
|    time_elapsed         | 1223        |
|    total_timesteps      | 3211264     |
| train/                  |             |
|    approx_kl            | 0.021459982 |
|    clip_fraction        | 0.205       |
|    clip_range           | 0.2         |
|    entropy_loss         | -6.28       |
|    explained_variance   | 0.632       |
|    learning_rate        | 0.000172    |
|    loss                 | 0.0537      |
|    n_updates            | 464         |
|    policy_gradient_loss | 0.00573     |
|    std                  | 0.53        |
|    value_loss           | 0.087       |
-----------------------------------------
Early stopping at step 0 due to reaching max kl: 0.03
-----------------------------------------
| rollout/                |             |
|    ep_len_mean          | 556         |
|    ep_rew_mean          | 1.1e+03     |
| time/                   |             |
|    fps                  | 2624        |
|    iterations           | 393         |
|    time_elapsed         | 1226        |
|    total_timesteps      | 3219456     |
| train/                  |             |
|    approx_kl            | 0.012532619 |
|    clip_fraction        | 0.171       |
|    clip_range           | 0.2         |
|    entropy_loss         | -6.26       |
|    explained_variance   | 0.689       |
|    learning_rate        | 0.000172    |
|    loss                 | 0.0837      |
|    n_updates            | 465         |
|    policy_gradient_loss | 0.00484     |
|    std                  | 0.529       |
|    value_loss           | 0.0527      |
-----------------------------------------
Early stopping at step 0 due to reaching max kl: 0.04
-----------------------------------------
| rollout/                |             |
|    ep_len_mean          | 573         |
|    ep_rew_mean          | 1.15e+03    |
| time/                   |             |
|    fps                  | 2624        |
|    iterations           | 394         |
|    time_elapsed         | 1229        |
|    total_timesteps      | 3227648     |
| train/                  |             |
|    approx_kl            | 0.010923615 |
|    clip_fraction        | 0.149       |
|    clip_range           | 0.2         |
|    entropy_loss         | -6.25       |
|    explained_variance   | 0.615       |
|    learning_rate        | 0.000171    |
|    loss                 | 0.0266      |
|    n_updates            | 466         |
|    policy_gradient_loss | 0.00507     |
|    std                  | 0.529       |
|    value_loss           | 0.0814      |
-----------------------------------------
Early stopping at step 0 due to reaching max kl: 0.03
----------------------------------------
| rollout/                |            |
|    ep_len_mean          | 577        |
|    ep_rew_mean          | 1.15e+03   |
| time/                   |            |
|    fps                  | 2624       |
|    iterations           | 395        |
|    time_elapsed         | 1232       |
|    total_timesteps      | 3235840    |
| train/                  |            |
|    approx_kl            | 0.01351315 |
|    clip_fraction        | 0.186      |
|    clip_range           | 0.2        |
|    entropy_loss         | -6.24      |
|    explained_variance   | 0.669      |
|    learning_rate        | 0.000171   |
|    loss                 | 0.0916     |
|    n_updates            | 467        |
|    policy_gradient_loss | 0.00851    |
|    std                  | 0.528      |
|    value_loss           | 0.056      |
----------------------------------------
Early stopping at step 0 due to reaching max kl: 0.03
-----------------------------------------
| rollout/                |             |
|    ep_len_mean          | 625         |
|    ep_rew_mean          | 1.25e+03    |
| time/                   |             |
|    fps                  | 2624        |
|    iterations           | 396         |
|    time_elapsed         | 1235        |
|    total_timesteps      | 3244032     |
| train/                  |             |
|    approx_kl            | 0.012088999 |
|    clip_fraction        | 0.163       |
|    clip_range           | 0.2         |
|    entropy_loss         | -6.23       |
|    explained_variance   | 0.583       |
|    learning_rate        | 0.000171    |
|    loss                 | 0.0519      |
|    n_updates            | 468         |
|    policy_gradient_loss | 0.00192     |
|    std                  | 0.527       |
|    value_loss           | 0.0792      |
-----------------------------------------
Early stopping at step 0 due to reaching max kl: 0.03
-----------------------------------------
| rollout/                |             |
|    ep_len_mean          | 647         |
|    ep_rew_mean          | 1.3e+03     |
| time/                   |             |
|    fps                  | 2624        |
|    iterations           | 397         |
|    time_elapsed         | 1239        |
|    total_timesteps      | 3252224     |
| train/                  |             |
|    approx_kl            | 0.013407424 |
|    clip_fraction        | 0.19        |
|    clip_range           | 0.2         |
|    entropy_loss         | -6.22       |
|    explained_variance   | 0.658       |
|    learning_rate        | 0.00017     |
|    loss                 | 0.0751      |
|    n_updates            | 469         |
|    policy_gradient_loss | 0.00944     |
|    std                  | 0.527       |
|    value_loss           | 0.0756      |
-----------------------------------------
Early stopping at step 1 due to reaching max kl: 0.03
-----------------------------------------
| rollout/                |             |
|    ep_len_mean          | 671         |
|    ep_rew_mean          | 1.35e+03    |
| time/                   |             |
|    fps                  | 2624        |
|    iterations           | 398         |
|    time_elapsed         | 1242        |
|    total_timesteps      | 3260416     |
| train/                  |             |
|    approx_kl            | 0.019810826 |
|    clip_fraction        | 0.204       |
|    clip_range           | 0.2         |
|    entropy_loss         | -6.21       |
|    explained_variance   | 0.714       |
|    learning_rate        | 0.00017     |
|    loss                 | -0.024      |
|    n_updates            | 471         |
|    policy_gradient_loss | 0.00232     |
|    std                  | 0.526       |
|    value_loss           | 0.0359      |
-----------------------------------------
Early stopping at step 1 due to reaching max kl: 0.03
-----------------------------------------
| rollout/                |             |
|    ep_len_mean          | 670         |
|    ep_rew_mean          | 1.36e+03    |
| time/                   |             |
|    fps                  | 2623        |
|    iterations           | 399         |
|    time_elapsed         | 1245        |
|    total_timesteps      | 3268608     |
| train/                  |             |
|    approx_kl            | 0.024820425 |
|    clip_fraction        | 0.18        |
|    clip_range           | 0.2         |
|    entropy_loss         | -6.19       |
|    explained_variance   | 0.745       |
|    learning_rate        | 0.00017     |
|    loss                 | -0.0327     |
|    n_updates            | 473         |
|    policy_gradient_loss | 0.00803     |
|    std                  | 0.525       |
|    value_loss           | 0.0421      |
-----------------------------------------
Early stopping at step 0 due to reaching max kl: 0.03
----------------------------------------
| rollout/                |            |
|    ep_len_mean          | 667        |
|    ep_rew_mean          | 1.35e+03   |
| time/                   |            |
|    fps                  | 2623       |
|    iterations           | 400        |
|    time_elapsed         | 1248       |
|    total_timesteps      | 3276800    |
| train/                  |            |
|    approx_kl            | 0.01240629 |
|    clip_fraction        | 0.164      |
|    clip_range           | 0.2        |
|    entropy_loss         | -6.18      |
|    explained_variance   | 0.581      |
|    learning_rate        | 0.000169   |
|    loss                 | 0.0417     |
|    n_updates            | 474        |
|    policy_gradient_loss | 0.00801    |
|    std                  | 0.524      |
|    value_loss           | 0.0768     |
----------------------------------------
Early stopping at step 1 due to reaching max kl: 0.05
-----------------------------------------
| rollout/                |             |
|    ep_len_mean          | 677         |
|    ep_rew_mean          | 1.37e+03    |
| time/                   |             |
|    fps                  | 2623        |
|    iterations           | 401         |
|    time_elapsed         | 1251        |
|    total_timesteps      | 3284992     |
| train/                  |             |
|    approx_kl            | 0.051328003 |
|    clip_fraction        | 0.189       |
|    clip_range           | 0.2         |
|    entropy_loss         | -6.17       |
|    explained_variance   | 0.678       |
|    learning_rate        | 0.000169    |
|    loss                 | 0.000377    |
|    n_updates            | 476         |
|    policy_gradient_loss | 0.00407     |
|    std                  | 0.523       |
|    value_loss           | 0.0722      |
-----------------------------------------
Early stopping at step 0 due to reaching max kl: 0.03
---------------------------------------
| rollout/                |           |
|    ep_len_mean          | 682       |
|    ep_rew_mean          | 1.39e+03  |
| time/                   |           |
|    fps                  | 2624      |
|    iterations           | 402       |
|    time_elapsed         | 1254      |
|    total_timesteps      | 3293184   |
| train/                  |           |
|    approx_kl            | 0.0113441 |
|    clip_fraction        | 0.144     |
|    clip_range           | 0.2       |
|    entropy_loss         | -6.16     |
|    explained_variance   | 0.529     |
|    learning_rate        | 0.000169  |
|    loss                 | 0.0506    |
|    n_updates            | 477       |
|    policy_gradient_loss | 0.00159   |
|    std                  | 0.523     |
|    value_loss           | 0.0706    |
---------------------------------------
Early stopping at step 0 due to reaching max kl: 0.03
-----------------------------------------
| rollout/                |             |
|    ep_len_mean          | 670         |
|    ep_rew_mean          | 1.36e+03    |
| time/                   |             |
|    fps                  | 2624        |
|    iterations           | 403         |
|    time_elapsed         | 1258        |
|    total_timesteps      | 3301376     |
| train/                  |             |
|    approx_kl            | 0.010368414 |
|    clip_fraction        | 0.142       |
|    clip_range           | 0.2         |
|    entropy_loss         | -6.15       |
|    explained_variance   | 0.606       |
|    learning_rate        | 0.000168    |
|    loss                 | 0.0459      |
|    n_updates            | 478         |
|    policy_gradient_loss | 0.00344     |
|    std                  | 0.522       |
|    value_loss           | 0.0471      |
-----------------------------------------
Early stopping at step 1 due to reaching max kl: 0.03
-----------------------------------------
| rollout/                |             |
|    ep_len_mean          | 675         |
|    ep_rew_mean          | 1.37e+03    |
| time/                   |             |
|    fps                  | 2624        |
|    iterations           | 404         |
|    time_elapsed         | 1261        |
|    total_timesteps      | 3309568     |
| train/                  |             |
|    approx_kl            | 0.030119289 |
|    clip_fraction        | 0.2         |
|    clip_range           | 0.2         |
|    entropy_loss         | -6.14       |
|    explained_variance   | 0.596       |
|    learning_rate        | 0.000168    |
|    loss                 | -0.0235     |
|    n_updates            | 480         |
|    policy_gradient_loss | 0.00221     |
|    std                  | 0.522       |
|    value_loss           | 0.112       |
-----------------------------------------
Early stopping at step 0 due to reaching max kl: 0.03
-----------------------------------------
| rollout/                |             |
|    ep_len_mean          | 673         |
|    ep_rew_mean          | 1.37e+03    |
| time/                   |             |
|    fps                  | 2624        |
|    iterations           | 405         |
|    time_elapsed         | 1264        |
|    total_timesteps      | 3317760     |
| train/                  |             |
|    approx_kl            | 0.011460108 |
|    clip_fraction        | 0.152       |
|    clip_range           | 0.2         |
|    entropy_loss         | -6.13       |
|    explained_variance   | 0.613       |
|    learning_rate        | 0.000168    |
|    loss                 | 0.0355      |
|    n_updates            | 481         |
|    policy_gradient_loss | 0.00497     |
|    std                  | 0.521       |
|    value_loss           | 0.0731      |
-----------------------------------------
Early stopping at step 0 due to reaching max kl: 0.03
-----------------------------------------
| rollout/                |             |
|    ep_len_mean          | 658         |
|    ep_rew_mean          | 1.34e+03    |
| time/                   |             |
|    fps                  | 2624        |
|    iterations           | 406         |
|    time_elapsed         | 1267        |
|    total_timesteps      | 3325952     |
| train/                  |             |
|    approx_kl            | 0.010963948 |
|    clip_fraction        | 0.144       |
|    clip_range           | 0.2         |
|    entropy_loss         | -6.13       |
|    explained_variance   | 0.603       |
|    learning_rate        | 0.000167    |
|    loss                 | 0.0631      |
|    n_updates            | 482         |
|    policy_gradient_loss | 0.00305     |
|    std                  | 0.521       |
|    value_loss           | 0.0858      |
-----------------------------------------
Early stopping at step 0 due to reaching max kl: 0.04
-----------------------------------------
| rollout/                |             |
|    ep_len_mean          | 671         |
|    ep_rew_mean          | 1.37e+03    |
| time/                   |             |
|    fps                  | 2624        |
|    iterations           | 407         |
|    time_elapsed         | 1270        |
|    total_timesteps      | 3334144     |
| train/                  |             |
|    approx_kl            | 0.012051513 |
|    clip_fraction        | 0.172       |
|    clip_range           | 0.2         |
|    entropy_loss         | -6.12       |
|    explained_variance   | 0.672       |
|    learning_rate        | 0.000167    |
|    loss                 | 0.0838      |
|    n_updates            | 483         |
|    policy_gradient_loss | 0.00238     |
|    std                  | 0.52        |
|    value_loss           | 0.0456      |
-----------------------------------------
Early stopping at step 0 due to reaching max kl: 0.03
-----------------------------------------
| rollout/                |             |
|    ep_len_mean          | 669         |
|    ep_rew_mean          | 1.36e+03    |
| time/                   |             |
|    fps                  | 2624        |
|    iterations           | 408         |
|    time_elapsed         | 1273        |
|    total_timesteps      | 3342336     |
| train/                  |             |
|    approx_kl            | 0.011510533 |
|    clip_fraction        | 0.159       |
|    clip_range           | 0.2         |
|    entropy_loss         | -6.1        |
|    explained_variance   | 0.596       |
|    learning_rate        | 0.000167    |
|    loss                 | 0.0287      |
|    n_updates            | 484         |
|    policy_gradient_loss | 0.00851     |
|    std                  | 0.519       |
|    value_loss           | 0.0575      |
-----------------------------------------
Early stopping at step 1 due to reaching max kl: 0.03
-----------------------------------------
| rollout/                |             |
|    ep_len_mean          | 666         |
|    ep_rew_mean          | 1.36e+03    |
| time/                   |             |
|    fps                  | 2624        |
|    iterations           | 409         |
|    time_elapsed         | 1276        |
|    total_timesteps      | 3350528     |
| train/                  |             |
|    approx_kl            | 0.021213226 |
|    clip_fraction        | 0.206       |
|    clip_range           | 0.2         |
|    entropy_loss         | -6.09       |
|    explained_variance   | 0.55        |
|    learning_rate        | 0.000166    |
|    loss                 | -0.00587    |
|    n_updates            | 486         |
|    policy_gradient_loss | 0.0031      |
|    std                  | 0.517       |
|    value_loss           | 0.0701      |
-----------------------------------------
Early stopping at step 0 due to reaching max kl: 0.03
-----------------------------------------
| rollout/                |             |
|    ep_len_mean          | 660         |
|    ep_rew_mean          | 1.35e+03    |
| time/                   |             |
|    fps                  | 2624        |
|    iterations           | 410         |
|    time_elapsed         | 1279        |
|    total_timesteps      | 3358720     |
| train/                  |             |
|    approx_kl            | 0.011336375 |
|    clip_fraction        | 0.147       |
|    clip_range           | 0.2         |
|    entropy_loss         | -6.06       |
|    explained_variance   | 0.515       |
|    learning_rate        | 0.000166    |
|    loss                 | 0.00826     |
|    n_updates            | 487         |
|    policy_gradient_loss | 0.00666     |
|    std                  | 0.516       |
|    value_loss           | 0.0769      |
-----------------------------------------
Early stopping at step 0 due to reaching max kl: 0.03
----------------------------------------
| rollout/                |            |
|    ep_len_mean          | 666        |
|    ep_rew_mean          | 1.37e+03   |
| time/                   |            |
|    fps                  | 2624       |
|    iterations           | 411        |
|    time_elapsed         | 1283       |
|    total_timesteps      | 3366912    |
| train/                  |            |
|    approx_kl            | 0.01169277 |
|    clip_fraction        | 0.163      |
|    clip_range           | 0.2        |
|    entropy_loss         | -6.05      |
|    explained_variance   | 0.583      |
|    learning_rate        | 0.000166   |
|    loss                 | 0.0657     |
|    n_updates            | 488        |
|    policy_gradient_loss | 0.00668    |
|    std                  | 0.516      |
|    value_loss           | 0.0503     |
----------------------------------------
Early stopping at step 0 due to reaching max kl: 0.03
-----------------------------------------
| rollout/                |             |
|    ep_len_mean          | 663         |
|    ep_rew_mean          | 1.36e+03    |
| time/                   |             |
|    fps                  | 2624        |
|    iterations           | 412         |
|    time_elapsed         | 1286        |
|    total_timesteps      | 3375104     |
| train/                  |             |
|    approx_kl            | 0.012316617 |
|    clip_fraction        | 0.168       |
|    clip_range           | 0.2         |
|    entropy_loss         | -6.04       |
|    explained_variance   | 0.551       |
|    learning_rate        | 0.000165    |
|    loss                 | 0.0521      |
|    n_updates            | 489         |
|    policy_gradient_loss | 0.00506     |
|    std                  | 0.515       |
|    value_loss           | 0.081       |
-----------------------------------------
Early stopping at step 0 due to reaching max kl: 0.03
-----------------------------------------
| rollout/                |             |
|    ep_len_mean          | 683         |
|    ep_rew_mean          | 1.41e+03    |
| time/                   |             |
|    fps                  | 2624        |
|    iterations           | 413         |
|    time_elapsed         | 1289        |
|    total_timesteps      | 3383296     |
| train/                  |             |
|    approx_kl            | 0.012821619 |
|    clip_fraction        | 0.172       |
|    clip_range           | 0.2         |
|    entropy_loss         | -6.03       |
|    explained_variance   | 0.49        |
|    learning_rate        | 0.000165    |
|    loss                 | 0.0438      |
|    n_updates            | 490         |
|    policy_gradient_loss | 0.00439     |
|    std                  | 0.515       |
|    value_loss           | 0.0921      |
-----------------------------------------
Early stopping at step 1 due to reaching max kl: 0.03
-----------------------------------------
| rollout/                |             |
|    ep_len_mean          | 675         |
|    ep_rew_mean          | 1.39e+03    |
| time/                   |             |
|    fps                  | 2623        |
|    iterations           | 414         |
|    time_elapsed         | 1292        |
|    total_timesteps      | 3391488     |
| train/                  |             |
|    approx_kl            | 0.019930031 |
|    clip_fraction        | 0.177       |
|    clip_range           | 0.2         |
|    entropy_loss         | -6.02       |
|    explained_variance   | 0.569       |
|    learning_rate        | 0.000165    |
|    loss                 | 0.0364      |
|    n_updates            | 492         |
|    policy_gradient_loss | 0.00446     |
|    std                  | 0.513       |
|    value_loss           | 0.0569      |
-----------------------------------------
Early stopping at step 0 due to reaching max kl: 0.03
-----------------------------------------
| rollout/                |             |
|    ep_len_mean          | 651         |
|    ep_rew_mean          | 1.34e+03    |
| time/                   |             |
|    fps                  | 2624        |
|    iterations           | 415         |
|    time_elapsed         | 1295        |
|    total_timesteps      | 3399680     |
| train/                  |             |
|    approx_kl            | 0.010083785 |
|    clip_fraction        | 0.136       |
|    clip_range           | 0.2         |
|    entropy_loss         | -6.01       |
|    explained_variance   | 0.624       |
|    learning_rate        | 0.000164    |
|    loss                 | 0.0792      |
|    n_updates            | 493         |
|    policy_gradient_loss | 0.00492     |
|    std                  | 0.513       |
|    value_loss           | 0.0713      |
-----------------------------------------
Early stopping at step 0 due to reaching max kl: 0.03
-----------------------------------------
| rollout/                |             |
|    ep_len_mean          | 631         |
|    ep_rew_mean          | 1.3e+03     |
| time/                   |             |
|    fps                  | 2624        |
|    iterations           | 416         |
|    time_elapsed         | 1298        |
|    total_timesteps      | 3407872     |
| train/                  |             |
|    approx_kl            | 0.009525519 |
|    clip_fraction        | 0.127       |
|    clip_range           | 0.2         |
|    entropy_loss         | -6          |
|    explained_variance   | 0.626       |
|    learning_rate        | 0.000164    |
|    loss                 | 0.0871      |
|    n_updates            | 494         |
|    policy_gradient_loss | 0.000738    |
|    std                  | 0.512       |
|    value_loss           | 0.075       |
-----------------------------------------
Early stopping at step 1 due to reaching max kl: 0.03
-----------------------------------------
| rollout/                |             |
|    ep_len_mean          | 617         |
|    ep_rew_mean          | 1.26e+03    |
| time/                   |             |
|    fps                  | 2623        |
|    iterations           | 417         |
|    time_elapsed         | 1301        |
|    total_timesteps      | 3416064     |
| train/                  |             |
|    approx_kl            | 0.020283647 |
|    clip_fraction        | 0.22        |
|    clip_range           | 0.2         |
|    entropy_loss         | -5.99       |
|    explained_variance   | 0.558       |
|    learning_rate        | 0.000164    |
|    loss                 | -0.003      |
|    n_updates            | 496         |
|    policy_gradient_loss | 0.00156     |
|    std                  | 0.511       |
|    value_loss           | 0.112       |
-----------------------------------------
Early stopping at step 1 due to reaching max kl: 0.04
-----------------------------------------
| rollout/                |             |
|    ep_len_mean          | 616         |
|    ep_rew_mean          | 1.26e+03    |
| time/                   |             |
|    fps                  | 2623        |
|    iterations           | 418         |
|    time_elapsed         | 1305        |
|    total_timesteps      | 3424256     |
| train/                  |             |
|    approx_kl            | 0.022239575 |
|    clip_fraction        | 0.203       |
|    clip_range           | 0.2         |
|    entropy_loss         | -5.97       |
|    explained_variance   | 0.509       |
|    learning_rate        | 0.000163    |
|    loss                 | 0.0269      |
|    n_updates            | 498         |
|    policy_gradient_loss | 0.00392     |
|    std                  | 0.51        |
|    value_loss           | 0.086       |
-----------------------------------------
Early stopping at step 0 due to reaching max kl: 0.03
-----------------------------------------
| rollout/                |             |
|    ep_len_mean          | 621         |
|    ep_rew_mean          | 1.28e+03    |
| time/                   |             |
|    fps                  | 2623        |
|    iterations           | 419         |
|    time_elapsed         | 1308        |
|    total_timesteps      | 3432448     |
| train/                  |             |
|    approx_kl            | 0.010858323 |
|    clip_fraction        | 0.146       |
|    clip_range           | 0.2         |
|    entropy_loss         | -5.95       |
|    explained_variance   | 0.554       |
|    learning_rate        | 0.000163    |
|    loss                 | 0.0281      |
|    n_updates            | 499         |
|    policy_gradient_loss | 0.00733     |
|    std                  | 0.51        |
|    value_loss           | 0.0661      |
-----------------------------------------
Early stopping at step 1 due to reaching max kl: 0.04
-----------------------------------------
| rollout/                |             |
|    ep_len_mean          | 634         |
|    ep_rew_mean          | 1.3e+03     |
| time/                   |             |
|    fps                  | 2623        |
|    iterations           | 420         |
|    time_elapsed         | 1311        |
|    total_timesteps      | 3440640     |
| train/                  |             |
|    approx_kl            | 0.018865958 |
|    clip_fraction        | 0.187       |
|    clip_range           | 0.2         |
|    entropy_loss         | -5.95       |
|    explained_variance   | 0.643       |
|    learning_rate        | 0.000163    |
|    loss                 | -0.0396     |
|    n_updates            | 501         |
|    policy_gradient_loss | 0.0045      |
|    std                  | 0.509       |
|    value_loss           | 0.0588      |
-----------------------------------------
Early stopping at step 0 due to reaching max kl: 0.03
-----------------------------------------
| rollout/                |             |
|    ep_len_mean          | 613         |
|    ep_rew_mean          | 1.26e+03    |
| time/                   |             |
|    fps                  | 2623        |
|    iterations           | 421         |
|    time_elapsed         | 1314        |
|    total_timesteps      | 3448832     |
| train/                  |             |
|    approx_kl            | 0.014035941 |
|    clip_fraction        | 0.196       |
|    clip_range           | 0.2         |
|    entropy_loss         | -5.94       |
|    explained_variance   | 0.642       |
|    learning_rate        | 0.000162    |
|    loss                 | 0.0531      |
|    n_updates            | 502         |
|    policy_gradient_loss | 0.00254     |
|    std                  | 0.508       |
|    value_loss           | 0.0631      |
-----------------------------------------
Early stopping at step 0 due to reaching max kl: 0.03
-----------------------------------------
| rollout/                |             |
|    ep_len_mean          | 610         |
|    ep_rew_mean          | 1.25e+03    |
| time/                   |             |
|    fps                  | 2623        |
|    iterations           | 422         |
|    time_elapsed         | 1317        |
|    total_timesteps      | 3457024     |
| train/                  |             |
|    approx_kl            | 0.013243163 |
|    clip_fraction        | 0.178       |
|    clip_range           | 0.2         |
|    entropy_loss         | -5.93       |
|    explained_variance   | 0.547       |
|    learning_rate        | 0.000162    |
|    loss                 | 0.0876      |
|    n_updates            | 503         |
|    policy_gradient_loss | 0.00449     |
|    std                  | 0.508       |
|    value_loss           | 0.113       |
-----------------------------------------
Early stopping at step 1 due to reaching max kl: 0.03
-----------------------------------------
| rollout/                |             |
|    ep_len_mean          | 598         |
|    ep_rew_mean          | 1.24e+03    |
| time/                   |             |
|    fps                  | 2623        |
|    iterations           | 423         |
|    time_elapsed         | 1320        |
|    total_timesteps      | 3465216     |
| train/                  |             |
|    approx_kl            | 0.020375699 |
|    clip_fraction        | 0.201       |
|    clip_range           | 0.2         |
|    entropy_loss         | -5.92       |
|    explained_variance   | 0.611       |
|    learning_rate        | 0.000162    |
|    loss                 | 0.125       |
|    n_updates            | 505         |
|    policy_gradient_loss | 0.00458     |
|    std                  | 0.507       |
|    value_loss           | 0.0675      |
-----------------------------------------
Early stopping at step 1 due to reaching max kl: 0.03
-----------------------------------------
| rollout/                |             |
|    ep_len_mean          | 631         |
|    ep_rew_mean          | 1.31e+03    |
| time/                   |             |
|    fps                  | 2622        |
|    iterations           | 424         |
|    time_elapsed         | 1324        |
|    total_timesteps      | 3473408     |
| train/                  |             |
|    approx_kl            | 0.019654484 |
|    clip_fraction        | 0.18        |
|    clip_range           | 0.2         |
|    entropy_loss         | -5.91       |
|    explained_variance   | 0.501       |
|    learning_rate        | 0.000161    |
|    loss                 | 0.0449      |
|    n_updates            | 507         |
|    policy_gradient_loss | 0.00508     |
|    std                  | 0.506       |
|    value_loss           | 0.0908      |
-----------------------------------------
Early stopping at step 1 due to reaching max kl: 0.03
-----------------------------------------
| rollout/                |             |
|    ep_len_mean          | 651         |
|    ep_rew_mean          | 1.35e+03    |
| time/                   |             |
|    fps                  | 2622        |
|    iterations           | 425         |
|    time_elapsed         | 1327        |
|    total_timesteps      | 3481600     |
| train/                  |             |
|    approx_kl            | 0.021327656 |
|    clip_fraction        | 0.204       |
|    clip_range           | 0.2         |
|    entropy_loss         | -5.88       |
|    explained_variance   | 0.588       |
|    learning_rate        | 0.000161    |
|    loss                 | -0.0241     |
|    n_updates            | 509         |
|    policy_gradient_loss | 0.00419     |
|    std                  | 0.504       |
|    value_loss           | 0.034       |
-----------------------------------------
Early stopping at step 0 due to reaching max kl: 0.04
-----------------------------------------
| rollout/                |             |
|    ep_len_mean          | 651         |
|    ep_rew_mean          | 1.35e+03    |
| time/                   |             |
|    fps                  | 2622        |
|    iterations           | 426         |
|    time_elapsed         | 1330        |
|    total_timesteps      | 3489792     |
| train/                  |             |
|    approx_kl            | 0.012478698 |
|    clip_fraction        | 0.181       |
|    clip_range           | 0.2         |
|    entropy_loss         | -5.86       |
|    explained_variance   | 0.615       |
|    learning_rate        | 0.000161    |
|    loss                 | 0.0353      |
|    n_updates            | 510         |
|    policy_gradient_loss | 0.00794     |
|    std                  | 0.503       |
|    value_loss           | 0.0394      |
-----------------------------------------
Early stopping at step 0 due to reaching max kl: 0.04
-----------------------------------------
| rollout/                |             |
|    ep_len_mean          | 651         |
|    ep_rew_mean          | 1.35e+03    |
| time/                   |             |
|    fps                  | 2622        |
|    iterations           | 427         |
|    time_elapsed         | 1333        |
|    total_timesteps      | 3497984     |
| train/                  |             |
|    approx_kl            | 0.010127217 |
|    clip_fraction        | 0.134       |
|    clip_range           | 0.2         |
|    entropy_loss         | -5.85       |
|    explained_variance   | 0.562       |
|    learning_rate        | 0.00016     |
|    loss                 | 0.0822      |
|    n_updates            | 511         |
|    policy_gradient_loss | 0.00321     |
|    std                  | 0.503       |
|    value_loss           | 0.0699      |
-----------------------------------------
Early stopping at step 1 due to reaching max kl: 0.03
-----------------------------------------
| rollout/                |             |
|    ep_len_mean          | 636         |
|    ep_rew_mean          | 1.32e+03    |
| time/                   |             |
|    fps                  | 2622        |
|    iterations           | 428         |
|    time_elapsed         | 1336        |
|    total_timesteps      | 3506176     |
| train/                  |             |
|    approx_kl            | 0.020970767 |
|    clip_fraction        | 0.214       |
|    clip_range           | 0.2         |
|    entropy_loss         | -5.84       |
|    explained_variance   | 0.559       |
|    learning_rate        | 0.00016     |
|    loss                 | 0.0467      |
|    n_updates            | 513         |
|    policy_gradient_loss | 3.69e-05    |
|    std                  | 0.502       |
|    value_loss           | 0.0572      |
-----------------------------------------
Early stopping at step 0 due to reaching max kl: 0.03
------------------------------------------
| rollout/                |              |
|    ep_len_mean          | 649          |
|    ep_rew_mean          | 1.34e+03     |
| time/                   |              |
|    fps                  | 2622         |
|    iterations           | 429          |
|    time_elapsed         | 1339         |
|    total_timesteps      | 3514368      |
| train/                  |              |
|    approx_kl            | 0.0121109495 |
|    clip_fraction        | 0.156        |
|    clip_range           | 0.2          |
|    entropy_loss         | -5.83        |
|    explained_variance   | 0.537        |
|    learning_rate        | 0.00016      |
|    loss                 | 0.0908       |
|    n_updates            | 514          |
|    policy_gradient_loss | 0.00742      |
|    std                  | 0.502        |
|    value_loss           | 0.106        |
------------------------------------------
Early stopping at step 1 due to reaching max kl: 0.03
-----------------------------------------
| rollout/                |             |
|    ep_len_mean          | 647         |
|    ep_rew_mean          | 1.34e+03    |
| time/                   |             |
|    fps                  | 2622        |
|    iterations           | 430         |
|    time_elapsed         | 1343        |
|    total_timesteps      | 3522560     |
| train/                  |             |
|    approx_kl            | 0.023183268 |
|    clip_fraction        | 0.197       |
|    clip_range           | 0.2         |
|    entropy_loss         | -5.82       |
|    explained_variance   | 0.553       |
|    learning_rate        | 0.000159    |
|    loss                 | 0.0287      |
|    n_updates            | 516         |
|    policy_gradient_loss | 0.00274     |
|    std                  | 0.501       |
|    value_loss           | 0.0979      |
-----------------------------------------
Early stopping at step 1 due to reaching max kl: 0.03
-----------------------------------------
| rollout/                |             |
|    ep_len_mean          | 678         |
|    ep_rew_mean          | 1.41e+03    |
| time/                   |             |
|    fps                  | 2622        |
|    iterations           | 431         |
|    time_elapsed         | 1346        |
|    total_timesteps      | 3530752     |
| train/                  |             |
|    approx_kl            | 0.021060526 |
|    clip_fraction        | 0.208       |
|    clip_range           | 0.2         |
|    entropy_loss         | -5.81       |
|    explained_variance   | 0.538       |
|    learning_rate        | 0.000159    |
|    loss                 | -0.00642    |
|    n_updates            | 518         |
|    policy_gradient_loss | 0.000944    |
|    std                  | 0.5         |
|    value_loss           | 0.0753      |
-----------------------------------------
Early stopping at step 1 due to reaching max kl: 0.03
-----------------------------------------
| rollout/                |             |
|    ep_len_mean          | 654         |
|    ep_rew_mean          | 1.35e+03    |
| time/                   |             |
|    fps                  | 2622        |
|    iterations           | 432         |
|    time_elapsed         | 1349        |
|    total_timesteps      | 3538944     |
| train/                  |             |
|    approx_kl            | 0.019355727 |
|    clip_fraction        | 0.205       |
|    clip_range           | 0.2         |
|    entropy_loss         | -5.78       |
|    explained_variance   | 0.633       |
|    learning_rate        | 0.000159    |
|    loss                 | -0.0275     |
|    n_updates            | 520         |
|    policy_gradient_loss | 0.00132     |
|    std                  | 0.498       |
|    value_loss           | 0.0396      |
-----------------------------------------
Early stopping at step 0 due to reaching max kl: 0.03
------------------------------------------
| rollout/                |              |
|    ep_len_mean          | 647          |
|    ep_rew_mean          | 1.33e+03     |
| time/                   |              |
|    fps                  | 2622         |
|    iterations           | 433          |
|    time_elapsed         | 1352         |
|    total_timesteps      | 3547136      |
| train/                  |              |
|    approx_kl            | 0.0127675515 |
|    clip_fraction        | 0.179        |
|    clip_range           | 0.2          |
|    entropy_loss         | -5.77        |
|    explained_variance   | 0.514        |
|    learning_rate        | 0.000158     |
|    loss                 | 0.0143       |
|    n_updates            | 521          |
|    policy_gradient_loss | 0.0028       |
|    std                  | 0.498        |
|    value_loss           | 0.102        |
------------------------------------------
Early stopping at step 0 due to reaching max kl: 0.03
----------------------------------------
| rollout/                |            |
|    ep_len_mean          | 686        |
|    ep_rew_mean          | 1.42e+03   |
| time/                   |            |
|    fps                  | 2622       |
|    iterations           | 434        |
|    time_elapsed         | 1355       |
|    total_timesteps      | 3555328    |
| train/                  |            |
|    approx_kl            | 0.01131607 |
|    clip_fraction        | 0.151      |
|    clip_range           | 0.2        |
|    entropy_loss         | -5.76      |
|    explained_variance   | 0.586      |
|    learning_rate        | 0.000158   |
|    loss                 | 0.0289     |
|    n_updates            | 522        |
|    policy_gradient_loss | 0.00845    |
|    std                  | 0.497      |
|    value_loss           | 0.0551     |
----------------------------------------
Early stopping at step 0 due to reaching max kl: 0.03
-----------------------------------------
| rollout/                |             |
|    ep_len_mean          | 668         |
|    ep_rew_mean          | 1.38e+03    |
| time/                   |             |
|    fps                  | 2622        |
|    iterations           | 435         |
|    time_elapsed         | 1359        |
|    total_timesteps      | 3563520     |
| train/                  |             |
|    approx_kl            | 0.012493253 |
|    clip_fraction        | 0.179       |
|    clip_range           | 0.2         |
|    entropy_loss         | -5.74       |
|    explained_variance   | 0.536       |
|    learning_rate        | 0.000158    |
|    loss                 | 0.0127      |
|    n_updates            | 523         |
|    policy_gradient_loss | 0.00603     |
|    std                  | 0.496       |
|    value_loss           | 0.0316      |
-----------------------------------------
Early stopping at step 1 due to reaching max kl: 0.05
----------------------------------------
| rollout/                |            |
|    ep_len_mean          | 687        |
|    ep_rew_mean          | 1.42e+03   |
| time/                   |            |
|    fps                  | 2621       |
|    iterations           | 436        |
|    time_elapsed         | 1362       |
|    total_timesteps      | 3571712    |
| train/                  |            |
|    approx_kl            | 0.02224397 |
|    clip_fraction        | 0.2        |
|    clip_range           | 0.2        |
|    entropy_loss         | -5.73      |
|    explained_variance   | 0.579      |
|    learning_rate        | 0.000157   |
|    loss                 | -0.0153    |
|    n_updates            | 525        |
|    policy_gradient_loss | 0.00388    |
|    std                  | 0.495      |
|    value_loss           | 0.0489     |
----------------------------------------
Early stopping at step 1 due to reaching max kl: 0.03
-----------------------------------------
| rollout/                |             |
|    ep_len_mean          | 682         |
|    ep_rew_mean          | 1.42e+03    |
| time/                   |             |
|    fps                  | 2621        |
|    iterations           | 437         |
|    time_elapsed         | 1365        |
|    total_timesteps      | 3579904     |
| train/                  |             |
|    approx_kl            | 0.019252127 |
|    clip_fraction        | 0.185       |
|    clip_range           | 0.2         |
|    entropy_loss         | -5.71       |
|    explained_variance   | 0.57        |
|    learning_rate        | 0.000157    |
|    loss                 | 0.0167      |
|    n_updates            | 527         |
|    policy_gradient_loss | 0.00353     |
|    std                  | 0.494       |
|    value_loss           | 0.0739      |
-----------------------------------------
Early stopping at step 1 due to reaching max kl: 0.03
----------------------------------------
| rollout/                |            |
|    ep_len_mean          | 693        |
|    ep_rew_mean          | 1.44e+03   |
| time/                   |            |
|    fps                  | 2621       |
|    iterations           | 438        |
|    time_elapsed         | 1368       |
|    total_timesteps      | 3588096    |
| train/                  |            |
|    approx_kl            | 0.01816887 |
|    clip_fraction        | 0.189      |
|    clip_range           | 0.2        |
|    entropy_loss         | -5.7       |
|    explained_variance   | 0.602      |
|    learning_rate        | 0.000157   |
|    loss                 | 0.0262     |
|    n_updates            | 529        |
|    policy_gradient_loss | 0.0024     |
|    std                  | 0.494      |
|    value_loss           | 0.0772     |
----------------------------------------
Early stopping at step 0 due to reaching max kl: 0.03
----------------------------------------
| rollout/                |            |
|    ep_len_mean          | 661        |
|    ep_rew_mean          | 1.38e+03   |
| time/                   |            |
|    fps                  | 2621       |
|    iterations           | 439        |
|    time_elapsed         | 1371       |
|    total_timesteps      | 3596288    |
| train/                  |            |
|    approx_kl            | 0.01221848 |
|    clip_fraction        | 0.167      |
|    clip_range           | 0.2        |
|    entropy_loss         | -5.69      |
|    explained_variance   | 0.546      |
|    learning_rate        | 0.000156   |
|    loss                 | 0.0549     |
|    n_updates            | 530        |
|    policy_gradient_loss | 0.0076     |
|    std                  | 0.493      |
|    value_loss           | 0.0871     |
----------------------------------------
Early stopping at step 0 due to reaching max kl: 0.03
-----------------------------------------
| rollout/                |             |
|    ep_len_mean          | 681         |
|    ep_rew_mean          | 1.42e+03    |
| time/                   |             |
|    fps                  | 2621        |
|    iterations           | 440         |
|    time_elapsed         | 1374        |
|    total_timesteps      | 3604480     |
| train/                  |             |
|    approx_kl            | 0.009691978 |
|    clip_fraction        | 0.127       |
|    clip_range           | 0.2         |
|    entropy_loss         | -5.69       |
|    explained_variance   | 0.534       |
|    learning_rate        | 0.000156    |
|    loss                 | 0.0247      |
|    n_updates            | 531         |
|    policy_gradient_loss | 0.0051      |
|    std                  | 0.493       |
|    value_loss           | 0.108       |
-----------------------------------------
Early stopping at step 1 due to reaching max kl: 0.03
----------------------------------------
| rollout/                |            |
|    ep_len_mean          | 694        |
|    ep_rew_mean          | 1.45e+03   |
| time/                   |            |
|    fps                  | 2621       |
|    iterations           | 441        |
|    time_elapsed         | 1378       |
|    total_timesteps      | 3612672    |
| train/                  |            |
|    approx_kl            | 0.02072133 |
|    clip_fraction        | 0.201      |
|    clip_range           | 0.2        |
|    entropy_loss         | -5.68      |
|    explained_variance   | 0.64       |
|    learning_rate        | 0.000156   |
|    loss                 | -0.0138    |
|    n_updates            | 533        |
|    policy_gradient_loss | 0.00455    |
|    std                  | 0.492      |
|    value_loss           | 0.0559     |
----------------------------------------
Early stopping at step 1 due to reaching max kl: 0.04
-----------------------------------------
| rollout/                |             |
|    ep_len_mean          | 684         |
|    ep_rew_mean          | 1.44e+03    |
| time/                   |             |
|    fps                  | 2620        |
|    iterations           | 442         |
|    time_elapsed         | 1381        |
|    total_timesteps      | 3620864     |
| train/                  |             |
|    approx_kl            | 0.019209148 |
|    clip_fraction        | 0.216       |
|    clip_range           | 0.2         |
|    entropy_loss         | -5.66       |
|    explained_variance   | 0.741       |
|    learning_rate        | 0.000155    |
|    loss                 | 0.0607      |
|    n_updates            | 535         |
|    policy_gradient_loss | -0.00115    |
|    std                  | 0.491       |
|    value_loss           | 0.0328      |
-----------------------------------------
Early stopping at step 0 due to reaching max kl: 0.03
-----------------------------------------
| rollout/                |             |
|    ep_len_mean          | 697         |
|    ep_rew_mean          | 1.46e+03    |
| time/                   |             |
|    fps                  | 2620        |
|    iterations           | 443         |
|    time_elapsed         | 1384        |
|    total_timesteps      | 3629056     |
| train/                  |             |
|    approx_kl            | 0.012599511 |
|    clip_fraction        | 0.173       |
|    clip_range           | 0.2         |
|    entropy_loss         | -5.64       |
|    explained_variance   | 0.603       |
|    learning_rate        | 0.000155    |
|    loss                 | 0.0419      |
|    n_updates            | 536         |
|    policy_gradient_loss | 0.00684     |
|    std                  | 0.49        |
|    value_loss           | 0.0611      |
-----------------------------------------
Early stopping at step 1 due to reaching max kl: 0.03
-----------------------------------------
| rollout/                |             |
|    ep_len_mean          | 715         |
|    ep_rew_mean          | 1.51e+03    |
| time/                   |             |
|    fps                  | 2620        |
|    iterations           | 444         |
|    time_elapsed         | 1388        |
|    total_timesteps      | 3637248     |
| train/                  |             |
|    approx_kl            | 0.019419603 |
|    clip_fraction        | 0.192       |
|    clip_range           | 0.2         |
|    entropy_loss         | -5.63       |
|    explained_variance   | 0.595       |
|    learning_rate        | 0.000155    |
|    loss                 | 0.00221     |
|    n_updates            | 538         |
|    policy_gradient_loss | 0.00544     |
|    std                  | 0.489       |
|    value_loss           | 0.0392      |
-----------------------------------------
Early stopping at step 1 due to reaching max kl: 0.03
----------------------------------------
| rollout/                |            |
|    ep_len_mean          | 721        |
|    ep_rew_mean          | 1.53e+03   |
| time/                   |            |
|    fps                  | 2620       |
|    iterations           | 445        |
|    time_elapsed         | 1391       |
|    total_timesteps      | 3645440    |
| train/                  |            |
|    approx_kl            | 0.01945253 |
|    clip_fraction        | 0.173      |
|    clip_range           | 0.2        |
|    entropy_loss         | -5.61      |
|    explained_variance   | 0.61       |
|    learning_rate        | 0.000155   |
|    loss                 | -0.028     |
|    n_updates            | 540        |
|    policy_gradient_loss | 0.004      |
|    std                  | 0.488      |
|    value_loss           | 0.0324     |
----------------------------------------
Early stopping at step 0 due to reaching max kl: 0.03
-----------------------------------------
| rollout/                |             |
|    ep_len_mean          | 740         |
|    ep_rew_mean          | 1.57e+03    |
| time/                   |             |
|    fps                  | 2620        |
|    iterations           | 446         |
|    time_elapsed         | 1394        |
|    total_timesteps      | 3653632     |
| train/                  |             |
|    approx_kl            | 0.012483764 |
|    clip_fraction        | 0.172       |
|    clip_range           | 0.2         |
|    entropy_loss         | -5.59       |
|    explained_variance   | 0.546       |
|    learning_rate        | 0.000154    |
|    loss                 | 0.0343      |
|    n_updates            | 541         |
|    policy_gradient_loss | 0.00594     |
|    std                  | 0.487       |
|    value_loss           | 0.0514      |
-----------------------------------------
Early stopping at step 1 due to reaching max kl: 0.03
-----------------------------------------
| rollout/                |             |
|    ep_len_mean          | 759         |
|    ep_rew_mean          | 1.6e+03     |
| time/                   |             |
|    fps                  | 2620        |
|    iterations           | 447         |
|    time_elapsed         | 1397        |
|    total_timesteps      | 3661824     |
| train/                  |             |
|    approx_kl            | 0.030125309 |
|    clip_fraction        | 0.189       |
|    clip_range           | 0.2         |
|    entropy_loss         | -5.58       |
|    explained_variance   | 0.63        |
|    learning_rate        | 0.000154    |
|    loss                 | -0.0185     |
|    n_updates            | 543         |
|    policy_gradient_loss | 0.00564     |
|    std                  | 0.486       |
|    value_loss           | 0.0498      |
-----------------------------------------
Early stopping at step 1 due to reaching max kl: 0.03
-----------------------------------------
| rollout/                |             |
|    ep_len_mean          | 788         |
|    ep_rew_mean          | 1.66e+03    |
| time/                   |             |
|    fps                  | 2619        |
|    iterations           | 448         |
|    time_elapsed         | 1400        |
|    total_timesteps      | 3670016     |
| train/                  |             |
|    approx_kl            | 0.019300723 |
|    clip_fraction        | 0.205       |
|    clip_range           | 0.2         |
|    entropy_loss         | -5.55       |
|    explained_variance   | 0.616       |
|    learning_rate        | 0.000154    |
|    loss                 | 0.00674     |
|    n_updates            | 545         |
|    policy_gradient_loss | -0.00102    |
|    std                  | 0.484       |
|    value_loss           | 0.0199      |
-----------------------------------------
Early stopping at step 1 due to reaching max kl: 0.04
-----------------------------------------
| rollout/                |             |
|    ep_len_mean          | 799         |
|    ep_rew_mean          | 1.7e+03     |
| time/                   |             |
|    fps                  | 2619        |
|    iterations           | 449         |
|    time_elapsed         | 1404        |
|    total_timesteps      | 3678208     |
| train/                  |             |
|    approx_kl            | 0.020891532 |
|    clip_fraction        | 0.194       |
|    clip_range           | 0.2         |
|    entropy_loss         | -5.53       |
|    explained_variance   | 0.593       |
|    learning_rate        | 0.000153    |
|    loss                 | 0.0215      |
|    n_updates            | 547         |
|    policy_gradient_loss | 0.0048      |
|    std                  | 0.483       |
|    value_loss           | 0.0533      |
-----------------------------------------
Early stopping at step 0 due to reaching max kl: 0.03
-----------------------------------------
| rollout/                |             |
|    ep_len_mean          | 775         |
|    ep_rew_mean          | 1.65e+03    |
| time/                   |             |
|    fps                  | 2619        |
|    iterations           | 450         |
|    time_elapsed         | 1407        |
|    total_timesteps      | 3686400     |
| train/                  |             |
|    approx_kl            | 0.009525023 |
|    clip_fraction        | 0.122       |
|    clip_range           | 0.2         |
|    entropy_loss         | -5.52       |
|    explained_variance   | 0.567       |
|    learning_rate        | 0.000153    |
|    loss                 | 0.0282      |
|    n_updates            | 548         |
|    policy_gradient_loss | 0.000335    |
|    std                  | 0.483       |
|    value_loss           | 0.06        |
-----------------------------------------
Early stopping at step 0 due to reaching max kl: 0.04
-----------------------------------------
| rollout/                |             |
|    ep_len_mean          | 751         |
|    ep_rew_mean          | 1.59e+03    |
| time/                   |             |
|    fps                  | 2619        |
|    iterations           | 451         |
|    time_elapsed         | 1410        |
|    total_timesteps      | 3694592     |
| train/                  |             |
|    approx_kl            | 0.009444441 |
|    clip_fraction        | 0.124       |
|    clip_range           | 0.2         |
|    entropy_loss         | -5.51       |
|    explained_variance   | 0.549       |
|    learning_rate        | 0.000153    |
|    loss                 | 0.136       |
|    n_updates            | 549         |
|    policy_gradient_loss | 0.00566     |
|    std                  | 0.482       |
|    value_loss           | 0.0942      |
-----------------------------------------
Early stopping at step 1 due to reaching max kl: 0.03
-----------------------------------------
| rollout/                |             |
|    ep_len_mean          | 768         |
|    ep_rew_mean          | 1.63e+03    |
| time/                   |             |
|    fps                  | 2619        |
|    iterations           | 452         |
|    time_elapsed         | 1413        |
|    total_timesteps      | 3702784     |
| train/                  |             |
|    approx_kl            | 0.022660637 |
|    clip_fraction        | 0.202       |
|    clip_range           | 0.2         |
|    entropy_loss         | -5.5        |
|    explained_variance   | 0.507       |
|    learning_rate        | 0.000152    |
|    loss                 | 0.0855      |
|    n_updates            | 551         |
|    policy_gradient_loss | 0.000575    |
|    std                  | 0.482       |
|    value_loss           | 0.106       |
-----------------------------------------
Early stopping at step 1 due to reaching max kl: 0.03
-----------------------------------------
| rollout/                |             |
|    ep_len_mean          | 769         |
|    ep_rew_mean          | 1.64e+03    |
| time/                   |             |
|    fps                  | 2619        |
|    iterations           | 453         |
|    time_elapsed         | 1416        |
|    total_timesteps      | 3710976     |
| train/                  |             |
|    approx_kl            | 0.017816685 |
|    clip_fraction        | 0.183       |
|    clip_range           | 0.2         |
|    entropy_loss         | -5.49       |
|    explained_variance   | 0.733       |
|    learning_rate        | 0.000152    |
|    loss                 | -0.0188     |
|    n_updates            | 553         |
|    policy_gradient_loss | 0.00198     |
|    std                  | 0.48        |
|    value_loss           | 0.0099      |
-----------------------------------------
Early stopping at step 0 due to reaching max kl: 0.03
-----------------------------------------
| rollout/                |             |
|    ep_len_mean          | 789         |
|    ep_rew_mean          | 1.68e+03    |
| time/                   |             |
|    fps                  | 2619        |
|    iterations           | 454         |
|    time_elapsed         | 1419        |
|    total_timesteps      | 3719168     |
| train/                  |             |
|    approx_kl            | 0.013531585 |
|    clip_fraction        | 0.182       |
|    clip_range           | 0.2         |
|    entropy_loss         | -5.47       |
|    explained_variance   | 0.719       |
|    learning_rate        | 0.000152    |
|    loss                 | 0.027       |
|    n_updates            | 554         |
|    policy_gradient_loss | 0.00462     |
|    std                  | 0.479       |
|    value_loss           | 0.0249      |
-----------------------------------------
Early stopping at step 1 due to reaching max kl: 0.03
-----------------------------------------
| rollout/                |             |
|    ep_len_mean          | 785         |
|    ep_rew_mean          | 1.67e+03    |
| time/                   |             |
|    fps                  | 2619        |
|    iterations           | 455         |
|    time_elapsed         | 1423        |
|    total_timesteps      | 3727360     |
| train/                  |             |
|    approx_kl            | 0.020518418 |
|    clip_fraction        | 0.178       |
|    clip_range           | 0.2         |
|    entropy_loss         | -5.45       |
|    explained_variance   | 0.635       |
|    learning_rate        | 0.000151    |
|    loss                 | 0.00796     |
|    n_updates            | 556         |
|    policy_gradient_loss | 0.00323     |
|    std                  | 0.478       |
|    value_loss           | 0.0309      |
-----------------------------------------
Early stopping at step 1 due to reaching max kl: 0.03
-----------------------------------------
| rollout/                |             |
|    ep_len_mean          | 761         |
|    ep_rew_mean          | 1.63e+03    |
| time/                   |             |
|    fps                  | 2618        |
|    iterations           | 456         |
|    time_elapsed         | 1426        |
|    total_timesteps      | 3735552     |
| train/                  |             |
|    approx_kl            | 0.018847676 |
|    clip_fraction        | 0.203       |
|    clip_range           | 0.2         |
|    entropy_loss         | -5.42       |
|    explained_variance   | 0.499       |
|    learning_rate        | 0.000151    |
|    loss                 | 0.0409      |
|    n_updates            | 558         |
|    policy_gradient_loss | 0.000627    |
|    std                  | 0.476       |
|    value_loss           | 0.0328      |
-----------------------------------------
Early stopping at step 1 due to reaching max kl: 0.03
-----------------------------------------
| rollout/                |             |
|    ep_len_mean          | 748         |
|    ep_rew_mean          | 1.6e+03     |
| time/                   |             |
|    fps                  | 2618        |
|    iterations           | 457         |
|    time_elapsed         | 1429        |
|    total_timesteps      | 3743744     |
| train/                  |             |
|    approx_kl            | 0.022930441 |
|    clip_fraction        | 0.207       |
|    clip_range           | 0.2         |
|    entropy_loss         | -5.4        |
|    explained_variance   | 0.483       |
|    learning_rate        | 0.000151    |
|    loss                 | -0.00919    |
|    n_updates            | 560         |
|    policy_gradient_loss | 0.00386     |
|    std                  | 0.475       |
|    value_loss           | 0.0783      |
-----------------------------------------
Early stopping at step 1 due to reaching max kl: 0.04
-----------------------------------------
| rollout/                |             |
|    ep_len_mean          | 739         |
|    ep_rew_mean          | 1.58e+03    |
| time/                   |             |
|    fps                  | 2618        |
|    iterations           | 458         |
|    time_elapsed         | 1432        |
|    total_timesteps      | 3751936     |
| train/                  |             |
|    approx_kl            | 0.020078974 |
|    clip_fraction        | 0.205       |
|    clip_range           | 0.2         |
|    entropy_loss         | -5.38       |
|    explained_variance   | 0.475       |
|    learning_rate        | 0.00015     |
|    loss                 | 0.0221      |
|    n_updates            | 562         |
|    policy_gradient_loss | 0.00289     |
|    std                  | 0.474       |
|    value_loss           | 0.0605      |
-----------------------------------------
Early stopping at step 1 due to reaching max kl: 0.04
-----------------------------------------
| rollout/                |             |
|    ep_len_mean          | 764         |
|    ep_rew_mean          | 1.64e+03    |
| time/                   |             |
|    fps                  | 2618        |
|    iterations           | 459         |
|    time_elapsed         | 1436        |
|    total_timesteps      | 3760128     |
| train/                  |             |
|    approx_kl            | 0.019829834 |
|    clip_fraction        | 0.186       |
|    clip_range           | 0.2         |
|    entropy_loss         | -5.36       |
|    explained_variance   | 0.514       |
|    learning_rate        | 0.00015     |
|    loss                 | 0.0161      |
|    n_updates            | 564         |
|    policy_gradient_loss | 0.00456     |
|    std                  | 0.473       |
|    value_loss           | 0.0676      |
-----------------------------------------
Early stopping at step 1 due to reaching max kl: 0.03
----------------------------------------
| rollout/                |            |
|    ep_len_mean          | 762        |
|    ep_rew_mean          | 1.64e+03   |
| time/                   |            |
|    fps                  | 2618       |
|    iterations           | 460        |
|    time_elapsed         | 1439       |
|    total_timesteps      | 3768320    |
| train/                  |            |
|    approx_kl            | 0.01915198 |
|    clip_fraction        | 0.183      |
|    clip_range           | 0.2        |
|    entropy_loss         | -5.35      |
|    explained_variance   | 0.463      |
|    learning_rate        | 0.00015    |
|    loss                 | -0.0208    |
|    n_updates            | 566        |
|    policy_gradient_loss | 0.0045     |
|    std                  | 0.472      |
|    value_loss           | 0.0362     |
----------------------------------------
Early stopping at step 0 due to reaching max kl: 0.03
------------------------------------------
| rollout/                |              |
|    ep_len_mean          | 760          |
|    ep_rew_mean          | 1.63e+03     |
| time/                   |              |
|    fps                  | 2618         |
|    iterations           | 461          |
|    time_elapsed         | 1442         |
|    total_timesteps      | 3776512      |
| train/                  |              |
|    approx_kl            | 0.0110749835 |
|    clip_fraction        | 0.152        |
|    clip_range           | 0.2          |
|    entropy_loss         | -5.33        |
|    explained_variance   | 0.502        |
|    learning_rate        | 0.000149     |
|    loss                 | 0.016        |
|    n_updates            | 567          |
|    policy_gradient_loss | 0.00367      |
|    std                  | 0.472        |
|    value_loss           | 0.0767       |
------------------------------------------
Early stopping at step 1 due to reaching max kl: 0.03
-----------------------------------------
| rollout/                |             |
|    ep_len_mean          | 754         |
|    ep_rew_mean          | 1.63e+03    |
| time/                   |             |
|    fps                  | 2617        |
|    iterations           | 462         |
|    time_elapsed         | 1445        |
|    total_timesteps      | 3784704     |
| train/                  |             |
|    approx_kl            | 0.021018457 |
|    clip_fraction        | 0.206       |
|    clip_range           | 0.2         |
|    entropy_loss         | -5.32       |
|    explained_variance   | 0.532       |
|    learning_rate        | 0.000149    |
|    loss                 | -0.0253     |
|    n_updates            | 569         |
|    policy_gradient_loss | 0.000905    |
|    std                  | 0.47        |
|    value_loss           | 0.028       |
-----------------------------------------
Early stopping at step 0 due to reaching max kl: 0.03
-----------------------------------------
| rollout/                |             |
|    ep_len_mean          | 759         |
|    ep_rew_mean          | 1.65e+03    |
| time/                   |             |
|    fps                  | 2617        |
|    iterations           | 463         |
|    time_elapsed         | 1448        |
|    total_timesteps      | 3792896     |
| train/                  |             |
|    approx_kl            | 0.012763402 |
|    clip_fraction        | 0.177       |
|    clip_range           | 0.2         |
|    entropy_loss         | -5.3        |
|    explained_variance   | 0.416       |
|    learning_rate        | 0.000149    |
|    loss                 | 0.0168      |
|    n_updates            | 570         |
|    policy_gradient_loss | 0.00359     |
|    std                  | 0.469       |
|    value_loss           | 0.0348      |
-----------------------------------------
Early stopping at step 1 due to reaching max kl: 0.03
-----------------------------------------
| rollout/                |             |
|    ep_len_mean          | 749         |
|    ep_rew_mean          | 1.63e+03    |
| time/                   |             |
|    fps                  | 2617        |
|    iterations           | 464         |
|    time_elapsed         | 1452        |
|    total_timesteps      | 3801088     |
| train/                  |             |
|    approx_kl            | 0.022192307 |
|    clip_fraction        | 0.203       |
|    clip_range           | 0.2         |
|    entropy_loss         | -5.28       |
|    explained_variance   | 0.445       |
|    learning_rate        | 0.000148    |
|    loss                 | 0.0133      |
|    n_updates            | 572         |
|    policy_gradient_loss | 0.0039      |
|    std                  | 0.468       |
|    value_loss           | 0.02        |
-----------------------------------------
Early stopping at step 1 due to reaching max kl: 0.04
---------------------------------------
| rollout/                |           |
|    ep_len_mean          | 783       |
|    ep_rew_mean          | 1.71e+03  |
| time/                   |           |
|    fps                  | 2617      |
|    iterations           | 465       |
|    time_elapsed         | 1455      |
|    total_timesteps      | 3809280   |
| train/                  |           |
|    approx_kl            | 0.0206862 |
|    clip_fraction        | 0.179     |
|    clip_range           | 0.2       |
|    entropy_loss         | -5.26     |
|    explained_variance   | 0.542     |
|    learning_rate        | 0.000148  |
|    loss                 | 0.00746   |
|    n_updates            | 574       |
|    policy_gradient_loss | 0.000102  |
|    std                  | 0.467     |
|    value_loss           | 0.0426    |
---------------------------------------
Early stopping at step 1 due to reaching max kl: 0.03
-----------------------------------------
| rollout/                |             |
|    ep_len_mean          | 800         |
|    ep_rew_mean          | 1.75e+03    |
| time/                   |             |
|    fps                  | 2617        |
|    iterations           | 466         |
|    time_elapsed         | 1458        |
|    total_timesteps      | 3817472     |
| train/                  |             |
|    approx_kl            | 0.023730898 |
|    clip_fraction        | 0.167       |
|    clip_range           | 0.2         |
|    entropy_loss         | -5.24       |
|    explained_variance   | 0.49        |
|    learning_rate        | 0.000148    |
|    loss                 | -0.0254     |
|    n_updates            | 576         |
|    policy_gradient_loss | 0.00607     |
|    std                  | 0.466       |
|    value_loss           | 0.0338      |
-----------------------------------------
Early stopping at step 0 due to reaching max kl: 0.03
-----------------------------------------
| rollout/                |             |
|    ep_len_mean          | 779         |
|    ep_rew_mean          | 1.71e+03    |
| time/                   |             |
|    fps                  | 2617        |
|    iterations           | 467         |
|    time_elapsed         | 1461        |
|    total_timesteps      | 3825664     |
| train/                  |             |
|    approx_kl            | 0.010822125 |
|    clip_fraction        | 0.146       |
|    clip_range           | 0.2         |
|    entropy_loss         | -5.23       |
|    explained_variance   | 0.42        |
|    learning_rate        | 0.000147    |
|    loss                 | 0.0128      |
|    n_updates            | 577         |
|    policy_gradient_loss | 0.00537     |
|    std                  | 0.466       |
|    value_loss           | 0.0534      |
-----------------------------------------
Early stopping at step 0 due to reaching max kl: 0.03
-----------------------------------------
| rollout/                |             |
|    ep_len_mean          | 805         |
|    ep_rew_mean          | 1.78e+03    |
| time/                   |             |
|    fps                  | 2617        |
|    iterations           | 468         |
|    time_elapsed         | 1464        |
|    total_timesteps      | 3833856     |
| train/                  |             |
|    approx_kl            | 0.009444313 |
|    clip_fraction        | 0.126       |
|    clip_range           | 0.2         |
|    entropy_loss         | -5.22       |
|    explained_variance   | 0.414       |
|    learning_rate        | 0.000147    |
|    loss                 | 0.0511      |
|    n_updates            | 578         |
|    policy_gradient_loss | 0.005       |
|    std                  | 0.465       |
|    value_loss           | 0.0743      |
-----------------------------------------
Early stopping at step 0 due to reaching max kl: 0.03
-----------------------------------------
| rollout/                |             |
|    ep_len_mean          | 799         |
|    ep_rew_mean          | 1.77e+03    |
| time/                   |             |
|    fps                  | 2617        |
|    iterations           | 469         |
|    time_elapsed         | 1468        |
|    total_timesteps      | 3842048     |
| train/                  |             |
|    approx_kl            | 0.012287627 |
|    clip_fraction        | 0.174       |
|    clip_range           | 0.2         |
|    entropy_loss         | -5.21       |
|    explained_variance   | 0.446       |
|    learning_rate        | 0.000147    |
|    loss                 | 0.04        |
|    n_updates            | 579         |
|    policy_gradient_loss | 0.00637     |
|    std                  | 0.464       |
|    value_loss           | 0.0482      |
-----------------------------------------
Early stopping at step 1 due to reaching max kl: 0.03
----------------------------------------
| rollout/                |            |
|    ep_len_mean          | 807        |
|    ep_rew_mean          | 1.79e+03   |
| time/                   |            |
|    fps                  | 2617       |
|    iterations           | 470        |
|    time_elapsed         | 1471       |
|    total_timesteps      | 3850240    |
| train/                  |            |
|    approx_kl            | 0.02595528 |
|    clip_fraction        | 0.178      |
|    clip_range           | 0.2        |
|    entropy_loss         | -5.19      |
|    explained_variance   | 0.51       |
|    learning_rate        | 0.000146   |
|    loss                 | -0.0171    |
|    n_updates            | 581        |
|    policy_gradient_loss | 0.00336    |
|    std                  | 0.463      |
|    value_loss           | 0.0457     |
----------------------------------------
Early stopping at step 0 due to reaching max kl: 0.03
-----------------------------------------
| rollout/                |             |
|    ep_len_mean          | 761         |
|    ep_rew_mean          | 1.69e+03    |
| time/                   |             |
|    fps                  | 2617        |
|    iterations           | 471         |
|    time_elapsed         | 1474        |
|    total_timesteps      | 3858432     |
| train/                  |             |
|    approx_kl            | 0.010859143 |
|    clip_fraction        | 0.145       |
|    clip_range           | 0.2         |
|    entropy_loss         | -5.19       |
|    explained_variance   | 0.465       |
|    learning_rate        | 0.000146    |
|    loss                 | 0.0469      |
|    n_updates            | 582         |
|    policy_gradient_loss | 0.00535     |
|    std                  | 0.463       |
|    value_loss           | 0.0541      |
-----------------------------------------
Early stopping at step 1 due to reaching max kl: 0.03
---------------------------------------
| rollout/                |           |
|    ep_len_mean          | 761       |
|    ep_rew_mean          | 1.69e+03  |
| time/                   |           |
|    fps                  | 2616      |
|    iterations           | 472       |
|    time_elapsed         | 1477      |
|    total_timesteps      | 3866624   |
| train/                  |           |
|    approx_kl            | 0.0265239 |
|    clip_fraction        | 0.199     |
|    clip_range           | 0.2       |
|    entropy_loss         | -5.18     |
|    explained_variance   | 0.44      |
|    learning_rate        | 0.000146  |
|    loss                 | 0.012     |
|    n_updates            | 584       |
|    policy_gradient_loss | 0.00405   |
|    std                  | 0.463     |
|    value_loss           | 0.1       |
---------------------------------------
Early stopping at step 1 due to reaching max kl: 0.03
-----------------------------------------
| rollout/                |             |
|    ep_len_mean          | 759         |
|    ep_rew_mean          | 1.69e+03    |
| time/                   |             |
|    fps                  | 2616        |
|    iterations           | 473         |
|    time_elapsed         | 1480        |
|    total_timesteps      | 3874816     |
| train/                  |             |
|    approx_kl            | 0.018087165 |
|    clip_fraction        | 0.2         |
|    clip_range           | 0.2         |
|    entropy_loss         | -5.16       |
|    explained_variance   | 0.458       |
|    learning_rate        | 0.000145    |
|    loss                 | 0.0436      |
|    n_updates            | 586         |
|    policy_gradient_loss | -0.00194    |
|    std                  | 0.461       |
|    value_loss           | 0.0449      |
-----------------------------------------
Early stopping at step 1 due to reaching max kl: 0.03
-----------------------------------------
| rollout/                |             |
|    ep_len_mean          | 756         |
|    ep_rew_mean          | 1.68e+03    |
| time/                   |             |
|    fps                  | 2616        |
|    iterations           | 474         |
|    time_elapsed         | 1484        |
|    total_timesteps      | 3883008     |
| train/                  |             |
|    approx_kl            | 0.019445753 |
|    clip_fraction        | 0.19        |
|    clip_range           | 0.2         |
|    entropy_loss         | -5.14       |
|    explained_variance   | 0.529       |
|    learning_rate        | 0.000145    |
|    loss                 | 0.0305      |
|    n_updates            | 588         |
|    policy_gradient_loss | 0.000889    |
|    std                  | 0.46        |
|    value_loss           | 0.0333      |
-----------------------------------------
Early stopping at step 1 due to reaching max kl: 0.03
-----------------------------------------
| rollout/                |             |
|    ep_len_mean          | 739         |
|    ep_rew_mean          | 1.64e+03    |
| time/                   |             |
|    fps                  | 2615        |
|    iterations           | 475         |
|    time_elapsed         | 1487        |
|    total_timesteps      | 3891200     |
| train/                  |             |
|    approx_kl            | 0.021894729 |
|    clip_fraction        | 0.208       |
|    clip_range           | 0.2         |
|    entropy_loss         | -5.12       |
|    explained_variance   | 0.466       |
|    learning_rate        | 0.000145    |
|    loss                 | -0.0124     |
|    n_updates            | 590         |
|    policy_gradient_loss | 0.00149     |
|    std                  | 0.459       |
|    value_loss           | 0.0528      |
-----------------------------------------
Early stopping at step 0 due to reaching max kl: 0.04
-----------------------------------------
| rollout/                |             |
|    ep_len_mean          | 739         |
|    ep_rew_mean          | 1.65e+03    |
| time/                   |             |
|    fps                  | 2616        |
|    iterations           | 476         |
|    time_elapsed         | 1490        |
|    total_timesteps      | 3899392     |
| train/                  |             |
|    approx_kl            | 0.011393672 |
|    clip_fraction        | 0.15        |
|    clip_range           | 0.2         |
|    entropy_loss         | -5.1        |
|    explained_variance   | 0.397       |
|    learning_rate        | 0.000144    |
|    loss                 | 0.0232      |
|    n_updates            | 591         |
|    policy_gradient_loss | 0.00353     |
|    std                  | 0.458       |
|    value_loss           | 0.059       |
-----------------------------------------
Early stopping at step 1 due to reaching max kl: 0.03
-----------------------------------------
| rollout/                |             |
|    ep_len_mean          | 720         |
|    ep_rew_mean          | 1.61e+03    |
| time/                   |             |
|    fps                  | 2615        |
|    iterations           | 477         |
|    time_elapsed         | 1493        |
|    total_timesteps      | 3907584     |
| train/                  |             |
|    approx_kl            | 0.025948416 |
|    clip_fraction        | 0.181       |
|    clip_range           | 0.2         |
|    entropy_loss         | -5.08       |
|    explained_variance   | 0.429       |
|    learning_rate        | 0.000144    |
|    loss                 | 0.0647      |
|    n_updates            | 593         |
|    policy_gradient_loss | 0.00586     |
|    std                  | 0.457       |
|    value_loss           | 0.0803      |
-----------------------------------------
Early stopping at step 0 due to reaching max kl: 0.03
-----------------------------------------
| rollout/                |             |
|    ep_len_mean          | 725         |
|    ep_rew_mean          | 1.62e+03    |
| time/                   |             |
|    fps                  | 2615        |
|    iterations           | 478         |
|    time_elapsed         | 1496        |
|    total_timesteps      | 3915776     |
| train/                  |             |
|    approx_kl            | 0.012129536 |
|    clip_fraction        | 0.171       |
|    clip_range           | 0.2         |
|    entropy_loss         | -5.07       |
|    explained_variance   | 0.469       |
|    learning_rate        | 0.000144    |
|    loss                 | 0.0565      |
|    n_updates            | 594         |
|    policy_gradient_loss | 0.000786    |
|    std                  | 0.456       |
|    value_loss           | 0.056       |
-----------------------------------------
Early stopping at step 0 due to reaching max kl: 0.03
[Progress] Training 4/6: 3,923,768/5,000,000 steps (78.5%); 2 full runs remain afterward; rough training ETA 1h 11m.
-----------------------------------------
| rollout/                |             |
|    ep_len_mean          | 716         |
|    ep_rew_mean          | 1.61e+03    |
| time/                   |             |
|    fps                  | 2615        |
|    iterations           | 479         |
|    time_elapsed         | 1500        |
|    total_timesteps      | 3923968     |
| train/                  |             |
|    approx_kl            | 0.011142611 |
|    clip_fraction        | 0.151       |
|    clip_range           | 0.2         |
|    entropy_loss         | -5.05       |
|    explained_variance   | 0.475       |
|    learning_rate        | 0.000143    |
|    loss                 | -0.00942    |
|    n_updates            | 595         |
|    policy_gradient_loss | 0.00345     |
|    std                  | 0.455       |
|    value_loss           | 0.0652      |
-----------------------------------------
Early stopping at step 0 due to reaching max kl: 0.04
-----------------------------------------
| rollout/                |             |
|    ep_len_mean          | 694         |
|    ep_rew_mean          | 1.56e+03    |
| time/                   |             |
|    fps                  | 2615        |
|    iterations           | 480         |
|    time_elapsed         | 1503        |
|    total_timesteps      | 3932160     |
| train/                  |             |
|    approx_kl            | 0.012106086 |
|    clip_fraction        | 0.164       |
|    clip_range           | 0.2         |
|    entropy_loss         | -5.04       |
|    explained_variance   | 0.478       |
|    learning_rate        | 0.000143    |
|    loss                 | 0.0831      |
|    n_updates            | 596         |
|    policy_gradient_loss | 0.00546     |
|    std                  | 0.455       |
|    value_loss           | 0.0747      |
-----------------------------------------
Early stopping at step 0 due to reaching max kl: 0.03
-----------------------------------------
| rollout/                |             |
|    ep_len_mean          | 687         |
|    ep_rew_mean          | 1.55e+03    |
| time/                   |             |
|    fps                  | 2615        |
|    iterations           | 481         |
|    time_elapsed         | 1506        |
|    total_timesteps      | 3940352     |
| train/                  |             |
|    approx_kl            | 0.012961994 |
|    clip_fraction        | 0.179       |
|    clip_range           | 0.2         |
|    entropy_loss         | -5.04       |
|    explained_variance   | 0.435       |
|    learning_rate        | 0.000143    |
|    loss                 | 0.0555      |
|    n_updates            | 597         |
|    policy_gradient_loss | 0.00449     |
|    std                  | 0.455       |
|    value_loss           | 0.157       |
-----------------------------------------
Early stopping at step 1 due to reaching max kl: 0.03
-----------------------------------------
| rollout/                |             |
|    ep_len_mean          | 666         |
|    ep_rew_mean          | 1.5e+03     |
| time/                   |             |
|    fps                  | 2615        |
|    iterations           | 482         |
|    time_elapsed         | 1509        |
|    total_timesteps      | 3948544     |
| train/                  |             |
|    approx_kl            | 0.021365192 |
|    clip_fraction        | 0.224       |
|    clip_range           | 0.2         |
|    entropy_loss         | -5.03       |
|    explained_variance   | 0.555       |
|    learning_rate        | 0.000142    |
|    loss                 | 0.00563     |
|    n_updates            | 599         |
|    policy_gradient_loss | -0.000113   |
|    std                  | 0.454       |
|    value_loss           | 0.0618      |
-----------------------------------------
Early stopping at step 1 due to reaching max kl: 0.04
-----------------------------------------
| rollout/                |             |
|    ep_len_mean          | 668         |
|    ep_rew_mean          | 1.51e+03    |
| time/                   |             |
|    fps                  | 2615        |
|    iterations           | 483         |
|    time_elapsed         | 1512        |
|    total_timesteps      | 3956736     |
| train/                  |             |
|    approx_kl            | 0.018889904 |
|    clip_fraction        | 0.184       |
|    clip_range           | 0.2         |
|    entropy_loss         | -5.01       |
|    explained_variance   | 0.475       |
|    learning_rate        | 0.000142    |
|    loss                 | -0.0311     |
|    n_updates            | 601         |
|    policy_gradient_loss | 0.00143     |
|    std                  | 0.453       |
|    value_loss           | 0.0514      |
-----------------------------------------
Early stopping at step 1 due to reaching max kl: 0.03
-----------------------------------------
| rollout/                |             |
|    ep_len_mean          | 689         |
|    ep_rew_mean          | 1.55e+03    |
| time/                   |             |
|    fps                  | 2615        |
|    iterations           | 484         |
|    time_elapsed         | 1516        |
|    total_timesteps      | 3964928     |
| train/                  |             |
|    approx_kl            | 0.020033358 |
|    clip_fraction        | 0.211       |
|    clip_range           | 0.2         |
|    entropy_loss         | -5          |
|    explained_variance   | 0.497       |
|    learning_rate        | 0.000142    |
|    loss                 | 0.00527     |
|    n_updates            | 603         |
|    policy_gradient_loss | 0.00303     |
|    std                  | 0.452       |
|    value_loss           | 0.0646      |
-----------------------------------------
Early stopping at step 1 due to reaching max kl: 0.03
-----------------------------------------
| rollout/                |             |
|    ep_len_mean          | 682         |
|    ep_rew_mean          | 1.54e+03    |
| time/                   |             |
|    fps                  | 2614        |
|    iterations           | 485         |
|    time_elapsed         | 1519        |
|    total_timesteps      | 3973120     |
| train/                  |             |
|    approx_kl            | 0.020614466 |
|    clip_fraction        | 0.213       |
|    clip_range           | 0.2         |
|    entropy_loss         | -4.99       |
|    explained_variance   | 0.479       |
|    learning_rate        | 0.000141    |
|    loss                 | -0.0205     |
|    n_updates            | 605         |
|    policy_gradient_loss | 0.00122     |
|    std                  | 0.451       |
|    value_loss           | 0.0479      |
-----------------------------------------
Early stopping at step 0 due to reaching max kl: 0.03
----------------------------------------
| rollout/                |            |
|    ep_len_mean          | 671        |
|    ep_rew_mean          | 1.5e+03    |
| time/                   |            |
|    fps                  | 2614       |
|    iterations           | 486        |
|    time_elapsed         | 1522       |
|    total_timesteps      | 3981312    |
| train/                  |            |
|    approx_kl            | 0.01068192 |
|    clip_fraction        | 0.142      |
|    clip_range           | 0.2        |
|    entropy_loss         | -4.97      |
|    explained_variance   | 0.535      |
|    learning_rate        | 0.000141   |
|    loss                 | 0.086      |
|    n_updates            | 606        |
|    policy_gradient_loss | 0.00329    |
|    std                  | 0.451      |
|    value_loss           | 0.0619     |
----------------------------------------
Early stopping at step 0 due to reaching max kl: 0.03
-----------------------------------------
| rollout/                |             |
|    ep_len_mean          | 706         |
|    ep_rew_mean          | 1.58e+03    |
| time/                   |             |
|    fps                  | 2614        |
|    iterations           | 487         |
|    time_elapsed         | 1525        |
|    total_timesteps      | 3989504     |
| train/                  |             |
|    approx_kl            | 0.011469932 |
|    clip_fraction        | 0.148       |
|    clip_range           | 0.2         |
|    entropy_loss         | -4.96       |
|    explained_variance   | 0.505       |
|    learning_rate        | 0.000141    |
|    loss                 | 0.0456      |
|    n_updates            | 607         |
|    policy_gradient_loss | 0.00767     |
|    std                  | 0.45        |
|    value_loss           | 0.0874      |
-----------------------------------------
Early stopping at step 1 due to reaching max kl: 0.04
-----------------------------------------
| rollout/                |             |
|    ep_len_mean          | 709         |
|    ep_rew_mean          | 1.59e+03    |
| time/                   |             |
|    fps                  | 2614        |
|    iterations           | 488         |
|    time_elapsed         | 1528        |
|    total_timesteps      | 3997696     |
| train/                  |             |
|    approx_kl            | 0.022789158 |
|    clip_fraction        | 0.199       |
|    clip_range           | 0.2         |
|    entropy_loss         | -4.96       |
|    explained_variance   | 0.579       |
|    learning_rate        | 0.00014     |
|    loss                 | 0.0047      |
|    n_updates            | 609         |
|    policy_gradient_loss | 0.00621     |
|    std                  | 0.45        |
|    value_loss           | 0.0548      |
-----------------------------------------
Early stopping at step 1 due to reaching max kl: 0.04
-----------------------------------------
| rollout/                |             |
|    ep_len_mean          | 722         |
|    ep_rew_mean          | 1.61e+03    |
| time/                   |             |
|    fps                  | 2614        |
|    iterations           | 489         |
|    time_elapsed         | 1532        |
|    total_timesteps      | 4005888     |
| train/                  |             |
|    approx_kl            | 0.024290923 |
|    clip_fraction        | 0.181       |
|    clip_range           | 0.2         |
|    entropy_loss         | -4.95       |
|    explained_variance   | 0.484       |
|    learning_rate        | 0.00014     |
|    loss                 | -0.00482    |
|    n_updates            | 611         |
|    policy_gradient_loss | 0.00704     |
|    std                  | 0.449       |
|    value_loss           | 0.0685      |
-----------------------------------------
Early stopping at step 0 due to reaching max kl: 0.04
-----------------------------------------
| rollout/                |             |
|    ep_len_mean          | 709         |
|    ep_rew_mean          | 1.58e+03    |
| time/                   |             |
|    fps                  | 2614        |
|    iterations           | 490         |
|    time_elapsed         | 1535        |
|    total_timesteps      | 4014080     |
| train/                  |             |
|    approx_kl            | 0.011626651 |
|    clip_fraction        | 0.164       |
|    clip_range           | 0.2         |
|    entropy_loss         | -4.93       |
|    explained_variance   | 0.497       |
|    learning_rate        | 0.00014     |
|    loss                 | 0.0119      |
|    n_updates            | 612         |
|    policy_gradient_loss | 0.00363     |
|    std                  | 0.449       |
|    value_loss           | 0.0697      |
-----------------------------------------
Early stopping at step 0 due to reaching max kl: 0.03
-----------------------------------------
| rollout/                |             |
|    ep_len_mean          | 736         |
|    ep_rew_mean          | 1.64e+03    |
| time/                   |             |
|    fps                  | 2614        |
|    iterations           | 491         |
|    time_elapsed         | 1538        |
|    total_timesteps      | 4022272     |
| train/                  |             |
|    approx_kl            | 0.013122858 |
|    clip_fraction        | 0.177       |
|    clip_range           | 0.2         |
|    entropy_loss         | -4.93       |
|    explained_variance   | 0.45        |
|    learning_rate        | 0.000139    |
|    loss                 | 0.0716      |
|    n_updates            | 613         |
|    policy_gradient_loss | 0.00442     |
|    std                  | 0.448       |
|    value_loss           | 0.0809      |
-----------------------------------------
Early stopping at step 1 due to reaching max kl: 0.03
-----------------------------------------
| rollout/                |             |
|    ep_len_mean          | 770         |
|    ep_rew_mean          | 1.71e+03    |
| time/                   |             |
|    fps                  | 2614        |
|    iterations           | 492         |
|    time_elapsed         | 1541        |
|    total_timesteps      | 4030464     |
| train/                  |             |
|    approx_kl            | 0.020351026 |
|    clip_fraction        | 0.176       |
|    clip_range           | 0.2         |
|    entropy_loss         | -4.91       |
|    explained_variance   | 0.523       |
|    learning_rate        | 0.000139    |
|    loss                 | -0.00337    |
|    n_updates            | 615         |
|    policy_gradient_loss | 0.000362    |
|    std                  | 0.447       |
|    value_loss           | 0.0201      |
-----------------------------------------
Early stopping at step 0 due to reaching max kl: 0.04
-----------------------------------------
| rollout/                |             |
|    ep_len_mean          | 749         |
|    ep_rew_mean          | 1.66e+03    |
| time/                   |             |
|    fps                  | 2614        |
|    iterations           | 493         |
|    time_elapsed         | 1544        |
|    total_timesteps      | 4038656     |
| train/                  |             |
|    approx_kl            | 0.012162571 |
|    clip_fraction        | 0.174       |
|    clip_range           | 0.2         |
|    entropy_loss         | -4.9        |
|    explained_variance   | 0.527       |
|    learning_rate        | 0.000139    |
|    loss                 | 0.0211      |
|    n_updates            | 616         |
|    policy_gradient_loss | 0.00827     |
|    std                  | 0.447       |
|    value_loss           | 0.025       |
-----------------------------------------
Early stopping at step 0 due to reaching max kl: 0.03
-----------------------------------------
| rollout/                |             |
|    ep_len_mean          | 755         |
|    ep_rew_mean          | 1.68e+03    |
| time/                   |             |
|    fps                  | 2614        |
|    iterations           | 494         |
|    time_elapsed         | 1547        |
|    total_timesteps      | 4046848     |
| train/                  |             |
|    approx_kl            | 0.012339003 |
|    clip_fraction        | 0.168       |
|    clip_range           | 0.2         |
|    entropy_loss         | -4.89       |
|    explained_variance   | 0.405       |
|    learning_rate        | 0.000138    |
|    loss                 | 0.00523     |
|    n_updates            | 617         |
|    policy_gradient_loss | 0.00545     |
|    std                  | 0.446       |
|    value_loss           | 0.0752      |
-----------------------------------------
Early stopping at step 1 due to reaching max kl: 0.04
-----------------------------------------
| rollout/                |             |
|    ep_len_mean          | 778         |
|    ep_rew_mean          | 1.73e+03    |
| time/                   |             |
|    fps                  | 2614        |
|    iterations           | 495         |
|    time_elapsed         | 1551        |
|    total_timesteps      | 4055040     |
| train/                  |             |
|    approx_kl            | 0.019659245 |
|    clip_fraction        | 0.205       |
|    clip_range           | 0.2         |
|    entropy_loss         | -4.87       |
|    explained_variance   | 0.51        |
|    learning_rate        | 0.000138    |
|    loss                 | -0.0157     |
|    n_updates            | 619         |
|    policy_gradient_loss | 0.00148     |
|    std                  | 0.445       |
|    value_loss           | 0.0256      |
-----------------------------------------
Early stopping at step 1 due to reaching max kl: 0.03
-----------------------------------------
| rollout/                |             |
|    ep_len_mean          | 790         |
|    ep_rew_mean          | 1.76e+03    |
| time/                   |             |
|    fps                  | 2614        |
|    iterations           | 496         |
|    time_elapsed         | 1554        |
|    total_timesteps      | 4063232     |
| train/                  |             |
|    approx_kl            | 0.020952739 |
|    clip_fraction        | 0.2         |
|    clip_range           | 0.2         |
|    entropy_loss         | -4.86       |
|    explained_variance   | 0.521       |
|    learning_rate        | 0.000138    |
|    loss                 | -0.039      |
|    n_updates            | 621         |
|    policy_gradient_loss | 0.00255     |
|    std                  | 0.444       |
|    value_loss           | 0.0359      |
-----------------------------------------
Early stopping at step 1 due to reaching max kl: 0.03
----------------------------------------
| rollout/                |            |
|    ep_len_mean          | 793        |
|    ep_rew_mean          | 1.77e+03   |
| time/                   |            |
|    fps                  | 2613       |
|    iterations           | 497        |
|    time_elapsed         | 1557       |
|    total_timesteps      | 4071424    |
| train/                  |            |
|    approx_kl            | 0.01858021 |
|    clip_fraction        | 0.205      |
|    clip_range           | 0.2        |
|    entropy_loss         | -4.83      |
|    explained_variance   | 0.414      |
|    learning_rate        | 0.000137   |
|    loss                 | -0.00589   |
|    n_updates            | 623        |
|    policy_gradient_loss | 0.000329   |
|    std                  | 0.442      |
|    value_loss           | 0.035      |
----------------------------------------
Early stopping at step 0 due to reaching max kl: 0.03
-----------------------------------------
| rollout/                |             |
|    ep_len_mean          | 807         |
|    ep_rew_mean          | 1.8e+03     |
| time/                   |             |
|    fps                  | 2614        |
|    iterations           | 498         |
|    time_elapsed         | 1560        |
|    total_timesteps      | 4079616     |
| train/                  |             |
|    approx_kl            | 0.009549284 |
|    clip_fraction        | 0.123       |
|    clip_range           | 0.2         |
|    entropy_loss         | -4.81       |
|    explained_variance   | 0.364       |
|    learning_rate        | 0.000137    |
|    loss                 | 0.0611      |
|    n_updates            | 624         |
|    policy_gradient_loss | 0.00512     |
|    std                  | 0.442       |
|    value_loss           | 0.0666      |
-----------------------------------------
Early stopping at step 1 due to reaching max kl: 0.03
-----------------------------------------
| rollout/                |             |
|    ep_len_mean          | 823         |
|    ep_rew_mean          | 1.84e+03    |
| time/                   |             |
|    fps                  | 2613        |
|    iterations           | 499         |
|    time_elapsed         | 1563        |
|    total_timesteps      | 4087808     |
| train/                  |             |
|    approx_kl            | 0.022111332 |
|    clip_fraction        | 0.207       |
|    clip_range           | 0.2         |
|    entropy_loss         | -4.8        |
|    explained_variance   | 0.499       |
|    learning_rate        | 0.000137    |
|    loss                 | -0.0283     |
|    n_updates            | 626         |
|    policy_gradient_loss | 0.00863     |
|    std                  | 0.441       |
|    value_loss           | 0.042       |
-----------------------------------------
Early stopping at step 1 due to reaching max kl: 0.03
-----------------------------------------
| rollout/                |             |
|    ep_len_mean          | 814         |
|    ep_rew_mean          | 1.82e+03    |
| time/                   |             |
|    fps                  | 2613        |
|    iterations           | 500         |
|    time_elapsed         | 1567        |
|    total_timesteps      | 4096000     |
| train/                  |             |
|    approx_kl            | 0.022138586 |
|    clip_fraction        | 0.193       |
|    clip_range           | 0.2         |
|    entropy_loss         | -4.79       |
|    explained_variance   | 0.421       |
|    learning_rate        | 0.000136    |
|    loss                 | 0.0208      |
|    n_updates            | 628         |
|    policy_gradient_loss | 0.00216     |
|    std                  | 0.44        |
|    value_loss           | 0.058       |
-----------------------------------------
Early stopping at step 0 due to reaching max kl: 0.03
------------------------------------------
| rollout/                |              |
|    ep_len_mean          | 798          |
|    ep_rew_mean          | 1.79e+03     |
| time/                   |              |
|    fps                  | 2613         |
|    iterations           | 501          |
|    time_elapsed         | 1570         |
|    total_timesteps      | 4104192      |
| train/                  |              |
|    approx_kl            | 0.0095532015 |
|    clip_fraction        | 0.121        |
|    clip_range           | 0.2          |
|    entropy_loss         | -4.78        |
|    explained_variance   | 0.37         |
|    learning_rate        | 0.000136     |
|    loss                 | 0.0573       |
|    n_updates            | 629          |
|    policy_gradient_loss | 0.00265      |
|    std                  | 0.44         |
|    value_loss           | 0.116        |
------------------------------------------
Early stopping at step 1 due to reaching max kl: 0.03
-----------------------------------------
| rollout/                |             |
|    ep_len_mean          | 804         |
|    ep_rew_mean          | 1.81e+03    |
| time/                   |             |
|    fps                  | 2613        |
|    iterations           | 502         |
|    time_elapsed         | 1573        |
|    total_timesteps      | 4112384     |
| train/                  |             |
|    approx_kl            | 0.021459553 |
|    clip_fraction        | 0.179       |
|    clip_range           | 0.2         |
|    entropy_loss         | -4.77       |
|    explained_variance   | 0.46        |
|    learning_rate        | 0.000136    |
|    loss                 | 0.0413      |
|    n_updates            | 631         |
|    policy_gradient_loss | 0.00573     |
|    std                  | 0.439       |
|    value_loss           | 0.0383      |
-----------------------------------------
Early stopping at step 1 due to reaching max kl: 0.04
----------------------------------------
| rollout/                |            |
|    ep_len_mean          | 791        |
|    ep_rew_mean          | 1.79e+03   |
| time/                   |            |
|    fps                  | 2613       |
|    iterations           | 503        |
|    time_elapsed         | 1576       |
|    total_timesteps      | 4120576    |
| train/                  |            |
|    approx_kl            | 0.02157856 |
|    clip_fraction        | 0.182      |
|    clip_range           | 0.2        |
|    entropy_loss         | -4.76      |
|    explained_variance   | 0.628      |
|    learning_rate        | 0.000136   |
|    loss                 | 0.0238     |
|    n_updates            | 633        |
|    policy_gradient_loss | 0.00239    |
|    std                  | 0.439      |
|    value_loss           | 0.0435     |
----------------------------------------
Early stopping at step 0 due to reaching max kl: 0.03
----------------------------------------
| rollout/                |            |
|    ep_len_mean          | 773        |
|    ep_rew_mean          | 1.75e+03   |
| time/                   |            |
|    fps                  | 2613       |
|    iterations           | 504        |
|    time_elapsed         | 1579       |
|    total_timesteps      | 4128768    |
| train/                  |            |
|    approx_kl            | 0.01169754 |
|    clip_fraction        | 0.167      |
|    clip_range           | 0.2        |
|    entropy_loss         | -4.75      |
|    explained_variance   | 0.383      |
|    learning_rate        | 0.000135   |
|    loss                 | 0.133      |
|    n_updates            | 634        |
|    policy_gradient_loss | 0.00539    |
|    std                  | 0.439      |
|    value_loss           | 0.0559     |
----------------------------------------
Early stopping at step 1 due to reaching max kl: 0.03
-----------------------------------------
| rollout/                |             |
|    ep_len_mean          | 785         |
|    ep_rew_mean          | 1.78e+03    |
| time/                   |             |
|    fps                  | 2613        |
|    iterations           | 505         |
|    time_elapsed         | 1582        |
|    total_timesteps      | 4136960     |
| train/                  |             |
|    approx_kl            | 0.019151624 |
|    clip_fraction        | 0.203       |
|    clip_range           | 0.2         |
|    entropy_loss         | -4.75       |
|    explained_variance   | 0.446       |
|    learning_rate        | 0.000135    |
|    loss                 | 0.0104      |
|    n_updates            | 636         |
|    policy_gradient_loss | 0.000409    |
|    std                  | 0.438       |
|    value_loss           | 0.0475      |
-----------------------------------------
Early stopping at step 1 due to reaching max kl: 0.03
-----------------------------------------
| rollout/                |             |
|    ep_len_mean          | 794         |
|    ep_rew_mean          | 1.81e+03    |
| time/                   |             |
|    fps                  | 2613        |
|    iterations           | 506         |
|    time_elapsed         | 1586        |
|    total_timesteps      | 4145152     |
| train/                  |             |
|    approx_kl            | 0.019931123 |
|    clip_fraction        | 0.207       |
|    clip_range           | 0.2         |
|    entropy_loss         | -4.73       |
|    explained_variance   | 0.696       |
|    learning_rate        | 0.000135    |
|    loss                 | 0.00998     |
|    n_updates            | 638         |
|    policy_gradient_loss | -0.00415    |
|    std                  | 0.437       |
|    value_loss           | 0.00524     |
-----------------------------------------
Early stopping at step 1 due to reaching max kl: 0.03
-----------------------------------------
| rollout/                |             |
|    ep_len_mean          | 798         |
|    ep_rew_mean          | 1.82e+03    |
| time/                   |             |
|    fps                  | 2613        |
|    iterations           | 507         |
|    time_elapsed         | 1589        |
|    total_timesteps      | 4153344     |
| train/                  |             |
|    approx_kl            | 0.019112036 |
|    clip_fraction        | 0.189       |
|    clip_range           | 0.2         |
|    entropy_loss         | -4.71       |
|    explained_variance   | 0.413       |
|    learning_rate        | 0.000134    |
|    loss                 | 0.00134     |
|    n_updates            | 640         |
|    policy_gradient_loss | 0.000185    |
|    std                  | 0.436       |
|    value_loss           | 0.0268      |
-----------------------------------------
Early stopping at step 1 due to reaching max kl: 0.03
-----------------------------------------
| rollout/                |             |
|    ep_len_mean          | 799         |
|    ep_rew_mean          | 1.83e+03    |
| time/                   |             |
|    fps                  | 2612        |
|    iterations           | 508         |
|    time_elapsed         | 1592        |
|    total_timesteps      | 4161536     |
| train/                  |             |
|    approx_kl            | 0.021401864 |
|    clip_fraction        | 0.205       |
|    clip_range           | 0.2         |
|    entropy_loss         | -4.69       |
|    explained_variance   | 0.389       |
|    learning_rate        | 0.000134    |
|    loss                 | 0.0128      |
|    n_updates            | 642         |
|    policy_gradient_loss | -0.00284    |
|    std                  | 0.435       |
|    value_loss           | 0.0466      |
-----------------------------------------
Early stopping at step 1 due to reaching max kl: 0.03
-----------------------------------------
| rollout/                |             |
|    ep_len_mean          | 788         |
|    ep_rew_mean          | 1.81e+03    |
| time/                   |             |
|    fps                  | 2612        |
|    iterations           | 509         |
|    time_elapsed         | 1595        |
|    total_timesteps      | 4169728     |
| train/                  |             |
|    approx_kl            | 0.019678794 |
|    clip_fraction        | 0.165       |
|    clip_range           | 0.2         |
|    entropy_loss         | -4.68       |
|    explained_variance   | 0.603       |
|    learning_rate        | 0.000134    |
|    loss                 | -0.0258     |
|    n_updates            | 644         |
|    policy_gradient_loss | 0.00374     |
|    std                  | 0.434       |
|    value_loss           | 0.045       |
-----------------------------------------
Early stopping at step 0 due to reaching max kl: 0.04
-----------------------------------------
| rollout/                |             |
|    ep_len_mean          | 825         |
|    ep_rew_mean          | 1.9e+03     |
| time/                   |             |
|    fps                  | 2612        |
|    iterations           | 510         |
|    time_elapsed         | 1599        |
|    total_timesteps      | 4177920     |
| train/                  |             |
|    approx_kl            | 0.010071402 |
|    clip_fraction        | 0.131       |
|    clip_range           | 0.2         |
|    entropy_loss         | -4.67       |
|    explained_variance   | 0.417       |
|    learning_rate        | 0.000133    |
|    loss                 | 0.0297      |
|    n_updates            | 645         |
|    policy_gradient_loss | 0.0029      |
|    std                  | 0.434       |
|    value_loss           | 0.1         |
-----------------------------------------
Early stopping at step 1 due to reaching max kl: 0.04
-----------------------------------------
| rollout/                |             |
|    ep_len_mean          | 824         |
|    ep_rew_mean          | 1.9e+03     |
| time/                   |             |
|    fps                  | 2612        |
|    iterations           | 511         |
|    time_elapsed         | 1602        |
|    total_timesteps      | 4186112     |
| train/                  |             |
|    approx_kl            | 0.020791642 |
|    clip_fraction        | 0.219       |
|    clip_range           | 0.2         |
|    entropy_loss         | -4.65       |
|    explained_variance   | 0.312       |
|    learning_rate        | 0.000133    |
|    loss                 | -0.00742    |
|    n_updates            | 647         |
|    policy_gradient_loss | -0.00103    |
|    std                  | 0.432       |
|    value_loss           | 0.0379      |
-----------------------------------------
Early stopping at step 1 due to reaching max kl: 0.03
-----------------------------------------
| rollout/                |             |
|    ep_len_mean          | 822         |
|    ep_rew_mean          | 1.9e+03     |
| time/                   |             |
|    fps                  | 2612        |
|    iterations           | 512         |
|    time_elapsed         | 1605        |
|    total_timesteps      | 4194304     |
| train/                  |             |
|    approx_kl            | 0.018308537 |
|    clip_fraction        | 0.197       |
|    clip_range           | 0.2         |
|    entropy_loss         | -4.63       |
|    explained_variance   | 0.402       |
|    learning_rate        | 0.000133    |
|    loss                 | 0.0104      |
|    n_updates            | 649         |
|    policy_gradient_loss | 0.00146     |
|    std                  | 0.432       |
|    value_loss           | 0.0465      |
-----------------------------------------
Early stopping at step 0 due to reaching max kl: 0.03
-----------------------------------------
| rollout/                |             |
|    ep_len_mean          | 825         |
|    ep_rew_mean          | 1.91e+03    |
| time/                   |             |
|    fps                  | 2612        |
|    iterations           | 513         |
|    time_elapsed         | 1608        |
|    total_timesteps      | 4202496     |
| train/                  |             |
|    approx_kl            | 0.011565236 |
|    clip_fraction        | 0.153       |
|    clip_range           | 0.2         |
|    entropy_loss         | -4.61       |
|    explained_variance   | 0.424       |
|    learning_rate        | 0.000132    |
|    loss                 | 0.106       |
|    n_updates            | 650         |
|    policy_gradient_loss | 0.00774     |
|    std                  | 0.431       |
|    value_loss           | 0.0541      |
-----------------------------------------
Early stopping at step 1 due to reaching max kl: 0.03
-----------------------------------------
| rollout/                |             |
|    ep_len_mean          | 825         |
|    ep_rew_mean          | 1.9e+03     |
| time/                   |             |
|    fps                  | 2611        |
|    iterations           | 514         |
|    time_elapsed         | 1612        |
|    total_timesteps      | 4210688     |
| train/                  |             |
|    approx_kl            | 0.018335808 |
|    clip_fraction        | 0.189       |
|    clip_range           | 0.2         |
|    entropy_loss         | -4.6        |
|    explained_variance   | 0.522       |
|    learning_rate        | 0.000132    |
|    loss                 | -0.0351     |
|    n_updates            | 652         |
|    policy_gradient_loss | 0.00485     |
|    std                  | 0.43        |
|    value_loss           | 0.0532      |
-----------------------------------------
Early stopping at step 1 due to reaching max kl: 0.03
-----------------------------------------
| rollout/                |             |
|    ep_len_mean          | 791         |
|    ep_rew_mean          | 1.83e+03    |
| time/                   |             |
|    fps                  | 2611        |
|    iterations           | 515         |
|    time_elapsed         | 1615        |
|    total_timesteps      | 4218880     |
| train/                  |             |
|    approx_kl            | 0.019147892 |
|    clip_fraction        | 0.205       |
|    clip_range           | 0.2         |
|    entropy_loss         | -4.59       |
|    explained_variance   | 0.505       |
|    learning_rate        | 0.000132    |
|    loss                 | 0.00949     |
|    n_updates            | 654         |
|    policy_gradient_loss | 0.0015      |
|    std                  | 0.43        |
|    value_loss           | 0.0456      |
-----------------------------------------
Early stopping at step 1 due to reaching max kl: 0.03
-----------------------------------------
| rollout/                |             |
|    ep_len_mean          | 784         |
|    ep_rew_mean          | 1.81e+03    |
| time/                   |             |
|    fps                  | 2611        |
|    iterations           | 516         |
|    time_elapsed         | 1618        |
|    total_timesteps      | 4227072     |
| train/                  |             |
|    approx_kl            | 0.021094505 |
|    clip_fraction        | 0.189       |
|    clip_range           | 0.2         |
|    entropy_loss         | -4.59       |
|    explained_variance   | 0.515       |
|    learning_rate        | 0.000131    |
|    loss                 | 0.116       |
|    n_updates            | 656         |
|    policy_gradient_loss | 0.00284     |
|    std                  | 0.429       |
|    value_loss           | 0.0805      |
-----------------------------------------
Early stopping at step 1 due to reaching max kl: 0.03
-----------------------------------------
| rollout/                |             |
|    ep_len_mean          | 796         |
|    ep_rew_mean          | 1.83e+03    |
| time/                   |             |
|    fps                  | 2611        |
|    iterations           | 517         |
|    time_elapsed         | 1621        |
|    total_timesteps      | 4235264     |
| train/                  |             |
|    approx_kl            | 0.023644175 |
|    clip_fraction        | 0.159       |
|    clip_range           | 0.2         |
|    entropy_loss         | -4.58       |
|    explained_variance   | 0.433       |
|    learning_rate        | 0.000131    |
|    loss                 | -0.0133     |
|    n_updates            | 658         |
|    policy_gradient_loss | 0.00541     |
|    std                  | 0.429       |
|    value_loss           | 0.0497      |
-----------------------------------------
Early stopping at step 1 due to reaching max kl: 0.04
-----------------------------------------
| rollout/                |             |
|    ep_len_mean          | 796         |
|    ep_rew_mean          | 1.84e+03    |
| time/                   |             |
|    fps                  | 2611        |
|    iterations           | 518         |
|    time_elapsed         | 1625        |
|    total_timesteps      | 4243456     |
| train/                  |             |
|    approx_kl            | 0.021393472 |
|    clip_fraction        | 0.171       |
|    clip_range           | 0.2         |
|    entropy_loss         | -4.56       |
|    explained_variance   | 0.531       |
|    learning_rate        | 0.000131    |
|    loss                 | -0.0396     |
|    n_updates            | 660         |
|    policy_gradient_loss | 0.000441    |
|    std                  | 0.428       |
|    value_loss           | 0.0204      |
-----------------------------------------
Early stopping at step 1 due to reaching max kl: 0.03
-----------------------------------------
| rollout/                |             |
|    ep_len_mean          | 804         |
|    ep_rew_mean          | 1.86e+03    |
| time/                   |             |
|    fps                  | 2611        |
|    iterations           | 519         |
|    time_elapsed         | 1628        |
|    total_timesteps      | 4251648     |
| train/                  |             |
|    approx_kl            | 0.021288605 |
|    clip_fraction        | 0.182       |
|    clip_range           | 0.2         |
|    entropy_loss         | -4.54       |
|    explained_variance   | 0.499       |
|    learning_rate        | 0.00013     |
|    loss                 | -0.0281     |
|    n_updates            | 662         |
|    policy_gradient_loss | 0.00222     |
|    std                  | 0.427       |
|    value_loss           | 0.021       |
-----------------------------------------
Early stopping at step 1 due to reaching max kl: 0.04
----------------------------------------
| rollout/                |            |
|    ep_len_mean          | 791        |
|    ep_rew_mean          | 1.83e+03   |
| time/                   |            |
|    fps                  | 2611       |
|    iterations           | 520        |
|    time_elapsed         | 1631       |
|    total_timesteps      | 4259840    |
| train/                  |            |
|    approx_kl            | 0.03962875 |
|    clip_fraction        | 0.174      |
|    clip_range           | 0.2        |
|    entropy_loss         | -4.53      |
|    explained_variance   | 0.355      |
|    learning_rate        | 0.00013    |
|    loss                 | 0.023      |
|    n_updates            | 664        |
|    policy_gradient_loss | 0.00462    |
|    std                  | 0.427      |
|    value_loss           | 0.0862     |
----------------------------------------
Early stopping at step 0 due to reaching max kl: 0.03
----------------------------------------
| rollout/                |            |
|    ep_len_mean          | 796        |
|    ep_rew_mean          | 1.84e+03   |
| time/                   |            |
|    fps                  | 2611       |
|    iterations           | 521        |
|    time_elapsed         | 1634       |
|    total_timesteps      | 4268032    |
| train/                  |            |
|    approx_kl            | 0.01026449 |
|    clip_fraction        | 0.139      |
|    clip_range           | 0.2        |
|    entropy_loss         | -4.53      |
|    explained_variance   | 0.566      |
|    learning_rate        | 0.00013    |
|    loss                 | 0.0844     |
|    n_updates            | 665        |
|    policy_gradient_loss | 0.00724    |
|    std                  | 0.427      |
|    value_loss           | 0.0502     |
----------------------------------------
Early stopping at step 1 due to reaching max kl: 0.03
-----------------------------------------
| rollout/                |             |
|    ep_len_mean          | 818         |
|    ep_rew_mean          | 1.89e+03    |
| time/                   |             |
|    fps                  | 2611        |
|    iterations           | 522         |
|    time_elapsed         | 1637        |
|    total_timesteps      | 4276224     |
| train/                  |             |
|    approx_kl            | 0.019287366 |
|    clip_fraction        | 0.173       |
|    clip_range           | 0.2         |
|    entropy_loss         | -4.53       |
|    explained_variance   | 0.416       |
|    learning_rate        | 0.000129    |
|    loss                 | -0.0351     |
|    n_updates            | 667         |
|    policy_gradient_loss | 0.00504     |
|    std                  | 0.426       |
|    value_loss           | 0.052       |
-----------------------------------------
Early stopping at step 1 due to reaching max kl: 0.03
-----------------------------------------
| rollout/                |             |
|    ep_len_mean          | 829         |
|    ep_rew_mean          | 1.92e+03    |
| time/                   |             |
|    fps                  | 2610        |
|    iterations           | 523         |
|    time_elapsed         | 1640        |
|    total_timesteps      | 4284416     |
| train/                  |             |
|    approx_kl            | 0.019562233 |
|    clip_fraction        | 0.193       |
|    clip_range           | 0.2         |
|    entropy_loss         | -4.52       |
|    explained_variance   | 0.461       |
|    learning_rate        | 0.000129    |
|    loss                 | -0.0372     |
|    n_updates            | 669         |
|    policy_gradient_loss | 0.00107     |
|    std                  | 0.425       |
|    value_loss           | 0.0222      |
-----------------------------------------
Early stopping at step 1 due to reaching max kl: 0.03
-----------------------------------------
| rollout/                |             |
|    ep_len_mean          | 825         |
|    ep_rew_mean          | 1.91e+03    |
| time/                   |             |
|    fps                  | 2610        |
|    iterations           | 524         |
|    time_elapsed         | 1644        |
|    total_timesteps      | 4292608     |
| train/                  |             |
|    approx_kl            | 0.018700933 |
|    clip_fraction        | 0.168       |
|    clip_range           | 0.2         |
|    entropy_loss         | -4.5        |
|    explained_variance   | 0.77        |
|    learning_rate        | 0.000129    |
|    loss                 | -0.0423     |
|    n_updates            | 671         |
|    policy_gradient_loss | 0.000277    |
|    std                  | 0.425       |
|    value_loss           | 0.0173      |
-----------------------------------------
Early stopping at step 0 due to reaching max kl: 0.04
-----------------------------------------
| rollout/                |             |
|    ep_len_mean          | 844         |
|    ep_rew_mean          | 1.96e+03    |
| time/                   |             |
|    fps                  | 2610        |
|    iterations           | 525         |
|    time_elapsed         | 1647        |
|    total_timesteps      | 4300800     |
| train/                  |             |
|    approx_kl            | 0.010753585 |
|    clip_fraction        | 0.147       |
|    clip_range           | 0.2         |
|    entropy_loss         | -4.49       |
|    explained_variance   | 0.396       |
|    learning_rate        | 0.000128    |
|    loss                 | -0.0051     |
|    n_updates            | 672         |
|    policy_gradient_loss | 0.00658     |
|    std                  | 0.424       |
|    value_loss           | 0.0548      |
-----------------------------------------
Early stopping at step 1 due to reaching max kl: 0.03
-----------------------------------------
| rollout/                |             |
|    ep_len_mean          | 849         |
|    ep_rew_mean          | 1.97e+03    |
| time/                   |             |
|    fps                  | 2610        |
|    iterations           | 526         |
|    time_elapsed         | 1650        |
|    total_timesteps      | 4308992     |
| train/                  |             |
|    approx_kl            | 0.018932978 |
|    clip_fraction        | 0.203       |
|    clip_range           | 0.2         |
|    entropy_loss         | -4.47       |
|    explained_variance   | 0.628       |
|    learning_rate        | 0.000128    |
|    loss                 | 0.0446      |
|    n_updates            | 674         |
|    policy_gradient_loss | 0.00157     |
|    std                  | 0.423       |
|    value_loss           | 0.0334      |
-----------------------------------------
Early stopping at step 1 due to reaching max kl: 0.03
-----------------------------------------
| rollout/                |             |
|    ep_len_mean          | 837         |
|    ep_rew_mean          | 1.95e+03    |
| time/                   |             |
|    fps                  | 2610        |
|    iterations           | 527         |
|    time_elapsed         | 1653        |
|    total_timesteps      | 4317184     |
| train/                  |             |
|    approx_kl            | 0.018931344 |
|    clip_fraction        | 0.184       |
|    clip_range           | 0.2         |
|    entropy_loss         | -4.46       |
|    explained_variance   | 0.319       |
|    learning_rate        | 0.000128    |
|    loss                 | 0.0156      |
|    n_updates            | 676         |
|    policy_gradient_loss | 0.00477     |
|    std                  | 0.423       |
|    value_loss           | 0.0603      |
-----------------------------------------
Early stopping at step 1 due to reaching max kl: 0.03
-----------------------------------------
| rollout/                |             |
|    ep_len_mean          | 829         |
|    ep_rew_mean          | 1.93e+03    |
| time/                   |             |
|    fps                  | 2610        |
|    iterations           | 528         |
|    time_elapsed         | 1657        |
|    total_timesteps      | 4325376     |
| train/                  |             |
|    approx_kl            | 0.020588063 |
|    clip_fraction        | 0.183       |
|    clip_range           | 0.2         |
|    entropy_loss         | -4.45       |
|    explained_variance   | 0.344       |
|    learning_rate        | 0.000127    |
|    loss                 | -0.00924    |
|    n_updates            | 678         |
|    policy_gradient_loss | 0.000443    |
|    std                  | 0.422       |
|    value_loss           | 0.0588      |
-----------------------------------------
Early stopping at step 0 due to reaching max kl: 0.03
-----------------------------------------
| rollout/                |             |
|    ep_len_mean          | 824         |
|    ep_rew_mean          | 1.92e+03    |
| time/                   |             |
|    fps                  | 2610        |
|    iterations           | 529         |
|    time_elapsed         | 1660        |
|    total_timesteps      | 4333568     |
| train/                  |             |
|    approx_kl            | 0.010785237 |
|    clip_fraction        | 0.146       |
|    clip_range           | 0.2         |
|    entropy_loss         | -4.44       |
|    explained_variance   | 0.311       |
|    learning_rate        | 0.000127    |
|    loss                 | 0.0407      |
|    n_updates            | 679         |
|    policy_gradient_loss | 0.00352     |
|    std                  | 0.422       |
|    value_loss           | 0.063       |
-----------------------------------------
Early stopping at step 1 due to reaching max kl: 0.03
-----------------------------------------
| rollout/                |             |
|    ep_len_mean          | 828         |
|    ep_rew_mean          | 1.92e+03    |
| time/                   |             |
|    fps                  | 2610        |
|    iterations           | 530         |
|    time_elapsed         | 1663        |
|    total_timesteps      | 4341760     |
| train/                  |             |
|    approx_kl            | 0.019870518 |
|    clip_fraction        | 0.187       |
|    clip_range           | 0.2         |
|    entropy_loss         | -4.43       |
|    explained_variance   | 0.417       |
|    learning_rate        | 0.000127    |
|    loss                 | -0.00163    |
|    n_updates            | 681         |
|    policy_gradient_loss | 0.005       |
|    std                  | 0.421       |
|    value_loss           | 0.073       |
-----------------------------------------
Early stopping at step 1 due to reaching max kl: 0.03
----------------------------------------
| rollout/                |            |
|    ep_len_mean          | 828        |
|    ep_rew_mean          | 1.92e+03   |
| time/                   |            |
|    fps                  | 2610       |
|    iterations           | 531        |
|    time_elapsed         | 1666       |
|    total_timesteps      | 4349952    |
| train/                  |            |
|    approx_kl            | 0.01751195 |
|    clip_fraction        | 0.164      |
|    clip_range           | 0.2        |
|    entropy_loss         | -4.42      |
|    explained_variance   | 0.499      |
|    learning_rate        | 0.000126   |
|    loss                 | -0.0197    |
|    n_updates            | 683        |
|    policy_gradient_loss | 0.00407    |
|    std                  | 0.421      |
|    value_loss           | 0.0312     |
----------------------------------------
Early stopping at step 0 due to reaching max kl: 0.03
----------------------------------------
| rollout/                |            |
|    ep_len_mean          | 820        |
|    ep_rew_mean          | 1.9e+03    |
| time/                   |            |
|    fps                  | 2610       |
|    iterations           | 532        |
|    time_elapsed         | 1669       |
|    total_timesteps      | 4358144    |
| train/                  |            |
|    approx_kl            | 0.01090668 |
|    clip_fraction        | 0.151      |
|    clip_range           | 0.2        |
|    entropy_loss         | -4.41      |
|    explained_variance   | 0.46       |
|    learning_rate        | 0.000126   |
|    loss                 | 0.0209     |
|    n_updates            | 684        |
|    policy_gradient_loss | 0.0041     |
|    std                  | 0.42       |
|    value_loss           | 0.0378     |
----------------------------------------
Early stopping at step 1 due to reaching max kl: 0.03
-----------------------------------------
| rollout/                |             |
|    ep_len_mean          | 806         |
|    ep_rew_mean          | 1.87e+03    |
| time/                   |             |
|    fps                  | 2609        |
|    iterations           | 533         |
|    time_elapsed         | 1673        |
|    total_timesteps      | 4366336     |
| train/                  |             |
|    approx_kl            | 0.018721074 |
|    clip_fraction        | 0.216       |
|    clip_range           | 0.2         |
|    entropy_loss         | -4.4        |
|    explained_variance   | 0.444       |
|    learning_rate        | 0.000126    |
|    loss                 | 0.0246      |
|    n_updates            | 686         |
|    policy_gradient_loss | -0.0021     |
|    std                  | 0.419       |
|    value_loss           | 0.0332      |
-----------------------------------------
Early stopping at step 1 due to reaching max kl: 0.03
-----------------------------------------
| rollout/                |             |
|    ep_len_mean          | 810         |
|    ep_rew_mean          | 1.88e+03    |
| time/                   |             |
|    fps                  | 2609        |
|    iterations           | 534         |
|    time_elapsed         | 1676        |
|    total_timesteps      | 4374528     |
| train/                  |             |
|    approx_kl            | 0.019270997 |
|    clip_fraction        | 0.215       |
|    clip_range           | 0.2         |
|    entropy_loss         | -4.37       |
|    explained_variance   | 0.422       |
|    learning_rate        | 0.000125    |
|    loss                 | -0.0144     |
|    n_updates            | 688         |
|    policy_gradient_loss | -0.00462    |
|    std                  | 0.418       |
|    value_loss           | 0.0395      |
-----------------------------------------
Early stopping at step 2 due to reaching max kl: 0.03
-----------------------------------------
| rollout/                |             |
|    ep_len_mean          | 798         |
|    ep_rew_mean          | 1.85e+03    |
| time/                   |             |
|    fps                  | 2608        |
|    iterations           | 535         |
|    time_elapsed         | 1679        |
|    total_timesteps      | 4382720     |
| train/                  |             |
|    approx_kl            | 0.023317259 |
|    clip_fraction        | 0.209       |
|    clip_range           | 0.2         |
|    entropy_loss         | -4.35       |
|    explained_variance   | 0.397       |
|    learning_rate        | 0.000125    |
|    loss                 | 0.0209      |
|    n_updates            | 691         |
|    policy_gradient_loss | -0.00358    |
|    std                  | 0.417       |
|    value_loss           | 0.0443      |
-----------------------------------------
Early stopping at step 1 due to reaching max kl: 0.03
-----------------------------------------
| rollout/                |             |
|    ep_len_mean          | 810         |
|    ep_rew_mean          | 1.89e+03    |
| time/                   |             |
|    fps                  | 2608        |
|    iterations           | 536         |
|    time_elapsed         | 1683        |
|    total_timesteps      | 4390912     |
| train/                  |             |
|    approx_kl            | 0.017628396 |
|    clip_fraction        | 0.189       |
|    clip_range           | 0.2         |
|    entropy_loss         | -4.34       |
|    explained_variance   | 0.433       |
|    learning_rate        | 0.000125    |
|    loss                 | 0.0433      |
|    n_updates            | 693         |
|    policy_gradient_loss | 0.000665    |
|    std                  | 0.416       |
|    value_loss           | 0.0461      |
-----------------------------------------
Early stopping at step 1 due to reaching max kl: 0.03
-----------------------------------------
| rollout/                |             |
|    ep_len_mean          | 812         |
|    ep_rew_mean          | 1.89e+03    |
| time/                   |             |
|    fps                  | 2608        |
|    iterations           | 537         |
|    time_elapsed         | 1686        |
|    total_timesteps      | 4399104     |
| train/                  |             |
|    approx_kl            | 0.020406675 |
|    clip_fraction        | 0.195       |
|    clip_range           | 0.2         |
|    entropy_loss         | -4.32       |
|    explained_variance   | 0.39        |
|    learning_rate        | 0.000124    |
|    loss                 | -0.00828    |
|    n_updates            | 695         |
|    policy_gradient_loss | 0.000966    |
|    std                  | 0.415       |
|    value_loss           | 0.0475      |
-----------------------------------------
Early stopping at step 0 due to reaching max kl: 0.03
-----------------------------------------
| rollout/                |             |
|    ep_len_mean          | 807         |
|    ep_rew_mean          | 1.89e+03    |
| time/                   |             |
|    fps                  | 2608        |
|    iterations           | 538         |
|    time_elapsed         | 1689        |
|    total_timesteps      | 4407296     |
| train/                  |             |
|    approx_kl            | 0.009731093 |
|    clip_fraction        | 0.129       |
|    clip_range           | 0.2         |
|    entropy_loss         | -4.31       |
|    explained_variance   | 0.384       |
|    learning_rate        | 0.000124    |
|    loss                 | 0.038       |
|    n_updates            | 696         |
|    policy_gradient_loss | 0.0045      |
|    std                  | 0.415       |
|    value_loss           | 0.0523      |
-----------------------------------------
Early stopping at step 1 due to reaching max kl: 0.03
-----------------------------------------
| rollout/                |             |
|    ep_len_mean          | 792         |
|    ep_rew_mean          | 1.86e+03    |
| time/                   |             |
|    fps                  | 2608        |
|    iterations           | 539         |
|    time_elapsed         | 1692        |
|    total_timesteps      | 4415488     |
| train/                  |             |
|    approx_kl            | 0.018665431 |
|    clip_fraction        | 0.181       |
|    clip_range           | 0.2         |
|    entropy_loss         | -4.3        |
|    explained_variance   | 0.414       |
|    learning_rate        | 0.000124    |
|    loss                 | 0.0191      |
|    n_updates            | 698         |
|    policy_gradient_loss | -0.000128   |
|    std                  | 0.414       |
|    value_loss           | 0.0309      |
-----------------------------------------
Early stopping at step 1 due to reaching max kl: 0.03
----------------------------------------
| rollout/                |            |
|    ep_len_mean          | 794        |
|    ep_rew_mean          | 1.87e+03   |
| time/                   |            |
|    fps                  | 2607       |
|    iterations           | 540        |
|    time_elapsed         | 1696       |
|    total_timesteps      | 4423680    |
| train/                  |            |
|    approx_kl            | 0.02060304 |
|    clip_fraction        | 0.228      |
|    clip_range           | 0.2        |
|    entropy_loss         | -4.28      |
|    explained_variance   | 0.32       |
|    learning_rate        | 0.000123   |
|    loss                 | -0.0209    |
|    n_updates            | 700        |
|    policy_gradient_loss | -0.00107   |
|    std                  | 0.413      |
|    value_loss           | 0.0932     |
----------------------------------------
Early stopping at step 0 due to reaching max kl: 0.03
-----------------------------------------
| rollout/                |             |
|    ep_len_mean          | 807         |
|    ep_rew_mean          | 1.9e+03     |
| time/                   |             |
|    fps                  | 2608        |
|    iterations           | 541         |
|    time_elapsed         | 1699        |
|    total_timesteps      | 4431872     |
| train/                  |             |
|    approx_kl            | 0.008815195 |
|    clip_fraction        | 0.118       |
|    clip_range           | 0.2         |
|    entropy_loss         | -4.26       |
|    explained_variance   | 0.438       |
|    learning_rate        | 0.000123    |
|    loss                 | 0.00348     |
|    n_updates            | 701         |
|    policy_gradient_loss | 0.00308     |
|    std                  | 0.412       |
|    value_loss           | 0.0367      |
-----------------------------------------
Early stopping at step 2 due to reaching max kl: 0.04
-----------------------------------------
| rollout/                |             |
|    ep_len_mean          | 785         |
|    ep_rew_mean          | 1.86e+03    |
| time/                   |             |
|    fps                  | 2607        |
|    iterations           | 542         |
|    time_elapsed         | 1702        |
|    total_timesteps      | 4440064     |
| train/                  |             |
|    approx_kl            | 0.022580609 |
|    clip_fraction        | 0.224       |
|    clip_range           | 0.2         |
|    entropy_loss         | -4.24       |
|    explained_variance   | 0.0936      |
|    learning_rate        | 0.000123    |
|    loss                 | -0.0105     |
|    n_updates            | 704         |
|    policy_gradient_loss | -0.00516    |
|    std                  | 0.41        |
|    value_loss           | 0.0222      |
-----------------------------------------
Early stopping at step 1 due to reaching max kl: 0.03
-----------------------------------------
| rollout/                |             |
|    ep_len_mean          | 797         |
|    ep_rew_mean          | 1.89e+03    |
| time/                   |             |
|    fps                  | 2606        |
|    iterations           | 543         |
|    time_elapsed         | 1706        |
|    total_timesteps      | 4448256     |
| train/                  |             |
|    approx_kl            | 0.019368874 |
|    clip_fraction        | 0.204       |
|    clip_range           | 0.2         |
|    entropy_loss         | -4.21       |
|    explained_variance   | 0.285       |
|    learning_rate        | 0.000122    |
|    loss                 | 0.0839      |
|    n_updates            | 706         |
|    policy_gradient_loss | -0.000166   |
|    std                  | 0.41        |
|    value_loss           | 0.0577      |
-----------------------------------------
Early stopping at step 0 due to reaching max kl: 0.03
-----------------------------------------
| rollout/                |             |
|    ep_len_mean          | 804         |
|    ep_rew_mean          | 1.91e+03    |
| time/                   |             |
|    fps                  | 2606        |
|    iterations           | 544         |
|    time_elapsed         | 1709        |
|    total_timesteps      | 4456448     |
| train/                  |             |
|    approx_kl            | 0.012797949 |
|    clip_fraction        | 0.171       |
|    clip_range           | 0.2         |
|    entropy_loss         | -4.21       |
|    explained_variance   | 0.31        |
|    learning_rate        | 0.000122    |
|    loss                 | 0.152       |
|    n_updates            | 707         |
|    policy_gradient_loss | 0.00684     |
|    std                  | 0.41        |
|    value_loss           | 0.066       |
-----------------------------------------
Early stopping at step 1 due to reaching max kl: 0.03
-----------------------------------------
| rollout/                |             |
|    ep_len_mean          | 790         |
|    ep_rew_mean          | 1.88e+03    |
| time/                   |             |
|    fps                  | 2606        |
|    iterations           | 545         |
|    time_elapsed         | 1712        |
|    total_timesteps      | 4464640     |
| train/                  |             |
|    approx_kl            | 0.019356282 |
|    clip_fraction        | 0.179       |
|    clip_range           | 0.2         |
|    entropy_loss         | -4.2        |
|    explained_variance   | 0.292       |
|    learning_rate        | 0.000122    |
|    loss                 | 0.0101      |
|    n_updates            | 709         |
|    policy_gradient_loss | -0.000547   |
|    std                  | 0.409       |
|    value_loss           | 0.0473      |
-----------------------------------------
Early stopping at step 1 due to reaching max kl: 0.04
-----------------------------------------
| rollout/                |             |
|    ep_len_mean          | 763         |
|    ep_rew_mean          | 1.82e+03    |
| time/                   |             |
|    fps                  | 2606        |
|    iterations           | 546         |
|    time_elapsed         | 1716        |
|    total_timesteps      | 4472832     |
| train/                  |             |
|    approx_kl            | 0.017903637 |
|    clip_fraction        | 0.178       |
|    clip_range           | 0.2         |
|    entropy_loss         | -4.19       |
|    explained_variance   | 0.354       |
|    learning_rate        | 0.000121    |
|    loss                 | 0.0158      |
|    n_updates            | 711         |
|    policy_gradient_loss | 0.000589    |
|    std                  | 0.409       |
|    value_loss           | 0.0567      |
-----------------------------------------
Early stopping at step 1 due to reaching max kl: 0.03
----------------------------------------
| rollout/                |            |
|    ep_len_mean          | 760        |
|    ep_rew_mean          | 1.81e+03   |
| time/                   |            |
|    fps                  | 2606       |
|    iterations           | 547        |
|    time_elapsed         | 1719       |
|    total_timesteps      | 4481024    |
| train/                  |            |
|    approx_kl            | 0.01997044 |
|    clip_fraction        | 0.193      |
|    clip_range           | 0.2        |
|    entropy_loss         | -4.18      |
|    explained_variance   | 0.267      |
|    learning_rate        | 0.000121   |
|    loss                 | 0.0197     |
|    n_updates            | 713        |
|    policy_gradient_loss | 0.002      |
|    std                  | 0.408      |
|    value_loss           | 0.0948     |
----------------------------------------
Early stopping at step 1 due to reaching max kl: 0.03
-----------------------------------------
| rollout/                |             |
|    ep_len_mean          | 784         |
|    ep_rew_mean          | 1.87e+03    |
| time/                   |             |
|    fps                  | 2605        |
|    iterations           | 548         |
|    time_elapsed         | 1722        |
|    total_timesteps      | 4489216     |
| train/                  |             |
|    approx_kl            | 0.018348215 |
|    clip_fraction        | 0.18        |
|    clip_range           | 0.2         |
|    entropy_loss         | -4.17       |
|    explained_variance   | 0.428       |
|    learning_rate        | 0.000121    |
|    loss                 | 0.0332      |
|    n_updates            | 715         |
|    policy_gradient_loss | -0.000786   |
|    std                  | 0.408       |
|    value_loss           | 0.0487      |
-----------------------------------------
Early stopping at step 1 due to reaching max kl: 0.03
-----------------------------------------
| rollout/                |             |
|    ep_len_mean          | 804         |
|    ep_rew_mean          | 1.92e+03    |
| time/                   |             |
|    fps                  | 2605        |
|    iterations           | 549         |
|    time_elapsed         | 1726        |
|    total_timesteps      | 4497408     |
| train/                  |             |
|    approx_kl            | 0.019342905 |
|    clip_fraction        | 0.185       |
|    clip_range           | 0.2         |
|    entropy_loss         | -4.15       |
|    explained_variance   | 0.732       |
|    learning_rate        | 0.00012     |
|    loss                 | -0.00691    |
|    n_updates            | 717         |
|    policy_gradient_loss | -0.00407    |
|    std                  | 0.407       |
|    value_loss           | 0.00654     |
-----------------------------------------
Early stopping at step 1 due to reaching max kl: 0.03
-----------------------------------------
| rollout/                |             |
|    ep_len_mean          | 788         |
|    ep_rew_mean          | 1.89e+03    |
| time/                   |             |
|    fps                  | 2605        |
|    iterations           | 550         |
|    time_elapsed         | 1729        |
|    total_timesteps      | 4505600     |
| train/                  |             |
|    approx_kl            | 0.018434122 |
|    clip_fraction        | 0.202       |
|    clip_range           | 0.2         |
|    entropy_loss         | -4.13       |
|    explained_variance   | 0.433       |
|    learning_rate        | 0.00012     |
|    loss                 | -0.0203     |
|    n_updates            | 719         |
|    policy_gradient_loss | -0.000786   |
|    std                  | 0.405       |
|    value_loss           | 0.0236      |
-----------------------------------------
Early stopping at step 1 due to reaching max kl: 0.03
----------------------------------------
| rollout/                |            |
|    ep_len_mean          | 774        |
|    ep_rew_mean          | 1.86e+03   |
| time/                   |            |
|    fps                  | 2604       |
|    iterations           | 551        |
|    time_elapsed         | 1732       |
|    total_timesteps      | 4513792    |
| train/                  |            |
|    approx_kl            | 0.01828923 |
|    clip_fraction        | 0.192      |
|    clip_range           | 0.2        |
|    entropy_loss         | -4.11      |
|    explained_variance   | 0.291      |
|    learning_rate        | 0.00012    |
|    loss                 | -0.00914   |
|    n_updates            | 721        |
|    policy_gradient_loss | -0.000804  |
|    std                  | 0.404      |
|    value_loss           | 0.0607     |
----------------------------------------
Early stopping at step 1 due to reaching max kl: 0.03
-----------------------------------------
| rollout/                |             |
|    ep_len_mean          | 784         |
|    ep_rew_mean          | 1.88e+03    |
| time/                   |             |
|    fps                  | 2604        |
|    iterations           | 552         |
|    time_elapsed         | 1736        |
|    total_timesteps      | 4521984     |
| train/                  |             |
|    approx_kl            | 0.020812811 |
|    clip_fraction        | 0.184       |
|    clip_range           | 0.2         |
|    entropy_loss         | -4.1        |
|    explained_variance   | 0.259       |
|    learning_rate        | 0.000119    |
|    loss                 | -0.0352     |
|    n_updates            | 723         |
|    policy_gradient_loss | 0.00217     |
|    std                  | 0.404       |
|    value_loss           | 0.101       |
-----------------------------------------
Early stopping at step 1 due to reaching max kl: 0.03
-----------------------------------------
| rollout/                |             |
|    ep_len_mean          | 787         |
|    ep_rew_mean          | 1.9e+03     |
| time/                   |             |
|    fps                  | 2604        |
|    iterations           | 553         |
|    time_elapsed         | 1739        |
|    total_timesteps      | 4530176     |
| train/                  |             |
|    approx_kl            | 0.019261828 |
|    clip_fraction        | 0.188       |
|    clip_range           | 0.2         |
|    entropy_loss         | -4.08       |
|    explained_variance   | 0.41        |
|    learning_rate        | 0.000119    |
|    loss                 | -0.0181     |
|    n_updates            | 725         |
|    policy_gradient_loss | -0.00359    |
|    std                  | 0.403       |
|    value_loss           | 0.0249      |
-----------------------------------------
Early stopping at step 1 due to reaching max kl: 0.03
-----------------------------------------
| rollout/                |             |
|    ep_len_mean          | 785         |
|    ep_rew_mean          | 1.89e+03    |
| time/                   |             |
|    fps                  | 2604        |
|    iterations           | 554         |
|    time_elapsed         | 1742        |
|    total_timesteps      | 4538368     |
| train/                  |             |
|    approx_kl            | 0.020082051 |
|    clip_fraction        | 0.169       |
|    clip_range           | 0.2         |
|    entropy_loss         | -4.06       |
|    explained_variance   | 0.449       |
|    learning_rate        | 0.000119    |
|    loss                 | -0.00103    |
|    n_updates            | 727         |
|    policy_gradient_loss | 0.00133     |
|    std                  | 0.402       |
|    value_loss           | 0.0297      |
-----------------------------------------
Early stopping at step 1 due to reaching max kl: 0.03
-----------------------------------------
| rollout/                |             |
|    ep_len_mean          | 807         |
|    ep_rew_mean          | 1.95e+03    |
| time/                   |             |
|    fps                  | 2603        |
|    iterations           | 555         |
|    time_elapsed         | 1746        |
|    total_timesteps      | 4546560     |
| train/                  |             |
|    approx_kl            | 0.019015439 |
|    clip_fraction        | 0.207       |
|    clip_range           | 0.2         |
|    entropy_loss         | -4.05       |
|    explained_variance   | 0.356       |
|    learning_rate        | 0.000118    |
|    loss                 | 0.0341      |
|    n_updates            | 729         |
|    policy_gradient_loss | -0.00284    |
|    std                  | 0.401       |
|    value_loss           | 0.0528      |
-----------------------------------------
Early stopping at step 0 due to reaching max kl: 0.03
-----------------------------------------
| rollout/                |             |
|    ep_len_mean          | 820         |
|    ep_rew_mean          | 1.98e+03    |
| time/                   |             |
|    fps                  | 2603        |
|    iterations           | 556         |
|    time_elapsed         | 1749        |
|    total_timesteps      | 4554752     |
| train/                  |             |
|    approx_kl            | 0.009223677 |
|    clip_fraction        | 0.122       |
|    clip_range           | 0.2         |
|    entropy_loss         | -4.04       |
|    explained_variance   | 0.375       |
|    learning_rate        | 0.000118    |
|    loss                 | 0.0173      |
|    n_updates            | 730         |
|    policy_gradient_loss | 0.00311     |
|    std                  | 0.401       |
|    value_loss           | 0.0509      |
-----------------------------------------
Early stopping at step 1 due to reaching max kl: 0.03
-----------------------------------------
| rollout/                |             |
|    ep_len_mean          | 820         |
|    ep_rew_mean          | 1.99e+03    |
| time/                   |             |
|    fps                  | 2603        |
|    iterations           | 557         |
|    time_elapsed         | 1752        |
|    total_timesteps      | 4562944     |
| train/                  |             |
|    approx_kl            | 0.018662406 |
|    clip_fraction        | 0.207       |
|    clip_range           | 0.2         |
|    entropy_loss         | -4.03       |
|    explained_variance   | 0.339       |
|    learning_rate        | 0.000118    |
|    loss                 | -0.0213     |
|    n_updates            | 732         |
|    policy_gradient_loss | -0.0014     |
|    std                  | 0.4         |
|    value_loss           | 0.0498      |
-----------------------------------------
Early stopping at step 1 due to reaching max kl: 0.03
-----------------------------------------
| rollout/                |             |
|    ep_len_mean          | 787         |
|    ep_rew_mean          | 1.91e+03    |
| time/                   |             |
|    fps                  | 2603        |
|    iterations           | 558         |
|    time_elapsed         | 1755        |
|    total_timesteps      | 4571136     |
| train/                  |             |
|    approx_kl            | 0.016456388 |
|    clip_fraction        | 0.164       |
|    clip_range           | 0.2         |
|    entropy_loss         | -4.02       |
|    explained_variance   | 0.315       |
|    learning_rate        | 0.000117    |
|    loss                 | 0.00946     |
|    n_updates            | 734         |
|    policy_gradient_loss | 0.00174     |
|    std                  | 0.4         |
|    value_loss           | 0.0511      |
-----------------------------------------
Early stopping at step 0 due to reaching max kl: 0.03
-----------------------------------------
| rollout/                |             |
|    ep_len_mean          | 782         |
|    ep_rew_mean          | 1.9e+03     |
| time/                   |             |
|    fps                  | 2603        |
|    iterations           | 559         |
|    time_elapsed         | 1759        |
|    total_timesteps      | 4579328     |
| train/                  |             |
|    approx_kl            | 0.013130197 |
|    clip_fraction        | 0.18        |
|    clip_range           | 0.2         |
|    entropy_loss         | -4.02       |
|    explained_variance   | 0.305       |
|    learning_rate        | 0.000117    |
|    loss                 | 0.00521     |
|    n_updates            | 735         |
|    policy_gradient_loss | 0.00358     |
|    std                  | 0.4         |
|    value_loss           | 0.0656      |
-----------------------------------------
Early stopping at step 0 due to reaching max kl: 0.03
-----------------------------------------
| rollout/                |             |
|    ep_len_mean          | 787         |
|    ep_rew_mean          | 1.91e+03    |
| time/                   |             |
|    fps                  | 2603        |
|    iterations           | 560         |
|    time_elapsed         | 1762        |
|    total_timesteps      | 4587520     |
| train/                  |             |
|    approx_kl            | 0.011002458 |
|    clip_fraction        | 0.152       |
|    clip_range           | 0.2         |
|    entropy_loss         | -4.01       |
|    explained_variance   | 0.348       |
|    learning_rate        | 0.000117    |
|    loss                 | 0.0539      |
|    n_updates            | 736         |
|    policy_gradient_loss | 0.00248     |
|    std                  | 0.4         |
|    value_loss           | 0.0799      |
-----------------------------------------
Early stopping at step 1 due to reaching max kl: 0.03
-----------------------------------------
| rollout/                |             |
|    ep_len_mean          | 797         |
|    ep_rew_mean          | 1.93e+03    |
| time/                   |             |
|    fps                  | 2603        |
|    iterations           | 561         |
|    time_elapsed         | 1765        |
|    total_timesteps      | 4595712     |
| train/                  |             |
|    approx_kl            | 0.018174633 |
|    clip_fraction        | 0.204       |
|    clip_range           | 0.2         |
|    entropy_loss         | -4          |
|    explained_variance   | 0.372       |
|    learning_rate        | 0.000116    |
|    loss                 | 0.0232      |
|    n_updates            | 738         |
|    policy_gradient_loss | -0.00286    |
|    std                  | 0.4         |
|    value_loss           | 0.0499      |
-----------------------------------------
Early stopping at step 1 due to reaching max kl: 0.04
----------------------------------------
| rollout/                |            |
|    ep_len_mean          | 782        |
|    ep_rew_mean          | 1.9e+03    |
| time/                   |            |
|    fps                  | 2602       |
|    iterations           | 562        |
|    time_elapsed         | 1768       |
|    total_timesteps      | 4603904    |
| train/                  |            |
|    approx_kl            | 0.01768524 |
|    clip_fraction        | 0.19       |
|    clip_range           | 0.2        |
|    entropy_loss         | -3.99      |
|    explained_variance   | 0.484      |
|    learning_rate        | 0.000116   |
|    loss                 | 0.0324     |
|    n_updates            | 740        |
|    policy_gradient_loss | -0.00307   |
|    std                  | 0.398      |
|    value_loss           | 0.0468     |
----------------------------------------
Early stopping at step 1 due to reaching max kl: 0.03
-----------------------------------------
| rollout/                |             |
|    ep_len_mean          | 764         |
|    ep_rew_mean          | 1.85e+03    |
| time/                   |             |
|    fps                  | 2602        |
|    iterations           | 563         |
|    time_elapsed         | 1772        |
|    total_timesteps      | 4612096     |
| train/                  |             |
|    approx_kl            | 0.017635174 |
|    clip_fraction        | 0.192       |
|    clip_range           | 0.2         |
|    entropy_loss         | -3.97       |
|    explained_variance   | 0.292       |
|    learning_rate        | 0.000116    |
|    loss                 | 0.0321      |
|    n_updates            | 742         |
|    policy_gradient_loss | 0.000736    |
|    std                  | 0.398       |
|    value_loss           | 0.0497      |
-----------------------------------------
Early stopping at step 1 due to reaching max kl: 0.03
-----------------------------------------
| rollout/                |             |
|    ep_len_mean          | 769         |
|    ep_rew_mean          | 1.87e+03    |
| time/                   |             |
|    fps                  | 2602        |
|    iterations           | 564         |
|    time_elapsed         | 1775        |
|    total_timesteps      | 4620288     |
| train/                  |             |
|    approx_kl            | 0.018981367 |
|    clip_fraction        | 0.199       |
|    clip_range           | 0.2         |
|    entropy_loss         | -3.96       |
|    explained_variance   | 0.335       |
|    learning_rate        | 0.000116    |
|    loss                 | 0.0417      |
|    n_updates            | 744         |
|    policy_gradient_loss | 0.000593    |
|    std                  | 0.397       |
|    value_loss           | 0.0845      |
-----------------------------------------
Early stopping at step 1 due to reaching max kl: 0.03
-----------------------------------------
| rollout/                |             |
|    ep_len_mean          | 784         |
|    ep_rew_mean          | 1.9e+03     |
| time/                   |             |
|    fps                  | 2601        |
|    iterations           | 565         |
|    time_elapsed         | 1778        |
|    total_timesteps      | 4628480     |
| train/                  |             |
|    approx_kl            | 0.018585473 |
|    clip_fraction        | 0.203       |
|    clip_range           | 0.2         |
|    entropy_loss         | -3.95       |
|    explained_variance   | 0.442       |
|    learning_rate        | 0.000115    |
|    loss                 | 0.0588      |
|    n_updates            | 746         |
|    policy_gradient_loss | -0.00171    |
|    std                  | 0.396       |
|    value_loss           | 0.0493      |
-----------------------------------------
Early stopping at step 1 due to reaching max kl: 0.03
-----------------------------------------
| rollout/                |             |
|    ep_len_mean          | 777         |
|    ep_rew_mean          | 1.88e+03    |
| time/                   |             |
|    fps                  | 2601        |
|    iterations           | 566         |
|    time_elapsed         | 1782        |
|    total_timesteps      | 4636672     |
| train/                  |             |
|    approx_kl            | 0.015200076 |
|    clip_fraction        | 0.163       |
|    clip_range           | 0.2         |
|    entropy_loss         | -3.93       |
|    explained_variance   | 0.431       |
|    learning_rate        | 0.000115    |
|    loss                 | -0.00498    |
|    n_updates            | 748         |
|    policy_gradient_loss | 0.0018      |
|    std                  | 0.396       |
|    value_loss           | 0.0346      |
-----------------------------------------
Early stopping at step 1 due to reaching max kl: 0.03
-----------------------------------------
| rollout/                |             |
|    ep_len_mean          | 760         |
|    ep_rew_mean          | 1.85e+03    |
| time/                   |             |
|    fps                  | 2601        |
|    iterations           | 567         |
|    time_elapsed         | 1785        |
|    total_timesteps      | 4644864     |
| train/                  |             |
|    approx_kl            | 0.018664138 |
|    clip_fraction        | 0.202       |
|    clip_range           | 0.2         |
|    entropy_loss         | -3.92       |
|    explained_variance   | 0.422       |
|    learning_rate        | 0.000115    |
|    loss                 | 0.0133      |
|    n_updates            | 750         |
|    policy_gradient_loss | -0.00061    |
|    std                  | 0.396       |
|    value_loss           | 0.06        |
-----------------------------------------
Early stopping at step 1 due to reaching max kl: 0.03
-----------------------------------------
| rollout/                |             |
|    ep_len_mean          | 759         |
|    ep_rew_mean          | 1.85e+03    |
| time/                   |             |
|    fps                  | 2601        |
|    iterations           | 568         |
|    time_elapsed         | 1788        |
|    total_timesteps      | 4653056     |
| train/                  |             |
|    approx_kl            | 0.021047967 |
|    clip_fraction        | 0.167       |
|    clip_range           | 0.2         |
|    entropy_loss         | -3.92       |
|    explained_variance   | 0.337       |
|    learning_rate        | 0.000114    |
|    loss                 | -0.0205     |
|    n_updates            | 752         |
|    policy_gradient_loss | 0.00424     |
|    std                  | 0.395       |
|    value_loss           | 0.0824      |
-----------------------------------------
Early stopping at step 1 due to reaching max kl: 0.03
-----------------------------------------
| rollout/                |             |
|    ep_len_mean          | 771         |
|    ep_rew_mean          | 1.88e+03    |
| time/                   |             |
|    fps                  | 2601        |
|    iterations           | 569         |
|    time_elapsed         | 1791        |
|    total_timesteps      | 4661248     |
| train/                  |             |
|    approx_kl            | 0.017278153 |
|    clip_fraction        | 0.17        |
|    clip_range           | 0.2         |
|    entropy_loss         | -3.92       |
|    explained_variance   | 0.331       |
|    learning_rate        | 0.000114    |
|    loss                 | 0.0615      |
|    n_updates            | 754         |
|    policy_gradient_loss | 0.00233     |
|    std                  | 0.395       |
|    value_loss           | 0.106       |
-----------------------------------------
Early stopping at step 2 due to reaching max kl: 0.04
-----------------------------------------
| rollout/                |             |
|    ep_len_mean          | 785         |
|    ep_rew_mean          | 1.91e+03    |
| time/                   |             |
|    fps                  | 2600        |
|    iterations           | 570         |
|    time_elapsed         | 1795        |
|    total_timesteps      | 4669440     |
| train/                  |             |
|    approx_kl            | 0.020378577 |
|    clip_fraction        | 0.228       |
|    clip_range           | 0.2         |
|    entropy_loss         | -3.9        |
|    explained_variance   | 0.433       |
|    learning_rate        | 0.000114    |
|    loss                 | -0.00852    |
|    n_updates            | 757         |
|    policy_gradient_loss | -0.00467    |
|    std                  | 0.394       |
|    value_loss           | 0.0428      |
-----------------------------------------
Early stopping at step 2 due to reaching max kl: 0.03
-----------------------------------------
| rollout/                |             |
|    ep_len_mean          | 797         |
|    ep_rew_mean          | 1.95e+03    |
| time/                   |             |
|    fps                  | 2600        |
|    iterations           | 571         |
|    time_elapsed         | 1798        |
|    total_timesteps      | 4677632     |
| train/                  |             |
|    approx_kl            | 0.021226013 |
|    clip_fraction        | 0.206       |
|    clip_range           | 0.2         |
|    entropy_loss         | -3.87       |
|    explained_variance   | 0.298       |
|    learning_rate        | 0.000113    |
|    loss                 | -0.0234     |
|    n_updates            | 760         |
|    policy_gradient_loss | -0.00523    |
|    std                  | 0.393       |
|    value_loss           | 0.0237      |
-----------------------------------------
Early stopping at step 2 due to reaching max kl: 0.03
[Progress] Training 4/6: 4,678,776/5,000,000 steps (93.6%); 2 full runs remain afterward; rough training ETA 1h 06m.
-----------------------------------------
| rollout/                |             |
|    ep_len_mean          | 769         |
|    ep_rew_mean          | 1.88e+03    |
| time/                   |             |
|    fps                  | 2599        |
|    iterations           | 572         |
|    time_elapsed         | 1802        |
|    total_timesteps      | 4685824     |
| train/                  |             |
|    approx_kl            | 0.020439109 |
|    clip_fraction        | 0.207       |
|    clip_range           | 0.2         |
|    entropy_loss         | -3.85       |
|    explained_variance   | 0.598       |
|    learning_rate        | 0.000113    |
|    loss                 | 0.00558     |
|    n_updates            | 763         |
|    policy_gradient_loss | -0.00448    |
|    std                  | 0.391       |
|    value_loss           | 0.0309      |
-----------------------------------------
Early stopping at step 0 due to reaching max kl: 0.03
-----------------------------------------
| rollout/                |             |
|    ep_len_mean          | 752         |
|    ep_rew_mean          | 1.84e+03    |
| time/                   |             |
|    fps                  | 2599        |
|    iterations           | 573         |
|    time_elapsed         | 1805        |
|    total_timesteps      | 4694016     |
| train/                  |             |
|    approx_kl            | 0.011289347 |
|    clip_fraction        | 0.155       |
|    clip_range           | 0.2         |
|    entropy_loss         | -3.83       |
|    explained_variance   | 0.308       |
|    learning_rate        | 0.000113    |
|    loss                 | 0.0625      |
|    n_updates            | 764         |
|    policy_gradient_loss | 0.00651     |
|    std                  | 0.391       |
|    value_loss           | 0.139       |
-----------------------------------------
Early stopping at step 0 due to reaching max kl: 0.03
------------------------------------------
| rollout/                |              |
|    ep_len_mean          | 724          |
|    ep_rew_mean          | 1.77e+03     |
| time/                   |              |
|    fps                  | 2599         |
|    iterations           | 574          |
|    time_elapsed         | 1808         |
|    total_timesteps      | 4702208      |
| train/                  |              |
|    approx_kl            | 0.0081513245 |
|    clip_fraction        | 0.105        |
|    clip_range           | 0.2          |
|    entropy_loss         | -3.83        |
|    explained_variance   | 0.421        |
|    learning_rate        | 0.000112     |
|    loss                 | 0.0703       |
|    n_updates            | 765          |
|    policy_gradient_loss | 0.00168      |
|    std                  | 0.391        |
|    value_loss           | 0.076        |
------------------------------------------
Early stopping at step 1 due to reaching max kl: 0.03
-----------------------------------------
| rollout/                |             |
|    ep_len_mean          | 732         |
|    ep_rew_mean          | 1.8e+03     |
| time/                   |             |
|    fps                  | 2599        |
|    iterations           | 575         |
|    time_elapsed         | 1811        |
|    total_timesteps      | 4710400     |
| train/                  |             |
|    approx_kl            | 0.019410988 |
|    clip_fraction        | 0.166       |
|    clip_range           | 0.2         |
|    entropy_loss         | -3.82       |
|    explained_variance   | 0.4         |
|    learning_rate        | 0.000112    |
|    loss                 | 0.0225      |
|    n_updates            | 767         |
|    policy_gradient_loss | 0.00216     |
|    std                  | 0.391       |
|    value_loss           | 0.0934      |
-----------------------------------------
Early stopping at step 1 due to reaching max kl: 0.03
-----------------------------------------
| rollout/                |             |
|    ep_len_mean          | 747         |
|    ep_rew_mean          | 1.84e+03    |
| time/                   |             |
|    fps                  | 2599        |
|    iterations           | 576         |
|    time_elapsed         | 1815        |
|    total_timesteps      | 4718592     |
| train/                  |             |
|    approx_kl            | 0.017678685 |
|    clip_fraction        | 0.198       |
|    clip_range           | 0.2         |
|    entropy_loss         | -3.81       |
|    explained_variance   | 0.314       |
|    learning_rate        | 0.000112    |
|    loss                 | -0.00746    |
|    n_updates            | 769         |
|    policy_gradient_loss | -0.00301    |
|    std                  | 0.39        |
|    value_loss           | 0.0514      |
-----------------------------------------
Early stopping at step 0 due to reaching max kl: 0.04
-----------------------------------------
| rollout/                |             |
|    ep_len_mean          | 769         |
|    ep_rew_mean          | 1.89e+03    |
| time/                   |             |
|    fps                  | 2599        |
|    iterations           | 577         |
|    time_elapsed         | 1818        |
|    total_timesteps      | 4726784     |
| train/                  |             |
|    approx_kl            | 0.009042892 |
|    clip_fraction        | 0.122       |
|    clip_range           | 0.2         |
|    entropy_loss         | -3.8        |
|    explained_variance   | 0.408       |
|    learning_rate        | 0.000111    |
|    loss                 | 0.0361      |
|    n_updates            | 770         |
|    policy_gradient_loss | 0.00329     |
|    std                  | 0.389       |
|    value_loss           | 0.0576      |
-----------------------------------------
Early stopping at step 1 due to reaching max kl: 0.03
----------------------------------------
| rollout/                |            |
|    ep_len_mean          | 779        |
|    ep_rew_mean          | 1.91e+03   |
| time/                   |            |
|    fps                  | 2599       |
|    iterations           | 578        |
|    time_elapsed         | 1821       |
|    total_timesteps      | 4734976    |
| train/                  |            |
|    approx_kl            | 0.01852562 |
|    clip_fraction        | 0.186      |
|    clip_range           | 0.2        |
|    entropy_loss         | -3.79      |
|    explained_variance   | 0.431      |
|    learning_rate        | 0.000111   |
|    loss                 | -0.0135    |
|    n_updates            | 772        |
|    policy_gradient_loss | -0.000501  |
|    std                  | 0.389      |
|    value_loss           | 0.0223     |
----------------------------------------
Early stopping at step 1 due to reaching max kl: 0.03
-----------------------------------------
| rollout/                |             |
|    ep_len_mean          | 768         |
|    ep_rew_mean          | 1.88e+03    |
| time/                   |             |
|    fps                  | 2599        |
|    iterations           | 579         |
|    time_elapsed         | 1824        |
|    total_timesteps      | 4743168     |
| train/                  |             |
|    approx_kl            | 0.018091304 |
|    clip_fraction        | 0.187       |
|    clip_range           | 0.2         |
|    entropy_loss         | -3.77       |
|    explained_variance   | 0.322       |
|    learning_rate        | 0.000111    |
|    loss                 | 0.0047      |
|    n_updates            | 774         |
|    policy_gradient_loss | -0.00248    |
|    std                  | 0.388       |
|    value_loss           | 0.0235      |
-----------------------------------------
Early stopping at step 1 due to reaching max kl: 0.03
-----------------------------------------
| rollout/                |             |
|    ep_len_mean          | 778         |
|    ep_rew_mean          | 1.9e+03     |
| time/                   |             |
|    fps                  | 2598        |
|    iterations           | 580         |
|    time_elapsed         | 1828        |
|    total_timesteps      | 4751360     |
| train/                  |             |
|    approx_kl            | 0.018616632 |
|    clip_fraction        | 0.203       |
|    clip_range           | 0.2         |
|    entropy_loss         | -3.75       |
|    explained_variance   | 0.326       |
|    learning_rate        | 0.00011     |
|    loss                 | -0.0435     |
|    n_updates            | 776         |
|    policy_gradient_loss | -0.00241    |
|    std                  | 0.386       |
|    value_loss           | 0.0284      |
-----------------------------------------
Early stopping at step 1 due to reaching max kl: 0.03
-----------------------------------------
| rollout/                |             |
|    ep_len_mean          | 787         |
|    ep_rew_mean          | 1.93e+03    |
| time/                   |             |
|    fps                  | 2598        |
|    iterations           | 581         |
|    time_elapsed         | 1831        |
|    total_timesteps      | 4759552     |
| train/                  |             |
|    approx_kl            | 0.017356085 |
|    clip_fraction        | 0.175       |
|    clip_range           | 0.2         |
|    entropy_loss         | -3.72       |
|    explained_variance   | 0.399       |
|    learning_rate        | 0.00011     |
|    loss                 | 0.00717     |
|    n_updates            | 778         |
|    policy_gradient_loss | -0.00336    |
|    std                  | 0.385       |
|    value_loss           | 0.00542     |
-----------------------------------------
Early stopping at step 1 due to reaching max kl: 0.03
-----------------------------------------
| rollout/                |             |
|    ep_len_mean          | 828         |
|    ep_rew_mean          | 2.03e+03    |
| time/                   |             |
|    fps                  | 2598        |
|    iterations           | 582         |
|    time_elapsed         | 1834        |
|    total_timesteps      | 4767744     |
| train/                  |             |
|    approx_kl            | 0.018193295 |
|    clip_fraction        | 0.189       |
|    clip_range           | 0.2         |
|    entropy_loss         | -3.7        |
|    explained_variance   | 0.337       |
|    learning_rate        | 0.00011     |
|    loss                 | 0.0273      |
|    n_updates            | 780         |
|    policy_gradient_loss | 0.00141     |
|    std                  | 0.385       |
|    value_loss           | 0.0321      |
-----------------------------------------
Early stopping at step 2 due to reaching max kl: 0.03
----------------------------------------
| rollout/                |            |
|    ep_len_mean          | 847        |
|    ep_rew_mean          | 2.08e+03   |
| time/                   |            |
|    fps                  | 2598       |
|    iterations           | 583        |
|    time_elapsed         | 1838       |
|    total_timesteps      | 4775936    |
| train/                  |            |
|    approx_kl            | 0.02173946 |
|    clip_fraction        | 0.194      |
|    clip_range           | 0.2        |
|    entropy_loss         | -3.69      |
|    explained_variance   | 0.336      |
|    learning_rate        | 0.000109   |
|    loss                 | -0.00277   |
|    n_updates            | 783        |
|    policy_gradient_loss | -0.00141   |
|    std                  | 0.384      |
|    value_loss           | 0.0296     |
----------------------------------------
Early stopping at step 1 due to reaching max kl: 0.03
-----------------------------------------
| rollout/                |             |
|    ep_len_mean          | 865         |
|    ep_rew_mean          | 2.13e+03    |
| time/                   |             |
|    fps                  | 2597        |
|    iterations           | 584         |
|    time_elapsed         | 1841        |
|    total_timesteps      | 4784128     |
| train/                  |             |
|    approx_kl            | 0.020939723 |
|    clip_fraction        | 0.187       |
|    clip_range           | 0.2         |
|    entropy_loss         | -3.68       |
|    explained_variance   | 0.107       |
|    learning_rate        | 0.000109    |
|    loss                 | -0.00294    |
|    n_updates            | 785         |
|    policy_gradient_loss | 0.00146     |
|    std                  | 0.384       |
|    value_loss           | 0.0616      |
-----------------------------------------
Early stopping at step 3 due to reaching max kl: 0.03
-----------------------------------------
| rollout/                |             |
|    ep_len_mean          | 864         |
|    ep_rew_mean          | 2.13e+03    |
| time/                   |             |
|    fps                  | 2597        |
|    iterations           | 585         |
|    time_elapsed         | 1845        |
|    total_timesteps      | 4792320     |
| train/                  |             |
|    approx_kl            | 0.024192821 |
|    clip_fraction        | 0.229       |
|    clip_range           | 0.2         |
|    entropy_loss         | -3.66       |
|    explained_variance   | -0.268      |
|    learning_rate        | 0.000109    |
|    loss                 | -0.0314     |
|    n_updates            | 789         |
|    policy_gradient_loss | -0.0086     |
|    std                  | 0.382       |
|    value_loss           | 0.00797     |
-----------------------------------------
Early stopping at step 0 due to reaching max kl: 0.03
-----------------------------------------
| rollout/                |             |
|    ep_len_mean          | 851         |
|    ep_rew_mean          | 2.11e+03    |
| time/                   |             |
|    fps                  | 2597        |
|    iterations           | 586         |
|    time_elapsed         | 1848        |
|    total_timesteps      | 4800512     |
| train/                  |             |
|    approx_kl            | 0.009495153 |
|    clip_fraction        | 0.131       |
|    clip_range           | 0.2         |
|    entropy_loss         | -3.64       |
|    explained_variance   | 0.204       |
|    learning_rate        | 0.000108    |
|    loss                 | 0.218       |
|    n_updates            | 790         |
|    policy_gradient_loss | 0.00247     |
|    std                  | 0.382       |
|    value_loss           | 0.0717      |
-----------------------------------------
Early stopping at step 1 due to reaching max kl: 0.03
-----------------------------------------
| rollout/                |             |
|    ep_len_mean          | 842         |
|    ep_rew_mean          | 2.09e+03    |
| time/                   |             |
|    fps                  | 2596        |
|    iterations           | 587         |
|    time_elapsed         | 1851        |
|    total_timesteps      | 4808704     |
| train/                  |             |
|    approx_kl            | 0.018860955 |
|    clip_fraction        | 0.206       |
|    clip_range           | 0.2         |
|    entropy_loss         | -3.64       |
|    explained_variance   | 0.201       |
|    learning_rate        | 0.000108    |
|    loss                 | -0.0176     |
|    n_updates            | 792         |
|    policy_gradient_loss | 0.000746    |
|    std                  | 0.382       |
|    value_loss           | 0.079       |
-----------------------------------------
Early stopping at step 0 due to reaching max kl: 0.03
-----------------------------------------
| rollout/                |             |
|    ep_len_mean          | 821         |
|    ep_rew_mean          | 2.04e+03    |
| time/                   |             |
|    fps                  | 2597        |
|    iterations           | 588         |
|    time_elapsed         | 1854        |
|    total_timesteps      | 4816896     |
| train/                  |             |
|    approx_kl            | 0.011932199 |
|    clip_fraction        | 0.157       |
|    clip_range           | 0.2         |
|    entropy_loss         | -3.63       |
|    explained_variance   | 0.307       |
|    learning_rate        | 0.000108    |
|    loss                 | 0.0655      |
|    n_updates            | 793         |
|    policy_gradient_loss | 0.00268     |
|    std                  | 0.382       |
|    value_loss           | 0.0791      |
-----------------------------------------
Early stopping at step 1 due to reaching max kl: 0.04
-----------------------------------------
| rollout/                |             |
|    ep_len_mean          | 817         |
|    ep_rew_mean          | 2.04e+03    |
| time/                   |             |
|    fps                  | 2596        |
|    iterations           | 589         |
|    time_elapsed         | 1858        |
|    total_timesteps      | 4825088     |
| train/                  |             |
|    approx_kl            | 0.019126333 |
|    clip_fraction        | 0.19        |
|    clip_range           | 0.2         |
|    entropy_loss         | -3.63       |
|    explained_variance   | 0.312       |
|    learning_rate        | 0.000107    |
|    loss                 | 0.11        |
|    n_updates            | 795         |
|    policy_gradient_loss | 0.00147     |
|    std                  | 0.381       |
|    value_loss           | 0.0511      |
-----------------------------------------
Early stopping at step 1 due to reaching max kl: 0.03
-----------------------------------------
| rollout/                |             |
|    ep_len_mean          | 793         |
|    ep_rew_mean          | 1.99e+03    |
| time/                   |             |
|    fps                  | 2596        |
|    iterations           | 590         |
|    time_elapsed         | 1861        |
|    total_timesteps      | 4833280     |
| train/                  |             |
|    approx_kl            | 0.018881805 |
|    clip_fraction        | 0.15        |
|    clip_range           | 0.2         |
|    entropy_loss         | -3.61       |
|    explained_variance   | 0.287       |
|    learning_rate        | 0.000107    |
|    loss                 | -0.0011     |
|    n_updates            | 797         |
|    policy_gradient_loss | 0.00445     |
|    std                  | 0.38        |
|    value_loss           | 0.0682      |
-----------------------------------------
Early stopping at step 0 due to reaching max kl: 0.04
-----------------------------------------
| rollout/                |             |
|    ep_len_mean          | 776         |
|    ep_rew_mean          | 1.94e+03    |
| time/                   |             |
|    fps                  | 2596        |
|    iterations           | 591         |
|    time_elapsed         | 1864        |
|    total_timesteps      | 4841472     |
| train/                  |             |
|    approx_kl            | 0.010918284 |
|    clip_fraction        | 0.148       |
|    clip_range           | 0.2         |
|    entropy_loss         | -3.61       |
|    explained_variance   | 0.252       |
|    learning_rate        | 0.000107    |
|    loss                 | 0.0562      |
|    n_updates            | 798         |
|    policy_gradient_loss | 0.00302     |
|    std                  | 0.38        |
|    value_loss           | 0.0553      |
-----------------------------------------
Early stopping at step 1 due to reaching max kl: 0.03
-----------------------------------------
| rollout/                |             |
|    ep_len_mean          | 767         |
|    ep_rew_mean          | 1.92e+03    |
| time/                   |             |
|    fps                  | 2596        |
|    iterations           | 592         |
|    time_elapsed         | 1867        |
|    total_timesteps      | 4849664     |
| train/                  |             |
|    approx_kl            | 0.017431164 |
|    clip_fraction        | 0.165       |
|    clip_range           | 0.2         |
|    entropy_loss         | -3.6        |
|    explained_variance   | 0.293       |
|    learning_rate        | 0.000106    |
|    loss                 | 0.0762      |
|    n_updates            | 800         |
|    policy_gradient_loss | 0.00391     |
|    std                  | 0.38        |
|    value_loss           | 0.0581      |
-----------------------------------------
Early stopping at step 1 due to reaching max kl: 0.03
-----------------------------------------
| rollout/                |             |
|    ep_len_mean          | 737         |
|    ep_rew_mean          | 1.85e+03    |
| time/                   |             |
|    fps                  | 2596        |
|    iterations           | 593         |
|    time_elapsed         | 1870        |
|    total_timesteps      | 4857856     |
| train/                  |             |
|    approx_kl            | 0.019880041 |
|    clip_fraction        | 0.198       |
|    clip_range           | 0.2         |
|    entropy_loss         | -3.59       |
|    explained_variance   | 0.228       |
|    learning_rate        | 0.000106    |
|    loss                 | 0.0361      |
|    n_updates            | 802         |
|    policy_gradient_loss | -0.000701   |
|    std                  | 0.379       |
|    value_loss           | 0.0662      |
-----------------------------------------
Early stopping at step 0 due to reaching max kl: 0.03
----------------------------------------
| rollout/                |            |
|    ep_len_mean          | 721        |
|    ep_rew_mean          | 1.8e+03    |
| time/                   |            |
|    fps                  | 2596       |
|    iterations           | 594        |
|    time_elapsed         | 1873       |
|    total_timesteps      | 4866048    |
| train/                  |            |
|    approx_kl            | 0.01046318 |
|    clip_fraction        | 0.142      |
|    clip_range           | 0.2        |
|    entropy_loss         | -3.58      |
|    explained_variance   | 0.321      |
|    learning_rate        | 0.000106   |
|    loss                 | 0.0157     |
|    n_updates            | 803        |
|    policy_gradient_loss | 0.00636    |
|    std                  | 0.379      |
|    value_loss           | 0.0828     |
----------------------------------------
Early stopping at step 0 due to reaching max kl: 0.03
-----------------------------------------
| rollout/                |             |
|    ep_len_mean          | 733         |
|    ep_rew_mean          | 1.83e+03    |
| time/                   |             |
|    fps                  | 2596        |
|    iterations           | 595         |
|    time_elapsed         | 1877        |
|    total_timesteps      | 4874240     |
| train/                  |             |
|    approx_kl            | 0.010835778 |
|    clip_fraction        | 0.147       |
|    clip_range           | 0.2         |
|    entropy_loss         | -3.58       |
|    explained_variance   | 0.312       |
|    learning_rate        | 0.000105    |
|    loss                 | 0.0544      |
|    n_updates            | 804         |
|    policy_gradient_loss | 0.00265     |
|    std                  | 0.379       |
|    value_loss           | 0.0951      |
-----------------------------------------
Early stopping at step 1 due to reaching max kl: 0.03
-----------------------------------------
| rollout/                |             |
|    ep_len_mean          | 745         |
|    ep_rew_mean          | 1.86e+03    |
| time/                   |             |
|    fps                  | 2596        |
|    iterations           | 596         |
|    time_elapsed         | 1880        |
|    total_timesteps      | 4882432     |
| train/                  |             |
|    approx_kl            | 0.020263132 |
|    clip_fraction        | 0.181       |
|    clip_range           | 0.2         |
|    entropy_loss         | -3.57       |
|    explained_variance   | 0.285       |
|    learning_rate        | 0.000105    |
|    loss                 | -0.0224     |
|    n_updates            | 806         |
|    policy_gradient_loss | -0.000959   |
|    std                  | 0.378       |
|    value_loss           | 0.0506      |
-----------------------------------------
Early stopping at step 1 due to reaching max kl: 0.03
----------------------------------------
| rollout/                |            |
|    ep_len_mean          | 748        |
|    ep_rew_mean          | 1.87e+03   |
| time/                   |            |
|    fps                  | 2596       |
|    iterations           | 597        |
|    time_elapsed         | 1883       |
|    total_timesteps      | 4890624    |
| train/                  |            |
|    approx_kl            | 0.01770772 |
|    clip_fraction        | 0.185      |
|    clip_range           | 0.2        |
|    entropy_loss         | -3.55      |
|    explained_variance   | 0.355      |
|    learning_rate        | 0.000105   |
|    loss                 | -0.0211    |
|    n_updates            | 808        |
|    policy_gradient_loss | -0.00222   |
|    std                  | 0.377      |
|    value_loss           | 0.0194     |
----------------------------------------
Early stopping at step 1 due to reaching max kl: 0.03
-----------------------------------------
| rollout/                |             |
|    ep_len_mean          | 743         |
|    ep_rew_mean          | 1.86e+03    |
| time/                   |             |
|    fps                  | 2596        |
|    iterations           | 598         |
|    time_elapsed         | 1886        |
|    total_timesteps      | 4898816     |
| train/                  |             |
|    approx_kl            | 0.019236052 |
|    clip_fraction        | 0.194       |
|    clip_range           | 0.2         |
|    entropy_loss         | -3.54       |
|    explained_variance   | 0.198       |
|    learning_rate        | 0.000104    |
|    loss                 | 0.0241      |
|    n_updates            | 810         |
|    policy_gradient_loss | -0.001      |
|    std                  | 0.377       |
|    value_loss           | 0.0402      |
-----------------------------------------
Early stopping at step 1 due to reaching max kl: 0.03
-----------------------------------------
| rollout/                |             |
|    ep_len_mean          | 747         |
|    ep_rew_mean          | 1.87e+03    |
| time/                   |             |
|    fps                  | 2595        |
|    iterations           | 599         |
|    time_elapsed         | 1890        |
|    total_timesteps      | 4907008     |
| train/                  |             |
|    approx_kl            | 0.016483858 |
|    clip_fraction        | 0.164       |
|    clip_range           | 0.2         |
|    entropy_loss         | -3.53       |
|    explained_variance   | 0.238       |
|    learning_rate        | 0.000104    |
|    loss                 | 0.0541      |
|    n_updates            | 812         |
|    policy_gradient_loss | -3.4e-05    |
|    std                  | 0.377       |
|    value_loss           | 0.0469      |
-----------------------------------------
Early stopping at step 1 due to reaching max kl: 0.03
----------------------------------------
| rollout/                |            |
|    ep_len_mean          | 767        |
|    ep_rew_mean          | 1.92e+03   |
| time/                   |            |
|    fps                  | 2595       |
|    iterations           | 600        |
|    time_elapsed         | 1893       |
|    total_timesteps      | 4915200    |
| train/                  |            |
|    approx_kl            | 0.01925598 |
|    clip_fraction        | 0.165      |
|    clip_range           | 0.2        |
|    entropy_loss         | -3.53      |
|    explained_variance   | 0.25       |
|    learning_rate        | 0.000104   |
|    loss                 | 0.0149     |
|    n_updates            | 814        |
|    policy_gradient_loss | 0.00224    |
|    std                  | 0.376      |
|    value_loss           | 0.0798     |
----------------------------------------
Early stopping at step 1 due to reaching max kl: 0.03
-----------------------------------------
| rollout/                |             |
|    ep_len_mean          | 781         |
|    ep_rew_mean          | 1.95e+03    |
| time/                   |             |
|    fps                  | 2595        |
|    iterations           | 601         |
|    time_elapsed         | 1896        |
|    total_timesteps      | 4923392     |
| train/                  |             |
|    approx_kl            | 0.017646262 |
|    clip_fraction        | 0.161       |
|    clip_range           | 0.2         |
|    entropy_loss         | -3.52       |
|    explained_variance   | 0.397       |
|    learning_rate        | 0.000103    |
|    loss                 | -0.00117    |
|    n_updates            | 816         |
|    policy_gradient_loss | 0.00221     |
|    std                  | 0.376       |
|    value_loss           | 0.0186      |
-----------------------------------------
Early stopping at step 1 due to reaching max kl: 0.03
----------------------------------------
| rollout/                |            |
|    ep_len_mean          | 782        |
|    ep_rew_mean          | 1.96e+03   |
| time/                   |            |
|    fps                  | 2595       |
|    iterations           | 602        |
|    time_elapsed         | 1899       |
|    total_timesteps      | 4931584    |
| train/                  |            |
|    approx_kl            | 0.01875158 |
|    clip_fraction        | 0.185      |
|    clip_range           | 0.2        |
|    entropy_loss         | -3.5       |
|    explained_variance   | 0.39       |
|    learning_rate        | 0.000103   |
|    loss                 | 0.00906    |
|    n_updates            | 818        |
|    policy_gradient_loss | -0.0015    |
|    std                  | 0.375      |
|    value_loss           | 0.0335     |
----------------------------------------
Early stopping at step 1 due to reaching max kl: 0.03
-----------------------------------------
| rollout/                |             |
|    ep_len_mean          | 784         |
|    ep_rew_mean          | 1.97e+03    |
| time/                   |             |
|    fps                  | 2595        |
|    iterations           | 603         |
|    time_elapsed         | 1903        |
|    total_timesteps      | 4939776     |
| train/                  |             |
|    approx_kl            | 0.018396702 |
|    clip_fraction        | 0.181       |
|    clip_range           | 0.2         |
|    entropy_loss         | -3.5        |
|    explained_variance   | 0.304       |
|    learning_rate        | 0.000103    |
|    loss                 | 0.0182      |
|    n_updates            | 820         |
|    policy_gradient_loss | -0.00064    |
|    std                  | 0.375       |
|    value_loss           | 0.0732      |
-----------------------------------------
Early stopping at step 1 due to reaching max kl: 0.03
---------------------------------------
| rollout/                |           |
|    ep_len_mean          | 807       |
|    ep_rew_mean          | 2.02e+03  |
| time/                   |           |
|    fps                  | 2595      |
|    iterations           | 604       |
|    time_elapsed         | 1906      |
|    total_timesteps      | 4947968   |
| train/                  |           |
|    approx_kl            | 0.0187999 |
|    clip_fraction        | 0.188     |
|    clip_range           | 0.2       |
|    entropy_loss         | -3.49     |
|    explained_variance   | 0.311     |
|    learning_rate        | 0.000102  |
|    loss                 | 0.03      |
|    n_updates            | 822       |
|    policy_gradient_loss | 0.000629  |
|    std                  | 0.375     |
|    value_loss           | 0.0672    |
---------------------------------------
Early stopping at step 2 due to reaching max kl: 0.03
-----------------------------------------
| rollout/                |             |
|    ep_len_mean          | 803         |
|    ep_rew_mean          | 2.02e+03    |
| time/                   |             |
|    fps                  | 2594        |
|    iterations           | 605         |
|    time_elapsed         | 1910        |
|    total_timesteps      | 4956160     |
| train/                  |             |
|    approx_kl            | 0.020068597 |
|    clip_fraction        | 0.206       |
|    clip_range           | 0.2         |
|    entropy_loss         | -3.47       |
|    explained_variance   | 0.342       |
|    learning_rate        | 0.000102    |
|    loss                 | 0.0357      |
|    n_updates            | 825         |
|    policy_gradient_loss | -0.00678    |
|    std                  | 0.374       |
|    value_loss           | 0.0221      |
-----------------------------------------
Early stopping at step 1 due to reaching max kl: 0.03
-----------------------------------------
| rollout/                |             |
|    ep_len_mean          | 800         |
|    ep_rew_mean          | 2.01e+03    |
| time/                   |             |
|    fps                  | 2594        |
|    iterations           | 606         |
|    time_elapsed         | 1913        |
|    total_timesteps      | 4964352     |
| train/                  |             |
|    approx_kl            | 0.018125422 |
|    clip_fraction        | 0.152       |
|    clip_range           | 0.2         |
|    entropy_loss         | -3.46       |
|    explained_variance   | 0.31        |
|    learning_rate        | 0.000102    |
|    loss                 | -0.0117     |
|    n_updates            | 827         |
|    policy_gradient_loss | 0.00573     |
|    std                  | 0.373       |
|    value_loss           | 0.0661      |
-----------------------------------------
Early stopping at step 2 due to reaching max kl: 0.03
-----------------------------------------
| rollout/                |             |
|    ep_len_mean          | 803         |
|    ep_rew_mean          | 2.02e+03    |
| time/                   |             |
|    fps                  | 2594        |
|    iterations           | 607         |
|    time_elapsed         | 1916        |
|    total_timesteps      | 4972544     |
| train/                  |             |
|    approx_kl            | 0.020268181 |
|    clip_fraction        | 0.209       |
|    clip_range           | 0.2         |
|    entropy_loss         | -3.44       |
|    explained_variance   | 0.355       |
|    learning_rate        | 0.000101    |
|    loss                 | -0.0129     |
|    n_updates            | 830         |
|    policy_gradient_loss | -0.00633    |
|    std                  | 0.371       |
|    value_loss           | 0.0378      |
-----------------------------------------
Early stopping at step 1 due to reaching max kl: 0.03
-----------------------------------------
| rollout/                |             |
|    ep_len_mean          | 812         |
|    ep_rew_mean          | 2.04e+03    |
| time/                   |             |
|    fps                  | 2593        |
|    iterations           | 608         |
|    time_elapsed         | 1920        |
|    total_timesteps      | 4980736     |
| train/                  |             |
|    approx_kl            | 0.019407555 |
|    clip_fraction        | 0.19        |
|    clip_range           | 0.2         |
|    entropy_loss         | -3.41       |
|    explained_variance   | 0.297       |
|    learning_rate        | 0.000101    |
|    loss                 | 0.0675      |
|    n_updates            | 832         |
|    policy_gradient_loss | -0.0005     |
|    std                  | 0.371       |
|    value_loss           | 0.0601      |
-----------------------------------------
Early stopping at step 1 due to reaching max kl: 0.03
-----------------------------------------
| rollout/                |             |
|    ep_len_mean          | 803         |
|    ep_rew_mean          | 2.02e+03    |
| time/                   |             |
|    fps                  | 2593        |
|    iterations           | 609         |
|    time_elapsed         | 1923        |
|    total_timesteps      | 4988928     |
| train/                  |             |
|    approx_kl            | 0.017322877 |
|    clip_fraction        | 0.188       |
|    clip_range           | 0.2         |
|    entropy_loss         | -3.4        |
|    explained_variance   | 0.233       |
|    learning_rate        | 0.000101    |
|    loss                 | -0.00583    |
|    n_updates            | 834         |
|    policy_gradient_loss | 0.000519    |
|    std                  | 0.37        |
|    value_loss           | 0.0506      |
-----------------------------------------
Early stopping at step 1 due to reaching max kl: 0.03
-----------------------------------------
| rollout/                |             |
|    ep_len_mean          | 809         |
|    ep_rew_mean          | 2.03e+03    |
| time/                   |             |
|    fps                  | 2593        |
|    iterations           | 610         |
|    time_elapsed         | 1926        |
|    total_timesteps      | 4997120     |
| train/                  |             |
|    approx_kl            | 0.018643586 |
|    clip_fraction        | 0.191       |
|    clip_range           | 0.2         |
|    entropy_loss         | -3.39       |
|    explained_variance   | 0.26        |
|    learning_rate        | 0.0001      |
|    loss                 | 0.0426      |
|    n_updates            | 836         |
|    policy_gradient_loss | 0.00283     |
|    std                  | 0.37        |
|    value_loss           | 0.121       |
-----------------------------------------
Early stopping at step 1 due to reaching max kl: 0.03
-----------------------------------------
| rollout/                |             |
|    ep_len_mean          | 809         |
|    ep_rew_mean          | 2.03e+03    |
| time/                   |             |
|    fps                  | 2593        |
|    iterations           | 611         |
|    time_elapsed         | 1929        |
|    total_timesteps      | 5005312     |
| train/                  |             |
|    approx_kl            | 0.017959336 |
|    clip_fraction        | 0.149       |
|    clip_range           | 0.2         |
|    entropy_loss         | -3.39       |
|    explained_variance   | 0.449       |
|    learning_rate        | 0.0001      |
|    loss                 | -0.0133     |
|    n_updates            | 838         |
|    policy_gradient_loss | 0.000567    |
|    std                  | 0.37        |
|    value_loss           | 0.0215      |
-----------------------------------------
Early stopping at step 1 due to reaching max kl: 0.03
-----------------------------------------
| train/                  |             |
|    approx_kl            | 0.019028703 |
|    clip_fraction        | 0.192       |
|    clip_range           | 0.2         |
|    entropy_loss         | -3.37       |
|    explained_variance   | 0.231       |
|    learning_rate        | 9.98e-05    |
|    loss                 | 0.145       |
|    n_updates            | 840         |
|    policy_gradient_loss | -0.00195    |
|    std                  | 0.369       |
|    value_loss           | 0.0744      |
-----------------------------------------
Finished actual_steps=5005312 elapsed=1930.4s fps=2593
Model: artifacts/final/robust_seed_5/final_model.zip
