policy_training_condition,policy_training_seed,evaluation_seed,damage_leg,damage_alpha,episode_return,episode_length,terminated_before_time_limit,forward_distance,mean_forward_speed,mean_abs_raw_command_actuator_0,mean_abs_raw_command_actuator_1,mean_abs_raw_command_actuator_2,mean_abs_raw_command_actuator_3,mean_abs_raw_command_actuator_4,mean_abs_raw_command_actuator_5,mean_abs_raw_command_actuator_6,mean_abs_raw_command_actuator_7,mean_abs_applied_command_actuator_0,mean_abs_applied_command_actuator_1,mean_abs_applied_command_actuator_2,mean_abs_applied_command_actuator_3,mean_abs_applied_command_actuator_4,mean_abs_applied_command_actuator_5,mean_abs_applied_command_actuator_6,mean_abs_applied_command_actuator_7
nominal,0,100,healthy,1.0,263.48384046790414,407,True,5.9464413200267385,0.29220841867453257,0.3399883440835287,0.3120289615536205,0.30458443623759235,0.3039855294716739,0.3308852756308982,0.2734348673455838,0.4057124335117437,0.30093275713539824,0.3399883440835287,0.3120289615536205,0.30458443623759235,0.3039855294716739,0.3308852756308982,0.2734348673455838,0.4057124335117437,0.30093275713539824
nominal,0,101,healthy,1.0,33.8786749552211,47,True,1.1705579632557894,0.49810977159820824,0.39674234271366543,0.3635075535387435,0.2658540446390497,0.2876979072201759,0.38040072883063175,0.2690547844196888,0.4460635713420491,0.3721461094757344,0.39674234271366543,0.3635075535387435,0.2658540446390497,0.2876979072201759,0.38040072883063175,0.2690547844196888,0.4460635713420491,0.3721461094757344
nominal,0,102,healthy,1.0,121.98234929589148,151,True,3.679879598299048,0.48740127129788713,0.37849734794496503,0.37867369939455925,0.23481198079538662,0.3315577483828494,0.32099461022591746,0.24550446826002456,0.38260619647011457,0.34363952794710534,0.37849734794496503,0.37867369939455925,0.23481198079538662,0.3315577483828494,0.32099461022591746,0.24550446826002456,0.38260619647011457,0.34363952794710534
nominal,0,103,healthy,1.0,105.8669996704661,118,True,3.24037304329526,0.5492157700500441,0.40102809441070686,0.3063061558720419,0.2735870347310931,0.2832455798604731,0.3418545270243944,0.2711548074385372,0.39702828146785624,0.29538592989793266,0.40102809441070686,0.3063061558720419,0.2735870347310931,0.2832455798604731,0.3418545270243944,0.2711548074385372,0.39702828146785624,0.29538592989793266
nominal,0,104,healthy,1.0,37.20363674157824,43,True,1.6052711179630985,0.7466377292851621,0.27921589877629693,0.43588005248890366,0.2942068912088871,0.36375380108176275,0.4154099423524945,0.3263619118478409,0.5340530613415636,0.3839446138157401,0.27921589877629693,0.43588005248890366,0.2942068912088871,0.36375380108176275,0.4154099423524945,0.3263619118478409,0.5340530613415636,0.3839446138157401
nominal,0,105,healthy,1.0,32.51668320232175,167,True,-1.1100592341417834,-0.13294122564572258,0.36296512337658043,0.34196959514014735,0.30743004209891767,0.31933261146267017,0.29012499696123384,0.25661882767063415,0.39202805582840344,0.3413700116742514,0.36296512337658043,0.34196959514014735,0.30743004209891767,0.31933261146267017,0.29012499696123384,0.25661882767063415,0.39202805582840344,0.3413700116742514
nominal,0,106,healthy,1.0,66.961488769463,61,True,2.819043429183861,0.9242765341586429,0.4034493867399507,0.3352784629239411,0.2962828766493524,0.38245066004942674,0.35180659286799976,0.2526313610619209,0.43920605461739126,0.4301522590342115,0.4034493867399507,0.3352784629239411,0.2962828766493524,0.38245066004942674,0.35180659286799976,0.2526313610619209,0.43920605461739126,0.4301522590342115
nominal,0,107,healthy,1.0,25.806161202882222,65,True,0.06524586734614006,0.02007565149112002,0.36323261581934413,0.31764810509406605,0.25819422104037726,0.26233244395026795,0.3656520938644042,0.28800705573879753,0.3760022445438573,0.2740880576463846,0.36323261581934413,0.31764810509406605,0.25819422104037726,0.26233244395026795,0.3656520938644042,0.28800705573879753,0.3760022445438573,0.2740880576463846
nominal,0,108,healthy,1.0,30.087583786806302,108,True,-0.5021973144733992,-0.09299950268025911,0.3587062024183709,0.2960312692793431,0.2534949895408418,0.31070185193998945,0.3211197931733396,0.23774872606413233,0.3984989249147475,0.2973363601292173,0.3587062024183709,0.2960312692793431,0.2534949895408418,0.31070185193998945,0.3211197931733396,0.23774872606413233,0.3984989249147475,0.2973363601292173
nominal,0,109,healthy,1.0,26.538133236139963,18,True,1.3186042139807332,1.4651157933119259,0.4159050420340564,0.3065829258412123,0.24517049143711725,0.35326339221662945,0.4274066160950396,0.3255959260794852,0.6089215808444552,0.4415813609957695,0.4159050420340564,0.3065829258412123,0.24517049143711725,0.35326339221662945,0.4274066160950396,0.3255959260794852,0.6089215808444552,0.4415813609957695
nominal,0,100,front_left,0.5,54.61940070045776,72,True,1.2361018255064664,0.34336161819624067,0.3475798448651201,0.3494103342398173,0.28295086205212605,0.3812799175373382,0.3454820483715998,0.26838005479011273,0.3737234046113574,0.32511149864229894,0.3475798448651201,0.3494103342398173,0.14147543102606303,0.1906399587686691,0.3454820483715998,0.26838005479011273,0.3737234046113574,0.32511149864229894
nominal,0,101,front_left,0.5,152.81596804630723,269,True,0.8475935123974739,0.0630181050109646,0.32872680710372426,0.33304453875218626,0.23742482635334522,0.29909521072659795,0.29201404456755486,0.2730692102258755,0.37255789858001703,0.28342964466952036,0.32872680710372426,0.33304453875218626,0.11871241317667261,0.14954760536329897,0.29201404456755486,0.2730692102258755,0.37255789858001703,0.28342964466952036
nominal,0,102,front_left,0.5,73.43984764102665,69,True,2.419326131912574,0.7012539512790069,0.4224466259280841,0.34949834839157434,0.23053571813996288,0.2854313379072625,0.34333636266165884,0.25653185069129086,0.4242900053673572,0.35215847604516626,0.4224466259280841,0.34949834839157434,0.11526785906998144,0.14271566895363125,0.34333636266165884,0.25653185069129086,0.4242900053673572,0.35215847604516626
nominal,0,103,front_left,0.5,245.0363875264579,238,True,6.960054149396925,0.5848784999493214,0.3553858493501712,0.2978599188739763,0.2682027430469249,0.3274949930076088,0.3389619820039062,0.24330718838022786,0.3889123186637342,0.351049104251531,0.3553858493501712,0.2978599188739763,0.13410137152346244,0.1637474965038044,0.3389619820039062,0.24330718838022786,0.3889123186637342,0.351049104251531
nominal,0,104,front_left,0.5,418.2249730914734,451,True,11.629996993385664,0.5157426604605616,0.3730129913495081,0.31748153097481524,0.27196666032505407,0.3346081941972947,0.34226091816492726,0.2911878662584494,0.4095944769168376,0.3240330687119004,0.3730129913495081,0.31748153097481524,0.13598333016252703,0.16730409709864735,0.34226091816492726,0.2911878662584494,0.4095944769168376,0.3240330687119004
nominal,0,105,front_left,0.5,4.266731686918841,27,True,-0.19186688569022756,-0.14212361902979817,0.29711282525763466,0.39903722841430594,0.24914064272134392,0.34390576652906557,0.3783565823126722,0.3021940637241911,0.43395198736753726,0.4280202830279315,0.29711282525763466,0.39903722841430594,0.12457032136067196,0.17195288326453279,0.3783565823126722,0.3021940637241911,0.43395198736753726,0.4280202830279315
nominal,0,106,front_left,0.5,380.92224130781443,426,True,9.611277807721887,0.45123369989304635,0.328393307711247,0.32994445866332367,0.273604979275118,0.3349011647449413,0.3130642040392183,0.24232428897819328,0.4109879908963006,0.338186488622371,0.328393307711247,0.32994445866332367,0.136802489637559,0.16745058237247065,0.3130642040392183,0.24232428897819328,0.4109879908963006,0.338186488622371
nominal,0,107,front_left,0.5,70.08817365934581,55,True,2.68229143919144,0.9753787051605236,0.39100882040167395,0.2981395904313434,0.23522433218630878,0.3310192640532147,0.36656693138859486,0.26350742063739085,0.4551172283816744,0.4300849533893845,0.39100882040167395,0.2981395904313434,0.11761216609315439,0.16550963202660735,0.36656693138859486,0.26350742063739085,0.4551172283816744,0.4300849533893845
nominal,0,108,front_left,0.5,44.08600797324969,90,True,0.4903124105232751,0.10895831344961669,0.34363952092826366,0.3868620098465019,0.24572465005848143,0.34210654803448254,0.3490635414918264,0.30428427403999697,0.3704062668606639,0.3053413011547592,0.34363952092826366,0.3868620098465019,0.12286232502924072,0.17105327401724127,0.3490635414918264,0.30428427403999697,0.3704062668606639,0.3053413011547592
nominal,0,109,front_left,0.5,212.33869623852135,181,True,6.920567446139828,0.7647035852088208,0.4129134803825156,0.306563302524676,0.2760231478438193,0.3167469147489874,0.34508320318730495,0.26306379049275463,0.4270791706747442,0.31079796837509005,0.4129134803825156,0.306563302524676,0.13801157392190966,0.1583734573744937,0.34508320318730495,0.26306379049275463,0.4270791706747442,0.31079796837509005
nominal,0,100,front_right,0.5,90.0937388760868,75,True,2.9563089162487235,0.7883490443329929,0.36597550713767607,0.3147511605421702,0.2292151914536953,0.34366660887996353,0.37042780250310897,0.2698136552174886,0.4444819690845907,0.30368394682804745,0.36597550713767607,0.3147511605421702,0.2292151914536953,0.34366660887996353,0.18521390125155449,0.1349068276087443,0.4444819690845907,0.30368394682804745
nominal,0,101,front_right,0.5,3.498141195266024,22,True,0.019694283331105067,0.017903893937368243,0.3607389385473322,0.45603987049650063,0.29281503961167554,0.32547481171786785,0.447396053170616,0.32120748287574813,0.531893977641382,0.42767519520765,0.3607389385473322,0.45603987049650063,0.29281503961167554,0.32547481171786785,0.223698026585308,0.16060374143787406,0.531893977641382,0.42767519520765
nominal,0,102,front_right,0.5,538.1218209302169,1000,False,0.7396591430701244,0.014793182861402488,0.3222034570835531,0.3139125460125506,0.25890525391697883,0.30435144012421367,0.3309981228671968,0.27579583030194044,0.3499795036054857,0.28511467229574916,0.3222034570835531,0.3139125460125506,0.25890525391697883,0.30435144012421367,0.1654990614335984,0.13789791515097022,0.3499795036054857,0.28511467229574916
nominal,0,103,front_right,0.5,279.8517417054178,305,True,7.227947765369519,0.47396378789308324,0.3600254578882309,0.33778115714915463,0.2513937287521167,0.30757062143233954,0.3474898907249091,0.2726845064490545,0.3796880083631907,0.35335804355926204,0.3600254578882309,0.33778115714915463,0.2513937287521167,0.30757062143233954,0.17374494536245455,0.13634225322452725,0.3796880083631907,0.35335804355926204
nominal,0,104,front_right,0.5,557.8360918059492,1000,False,0.1636233013320328,0.0032724660266406557,0.3342310800747946,0.2934786779694259,0.2667822562418878,0.2813712087646127,0.3117398708239198,0.27067558822780846,0.33881382465502247,0.2590594809837639,0.3342310800747946,0.2934786779694259,0.2667822562418878,0.2813712087646127,0.1558699354119599,0.13533779411390423,0.33881382465502247,0.2590594809837639
nominal,0,105,front_right,0.5,562.466672658726,1000,False,0.6196687783527995,0.01239337556705599,0.3216641952255741,0.30201929664984345,0.2748250010609627,0.2753260839805007,0.2982091324087232,0.2690232650861144,0.32938184276601534,0.27960280772671103,0.3216641952255741,0.30201929664984345,0.2748250010609627,0.2753260839805007,0.1491045662043616,0.1345116325430572,0.32938184276601534,0.27960280772671103
nominal,0,106,front_right,0.5,122.95931679052624,155,True,2.886365330727397,0.37243423622288996,0.33498911004393334,0.36318667643973906,0.2755795160849248,0.3026251524927155,0.36181904255382474,0.26969970411831334,0.41007749655494286,0.3504793003441826,0.33498911004393334,0.36318667643973906,0.2755795160849248,0.3026251524927155,0.18090952127691237,0.13484985205915667,0.41007749655494286,0.3504793003441826
nominal,0,107,front_right,0.5,66.77777167269493,81,True,1.8820247358637625,0.46469746564537345,0.3732118558851473,0.321567430080455,0.28698672404811704,0.35966487532412567,0.3815242201089859,0.29452262818813324,0.4548973612211369,0.31531329075863335,0.3732118558851473,0.321567430080455,0.28698672404811704,0.35966487532412567,0.19076211005449295,0.14726131409406662,0.4548973612211369,0.31531329075863335
nominal,0,108,front_right,0.5,671.0040296879312,1000,False,9.23498282519661,0.1846996565039322,0.36321228953730317,0.31989012006297707,0.2737457063831389,0.3137782975360751,0.3126105961278081,0.2723187931701541,0.364819820035249,0.28378658981993793,0.36321228953730317,0.31989012006297707,0.2737457063831389,0.3137782975360751,0.15630529806390406,0.13615939658507706,0.364819820035249,0.28378658981993793
nominal,0,109,front_right,0.5,17.903486883939742,17,True,0.7957063367917345,0.9361251021079229,0.42561303298262987,0.4514489886077011,0.31808336802265225,0.2855095403159366,0.4563273721758057,0.2502140558379538,0.5471681358621401,0.36962655712576475,0.42561303298262987,0.4514489886077011,0.31808336802265225,0.2855095403159366,0.22816368608790286,0.1251070279189769,0.5471681358621401,0.36962655712576475
nominal,0,100,back_left,0.5,67.09514190052755,53,True,2.3072541542459275,0.870661944998463,0.3762912334311964,0.30207939438943593,0.3239200894000395,0.3586456858605709,0.35361635164832167,0.23255907083457372,0.45794591669625834,0.3342378271638222,0.3762912334311964,0.30207939438943593,0.3239200894000395,0.3586456858605709,0.35361635164832167,0.23255907083457372,0.22897295834812917,0.1671189135819111
nominal,0,101,back_left,0.5,761.6336879041096,902,True,16.476253421809172,0.36532712686938296,0.37101515929964257,0.33239636886162793,0.27307327111518037,0.30941629243762686,0.35639205133075724,0.26004720657254404,0.40434114988108566,0.30671899649262957,0.37101515929964257,0.33239636886162793,0.27307327111518037,0.30941629243762686,0.35639205133075724,0.26004720657254404,0.20217057494054283,0.15335949824631478
nominal,0,102,back_left,0.5,658.7239114191729,1000,False,6.36497115294894,0.12729942305897882,0.3554612445989624,0.3092654804550111,0.2716029431037605,0.27843798309750856,0.3162603315599263,0.2826026631332934,0.34890969800853056,0.2771927796117961,0.3554612445989624,0.3092654804550111,0.2716029431037605,0.27843798309750856,0.3162603315599263,0.2826026631332934,0.17445484900426528,0.13859638980589806
nominal,0,103,back_left,0.5,436.9118655310099,607,True,6.830723294131822,0.22506501792856085,0.36214162799325667,0.3442498850812629,0.270991622781783,0.3052809316008252,0.3293925670682893,0.24951629119708865,0.4166739816858726,0.2939165986129244,0.36214162799325667,0.3442498850812629,0.270991622781783,0.3052809316008252,0.3293925670682893,0.24951629119708865,0.2083369908429363,0.1469582993064622
nominal,0,104,back_left,0.5,122.02331635237901,133,True,3.176215539469524,0.47762639691271036,0.3690650325436565,0.3747770815695587,0.2485064949868317,0.32377385297664124,0.357724409214312,0.2538281431547681,0.4868386628603409,0.3214755703632097,0.3690650325436565,0.3747770815695587,0.2485064949868317,0.32377385297664124,0.357724409214312,0.2538281431547681,0.24341933143017044,0.16073778518160484
nominal,0,105,back_left,0.5,19.09913008828178,27,True,0.555786496291438,0.41169370095662067,0.4877090066395424,0.36929663132738183,0.272009973310762,0.4114109475027632,0.390293738356343,0.28223780873748994,0.48140824282610856,0.36767199801074135,0.4877090066395424,0.36929663132738183,0.272009973310762,0.4114109475027632,0.390293738356343,0.28223780873748994,0.24070412141305428,0.18383599900537068
nominal,0,106,back_left,0.5,405.9528712846078,495,True,8.800462631235774,0.35557424772669793,0.36871793240572165,0.3595328942543328,0.2932468542020128,0.32063027566882096,0.3327823658483197,0.26617176745726606,0.390089779890982,0.31738315855312826,0.36871793240572165,0.3595328942543328,0.2932468542020128,0.32063027566882096,0.3327823658483197,0.26617176745726606,0.195044889945491,0.15869157927656413
nominal,0,107,back_left,0.5,303.1683734001562,396,True,5.795757560599547,0.2927150283131084,0.37043974542228336,0.3103702689022428,0.29268070323524453,0.3213336979970336,0.3256386128357715,0.28158427431539756,0.3975273318626363,0.3142960054912802,0.37043974542228336,0.3103702689022428,0.29268070323524453,0.3213336979970336,0.3256386128357715,0.28158427431539756,0.19876366593131814,0.1571480027456401
nominal,0,108,back_left,0.5,20.443994858382705,23,True,0.624904595347511,0.5433953003021834,0.4263873961146759,0.3618360514874044,0.29562191616581834,0.314493501153977,0.3161068565171698,0.2825254331464353,0.5337715123820564,0.3433922998931097,0.4263873961146759,0.3618360514874044,0.29562191616581834,0.314493501153977,0.3161068565171698,0.2825254331464353,0.2668857561910282,0.17169614994655485
nominal,0,109,back_left,0.5,460.31602034081254,663,True,7.37981734491539,0.2226189244318368,0.34947183563586093,0.3527134329833506,0.2789520635852537,0.314885635687485,0.34219520990799995,0.27701976112066173,0.4103463882204903,0.30064992092516085,0.34947183563586093,0.3527134329833506,0.2789520635852537,0.314885635687485,0.34219520990799995,0.27701976112066173,0.20517319411024515,0.15032496046258043
nominal,0,100,back_right,0.5,700.2887724276861,1000,False,9.70849161698794,0.19416983233975882,0.34558032230567187,0.3224996359869838,0.2767864241823554,0.32658033281564713,0.31991152846068144,0.264671775996685,0.38454041713476184,0.27324442040920255,0.17279016115283594,0.1612498179934919,0.2767864241823554,0.32658033281564713,0.31991152846068144,0.264671775996685,0.38454041713476184,0.27324442040920255
nominal,0,101,back_right,0.5,333.54339737617204,561,True,3.2388464540427906,0.11546689675731873,0.34416521878484735,0.32603810491860447,0.2963149051269958,0.32100903036308587,0.3293903483718687,0.27577777642511003,0.40194701603173866,0.28058372332370857,0.17208260939242367,0.16301905245930223,0.2963149051269958,0.32100903036308587,0.3293903483718687,0.27577777642511003,0.40194701603173866,0.28058372332370857
nominal,0,102,back_right,0.5,147.79559263856083,260,True,0.7819266878104778,0.06014820675465214,0.3449695001069743,0.30757000300173576,0.2427694775020847,0.3231315296000013,0.3093228103163151,0.24865273048098271,0.4120280846666831,0.28477206267416477,0.17248475005348715,0.15378500150086788,0.2427694775020847,0.3231315296000013,0.3093228103163151,0.24865273048098271,0.4120280846666831,0.28477206267416477
nominal,0,103,back_right,0.5,620.3376629126278,1000,False,1.7552804737279077,0.03510560947455815,0.33557078363746407,0.3098307877890766,0.2591977702379227,0.28228733360022307,0.3021667609475553,0.26208599178120495,0.33135979164857415,0.24019476487860084,0.16778539181873203,0.1549153938945383,0.2591977702379227,0.28228733360022307,0.3021667609475553,0.26208599178120495,0.33135979164857415,0.24019476487860084
nominal,0,104,back_right,0.5,508.88389887149253,1000,False,-1.0576249277384355,-0.02115249855476871,0.3434878421286121,0.33483251260593533,0.26994181286171076,0.3029745915252715,0.3108084888905287,0.27323319000005725,0.3643680730136111,0.2721175086349249,0.17174392106430605,0.16741625630296766,0.26994181286171076,0.3029745915252715,0.3108084888905287,0.27323319000005725,0.3643680730136111,0.2721175086349249
nominal,0,105,back_right,0.5,302.25418954887283,609,True,0.9948992152960526,0.03267320904092127,0.3588218626540234,0.3551641250172957,0.2887808418234777,0.3403748101898896,0.33218966923617377,0.27454191469549155,0.38940502479458333,0.2942936164625172,0.1794109313270117,0.17758206250864786,0.2887808418234777,0.3403748101898896,0.33218966923617377,0.27454191469549155,0.38940502479458333,0.2942936164625172
nominal,0,106,back_right,0.5,548.8355553940507,908,True,5.470596521506479,0.12049772073802817,0.34616314015958444,0.3378517742510803,0.2895145801671407,0.29939978024491526,0.3506055806480381,0.29228934445233795,0.3929469296036879,0.27194943570322666,0.17308157007979222,0.16892588712554016,0.2895145801671407,0.29939978024491526,0.3506055806480381,0.29228934445233795,0.3929469296036879,0.27194943570322666
nominal,0,107,back_right,0.5,486.70322851275625,1000,False,0.22054613769641718,0.004410922753928344,0.33647386506572363,0.3232975900992751,0.2869376914203167,0.31948884375020864,0.32491798915714026,0.2693925352282822,0.4108438343005546,0.2735190494395793,0.16823693253286182,0.16164879504963756,0.2869376914203167,0.31948884375020864,0.32491798915714026,0.2693925352282822,0.4108438343005546,0.2735190494395793
nominal,0,108,back_right,0.5,34.32802710818327,112,True,-0.646132167155747,-0.1153807441349548,0.35514828018079114,0.36042115135517505,0.2564862498880497,0.3327531653922051,0.35497486910649706,0.28027199261954855,0.41206995700486004,0.3409148753354592,0.17757414009039557,0.18021057567758753,0.2564862498880497,0.3327531653922051,0.35497486910649706,0.28027199261954855,0.41206995700486004,0.3409148753354592
nominal,0,109,back_right,0.5,59.24707736143034,69,True,1.8831704426307214,0.545846505110354,0.37539100906123285,0.4035334117386652,0.2430132863962132,0.3604060665744802,0.3933996678046558,0.3167751934649288,0.49849348499750096,0.337986686307451,0.18769550453061642,0.2017667058693326,0.2430132863962132,0.3604060665744802,0.3933996678046558,0.3167751934649288,0.49849348499750096,0.337986686307451
nominal,0,100,front_left,0.0,620.585968889932,1000,False,2.37332353905124,0.047466470781024804,0.34647341117076574,0.3274249505884945,0.2717844505831599,0.2984759902209044,0.28100795346871016,0.24575885197892786,0.3159499376891181,0.2744920924566686,0.34647341117076574,0.3274249505884945,0.0,0.0,0.28100795346871016,0.24575885197892786,0.3159499376891181,0.2744920924566686
nominal,0,101,front_left,0.0,2.2134893697419327,24,True,-0.29597385213146055,-0.24664487677621708,0.39295772342787433,0.3748878217302263,0.22331985101724663,0.3650997231403987,0.3585847007731597,0.27715861502413947,0.36772239534184337,0.40877832751721144,0.39295772342787433,0.3748878217302263,0.0,0.0,0.3585847007731597,0.27715861502413947,0.36772239534184337,0.40877832751721144
nominal,0,102,front_left,0.0,14.79688834900407,10,True,0.7199257623093056,1.4398515246186112,0.3964600093662739,0.3326546799391508,0.2865152258425951,0.32558799982070924,0.5915706403553486,0.291806748509407,0.5401005532592535,0.5290061861276627,0.3964600093662739,0.3326546799391508,0.0,0.0,0.5915706403553486,0.291806748509407,0.5401005532592535,0.5290061861276627
nominal,0,103,front_left,0.0,669.3691549337525,1000,False,8.202826833553374,0.16405653667106748,0.3554738890239969,0.34030945628881454,0.2648938346914947,0.36707343196496367,0.3127250548452139,0.26260539852827786,0.3611160291740671,0.3155173036083579,0.3554738890239969,0.34030945628881454,0.0,0.0,0.3127250548452139,0.26260539852827786,0.3611160291740671,0.3155173036083579
nominal,0,104,front_left,0.0,60.013662631464214,79,True,1.1686118519022015,0.29585110174739276,0.3055375164751954,0.3058953870417951,0.32172771585704407,0.31584170701194414,0.3284784246094619,0.2821017358499237,0.43470564529394046,0.3154813132331341,0.3055375164751954,0.3058953870417951,0.0,0.0,0.3284784246094619,0.2821017358499237,0.43470564529394046,0.3154813132331341
nominal,0,105,front_left,0.0,240.7431205048197,394,True,2.5356016050447994,0.12871074137283245,0.36235486564042074,0.30882645834256245,0.26413312348239315,0.3250367769281271,0.3389152410407054,0.27615982772508246,0.37179239793340224,0.3340634051237615,0.36235486564042074,0.30882645834256245,0.0,0.0,0.3389152410407054,0.27615982772508246,0.37179239793340224,0.3340634051237615
nominal,0,106,front_left,0.0,627.0822717202179,1000,False,1.3141081871375266,0.026282163742750532,0.3200672230031341,0.32151071314141155,0.27544458305835723,0.283795228343457,0.2813841366060078,0.26390390898659827,0.3045950537775061,0.24799339762702585,0.3200672230031341,0.32151071314141155,0.0,0.0,0.2813841366060078,0.26390390898659827,0.3045950537775061,0.24799339762702585
nominal,0,107,front_left,0.0,688.9034424848566,1000,False,4.094310427123211,0.08188620854246421,0.3191555214803666,0.2925219157747924,0.2754220428280532,0.2801755744069815,0.3001170816011727,0.24629131034761667,0.3073701081313484,0.25061648098006845,0.3191555214803666,0.2925219157747924,0.0,0.0,0.3001170816011727,0.24629131034761667,0.3073701081313484,0.25061648098006845
nominal,0,108,front_left,0.0,94.2822000806526,130,True,1.7450370251750826,0.2684672346423204,0.3732014211611106,0.34935069356400233,0.2671005159903031,0.3152655893506912,0.335869967765533,0.23190290360496593,0.38077144843812744,0.32954946438280436,0.3732014211611106,0.34935069356400233,0.0,0.0,0.335869967765533,0.23190290360496593,0.38077144843812744,0.32954946438280436
nominal,0,109,front_left,0.0,67.7542772186227,91,True,1.3416872945865814,0.2948763284805674,0.38674167020676226,0.3267859130033425,0.2781110963487363,0.34115441286793124,0.34993470284146266,0.24120940927129525,0.3516938511619938,0.3802926740148565,0.38674167020676226,0.3267859130033425,0.0,0.0,0.34993470284146266,0.24120940927129525,0.3516938511619938,0.3802926740148565
nominal,0,100,front_right,0.0,137.05231000242006,154,True,3.063678307102168,0.3978802996236582,0.32041784180570154,0.31967032112955274,0.26462899192006556,0.3259501424799492,0.38849786393247643,0.29570778645575047,0.42099580376759754,0.3262314380860174,0.32041784180570154,0.31967032112955274,0.26462899192006556,0.3259501424799492,0.0,0.0,0.42099580376759754,0.3262314380860174
nominal,0,101,front_right,0.0,179.87253989489096,280,True,2.4159463022339276,0.17256759301670913,0.3580409907503054,0.33482530142313666,0.2417075370837535,0.3389916321129671,0.31894289082182303,0.27651322062260336,0.39982870196358167,0.35336054638028147,0.3580409907503054,0.33482530142313666,0.2417075370837535,0.3389916321129671,0.0,0.0,0.39982870196358167,0.35336054638028147
nominal,0,102,front_right,0.0,199.3518831168636,319,True,1.9828358535766741,0.12431572749697016,0.3364130759781057,0.32236404852433637,0.288249877517967,0.31538743117012574,0.33175843267418376,0.2781623737845675,0.36704638519187144,0.34292550940872357,0.3364130759781057,0.32236404852433637,0.288249877517967,0.31538743117012574,0.0,0.0,0.36704638519187144,0.34292550940872357
nominal,0,103,front_right,0.0,48.61448938999612,37,True,1.6841408366222317,0.9103463981741793,0.40734569013521477,0.264665979992699,0.28947200555656405,0.256900320081292,0.4657910681656889,0.23630299278207728,0.4781622391420643,0.34732273392177915,0.40734569013521477,0.264665979992699,0.28947200555656405,0.256900320081292,0.0,0.0,0.4781622391420643,0.34732273392177915
nominal,0,104,front_right,0.0,12.908188746523807,14,True,0.4239453163842406,0.6056361662632008,0.3815662403191839,0.26838363733674797,0.26435677653976847,0.3267326605107103,0.36598384912524906,0.21861205622553825,0.49337120034864973,0.3755096436611244,0.3815662403191839,0.26838363733674797,0.26435677653976847,0.3267326605107103,0.0,0.0,0.49337120034864973,0.3755096436611244
nominal,0,105,front_right,0.0,207.33129442210742,184,True,6.34751071540156,0.6899468168914739,0.3510661035087769,0.33203877399311116,0.2485486895615316,0.34169114178613474,0.34151511918753386,0.28179224175603496,0.4177637964908765,0.3785874300190936,0.3510661035087769,0.33203877399311116,0.2485486895615316,0.34169114178613474,0.0,0.0,0.4177637964908765,0.3785874300190936
nominal,0,106,front_right,0.0,106.67539653255291,166,True,1.1147906384977846,0.134312125120215,0.33480531744748715,0.29090171978326446,0.26679588497492923,0.2729346737579768,0.3851945388568453,0.29297436152147244,0.39630697479651095,0.33201868486512137,0.33480531744748715,0.29090171978326446,0.26679588497492923,0.2729346737579768,0.0,0.0,0.39630697479651095,0.33201868486512137
nominal,0,107,front_right,0.0,591.9924826788358,1000,False,0.4272820120027715,0.00854564024005543,0.33833183336723593,0.29789018804207446,0.2808107397630811,0.26848993592336773,0.3274681388307363,0.28794852701574564,0.33294455139670753,0.2802307929210365,0.33833183336723593,0.29789018804207446,0.2808107397630811,0.26848993592336773,0.0,0.0,0.33294455139670753,0.2802307929210365
nominal,0,108,front_right,0.0,111.0516196829733,184,True,0.866931709022056,0.09423170750239737,0.3568276566574755,0.2943868291888224,0.26253747958285006,0.3318857519441973,0.3523454130222292,0.29634945116856176,0.3590271359223508,0.34134782688773196,0.3568276566574755,0.2943868291888224,0.26253747958285006,0.3318857519441973,0.0,0.0,0.3590271359223508,0.34134782688773196
nominal,0,109,front_right,0.0,162.871458166239,326,True,0.025008720173114653,0.0015342773112340276,0.34787014137347877,0.3197366381921103,0.27457891129231526,0.3374432365130062,0.335617175988533,0.2922508864337864,0.34025032248248366,0.3524652933873282,0.34787014137347877,0.3197366381921103,0.27457891129231526,0.3374432365130062,0.0,0.0,0.34025032248248366,0.3524652933873282
nominal,0,100,back_left,0.0,626.9838578172321,880,True,6.7042864241135804,0.15237014600258136,0.37067490238484674,0.30192169871562247,0.2678295890800655,0.25613736399364745,0.3413142390972511,0.2795559547799216,0.41257764273263586,0.3106253834483637,0.37067490238484674,0.30192169871562247,0.2678295890800655,0.25613736399364745,0.3413142390972511,0.2795559547799216,0.0,0.0
nominal,0,101,back_left,0.0,300.08590580986504,625,True,-3.3618753071137633,-0.10758000982764042,0.34533150571882726,0.29547221823334696,0.2534653955459595,0.2648290351629257,0.3354805423080921,0.25724247047305104,0.3781194991663098,0.30710693685412405,0.34533150571882726,0.29547221823334696,0.2534653955459595,0.2648290351629257,0.3354805423080921,0.25724247047305104,0.0,0.0
nominal,0,102,back_left,0.0,636.328471462377,1000,False,2.283158177271576,0.04566316354543152,0.3473400186551735,0.2871549249924719,0.2784913981966674,0.2485497756153345,0.328664455126971,0.2738630330227315,0.3432068920009769,0.262043504152447,0.3473400186551735,0.2871549249924719,0.2784913981966674,0.2485497756153345,0.328664455126971,0.2738630330227315,0.0,0.0
nominal,0,103,back_left,0.0,-3.3605772519579427,18,True,-0.5223357471575831,-0.5803730523973146,0.31494840684657294,0.3709518727329042,0.3654164355248213,0.28422265210085446,0.39420709676212734,0.30397893736759823,0.5365912963946661,0.32559920764631695,0.31494840684657294,0.3709518727329042,0.3654164355248213,0.28422265210085446,0.39420709676212734,0.30397893736759823,0.0,0.0
nominal,0,104,back_left,0.0,77.7006979835387,106,True,1.0798808256105334,0.20375109917179873,0.3822919914393492,0.30707300911253355,0.2842471206666164,0.297793535515666,0.31600960730662886,0.2931859465140217,0.4123272863612071,0.3926436439297109,0.3822919914393492,0.30707300911253355,0.2842471206666164,0.297793535515666,0.31600960730662886,0.2931859465140217,0.0,0.0
nominal,0,105,back_left,0.0,97.29939778901736,189,True,-0.2835093241153935,-0.030000986678877614,0.3838302596920618,0.32772121444423363,0.2626395168955679,0.27565298036292746,0.34391278095503963,0.2854698577885905,0.36350477202539827,0.287691008516405,0.3838302596920618,0.32772121444423363,0.2626395168955679,0.27565298036292746,0.34391278095503963,0.2854698577885905,0.0,0.0
nominal,0,106,back_left,0.0,698.6335945439788,1000,False,5.440037308371771,0.10880074616743542,0.35701305603515354,0.30069458825886247,0.26704804610460997,0.2587202730104327,0.31591596629470586,0.26017014982923864,0.33513952139625325,0.28026166450604795,0.35701305603515354,0.30069458825886247,0.26704804610460997,0.2587202730104327,0.31591596629470586,0.26017014982923864,0.0,0.0
nominal,0,107,back_left,0.0,847.3887892128043,1000,False,14.335870183721175,0.2867174036744235,0.36412645143643024,0.30558068688772616,0.2818294738233089,0.27335307318344715,0.3442836905233562,0.24707953633368016,0.4249414748716808,0.33438212306052445,0.36412645143643024,0.30558068688772616,0.2818294738233089,0.27335307318344715,0.3442836905233562,0.24707953633368016,0.0,0.0
nominal,0,108,back_left,0.0,818.8253640640891,897,True,15.994403735244152,0.35661992720722746,0.3690131625717084,0.31291672014065475,0.2730517837622825,0.2725708950414772,0.34759531200447075,0.2638916895291877,0.397583134687745,0.31997094550891597,0.3690131625717084,0.31291672014065475,0.2730517837622825,0.2725708950414772,0.34759531200447075,0.2638916895291877,0.0,0.0
nominal,0,109,back_left,0.0,18.458944838094755,59,True,-0.7106786503657423,-0.24090801707313297,0.378884914441634,0.30145876381104275,0.30136034864995437,0.26122354987566754,0.3347621075809002,0.23607995973552687,0.35382186141559635,0.35306692578024784,0.378884914441634,0.30145876381104275,0.30136034864995437,0.26122354987566754,0.3347621075809002,0.23607995973552687,0.0,0.0
nominal,0,100,back_right,0.0,72.64137399976708,70,True,1.89011022336721,0.5400314923906314,0.43965640790494426,0.3503262645431927,0.23581243843904565,0.3297321752778121,0.38655613703387126,0.2075462879879134,0.4046675155138863,0.32533195668033194,0.0,0.0,0.23581243843904565,0.3297321752778121,0.38655613703387126,0.2075462879879134,0.4046675155138863,0.32533195668033194
nominal,0,101,back_right,0.0,169.94952750629525,334,True,-0.18345074122380484,-0.010985074324778733,0.3454101062798036,0.3746915406988053,0.2742389681899619,0.32131976779260324,0.33649451674860037,0.2746222970036868,0.39305349220354446,0.2984252010589231,0.0,0.0,0.2742389681899619,0.32131976779260324,0.33649451674860037,0.2746222970036868,0.39305349220354446,0.2984252010589231
nominal,0,102,back_right,0.0,578.2837086191279,1000,False,1.2293674342232437,0.024587348684464872,0.3105848145922646,0.3536881601959467,0.25775762387737633,0.3076590239927173,0.33162640694156287,0.29119180454313753,0.3799789766715839,0.26680196630209685,0.0,0.0,0.25775762387737633,0.3076590239927173,0.33162640694156287,0.29119180454313753,0.3799789766715839,0.26680196630209685
nominal,0,103,back_right,0.0,352.94583097146193,672,True,0.35391234300021923,0.010533105446435096,0.2973328563800481,0.3464237001026049,0.2710497180898009,0.3154123656318656,0.33329578488510814,0.2948458664717951,0.42855338338302407,0.25524766708812896,0.0,0.0,0.2710497180898009,0.3154123656318656,0.33329578488510814,0.2948458664717951,0.42855338338302407,0.25524766708812896
nominal,0,104,back_right,0.0,490.21884915088475,1000,False,-1.2908546174535283,-0.025817092349070564,0.30922617016360165,0.3596580702513456,0.2688877724893391,0.3206308827586472,0.3360553515255451,0.30497272054478525,0.41729457237009776,0.26127124942839147,0.0,0.0,0.2688877724893391,0.3206308827586472,0.3360553515255451,0.30497272054478525,0.41729457237009776,0.26127124942839147
nominal,0,105,back_right,0.0,605.4773403934564,1000,False,2.4170797917619407,0.04834159583523881,0.30065652104932816,0.334581469129771,0.2651851143687963,0.2992192974053323,0.32485533694177865,0.27201049077510836,0.3926614483981393,0.2618974078074098,0.0,0.0,0.2651851143687963,0.2992192974053323,0.32485533694177865,0.27201049077510836,0.3926614483981393,0.2618974078074098
nominal,0,106,back_right,0.0,349.83997132654827,504,True,4.259445288704664,0.16902560669462952,0.336920163490706,0.38392650994605254,0.2656330881374223,0.3249258971699173,0.3335264104876726,0.284190024929269,0.3960118174519656,0.28419619312302935,0.0,0.0,0.2656330881374223,0.3249258971699173,0.3335264104876726,0.284190024929269,0.3960118174519656,0.28419619312302935
nominal,0,107,back_right,0.0,561.4900596285065,872,True,5.1337422905053876,0.11774638280975659,0.3117329008939223,0.3317522963491875,0.2687966453953894,0.32833720491600965,0.3352254980089946,0.27002623322240393,0.3988129449142835,0.2956203818321228,0.0,0.0,0.2687966453953894,0.32833720491600965,0.3352254980089946,0.27002623322240393,0.3988129449142835,0.2956203818321228
nominal,0,108,back_right,0.0,30.751602826696104,17,True,1.3322659990424877,1.5673717635793971,0.41562430998858285,0.2722260647398584,0.2951588363331907,0.3064040232668905,0.471812107545488,0.32165494846070514,0.6249846369028091,0.3312207701451638,0.0,0.0,0.2951588363331907,0.3064040232668905,0.471812107545488,0.32165494846070514,0.6249846369028091,0.3312207701451638
nominal,0,109,back_right,0.0,153.58961151620477,180,True,3.211075346291331,0.35678614958792565,0.3997770647311376,0.38175278014192976,0.2642369149459733,0.30613541654828524,0.35691783796581955,0.28244870975613595,0.39696653155972145,0.3091457767205106,0.0,0.0,0.2642369149459733,0.30613541654828524,0.35691783796581955,0.28244870975613595,0.39696653155972145,0.3091457767205106
nominal,1,100,healthy,1.0,5.637994220408839,20,True,0.7757505354194527,0.7757505354194527,0.3945126418024302,0.5448012696579099,0.4834566179662943,0.5334107656031847,0.5785739932209253,0.5718620665371418,0.4824751913547516,0.3984134368598461,0.3945126418024302,0.5448012696579099,0.4834566179662943,0.5334107656031847,0.5785739932209253,0.5718620665371418,0.4824751913547516,0.3984134368598461
nominal,1,101,healthy,1.0,-4.603573648576836,10,True,0.31817106323287525,0.6363421264657505,0.5697717994451523,0.58596500903368,0.7386151339858771,0.6197676993906498,0.6875188820064068,0.5250683575868607,0.6677363708615303,0.5754404898732901,0.5697717994451523,0.58596500903368,0.7386151339858771,0.6197676993906498,0.6875188820064068,0.5250683575868607,0.6677363708615303,0.5754404898732901
nominal,1,102,healthy,1.0,1.0367701180618498,13,True,0.8331843299359046,1.2818220460552379,0.5265263159974263,0.6163136577950075,0.6758362971819364,0.7558675500062796,0.7170263769534918,0.5769213850681598,0.6768257400164237,0.5267615240926926,0.5265263159974263,0.6163136577950075,0.6758362971819364,0.7558675500062796,0.7170263769534918,0.5769213850681598,0.6768257400164237,0.5267615240926926
nominal,1,103,healthy,1.0,-353.8223192641746,1000,False,-3.5449246994596573,-0.07089849398919315,0.5899621986765414,0.4095681978538632,0.46290527802705767,0.43060692028701303,0.5212434770092368,0.47275730871781707,0.4625625692922622,0.40124232732504606,0.5899621986765414,0.4095681978538632,0.46290527802705767,0.43060692028701303,0.5212434770092368,0.47275730871781707,0.4625625692922622,0.40124232732504606
nominal,1,104,healthy,1.0,-0.8264636509000198,18,True,0.6960178245359504,0.7733531383732782,0.5461830497822828,0.46887074617875946,0.6484778699361615,0.4265102851721976,0.703578256484535,0.531035958064927,0.6458475829826461,0.5127126301328341,0.5461830497822828,0.46887074617875946,0.6484778699361615,0.4265102851721976,0.703578256484535,0.531035958064927,0.6458475829826461,0.5127126301328341
nominal,1,105,healthy,1.0,-11.107080948062613,13,True,0.015310590055299986,0.023554753931230746,0.5065566163796645,0.5437549344049051,0.7882166711183695,0.46459664977513826,0.7033760455938486,0.522416828916623,0.6408813756245834,0.5290728979385816,0.5065566163796645,0.5437549344049051,0.7882166711183695,0.46459664977513826,0.7033760455938486,0.522416828916623,0.6408813756245834,0.5290728979385816
nominal,1,106,healthy,1.0,16.72224097030505,39,True,1.7068418468093145,0.8753035111842637,0.5987961135136012,0.47046900788942975,0.5325299192888614,0.5012838939825693,0.5706190879528339,0.4216437899531462,0.500958135494819,0.3823770673420185,0.5987961135136012,0.47046900788942975,0.5325299192888614,0.5012838939825693,0.5706190879528339,0.4216437899531462,0.500958135494819,0.3823770673420185
nominal,1,107,healthy,1.0,-21.241535441779348,28,True,-0.5201519560964922,-0.3715371114974944,0.5587727438791522,0.3753194085189274,0.5558791332212942,0.401176900336785,0.5537409282156399,0.44661745375820566,0.4963844322732517,0.4736999361110585,0.5587727438791522,0.3753194085189274,0.5558791332212942,0.401176900336785,0.5537409282156399,0.44661745375820566,0.4963844322732517,0.4736999361110585
nominal,1,108,healthy,1.0,-4.710950792743008,36,True,0.5693560230944488,0.3163089017191382,0.48591208287204307,0.43912965224848854,0.4871614652996262,0.5001537336243523,0.6159069327016672,0.4709871473411719,0.5121665832897028,0.4982058090261287,0.48591208287204307,0.43912965224848854,0.4871614652996262,0.5001537336243523,0.6159069327016672,0.4709871473411719,0.5121665832897028,0.4982058090261287
nominal,1,109,healthy,1.0,14.136973527821178,58,True,1.7467462043383637,0.6023262773580563,0.519299204429162,0.47762289444177314,0.543034658092877,0.49595722954334887,0.5183996989809233,0.4498395359721677,0.5162551385061495,0.2796652600939932,0.519299204429162,0.47762289444177314,0.543034658092877,0.49595722954334887,0.5183996989809233,0.4498395359721677,0.5162551385061495,0.2796652600939932
nominal,1,100,front_left,0.5,3.4341779985396537,10,True,0.4751572407150641,0.9503144814301282,0.45595348794013263,0.5152465179562569,0.7227147921919823,0.5328631095588208,0.6850650757551193,0.5778680190443992,0.8750995308160782,0.4099146854132414,0.45595348794013263,0.5152465179562569,0.36135739609599116,0.2664315547794104,0.6850650757551193,0.5778680190443992,0.8750995308160782,0.4099146854132414
nominal,1,101,front_left,0.5,14.314929953997506,112,True,1.3253739690718866,0.23667392304855117,0.51634774500105,0.4511865756274866,0.5113933781228427,0.4921161773215447,0.5072912891129298,0.4541488942424102,0.5511910027292158,0.3875769317216639,0.51634774500105,0.4511865756274866,0.25569668906142135,0.24605808866077236,0.5072912891129298,0.4541488942424102,0.5511910027292158,0.3875769317216639
nominal,1,102,front_left,0.5,-2.9677783351276723,21,True,0.37233777378984745,0.3546074036093785,0.7348157862822214,0.4304438607678527,0.6215246626663775,0.5156465559488251,0.6690627066862016,0.6249041521833056,0.6681741802465349,0.38062521158939316,0.7348157862822214,0.4304438607678527,0.31076233133318876,0.25782327797441257,0.6690627066862016,0.6249041521833056,0.6681741802465349,0.38062521158939316
nominal,1,103,front_left,0.5,2.3580305992957737,38,True,0.6280372148248401,0.3305459025393895,0.6708003474693549,0.43739117044759424,0.5012426828279307,0.4960249295752299,0.5724345920117277,0.5603818999309289,0.49961433010665995,0.4116886886522958,0.6708003474693549,0.43739117044759424,0.25062134141396536,0.24801246478761496,0.5724345920117277,0.5603818999309289,0.49961433010665995,0.4116886886522958
nominal,1,104,front_left,0.5,7.698727163408451,49,True,1.1832568846135825,0.48296199371982956,0.7218736653425255,0.48948274788503743,0.4684886914126727,0.4780110538918145,0.4578258740354557,0.4449944878567238,0.5301319228447213,0.5518942512571812,0.7218736653425255,0.48948274788503743,0.23424434570633634,0.23900552694590724,0.4578258740354557,0.4449944878567238,0.5301319228447213,0.5518942512571812
nominal,1,105,front_left,0.5,-79.15026537147227,74,True,-3.373901668826303,-0.9118653158990008,0.5534997221736891,0.45801688136683927,0.5585841848137411,0.4494299815111869,0.5190803266658977,0.4905241995647147,0.5312792386960339,0.41433394050880057,0.5534997221736891,0.45801688136683927,0.27929209240687053,0.22471499075559345,0.5190803266658977,0.4905241995647147,0.5312792386960339,0.41433394050880057
nominal,1,106,front_left,0.5,-5.008939486067712,24,True,0.14639320674881431,0.12199433895734524,0.6277014849086603,0.4825206540214519,0.6372094837327799,0.43927541095763445,0.5260154775654277,0.5845128186047077,0.6216682276378075,0.35236111578221124,0.6277014849086603,0.4825206540214519,0.31860474186638993,0.21963770547881722,0.5260154775654277,0.5845128186047077,0.6216682276378075,0.35236111578221124
nominal,1,107,front_left,0.5,14.70536829116171,13,True,1.0150194375301618,1.561568365431018,0.4796383986965968,0.46720108676415223,0.5484562573524622,0.6479108723310324,0.6958126683647816,0.6561780182214884,0.6632368656305166,0.27385367539066535,0.4796383986965968,0.46720108676415223,0.2742281286762311,0.3239554361655162,0.6958126683647816,0.6561780182214884,0.6632368656305166,0.27385367539066535
nominal,1,108,front_left,0.5,-4.9038796086002705,9,True,0.03146067271419174,0.0699126060315372,0.6511485973993937,0.42209581658244133,0.7623341414663527,0.3964211924208535,0.6839329600334167,0.5286386410395304,0.7501640849643283,0.4504781232939826,0.6511485973993937,0.42209581658244133,0.38116707073317635,0.19821059621042675,0.6839329600334167,0.5286386410395304,0.7501640849643283,0.4504781232939826
nominal,1,109,front_left,0.5,18.6572679955183,15,True,1.222317113029772,1.6297561507063627,0.4620354274908702,0.5172446466982364,0.7398527870575587,0.39853788365920384,0.6880809639890989,0.6684785505135854,0.5769066492716471,0.32348459387818973,0.4620354274908702,0.5172446466982364,0.3699263935287794,0.19926894182960192,0.6880809639890989,0.6684785505135854,0.5769066492716471,0.32348459387818973
nominal,1,100,front_right,0.5,30.819535285697285,19,True,2.038964523538207,2.1462784458296915,0.46843216323146697,0.4768281696658385,0.5612025280532084,0.7251357436180115,0.6231188346680842,0.5669453849917964,0.7237671943087327,0.515329869169938,0.46843216323146697,0.4768281696658385,0.5612025280532084,0.7251357436180115,0.3115594173340421,0.2834726924958982,0.7237671943087327,0.515329869169938
nominal,1,101,front_right,0.5,2.657883941694428,20,True,0.4882912611840913,0.4882912611840913,0.5124533779919147,0.2940851762890816,0.6654292687773704,0.4979221478104591,0.6209325566887856,0.4834055930376053,0.5446242190897465,0.5542893687263131,0.5124533779919147,0.2940851762890816,0.6654292687773704,0.4979221478104591,0.3104662783443928,0.24170279651880264,0.5446242190897465,0.5542893687263131
nominal,1,102,front_right,0.5,68.48660229277561,85,True,4.160514052335212,0.9789444829024028,0.5650634390028084,0.43025635314338345,0.5413871025337892,0.5504445287234643,0.5663301086601089,0.5861335392383968,0.47354294815484216,0.403499415779815,0.5650634390028084,0.43025635314338345,0.5413871025337892,0.5504445287234643,0.28316505433005446,0.2930667696191984,0.47354294815484216,0.403499415779815
nominal,1,103,front_right,0.5,4.963391591516677,16,True,0.6618553173669652,0.8273191467087065,0.5111797638237476,0.48982777330093086,0.7162678940221667,0.5454388963989913,0.6945241196081042,0.5620549828745425,0.6567094326019287,0.5900989149231464,0.5111797638237476,0.48982777330093086,0.7162678940221667,0.5454388963989913,0.3472620598040521,0.28102749143727124,0.6567094326019287,0.5900989149231464
nominal,1,104,front_right,0.5,25.97289596992371,18,True,1.6332226937785705,1.8146918819761895,0.4543568044900894,0.38372667464945054,0.7286671706371837,0.5622510512669882,0.7104160665637917,0.4884828743007448,0.6191233214404848,0.46973449654049343,0.4543568044900894,0.38372667464945054,0.7286671706371837,0.5622510512669882,0.3552080332818959,0.2442414371503724,0.6191233214404848,0.46973449654049343
nominal,1,105,front_right,0.5,19.00924994595397,30,True,1.2828969080659287,0.8552646053772858,0.5969368151078621,0.3903230354189873,0.5480882545312246,0.48272152443726857,0.46949264879028,0.4835362657904625,0.5835653940836588,0.4376557114223639,0.5969368151078621,0.3903230354189873,0.5480882545312246,0.48272152443726857,0.23474632439514,0.24176813289523125,0.5835653940836588,0.4376557114223639
nominal,1,106,front_right,0.5,8.988277684203148,31,True,0.9008430219955308,0.5811890464487295,0.6500314358742006,0.41679496714665043,0.592482183248766,0.45775619437617643,0.5222045459574268,0.48662308387217984,0.4792145288759662,0.5317454068891464,0.6500314358742006,0.41679496714665043,0.592482183248766,0.45775619437617643,0.2611022729787134,0.24331154193608992,0.4792145288759662,0.5317454068891464
nominal,1,107,front_right,0.5,13.404347259958927,18,True,1.0690101177652347,1.1877890197391496,0.5693995141320758,0.3610547296702862,0.6566305429571204,0.5778948035505083,0.711177159100771,0.559375521623426,0.6325030484133296,0.4761697898308436,0.5693995141320758,0.3610547296702862,0.6566305429571204,0.5778948035505083,0.3555885795503855,0.279687760811713,0.6325030484133296,0.4761697898308436
nominal,1,108,front_right,0.5,-13.425342079586445,26,True,-0.1634340423053513,-0.12571849408103947,0.5536514012716137,0.4703883259342267,0.6381697717767495,0.5706127784573115,0.6553534323779436,0.5014105106775577,0.6372341983593427,0.37990646064281464,0.5536514012716137,0.4703883259342267,0.6381697717767495,0.5706127784573115,0.3276767161889718,0.25070525533877885,0.6372341983593427,0.37990646064281464
nominal,1,109,front_right,0.5,2.544295368633608,16,True,0.44104271909164683,0.5513033988645585,0.5099876122549176,0.41658353176899254,0.59832754265517,0.5717199933715165,0.5740697840228677,0.43889191187918186,0.6394430188229308,0.5478969495743513,0.5099876122549176,0.41658353176899254,0.59832754265517,0.5717199933715165,0.28703489201143384,0.21944595593959093,0.6394430188229308,0.5478969495743513
nominal,1,100,back_left,0.5,19.16569206811093,26,True,1.1788396607041707,0.9067997390032082,0.46887795333392346,0.4391297847032547,0.500958822381038,0.5067039997531817,0.684918441164952,0.38299047087247556,0.5272295300204021,0.4508446902036667,0.46887795333392346,0.4391297847032547,0.500958822381038,0.5067039997531817,0.684918441164952,0.38299047087247556,0.26361476501020104,0.22542234510183334
nominal,1,101,back_left,0.5,8.749391784441922,19,True,0.8587828882406358,0.9039819876217218,0.7160077235220295,0.5253716201374405,0.492302649703465,0.46650754229018565,0.6410711756662318,0.4539203526158082,0.6810133904218674,0.4278894088378078,0.7160077235220295,0.5253716201374405,0.492302649703465,0.46650754229018565,0.6410711756662318,0.4539203526158082,0.3405066952109337,0.2139447044189039
nominal,1,102,back_left,0.5,99.66951566572834,62,True,5.509785698706602,1.7773502253892264,0.5822653163584971,0.47082117572426796,0.47107274493863505,0.46038725395356456,0.5969878248870373,0.41233810872560545,0.5841861935632844,0.4282782459931989,0.5822653163584971,0.47082117572426796,0.47107274493863505,0.46038725395356456,0.5969878248870373,0.41233810872560545,0.2920930967816422,0.21413912299659946
nominal,1,103,back_left,0.5,12.648561295346958,110,True,1.5396536126998972,0.2799370204908904,0.5850037054412744,0.48286091915585777,0.4196480602025986,0.47119625183669006,0.5226848124780438,0.5063934039663185,0.5287312007763169,0.5566789165477861,0.5850037054412744,0.48286091915585777,0.4196480602025986,0.47119625183669006,0.5226848124780438,0.5063934039663185,0.26436560038815843,0.27833945827389306
nominal,1,104,back_left,0.5,7.820527479713384,28,True,0.8271123819037839,0.5907945585027027,0.5648050356789359,0.47811055968382526,0.4316576833703688,0.4841146530317409,0.6783060513968978,0.46872695109673906,0.6805925475699561,0.46519097526158604,0.5648050356789359,0.47811055968382526,0.4316576833703688,0.4841146530317409,0.6783060513968978,0.46872695109673906,0.34029627378497807,0.23259548763079302
nominal,1,105,back_left,0.5,25.530261805831856,66,True,1.588283978442906,0.48129817528572905,0.49397952975987486,0.5091933473154451,0.4760450886731798,0.3631536214414871,0.5171182145449248,0.48664202947508206,0.5765153201240482,0.4402125572616404,0.49397952975987486,0.5091933473154451,0.4760450886731798,0.3631536214414871,0.5171182145449248,0.48664202947508206,0.2882576600620241,0.2201062786308202
nominal,1,106,back_left,0.5,21.48609716354465,16,True,1.409227412484956,1.761534265606195,0.5253218896687031,0.4457789193838835,0.5176212175283581,0.6494177803397179,0.636201836168766,0.518436080776155,0.673280450515449,0.5218472534324974,0.5253218896687031,0.4457789193838835,0.5176212175283581,0.6494177803397179,0.636201836168766,0.518436080776155,0.3366402252577245,0.2609236267162487
nominal,1,107,back_left,0.5,17.54736754879636,52,True,1.1906258722767746,0.45793302779875944,0.6144320861293147,0.41371312386427933,0.3936845323500725,0.5076013876555058,0.5173441061320213,0.4532436149624678,0.5652013211869277,0.38203903581373966,0.6144320861293147,0.41371312386427933,0.3936845323500725,0.5076013876555058,0.5173441061320213,0.4532436149624678,0.28260066059346384,0.19101951790686983
nominal,1,108,back_left,0.5,10.29061991124581,31,True,0.8711119277525161,0.5620076953242039,0.7139555355834384,0.35686234000229067,0.44450888482313,0.4926847594399606,0.5922049928096033,0.4788370685231301,0.5734861805554359,0.422595824325277,0.7139555355834384,0.35686234000229067,0.44450888482313,0.4926847594399606,0.5922049928096033,0.4788370685231301,0.28674309027771794,0.2112979121626385
nominal,1,109,back_left,0.5,-24.79385174794608,73,True,-0.30424815581715314,-0.08335565912798716,0.6869778696396579,0.3943297115907277,0.48892256668577455,0.4294400856102983,0.5846687751273586,0.5787359911897411,0.45010725888487413,0.4300484205659938,0.6869778696396579,0.3943297115907277,0.48892256668577455,0.4294400856102983,0.5846687751273586,0.5787359911897411,0.22505362944243706,0.2150242102829969
nominal,1,100,back_right,0.5,21.41531257635574,20,True,1.5765039614814331,1.5765039614814331,0.6068415008485317,0.5265780163928866,0.5824735483154655,0.5732755631208419,0.5246587947010994,0.6384790077805519,0.6420473366975784,0.5475788049399852,0.30342075042426586,0.2632890081964433,0.5824735483154655,0.5732755631208419,0.5246587947010994,0.6384790077805519,0.6420473366975784,0.5475788049399852
nominal,1,101,back_right,0.5,-4.71501170963505,9,True,0.1569256435760665,0.3487236523912589,0.42433543172147536,0.5772999574740728,0.7775252362092336,0.6058952361345291,0.7093120614687601,0.6464723116821713,0.7226707571082644,0.4564104974269867,0.21216771586073768,0.2886499787370364,0.7775252362092336,0.6058952361345291,0.7093120614687601,0.6464723116821713,0.7226707571082644,0.4564104974269867
nominal,1,102,back_right,0.5,10.878547266109933,14,True,0.8919222720624427,1.274174674374918,0.5125932235802922,0.6130768853638854,0.6265475239072528,0.6036790518888405,0.7102390634162086,0.5028970411845616,0.5753618681005069,0.34509379842451643,0.2562966117901461,0.3065384426819427,0.6265475239072528,0.6036790518888405,0.7102390634162086,0.5028970411845616,0.5753618681005069,0.34509379842451643
nominal,1,103,back_right,0.5,43.13323648657875,33,True,2.5972370201811525,1.5740830425340318,0.5448229437073072,0.4995404126291925,0.4972857889352423,0.4721015389218475,0.4782712251851053,0.532218580670429,0.6372026123783805,0.492267625801491,0.2724114718536536,0.24977020631459626,0.4972857889352423,0.4721015389218475,0.4782712251851053,0.532218580670429,0.6372026123783805,0.492267625801491
nominal,1,104,back_right,0.5,3.330216363474648,36,True,0.7487816184982684,0.4159897880545935,0.5139608383178711,0.5764281760073371,0.6000606446630425,0.5585037581622601,0.6617154526627727,0.38625385612249374,0.5248608125580682,0.43005824078702265,0.25698041915893555,0.28821408800366854,0.6000606446630425,0.5585037581622601,0.6617154526627727,0.38625385612249374,0.5248608125580682,0.43005824078702265
nominal,1,105,back_right,0.5,9.423668653344173,30,True,0.8124857321778467,0.5416571547852311,0.6810301503166556,0.5266409306476514,0.5305001597851515,0.43248595173160237,0.5488185830414295,0.4219385556876659,0.5483934516708057,0.5040882986038924,0.3405150751583278,0.2633204653238257,0.5305001597851515,0.43248595173160237,0.5488185830414295,0.4219385556876659,0.5483934516708057,0.5040882986038924
nominal,1,106,back_right,0.5,2.8382809784070706,17,True,0.6437835200749731,0.7573923765587918,0.5332807196194634,0.4882994394968538,0.6390307504026329,0.5567131393096026,0.6621596878942322,0.44386852313490477,0.7476921432158526,0.6067309423404581,0.2666403598097317,0.2441497197484269,0.6390307504026329,0.5567131393096026,0.6621596878942322,0.44386852313490477,0.7476921432158526,0.6067309423404581
nominal,1,107,back_right,0.5,50.07317195396409,34,True,3.017974272777546,1.7752789839867915,0.4443561000859036,0.4860667796695934,0.5179389476337853,0.5060571642482982,0.5827554817147115,0.5316208384054548,0.5269774378222578,0.5505700946292457,0.2221780500429518,0.2430333898347967,0.5179389476337853,0.5060571642482982,0.5827554817147115,0.5316208384054548,0.5269774378222578,0.5505700946292457
nominal,1,108,back_right,0.5,-0.3127963958105795,58,True,0.3425174191617104,0.1181094548833484,0.4875235081939348,0.5071671041820583,0.48961071766399106,0.4332496436505482,0.5439307816840452,0.4367262975409113,0.5187262551024042,0.4631292449374651,0.2437617540969674,0.2535835520910292,0.48961071766399106,0.4332496436505482,0.5439307816840452,0.4367262975409113,0.5187262551024042,0.4631292449374651
nominal,1,109,back_right,0.5,28.12573082645516,57,True,1.6750333792584933,0.5877310102661379,0.5545742384305126,0.46941141071811054,0.5099182138709646,0.49596214555857476,0.5482919314189961,0.46442272736315143,0.4161637088185863,0.4076980339984099,0.2772871192152563,0.23470570535905527,0.5099182138709646,0.49596214555857476,0.5482919314189961,0.46442272736315143,0.4161637088185863,0.4076980339984099
nominal,1,100,front_left,0.0,54.27739949319097,104,True,2.8657986543536116,0.551115125837233,0.5831810306005466,0.42427079214786106,0.5066028206179348,0.42962522711604834,0.49381108288294995,0.4812292013890468,0.5547798705788759,0.3746807990738979,0.5831810306005466,0.42427079214786106,0.0,0.0,0.49381108288294995,0.4812292013890468,0.5547798705788759,0.3746807990738979
nominal,1,101,front_left,0.0,-18.74953682501159,32,True,-0.8541146409060582,-0.5338216505662863,0.5693555805482902,0.4341424379963428,0.5489020443055779,0.4387779529206455,0.5441374860238284,0.5337554118596017,0.5133703409228474,0.3241700396174565,0.5693555805482902,0.4341424379963428,0.0,0.0,0.5441374860238284,0.5337554118596017,0.5133703409228474,0.3241700396174565
nominal,1,102,front_left,0.0,-16.656612156962456,30,True,-0.6382859727996435,-0.425523981866429,0.6684486374258996,0.4837440383931001,0.5993200318266948,0.538502154002587,0.47840361247460045,0.47335299650828044,0.5085940579573314,0.4196616484473149,0.6684486374258996,0.4837440383931001,0.0,0.0,0.47840361247460045,0.47335299650828044,0.5085940579573314,0.4196616484473149
nominal,1,103,front_left,0.0,55.66326501690024,35,True,3.1827411851122682,1.8187092486355818,0.717892672760146,0.45128741871033395,0.4423299215734005,0.48361315109900066,0.5921867213078907,0.4845287093094417,0.554836999305657,0.4394595543188708,0.717892672760146,0.45128741871033395,0.0,0.0,0.5921867213078907,0.4845287093094417,0.554836999305657,0.4394595543188708
nominal,1,104,front_left,0.0,-17.922875908752584,35,True,-0.66980714664523,-0.38274694094013145,0.5958923683102642,0.5398438476026058,0.5393499221120562,0.45393558676753726,0.5001871483666557,0.507412590937955,0.5299128700579916,0.39353272180472104,0.5958923683102642,0.5398438476026058,0.0,0.0,0.5001871483666557,0.507412590937955,0.5299128700579916,0.39353272180472104
nominal,1,105,front_left,0.0,-9.709603236152109,31,True,-0.169298420201735,-0.1092247872269258,0.5478328897828056,0.5086564461310064,0.4805107501245314,0.4728904614044774,0.5476193312675722,0.5391478343836723,0.6575263166619886,0.36176299892606273,0.5478328897828056,0.5086564461310064,0.0,0.0,0.5476193312675722,0.5391478343836723,0.6575263166619886,0.36176299892606273
nominal,1,106,front_left,0.0,33.24844965806622,41,True,2.003953862565841,0.9775384695443126,0.5804624182694569,0.5329556118969511,0.45403166923944543,0.4593807896826325,0.5117505647060347,0.4292812514595869,0.5262724132072635,0.5343727671155115,0.5804624182694569,0.5329556118969511,0.0,0.0,0.5117505647060347,0.4292812514595869,0.5262724132072635,0.5343727671155115
nominal,1,107,front_left,0.0,3.7122461539392275,23,True,0.40542201169313963,0.35254087973316484,0.6897020729501611,0.47429835780159285,0.4933254926101021,0.39762833617303683,0.5289984821625378,0.5435102517190187,0.5368439153484676,0.37606198713183403,0.6897020729501611,0.47429835780159285,0.0,0.0,0.5289984821625378,0.5435102517190187,0.5368439153484676,0.37606198713183403
nominal,1,108,front_left,0.0,3.4172721495251883,17,True,0.27621471836933853,0.3249584921992218,0.5585858865695841,0.49086098986513477,0.5780361198327121,0.34215591190492406,0.6055039710858289,0.38558921130264506,0.5353653676369611,0.4079626156565021,0.5585858865695841,0.49086098986513477,0.0,0.0,0.6055039710858289,0.38558921130264506,0.5353653676369611,0.4079626156565021
nominal,1,109,front_left,0.0,9.195536058186583,16,True,0.554526343516582,0.6931579293957275,0.5041984571143985,0.4137640171684325,0.5744118553120643,0.5530989691615105,0.6219785609282553,0.3954194439575076,0.6686744727194309,0.2949627758935094,0.5041984571143985,0.4137640171684325,0.0,0.0,0.6219785609282553,0.3954194439575076,0.6686744727194309,0.2949627758935094
nominal,1,100,front_right,0.0,9.789141144416854,14,True,0.8415499291958686,1.2022141845655263,0.6955852769315243,0.43295974151364397,0.5701321523104396,0.6792237662843296,0.5959462161575045,0.5083558059164456,0.77798195289714,0.4144702415381159,0.6955852769315243,0.43295974151364397,0.5701321523104396,0.6792237662843296,0.0,0.0,0.77798195289714,0.4144702415381159
nominal,1,101,front_right,0.0,7.180315047029689,19,True,0.5591331489805341,0.5885612094531938,0.5948404749169162,0.4261550889595559,0.6313777901232243,0.3975660169595166,0.5807149916103012,0.5766060258212843,0.5888264485095677,0.42540646344423294,0.5948404749169162,0.4261550889595559,0.6313777901232243,0.3975660169595166,0.0,0.0,0.5888264485095677,0.42540646344423294
nominal,1,102,front_right,0.0,-9.232047290113586,60,True,-0.2506318628648666,-0.08354395428828887,0.5731158564488094,0.478174629000326,0.500936537484328,0.49949912428855897,0.5375900396456321,0.5227508927385013,0.4279663674533367,0.4616943035895626,0.5731158564488094,0.478174629000326,0.500936537484328,0.49949912428855897,0.0,0.0,0.4279663674533367,0.4616943035895626
nominal,1,103,front_right,0.0,10.65172859572197,45,True,0.9543899513749093,0.4241733117221819,0.6543312914255592,0.45010796048574975,0.524302848842409,0.504785344004631,0.5073700255817837,0.4707586795091629,0.5247058729330699,0.45813303457366095,0.6543312914255592,0.45010796048574975,0.524302848842409,0.504785344004631,0.0,0.0,0.5247058729330699,0.45813303457366095
nominal,1,104,front_right,0.0,14.046462743050142,118,True,1.1417805766452274,0.1935221316347843,0.6079772978989502,0.44358304158737094,0.4936335870396283,0.5498719264642667,0.568238918937869,0.4849240686428749,0.472222164273262,0.4230971303215976,0.6079772978989502,0.44358304158737094,0.4936335870396283,0.5498719264642667,0.0,0.0,0.472222164273262,0.4230971303215976
nominal,1,105,front_right,0.0,6.382119689440377,45,True,0.3437331422633201,0.15277028545036447,0.5036351914207141,0.3989070802927017,0.46437773240937125,0.5052821432550748,0.6058167512218158,0.42674994700484803,0.552864596247673,0.3956831408043702,0.5036351914207141,0.3989070802927017,0.46437773240937125,0.5052821432550748,0.0,0.0,0.552864596247673,0.3956831408043702
nominal,1,106,front_right,0.0,-3.8693613860309686,41,True,0.18046916132819996,0.08803373723326827,0.5802196038478031,0.5182652513428432,0.5116820121865447,0.5528085006446373,0.5271791281496606,0.4918348425772132,0.5706552692302843,0.41591639789502793,0.5802196038478031,0.5182652513428432,0.5116820121865447,0.5528085006446373,0.0,0.0,0.5706552692302843,0.41591639789502793
nominal,1,107,front_right,0.0,-1.4244003622958599,20,True,0.16313225971979387,0.16313225971979387,0.7334191456437111,0.3864579414948821,0.531058955937624,0.48991530686616896,0.6163186978548765,0.5559103313833476,0.5840075388550758,0.44404857493937017,0.7334191456437111,0.3864579414948821,0.531058955937624,0.48991530686616896,0.0,0.0,0.5840075388550758,0.44404857493937017
nominal,1,108,front_right,0.0,-7.862916290093938,30,True,-0.1959078555559136,-0.13060523703727575,0.7364577144384384,0.3912648720045884,0.4743547375003497,0.4761989595989386,0.6428616724908351,0.48364245643218357,0.5189412191510201,0.4162412746498982,0.7364577144384384,0.3912648720045884,0.4743547375003497,0.4761989595989386,0.0,0.0,0.5189412191510201,0.4162412746498982
nominal,1,109,front_right,0.0,36.809065797193774,89,True,1.7430154377276905,0.39168886241071693,0.5864755204261354,0.5058433154828093,0.4719961944423365,0.4430045467916499,0.5937503447777099,0.5316831275318445,0.42871557711885216,0.3760191354942456,0.5864755204261354,0.5058433154828093,0.4719961944423365,0.4430045467916499,0.0,0.0,0.42871557711885216,0.3760191354942456
nominal,1,100,back_left,0.0,13.753970634873859,143,True,0.8942497229619453,0.12506989132334898,0.6124240638414672,0.45420726940973655,0.397321486936791,0.3999212744248497,0.5774597726710193,0.48710900341922586,0.49371498687700793,0.48451507039420255,0.6124240638414672,0.45420726940973655,0.397321486936791,0.3999212744248497,0.5774597726710193,0.48710900341922586,0.0,0.0
nominal,1,101,back_left,0.0,21.440009302552802,104,True,1.129287719619254,0.21717071531139498,0.5542255753579621,0.4554713145973018,0.4050731996719081,0.3884363943137802,0.5154232947299113,0.5583889753772662,0.5172803497228485,0.43131795711815357,0.5542255753579621,0.4554713145973018,0.4050731996719081,0.3884363943137802,0.5154232947299113,0.5583889753772662,0.0,0.0
nominal,1,102,back_left,0.0,21.705729668921638,247,True,1.406173779807907,0.11386022508566047,0.6320514892141226,0.43101646986446884,0.4071325503048385,0.40505152931700833,0.5395199220612464,0.5018786243822894,0.5041970957809614,0.40857690604411157,0.6320514892141226,0.43101646986446884,0.4071325503048385,0.40505152931700833,0.5395199220612464,0.5018786243822894,0.0,0.0
nominal,1,103,back_left,0.0,-24.6446723870631,209,True,-0.6735658901379918,-0.06445606604191309,0.6303126207557306,0.4243026521395553,0.3767624561403071,0.46701054492492994,0.5149036282450674,0.5522789629666429,0.5156427538423447,0.4078151284578885,0.6303126207557306,0.4243026521395553,0.3767624561403071,0.46701054492492994,0.5149036282450674,0.5522789629666429,0.0,0.0
nominal,1,104,back_left,0.0,4.71715809091077,33,True,0.5427951159566334,0.32896673694341416,0.6606176315496365,0.4656873708873084,0.5274159659941992,0.3800676896265059,0.619591277431358,0.4847342281630545,0.5614828589287671,0.36611414463682607,0.6606176315496365,0.4656873708873084,0.5274159659941992,0.3800676896265059,0.619591277431358,0.4847342281630545,0.0,0.0
nominal,1,105,back_left,0.0,7.217615083599785,21,True,0.6029223574739434,0.5742117690228032,0.6126222311563435,0.44782735868578866,0.5082147903740406,0.45269478999433066,0.6571563915127799,0.4757207802363804,0.6354502929108483,0.4380000304608118,0.6126222311563435,0.44782735868578866,0.5082147903740406,0.45269478999433066,0.6571563915127799,0.4757207802363804,0.0,0.0
nominal,1,106,back_left,0.0,11.647270459406037,42,True,0.9044417671621905,0.43068655579151927,0.6037084142721835,0.4746737192784037,0.45110006328849567,0.4481279793239775,0.5678175691337812,0.5285121422438395,0.5553764197088423,0.3526191497665076,0.6037084142721835,0.4746737192784037,0.45110006328849567,0.4481279793239775,0.5678175691337812,0.5285121422438395,0.0,0.0
nominal,1,107,back_left,0.0,76.69760154008665,112,True,4.453464997255647,0.7952616066527941,0.6303205159991714,0.4617943021003157,0.4213794588244387,0.5020549362525344,0.5532122610935143,0.5029052150036607,0.5073641688962068,0.49827532323875595,0.6303205159991714,0.4617943021003157,0.4213794588244387,0.5020549362525344,0.5532122610935143,0.5029052150036607,0.0,0.0
nominal,1,108,back_left,0.0,-8.044378006544763,73,True,-0.3441934576940866,-0.09429957745043467,0.6212058659285715,0.45299099855227015,0.4362152337721766,0.3492972855902698,0.5158536236171853,0.4875297001371645,0.5171498096969029,0.44230247411417634,0.6212058659285715,0.45299099855227015,0.4362152337721766,0.3492972855902698,0.5158536236171853,0.4875297001371645,0.0,0.0
nominal,1,109,back_left,0.0,7.070282527142812,41,True,0.5201819158408773,0.25374727601994007,0.5701470808012457,0.4712660264496396,0.4447655483353429,0.4012669090454171,0.5981332517978621,0.42364122046203145,0.5236806240750522,0.4627335163333067,0.5701470808012457,0.4712660264496396,0.4447655483353429,0.4012669090454171,0.5981332517978621,0.42364122046203145,0.0,0.0
nominal,1,100,back_right,0.0,46.47456814973742,84,True,2.457849464314826,0.5852022534082919,0.5659170548121134,0.5066260864425983,0.4790185914774026,0.5090420887406383,0.5060378266054959,0.4450922874467714,0.45706459578304065,0.5484569656352202,0.0,0.0,0.4790185914774026,0.5090420887406383,0.5060378266054959,0.4450922874467714,0.45706459578304065,0.5484569656352202
nominal,1,101,back_right,0.0,103.04874504876395,131,True,5.84286081896845,0.8920398196898397,0.5575582886271122,0.5059866970333889,0.4904232457962655,0.4690044818033699,0.5778828414569375,0.505509510750079,0.4498730158532849,0.5308690637577581,0.0,0.0,0.4904232457962655,0.4690044818033699,0.5778828414569375,0.505509510750079,0.4498730158532849,0.5308690637577581
nominal,1,102,back_right,0.0,-0.46543804195139926,8,True,0.31578931551590794,0.7894732887897699,0.48559108935296535,0.5406834278255701,0.906879223883152,0.7850600928068161,0.6438336605206132,0.4342131223529577,0.6953240968286991,0.5959198861382902,0.0,0.0,0.906879223883152,0.7850600928068161,0.6438336605206132,0.4342131223529577,0.6953240968286991,0.5959198861382902
nominal,1,103,back_right,0.0,2.721805107465131,48,True,0.15013773968882238,0.06255739153700932,0.5307950703039145,0.3797715328789006,0.4678777540102601,0.47407721014072496,0.5469869074101249,0.44976350385695696,0.4692523196960489,0.45516093098558486,0.0,0.0,0.4678777540102601,0.47407721014072496,0.5469869074101249,0.44976350385695696,0.4692523196960489,0.45516093098558486
nominal,1,104,back_right,0.0,30.73894309688403,56,True,2.1504396147422637,0.768014148122237,0.6069096007517406,0.4894079813467605,0.526829559023359,0.5989447595285518,0.5501215660146305,0.48417551283325466,0.5509191668991532,0.5369179584751171,0.0,0.0,0.526829559023359,0.5989447595285518,0.5501215660146305,0.48417551283325466,0.5509191668991532,0.5369179584751171
nominal,1,105,back_right,0.0,-9.14190401076062,16,True,-0.07545780752616724,-0.09432225940770904,0.5429530050605536,0.45998419425450265,0.6921473611146212,0.6094775050878525,0.5478140320628881,0.5358835589140654,0.624094981700182,0.5476701520383358,0.0,0.0,0.6921473611146212,0.6094775050878525,0.5478140320628881,0.5358835589140654,0.624094981700182,0.5476701520383358
nominal,1,106,back_right,0.0,24.44309125422499,86,True,1.629541029404092,0.37896303009397486,0.6149197917344958,0.4486850725790096,0.48441904458368934,0.4615950711764569,0.5879844687879086,0.4701667002640491,0.49847569316625595,0.5301715344363866,0.0,0.0,0.48441904458368934,0.4615950711764569,0.5879844687879086,0.4701667002640491,0.49847569316625595,0.5301715344363866
nominal,1,107,back_right,0.0,6.589530518414502,20,True,0.6495989183872534,0.6495989183872534,0.6082159911282361,0.4169018318876624,0.5463249018415809,0.5427110306918621,0.5818988170474768,0.4511539973318577,0.7504732564091683,0.4766535164788365,0.0,0.0,0.5463249018415809,0.5427110306918621,0.5818988170474768,0.4511539973318577,0.7504732564091683,0.4766535164788365
nominal,1,108,back_right,0.0,-7.880294412777786,29,True,-0.10243581813444541,-0.0706453918168589,0.5415266057926005,0.5666181690477091,0.6520006390738076,0.47997071748149805,0.5752892666335764,0.4308296123455311,0.5961740654090355,0.47805507750860576,0.0,0.0,0.6520006390738076,0.47997071748149805,0.5752892666335764,0.4308296123455311,0.5961740654090355,0.47805507750860576
nominal,1,109,back_right,0.0,12.230838217532783,14,True,0.8469663557269167,1.209951936752738,0.4983776519075036,0.4054788822042091,0.7384666348142284,0.39947997725435663,0.6319267292107854,0.424005497779165,0.6450221070221492,0.38941061150814804,0.0,0.0,0.7384666348142284,0.39947997725435663,0.6319267292107854,0.424005497779165,0.6450221070221492,0.38941061150814804
nominal,2,100,healthy,1.0,17.048160883514264,20,True,1.1173612966660893,1.1173612966660893,0.3730017118155956,0.43096273988485334,0.625190070644021,0.5324545558542013,0.45532286167144775,0.43100412618368866,0.3981350738555193,0.4597813904285431,0.3730017118155956,0.43096273988485334,0.625190070644021,0.5324545558542013,0.45532286167144775,0.43100412618368866,0.3981350738555193,0.4597813904285431
nominal,2,101,healthy,1.0,20.18900376136227,22,True,1.0120350986982305,0.9200319079074822,0.35267693820324814,0.3583129248158498,0.4122335490855304,0.4009196961467916,0.4400872825221582,0.3708268304101445,0.41670729186047206,0.4155329117043452,0.35267693820324814,0.3583129248158498,0.4122335490855304,0.4009196961467916,0.4400872825221582,0.3708268304101445,0.41670729186047206,0.4155329117043452
nominal,2,102,healthy,1.0,-3.4756012109316012,10,True,-0.052695622388731655,-0.10539124477746331,0.5452336840331554,0.3899685099720955,0.4797097533941269,0.5142425909638405,0.4187913678586483,0.4820405561476946,0.36169859282672406,0.28561361208558084,0.5452336840331554,0.3899685099720955,0.4797097533941269,0.5142425909638405,0.4187913678586483,0.4820405561476946,0.36169859282672406,0.28561361208558084
nominal,2,103,healthy,1.0,-6.915352048122397,70,True,-0.43435721224652396,-0.12410206064186399,0.36475123539566995,0.34840459653309414,0.5012815209371703,0.45588536741478103,0.3727541953325272,0.4127741208033902,0.43494182558996336,0.31655429495232446,0.36475123539566995,0.34840459653309414,0.5012815209371703,0.45588536741478103,0.3727541953325272,0.4127741208033902,0.43494182558996336,0.31655429495232446
nominal,2,104,healthy,1.0,3.5610806150819423,65,True,0.07979184241659279,0.024551336128182395,0.3758413939521863,0.3538301983704934,0.5249077149022084,0.44610610048358257,0.39082991973711895,0.36707893535494807,0.3722929776287996,0.353298424069698,0.3758413939521863,0.3538301983704934,0.5249077149022084,0.44610610048358257,0.39082991973711895,0.36707893535494807,0.3722929776287996,0.353298424069698
nominal,2,105,healthy,1.0,62.572977164072796,95,True,2.996989145717136,0.6309450833088707,0.33954328690704544,0.3781790151407844,0.4372377928150328,0.4520207616451539,0.4613067824589579,0.371746092681822,0.40707683292658703,0.3345062466828447,0.33954328690704544,0.3781790151407844,0.4372377928150328,0.4520207616451539,0.4613067824589579,0.371746092681822,0.40707683292658703,0.3345062466828447
nominal,2,106,healthy,1.0,63.098347540982274,49,True,3.2856614463014076,1.3410863046128194,0.37059255339661423,0.41118422850054137,0.43600558945719076,0.5320517806982508,0.4243144031081881,0.3885077718569308,0.412968961255891,0.3778312391772562,0.37059255339661423,0.41118422850054137,0.43600558945719076,0.5320517806982508,0.4243144031081881,0.3885077718569308,0.412968961255891,0.3778312391772562
nominal,2,107,healthy,1.0,41.71973724516113,31,True,2.3171674616514633,1.4949467494525568,0.3612793854648067,0.31176088125474993,0.45860067298335416,0.4004812170901606,0.4889318649807284,0.37710835700554235,0.5680482373122246,0.49190831376660255,0.3612793854648067,0.31176088125474993,0.45860067298335416,0.4004812170901606,0.4889318649807284,0.37710835700554235,0.5680482373122246,0.49190831376660255
nominal,2,108,healthy,1.0,28.43158846549781,38,True,1.4545215078935836,0.765537635733465,0.3296521108009313,0.3963112521328424,0.45397672998277766,0.5142802458354517,0.434301545941516,0.2772136782541087,0.4369591161804764,0.3729349300265312,0.3296521108009313,0.3963112521328424,0.45397672998277766,0.5142802458354517,0.434301545941516,0.2772136782541087,0.4369591161804764,0.3729349300265312
nominal,2,109,healthy,1.0,104.2776231627723,133,True,4.929118050293632,0.7412207594426514,0.3351220544567682,0.3429721659399513,0.4613999271186776,0.45486543536242235,0.40166574604529187,0.3855742811596483,0.4371141751289816,0.3421056324938186,0.3351220544567682,0.3429721659399513,0.4613999271186776,0.45486543536242235,0.40166574604529187,0.3855742811596483,0.4371141751289816,0.3421056324938186
nominal,2,100,front_left,0.5,70.80890742428858,84,True,2.5716165320536195,0.612289650488957,0.3293209234696059,0.3439181518873998,0.4625834620979038,0.47387905330175445,0.4059872439219838,0.4283012571700272,0.4425356700306847,0.32728655893533004,0.3293209234696059,0.3439181518873998,0.2312917310489519,0.23693952665087722,0.4059872439219838,0.4283012571700272,0.4425356700306847,0.32728655893533004
nominal,2,101,front_left,0.5,341.7593851590246,1000,False,-1.70250115560371,-0.034050023112074196,0.3186788087747991,0.31633254273608324,0.46464445810578764,0.43731373925507067,0.36050206220895054,0.3144874852560461,0.420163296982646,0.3343415636271238,0.3186788087747991,0.31633254273608324,0.23232222905289382,0.21865686962753533,0.36050206220895054,0.3144874852560461,0.420163296982646,0.3343415636271238
nominal,2,102,front_left,0.5,34.35054365022052,75,True,0.6476012078788417,0.17269365543435777,0.35581471274296445,0.3200506988167763,0.4069968292613824,0.4396594209720691,0.4171227502822876,0.4185781989991665,0.41596154039104777,0.3049657614032428,0.35581471274296445,0.3200506988167763,0.2034984146306912,0.21982971048603456,0.4171227502822876,0.4185781989991665,0.41596154039104777,0.3049657614032428
nominal,2,103,front_left,0.5,70.91084946554238,45,True,3.0689966997144085,1.3639985332064037,0.4269196096393797,0.35331920385360716,0.39716707283837926,0.5339028981410795,0.3873350891802046,0.4310984958377149,0.4773364790611797,0.3235445264312956,0.4269196096393797,0.35331920385360716,0.19858353641918963,0.26695144907053975,0.3873350891802046,0.4310984958377149,0.4773364790611797,0.3235445264312956
nominal,2,104,front_left,0.5,28.562400692676515,47,True,1.1569101085579891,0.49230217385446345,0.37239538624565655,0.32585939891794896,0.4756988117550599,0.4200471309509049,0.45459201805135036,0.39473690401683464,0.6025720711084123,0.3588868690297959,0.37239538624565655,0.32585939891794896,0.23784940587752995,0.21002356547545245,0.45459201805135036,0.39473690401683464,0.6025720711084123,0.3588868690297959
nominal,2,105,front_left,0.5,18.89286522319728,17,True,0.8031811126706139,0.9449189560830751,0.4460030662662843,0.38971947834772225,0.5265824387726539,0.522603373755427,0.4533161599846447,0.3379392060725128,0.3055490119492306,0.4006490742459017,0.4460030662662843,0.38971947834772225,0.26329121938632694,0.2613016868777135,0.4533161599846447,0.3379392060725128,0.3055490119492306,0.4006490742459017
nominal,2,106,front_left,0.5,28.80229949781381,156,True,-0.4561890183272034,-0.058485771580410684,0.3520508057031876,0.36925127825293785,0.44273876444173926,0.45071071018584263,0.36833940436824775,0.39552159428309935,0.4672338657367688,0.35862174274352115,0.3520508057031876,0.36925127825293785,0.22136938222086963,0.22535535509292132,0.36833940436824775,0.39552159428309935,0.4672338657367688,0.35862174274352115
nominal,2,107,front_left,0.5,24.437688639618486,59,True,0.41038630369689827,0.13911400125318585,0.3560191688396163,0.3903929141618438,0.4088476278613937,0.48341688693706264,0.39232039653648765,0.3693082088257297,0.358353027474072,0.36734793739298643,0.3560191688396163,0.3903929141618438,0.20442381393069686,0.24170844346853132,0.39232039653648765,0.3693082088257297,0.358353027474072,0.36734793739298643
nominal,2,108,front_left,0.5,96.16206895397562,213,True,1.7910011490362405,0.16816912197523384,0.3401231201881534,0.3763899753491084,0.43388023123827196,0.4104674434717832,0.3877174248088134,0.3825785884100227,0.42529560539853967,0.3428974048335088,0.3401231201881534,0.3763899753491084,0.21694011561913598,0.2052337217358916,0.3877174248088134,0.3825785884100227,0.42529560539853967,0.3428974048335088
nominal,2,109,front_left,0.5,21.98099616181452,38,True,0.6764634874627387,0.35603341445407294,0.36910965528927353,0.3973236276130927,0.43405142838233396,0.4890272018842791,0.42120234707468435,0.3775800452812722,0.43282360220818145,0.28350213385726275,0.36910965528927353,0.3973236276130927,0.21702571419116698,0.24451360094213956,0.42120234707468435,0.3775800452812722,0.43282360220818145,0.28350213385726275
nominal,2,100,front_right,0.5,217.88998365115484,221,True,8.893869190541476,0.8048750398680069,0.3628545096691917,0.3650825300772266,0.5206516822420768,0.475007797747311,0.3585112769476968,0.35663301071227943,0.40377478803849326,0.36228311132656504,0.3628545096691917,0.3650825300772266,0.5206516822420768,0.475007797747311,0.1792556384738484,0.17831650535613972,0.40377478803849326,0.36228311132656504
nominal,2,101,front_right,0.5,16.19093004192857,22,True,0.8002874757083899,0.727534068825809,0.4044086282903498,0.4099845710125836,0.5240646712481976,0.39128903375769203,0.46410803361372516,0.4143271784890782,0.5104224185713313,0.3573823699896986,0.4044086282903498,0.4099845710125836,0.5240646712481976,0.39128903375769203,0.23205401680686258,0.2071635892445391,0.5104224185713313,0.3573823699896986
nominal,2,102,front_right,0.5,47.86937777861033,74,True,1.9117805508739136,0.5166974461821388,0.3477568883146789,0.3491387262537673,0.5436297953128815,0.5627202091587556,0.332229182728239,0.385220287267018,0.42746971537535255,0.3167750310857554,0.3477568883146789,0.3491387262537673,0.5436297953128815,0.5627202091587556,0.1661145913641195,0.192610143633509,0.42746971537535255,0.3167750310857554
nominal,2,103,front_right,0.5,43.35193834428267,29,True,2.1483037834825893,1.481588816194889,0.3850061246033373,0.3914865265632498,0.47577240240984947,0.5443110719708533,0.40899499531449945,0.4570463790461935,0.49706482347743264,0.3771379587465319,0.3850061246033373,0.3914865265632498,0.47577240240984947,0.5443110719708533,0.20449749765724973,0.22852318952309675,0.49706482347743264,0.3771379587465319
nominal,2,104,front_right,0.5,24.865673595067168,29,True,1.1009554616745185,0.7592796287410472,0.3041942361099967,0.38045722400319987,0.5521400858616007,0.44021736290948144,0.5394382081155119,0.470542052182658,0.5134675773824083,0.3179443645580062,0.3041942361099967,0.38045722400319987,0.5521400858616007,0.44021736290948144,0.26971910405775595,0.235271026091329,0.5134675773824083,0.3179443645580062
nominal,2,105,front_right,0.5,43.84985600744014,45,True,2.050554548751014,0.9113575772226729,0.37816186216142444,0.4157455090019438,0.5697145960604151,0.4731815668443839,0.3366805907752779,0.3897896558046341,0.45024209486113653,0.35771287431319554,0.37816186216142444,0.4157455090019438,0.5697145960604151,0.4731815668443839,0.16834029538763895,0.19489482790231705,0.45024209486113653,0.35771287431319554
nominal,2,106,front_right,0.5,137.90598306641925,127,True,5.497445161260385,0.8657393954740764,0.324050603331778,0.34369192724152814,0.5204157110626303,0.428669627037222,0.3896625186280003,0.3659056320375814,0.3771592097899576,0.3663678506579925,0.324050603331778,0.34369192724152814,0.5204157110626303,0.428669627037222,0.19483125931400014,0.1829528160187907,0.3771592097899576,0.3663678506579925
nominal,2,107,front_right,0.5,61.93310228537257,191,True,0.9955062188752715,0.10424148888746297,0.31812551379671894,0.36453469148325046,0.5010978168130155,0.44271917589476906,0.39595038400894683,0.37382636328486246,0.41232561119173833,0.3480022033939811,0.31812551379671894,0.36453469148325046,0.5010978168130155,0.44271917589476906,0.19797519200447342,0.18691318164243123,0.41232561119173833,0.3480022033939811
nominal,2,108,front_right,0.5,11.199399376899173,16,True,0.5741484435536497,0.7176855544420621,0.4214191217906773,0.39763302821666,0.5716169342049398,0.5564817595295608,0.4866285715252161,0.42914815433323383,0.3579981694929302,0.38635071041062474,0.4214191217906773,0.39763302821666,0.5716169342049398,0.5564817595295608,0.24331428576260805,0.21457407716661692,0.3579981694929302,0.38635071041062474
nominal,2,109,front_right,0.5,10.21491481050674,12,True,0.5737199443118951,0.9561999071864917,0.49446976371109486,0.4470321846505006,0.7617049192388853,0.4719058095167081,0.3985187051196893,0.4189949830373128,0.41018236552675563,0.27967996584872407,0.49446976371109486,0.4470321846505006,0.7617049192388853,0.4719058095167081,0.19925935255984464,0.2094974915186564,0.41018236552675563,0.27967996584872407
nominal,2,100,back_left,0.5,34.672504523859175,30,True,1.5263578424006445,1.017571894933763,0.3162177376449108,0.39347474873065946,0.5194247429880003,0.5091335309669376,0.3433542380730311,0.40519839773575467,0.3610770545899868,0.4214011246959368,0.3162177376449108,0.39347474873065946,0.5194247429880003,0.5091335309669376,0.3433542380730311,0.40519839773575467,0.1805385272949934,0.2107005623479684
nominal,2,101,back_left,0.5,22.33112462052826,38,True,0.763170384068115,0.4016686231937447,0.3409147423348929,0.33488713361715017,0.531073795337426,0.45127245323046256,0.4103377394770321,0.34395773640196575,0.4229320439657098,0.3301490743301417,0.3409147423348929,0.33488713361715017,0.531073795337426,0.45127245323046256,0.4103377394770321,0.34395773640196575,0.2114660219828549,0.16507453716507084
nominal,2,102,back_left,0.5,73.10031809353501,45,True,3.284731513324763,1.4598806725887836,0.32187128083573446,0.38177242759201263,0.5496672872040007,0.43774039703938694,0.462588806450367,0.3321333869463868,0.3926035057339403,0.3557174710763825,0.32187128083573446,0.38177242759201263,0.5496672872040007,0.43774039703938694,0.462588806450367,0.3321333869463868,0.19630175286697016,0.17785873553819126
nominal,2,103,back_left,0.5,52.845524971337895,36,True,2.465043232330833,1.3694684624060183,0.44136913927892846,0.41345490432447857,0.5172503364996778,0.5068716473049588,0.36250531383686596,0.37144731564654243,0.4257514997281962,0.37375625285009545,0.44136913927892846,0.41345490432447857,0.5172503364996778,0.5068716473049588,0.36250531383686596,0.37144731564654243,0.2128757498640981,0.18687812642504772
nominal,2,104,back_left,0.5,75.68613838353099,133,True,2.433410528526515,0.36592639526714504,0.31568814990551847,0.3913310582476451,0.49267659498128297,0.4455394404975319,0.4183990930704246,0.32480578945207417,0.4223998358711264,0.35774343673671993,0.31568814990551847,0.3913310582476451,0.49267659498128297,0.4455394404975319,0.4183990930704246,0.32480578945207417,0.2111999179355632,0.17887171836835997
nominal,2,105,back_left,0.5,94.40473269653239,112,True,3.9216216238070927,0.700289575679838,0.3742232293422733,0.4101911446611796,0.4871855212425414,0.5063728528496411,0.3582305643441422,0.37301971700175535,0.4488573830707797,0.3929802103500281,0.3742232293422733,0.4101911446611796,0.4871855212425414,0.5063728528496411,0.3582305643441422,0.37301971700175535,0.22442869153538986,0.19649010517501406
nominal,2,106,back_left,0.5,81.27585672394036,65,True,3.6748941697891038,1.1307366676274166,0.39548912128576863,0.3878078176425053,0.5347009876599679,0.4168427571367759,0.44936042577028273,0.3430901671258303,0.4898781571823817,0.37003773829111686,0.39548912128576863,0.3878078176425053,0.5347009876599679,0.4168427571367759,0.44936042577028273,0.3430901671258303,0.24493907859119085,0.18501886914555843
nominal,2,107,back_left,0.5,11.440787212237499,25,True,0.39618772475998293,0.31695017980798634,0.40412112444639203,0.3759380578994751,0.46462152391672135,0.39643991567194464,0.46029009610414506,0.35124984234571455,0.40633420139551163,0.4092371416091919,0.40412112444639203,0.3759380578994751,0.46462152391672135,0.39643991567194464,0.46029009610414506,0.35124984234571455,0.20316710069775581,0.20461857080459595
nominal,2,108,back_left,0.5,15.170529686032605,20,True,0.7298851394210989,0.7298851394210989,0.4082115478813648,0.42265918627381327,0.5648104928433895,0.5050080291926861,0.4678682662546635,0.292343688942492,0.4070203533396125,0.4444487255066633,0.4082115478813648,0.42265918627381327,0.5648104928433895,0.5050080291926861,0.4678682662546635,0.292343688942492,0.20351017666980625,0.22222436275333166
nominal,2,109,back_left,0.5,38.35742666784232,67,True,1.2761085716494962,0.3809279318356705,0.33664704937098633,0.38410556005008184,0.4923006775441454,0.4060665103537378,0.4553828702044131,0.38430600457671865,0.4261097742884017,0.32091047247843957,0.33664704937098633,0.38410556005008184,0.4923006775441454,0.4060665103537378,0.4553828702044131,0.38430600457671865,0.21305488714420084,0.16045523623921978
nominal,2,100,back_right,0.5,9.128830953367867,11,True,0.5413360904748885,0.98424743722707,0.3600598133423112,0.3503983034328981,0.5382509353485975,0.39277329008010303,0.49702040580185974,0.5351181003180417,0.5392113395712592,0.46295456114140426,0.1800299066711556,0.17519915171644904,0.5382509353485975,0.39277329008010303,0.49702040580185974,0.5351181003180417,0.5392113395712592,0.46295456114140426
nominal,2,101,back_right,0.5,14.661369799338587,21,True,0.6969305148244497,0.6637433474518568,0.3445151426962444,0.32476410411653067,0.553535323767435,0.42860823381869567,0.41604922463496524,0.4650311732576007,0.47244393754573094,0.30016372565712246,0.1722575713481222,0.16238205205826534,0.553535323767435,0.42860823381869567,0.41604922463496524,0.4650311732576007,0.47244393754573094,0.30016372565712246
nominal,2,102,back_right,0.5,37.23753910587106,137,True,0.5867576998633439,0.08565805837421078,0.3795659133253524,0.37152545958974936,0.465591690734192,0.4387246659909287,0.3796427836165811,0.39859391164279334,0.4275980108573924,0.3654272215318506,0.1897829566626762,0.18576272979487468,0.465591690734192,0.4387246659909287,0.3796427836165811,0.39859391164279334,0.4275980108573924,0.3654272215318506
nominal,2,103,back_right,0.5,142.2476635695663,177,True,5.799456647114083,0.6553058358320999,0.3685388870663562,0.36708737821397136,0.4786856785356751,0.4365803165687511,0.4159132308710766,0.3772232033480695,0.4770584301339031,0.34266104462877506,0.1842694435331781,0.18354368910698568,0.4786856785356751,0.4365803165687511,0.4159132308710766,0.3772232033480695,0.4770584301339031,0.34266104462877506
nominal,2,104,back_right,0.5,22.8012098734768,37,True,0.8005990515575242,0.4327562440851482,0.36222518940229675,0.3297106974028252,0.37859266409902154,0.5544410682207829,0.3484028426779283,0.47949486850081263,0.38099868947992455,0.29364117083920016,0.18111259470114838,0.1648553487014126,0.37859266409902154,0.5544410682207829,0.3484028426779283,0.47949486850081263,0.38099868947992455,0.29364117083920016
nominal,2,105,back_right,0.5,18.168892471572335,25,True,0.9649419464340729,0.7719535571472583,0.39929485648870466,0.3287820816040039,0.5047434738278389,0.3812943680584431,0.4346610850095749,0.4938955435156822,0.5437708140909672,0.43908805787563326,0.19964742824435233,0.16439104080200195,0.5047434738278389,0.3812943680584431,0.4346610850095749,0.4938955435156822,0.5437708140909672,0.43908805787563326
nominal,2,106,back_right,0.5,22.114245741989194,24,True,1.196094805208315,0.9967456710069289,0.3570658791189392,0.40173730192085105,0.5126472854365905,0.5863959106306235,0.4793087060873707,0.45151702174916863,0.5137357564332584,0.38564090958486,0.1785329395594696,0.20086865096042553,0.5126472854365905,0.5863959106306235,0.4793087060873707,0.45151702174916863,0.5137357564332584,0.38564090958486
nominal,2,107,back_right,0.5,17.854300722035926,29,True,0.8761308304776215,0.6042281589500837,0.2657794980653401,0.3323316967179035,0.45711507131185,0.4538766381427132,0.4529045578734628,0.4651812616864155,0.539839658372361,0.3891292389096885,0.13288974903267006,0.16616584835895176,0.45711507131185,0.4538766381427132,0.4529045578734628,0.4651812616864155,0.539839658372361,0.3891292389096885
nominal,2,108,back_right,0.5,83.98584199615293,83,True,3.7288566668700285,0.8985196787638622,0.3642811893698681,0.3226513982896345,0.5010074848892638,0.46913329370499374,0.4193797291043293,0.37279211123844225,0.49919670878584127,0.35594342981117316,0.18214059468493404,0.16132569914481726,0.5010074848892638,0.46913329370499374,0.4193797291043293,0.37279211123844225,0.49919670878584127,0.35594342981117316
nominal,2,109,back_right,0.5,93.90374051853566,114,True,3.4270313714424883,0.6012335739372786,0.3543147144087574,0.39046925378211755,0.46278457788815885,0.36360357324347686,0.3709566710810912,0.4015344890782185,0.41092691345042304,0.38514400698375284,0.1771573572043787,0.19523462689105878,0.46278457788815885,0.36360357324347686,0.3709566710810912,0.4015344890782185,0.41092691345042304,0.38514400698375284
nominal,2,100,front_left,0.0,140.40778281964202,459,True,-0.9382494469701403,-0.040882328844014826,0.33645144429601614,0.355075406701931,0.40588571960289105,0.4806521771179435,0.35420468798584925,0.3843050590413978,0.47864898581520404,0.35108815792599013,0.33645144429601614,0.355075406701931,0.0,0.0,0.35420468798584925,0.3843050590413978,0.47864898581520404,0.35108815792599013
nominal,2,101,front_left,0.0,105.97023764711065,236,True,1.6655591746559977,0.1411490825979659,0.3176085771834951,0.3534753535069146,0.4415949049871415,0.4678176285351737,0.3680871647103863,0.40031798987381034,0.4979648686850728,0.38469770121372354,0.3176085771834951,0.3534753535069146,0.0,0.0,0.3680871647103863,0.40031798987381034,0.4979648686850728,0.38469770121372354
nominal,2,102,front_left,0.0,139.98616798298454,185,True,3.5695326004614465,0.3858954162661023,0.3170091025732659,0.33960386889206395,0.4367822977383873,0.5041141676439627,0.36609444086616105,0.4008102182198215,0.4556415304138854,0.3357474199420697,0.3170091025732659,0.33960386889206395,0.0,0.0,0.36609444086616105,0.4008102182198215,0.4556415304138854,0.3357474199420697
nominal,2,103,front_left,0.0,432.4553798219079,1000,False,1.181148603624132,0.02362297207248264,0.31922683472558855,0.3228319004625082,0.407635097276303,0.4641896881535649,0.3349194580949843,0.35708552986755965,0.469426244135946,0.3471660901978612,0.31922683472558855,0.3228319004625082,0.0,0.0,0.3349194580949843,0.35708552986755965,0.469426244135946,0.3471660901978612
nominal,2,104,front_left,0.0,94.32217796160492,137,True,2.6988043980792065,0.3939860435152126,0.3277030766119052,0.37217342315146523,0.4388713626136636,0.520916394277537,0.34378397812808514,0.3981456270128706,0.4964336258814718,0.38097693787439024,0.3277030766119052,0.37217342315146523,0.0,0.0,0.34378397812808514,0.3981456270128706,0.4964336258814718,0.38097693787439024
nominal,2,105,front_left,0.0,204.7228541875516,437,True,2.45494564654781,0.1123544918328517,0.31845566657642477,0.3553091515222185,0.3969945049902224,0.45411663354551357,0.36920864066829395,0.37006751529753074,0.48896976131562236,0.3420230835181761,0.31845566657642477,0.3553091515222185,0.0,0.0,0.36920864066829395,0.37006751529753074,0.48896976131562236,0.3420230835181761
nominal,2,106,front_left,0.0,17.00840233820787,50,True,-0.03146668208095886,-0.012586672832383544,0.39325081527233124,0.3706324116885662,0.34863647969439626,0.5880535493046045,0.3397673444449902,0.3843368894606829,0.4460401237010956,0.3489041283726692,0.39325081527233124,0.3706324116885662,0.0,0.0,0.3397673444449902,0.3843368894606829,0.4460401237010956,0.3489041283726692
nominal,2,107,front_left,0.0,79.28211867552815,121,True,2.509445653006721,0.4147844054556563,0.3009038090952172,0.38781260070968265,0.43488770310020397,0.4949876827087777,0.39726338997360106,0.4496824118224057,0.5074629984365022,0.4079341535602719,0.3009038090952172,0.38781260070968265,0.0,0.0,0.39726338997360106,0.4496824118224057,0.5074629984365022,0.4079341535602719
nominal,2,108,front_left,0.0,64.38309907973948,71,True,2.214308899189164,0.6237489856870884,0.3467339017021824,0.37840229650618323,0.43082686314280605,0.4867241501703229,0.3703772081455714,0.37460676302582446,0.4927771895284384,0.3438389241485528,0.3467339017021824,0.37840229650618323,0.0,0.0,0.3703772081455714,0.37460676302582446,0.4927771895284384,0.3438389241485528
nominal,2,109,front_left,0.0,105.43586665698972,158,True,2.937288825146938,0.3718087120439162,0.2996774897733821,0.3966355137526989,0.42904757708900526,0.5147385201711632,0.3864137769877156,0.4432187324649171,0.4954876240484322,0.3388318219045295,0.2996774897733821,0.3966355137526989,0.0,0.0,0.3864137769877156,0.4432187324649171,0.4954876240484322,0.3388318219045295
nominal,2,100,front_right,0.0,9.294360865263933,23,True,0.5041393329249888,0.43838202863042497,0.4357658297471378,0.3692777850057768,0.5842734448935675,0.6063530636222466,0.23152497507955716,0.43429448147830757,0.44086831678514893,0.40572988241910934,0.4357658297471378,0.3692777850057768,0.5842734448935675,0.6063530636222466,0.0,0.0,0.44086831678514893,0.40572988241910934
nominal,2,101,front_right,0.0,42.895832848526624,50,True,1.8060740783921294,0.7224296313568518,0.35882500261068345,0.38525985211133956,0.49730964347720147,0.6187690211459994,0.40236247062683106,0.335058027356863,0.4198115906864405,0.36348459288477897,0.35882500261068345,0.38525985211133956,0.49730964347720147,0.6187690211459994,0.0,0.0,0.4198115906864405,0.36348459288477897
nominal,2,102,front_right,0.0,160.80131061821768,185,True,6.22341130590844,0.672801222260372,0.3698549416419622,0.3331313911724735,0.5302708715002203,0.4548942321055644,0.381337031641522,0.378668180269164,0.45866328230178033,0.37124423412857827,0.3698549416419622,0.3331313911724735,0.5302708715002203,0.4548942321055644,0.0,0.0,0.45866328230178033,0.37124423412857827
nominal,2,103,front_right,0.0,193.54559278826423,163,True,7.88179037413422,0.9670908434520515,0.3659864068488402,0.3603134027288004,0.5206929221920715,0.4711953969043822,0.3975907001941482,0.3889758191728519,0.3950473825487257,0.3665798107173545,0.3659864068488402,0.3603134027288004,0.5206929221920715,0.4711953969043822,0.0,0.0,0.3950473825487257,0.3665798107173545
nominal,2,104,front_right,0.0,131.5666301617781,150,True,3.9152316491977737,0.5220308865597032,0.2955971344312032,0.3095347937941551,0.4604013641613225,0.4347069577872753,0.41960080196460087,0.4219069759051005,0.4026379034668207,0.33161372169852255,0.2955971344312032,0.3095347937941551,0.4604013641613225,0.4347069577872753,0.0,0.0,0.4026379034668207,0.33161372169852255
nominal,2,105,front_right,0.0,22.98191641666172,28,True,0.949002018591539,0.6778585847082421,0.4222627864884479,0.3998470774718693,0.5414514469781092,0.4495348700854395,0.36165871657431126,0.37266305088996887,0.38651973594512257,0.38230386057070326,0.4222627864884479,0.3998470774718693,0.5414514469781092,0.4495348700854395,0.0,0.0,0.38651973594512257,0.38230386057070326
nominal,2,106,front_right,0.0,59.469639852689824,113,True,1.8101542922299947,0.320381290660176,0.34962162672154673,0.3494848008968134,0.5834611600792382,0.4414836707632099,0.4048916013763014,0.3697457615846554,0.43895409186988804,0.35691861406100533,0.34962162672154673,0.3494848008968134,0.5834611600792382,0.4414836707632099,0.0,0.0,0.43895409186988804,0.35691861406100533
nominal,2,107,front_right,0.0,306.8337810354709,1000,False,0.13076870139723093,0.0026153740279446186,0.3028663171865046,0.29736813430860637,0.5481673599854112,0.4243235590271652,0.3377736811488867,0.3490746464468539,0.43153029822930694,0.318605648662895,0.3028663171865046,0.29736813430860637,0.5481673599854112,0.4243235590271652,0.0,0.0,0.43153029822930694,0.318605648662895
nominal,2,108,front_right,0.0,5.828050957176629,225,True,-2.16860523821378,-0.19276491006344712,0.3356243026256561,0.3624881667561001,0.5729390042606327,0.469952083138956,0.3868682465288374,0.35470999500817724,0.43260055007206066,0.3524684806168079,0.3356243026256561,0.3624881667561001,0.5729390042606327,0.469952083138956,0.0,0.0,0.43260055007206066,0.3524684806168079
nominal,2,109,front_right,0.0,65.08778023915391,104,True,2.2324601357808342,0.42931925688092964,0.3459834357580313,0.35298538172187716,0.5718005278344768,0.5006436428341728,0.3601333415135741,0.40505515268215764,0.39636536211205214,0.3525343124683087,0.3459834357580313,0.35298538172187716,0.5718005278344768,0.5006436428341728,0.0,0.0,0.39636536211205214,0.3525343124683087
nominal,2,100,back_left,0.0,16.11871855525947,18,True,0.7609215638812965,0.8454684043125517,0.35960593322912854,0.33705008443858886,0.5627752951760259,0.4285492825632294,0.4497222171889411,0.5249969746089644,0.48877228216992485,0.3426889702677727,0.35960593322912854,0.33705008443858886,0.5627752951760259,0.4285492825632294,0.4497222171889411,0.5249969746089644,0.0,0.0
nominal,2,101,back_left,0.0,-63.57852220501343,252,True,-6.778146532756632,-0.5379481375203675,0.3500665600988127,0.38628662720559137,0.4995074175919096,0.4197203129204729,0.4238740322845323,0.2946958017372896,0.35622502124262234,0.349098161099449,0.3500665600988127,0.38628662720559137,0.4995074175919096,0.4197203129204729,0.4238740322845323,0.2946958017372896,0.0,0.0
nominal,2,102,back_left,0.0,108.9707531487723,216,True,2.9458754010410098,0.2727662408371305,0.34502250642550214,0.3794773568709691,0.5400326188213916,0.464391437764452,0.41641719201234756,0.34859686515604454,0.3642945629717023,0.35583713869736705,0.34502250642550214,0.3794773568709691,0.5400326188213916,0.464391437764452,0.41641719201234756,0.34859686515604454,0.0,0.0
nominal,2,103,back_left,0.0,4.076720574385368,23,True,0.06904523857352439,0.0600393378900212,0.4240688383579254,0.3552618483486383,0.4233656603357066,0.40589565006287204,0.5700857937335968,0.45677489479598793,0.3948958836819815,0.2348952733952066,0.4240688383579254,0.3552618483486383,0.4233656603357066,0.40589565006287204,0.5700857937335968,0.45677489479598793,0.0,0.0
nominal,2,104,back_left,0.0,288.2881972884398,1000,False,-1.050565519389984,-0.021011310387799683,0.35252069064229724,0.38570065984129903,0.535205067609495,0.42452056157402696,0.3600122564844787,0.2933470565453172,0.36011712295562026,0.3449202922023833,0.35252069064229724,0.38570065984129903,0.535205067609495,0.42452056157402696,0.3600122564844787,0.2933470565453172,0.0,0.0
nominal,2,105,back_left,0.0,29.63292456769899,35,True,1.1497218595917822,0.6569839197667326,0.427526550420693,0.30662615512098584,0.5165545337966511,0.4195196515747479,0.4387260411466871,0.3911296134548528,0.36596925503441263,0.36172975450754163,0.427526550420693,0.30662615512098584,0.5165545337966511,0.4195196515747479,0.4387260411466871,0.3911296134548528,0.0,0.0
nominal,2,106,back_left,0.0,372.1007245155566,1000,False,2.9880213528321433,0.05976042705664287,0.35063250531814993,0.38200840531289576,0.5071402280013426,0.4274452033303678,0.38243261402100326,0.2974048599302769,0.34960449403524396,0.34289583219774067,0.35063250531814993,0.38200840531289576,0.5071402280013426,0.4274452033303678,0.38243261402100326,0.2974048599302769,0.0,0.0
nominal,2,107,back_left,0.0,25.45852351682835,37,True,0.8778233612450719,0.4744991141865253,0.4141047351263665,0.38535863765188166,0.4569287219311337,0.4048752394580358,0.4628101593336543,0.3816664722320196,0.46601206446821625,0.3568282193831495,0.4141047351263665,0.38535863765188166,0.4569287219311337,0.4048752394580358,0.4628101593336543,0.3816664722320196,0.0,0.0
nominal,2,108,back_left,0.0,39.49801612621924,68,True,1.070468289337003,0.3148436145108832,0.3398130627020317,0.3755998944534975,0.5118623132387737,0.4392990380909075,0.3954787532634595,0.32309505606398864,0.4012977524167475,0.37270866619313464,0.3398130627020317,0.3755998944534975,0.5118623132387737,0.4392990380909075,0.3954787532634595,0.32309505606398864,0.0,0.0
nominal,2,109,back_left,0.0,29.986533853696407,100,True,0.1561999389531351,0.031239987790627022,0.3313534262776375,0.3871522922068834,0.5288016079366207,0.4613602338545024,0.3703245145827532,0.30321345970034597,0.38551835250109434,0.3745048917084932,0.3313534262776375,0.3871522922068834,0.5288016079366207,0.4613602338545024,0.3703245145827532,0.30321345970034597,0.0,0.0
nominal,2,100,back_right,0.0,105.80478484684868,101,True,3.9396563215163884,0.7801299646567105,0.3411020142312097,0.33647068730085206,0.4644493201913515,0.4487323616031963,0.41360348404043973,0.3489047163857682,0.3758205801691159,0.36010252603209847,0.0,0.0,0.4644493201913515,0.4487323616031963,0.41360348404043973,0.3489047163857682,0.3758205801691159,0.36010252603209847
nominal,2,101,back_right,0.0,63.83787889390928,56,True,2.631028739347039,0.9396531211953709,0.2792340036747711,0.38513666737292496,0.4765243877357404,0.41917368713101105,0.3592901711485216,0.4391958776063153,0.4712616688172732,0.35101898493511335,0.0,0.0,0.4765243877357404,0.41917368713101105,0.3592901711485216,0.4391958776063153,0.4712616688172732,0.35101898493511335
nominal,2,102,back_right,0.0,393.6354604750387,1000,False,2.5545117350620212,0.051090234701240425,0.29240982964634893,0.3242846949175,0.44104981930181386,0.3795177052449435,0.37898531202226876,0.3430866397619247,0.39907648658379913,0.329413472995162,0.0,0.0,0.44104981930181386,0.3795177052449435,0.37898531202226876,0.3430866397619247,0.39907648658379913,0.329413472995162
nominal,2,103,back_right,0.0,53.81867996271167,33,True,2.5949819503360696,1.5727163335370118,0.36991123719648883,0.416544060363914,0.4077633915073944,0.5670784023223501,0.4879085590893572,0.3661543142163392,0.4586473155879613,0.43701214681972156,0.0,0.0,0.4077633915073944,0.5670784023223501,0.4879085590893572,0.3661543142163392,0.4586473155879613,0.43701214681972156
nominal,2,104,back_right,0.0,21.47431510987961,15,True,1.0173559388976279,1.3564745851968372,0.3283566877245903,0.4258140941460927,0.43950913548469545,0.40784406488140423,0.546369324127833,0.4820177098115285,0.452959206700325,0.49027269333601,0.0,0.0,0.43950913548469545,0.40784406488140423,0.546369324127833,0.4820177098115285,0.452959206700325,0.49027269333601
nominal,2,105,back_right,0.0,10.943294235968796,24,True,0.37005304798858235,0.3083775399904852,0.335310579277575,0.3729505588610967,0.4562969443310673,0.40518853386553627,0.4058094161252181,0.46122916834428906,0.44972380142038065,0.4130889192844431,0.0,0.0,0.4562969443310673,0.40518853386553627,0.4058094161252181,0.46122916834428906,0.44972380142038065,0.4130889192844431
nominal,2,106,back_right,0.0,44.14041502282798,30,True,2.0022928421622224,1.334861894774815,0.37847704291343687,0.421578985452652,0.4828078307211399,0.5841278113424778,0.38693423916896186,0.3650589492172003,0.38292678880194825,0.4139833870033423,0.0,0.0,0.4828078307211399,0.5841278113424778,0.38693423916896186,0.3650589492172003,0.38292678880194825,0.4139833870033423
nominal,2,107,back_right,0.0,58.9313488067261,53,True,2.5059107344504365,0.9456266922454476,0.38773701410248596,0.32969306535878273,0.4900358784592377,0.4304220673610579,0.42211036566855775,0.4144447512643517,0.44418101462553133,0.3709027924627628,0.0,0.0,0.4900358784592377,0.4304220673610579,0.42211036566855775,0.4144447512643517,0.44418101462553133,0.3709027924627628
nominal,2,108,back_right,0.0,414.63521163311776,1000,False,4.532120252153448,0.09064240504306896,0.3095751991085708,0.32570046543329956,0.43903579710889606,0.4063032708894461,0.39753885799646377,0.35110558931902053,0.3976229525562376,0.32983040540665387,0.0,0.0,0.43903579710889606,0.4063032708894461,0.39753885799646377,0.35110558931902053,0.3976229525562376,0.32983040540665387
nominal,2,109,back_right,0.0,28.89871009991888,23,True,1.4583148099466625,1.2680998347362282,0.29967801240475284,0.38032992832038715,0.5023013739239263,0.4374496143149293,0.5395652470381364,0.44351603738639667,0.5685748678186665,0.35603003754563955,0.0,0.0,0.5023013739239263,0.4374496143149293,0.5395652470381364,0.44351603738639667,0.5685748678186665,0.35603003754563955
robust,0,100,healthy,1.0,19.903331901096408,63,True,2.6636975327705854,0.8456182643716144,0.5690518651335013,0.6881267005311591,0.5008844606105297,0.470338012017901,0.5808897635766438,0.46595026682766655,0.3922342095110152,0.46354163497213335,0.5690518651335013,0.6881267005311591,0.5008844606105297,0.470338012017901,0.5808897635766438,0.46595026682766655,0.3922342095110152,0.46354163497213335
robust,0,101,healthy,1.0,4.2937965443576385,20,True,0.9038365155731076,0.9038365155731076,0.5037533632479608,0.7565822310745716,0.4518715709447861,0.5754702530801297,0.6707368174567818,0.5996771924197674,0.36861035972833633,0.36814609440043566,0.5037533632479608,0.7565822310745716,0.4518715709447861,0.5754702530801297,0.6707368174567818,0.5996771924197674,0.36861035972833633,0.36814609440043566
robust,0,102,healthy,1.0,19.555971491959994,42,True,2.504465897984922,1.1926028085642486,0.7431065989658237,0.759477296090197,0.4977796525650081,0.5219209905536402,0.537646141258024,0.5190860694717794,0.4071576444964324,0.5223924503883436,0.7431065989658237,0.759477296090197,0.4977796525650081,0.5219209905536402,0.537646141258024,0.5190860694717794,0.4071576444964324,0.5223924503883436
robust,0,103,healthy,1.0,-2.366412116112781,151,True,4.073461501634437,0.5395313247197929,0.5788001567865444,0.7228178227974089,0.449901869705576,0.49866115316649934,0.5466669588935691,0.5639763968373765,0.4174464568865812,0.4312524720039589,0.5788001567865444,0.7228178227974089,0.449901869705576,0.49866115316649934,0.5466669588935691,0.5639763968373765,0.4174464568865812,0.4312524720039589
robust,0,104,healthy,1.0,-33.94096479072131,57,True,0.2296541580474714,0.0805804063324461,0.6004207807413319,0.6883922418285358,0.5440687359425059,0.5483556481307013,0.5728612256546816,0.5118483521959238,0.3954704472174247,0.509631327075655,0.6004207807413319,0.6883922418285358,0.5440687359425059,0.5483556481307013,0.5728612256546816,0.5118483521959238,0.3954704472174247,0.509631327075655
robust,0,105,healthy,1.0,18.7387636467722,82,True,2.8677608185612025,0.6994538581856591,0.5787958036881031,0.7202363469206342,0.4746976217209566,0.5006933041462084,0.5244610196933513,0.46013685261330955,0.34380195453399565,0.4180516877052624,0.5787958036881031,0.7202363469206342,0.4746976217209566,0.5006933041462084,0.5244610196933513,0.46013685261330955,0.34380195453399565,0.4180516877052624
robust,0,106,healthy,1.0,1.8256901709506583,17,True,0.7232788475127487,0.850916291191469,0.6658042064484428,0.7828154993407866,0.4444846530609271,0.5039045828230241,0.665852460791083,0.49177035338738384,0.37654527890331607,0.47382530997342925,0.6658042064484428,0.7828154993407866,0.4444846530609271,0.5039045828230241,0.665852460791083,0.49177035338738384,0.37654527890331607,0.47382530997342925
robust,0,107,healthy,1.0,-2.481687424510811,9,True,0.3323849114981851,0.7386331366626335,0.7169857900589705,0.8520543211036258,0.6215112379027737,0.48894814153512317,0.6838879274825255,0.5447702093256844,0.4491177789039082,0.3104852241360479,0.7169857900589705,0.8520543211036258,0.6215112379027737,0.48894814153512317,0.6838879274825255,0.5447702093256844,0.4491177789039082,0.3104852241360479
robust,0,108,healthy,1.0,10.418320248997247,20,True,1.340523081844188,1.340523081844188,0.6777535574510694,0.7360096879303455,0.49058522246778014,0.639148673415184,0.6107223303988576,0.6212805055081845,0.3319231428205967,0.47479662522673605,0.6777535574510694,0.7360096879303455,0.49058522246778014,0.639148673415184,0.6107223303988576,0.6212805055081845,0.3319231428205967,0.47479662522673605
robust,0,109,healthy,1.0,-6.166720344167651,10,True,0.1604642177526511,0.3209284355053022,0.5054539812728762,0.7451222255825997,0.4689738035202026,0.576123046875,0.9010325938463211,0.5480142548680306,0.45602042619138955,0.4468915775418282,0.5054539812728762,0.7451222255825997,0.4689738035202026,0.576123046875,0.9010325938463211,0.5480142548680306,0.45602042619138955,0.4468915775418282
robust,0,100,front_left,0.5,55.19126901837883,81,True,4.158839309680326,1.026873903624772,0.6435049609913502,0.7279550495477002,0.4882151946241473,0.5473764525887407,0.5284461280170046,0.5481176925478158,0.37810567145546276,0.42692354737700505,0.6435049609913502,0.7279550495477002,0.24410759731207365,0.27368822629437034,0.5284461280170046,0.5481176925478158,0.37810567145546276,0.42692354737700505
robust,0,101,front_left,0.5,5.135464641599738,18,True,0.625288006968186,0.6947644521868733,0.5880707741404573,0.7329120230343606,0.45678255148231983,0.5967446805702316,0.5965958889573812,0.4098018142912123,0.48762565116501516,0.4698787189813124,0.5880707741404573,0.7329120230343606,0.22839127574115992,0.2983723402851158,0.5965958889573812,0.4098018142912123,0.48762565116501516,0.4698787189813124
robust,0,102,front_left,0.5,18.36474558405854,19,True,1.2169303919051109,1.2809793599001167,0.5840803235769272,0.8266703878578386,0.4207939895752229,0.6003074936176601,0.5811253582176409,0.3071897069090291,0.3362506194726417,0.463326004676913,0.5840803235769272,0.8266703878578386,0.21039699478761145,0.30015374680883006,0.5811253582176409,0.3071897069090291,0.3362506194726417,0.463326004676913
robust,0,103,front_left,0.5,115.68677948349625,169,True,8.565177014995388,1.0136304159757854,0.6995136454348734,0.727776416318392,0.46160549286907243,0.5595882327334415,0.5380200952644179,0.5195803376212276,0.33572672626014644,0.41405790471113646,0.6995136454348734,0.727776416318392,0.23080274643453622,0.27979411636672075,0.5380200952644179,0.5195803376212276,0.33572672626014644,0.41405790471113646
robust,0,104,front_left,0.5,43.21950407761321,47,True,3.090123954751966,1.314946363724241,0.6887176252425985,0.7043317366549944,0.46461333485042794,0.6086419732012647,0.6466448547199686,0.4313168070734815,0.39710745627575733,0.4371951808162192,0.6887176252425985,0.7043317366549944,0.23230666742521397,0.30432098660063234,0.6466448547199686,0.4313168070734815,0.39710745627575733,0.4371951808162192
robust,0,105,front_left,0.5,-3.51428672021827,8,True,0.08251807843879794,0.20629519609699484,0.7155480645596981,0.7934975288808346,0.549180531874299,0.7060561440885067,0.7807843945920467,0.6202366836369038,0.21425145003013313,0.4287833645939827,0.7155480645596981,0.7934975288808346,0.2745902659371495,0.35302807204425335,0.7807843945920467,0.6202366836369038,0.21425145003013313,0.4287833645939827
robust,0,106,front_left,0.5,25.334241912244124,39,True,2.1212650700808666,1.087828241067111,0.6978566902570236,0.7703046887062299,0.43570201901289135,0.5105930612637446,0.6238802292217047,0.4979788240713951,0.3911672586049789,0.4199639719266158,0.6978566902570236,0.7703046887062299,0.21785100950644568,0.2552965306318723,0.6238802292217047,0.4979788240713951,0.3911672586049789,0.4199639719266158
robust,0,107,front_left,0.5,5.323291628178279,8,True,0.4762599359552113,1.1906498398880283,0.4321217162068933,0.7530412971973419,0.593544377014041,0.719646867364645,0.6108331382274628,0.5554030854254961,0.25307999295182526,0.5614002924412489,0.4321217162068933,0.7530412971973419,0.2967721885070205,0.3598234336823225,0.6108331382274628,0.5554030854254961,0.25307999295182526,0.5614002924412489
robust,0,108,front_left,0.5,19.063253855974597,34,True,1.5934860884568658,0.9373447579158033,0.6510341903742622,0.7134241102920735,0.37467840785051093,0.5385825620854602,0.6160711044555202,0.5753641115391955,0.3110242400537519,0.44303281342282014,0.6510341903742622,0.7134241102920735,0.18733920392525547,0.2692912810427301,0.6160711044555202,0.5753641115391955,0.3110242400537519,0.44303281342282014
robust,0,109,front_left,0.5,27.650002061961274,41,True,1.972636527359563,0.9622617206632014,0.5688575242714184,0.8192371925929698,0.4424856674925583,0.45899640605217074,0.5112586504802471,0.4627480495993684,0.35864068481435135,0.44025544567805963,0.5688575242714184,0.8192371925929698,0.22124283374627915,0.22949820302608537,0.5112586504802471,0.4627480495993684,0.35864068481435135,0.44025544567805963
robust,0,100,front_right,0.5,46.90794395615569,88,True,3.3078002095870507,0.7517727749061478,0.5521353204226629,0.6993371009487998,0.501793716780164,0.4908910454674201,0.5886962155557491,0.603778366338123,0.36008559859527106,0.42657181629064406,0.5521353204226629,0.6993371009487998,0.501793716780164,0.4908910454674201,0.29434810777787457,0.3018891831690615,0.36008559859527106,0.42657181629064406
robust,0,101,front_right,0.5,24.36404975276068,61,True,1.9896857872300415,0.6523559958131283,0.5626418098929475,0.6807429909583975,0.4925275599492378,0.5119172781705856,0.5713355659094991,0.4649040733204513,0.37739972186992404,0.48144228820551616,0.5626418098929475,0.6807429909583975,0.4925275599492378,0.5119172781705856,0.28566778295474954,0.23245203666022565,0.37739972186992404,0.48144228820551616
robust,0,102,front_right,0.5,-1.031461528674594,10,True,0.08608065793631549,0.17216131587263098,0.5591384276747704,0.6520807817578316,0.46045549362897875,0.6020487517118454,0.71365175396204,0.45317890495061874,0.3082346674054861,0.40510262846946715,0.5591384276747704,0.6520807817578316,0.46045549362897875,0.6020487517118454,0.35682587698102,0.22658945247530937,0.3082346674054861,0.40510262846946715
robust,0,103,front_right,0.5,46.2750321551876,63,True,2.8697555685845737,0.9110335138363725,0.5785043033519908,0.627327624294493,0.43374339148165686,0.5642930609839303,0.5531337372367344,0.5208163952070569,0.3455589902365491,0.39913799122922006,0.5785043033519908,0.627327624294493,0.43374339148165686,0.5642930609839303,0.2765668686183672,0.26040819760352846,0.3455589902365491,0.39913799122922006
robust,0,104,front_right,0.5,31.992288726205324,50,True,2.3338780006256825,0.933551200250273,0.5794186221808195,0.6238299996033311,0.5837695406377316,0.5685867872834206,0.47887749038636684,0.5278749564290046,0.4559821511805058,0.39675342574715616,0.5794186221808195,0.6238299996033311,0.5837695406377316,0.5685867872834206,0.23943874519318342,0.2639374782145023,0.4559821511805058,0.39675342574715616
robust,0,105,front_right,0.5,46.281272288636046,78,True,3.098278843754922,0.7944304727576722,0.56107082671653,0.6877187754337987,0.461080622787659,0.5248702078675612,0.6266505309882072,0.5222213988502821,0.3445842635029784,0.41589626958832526,0.56107082671653,0.6877187754337987,0.461080622787659,0.5248702078675612,0.3133252654941036,0.26111069942514104,0.3445842635029784,0.41589626958832526
robust,0,106,front_right,0.5,28.537768897142445,41,True,1.8540085527894794,0.9043944159948679,0.5283572495256256,0.6719795963840514,0.5127259199393959,0.5330439555208858,0.5889800446244274,0.49218743112755986,0.3572141485879334,0.39095771135535184,0.5283572495256256,0.6719795963840514,0.5127259199393959,0.5330439555208858,0.2944900223122137,0.24609371556377993,0.3572141485879334,0.39095771135535184
robust,0,107,front_right,0.5,-2.791267012542051,9,True,0.1681198399188549,0.373599644264122,0.5851068695386251,0.7395906415250566,0.6785308321317037,0.6675047311517928,0.7724563711219363,0.6509975343942642,0.45896390908294254,0.5970383269919289,0.5851068695386251,0.7395906415250566,0.6785308321317037,0.6675047311517928,0.38622818556096816,0.3254987671971321,0.45896390908294254,0.5970383269919289
robust,0,108,front_right,0.5,19.523731502687255,35,True,1.5529498509047683,0.8873999148027247,0.513106797848429,0.7420756425708532,0.47917754011494773,0.6676279155271394,0.5233497688812869,0.529688395346914,0.3890127775392362,0.433009720859783,0.513106797848429,0.7420756425708532,0.47917754011494773,0.6676279155271394,0.26167488444064346,0.264844197673457,0.3890127775392362,0.433009720859783
robust,0,109,front_right,0.5,30.007832014518282,40,True,2.004234079776883,1.0021170398884416,0.5560642391443252,0.668682859139517,0.4623096733354032,0.5371951010078192,0.6055508063174784,0.3891513917595148,0.4527612009551376,0.39214319572784007,0.5560642391443252,0.668682859139517,0.4623096733354032,0.5371951010078192,0.3027754031587392,0.1945756958797574,0.4527612009551376,0.39214319572784007
robust,0,100,back_left,0.5,69.42047600439375,87,True,5.243924563581987,1.2054998996740198,0.6196212735369631,0.7189287589541797,0.4000204176395789,0.5325035639535421,0.597783934838813,0.5295304186727808,0.40733311117637433,0.42881064268963776,0.6196212735369631,0.7189287589541797,0.4000204176395789,0.5325035639535421,0.597783934838813,0.5295304186727808,0.20366655558818716,0.21440532134481888
robust,0,101,back_left,0.5,10.961799658362795,37,True,1.4391891634321445,0.7779400883416997,0.602461637274639,0.7306088801171329,0.544354640249465,0.46151098165963145,0.6706767162761172,0.5710536080437738,0.3601357070980845,0.4168008235660759,0.602461637274639,0.7306088801171329,0.544354640249465,0.46151098165963145,0.6706767162761172,0.5710536080437738,0.18006785354904226,0.20840041178303795
robust,0,102,back_left,0.5,-240.16374861205668,1000,False,-0.8795130249413181,-0.017590260498826362,0.5940717580337077,0.6639584071114659,0.40761249310150743,0.44067730063199995,0.541785840768367,0.50776225348562,0.36401920634880663,0.4068723293654621,0.5940717580337077,0.6639584071114659,0.40761249310150743,0.44067730063199995,0.541785840768367,0.50776225348562,0.18200960317440332,0.20343616468273104
robust,0,103,back_left,0.5,-21.61725392803527,58,True,-0.034419892166426644,-0.011868928333250565,0.5708385642361025,0.6993496175855398,0.4943255043492235,0.5194324861312735,0.5243704231006319,0.5333712577562908,0.3242642995740833,0.39335817609239243,0.5708385642361025,0.6993496175855398,0.4943255043492235,0.5194324861312735,0.5243704231006319,0.5333712577562908,0.16213214978704166,0.19667908804619622
robust,0,104,back_left,0.5,55.78938600466098,91,True,4.418836398309239,0.9711728347932393,0.5755313861255462,0.6862726638932805,0.4334263045054216,0.538604273900881,0.6045623664017562,0.5318172945753559,0.33434130480656254,0.40294626911917886,0.5755313861255462,0.6862726638932805,0.4334263045054216,0.538604273900881,0.6045623664017562,0.5318172945753559,0.16717065240328127,0.20147313455958943
robust,0,105,back_left,0.5,1.2102789347274334,68,True,1.240245305190232,0.3647780309383035,0.6310429030152804,0.7256638372645658,0.4225019138744649,0.4568009277915253,0.5838605145211605,0.5123138861621127,0.36878427186542573,0.41328383919180317,0.6310429030152804,0.7256638372645658,0.4225019138744649,0.4568009277915253,0.5838605145211605,0.5123138861621127,0.18439213593271286,0.20664191959590159
robust,0,106,back_left,0.5,196.63834930569192,231,True,14.034575703157135,1.2151147794941242,0.6050706702603019,0.7366780691429392,0.4394270149886092,0.51135003450629,0.5653995765268287,0.4913192844236052,0.41536882318137014,0.44683632770658055,0.6050706702603019,0.7366780691429392,0.4394270149886092,0.51135003450629,0.5653995765268287,0.4913192844236052,0.20768441159068507,0.22341816385329027
robust,0,107,back_left,0.5,-61.097084504453576,120,True,-0.5752865385714278,-0.09588108976190463,0.6873243699160715,0.7410243754896025,0.3804196453963717,0.4755452238023281,0.5642325316866239,0.5923278289536635,0.38855857870851956,0.3872755971426765,0.6873243699160715,0.7410243754896025,0.3804196453963717,0.4755452238023281,0.5642325316866239,0.5923278289536635,0.19427928935425978,0.19363779857133825
robust,0,108,back_left,0.5,14.904737133662321,25,True,1.416472923436013,1.1331783387488104,0.6412154453247786,0.7845622414350509,0.46112650230526925,0.4955158060789108,0.6669333326816559,0.5409991171956062,0.4236674232035875,0.3388366334140301,0.6412154453247786,0.7845622414350509,0.46112650230526925,0.4955158060789108,0.6669333326816559,0.5409991171956062,0.21183371160179376,0.16941831670701504
robust,0,109,back_left,0.5,-130.49683609864377,310,True,-1.266378595908087,-0.08170184489729594,0.6211179453398912,0.691413763357747,0.46443367667736546,0.4704654464317906,0.5416590027871632,0.5373195180729512,0.3662095510791386,0.4189429210498929,0.6211179453398912,0.691413763357747,0.46443367667736546,0.4704654464317906,0.5416590027871632,0.5373195180729512,0.1831047755395693,0.20947146052494645
robust,0,100,back_right,0.5,36.52826481108944,34,True,2.271118201135345,1.3359518830207908,0.6448954282438054,0.767212248462088,0.5071250677985304,0.46065741952727823,0.6018508819534498,0.6047375140821233,0.4283429282333921,0.40597666296012264,0.3224477141219027,0.383606124231044,0.5071250677985304,0.46065741952727823,0.6018508819534498,0.6047375140821233,0.4283429282333921,0.40597666296012264
robust,0,101,back_right,0.5,-1.9177177093700801,28,True,0.25784297344492924,0.18417355246066372,0.5551996024192444,0.8141885655266898,0.6130229672417045,0.48098852219326155,0.5480046177815113,0.44328696174280985,0.4856875252111682,0.4092250551496233,0.2775998012096222,0.4070942827633449,0.6130229672417045,0.48098852219326155,0.5480046177815113,0.44328696174280985,0.4856875252111682,0.4092250551496233
robust,0,102,back_right,0.5,7.509144976755067,28,True,0.6057394343521671,0.4326710245372622,0.6226580052503518,0.7077484295171287,0.5186317649536899,0.4820894966168063,0.6046157175941127,0.4368104756410633,0.33891284625445095,0.5119555586549852,0.3113290026251759,0.35387421475856434,0.5186317649536899,0.4820894966168063,0.6046157175941127,0.4368104756410633,0.33891284625445095,0.5119555586549852
robust,0,103,back_right,0.5,38.09861779560443,129,True,2.6215311632602516,0.4064389400403491,0.628207170224005,0.7332098383543103,0.49678472181161243,0.4949920461043831,0.5256687083332113,0.494189527030139,0.3702204548573309,0.42259242932868096,0.3141035851120025,0.36660491917715515,0.49678472181161243,0.4949920461043831,0.5256687083332113,0.494189527030139,0.3702204548573309,0.42259242932868096
robust,0,104,back_right,0.5,16.396604723458687,30,True,1.365459210403777,0.9103061402691847,0.6632938089470068,0.7965679893891017,0.6234411332756281,0.5536195029815038,0.5554914909104506,0.5817558825016022,0.40049272775650024,0.4821532666683197,0.3316469044735034,0.39828399469455084,0.6234411332756281,0.5536195029815038,0.5554914909104506,0.5817558825016022,0.40049272775650024,0.4821532666683197
robust,0,105,back_right,0.5,13.957551095864163,31,True,1.0725444362580108,0.691964152424523,0.7096975897589037,0.7041494918446387,0.44797330758263987,0.5363123210207108,0.559677905012523,0.5849831810882015,0.3606110002485014,0.4122261758292875,0.35484879487945187,0.35207474592231935,0.44797330758263987,0.5363123210207108,0.559677905012523,0.5849831810882015,0.3606110002485014,0.4122261758292875
robust,0,106,back_right,0.5,24.695843552909473,32,True,1.726964835580231,1.0793530222376442,0.6449843477457762,0.8118344163522124,0.5403561592102051,0.4983530859462917,0.6786087973741814,0.5101007046177983,0.44186386931687593,0.43379297613864765,0.3224921738728881,0.4059172081761062,0.5403561592102051,0.4983530859462917,0.6786087973741814,0.5101007046177983,0.44186386931687593,0.43379297613864765
robust,0,107,back_right,0.5,21.40741571995885,18,True,1.2447695260966674,1.3830772512185192,0.6787301931116316,0.8332502163118787,0.48096829238865113,0.4643908027145598,0.5613979879352782,0.5154155815641085,0.3299344851531916,0.4687032931380802,0.3393650965558158,0.41662510815593934,0.48096829238865113,0.4643908027145598,0.5613979879352782,0.5154155815641085,0.3299344851531916,0.4687032931380802
robust,0,108,back_right,0.5,-135.2853981888661,280,True,-4.416743120785089,-0.3154816514846492,0.5866682976683868,0.7315497854591481,0.5028871172240802,0.48704316349966187,0.5456859335303307,0.5646281568333507,0.40946175434759685,0.43519244204009216,0.2933341488341934,0.36577489272957403,0.5028871172240802,0.48704316349966187,0.5456859335303307,0.5646281568333507,0.40946175434759685,0.43519244204009216
robust,0,109,back_right,0.5,-2.3517450955463457,10,True,0.2012424493699541,0.4024848987399082,0.6220116958022117,0.7482541412115097,0.5402144748717547,0.5635416254401207,0.8121657013893128,0.59915182441473,0.45271682515740397,0.553670720756054,0.31100584790110586,0.37412707060575484,0.5402144748717547,0.5635416254401207,0.8121657013893128,0.59915182441473,0.45271682515740397,0.553670720756054
robust,0,100,front_left,0.0,23.738559844166158,33,True,1.723296305706463,1.0444220034584624,0.633680341370178,0.7941403745701818,0.4440790583012682,0.6055464880032972,0.5229031267491254,0.561832982256557,0.3794912321097923,0.44887914457781747,0.633680341370178,0.7941403745701818,0.0,0.0,0.5229031267491254,0.561832982256557,0.3794912321097923,0.44887914457781747
robust,0,101,front_left,0.0,21.553132841951964,32,True,1.6480957662297713,1.030059853893607,0.6227696813293733,0.8152862304123119,0.4597921723034233,0.6727372603490949,0.5901126767275855,0.5253748530521989,0.2913739951327443,0.5366205917671323,0.6227696813293733,0.8152862304123119,0.0,0.0,0.5901126767275855,0.5253748530521989,0.2913739951327443,0.5366205917671323
robust,0,102,front_left,0.0,22.708710286986523,41,True,1.5581729396616828,0.7600843608105768,0.6414196476703737,0.7110648013015346,0.44220634449909374,0.6007249613360661,0.5518442975675187,0.533028756699911,0.2845824999598468,0.4042868377958856,0.6414196476703737,0.7110648013015346,0.0,0.0,0.5518442975675187,0.533028756699911,0.2845824999598468,0.4042868377958856
robust,0,103,front_left,0.0,20.598797520593017,22,True,1.4321793260551416,1.3019812055046742,0.5737281478941441,0.8491445623168891,0.4512289720164104,0.5954709865830161,0.5073485735126517,0.5241882970387285,0.2962385022335432,0.6174611259590496,0.5737281478941441,0.8491445623168891,0.0,0.0,0.5073485735126517,0.5241882970387285,0.2962385022335432,0.6174611259590496
robust,0,104,front_left,0.0,7.8184837670240395,26,True,0.6693437827923531,0.5148798329171946,0.6232962453594575,0.7607681401647054,0.4769266454073099,0.5785547277102103,0.5443935970274302,0.40134294445698077,0.4011259490910631,0.47899671300099445,0.6232962453594575,0.7607681401647054,0.0,0.0,0.5443935970274302,0.40134294445698077,0.4011259490910631,0.47899671300099445
robust,0,105,front_left,0.0,-0.5391146375145656,8,True,0.16408532257673,0.41021330644182497,0.5923936050385237,0.6795965172350407,0.525498307775706,0.8437730669975281,0.6193784326314926,0.7028624676167965,0.346436127088964,0.47996081598103046,0.5923936050385237,0.6795965172350407,0.0,0.0,0.6193784326314926,0.7028624676167965,0.346436127088964,0.47996081598103046
robust,0,106,front_left,0.0,37.76788898887237,85,True,2.895066956297915,0.6811922250112741,0.6773512659484849,0.7505509472945158,0.4784165869740879,0.5739942638313069,0.5646771987133167,0.44010958505027437,0.38417098899098,0.4241621545789873,0.6773512659484849,0.7505509472945158,0.0,0.0,0.5646771987133167,0.44010958505027437,0.38417098899098,0.4241621545789873
robust,0,107,front_left,0.0,3.759532514737027,8,True,0.40881349643007503,1.0220337410751874,0.5835607051849365,0.761632202193141,0.4431824292987585,0.911289393901825,0.6907613277435303,0.6664586309343576,0.2622101928573102,0.5482454393059015,0.5835607051849365,0.761632202193141,0.0,0.0,0.6907613277435303,0.6664586309343576,0.2622101928573102,0.5482454393059015
robust,0,108,front_left,0.0,4.7460368729754165,30,True,0.7875930012979357,0.5250620008652905,0.6896783501530687,0.7802187940105796,0.4273425406465928,0.6302505309383074,0.551779771099488,0.5386144138872624,0.38689812837789456,0.4029416873430212,0.6896783501530687,0.7802187940105796,0.0,0.0,0.551779771099488,0.5386144138872624,0.38689812837789456,0.4029416873430212
robust,0,109,front_left,0.0,-0.47257864663624305,8,True,0.1467301612262288,0.366825403065572,0.4639649612363428,0.6872119698673487,0.6437712982296944,0.8130110278725624,0.6506768171675503,0.4626930095255375,0.3382455899845809,0.599928505718708,0.4639649612363428,0.6872119698673487,0.0,0.0,0.6506768171675503,0.4626930095255375,0.3382455899845809,0.599928505718708
robust,0,100,front_right,0.0,25.07109937346687,41,True,1.3598067309905308,0.6633203565807466,0.47154507581598876,0.587893501605566,0.49929982868999967,0.5817663713199336,0.6173540743567595,0.5780616675208254,0.38847596947921487,0.37708127875698777,0.47154507581598876,0.587893501605566,0.49929982868999967,0.5817663713199336,0.0,0.0,0.38847596947921487,0.37708127875698777
robust,0,101,front_right,0.0,212.54874237330128,1000,False,3.4830955973303004,0.06966191194660601,0.4465842702277005,0.5575641603209078,0.44959318708628415,0.43880561950057745,0.4871680334918201,0.49860289277508857,0.3467420218400657,0.3850892972592264,0.4465842702277005,0.5575641603209078,0.44959318708628415,0.43880561950057745,0.0,0.0,0.3467420218400657,0.3850892972592264
robust,0,102,front_right,0.0,53.82173362978932,137,True,2.7630832752733046,0.40336982120778164,0.5221606162206752,0.5914683281749922,0.5128002525681127,0.4947330521514816,0.547356068027498,0.5289755196031862,0.40576404246100545,0.3976926445063666,0.5221606162206752,0.5914683281749922,0.5128002525681127,0.4947330521514816,0.0,0.0,0.40576404246100545,0.3976926445063666
robust,0,103,front_right,0.0,10.80122780100399,22,True,0.5655865567427896,0.5141695970388995,0.49353574351830914,0.5452243563803759,0.4563347002999349,0.5380304428664121,0.5526771094988693,0.46729558672417293,0.34959989760748367,0.4284241740507158,0.49353574351830914,0.5452243563803759,0.4563347002999349,0.5380304428664121,0.0,0.0,0.34959989760748367,0.4284241740507158
robust,0,104,front_right,0.0,161.51613937579958,1000,False,1.9577523341152316,0.039155046682304635,0.45807205861248074,0.5444239080790431,0.4782684081941843,0.43336945329606535,0.5507881316281855,0.5209500174112618,0.35931071640364826,0.39371275549009443,0.45807205861248074,0.5444239080790431,0.4782684081941843,0.43336945329606535,0.0,0.0,0.35931071640364826,0.39371275549009443
robust,0,105,front_right,0.0,-12.363297747821937,347,True,-2.1706915383582306,-0.1251119042281401,0.44719901433488307,0.5895525122206304,0.4313494547535947,0.4670957298546772,0.5442843074864716,0.5255146884179597,0.39074141894512804,0.38191668708575216,0.44719901433488307,0.5895525122206304,0.4313494547535947,0.4670957298546772,0.0,0.0,0.39074141894512804,0.38191668708575216
robust,0,106,front_right,0.0,147.3067903846772,1000,False,0.7671816173569006,0.015343632347138012,0.4650988903976977,0.5483128006923944,0.4500378612577915,0.46217964915931226,0.47539870685338975,0.5345299117192626,0.3489174210745841,0.3708851677402854,0.4650988903976977,0.5483128006923944,0.4500378612577915,0.46217964915931226,0.0,0.0,0.3489174210745841,0.3708851677402854
robust,0,107,front_right,0.0,34.123050703892304,85,True,1.6402217664245202,0.3859345332763577,0.47335940601632875,0.5661535530186751,0.5268767301650609,0.46053779125213623,0.4998635279781678,0.5692637218271985,0.3656554883455529,0.43390195117715524,0.47335940601632875,0.5661535530186751,0.5268767301650609,0.46053779125213623,0.0,0.0,0.3656554883455529,0.43390195117715524
robust,0,108,front_right,0.0,13.811557249335518,166,True,0.628643048184489,0.07574012628728782,0.5052725681361844,0.5949631965977241,0.49580855245690747,0.5029995378151716,0.5028536093522267,0.5147320156894535,0.38784597355154266,0.4137291216392474,0.5052725681361844,0.5949631965977241,0.49580855245690747,0.5029995378151716,0.0,0.0,0.38784597355154266,0.4137291216392474
robust,0,109,front_right,0.0,87.61277541372104,501,True,3.18330575723245,0.12707807414101596,0.4705269795260624,0.5741048347085952,0.48399954171713716,0.4918348846767477,0.5231625678653489,0.5267290035318472,0.38682086860571435,0.3946859255217447,0.4705269795260624,0.5741048347085952,0.48399954171713716,0.4918348846767477,0.0,0.0,0.38682086860571435,0.3946859255217447
robust,0,100,back_left,0.0,17.183247612245992,60,True,1.8679329548189243,0.6226443182729747,0.6460950776313742,0.7275823012304803,0.4713174136976401,0.47694378246863683,0.6028566793849071,0.5023708701133728,0.41916619731734195,0.46164252466211714,0.6460950776313742,0.7275823012304803,0.4713174136976401,0.47694378246863683,0.6028566793849071,0.5023708701133728,0.0,0.0
robust,0,101,back_left,0.0,132.33752391604264,143,True,8.621051820030395,1.2057415132909644,0.6405306060804979,0.7461181397491193,0.410542011703853,0.4973066168335768,0.5718229714181874,0.5016060572091516,0.4502306936269665,0.45429468442770565,0.6405306060804979,0.7461181397491193,0.410542011703853,0.4973066168335768,0.5718229714181874,0.5016060572091516,0.0,0.0
robust,0,102,back_left,0.0,-4.760813342888378,10,True,0.05197367940229741,0.10394735880459482,0.8066615268588067,0.8657617853954435,0.401095537468791,0.5801997572183609,0.6340210616588593,0.2999788999557495,0.2839453011751175,0.4323054186999798,0.8066615268588067,0.8657617853954435,0.401095537468791,0.5801997572183609,0.6340210616588593,0.2999788999557495,0.0,0.0
robust,0,103,back_left,0.0,8.891397332755828,61,True,1.509004869599055,0.4947556949505098,0.6124307987142782,0.7032791740398426,0.4668453444467216,0.4893732877051244,0.6091425839017649,0.5504949517914506,0.369366318353864,0.43246341780683056,0.6124307987142782,0.7032791740398426,0.4668453444467216,0.4893732877051244,0.6091425839017649,0.5504949517914506,0.0,0.0
robust,0,104,back_left,0.0,34.401436263048815,58,True,2.6023562413303756,0.8973642211484053,0.6742927236482501,0.7868211146058708,0.408640979371708,0.45730562919172746,0.615965541709086,0.43683414816342553,0.42205627985170174,0.4176508379329381,0.6742927236482501,0.7868211146058708,0.408640979371708,0.45730562919172746,0.615965541709086,0.43683414816342553,0.0,0.0
robust,0,105,back_left,0.0,34.18275278913761,29,True,2.3783433639586127,1.6402368027300775,0.6490328502038429,0.7711244698228508,0.5546617209911346,0.5181791366174303,0.6114594381431053,0.4580300034120165,0.4193074821398176,0.4275233333866144,0.6490328502038429,0.7711244698228508,0.5546617209911346,0.5181791366174303,0.6114594381431053,0.4580300034120165,0.0,0.0
robust,0,106,back_left,0.0,18.30064513411634,31,True,1.5810162773615606,1.0200105015235874,0.7411223241999265,0.6902107816910551,0.40528189571153733,0.5450425623886047,0.623256194735727,0.516742123230811,0.4562951393665806,0.31202501244843006,0.7411223241999265,0.6902107816910551,0.40528189571153733,0.5450425623886047,0.623256194735727,0.516742123230811,0.0,0.0
robust,0,107,back_left,0.0,-15.643800638049314,97,True,0.5298211350171728,0.10924147113756139,0.6016343610418826,0.6998265531182903,0.4200034540184994,0.47607479467219915,0.6138487512380192,0.49010491724481287,0.3875283583153769,0.44432457219617266,0.6016343610418826,0.6998265531182903,0.4200034540184994,0.47607479467219915,0.6138487512380192,0.49010491724481287,0.0,0.0
robust,0,108,back_left,0.0,26.568842969380746,48,True,2.359007348148125,0.9829197283950519,0.6925208903073022,0.6333594331905866,0.4465356237099816,0.5663948090126117,0.6147430217824876,0.5886147838706771,0.37457023658013594,0.3833315344915415,0.6925208903073022,0.6333594331905866,0.4465356237099816,0.5663948090126117,0.6147430217824876,0.5886147838706771,0.0,0.0
robust,0,109,back_left,0.0,46.76008261352763,109,True,3.813739695488766,0.6997687514658286,0.6389312816424928,0.7233918467963781,0.419810617052087,0.4455277565695824,0.5856440045759765,0.49286909558630865,0.37855853371048737,0.46475738656083376,0.6389312816424928,0.7233918467963781,0.419810617052087,0.4455277565695824,0.5856440045759765,0.49286909558630865,0.0,0.0
robust,0,100,back_right,0.0,13.024243687763182,102,True,0.7163160152906214,0.14045412064521987,0.6000834728098091,0.7499827034040993,0.5323295687854874,0.4493154918811485,0.510458942575782,0.5074949995705894,0.41323407030865256,0.4393377440671126,0.0,0.0,0.5323295687854874,0.4493154918811485,0.510458942575782,0.5074949995705894,0.41323407030865256,0.4393377440671126
robust,0,101,back_right,0.0,89.45734097215077,226,True,4.307255183082113,0.38117302505151435,0.5770814515386535,0.7802375018662584,0.5113393894141227,0.4489049608201052,0.5670219471068245,0.4866921723680159,0.3856257243345665,0.44240000063504004,0.0,0.0,0.5113393894141227,0.4489049608201052,0.5670219471068245,0.4866921723680159,0.3856257243345665,0.44240000063504004
robust,0,102,back_right,0.0,25.964025949287677,238,True,1.7146081640945483,0.14408471967181077,0.578463877433864,0.7746332712831492,0.5421031568700275,0.460756960974521,0.5948133489289203,0.5171403075341418,0.351224623518769,0.467137900126331,0.0,0.0,0.5421031568700275,0.460756960974521,0.5948133489289203,0.5171403075341418,0.351224623518769,0.467137900126331
robust,0,103,back_right,0.0,23.11408018857207,49,True,1.208158721881642,0.49312600893128244,0.6362094912221845,0.7537624187843532,0.4987676938121416,0.4394550726425891,0.6205303649969247,0.4996593307171549,0.30930051131516084,0.5053811294919982,0.0,0.0,0.4987676938121416,0.4394550726425891,0.6205303649969247,0.4996593307171549,0.30930051131516084,0.5053811294919982
robust,0,104,back_right,0.0,33.35596639735402,103,True,1.872197664516431,0.36353352709056913,0.549954259062855,0.8249341541702307,0.5009727969910335,0.45414546189956295,0.5859089347995022,0.5386480111086253,0.41351458976425015,0.4399160027901814,0.0,0.0,0.5009727969910335,0.45414546189956295,0.5859089347995022,0.5386480111086253,0.41351458976425015,0.4399160027901814
robust,0,105,back_right,0.0,32.27325496057559,267,True,0.8336345352875835,0.06244453447847066,0.5524830650049872,0.7414443490168686,0.45404540787866055,0.4513886978340506,0.5361912984135893,0.5444957945453986,0.37828021273295975,0.3951229467597347,0.0,0.0,0.45404540787866055,0.4513886978340506,0.5361912984135893,0.5444957945453986,0.37828021273295975,0.3951229467597347
robust,0,106,back_right,0.0,115.09185745082519,1000,False,4.567589839162936,0.09135179678325872,0.5283672229927033,0.7003676026593894,0.4693753991797566,0.4566598290167749,0.5635099067315459,0.5451654131188989,0.37018876244686544,0.43666657054424285,0.0,0.0,0.4693753991797566,0.4566598290167749,0.5635099067315459,0.5451654131188989,0.37018876244686544,0.43666657054424285
robust,0,107,back_right,0.0,-5.496558474476556,89,True,-0.4851123107025466,-0.10901400240506665,0.5621001138404179,0.798552500063114,0.5086258375242855,0.4572107596008965,0.5180975413054563,0.48248157566517924,0.3530382417728392,0.4583267215011495,0.0,0.0,0.5086258375242855,0.4572107596008965,0.5180975413054563,0.48248157566517924,0.3530382417728392,0.4583267215011495
robust,0,108,back_right,0.0,73.36880877820502,194,True,3.70920032706555,0.3823917862954175,0.5798235396211294,0.7765921584052062,0.4521650938490002,0.42967551869829906,0.6133911636725222,0.5784375678709487,0.33936917771268443,0.45082176376863853,0.0,0.0,0.4521650938490002,0.42967551869829906,0.6133911636725222,0.5784375678709487,0.33936917771268443,0.45082176376863853
robust,0,109,back_right,0.0,8.307934453802872,95,True,0.8196794894376036,0.1725641030394955,0.5779811346805409,0.7977885212357106,0.5207184746077186,0.4853554357039301,0.6318106251327615,0.5740105787390157,0.3570617733425216,0.42051801532506944,0.0,0.0,0.5207184746077186,0.4853554357039301,0.6318106251327615,0.5740105787390157,0.3570617733425216,0.42051801532506944
robust,1,100,healthy,1.0,53.85344322689588,1000,False,2.1049412106601504,0.04209882421320301,0.34585315353423357,0.40366520285978913,0.41173987165093423,0.41153409503400323,0.382894526373595,0.3487642800845206,0.507245071593672,0.4209993574842811,0.34585315353423357,0.40366520285978913,0.41173987165093423,0.41153409503400323,0.382894526373595,0.3487642800845206,0.507245071593672,0.4209993574842811
robust,1,101,healthy,1.0,6.305912404197962,1000,False,-0.25945240446882833,-0.005189048089376567,0.35145684924721715,0.39622810895740984,0.42039870433416215,0.42462512268871067,0.3804680929854512,0.35555589220300315,0.5039265927486122,0.3967808452472091,0.35145684924721715,0.39622810895740984,0.42039870433416215,0.42462512268871067,0.3804680929854512,0.35555589220300315,0.5039265927486122,0.3967808452472091
robust,1,102,healthy,1.0,85.9167702925609,1000,False,2.0819153957578322,0.041638307915156644,0.3240367309451103,0.3805499711446464,0.39335112396534533,0.41153318944759665,0.38537570597976445,0.35905995705723764,0.5060435171537101,0.410110553227365,0.3240367309451103,0.3805499711446464,0.39335112396534533,0.41153318944759665,0.38537570597976445,0.35905995705723764,0.5060435171537101,0.410110553227365
robust,1,103,healthy,1.0,39.996757358177014,79,True,2.43770362802708,0.6171401589941975,0.3684389750602879,0.399953529002923,0.4556345573591092,0.4615696496271257,0.41855778719616843,0.4202419798585433,0.47307081482832947,0.41810958002564275,0.3684389750602879,0.399953529002923,0.4556345573591092,0.4615696496271257,0.41855778719616843,0.4202419798585433,0.47307081482832947,0.41810958002564275
robust,1,104,healthy,1.0,21.402342944266117,48,True,1.5689813218994684,0.6537422174581117,0.43544261204078794,0.3880583176699777,0.4273196420011421,0.4484646605560556,0.3921564514748752,0.44235880781585973,0.5943121952780833,0.4331176614699264,0.43544261204078794,0.3880583176699777,0.4273196420011421,0.4484646605560556,0.3921564514748752,0.44235880781585973,0.5943121952780833,0.4331176614699264
robust,1,105,healthy,1.0,6.725697907122574,43,True,0.7984018680524938,0.3713497060709274,0.462816649744677,0.45985728242369583,0.43715800171674685,0.429606749351288,0.5084037170853726,0.39432941377162933,0.5286226004881914,0.44158613525850826,0.462816649744677,0.45985728242369583,0.43715800171674685,0.429606749351288,0.5084037170853726,0.39432941377162933,0.5286226004881914,0.44158613525850826
robust,1,106,healthy,1.0,42.66461027621225,1000,False,2.033857899917678,0.04067715799835356,0.33966957761347294,0.4232941934242845,0.3996304423771799,0.4414855321310461,0.3885111080445349,0.35924840580672024,0.5102891420610249,0.3932854783982038,0.33966957761347294,0.4232941934242845,0.3996304423771799,0.4414855321310461,0.3885111080445349,0.35924840580672024,0.5102891420610249,0.3932854783982038
robust,1,107,healthy,1.0,104.23846968855366,178,True,6.457031189727957,0.7255091224413435,0.39183295766163745,0.4393260418699029,0.45192792700352463,0.43520975153725805,0.43580105314763745,0.4355214772264609,0.5005630353737748,0.4254119484109825,0.39183295766163745,0.4393260418699029,0.45192792700352463,0.43520975153725805,0.43580105314763745,0.4355214772264609,0.5005630353737748,0.4254119484109825
robust,1,108,healthy,1.0,-13.08032896815648,88,True,-0.014534174503109593,-0.0033032214779794527,0.34100593787363986,0.43240277879786765,0.3668255430053581,0.4531139800621366,0.46301274255595426,0.4655119822868569,0.5496741356751458,0.395492652007802,0.34100593787363986,0.43240277879786765,0.3668255430053581,0.4531139800621366,0.46301274255595426,0.4655119822868569,0.5496741356751458,0.395492652007802
robust,1,109,healthy,1.0,49.39371522340261,65,True,2.8948667162855157,0.8907282203955433,0.3787986484857706,0.38397713045661264,0.4346045496228796,0.3952593717437524,0.44441420516142477,0.48096520602703097,0.5878783745261339,0.3722267516530477,0.3787986484857706,0.38397713045661264,0.4346045496228796,0.3952593717437524,0.44441420516142477,0.48096520602703097,0.5878783745261339,0.3722267516530477
robust,1,100,front_left,0.5,67.87626983589327,138,True,2.1882074832863596,0.3171315193168637,0.36691650769848755,0.3923959707220395,0.42501308082643413,0.43974140733210504,0.43532517495686596,0.34999535157196765,0.5028723347662152,0.3891537639217964,0.36691650769848755,0.3923959707220395,0.21250654041321707,0.21987070366605252,0.43532517495686596,0.34999535157196765,0.5028723347662152,0.3891537639217964
robust,1,101,front_left,0.5,31.67963621768468,83,True,1.4011981351059328,0.33763810484480306,0.3815129944179432,0.4431513577071299,0.46606162816555385,0.48814601592540025,0.43182135521467907,0.41666009779795105,0.5405103011303637,0.4756294628941869,0.3815129944179432,0.4431513577071299,0.23303081408277693,0.24407300796270012,0.43182135521467907,0.41666009779795105,0.5405103011303637,0.4756294628941869
robust,1,102,front_left,0.5,0.43380178518700285,38,True,0.12605680996285168,0.06634568945413245,0.3936698497518113,0.4230524761308181,0.48329279061995056,0.48536581649003846,0.45579898533852475,0.43496183286371987,0.5246382457645316,0.5105247646570206,0.3936698497518113,0.4230524761308181,0.24164639530997528,0.24268290824501923,0.45579898533852475,0.43496183286371987,0.5246382457645316,0.5105247646570206
robust,1,103,front_left,0.5,-3.320532657872058,18,True,-0.005291244163871181,-0.00587916018207909,0.48736417707469726,0.3640221539470885,0.4319563110669454,0.4757001555214326,0.5679552112188604,0.431769793232282,0.5813945771919357,0.5419354314605395,0.48736417707469726,0.3640221539470885,0.2159781555334727,0.2378500777607163,0.5679552112188604,0.431769793232282,0.5813945771919357,0.5419354314605395
robust,1,104,front_left,0.5,217.86817157897457,1000,False,-0.2529239195858495,-0.0050584783917169895,0.3408031802624464,0.394456912226975,0.4057602186091244,0.4413318787887692,0.37200366469472645,0.3437761586345732,0.486117085840553,0.4141508858650923,0.3408031802624464,0.394456912226975,0.2028801093045622,0.2206659393943846,0.37200366469472645,0.3437761586345732,0.486117085840553,0.4141508858650923
robust,1,105,front_left,0.5,33.23194552243459,77,True,1.4874038903540252,0.3863386728192273,0.3186291376878689,0.4333788721108591,0.4414849818696256,0.3949238061663005,0.41723444545036786,0.438459536568685,0.5494582272291958,0.48852614951985224,0.3186291376878689,0.4333788721108591,0.2207424909348128,0.19746190308315026,0.41723444545036786,0.438459536568685,0.5494582272291958,0.48852614951985224
robust,1,106,front_left,0.5,13.014771862085746,29,True,0.6365680674905705,0.4390124603383244,0.5116758305450966,0.3787516310554126,0.39335152699515735,0.34525053305872555,0.5108200288538275,0.39149676468865624,0.49400260003990143,0.48714888095855713,0.5116758305450966,0.3787516310554126,0.19667576349757868,0.17262526652936278,0.5108200288538275,0.39149676468865624,0.49400260003990143,0.48714888095855713
robust,1,107,front_left,0.5,139.31666006237333,509,True,3.3287119399065013,0.13079418231459727,0.3568620528798909,0.42802378288625736,0.4361767192080266,0.431941042864633,0.4219179336413419,0.3729969646071755,0.513894709174783,0.4205277281683414,0.3568620528798909,0.42802378288625736,0.2180883596040133,0.2159705214323165,0.4219179336413419,0.3729969646071755,0.513894709174783,0.4205277281683414
robust,1,108,front_left,0.5,76.44876646441617,147,True,2.745460689697878,0.3735320666255616,0.37420406750067564,0.45599946927051155,0.42387061807498033,0.4189453948365182,0.40322072028505557,0.39470445260811016,0.48574942849627156,0.3868208126145966,0.37420406750067564,0.45599946927051155,0.21193530903749017,0.2094726974182591,0.40322072028505557,0.39470445260811016,0.48574942849627156,0.3868208126145966
robust,1,109,front_left,0.5,34.919403889286784,173,True,0.8569918145417142,0.09907419821291494,0.3682493231975274,0.4303583921810795,0.4448054884479656,0.46093283113458255,0.4295290738042724,0.3902280334964653,0.4955582349114335,0.45587187949460367,0.3682493231975274,0.4303583921810795,0.2224027442239828,0.23046641556729128,0.4295290738042724,0.3902280334964653,0.4955582349114335,0.45587187949460367
robust,1,100,front_right,0.5,9.585824005502149,17,True,0.5089945543268655,0.5988171227374888,0.500791963408975,0.332246828605147,0.4861510246992111,0.34697626114768143,0.6917554218979443,0.5338548435007825,0.4960019641062793,0.46322862365666556,0.500791963408975,0.332246828605147,0.4861510246992111,0.34697626114768143,0.34587771094897213,0.26692742175039125,0.4960019641062793,0.46322862365666556
robust,1,101,front_right,0.5,201.0629762121463,1000,False,0.38493947744516954,0.007698789548903391,0.3337015190497041,0.3961652850378305,0.3992988858241588,0.41536556169949473,0.3714527993388474,0.361144156396389,0.499957479827106,0.3913855017721653,0.3337015190497041,0.3961652850378305,0.3992988858241588,0.41536556169949473,0.1857263996694237,0.1805720781981945,0.499957479827106,0.3913855017721653
robust,1,102,front_right,0.5,29.908573709070566,31,True,1.3827772155510414,0.8921143326135751,0.3755568124113544,0.39556268999172794,0.39283621839938626,0.4494636066017612,0.536389866182881,0.38941661677052897,0.5818486404755423,0.37441622225507615,0.3755568124113544,0.39556268999172794,0.39283621839938626,0.4494636066017612,0.2681949330914405,0.19470830838526448,0.5818486404755423,0.37441622225507615
robust,1,103,front_right,0.5,49.78047506794891,60,True,2.3406122295726117,0.7802040765242039,0.4286945323149363,0.4159079941610495,0.427002655606096,0.4699139727279544,0.4720303934067488,0.4278374709188938,0.47407037249455847,0.4151580655326446,0.4286945323149363,0.4159079941610495,0.427002655606096,0.4699139727279544,0.2360151967033744,0.2139187354594469,0.47407037249455847,0.4151580655326446
robust,1,104,front_right,0.5,19.48572843795826,35,True,0.872031726268049,0.4983038435817423,0.48906818351575304,0.36577262112072534,0.4042411244075213,0.43077708291155953,0.4397461519709655,0.5124817652361734,0.5494432470628193,0.38822083196469714,0.48906818351575304,0.36577262112072534,0.4042411244075213,0.43077708291155953,0.21987307598548275,0.2562408826180867,0.5494432470628193,0.38822083196469714
robust,1,105,front_right,0.5,66.75182378709552,204,True,1.8627668872866847,0.18262420463594947,0.3975180878358729,0.42293081023529466,0.42467995064661784,0.3768217807690449,0.4113276941774815,0.4037840240361059,0.4815082224085927,0.39091766041283516,0.3975180878358729,0.42293081023529466,0.42467995064661784,0.3768217807690449,0.20566384708874075,0.20189201201805296,0.4815082224085927,0.39091766041283516
robust,1,106,front_right,0.5,27.50350880732289,108,True,1.3451003811411095,0.24909266317427953,0.37777247514437745,0.4274684964782662,0.5039173555129243,0.46152186790412225,0.4213321459721084,0.41122786797307154,0.5017147983803794,0.4651763751688931,0.37777247514437745,0.4274684964782662,0.5039173555129243,0.46152186790412225,0.2106660729860542,0.20561393398653577,0.5017147983803794,0.4651763751688931
robust,1,107,front_right,0.5,27.019419655875794,29,True,1.4376061582794732,0.9914525229513608,0.4603413600346138,0.3985706015393652,0.4810622355354757,0.454081819296397,0.5658530040547766,0.41265737239656775,0.6226895302534103,0.4613469808266081,0.4603413600346138,0.3985706015393652,0.4810622355354757,0.454081819296397,0.2829265020273883,0.20632868619828387,0.6226895302534103,0.4613469808266081
robust,1,108,front_right,0.5,-10.006350375540439,119,True,-0.7266371180773437,-0.1221238853911502,0.33078743079129386,0.42185443658538224,0.4580354681238532,0.4526671680989636,0.4912947244441309,0.40482708808629453,0.5352659748882806,0.4748965109221074,0.33078743079129386,0.42185443658538224,0.4580354681238532,0.4526671680989636,0.24564736222206546,0.20241354404314726,0.5352659748882806,0.4748965109221074
robust,1,109,front_right,0.5,45.8475152767479,53,True,2.22147035483919,0.8382906999393169,0.4595005731537657,0.3916253335773945,0.437939577103364,0.4140665089746691,0.5097037927019146,0.45499915812375413,0.5643402155980749,0.4060459773776666,0.4595005731537657,0.3916253335773945,0.437939577103364,0.4140665089746691,0.2548518963509573,0.22749957906187707,0.5643402155980749,0.4060459773776666
robust,1,100,back_left,0.5,304.27798921728754,1000,False,2.5298557854990658,0.050597115709981315,0.3499750526957214,0.38020090854167937,0.3951907524475828,0.4175118796583265,0.3947779066450894,0.34765882905200124,0.5456034183688462,0.42335023198276756,0.3499750526957214,0.38020090854167937,0.3951907524475828,0.4175118796583265,0.3947779066450894,0.34765882905200124,0.2728017091844231,0.21167511599138378
robust,1,101,back_left,0.5,254.0981710295152,1000,False,1.0859002705365899,0.021718005410731798,0.33924487805366516,0.4002636977918446,0.4195655468637124,0.42139452186971904,0.3988145741596818,0.3549483844190836,0.5314537580236792,0.4226328961960971,0.33924487805366516,0.4002636977918446,0.4195655468637124,0.42139452186971904,0.3988145741596818,0.3549483844190836,0.2657268790118396,0.21131644809804856
robust,1,102,back_left,0.5,1.4598350711041104,74,True,-0.43834437083042044,-0.1184714515757893,0.34105969129784686,0.4233024066968544,0.4438158095235357,0.421538158219207,0.45932142371060075,0.3935799742671284,0.5422859449140929,0.3689863989381371,0.34105969129784686,0.4233024066968544,0.4438158095235357,0.421538158219207,0.45932142371060075,0.3935799742671284,0.27114297245704644,0.18449319946906856
robust,1,103,back_left,0.5,30.551909863477164,41,True,1.375076657400112,0.6707691011707863,0.4395797110912276,0.3817751349472418,0.4863050947102105,0.34513073096551544,0.4778016473098499,0.44278586346928667,0.559122328896348,0.4802536713640864,0.4395797110912276,0.3817751349472418,0.4863050947102105,0.34513073096551544,0.4778016473098499,0.44278586346928667,0.279561164448174,0.2401268356820432
robust,1,104,back_left,0.5,15.744466269595092,46,True,0.5517056476372078,0.23987202071182942,0.40635601544509764,0.43214890474210615,0.41868061056036665,0.43890570270140533,0.4084506170095309,0.44728267889307893,0.5786570101652456,0.46422022435328236,0.40635601544509764,0.43214890474210615,0.41868061056036665,0.43890570270140533,0.4084506170095309,0.44728267889307893,0.2893285050826228,0.23211011217664118
robust,1,105,back_left,0.5,27.146785913154513,40,True,1.5711189146066942,0.7855594573033471,0.40853428542613984,0.4514922765083611,0.44603749888483435,0.4829224077053368,0.556952718924731,0.5041801849380135,0.5823090171441436,0.4742548704147339,0.40853428542613984,0.4514922765083611,0.44603749888483435,0.4829224077053368,0.556952718924731,0.5041801849380135,0.2911545085720718,0.23712743520736695
robust,1,106,back_left,0.5,-11.59395416621366,25,True,-0.4880135282964993,-0.39041082263719945,0.33687679290771483,0.4805313408374786,0.4524242616072297,0.4914469558745623,0.5295428244769573,0.5180886891484261,0.47196253165602686,0.36930389970541,0.33687679290771483,0.4805313408374786,0.4524242616072297,0.4914469558745623,0.5295428244769573,0.5180886891484261,0.23598126582801343,0.184651949852705
robust,1,107,back_left,0.5,294.71550782469683,1000,False,2.785569024190048,0.055711380483800955,0.3485666272714734,0.4008137517906725,0.40587296239286663,0.3999129490628838,0.4011179711148143,0.36032402754947546,0.515674839425832,0.3986799475476146,0.3485666272714734,0.4008137517906725,0.40587296239286663,0.3999129490628838,0.4011179711148143,0.36032402754947546,0.257837419712916,0.1993399737738073
robust,1,108,back_left,0.5,0.1734746758648703,21,True,0.17994501341229693,0.1713762032498066,0.5173726518239293,0.428075804242066,0.3586513509619094,0.482039831223942,0.5889954451648962,0.477235675035488,0.5400619790667579,0.48927450960590724,0.5173726518239293,0.428075804242066,0.3586513509619094,0.482039831223942,0.5889954451648962,0.477235675035488,0.27003098953337895,0.24463725480295362
robust,1,109,back_left,0.5,47.33373657935184,183,True,0.8681120827928139,0.09487563746369551,0.3915792768363093,0.4031697209781962,0.3820754311561503,0.4002301554638343,0.4567402847355507,0.3861365696120132,0.5606507851533551,0.426078514730344,0.3915792768363093,0.4031697209781962,0.3820754311561503,0.4002301554638343,0.4567402847355507,0.3861365696120132,0.28032539257667755,0.213039257365172
robust,1,100,back_right,0.5,73.37168751963827,85,True,3.441922993392355,0.8098642337393777,0.35887895116911217,0.4002313560422729,0.4232672002495212,0.4341347382787396,0.45256826202659045,0.4283771305399783,0.5263552172657322,0.3919533641899333,0.17943947558455609,0.20011567802113644,0.4232672002495212,0.4341347382787396,0.45256826202659045,0.4283771305399783,0.5263552172657322,0.3919533641899333
robust,1,101,back_right,0.5,69.86009689333618,94,True,3.2068721088378807,0.6823132146463575,0.3774643072739561,0.39287971479303024,0.46306522103383185,0.46963914041902793,0.48335863479432906,0.35103918750710944,0.49923810675898767,0.40172886293619237,0.18873215363697804,0.19643985739651512,0.46306522103383185,0.46963914041902793,0.48335863479432906,0.35103918750710944,0.49923810675898767,0.40172886293619237
robust,1,102,back_right,0.5,88.53673560464716,95,True,4.016153890400286,0.8455060821895339,0.4091679129161333,0.43359338594110386,0.39744341006796613,0.3913913507994853,0.42664375909064944,0.4286213873248351,0.48434596928326706,0.4501607290224025,0.20458395645806665,0.21679669297055193,0.39744341006796613,0.3913913507994853,0.42664375909064944,0.4286213873248351,0.48434596928326706,0.4501607290224025
robust,1,103,back_right,0.5,7.353181369779342,18,True,0.4828171227254425,0.5364634696949361,0.38717036694288254,0.38758767685956425,0.4282561383313603,0.4300283178066214,0.5177363066209687,0.4531528842118051,0.6499581221077178,0.4682264563937982,0.19358518347144127,0.19379383842978212,0.4282561383313603,0.4300283178066214,0.5177363066209687,0.4531528842118051,0.6499581221077178,0.4682264563937982
robust,1,104,back_right,0.5,19.081559480472354,67,True,0.5353910461767536,0.1598182227393294,0.3800851475836626,0.4590367034856063,0.40915429804807724,0.45793046126725956,0.39332834620084334,0.4640634256734777,0.4237115453761905,0.3965342133792479,0.1900425737918313,0.22951835174280316,0.40915429804807724,0.45793046126725956,0.39332834620084334,0.4640634256734777,0.4237115453761905,0.3965342133792479
robust,1,105,back_right,0.5,107.65723839590231,357,True,3.7839182817856365,0.21198421746698243,0.36557539395925376,0.4173555100227104,0.40646150941420506,0.44648825195657105,0.46103168143277745,0.36751679637852835,0.4966296830660656,0.4402459305541522,0.18278769697962688,0.2086777550113552,0.40646150941420506,0.44648825195657105,0.46103168143277745,0.36751679637852835,0.4966296830660656,0.4402459305541522
robust,1,106,back_right,0.5,21.35937437698817,48,True,1.117135269112827,0.46547302879701113,0.45910417040189105,0.42787924137276906,0.4225885017658584,0.44901162102663267,0.5420174162524442,0.4667004554842909,0.427229764405638,0.4324199128895998,0.22955208520094553,0.21393962068638453,0.4225885017658584,0.44901162102663267,0.5420174162524442,0.4667004554842909,0.427229764405638,0.4324199128895998
robust,1,107,back_right,0.5,94.47613167370517,146,True,4.083049762239871,0.5593218852383385,0.3726692053757302,0.41614486233726755,0.38150488555252754,0.4178541465726209,0.46824651703952924,0.38338066027691103,0.5233998246082704,0.4244397708202062,0.1863346026878651,0.20807243116863378,0.38150488555252754,0.4178541465726209,0.46824651703952924,0.38338066027691103,0.5233998246082704,0.4244397708202062
robust,1,108,back_right,0.5,45.94336334690287,62,True,2.0957837992600457,0.6760592900838857,0.4363139818512624,0.4354207232714661,0.3779317407358077,0.4283949990246084,0.46332447927805687,0.4574967473745346,0.4738004797048146,0.4595169578829119,0.2181569909256312,0.21771036163573304,0.3779317407358077,0.4283949990246084,0.46332447927805687,0.4574967473745346,0.4738004797048146,0.4595169578829119
robust,1,109,back_right,0.5,2.213050515792417,16,True,0.1110066523769447,0.13875831547118087,0.4329225281253457,0.3541540508158505,0.435160462744534,0.5248429113999009,0.5181026712525636,0.4640598897822201,0.4569714944809675,0.3322369959205389,0.21646126406267285,0.17707702540792525,0.435160462744534,0.5248429113999009,0.5181026712525636,0.4640598897822201,0.4569714944809675,0.3322369959205389
robust,1,100,front_left,0.0,106.68160944382852,387,True,1.103333254713712,0.05701980644515307,0.34106642045369445,0.4218808698638773,0.44811463481157016,0.4385769809199165,0.45564912377979405,0.38299416008499243,0.4874979254021971,0.41732270715310593,0.34106642045369445,0.4218808698638773,0.0,0.0,0.45564912377979405,0.38299416008499243,0.4874979254021971,0.41732270715310593
robust,1,101,front_left,0.0,309.9722113607849,1000,False,3.2190317486921765,0.06438063497384353,0.36554730505868793,0.43358469757065177,0.42361164441984145,0.43388197517581284,0.4091999543942511,0.3455113472416997,0.49051292122527956,0.4051558753363788,0.36554730505868793,0.43358469757065177,0.0,0.0,0.4091999543942511,0.3455113472416997,0.49051292122527956,0.4051558753363788
robust,1,102,front_left,0.0,31.728600543989042,253,True,-0.4434081108993372,-0.0350520245770227,0.4167301024902951,0.4114782227711244,0.44644957615923975,0.47883028163033514,0.43476318719653273,0.3924718906167939,0.5302837485881898,0.43611827938865294,0.4167301024902951,0.4114782227711244,0.0,0.0,0.43476318719653273,0.3924718906167939,0.5302837485881898,0.43611827938865294
robust,1,103,front_left,0.0,32.04177682162536,29,True,1.365011491263705,0.9413872353542793,0.3524731296146738,0.38027076102022467,0.36969189522466783,0.45889301129199306,0.4772729442037385,0.42680850188279973,0.48065689463039923,0.4138531183888172,0.3524731296146738,0.38027076102022467,0.0,0.0,0.4772729442037385,0.42680850188279973,0.48065689463039923,0.4138531183888172
robust,1,104,front_left,0.0,45.6004475593032,39,True,2.1277331903464263,1.09114522581868,0.42996703814237547,0.40176293139274305,0.47810114996555525,0.5307534027558106,0.4898766250564502,0.4030177931372936,0.5652983452265079,0.44038304915794957,0.42996703814237547,0.40176293139274305,0.0,0.0,0.4898766250564502,0.4030177931372936,0.5652983452265079,0.44038304915794957
robust,1,105,front_left,0.0,17.978112599643048,80,True,0.428653173378647,0.10716329334466175,0.39447180908173324,0.44684249041602014,0.35891884798184037,0.46309842439368365,0.4492081390693784,0.39530485393479464,0.5354666215833277,0.46146434284746646,0.39447180908173324,0.44684249041602014,0.0,0.0,0.4492081390693784,0.39530485393479464,0.5354666215833277,0.46146434284746646
robust,1,106,front_left,0.0,28.172070179674016,49,True,1.2694608801379599,0.5181472980154938,0.49031595460006167,0.45383079669305254,0.473996460285722,0.4172162512051208,0.5271939652762851,0.4515313392086905,0.5119581112295998,0.38905053312072946,0.49031595460006167,0.45383079669305254,0.0,0.0,0.5271939652762851,0.4515313392086905,0.5119581112295998,0.38905053312072946
robust,1,107,front_left,0.0,107.92393593249008,191,True,3.2672718422842717,0.34212270599835304,0.38340978144975235,0.42473653791696614,0.46676182548432604,0.4778693886912618,0.4113196868507962,0.39315544966003657,0.5067093942450915,0.36505204139774694,0.38340978144975235,0.42473653791696614,0.0,0.0,0.4113196868507962,0.39315544966003657,0.5067093942450915,0.36505204139774694
robust,1,108,front_left,0.0,165.85695703285253,391,True,4.514188364136215,0.23090477565914144,0.3739699108140243,0.43403340539778285,0.47977374468827644,0.3991077139621119,0.4550824733093724,0.36990714539080627,0.5093219118464328,0.40159725839905724,0.3739699108140243,0.43403340539778285,0.0,0.0,0.4550824733093724,0.36990714539080627,0.5093219118464328,0.40159725839905724
robust,1,109,front_left,0.0,6.527011323170338,53,True,0.12819367540275528,0.04837497185009632,0.39924623184608965,0.42557515295327836,0.4493385054135941,0.5373437122424256,0.4728920982693726,0.4134737254594857,0.5461687623470459,0.4391961176440401,0.39924623184608965,0.42557515295327836,0.0,0.0,0.4728920982693726,0.4134737254594857,0.5461687623470459,0.4391961176440401
robust,1,100,front_right,0.0,31.808227473925196,50,True,1.3443629539679436,0.5377451815871774,0.3790195022523403,0.39724403314292434,0.3935426637530327,0.5449328419938684,0.47998658768832686,0.38158548340201376,0.559975716099143,0.3988264484703541,0.3790195022523403,0.39724403314292434,0.3935426637530327,0.5449328419938684,0.0,0.0,0.559975716099143,0.3988264484703541
robust,1,101,front_right,0.0,4.938439296074291,50,True,0.11160204908169682,0.04464081963267873,0.3721773198246956,0.4658393411338329,0.5294568809866905,0.4348399963229895,0.46603438407182696,0.408900376111269,0.4964192895591259,0.4388015981018543,0.3721773198246956,0.4658393411338329,0.5294568809866905,0.4348399963229895,0.0,0.0,0.4964192895591259,0.4388015981018543
robust,1,102,front_right,0.0,84.12701264259034,78,True,3.8190418331269207,0.9792414956735693,0.38838286879353034,0.35395216870193297,0.46198707533618194,0.49366503595732725,0.5011877883225679,0.42993199213957173,0.5735364405390544,0.40318875406415033,0.38838286879353034,0.35395216870193297,0.46198707533618194,0.49366503595732725,0.0,0.0,0.5735364405390544,0.40318875406415033
robust,1,103,front_right,0.0,20.456372595288542,32,True,0.6804488887008124,0.42528055543800775,0.41436001542024314,0.4167556487955153,0.40047497375053354,0.3449414218775928,0.454124124487862,0.48250659415498376,0.422240330488421,0.44637116976082325,0.41436001542024314,0.4167556487955153,0.40047497375053354,0.3449414218775928,0.0,0.0,0.422240330488421,0.44637116976082325
robust,1,104,front_right,0.0,32.75106539392908,43,True,1.5797228817872906,0.7347548287382747,0.42299865809983983,0.47683369879459225,0.4570376164344854,0.43011621338163697,0.47099388927914376,0.3286097495015277,0.6065236699095992,0.40747839056475216,0.42299865809983983,0.47683369879459225,0.4570376164344854,0.43011621338163697,0.0,0.0,0.6065236699095992,0.40747839056475216
robust,1,105,front_right,0.0,18.503602146765882,48,True,0.6203040621739019,0.2584600259057924,0.5070995904194812,0.30814110829184455,0.42068366553091135,0.3874656845582649,0.46831622168732184,0.40381508056695264,0.4936438004175822,0.5026074652560055,0.5070995904194812,0.30814110829184455,0.42068366553091135,0.3874656845582649,0.0,0.0,0.4936438004175822,0.5026074652560055
robust,1,106,front_right,0.0,-2.81903800611831,16,True,-0.25772042739234374,-0.32215053424042966,0.40049032773822546,0.2691017419565469,0.344297275878489,0.40989035088568926,0.525133685907349,0.313018566230312,0.48133167740888894,0.530726995319128,0.40049032773822546,0.2691017419565469,0.344297275878489,0.40989035088568926,0.0,0.0,0.48133167740888894,0.530726995319128
robust,1,107,front_right,0.0,381.00003906052433,1000,False,7.816822381093938,0.15633644762187876,0.3427629124671221,0.393603410102427,0.38761054597981276,0.43586131718009713,0.39564576085284353,0.3478876036442816,0.5170397790819407,0.4124009772539139,0.3427629124671221,0.393603410102427,0.38761054597981276,0.43586131718009713,0.0,0.0,0.5170397790819407,0.4124009772539139
robust,1,108,front_right,0.0,12.001931165186988,29,True,0.4991123395100414,0.3442154065586492,0.4676739552925373,0.4035730812827061,0.40234399297884826,0.4555164771475669,0.48299008916164266,0.40836041703306397,0.512345859074387,0.4104269606799915,0.4676739552925373,0.4035730812827061,0.40234399297884826,0.4555164771475669,0.0,0.0,0.512345859074387,0.4104269606799915
robust,1,109,front_right,0.0,41.7974760161995,42,True,2.043177748561354,0.972941785029216,0.44090847741989864,0.41837601496704985,0.49418942095889223,0.5036620781091707,0.5173172010552316,0.42636206923496156,0.4899420700967312,0.46916002922114874,0.44090847741989864,0.41837601496704985,0.49418942095889223,0.5036620781091707,0.0,0.0,0.4899420700967312,0.46916002922114874
robust,1,100,back_left,0.0,398.21386152929176,1000,False,5.988839551144263,0.11977679102288526,0.3527692803069949,0.4083039889745414,0.42386285785678773,0.41632629829272627,0.4232470948137343,0.3619596055746078,0.5675763017199934,0.4227028640061617,0.3527692803069949,0.4083039889745414,0.42386285785678773,0.41632629829272627,0.4232470948137343,0.3619596055746078,0.0,0.0
robust,1,101,back_left,0.0,156.6917156559796,252,True,6.529999451655104,0.518253924734532,0.3835066552495673,0.4782864719717985,0.49013330481783857,0.40266312541262733,0.5258734737715077,0.42082378960081507,0.57920645053188,0.4192387579629819,0.3835066552495673,0.4782864719717985,0.49013330481783857,0.40266312541262733,0.5258734737715077,0.42082378960081507,0.0,0.0
robust,1,102,back_left,0.0,245.70231329365603,1000,False,-1.1311496022732694,-0.02262299204546539,0.3556599909774959,0.41281601578742266,0.4004719889005646,0.433954731348902,0.4226835054196417,0.3785297294072807,0.5579748403765261,0.4405712962001562,0.3556599909774959,0.41281601578742266,0.4004719889005646,0.433954731348902,0.4226835054196417,0.3785297294072807,0.0,0.0
robust,1,103,back_left,0.0,4.386440648388005,25,True,0.15061164375699831,0.12048931500559865,0.42746393859386445,0.4228446865081787,0.4741420978307724,0.3643210691958666,0.5936081874370575,0.40236140966415407,0.5893585509061814,0.5129575517773628,0.42746393859386445,0.4228446865081787,0.4741420978307724,0.3643210691958666,0.5936081874370575,0.40236140966415407,0.0,0.0
robust,1,104,back_left,0.0,9.001555807421594,249,True,-1.2277207717312821,-0.09861211017921943,0.3718461607953152,0.46001150269046365,0.45092723395555734,0.44732744442710437,0.4482856107254823,0.4469039926387699,0.5904053304957817,0.4423002004922633,0.3718461607953152,0.46001150269046365,0.45092723395555734,0.44732744442710437,0.4482856107254823,0.4469039926387699,0.0,0.0
robust,1,105,back_left,0.0,-6.247046305242166,125,True,-1.4786765200113905,-0.23658824320182248,0.3664729947447777,0.4236844066083431,0.4231298269703984,0.3958057378232479,0.46714597442746164,0.4347877786755562,0.5349030837714672,0.46228504115343094,0.3664729947447777,0.4236844066083431,0.4231298269703984,0.3958057378232479,0.46714597442746164,0.4347877786755562,0.0,0.0
robust,1,106,back_left,0.0,80.07691987834131,109,True,3.481829901811624,0.6388678718920411,0.41183592440611727,0.4785342285870959,0.4983412099216099,0.40855437134384015,0.5019149035898918,0.40529074075571986,0.5336758219252485,0.4840777857451264,0.41183592440611727,0.4785342285870959,0.4983412099216099,0.40855437134384015,0.5019149035898918,0.40529074075571986,0.0,0.0
robust,1,107,back_left,0.0,202.33916658818168,280,True,7.96832161854964,0.5691658298964029,0.3772738971547889,0.41303602989230837,0.45185669941628087,0.41934509651868473,0.5196264947365438,0.452646043018571,0.5826554810362202,0.43756192358476775,0.3772738971547889,0.41303602989230837,0.45185669941628087,0.41934509651868473,0.5196264947365438,0.452646043018571,0.0,0.0
robust,1,108,back_left,0.0,58.8093666744838,109,True,2.471994144121289,0.4535769071782182,0.37009370173199463,0.4569859887823599,0.48349975178513777,0.4032241114406684,0.49961294315823723,0.474127978838365,0.5854152479644762,0.4849780719351331,0.37009370173199463,0.4569859887823599,0.48349975178513777,0.4032241114406684,0.49961294315823723,0.474127978838365,0.0,0.0
robust,1,109,back_left,0.0,269.5308306160939,1000,False,0.3251004462164858,0.006502008924329716,0.3793239036016166,0.4065574488341808,0.41653101341240106,0.41005693143233657,0.4289084345698357,0.37109524439647795,0.568052358996123,0.4301775504313409,0.3793239036016166,0.4065574488341808,0.41653101341240106,0.41005693143233657,0.4289084345698357,0.37109524439647795,0.0,0.0
robust,1,100,back_right,0.0,18.65595417361104,41,True,0.823411872560663,0.4016643280783721,0.36367829961747655,0.4054159453002418,0.37983133589349144,0.4648333288184026,0.4806153607077715,0.4893863177517565,0.5796776556568902,0.38631995840043554,0.0,0.0,0.37983133589349144,0.4648333288184026,0.4806153607077715,0.4893863177517565,0.5796776556568902,0.38631995840043554
robust,1,101,back_right,0.0,-2.1489485141133007,19,True,-0.02983687165586299,-0.03140723332196104,0.4691191056841298,0.46610071706144435,0.460600882768631,0.4976834042095824,0.5680625703381864,0.4974687193569384,0.3742958281777407,0.5070270001888275,0.0,0.0,0.460600882768631,0.4976834042095824,0.5680625703381864,0.4974687193569384,0.3742958281777407,0.5070270001888275
robust,1,102,back_right,0.0,25.521737949435437,23,True,1.1513907402883903,1.001209339381209,0.45441212213557697,0.39482005636977113,0.4636153594955154,0.3586257791713528,0.5421730109854884,0.4194350057969923,0.3722554398295672,0.49021947578243585,0.0,0.0,0.4636153594955154,0.3586257791713528,0.5421730109854884,0.4194350057969923,0.3722554398295672,0.49021947578243585
robust,1,103,back_right,0.0,12.680720444067276,28,True,0.7671873110329835,0.547990936452131,0.43135914472596987,0.5225267112255096,0.43141126952001024,0.42414059742752996,0.635746852095638,0.5283895744276899,0.5373366070645196,0.42513531925422804,0.0,0.0,0.43141126952001024,0.42414059742752996,0.635746852095638,0.5283895744276899,0.5373366070645196,0.42513531925422804
robust,1,104,back_right,0.0,66.82444354174552,71,True,2.693126484428088,0.7586271787121375,0.3637591057889898,0.39135677834421817,0.3854688226809384,0.41621430616983224,0.528828475152103,0.3942492372343238,0.4423012655805534,0.34472096029301763,0.0,0.0,0.3854688226809384,0.41621430616983224,0.528828475152103,0.3942492372343238,0.4423012655805534,0.34472096029301763
robust,1,105,back_right,0.0,48.44526663576309,80,True,2.1353238863767787,0.5338309715941947,0.4306054148823023,0.4212556438986212,0.4191828097216785,0.41609510078560563,0.5712992920540273,0.4429870435036719,0.4546537263318896,0.42142846919596194,0.0,0.0,0.4191828097216785,0.41609510078560563,0.5712992920540273,0.4429870435036719,0.4546537263318896,0.42142846919596194
robust,1,106,back_right,0.0,68.69875747333589,99,True,2.8550950741541032,0.5767868836674955,0.3867331946814301,0.40864380881792367,0.43242190447118545,0.4636694956194572,0.5261747843839906,0.4194028888537426,0.4265363353370416,0.427590798774753,0.0,0.0,0.43242190447118545,0.4636694956194572,0.5261747843839906,0.4194028888537426,0.4265363353370416,0.427590798774753
robust,1,107,back_right,0.0,27.141555753096984,57,True,1.0156157945871351,0.35635641915338073,0.42277715590439346,0.465608189176572,0.3764780161150715,0.489764694581952,0.49321208109981135,0.4110373981427728,0.4962379552031818,0.40320344020922977,0.0,0.0,0.3764780161150715,0.489764694581952,0.49321208109981135,0.4110373981427728,0.4962379552031818,0.40320344020922977
robust,1,108,back_right,0.0,-2.3305757618059433,24,True,-0.12150911080014645,-0.10125759233345537,0.3598800531278054,0.41170975286513567,0.35428780658791464,0.57766001795729,0.48822322813794017,0.4950724517305692,0.44160195455575985,0.4874089416116476,0.0,0.0,0.35428780658791464,0.57766001795729,0.48822322813794017,0.4950724517305692,0.44160195455575985,0.4874089416116476
robust,1,109,back_right,0.0,6.705122033312794,13,True,0.3869885641772832,0.5953670218112049,0.4425999212723512,0.40527622487682563,0.5008574346653544,0.378213820549158,0.5686359672019115,0.565558414046581,0.4811893119834937,0.4500561465437596,0.0,0.0,0.5008574346653544,0.378213820549158,0.5686359672019115,0.565558414046581,0.4811893119834937,0.4500561465437596
robust,2,100,healthy,1.0,43.32376187447631,165,True,1.6915137213219826,0.20503196622084638,0.3689425785207387,0.38590763576582754,0.41661877526026786,0.3849531018824288,0.44935990443283863,0.3168127668626381,0.39783917900287746,0.39676341350105676,0.3689425785207387,0.38590763576582754,0.41661877526026786,0.3849531018824288,0.44935990443283863,0.3168127668626381,0.39783917900287746,0.39676341350105676
robust,2,101,healthy,1.0,16.896624706634316,52,True,1.0988412181079257,0.42263123773381756,0.3380795977293299,0.3982031790073961,0.48863225516218406,0.3664260244426819,0.5282805650853194,0.4232849557525836,0.3975196023686574,0.47403898562949437,0.3380795977293299,0.3982031790073961,0.48863225516218406,0.3664260244426819,0.5282805650853194,0.4232849557525836,0.3975196023686574,0.47403898562949437
robust,2,102,healthy,1.0,6.23598788817752,10,True,0.3276242606068346,0.6552485212136692,0.36466236375272276,0.20200269427150488,0.54947595782578,0.2797760248184204,0.568133133277297,0.36249980032444,0.45426851622760295,0.26163132674992085,0.36466236375272276,0.20200269427150488,0.54947595782578,0.2797760248184204,0.568133133277297,0.36249980032444,0.45426851622760295,0.26163132674992085
robust,2,103,healthy,1.0,18.86082006423579,32,True,1.0209305514263487,0.6380815946414679,0.2251797585049644,0.35768296231981367,0.5290254435967654,0.468529820907861,0.5099899716442451,0.35836268146522343,0.31027869530953467,0.4354873920674436,0.2251797585049644,0.35768296231981367,0.5290254435967654,0.468529820907861,0.5099899716442451,0.35836268146522343,0.31027869530953467,0.4354873920674436
robust,2,104,healthy,1.0,85.82862188830501,102,True,4.091760230200511,0.8023059274902962,0.3331713041692388,0.3655909930410631,0.46430875547230244,0.36498557820039634,0.49586475399487157,0.38528027188252,0.37812771911130233,0.418084490681341,0.3331713041692388,0.3655909930410631,0.46430875547230244,0.36498557820039634,0.49586475399487157,0.38528027188252,0.37812771911130233,0.418084490681341
robust,2,105,healthy,1.0,43.467895407703224,44,True,2.2081534320712275,1.0037061054869214,0.3658154151317748,0.34515242980771954,0.471528566188433,0.33316242322325706,0.48764434160495346,0.4377415251325477,0.4261952770704573,0.3962885416906581,0.3658154151317748,0.34515242980771954,0.471528566188433,0.33316242322325706,0.48764434160495346,0.4377415251325477,0.4261952770704573,0.3962885416906581
robust,2,106,healthy,1.0,25.129076925657127,42,True,1.0925854699076787,0.5202787951941327,0.3410127228569417,0.38964753071334035,0.41528026741885005,0.3352732346171424,0.43349017531034495,0.2756514247684252,0.38327124776939553,0.4429799555523676,0.3410127228569417,0.38964753071334035,0.41528026741885005,0.3352732346171424,0.43349017531034495,0.2756514247684252,0.38327124776939553,0.4429799555523676
robust,2,107,healthy,1.0,45.93001966255308,40,True,2.470073172482574,1.235036586241287,0.40891912784427403,0.3934707317268476,0.4072389602661133,0.3938927434384823,0.5523385543376207,0.3484466364607215,0.4128453344106674,0.432248892635107,0.40891912784427403,0.3934707317268476,0.4072389602661133,0.3938927434384823,0.5523385543376207,0.3484466364607215,0.4128453344106674,0.432248892635107
robust,2,108,healthy,1.0,211.2045600643482,1000,False,1.6468370441936124,0.032936740883872245,0.3536708332374692,0.35519835055922155,0.420523310508579,0.39594728806242346,0.4174460220001638,0.2974567650333047,0.3491782814748585,0.33072634917893445,0.3536708332374692,0.35519835055922155,0.420523310508579,0.39594728806242346,0.4174460220001638,0.2974567650333047,0.3491782814748585,0.33072634917893445
robust,2,109,healthy,1.0,31.10743407854347,115,True,1.252053479729196,0.2177484312572515,0.3989371055818122,0.3731874798444788,0.4154033740901429,0.38736920311399126,0.44801226766861,0.3664288324506386,0.36969542629692864,0.4002097743988523,0.3989371055818122,0.3731874798444788,0.4154033740901429,0.38736920311399126,0.44801226766861,0.3664288324506386,0.36969542629692864,0.4002097743988523
robust,2,100,front_left,0.5,399.25535676810136,1000,False,1.5968436090309417,0.03193687218061883,0.34651359006389976,0.33986137809837236,0.416363986775279,0.38647320644930006,0.38617817698046564,0.3081293626576662,0.3682796996682882,0.3438674188782461,0.34651359006389976,0.33986137809837236,0.2081819933876395,0.19323660322465003,0.38617817698046564,0.3081293626576662,0.3682796996682882,0.3438674188782461
robust,2,101,front_left,0.5,72.93862058767294,100,True,2.9889707636619343,0.5977941527323869,0.3819064218364656,0.3532682228065096,0.4111166437342763,0.3407661001011729,0.5100799889490009,0.4501079061627388,0.45205427292734385,0.3862376385740936,0.3819064218364656,0.3532682228065096,0.20555832186713816,0.17038305005058646,0.5100799889490009,0.4501079061627388,0.45205427292734385,0.3862376385740936
robust,2,102,front_left,0.5,259.19009268753166,337,True,8.489299287233205,0.5038159814381724,0.36167120830727967,0.35356983715579887,0.456520198128609,0.37135660155325334,0.4524196315258299,0.37037935371038117,0.40315893167513767,0.3470443119488391,0.36167120830727967,0.35356983715579887,0.2282600990643045,0.18567830077662667,0.4524196315258299,0.37037935371038117,0.40315893167513767,0.3470443119488391
robust,2,103,front_left,0.5,165.35120269908057,309,True,4.916046293552331,0.3181906986118013,0.37477715606394324,0.37948759209024074,0.4364592033682518,0.3712451511746857,0.4378983556476804,0.40915178403885233,0.40788522485679796,0.37824190545580005,0.37477715606394324,0.37948759209024074,0.2182296016841259,0.18562257558734285,0.4378983556476804,0.40915178403885233,0.40788522485679796,0.37824190545580005
robust,2,104,front_left,0.5,411.95403791877334,1000,False,2.2465700384954377,0.04493140076990875,0.3579141926057637,0.3587527472069487,0.42425867411494256,0.3887364004999399,0.38603894021734597,0.3075961111113429,0.34702396991848944,0.3393941335838754,0.3579141926057637,0.3587527472069487,0.21212933705747128,0.19436820024996995,0.38603894021734597,0.3075961111113429,0.34702396991848944,0.3393941335838754
robust,2,105,front_left,0.5,391.052055467686,1000,False,0.27678882414895883,0.005535776482979177,0.35333080100268127,0.33205368917551825,0.41603964735940097,0.38631870698556303,0.3829540533423424,0.2927673870101571,0.35972355838865044,0.3410774296759628,0.35333080100268127,0.33205368917551825,0.20801982367970048,0.19315935349278152,0.3829540533423424,0.2927673870101571,0.35972355838865044,0.3410774296759628
robust,2,106,front_left,0.5,110.184841380708,136,True,3.640982312496855,0.5354385753671844,0.31066428289255676,0.32987959480584217,0.41393504634170847,0.3971776802859762,0.4807474420898977,0.4100551712600624,0.3687505944467643,0.36991054919438765,0.31066428289255676,0.32987959480584217,0.20696752317085423,0.1985888401429881,0.4807474420898977,0.4100551712600624,0.3687505944467643,0.36991054919438765
robust,2,107,front_left,0.5,83.35214628539697,216,True,1.4012132597368854,0.12974196849415603,0.3718813012905971,0.3486924393585435,0.46457773652272644,0.34425864558390995,0.38986406692614156,0.4274716396574621,0.3755127167570646,0.3923049664331807,0.3718813012905971,0.3486924393585435,0.23228886826136322,0.17212932279195498,0.38986406692614156,0.4274716396574621,0.3755127167570646,0.3923049664331807
robust,2,108,front_left,0.5,361.69770111078503,1000,False,1.060064414351195,0.0212012882870239,0.3712174570336938,0.34712408821936697,0.40320243548974394,0.38756772765517233,0.38960909574851393,0.32945990869402886,0.36801280403882264,0.34938865349022674,0.3712174570336938,0.34712408821936697,0.20160121774487197,0.19378386382758617,0.38960909574851393,0.32945990869402886,0.36801280403882264,0.34938865349022674
robust,2,109,front_left,0.5,140.38956810291936,96,True,5.906723600290531,1.2305674167271936,0.3255004313541576,0.3949773128333618,0.4682113209273666,0.40092202990005416,0.45819591253530234,0.3639133762723456,0.38228337245527655,0.42147910350225476,0.3255004313541576,0.3949773128333618,0.2341056604636833,0.20046101495002708,0.45819591253530234,0.3639133762723456,0.38228337245527655,0.42147910350225476
robust,2,100,front_right,0.5,113.05835769245284,94,True,4.56628611390329,0.9715502370007,0.3499179570043975,0.3295218756972277,0.427535396108919,0.3891453255126451,0.43782414404794257,0.45769064865530806,0.3872091096053098,0.4369981790833334,0.3499179570043975,0.3295218756972277,0.427535396108919,0.3891453255126451,0.21891207202397128,0.22884532432765403,0.3872091096053098,0.4369981790833334
robust,2,101,front_right,0.5,430.5697277372686,1000,False,4.521611571708037,0.09043223143416075,0.34091299967840316,0.33948042774782516,0.40792658123746517,0.3859241943657398,0.39454788990318773,0.3054238583445549,0.33387747292220593,0.3598091298863292,0.34091299967840316,0.33948042774782516,0.40792658123746517,0.3859241943657398,0.19727394495159387,0.15271192917227744,0.33387747292220593,0.3598091298863292
robust,2,102,front_right,0.5,103.7239639512309,104,True,3.746118875776426,0.7204074761108511,0.3226542877606474,0.3318521500959133,0.3930861705269378,0.37463861968941414,0.521109366001418,0.3238410956871051,0.3979945763444098,0.42571213871885377,0.3226542877606474,0.3318521500959133,0.3930861705269378,0.37463861968941414,0.260554683000709,0.16192054784355256,0.3979945763444098,0.42571213871885377
robust,2,103,front_right,0.5,113.37026433761088,99,True,4.7382629935646055,0.9572248471847687,0.36018706606042505,0.37151030507503136,0.4531240660810109,0.39227833154827657,0.4186890980962551,0.38341440659279774,0.40957624788838204,0.4135202637901812,0.36018706606042505,0.37151030507503136,0.4531240660810109,0.39227833154827657,0.20934454904812755,0.19170720329639887,0.40957624788838204,0.4135202637901812
robust,2,104,front_right,0.5,219.93006369940866,208,True,8.573385024304146,0.8243639446446295,0.3664099782024725,0.38334467786906035,0.429052823366454,0.3899704833300068,0.4494685803611691,0.395231109076681,0.3832388639700814,0.40091618339199786,0.3664099782024725,0.38334467786906035,0.429052823366454,0.3899704833300068,0.22473429018058455,0.1976155545383405,0.3832388639700814,0.40091618339199786
robust,2,105,front_right,0.5,61.08513317341325,68,True,2.2009463517689904,0.6473371622849972,0.36780839692801237,0.3352448110989131,0.47373926502597685,0.3112577180213788,0.49585545424591093,0.3979858757161042,0.4041956945815507,0.39895540788112316,0.36780839692801237,0.3352448110989131,0.47373926502597685,0.3112577180213788,0.24792772712295547,0.1989929378580521,0.4041956945815507,0.39895540788112316
robust,2,106,front_right,0.5,19.510511134588302,37,True,0.7416936931142453,0.4009155097914839,0.356759579097097,0.5038843309456432,0.3626074973191764,0.3420303637111509,0.614821018399419,0.38095569630732407,0.4894518885459449,0.377574414920968,0.356759579097097,0.5038843309456432,0.3626074973191764,0.3420303637111509,0.3074105091997095,0.19047784815366203,0.4894518885459449,0.377574414920968
robust,2,107,front_right,0.5,73.22872380708172,114,True,2.4683252090305388,0.43303951035623484,0.3818206982196946,0.37837452300938595,0.46604263612575697,0.4106276252290659,0.45372809917388257,0.3396687893883178,0.38444183472740023,0.3815311381548414,0.3818206982196946,0.37837452300938595,0.46604263612575697,0.4106276252290659,0.22686404958694129,0.1698343946941589,0.38444183472740023,0.3815311381548414
robust,2,108,front_right,0.5,62.092817859396675,86,True,2.325924227471198,0.5409126110398135,0.3910255646549685,0.34947180183506893,0.3794622088154388,0.38764995206580605,0.5984686190738927,0.43516290672989777,0.4304049621054599,0.42819479517476244,0.3910255646549685,0.34947180183506893,0.3794622088154388,0.38764995206580605,0.29923430953694635,0.21758145336494888,0.4304049621054599,0.42819479517476244
robust,2,109,front_right,0.5,140.4266776563589,105,True,5.5753429738669205,1.0619700902603657,0.3393957664569219,0.3686228702199601,0.3723681393478598,0.3993365826351302,0.46261229362516176,0.42633704848232723,0.3723998578886191,0.4341606459269921,0.3393957664569219,0.3686228702199601,0.3723681393478598,0.3993365826351302,0.23130614681258088,0.21316852424116361,0.3723998578886191,0.4341606459269921
robust,2,100,back_left,0.5,160.8682164188492,232,True,5.625389450319211,0.48494736640682845,0.3356106852117027,0.37303804567260346,0.43985614692792296,0.40416338336493435,0.47060969195746144,0.38658644393857183,0.37964233823505966,0.4135901919748747,0.3356106852117027,0.37303804567260346,0.43985614692792296,0.40416338336493435,0.47060969195746144,0.38658644393857183,0.18982116911752983,0.20679509598743734
robust,2,101,back_left,0.5,46.06015324201645,32,True,2.00874458685186,1.2554653667824125,0.36564819572959095,0.39613586317864247,0.5315037026302889,0.24472025758586824,0.4528950375970453,0.3330817262176424,0.43565237894654274,0.40950338839320466,0.36564819572959095,0.39613586317864247,0.5315037026302889,0.24472025758586824,0.4528950375970453,0.3330817262176424,0.21782618947327137,0.20475169419660233
robust,2,102,back_left,0.5,79.19563396125076,98,True,2.5110505174935627,0.5124592892844005,0.3006236174961134,0.38027216653738705,0.3817169459498658,0.36657617697302175,0.4346557094202358,0.3264886317964719,0.38312497301673404,0.3981787660800643,0.3006236174961134,0.38027216653738705,0.3817169459498658,0.36657617697302175,0.4346557094202358,0.3264886317964719,0.19156248650836702,0.19908938304003215
robust,2,103,back_left,0.5,-0.8765880955768198,14,True,-0.07354397553398002,-0.10506282219140002,0.4619629090385778,0.32533419291887966,0.5484667888709477,0.440821430512837,0.4981610173625605,0.3050952601645674,0.36056529065327986,0.41075800279421465,0.4619629090385778,0.32533419291887966,0.5484667888709477,0.440821430512837,0.4981610173625605,0.3050952601645674,0.18028264532663993,0.20537900139710732
robust,2,104,back_left,0.5,149.41892627082657,269,True,4.282331130105454,0.3183889316063534,0.3753628897234853,0.3494822920021362,0.4436607250189028,0.4066886494981755,0.4341029069043668,0.35412669636059874,0.3830869616629023,0.39675743813491443,0.3753628897234853,0.3494822920021362,0.4436607250189028,0.4066886494981755,0.4341029069043668,0.35412669636059874,0.19154348083145115,0.19837871906745722
robust,2,105,back_left,0.5,78.64467455237015,82,True,3.1584450965393907,0.770352462570583,0.3758309389941576,0.3452952227572252,0.4845670814648634,0.3725507215755742,0.5034820209825184,0.33228519095516784,0.40610735622666233,0.4365505422579079,0.3758309389941576,0.3452952227572252,0.4845670814648634,0.3725507215755742,0.5034820209825184,0.33228519095516784,0.20305367811333117,0.21827527112895395
robust,2,106,back_left,0.5,138.2391400355748,124,True,5.701200255341729,0.919548428280924,0.3150720254427964,0.37567819845712475,0.4344000619265341,0.36688486336460036,0.5336781607700452,0.4064292734068248,0.4163226166800145,0.42259313553691874,0.3150720254427964,0.37567819845712475,0.4344000619265341,0.36688486336460036,0.5336781607700452,0.4064292734068248,0.20816130834000726,0.21129656776845937
robust,2,107,back_left,0.5,94.40181558930163,108,True,3.5513813463902135,0.657663212294484,0.3371152012022557,0.35586032680347907,0.4386909524737685,0.36634742261634934,0.4759151551320597,0.3604971294256824,0.4315910178271157,0.4114290570529799,0.3371152012022557,0.35586032680347907,0.4386909524737685,0.36634742261634934,0.4759151551320597,0.3604971294256824,0.21579550891355784,0.20571452852648994
robust,2,108,back_left,0.5,331.4559582491118,404,True,11.612397664211935,0.5748711714956403,0.3416589641169009,0.3564733054291798,0.4288170705042263,0.37327182667311465,0.4375238537161362,0.38507458013436285,0.3949908565471668,0.3947000401659343,0.3416589641169009,0.3564733054291798,0.4288170705042263,0.37327182667311465,0.4375238537161362,0.38507458013436285,0.1974954282735834,0.19735002008296715
robust,2,109,back_left,0.5,721.4738485010338,1000,False,23.755738948390704,0.47511477896781407,0.34598467878997324,0.3602031619634945,0.41258195870183406,0.3623966689258814,0.4436824836842716,0.4027766804397106,0.40896263866871596,0.39507650254433974,0.34598467878997324,0.3602031619634945,0.41258195870183406,0.3623966689258814,0.4436824836842716,0.4027766804397106,0.20448131933435798,0.19753825127216987
robust,2,100,back_right,0.5,71.61256529507557,76,True,2.9096564683347985,0.7656990706144207,0.38018492942577914,0.36213205005716237,0.42811313531312506,0.31184534424621807,0.46769947068471657,0.4157757657629095,0.45394408188172075,0.36056877538488297,0.19009246471288957,0.18106602502858118,0.42811313531312506,0.31184534424621807,0.46769947068471657,0.4157757657629095,0.45394408188172075,0.36056877538488297
robust,2,101,back_right,0.5,194.53031117528613,253,True,6.877535359877574,0.5436786845753022,0.3490358879973766,0.397698850289959,0.4218151701739419,0.3377063538834983,0.47308009362267883,0.36156459417738934,0.40249885060629353,0.3824028976173269,0.1745179439986883,0.1988494251449795,0.4218151701739419,0.3377063538834983,0.47308009362267883,0.36156459417738934,0.40249885060629353,0.3824028976173269
robust,2,102,back_right,0.5,406.16100423405055,1000,False,2.625449493352957,0.05250898986705914,0.35765503502637147,0.346079547152156,0.39620439332723617,0.3510572699829936,0.40534036443009974,0.3130864881724119,0.34648730674386025,0.3418315353852231,0.17882751751318574,0.173039773576078,0.39620439332723617,0.3510572699829936,0.40534036443009974,0.3130864881724119,0.34648730674386025,0.3418315353852231
robust,2,103,back_right,0.5,108.8868647491876,124,True,4.213985986082972,0.6796751590456406,0.31507075121325834,0.3308664542085852,0.4061582184606983,0.32330021709804574,0.47480492864645296,0.44375635058649127,0.3779768238084451,0.40977448364907515,0.15753537560662917,0.1654332271042926,0.4061582184606983,0.32330021709804574,0.47480492864645296,0.44375635058649127,0.3779768238084451,0.40977448364907515
robust,2,104,back_right,0.5,190.442923397706,212,True,6.978312615053173,0.6583313787786012,0.37091042556501225,0.38752494372849194,0.4368991222197436,0.3362411498179976,0.43498690312130833,0.3787904068265321,0.3981766651191239,0.3759978324414301,0.18545521278250612,0.19376247186424597,0.4368991222197436,0.3362411498179976,0.43498690312130833,0.3787904068265321,0.3981766651191239,0.3759978324414301
robust,2,105,back_right,0.5,143.73092682044842,120,True,5.836978067368177,0.9728296778946962,0.3660725415063401,0.36574753251237174,0.44732056331510345,0.3178057175129652,0.497181219731768,0.3789931523303191,0.37838941741113863,0.399090393849959,0.18303627075317006,0.18287376625618587,0.44732056331510345,0.3178057175129652,0.497181219731768,0.3789931523303191,0.37838941741113863,0.399090393849959
robust,2,106,back_right,0.5,24.4190535587678,24,True,1.064726190476151,0.8872718253967923,0.2784497425891459,0.4176330265278618,0.541128245027115,0.2843697362889846,0.6006129141896963,0.3304231309642394,0.4063498607526223,0.29714639320930775,0.13922487129457295,0.2088165132639309,0.541128245027115,0.2843697362889846,0.6006129141896963,0.3304231309642394,0.4063498607526223,0.29714639320930775
robust,2,107,back_right,0.5,416.37196412568085,1000,False,4.082025431782513,0.08164050863565026,0.3489709745794535,0.3573261376917362,0.41922681853175164,0.35834238346479835,0.396286407943815,0.3137451709359884,0.3620646437741816,0.33685899124015123,0.17448548728972674,0.1786630688458681,0.41922681853175164,0.35834238346479835,0.396286407943815,0.3137451709359884,0.3620646437741816,0.33685899124015123
robust,2,108,back_right,0.5,46.5308278376711,113,True,1.2390745641030392,0.21930523258460868,0.4028811017298593,0.39982014262339977,0.4220112646905194,0.36442125799645364,0.5258681608644207,0.30156309994976077,0.4014801102797542,0.4108784589751632,0.20144055086492965,0.19991007131169988,0.4220112646905194,0.36442125799645364,0.5258681608644207,0.30156309994976077,0.4014801102797542,0.4108784589751632
robust,2,109,back_right,0.5,66.39766274065164,56,True,2.820424990512585,1.0072946394687803,0.339115561584809,0.39215525958154884,0.44732183390962227,0.33528628426470924,0.5115783297057662,0.3976756129413843,0.37923755197386655,0.4057833142245987,0.1695577807924045,0.19607762979077442,0.44732183390962227,0.33528628426470924,0.5115783297057662,0.3976756129413843,0.37923755197386655,0.4057833142245987
robust,2,100,front_left,0.0,458.8181375415451,1000,False,0.8007944174181758,0.016015888348363518,0.3633743119575083,0.33985076793725605,0.44244367788359523,0.3948801998198032,0.3685670039094985,0.2952111638784409,0.37778553254157304,0.32905786323407665,0.3633743119575083,0.33985076793725605,0.0,0.0,0.3685670039094985,0.2952111638784409,0.37778553254157304,0.32905786323407665
robust,2,101,front_left,0.0,475.5090051484989,1000,False,1.1113035188084097,0.022226070376168194,0.3388856746852398,0.34755035739112644,0.4253245925158262,0.40897996243089435,0.3603173421472311,0.3126257059201598,0.3480577678978443,0.3526312348523643,0.3388856746852398,0.34755035739112644,0.0,0.0,0.3603173421472311,0.3126257059201598,0.3480577678978443,0.3526312348523643
robust,2,102,front_left,0.0,499.5469859183662,1000,False,2.5616293716509366,0.051232587433018735,0.3333895925022662,0.350658524276223,0.449804780062288,0.4060313111394644,0.37598074369877577,0.30463328646868465,0.3650812018327415,0.3338799780397676,0.3333895925022662,0.350658524276223,0.0,0.0,0.37598074369877577,0.30463328646868465,0.3650812018327415,0.3338799780397676
robust,2,103,front_left,0.0,480.59877656600446,1000,False,1.0321632193634955,0.020643264387269912,0.3517276640497148,0.342859291376546,0.42328304556012153,0.4411308493055403,0.3823905393779278,0.2980534989759326,0.33546453749388455,0.3335606273112353,0.3517276640497148,0.342859291376546,0.0,0.0,0.3823905393779278,0.2980534989759326,0.33546453749388455,0.3335606273112353
robust,2,104,front_left,0.0,482.4480837595605,1000,False,1.1454320184860554,0.02290864036972111,0.33731439185887574,0.35952909525763244,0.428713766399771,0.39814632323384286,0.350837194044143,0.31564474380388857,0.32973602481558917,0.35311715566855856,0.33731439185887574,0.35952909525763244,0.0,0.0,0.350837194044143,0.31564474380388857,0.32973602481558917,0.35311715566855856
robust,2,105,front_left,0.0,599.3985447025713,1000,False,9.538606636081076,0.19077213272162152,0.360156301677227,0.34377172765438446,0.42287288404256107,0.390550191719085,0.38208336564525963,0.310910110719502,0.37789032589644195,0.35237759290775283,0.360156301677227,0.34377172765438446,0.0,0.0,0.38208336564525963,0.310910110719502,0.37789032589644195,0.35237759290775283
robust,2,106,front_left,0.0,624.9602983418597,1000,False,10.63755605246014,0.2127511210492028,0.35095575496181847,0.3410161186766345,0.44454759212583306,0.42819836996868255,0.38432248201593755,0.3224729424640536,0.38844169344753027,0.3485163489689585,0.35095575496181847,0.3410161186766345,0.0,0.0,0.38432248201593755,0.3224729424640536,0.38844169344753027,0.3485163489689585
robust,2,107,front_left,0.0,124.366395004766,192,True,2.8739924052600596,0.29937420888125615,0.3480638277445299,0.3119515746511752,0.5409596719352218,0.43618239283872146,0.4448269392790583,0.3254052206951504,0.3910613944365953,0.41388129631983855,0.3480638277445299,0.3119515746511752,0.0,0.0,0.4448269392790583,0.3254052206951504,0.3910613944365953,0.41388129631983855
robust,2,108,front_left,0.0,461.553747565977,1000,False,4.298388538922965,0.0859677707784593,0.35301234041899443,0.35773190644267017,0.4338972022905946,0.40356205593794586,0.40792859557271005,0.3398113652393222,0.3931079111844301,0.3521447863874491,0.35301234041899443,0.35773190644267017,0.0,0.0,0.40792859557271005,0.3398113652393222,0.3931079111844301,0.3521447863874491
robust,2,109,front_left,0.0,504.4588208866862,1000,False,3.013441637424859,0.060268832748497175,0.34324963950738313,0.3631356568420306,0.44231522949784996,0.4210138606205583,0.37438329628109934,0.3135520311892033,0.34870862586423756,0.32566135889966974,0.34324963950738313,0.3631356568420306,0.0,0.0,0.37438329628109934,0.3135520311892033,0.34870862586423756,0.32566135889966974
robust,2,100,front_right,0.0,194.94267640929843,197,True,7.014217818060234,0.7121033317827647,0.4041861953582558,0.36151195525517926,0.4307881174278138,0.3952336450896892,0.46199559741818963,0.4214024676132928,0.3920813979306802,0.401768802575351,0.4041861953582558,0.36151195525517926,0.4307881174278138,0.3952336450896892,0.0,0.0,0.3920813979306802,0.401768802575351
robust,2,101,front_right,0.0,243.20636141308998,262,True,7.970794738167266,0.6084576136005546,0.38463634519859125,0.3559628326298299,0.4094671765555635,0.38241805312515215,0.4605205069146766,0.4026609935037052,0.3657533249725367,0.39585085705683376,0.38463634519859125,0.3559628326298299,0.4094671765555635,0.38241805312515215,0.0,0.0,0.3657533249725367,0.39585085705683376
robust,2,102,front_right,0.0,388.7941805981778,1000,False,1.710645975784409,0.03421291951568818,0.35746839319355783,0.35223180846427565,0.4167350766994059,0.37830451467633247,0.4059281493611634,0.3395459909662604,0.35284251999482513,0.3847064221065957,0.35746839319355783,0.35223180846427565,0.4167350766994059,0.37830451467633247,0.0,0.0,0.35284251999482513,0.3847064221065957
robust,2,103,front_right,0.0,90.81664931965841,184,True,2.228578559622866,0.24223679995900715,0.39759343267296965,0.4010017513558167,0.4173676122546844,0.39320768877539947,0.449561151108988,0.3695858987453191,0.3699807697785613,0.4413961840720098,0.39759343267296965,0.4010017513558167,0.4173676122546844,0.39320768877539947,0.0,0.0,0.3699807697785613,0.4413961840720098
robust,2,104,front_right,0.0,70.52493656061918,79,True,2.368028093206917,0.5995007830903587,0.3794161377451088,0.3850603996528478,0.41222973332940777,0.3977489997691746,0.5119214600211457,0.35053727040185206,0.37059249898678137,0.41308893194964413,0.3794161377451088,0.3850603996528478,0.41222973332940777,0.3977489997691746,0.0,0.0,0.37059249898678137,0.41308893194964413
robust,2,105,front_right,0.0,36.848407660950826,133,True,-0.11751710845204977,-0.01767174563188718,0.39670982906468827,0.3327585686877006,0.4165850511675042,0.36840259300586875,0.4636456305371191,0.4308804977769242,0.42596754512952684,0.37919558874590503,0.39670982906468827,0.3327585686877006,0.4165850511675042,0.36840259300586875,0.0,0.0,0.42596754512952684,0.37919558874590503
robust,2,106,front_right,0.0,32.792369724582095,76,True,0.6408148031331427,0.16863547450872174,0.39552605980517047,0.3758522385676195,0.42990350860514137,0.39145755709001895,0.46877155183373315,0.3022656933845658,0.39245466848737315,0.4385954206288596,0.39552605980517047,0.3758522385676195,0.42990350860514137,0.39145755709001895,0.0,0.0,0.39245466848737315,0.4385954206288596
robust,2,107,front_right,0.0,40.14081544542513,34,True,1.5827234559884178,0.9310137976402456,0.3285526746117017,0.3947697314502233,0.4778057244770667,0.29665841929176273,0.5173830153311,0.3556293089161901,0.5163567390512017,0.4022622072302243,0.3285526746117017,0.3947697314502233,0.4778057244770667,0.29665841929176273,0.0,0.0,0.5163567390512017,0.4022622072302243
robust,2,108,front_right,0.0,22.21095099643579,95,True,-0.1309746189726943,-0.027573603994251433,0.39868647856147665,0.3669947192072868,0.44741627295550546,0.3571654920907397,0.4877833663240859,0.335186211058968,0.3714572555532581,0.47822392516230283,0.39868647856147665,0.3669947192072868,0.44741627295550546,0.3571654920907397,0.0,0.0,0.3714572555532581,0.47822392516230283
robust,2,109,front_right,0.0,230.69064222216818,229,True,7.942195705183816,0.6936415463042633,0.37967424119078436,0.375148028851076,0.4134840732318345,0.3729636341528601,0.449437982715894,0.3727590352231759,0.3598637562326469,0.4163474911187397,0.37967424119078436,0.375148028851076,0.4134840732318345,0.3729636341528601,0.0,0.0,0.3598637562326469,0.4163474911187397
robust,2,100,back_left,0.0,3.9986896521577346,17,True,0.18270883028494367,0.21495156504111018,0.41480714455246925,0.42474161570563035,0.48983749725362835,0.4914640692227027,0.5816982447662774,0.3807233528179281,0.4020037337699357,0.4012200219885391,0.41480714455246925,0.42474161570563035,0.48983749725362835,0.4914640692227027,0.5816982447662774,0.3807233528179281,0.0,0.0
robust,2,101,back_left,0.0,114.2487449549797,419,True,-0.5041790126373239,-0.024065823992235027,0.3646109244899562,0.3646112903019053,0.4199511726389068,0.42130066710468694,0.4522330830127072,0.3193402666340722,0.38545270077439653,0.3746878429841659,0.3646109244899562,0.3646112903019053,0.4199511726389068,0.42130066710468694,0.4522330830127072,0.3193402666340722,0.0,0.0
robust,2,102,back_left,0.0,96.40382600544504,185,True,2.797312368632996,0.3024121479603239,0.3718067854240134,0.39026861868899415,0.43255985258398827,0.40557066858620255,0.47931881172431484,0.3852734249588606,0.4350078373946048,0.423353090800496,0.3718067854240134,0.39026861868899415,0.43255985258398827,0.40557066858620255,0.47931881172431484,0.3852734249588606,0.0,0.0
robust,2,103,back_left,0.0,155.46862469895294,373,True,1.7979212818161592,0.0964032858882659,0.39661444391026573,0.35722854132476906,0.40268354782030663,0.39365640973757166,0.44386177394169585,0.2977400351585396,0.41189774157774034,0.3402540062288267,0.39661444391026573,0.35722854132476906,0.40268354782030663,0.39365640973757166,0.44386177394169585,0.2977400351585396,0.0,0.0
robust,2,104,back_left,0.0,126.66114573807565,325,True,1.6666244765202873,0.1025615062474023,0.4070024432356541,0.3898254176666244,0.4032582109249555,0.4009186075283931,0.45126838216414816,0.31663005136526545,0.39496696536357584,0.3569144381683033,0.4070024432356541,0.3898254176666244,0.4032582109249555,0.4009186075283931,0.45126838216414816,0.31663005136526545,0.0,0.0
robust,2,105,back_left,0.0,49.30995647102479,86,True,1.4888793591635032,0.34625101375895423,0.3253164819420077,0.39226103499044424,0.4656874711170446,0.4432023578258448,0.5067480868811525,0.32896628395416017,0.3887019243611153,0.4247103547027638,0.3253164819420077,0.39226103499044424,0.4656874711170446,0.4432023578258448,0.5067480868811525,0.32896628395416017,0.0,0.0
robust,2,106,back_left,0.0,40.51880115611437,156,True,0.21716924246076597,0.02784221057189307,0.4039659486988034,0.42034931058804387,0.4496893759769125,0.4214291680031098,0.44325399205375177,0.32894981705034393,0.39473938810615206,0.40212536095760953,0.4039659486988034,0.42034931058804387,0.4496893759769125,0.4214291680031098,0.44325399205375177,0.32894981705034393,0.0,0.0
robust,2,107,back_left,0.0,175.56804541103193,577,True,0.452217804302424,0.015674793909962702,0.36997411567298133,0.37823772626449603,0.40815418247178686,0.41039603885321313,0.4553224521477673,0.3418646550493596,0.39261886716353833,0.34054241175488914,0.36997411567298133,0.37823772626449603,0.40815418247178686,0.41039603885321313,0.4553224521477673,0.3418646550493596,0.0,0.0
robust,2,108,back_left,0.0,144.93828721688502,293,True,2.8470662461331586,0.19433899291011322,0.36239139276712423,0.35165602696420617,0.4096278622110753,0.43909365594793914,0.4555015848510908,0.3124186985016683,0.41120944739201776,0.33041511669376733,0.36239139276712423,0.35165602696420617,0.4096278622110753,0.43909365594793914,0.4555015848510908,0.3124186985016683,0.0,0.0
robust,2,109,back_left,0.0,155.22280075697716,303,True,3.5257305242058985,0.23272148674626392,0.3554105402121056,0.3648150303522463,0.4279869136588015,0.3941244872243884,0.4819061964283092,0.3472100415147177,0.4110578562535665,0.4168142064708122,0.3554105402121056,0.3648150303522463,0.4279869136588015,0.3941244872243884,0.4819061964283092,0.3472100415147177,0.0,0.0
robust,2,100,back_right,0.0,104.51944734126944,82,True,4.234012900307622,1.0326860732457614,0.300999150952188,0.3658722659186801,0.4680127533743294,0.34831176280248455,0.4346150953958674,0.3489459473185423,0.3512432162718075,0.4971077654527773,0.0,0.0,0.4680127533743294,0.34831176280248455,0.4346150953958674,0.3489459473185423,0.3512432162718075,0.4971077654527773
robust,2,101,back_right,0.0,15.70279066894303,22,True,0.5662248740529054,0.5147498855026412,0.3980724527077241,0.3878922476009889,0.493306704712185,0.34410140121524985,0.48132496344094927,0.32672637836499646,0.4090653427622535,0.4581016627225009,0.0,0.0,0.493306704712185,0.34410140121524985,0.48132496344094927,0.32672637836499646,0.4090653427622535,0.4581016627225009
robust,2,102,back_right,0.0,118.07073425211027,136,True,4.412038034438377,0.648829122711526,0.357470954877927,0.37197520055034305,0.4286258571836002,0.3400323183330543,0.46069792206125226,0.41790789354811697,0.42016061628237367,0.42949930255246516,0.0,0.0,0.4286258571836002,0.3400323183330543,0.46069792206125226,0.41790789354811697,0.42016061628237367,0.42949930255246516
robust,2,103,back_right,0.0,111.67193563924502,91,True,3.752460274522305,0.8247165438510561,0.3126088386135442,0.36534362762992445,0.40662834551799426,0.29485296187820015,0.42273149242276675,0.31247895653103736,0.3334324224391481,0.33961546306170853,0.0,0.0,0.40662834551799426,0.29485296187820015,0.42273149242276675,0.31247895653103736,0.3334324224391481,0.33961546306170853
robust,2,104,back_right,0.0,217.73737137840985,253,True,6.965214888409297,0.5506098726015254,0.35264716715562955,0.39234436244755366,0.41726962114746863,0.2975988568583496,0.4234367428060341,0.41527031432734174,0.3878448077076273,0.36297618159692985,0.0,0.0,0.41726962114746863,0.2975988568583496,0.4234367428060341,0.41527031432734174,0.3878448077076273,0.36297618159692985
robust,2,105,back_right,0.0,422.4522373710048,1000,False,2.9955506272478685,0.05991101254495737,0.3527695714049041,0.37362678626645357,0.41528729190304875,0.34151572512090206,0.40583393286168573,0.3436914673149586,0.36838696896284817,0.3587641841350123,0.0,0.0,0.41528729190304875,0.34151572512090206,0.40583393286168573,0.3436914673149586,0.36838696896284817,0.3587641841350123
robust,2,106,back_right,0.0,5.620710107031428,9,True,0.33038306355937275,0.734184585687495,0.345666272772683,0.2269450400231613,0.6001103222370148,0.3129623590244187,0.6325548258092668,0.46285325123204124,0.47068629248274696,0.3419061253468196,0.0,0.0,0.6001103222370148,0.3129623590244187,0.6325548258092668,0.46285325123204124,0.47068629248274696,0.3419061253468196
robust,2,107,back_right,0.0,498.76706374144095,1000,False,6.058832600837844,0.12117665201675688,0.33646381326764824,0.3664768830013927,0.42089436276629566,0.37419993087276815,0.3840473005734384,0.3086610115133226,0.36311773405969144,0.3333110823808238,0.0,0.0,0.42089436276629566,0.37419993087276815,0.3840473005734384,0.3086610115133226,0.36311773405969144,0.3333110823808238
robust,2,108,back_right,0.0,9.052692524341039,24,True,0.40154464283267854,0.3346205356938987,0.3362947986461222,0.40633165126200765,0.4618838213694592,0.3022125906621416,0.6230329405516386,0.4224732198442022,0.4149752310477197,0.553307437337935,0.0,0.0,0.4618838213694592,0.3022125906621416,0.6230329405516386,0.4224732198442022,0.4149752310477197,0.553307437337935
robust,2,109,back_right,0.0,553.8482921699151,1000,False,5.4968921958152634,0.10993784391630528,0.3302802825309336,0.34892777374875733,0.37294215181842444,0.33386831942945716,0.37245482628047466,0.2888735184818506,0.3373785852584988,0.36422657700651323,0.0,0.0,0.37294215181842444,0.33386831942945716,0.37245482628047466,0.2888735184818506,0.3373785852584988,0.36422657700651323
