[Sensitivity 1/4] lr_3em04_clip_0.1: loading robust seed-6 model and training 1,000,000 additional steps
Logging to /home/tommicalzolari/damage-robust-ant-rl/artifacts/sensitivity/robust_seed_6_1m/lr_3em04_clip_0.1/tensorboard/PPO_0
---------------------------------
| rollout/           |          |
|    ep_len_mean     | 695      |
|    ep_rew_mean     | 1.79e+03 |
| time/              |          |
|    fps             | 2716     |
|    iterations      | 1        |
|    time_elapsed    | 3        |
|    total_timesteps | 5013504  |
---------------------------------
Early stopping at step 0 due to reaching max kl: 0.04
-----------------------------------------
| rollout/                |             |
|    ep_len_mean          | 706         |
|    ep_rew_mean          | 1.82e+03    |
| time/                   |             |
|    fps                  | 2585        |
|    iterations           | 2           |
|    time_elapsed         | 6           |
|    total_timesteps      | 5021696     |
| train/                  |             |
|    approx_kl            | 0.014805305 |
|    clip_fraction        | 0.435       |
|    clip_range           | 0.1         |
|    entropy_loss         | -4.99       |
|    explained_variance   | 0.573       |
|    learning_rate        | 0.0003      |
|    loss                 | 0.104       |
|    n_updates            | 780         |
|    policy_gradient_loss | 0.0218      |
|    std                  | 0.453       |
|    value_loss           | 0.0636      |
-----------------------------------------
Early stopping at step 0 due to reaching max kl: 0.03
-----------------------------------------
| rollout/                |             |
|    ep_len_mean          | 664         |
|    ep_rew_mean          | 1.72e+03    |
| time/                   |             |
|    fps                  | 2550        |
|    iterations           | 3           |
|    time_elapsed         | 9           |
|    total_timesteps      | 5029888     |
| train/                  |             |
|    approx_kl            | 0.010245821 |
|    clip_fraction        | 0.384       |
|    clip_range           | 0.1         |
|    entropy_loss         | -5          |
|    explained_variance   | 0.675       |
|    learning_rate        | 0.0003      |
|    loss                 | 0.0708      |
|    n_updates            | 781         |
|    policy_gradient_loss | 0.0132      |
|    std                  | 0.453       |
|    value_loss           | 0.0212      |
-----------------------------------------
Early stopping at step 0 due to reaching max kl: 0.03
-----------------------------------------
| rollout/                |             |
|    ep_len_mean          | 654         |
|    ep_rew_mean          | 1.71e+03    |
| time/                   |             |
|    fps                  | 2513        |
|    iterations           | 4           |
|    time_elapsed         | 13          |
|    total_timesteps      | 5038080     |
| train/                  |             |
|    approx_kl            | 0.014906947 |
|    clip_fraction        | 0.438       |
|    clip_range           | 0.1         |
|    entropy_loss         | -5          |
|    explained_variance   | 0.452       |
|    learning_rate        | 0.0003      |
|    loss                 | 0.153       |
|    n_updates            | 782         |
|    policy_gradient_loss | 0.0228      |
|    std                  | 0.453       |
|    value_loss           | 0.19        |
-----------------------------------------
Early stopping at step 0 due to reaching max kl: 0.03
-----------------------------------------
| rollout/                |             |
|    ep_len_mean          | 669         |
|    ep_rew_mean          | 1.73e+03    |
| time/                   |             |
|    fps                  | 2474        |
|    iterations           | 5           |
|    time_elapsed         | 16          |
|    total_timesteps      | 5046272     |
| train/                  |             |
|    approx_kl            | 0.011923327 |
|    clip_fraction        | 0.381       |
|    clip_range           | 0.1         |
|    entropy_loss         | -5          |
|    explained_variance   | 0.501       |
|    learning_rate        | 0.0003      |
|    loss                 | 0.0705      |
|    n_updates            | 783         |
|    policy_gradient_loss | 0.00949     |
|    std                  | 0.453       |
|    value_loss           | 0.14        |
-----------------------------------------
Early stopping at step 0 due to reaching max kl: 0.03
-----------------------------------------
| rollout/                |             |
|    ep_len_mean          | 667         |
|    ep_rew_mean          | 1.71e+03    |
| time/                   |             |
|    fps                  | 2523        |
|    iterations           | 6           |
|    time_elapsed         | 19          |
|    total_timesteps      | 5054464     |
| train/                  |             |
|    approx_kl            | 0.010538043 |
|    clip_fraction        | 0.373       |
|    clip_range           | 0.1         |
|    entropy_loss         | -5          |
|    explained_variance   | 0.492       |
|    learning_rate        | 0.0003      |
|    loss                 | 0.0785      |
|    n_updates            | 784         |
|    policy_gradient_loss | 0.00794     |
|    std                  | 0.454       |
|    value_loss           | 0.0979      |
-----------------------------------------
Early stopping at step 0 due to reaching max kl: 0.04
----------------------------------------
| rollout/                |            |
|    ep_len_mean          | 663        |
|    ep_rew_mean          | 1.72e+03   |
| time/                   |            |
|    fps                  | 2549       |
|    iterations           | 7          |
|    time_elapsed         | 22         |
|    total_timesteps      | 5062656    |
| train/                  |            |
|    approx_kl            | 0.01259291 |
|    clip_fraction        | 0.357      |
|    clip_range           | 0.1        |
|    entropy_loss         | -5         |
|    explained_variance   | 0.555      |
|    learning_rate        | 0.0003     |
|    loss                 | 0.133      |
|    n_updates            | 785        |
|    policy_gradient_loss | 0.0192     |
|    std                  | 0.454      |
|    value_loss           | 0.0947     |
----------------------------------------
Early stopping at step 0 due to reaching max kl: 0.04
----------------------------------------
| rollout/                |            |
|    ep_len_mean          | 705        |
|    ep_rew_mean          | 1.82e+03   |
| time/                   |            |
|    fps                  | 2561       |
|    iterations           | 8          |
|    time_elapsed         | 25         |
|    total_timesteps      | 5070848    |
| train/                  |            |
|    approx_kl            | 0.01098819 |
|    clip_fraction        | 0.382      |
|    clip_range           | 0.1        |
|    entropy_loss         | -5.01      |
|    explained_variance   | 0.506      |
|    learning_rate        | 0.0003     |
|    loss                 | 0.0506     |
|    n_updates            | 786        |
|    policy_gradient_loss | 0.0162     |
|    std                  | 0.454      |
|    value_loss           | 0.0709     |
----------------------------------------
Early stopping at step 0 due to reaching max kl: 0.03
-----------------------------------------
| rollout/                |             |
|    ep_len_mean          | 684         |
|    ep_rew_mean          | 1.76e+03    |
| time/                   |             |
|    fps                  | 2592        |
|    iterations           | 9           |
|    time_elapsed         | 28          |
|    total_timesteps      | 5079040     |
| train/                  |             |
|    approx_kl            | 0.012042354 |
|    clip_fraction        | 0.367       |
|    clip_range           | 0.1         |
|    entropy_loss         | -5.01       |
|    explained_variance   | 0.69        |
|    learning_rate        | 0.0003      |
|    loss                 | 0.0389      |
|    n_updates            | 787         |
|    policy_gradient_loss | 0.01        |
|    std                  | 0.454       |
|    value_loss           | 0.0368      |
-----------------------------------------
Early stopping at step 0 due to reaching max kl: 0.03
-----------------------------------------
| rollout/                |             |
|    ep_len_mean          | 676         |
|    ep_rew_mean          | 1.74e+03    |
| time/                   |             |
|    fps                  | 2615        |
|    iterations           | 10          |
|    time_elapsed         | 31          |
|    total_timesteps      | 5087232     |
| train/                  |             |
|    approx_kl            | 0.010895663 |
|    clip_fraction        | 0.356       |
|    clip_range           | 0.1         |
|    entropy_loss         | -5          |
|    explained_variance   | 0.491       |
|    learning_rate        | 0.0003      |
|    loss                 | 0.0485      |
|    n_updates            | 788         |
|    policy_gradient_loss | 0.00594     |
|    std                  | 0.453       |
|    value_loss           | 0.126       |
-----------------------------------------
Early stopping at step 0 due to reaching max kl: 0.03
-----------------------------------------
| rollout/                |             |
|    ep_len_mean          | 669         |
|    ep_rew_mean          | 1.74e+03    |
| time/                   |             |
|    fps                  | 2615        |
|    iterations           | 11          |
|    time_elapsed         | 34          |
|    total_timesteps      | 5095424     |
| train/                  |             |
|    approx_kl            | 0.010696995 |
|    clip_fraction        | 0.338       |
|    clip_range           | 0.1         |
|    entropy_loss         | -5          |
|    explained_variance   | 0.635       |
|    learning_rate        | 0.0003      |
|    loss                 | 0.0744      |
|    n_updates            | 789         |
|    policy_gradient_loss | 0.0131      |
|    std                  | 0.453       |
|    value_loss           | 0.113       |
-----------------------------------------
Early stopping at step 0 due to reaching max kl: 0.04
-----------------------------------------
| rollout/                |             |
|    ep_len_mean          | 711         |
|    ep_rew_mean          | 1.84e+03    |
| time/                   |             |
|    fps                  | 2628        |
|    iterations           | 12          |
|    time_elapsed         | 37          |
|    total_timesteps      | 5103616     |
| train/                  |             |
|    approx_kl            | 0.014627446 |
|    clip_fraction        | 0.434       |
|    clip_range           | 0.1         |
|    entropy_loss         | -5          |
|    explained_variance   | 0.414       |
|    learning_rate        | 0.0003      |
|    loss                 | 0.0479      |
|    n_updates            | 790         |
|    policy_gradient_loss | 0.0164      |
|    std                  | 0.454       |
|    value_loss           | 0.131       |
-----------------------------------------
Early stopping at step 0 due to reaching max kl: 0.03
-----------------------------------------
| rollout/                |             |
|    ep_len_mean          | 704         |
|    ep_rew_mean          | 1.82e+03    |
| time/                   |             |
|    fps                  | 2640        |
|    iterations           | 13          |
|    time_elapsed         | 40          |
|    total_timesteps      | 5111808     |
| train/                  |             |
|    approx_kl            | 0.011562725 |
|    clip_fraction        | 0.368       |
|    clip_range           | 0.1         |
|    entropy_loss         | -5          |
|    explained_variance   | 0.667       |
|    learning_rate        | 0.0003      |
|    loss                 | 0.154       |
|    n_updates            | 791         |
|    policy_gradient_loss | 0.0077      |
|    std                  | 0.454       |
|    value_loss           | 0.0777      |
-----------------------------------------
Early stopping at step 0 due to reaching max kl: 0.03
----------------------------------------
| rollout/                |            |
|    ep_len_mean          | 708        |
|    ep_rew_mean          | 1.83e+03   |
| time/                   |            |
|    fps                  | 2646       |
|    iterations           | 14         |
|    time_elapsed         | 43         |
|    total_timesteps      | 5120000    |
| train/                  |            |
|    approx_kl            | 0.01333158 |
|    clip_fraction        | 0.42       |
|    clip_range           | 0.1        |
|    entropy_loss         | -5         |
|    explained_variance   | 0.655      |
|    learning_rate        | 0.0003     |
|    loss                 | 0.072      |
|    n_updates            | 792        |
|    policy_gradient_loss | 0.0199     |
|    std                  | 0.453      |
|    value_loss           | 0.0845     |
----------------------------------------
Early stopping at step 0 due to reaching max kl: 0.03
-----------------------------------------
| rollout/                |             |
|    ep_len_mean          | 718         |
|    ep_rew_mean          | 1.86e+03    |
| time/                   |             |
|    fps                  | 2643        |
|    iterations           | 15          |
|    time_elapsed         | 46          |
|    total_timesteps      | 5128192     |
| train/                  |             |
|    approx_kl            | 0.015296276 |
|    clip_fraction        | 0.468       |
|    clip_range           | 0.1         |
|    entropy_loss         | -5          |
|    explained_variance   | 0.802       |
|    learning_rate        | 0.0003      |
|    loss                 | 0.0185      |
|    n_updates            | 793         |
|    policy_gradient_loss | 0.0212      |
|    std                  | 0.453       |
|    value_loss           | 0.0303      |
-----------------------------------------
Early stopping at step 0 due to reaching max kl: 0.03
-----------------------------------------
| rollout/                |             |
|    ep_len_mean          | 728         |
|    ep_rew_mean          | 1.88e+03    |
| time/                   |             |
|    fps                  | 2641        |
|    iterations           | 16          |
|    time_elapsed         | 49          |
|    total_timesteps      | 5136384     |
| train/                  |             |
|    approx_kl            | 0.011553197 |
|    clip_fraction        | 0.377       |
|    clip_range           | 0.1         |
|    entropy_loss         | -4.99       |
|    explained_variance   | 0.68        |
|    learning_rate        | 0.0003      |
|    loss                 | 0.0663      |
|    n_updates            | 794         |
|    policy_gradient_loss | 0.0108      |
|    std                  | 0.453       |
|    value_loss           | 0.0743      |
-----------------------------------------
Early stopping at step 0 due to reaching max kl: 0.03
-----------------------------------------
| rollout/                |             |
|    ep_len_mean          | 727         |
|    ep_rew_mean          | 1.89e+03    |
| time/                   |             |
|    fps                  | 2638        |
|    iterations           | 17          |
|    time_elapsed         | 52          |
|    total_timesteps      | 5144576     |
| train/                  |             |
|    approx_kl            | 0.012854314 |
|    clip_fraction        | 0.401       |
|    clip_range           | 0.1         |
|    entropy_loss         | -4.99       |
|    explained_variance   | 0.566       |
|    learning_rate        | 0.0003      |
|    loss                 | 0.0523      |
|    n_updates            | 795         |
|    policy_gradient_loss | 0.0154      |
|    std                  | 0.453       |
|    value_loss           | 0.0484      |
-----------------------------------------
Early stopping at step 0 due to reaching max kl: 0.03
-----------------------------------------
| rollout/                |             |
|    ep_len_mean          | 740         |
|    ep_rew_mean          | 1.94e+03    |
| time/                   |             |
|    fps                  | 2629        |
|    iterations           | 18          |
|    time_elapsed         | 56          |
|    total_timesteps      | 5152768     |
| train/                  |             |
|    approx_kl            | 0.011581342 |
|    clip_fraction        | 0.38        |
|    clip_range           | 0.1         |
|    entropy_loss         | -4.99       |
|    explained_variance   | 0.596       |
|    learning_rate        | 0.0003      |
|    loss                 | 0.0518      |
|    n_updates            | 796         |
|    policy_gradient_loss | 0.0145      |
|    std                  | 0.452       |
|    value_loss           | 0.0857      |
-----------------------------------------
Early stopping at step 0 due to reaching max kl: 0.04
-----------------------------------------
| rollout/                |             |
|    ep_len_mean          | 746         |
|    ep_rew_mean          | 1.96e+03    |
| time/                   |             |
|    fps                  | 2614        |
|    iterations           | 19          |
|    time_elapsed         | 59          |
|    total_timesteps      | 5160960     |
| train/                  |             |
|    approx_kl            | 0.012371994 |
|    clip_fraction        | 0.398       |
|    clip_range           | 0.1         |
|    entropy_loss         | -4.98       |
|    explained_variance   | 0.533       |
|    learning_rate        | 0.0003      |
|    loss                 | 0.039       |
|    n_updates            | 797         |
|    policy_gradient_loss | 0.0131      |
|    std                  | 0.453       |
|    value_loss           | 0.105       |
-----------------------------------------
Early stopping at step 0 due to reaching max kl: 0.03
-----------------------------------------
| rollout/                |             |
|    ep_len_mean          | 755         |
|    ep_rew_mean          | 1.97e+03    |
| time/                   |             |
|    fps                  | 2599        |
|    iterations           | 20          |
|    time_elapsed         | 63          |
|    total_timesteps      | 5169152     |
| train/                  |             |
|    approx_kl            | 0.012714336 |
|    clip_fraction        | 0.387       |
|    clip_range           | 0.1         |
|    entropy_loss         | -4.99       |
|    explained_variance   | 0.545       |
|    learning_rate        | 0.0003      |
|    loss                 | 0.0796      |
|    n_updates            | 798         |
|    policy_gradient_loss | 0.0155      |
|    std                  | 0.453       |
|    value_loss           | 0.0951      |
-----------------------------------------
Early stopping at step 0 due to reaching max kl: 0.03
-----------------------------------------
| rollout/                |             |
|    ep_len_mean          | 764         |
|    ep_rew_mean          | 1.98e+03    |
| time/                   |             |
|    fps                  | 2596        |
|    iterations           | 21          |
|    time_elapsed         | 66          |
|    total_timesteps      | 5177344     |
| train/                  |             |
|    approx_kl            | 0.014672674 |
|    clip_fraction        | 0.411       |
|    clip_range           | 0.1         |
|    entropy_loss         | -4.99       |
|    explained_variance   | 0.501       |
|    learning_rate        | 0.0003      |
|    loss                 | 0.0913      |
|    n_updates            | 799         |
|    policy_gradient_loss | 0.0185      |
|    std                  | 0.453       |
|    value_loss           | 0.155       |
-----------------------------------------
Early stopping at step 0 due to reaching max kl: 0.03
-----------------------------------------
| rollout/                |             |
|    ep_len_mean          | 757         |
|    ep_rew_mean          | 1.96e+03    |
| time/                   |             |
|    fps                  | 2589        |
|    iterations           | 22          |
|    time_elapsed         | 69          |
|    total_timesteps      | 5185536     |
| train/                  |             |
|    approx_kl            | 0.011832618 |
|    clip_fraction        | 0.378       |
|    clip_range           | 0.1         |
|    entropy_loss         | -4.99       |
|    explained_variance   | 0.729       |
|    learning_rate        | 0.0003      |
|    loss                 | 0.104       |
|    n_updates            | 800         |
|    policy_gradient_loss | 0.0145      |
|    std                  | 0.453       |
|    value_loss           | 0.0582      |
-----------------------------------------
Early stopping at step 0 due to reaching max kl: 0.03
-----------------------------------------
| rollout/                |             |
|    ep_len_mean          | 723         |
|    ep_rew_mean          | 1.87e+03    |
| time/                   |             |
|    fps                  | 2587        |
|    iterations           | 23          |
|    time_elapsed         | 72          |
|    total_timesteps      | 5193728     |
| train/                  |             |
|    approx_kl            | 0.013487431 |
|    clip_fraction        | 0.403       |
|    clip_range           | 0.1         |
|    entropy_loss         | -4.99       |
|    explained_variance   | 0.626       |
|    learning_rate        | 0.0003      |
|    loss                 | 0.0429      |
|    n_updates            | 801         |
|    policy_gradient_loss | 0.0178      |
|    std                  | 0.453       |
|    value_loss           | 0.0935      |
-----------------------------------------
Early stopping at step 0 due to reaching max kl: 0.03
-----------------------------------------
| rollout/                |             |
|    ep_len_mean          | 708         |
|    ep_rew_mean          | 1.83e+03    |
| time/                   |             |
|    fps                  | 2591        |
|    iterations           | 24          |
|    time_elapsed         | 75          |
|    total_timesteps      | 5201920     |
| train/                  |             |
|    approx_kl            | 0.015094682 |
|    clip_fraction        | 0.456       |
|    clip_range           | 0.1         |
|    entropy_loss         | -4.98       |
|    explained_variance   | 0.525       |
|    learning_rate        | 0.0003      |
|    loss                 | 0.113       |
|    n_updates            | 802         |
|    policy_gradient_loss | 0.0167      |
|    std                  | 0.452       |
|    value_loss           | 0.0902      |
-----------------------------------------
Early stopping at step 0 due to reaching max kl: 0.03
-----------------------------------------
| rollout/                |             |
|    ep_len_mean          | 695         |
|    ep_rew_mean          | 1.79e+03    |
| time/                   |             |
|    fps                  | 2592        |
|    iterations           | 25          |
|    time_elapsed         | 78          |
|    total_timesteps      | 5210112     |
| train/                  |             |
|    approx_kl            | 0.010649807 |
|    clip_fraction        | 0.356       |
|    clip_range           | 0.1         |
|    entropy_loss         | -4.98       |
|    explained_variance   | 0.476       |
|    learning_rate        | 0.0003      |
|    loss                 | 0.0541      |
|    n_updates            | 803         |
|    policy_gradient_loss | 0.0106      |
|    std                  | 0.452       |
|    value_loss           | 0.131       |
-----------------------------------------
Early stopping at step 0 due to reaching max kl: 0.03
-----------------------------------------
| rollout/                |             |
|    ep_len_mean          | 694         |
|    ep_rew_mean          | 1.77e+03    |
| time/                   |             |
|    fps                  | 2598        |
|    iterations           | 26          |
|    time_elapsed         | 81          |
|    total_timesteps      | 5218304     |
| train/                  |             |
|    approx_kl            | 0.010373462 |
|    clip_fraction        | 0.348       |
|    clip_range           | 0.1         |
|    entropy_loss         | -4.98       |
|    explained_variance   | 0.539       |
|    learning_rate        | 0.0003      |
|    loss                 | 0.0521      |
|    n_updates            | 804         |
|    policy_gradient_loss | 0.0128      |
|    std                  | 0.453       |
|    value_loss           | 0.107       |
-----------------------------------------
Early stopping at step 0 due to reaching max kl: 0.04
-----------------------------------------
| rollout/                |             |
|    ep_len_mean          | 690         |
|    ep_rew_mean          | 1.76e+03    |
| time/                   |             |
|    fps                  | 2603        |
|    iterations           | 27          |
|    time_elapsed         | 84          |
|    total_timesteps      | 5226496     |
| train/                  |             |
|    approx_kl            | 0.014143582 |
|    clip_fraction        | 0.406       |
|    clip_range           | 0.1         |
|    entropy_loss         | -4.99       |
|    explained_variance   | 0.538       |
|    learning_rate        | 0.0003      |
|    loss                 | 0.165       |
|    n_updates            | 805         |
|    policy_gradient_loss | 0.0175      |
|    std                  | 0.453       |
|    value_loss           | 0.108       |
-----------------------------------------
Early stopping at step 0 due to reaching max kl: 0.04
-----------------------------------------
| rollout/                |             |
|    ep_len_mean          | 710         |
|    ep_rew_mean          | 1.81e+03    |
| time/                   |             |
|    fps                  | 2608        |
|    iterations           | 28          |
|    time_elapsed         | 87          |
|    total_timesteps      | 5234688     |
| train/                  |             |
|    approx_kl            | 0.014981886 |
|    clip_fraction        | 0.448       |
|    clip_range           | 0.1         |
|    entropy_loss         | -4.99       |
|    explained_variance   | 0.552       |
|    learning_rate        | 0.0003      |
|    loss                 | 0.129       |
|    n_updates            | 806         |
|    policy_gradient_loss | 0.018       |
|    std                  | 0.453       |
|    value_loss           | 0.0963      |
-----------------------------------------
Early stopping at step 0 due to reaching max kl: 0.03
-----------------------------------------
| rollout/                |             |
|    ep_len_mean          | 722         |
|    ep_rew_mean          | 1.83e+03    |
| time/                   |             |
|    fps                  | 2613        |
|    iterations           | 29          |
|    time_elapsed         | 90          |
|    total_timesteps      | 5242880     |
| train/                  |             |
|    approx_kl            | 0.013323774 |
|    clip_fraction        | 0.411       |
|    clip_range           | 0.1         |
|    entropy_loss         | -4.99       |
|    explained_variance   | 0.669       |
|    learning_rate        | 0.0003      |
|    loss                 | 0.0908      |
|    n_updates            | 807         |
|    policy_gradient_loss | 0.0147      |
|    std                  | 0.453       |
|    value_loss           | 0.0583      |
-----------------------------------------
Early stopping at step 0 due to reaching max kl: 0.04
----------------------------------------
| rollout/                |            |
|    ep_len_mean          | 714        |
|    ep_rew_mean          | 1.8e+03    |
| time/                   |            |
|    fps                  | 2617       |
|    iterations           | 30         |
|    time_elapsed         | 93         |
|    total_timesteps      | 5251072    |
| train/                  |            |
|    approx_kl            | 0.01297038 |
|    clip_fraction        | 0.411      |
|    clip_range           | 0.1        |
|    entropy_loss         | -4.99      |
|    explained_variance   | 0.723      |
|    learning_rate        | 0.0003     |
|    loss                 | 0.0466     |
|    n_updates            | 808        |
|    policy_gradient_loss | 0.0172     |
|    std                  | 0.453      |
|    value_loss           | 0.0508     |
----------------------------------------
Early stopping at step 0 due to reaching max kl: 0.03
-----------------------------------------
| rollout/                |             |
|    ep_len_mean          | 724         |
|    ep_rew_mean          | 1.84e+03    |
| time/                   |             |
|    fps                  | 2623        |
|    iterations           | 31          |
|    time_elapsed         | 96          |
|    total_timesteps      | 5259264     |
| train/                  |             |
|    approx_kl            | 0.011280797 |
|    clip_fraction        | 0.372       |
|    clip_range           | 0.1         |
|    entropy_loss         | -4.99       |
|    explained_variance   | 0.693       |
|    learning_rate        | 0.0003      |
|    loss                 | 0.0617      |
|    n_updates            | 809         |
|    policy_gradient_loss | 0.00929     |
|    std                  | 0.453       |
|    value_loss           | 0.0554      |
-----------------------------------------
Early stopping at step 0 due to reaching max kl: 0.03
-----------------------------------------
| rollout/                |             |
|    ep_len_mean          | 752         |
|    ep_rew_mean          | 1.92e+03    |
| time/                   |             |
|    fps                  | 2629        |
|    iterations           | 32          |
|    time_elapsed         | 99          |
|    total_timesteps      | 5267456     |
| train/                  |             |
|    approx_kl            | 0.011068628 |
|    clip_fraction        | 0.368       |
|    clip_range           | 0.1         |
|    entropy_loss         | -4.99       |
|    explained_variance   | 0.634       |
|    learning_rate        | 0.0003      |
|    loss                 | 0.0888      |
|    n_updates            | 810         |
|    policy_gradient_loss | 0.0117      |
|    std                  | 0.453       |
|    value_loss           | 0.0569      |
-----------------------------------------
Early stopping at step 0 due to reaching max kl: 0.03
-----------------------------------------
| rollout/                |             |
|    ep_len_mean          | 776         |
|    ep_rew_mean          | 1.97e+03    |
| time/                   |             |
|    fps                  | 2634        |
|    iterations           | 33          |
|    time_elapsed         | 102         |
|    total_timesteps      | 5275648     |
| train/                  |             |
|    approx_kl            | 0.013614776 |
|    clip_fraction        | 0.413       |
|    clip_range           | 0.1         |
|    entropy_loss         | -4.98       |
|    explained_variance   | 0.802       |
|    learning_rate        | 0.0003      |
|    loss                 | 0.0626      |
|    n_updates            | 811         |
|    policy_gradient_loss | 0.0186      |
|    std                  | 0.453       |
|    value_loss           | 0.0294      |
-----------------------------------------
Early stopping at step 0 due to reaching max kl: 0.03
-----------------------------------------
| rollout/                |             |
|    ep_len_mean          | 797         |
|    ep_rew_mean          | 2.02e+03    |
| time/                   |             |
|    fps                  | 2638        |
|    iterations           | 34          |
|    time_elapsed         | 105         |
|    total_timesteps      | 5283840     |
| train/                  |             |
|    approx_kl            | 0.015132238 |
|    clip_fraction        | 0.449       |
|    clip_range           | 0.1         |
|    entropy_loss         | -4.99       |
|    explained_variance   | 0.695       |
|    learning_rate        | 0.0003      |
|    loss                 | 0.031       |
|    n_updates            | 812         |
|    policy_gradient_loss | 0.0139      |
|    std                  | 0.452       |
|    value_loss           | 0.0516      |
-----------------------------------------
Early stopping at step 0 due to reaching max kl: 0.04
-----------------------------------------
| rollout/                |             |
|    ep_len_mean          | 803         |
|    ep_rew_mean          | 2.05e+03    |
| time/                   |             |
|    fps                  | 2642        |
|    iterations           | 35          |
|    time_elapsed         | 108         |
|    total_timesteps      | 5292032     |
| train/                  |             |
|    approx_kl            | 0.014535332 |
|    clip_fraction        | 0.437       |
|    clip_range           | 0.1         |
|    entropy_loss         | -4.98       |
|    explained_variance   | 0.556       |
|    learning_rate        | 0.0003      |
|    loss                 | 0.0557      |
|    n_updates            | 813         |
|    policy_gradient_loss | 0.0174      |
|    std                  | 0.452       |
|    value_loss           | 0.0893      |
-----------------------------------------
Early stopping at step 0 due to reaching max kl: 0.03
-----------------------------------------
| rollout/                |             |
|    ep_len_mean          | 792         |
|    ep_rew_mean          | 2.02e+03    |
| time/                   |             |
|    fps                  | 2647        |
|    iterations           | 36          |
|    time_elapsed         | 111         |
|    total_timesteps      | 5300224     |
| train/                  |             |
|    approx_kl            | 0.016189396 |
|    clip_fraction        | 0.46        |
|    clip_range           | 0.1         |
|    entropy_loss         | -4.98       |
|    explained_variance   | 0.618       |
|    learning_rate        | 0.0003      |
|    loss                 | 0.0273      |
|    n_updates            | 814         |
|    policy_gradient_loss | 0.0142      |
|    std                  | 0.452       |
|    value_loss           | 0.0907      |
-----------------------------------------
Early stopping at step 0 due to reaching max kl: 0.03
-----------------------------------------
| rollout/                |             |
|    ep_len_mean          | 797         |
|    ep_rew_mean          | 2.03e+03    |
| time/                   |             |
|    fps                  | 2651        |
|    iterations           | 37          |
|    time_elapsed         | 114         |
|    total_timesteps      | 5308416     |
| train/                  |             |
|    approx_kl            | 0.011719063 |
|    clip_fraction        | 0.379       |
|    clip_range           | 0.1         |
|    entropy_loss         | -4.97       |
|    explained_variance   | 0.523       |
|    learning_rate        | 0.0003      |
|    loss                 | 0.0549      |
|    n_updates            | 815         |
|    policy_gradient_loss | 0.013       |
|    std                  | 0.452       |
|    value_loss           | 0.103       |
-----------------------------------------
Early stopping at step 0 due to reaching max kl: 0.04
----------------------------------------
| rollout/                |            |
|    ep_len_mean          | 780        |
|    ep_rew_mean          | 1.98e+03   |
| time/                   |            |
|    fps                  | 2654       |
|    iterations           | 38         |
|    time_elapsed         | 117        |
|    total_timesteps      | 5316608    |
| train/                  |            |
|    approx_kl            | 0.01261638 |
|    clip_fraction        | 0.4        |
|    clip_range           | 0.1        |
|    entropy_loss         | -4.97      |
|    explained_variance   | 0.764      |
|    learning_rate        | 0.0003     |
|    loss                 | 0.0282     |
|    n_updates            | 816        |
|    policy_gradient_loss | 0.0159     |
|    std                  | 0.452      |
|    value_loss           | 0.0403     |
----------------------------------------
Early stopping at step 0 due to reaching max kl: 0.04
-----------------------------------------
| rollout/                |             |
|    ep_len_mean          | 784         |
|    ep_rew_mean          | 2e+03       |
| time/                   |             |
|    fps                  | 2658        |
|    iterations           | 39          |
|    time_elapsed         | 120         |
|    total_timesteps      | 5324800     |
| train/                  |             |
|    approx_kl            | 0.014857375 |
|    clip_fraction        | 0.438       |
|    clip_range           | 0.1         |
|    entropy_loss         | -4.97       |
|    explained_variance   | 0.648       |
|    learning_rate        | 0.0003      |
|    loss                 | 0.0415      |
|    n_updates            | 817         |
|    policy_gradient_loss | 0.0193      |
|    std                  | 0.452       |
|    value_loss           | 0.0822      |
-----------------------------------------
Early stopping at step 0 due to reaching max kl: 0.03
-----------------------------------------
| rollout/                |             |
|    ep_len_mean          | 791         |
|    ep_rew_mean          | 2.02e+03    |
| time/                   |             |
|    fps                  | 2662        |
|    iterations           | 40          |
|    time_elapsed         | 123         |
|    total_timesteps      | 5332992     |
| train/                  |             |
|    approx_kl            | 0.012492892 |
|    clip_fraction        | 0.39        |
|    clip_range           | 0.1         |
|    entropy_loss         | -4.97       |
|    explained_variance   | 0.667       |
|    learning_rate        | 0.0003      |
|    loss                 | 0.0934      |
|    n_updates            | 818         |
|    policy_gradient_loss | 0.0152      |
|    std                  | 0.451       |
|    value_loss           | 0.0445      |
-----------------------------------------
Early stopping at step 0 due to reaching max kl: 0.04
-----------------------------------------
| rollout/                |             |
|    ep_len_mean          | 765         |
|    ep_rew_mean          | 1.95e+03    |
| time/                   |             |
|    fps                  | 2666        |
|    iterations           | 41          |
|    time_elapsed         | 125         |
|    total_timesteps      | 5341184     |
| train/                  |             |
|    approx_kl            | 0.013105915 |
|    clip_fraction        | 0.406       |
|    clip_range           | 0.1         |
|    entropy_loss         | -4.96       |
|    explained_variance   | 0.609       |
|    learning_rate        | 0.0003      |
|    loss                 | 0.0914      |
|    n_updates            | 819         |
|    policy_gradient_loss | 0.017       |
|    std                  | 0.451       |
|    value_loss           | 0.0759      |
-----------------------------------------
Early stopping at step 0 due to reaching max kl: 0.03
-----------------------------------------
| rollout/                |             |
|    ep_len_mean          | 739         |
|    ep_rew_mean          | 1.91e+03    |
| time/                   |             |
|    fps                  | 2669        |
|    iterations           | 42          |
|    time_elapsed         | 128         |
|    total_timesteps      | 5349376     |
| train/                  |             |
|    approx_kl            | 0.012353505 |
|    clip_fraction        | 0.407       |
|    clip_range           | 0.1         |
|    entropy_loss         | -4.96       |
|    explained_variance   | 0.497       |
|    learning_rate        | 0.0003      |
|    loss                 | 0.0808      |
|    n_updates            | 820         |
|    policy_gradient_loss | 0.0104      |
|    std                  | 0.451       |
|    value_loss           | 0.114       |
-----------------------------------------
Early stopping at step 0 due to reaching max kl: 0.04
-----------------------------------------
| rollout/                |             |
|    ep_len_mean          | 686         |
|    ep_rew_mean          | 1.78e+03    |
| time/                   |             |
|    fps                  | 2673        |
|    iterations           | 43          |
|    time_elapsed         | 131         |
|    total_timesteps      | 5357568     |
| train/                  |             |
|    approx_kl            | 0.010589751 |
|    clip_fraction        | 0.322       |
|    clip_range           | 0.1         |
|    entropy_loss         | -4.96       |
|    explained_variance   | 0.538       |
|    learning_rate        | 0.0003      |
|    loss                 | 0.0375      |
|    n_updates            | 821         |
|    policy_gradient_loss | 0.00732     |
|    std                  | 0.451       |
|    value_loss           | 0.0935      |
-----------------------------------------
Early stopping at step 0 due to reaching max kl: 0.03
-----------------------------------------
| rollout/                |             |
|    ep_len_mean          | 706         |
|    ep_rew_mean          | 1.83e+03    |
| time/                   |             |
|    fps                  | 2677        |
|    iterations           | 44          |
|    time_elapsed         | 134         |
|    total_timesteps      | 5365760     |
| train/                  |             |
|    approx_kl            | 0.012675859 |
|    clip_fraction        | 0.402       |
|    clip_range           | 0.1         |
|    entropy_loss         | -4.95       |
|    explained_variance   | 0.345       |
|    learning_rate        | 0.0003      |
|    loss                 | 0.0728      |
|    n_updates            | 822         |
|    policy_gradient_loss | 0.0207      |
|    std                  | 0.451       |
|    value_loss           | 0.19        |
-----------------------------------------
Early stopping at step 0 due to reaching max kl: 0.03
-----------------------------------------
| rollout/                |             |
|    ep_len_mean          | 716         |
|    ep_rew_mean          | 1.85e+03    |
| time/                   |             |
|    fps                  | 2680        |
|    iterations           | 45          |
|    time_elapsed         | 137         |
|    total_timesteps      | 5373952     |
| train/                  |             |
|    approx_kl            | 0.013291293 |
|    clip_fraction        | 0.376       |
|    clip_range           | 0.1         |
|    entropy_loss         | -4.95       |
|    explained_variance   | 0.729       |
|    learning_rate        | 0.0003      |
|    loss                 | 0.0261      |
|    n_updates            | 823         |
|    policy_gradient_loss | 0.0101      |
|    std                  | 0.451       |
|    value_loss           | 0.0414      |
-----------------------------------------
Early stopping at step 0 due to reaching max kl: 0.03
-----------------------------------------
| rollout/                |             |
|    ep_len_mean          | 711         |
|    ep_rew_mean          | 1.84e+03    |
| time/                   |             |
|    fps                  | 2684        |
|    iterations           | 46          |
|    time_elapsed         | 140         |
|    total_timesteps      | 5382144     |
| train/                  |             |
|    approx_kl            | 0.012764936 |
|    clip_fraction        | 0.413       |
|    clip_range           | 0.1         |
|    entropy_loss         | -4.95       |
|    explained_variance   | 0.569       |
|    learning_rate        | 0.0003      |
|    loss                 | 0.0439      |
|    n_updates            | 824         |
|    policy_gradient_loss | 0.019       |
|    std                  | 0.45        |
|    value_loss           | 0.0802      |
-----------------------------------------
Early stopping at step 0 due to reaching max kl: 0.04
-----------------------------------------
| rollout/                |             |
|    ep_len_mean          | 689         |
|    ep_rew_mean          | 1.79e+03    |
| time/                   |             |
|    fps                  | 2687        |
|    iterations           | 47          |
|    time_elapsed         | 143         |
|    total_timesteps      | 5390336     |
| train/                  |             |
|    approx_kl            | 0.014033476 |
|    clip_fraction        | 0.454       |
|    clip_range           | 0.1         |
|    entropy_loss         | -4.95       |
|    explained_variance   | 0.495       |
|    learning_rate        | 0.0003      |
|    loss                 | 0.0347      |
|    n_updates            | 825         |
|    policy_gradient_loss | 0.0107      |
|    std                  | 0.451       |
|    value_loss           | 0.119       |
-----------------------------------------
Early stopping at step 0 due to reaching max kl: 0.04
------------------------------------------
| rollout/                |              |
|    ep_len_mean          | 677          |
|    ep_rew_mean          | 1.76e+03     |
| time/                   |              |
|    fps                  | 2691         |
|    iterations           | 48           |
|    time_elapsed         | 146          |
|    total_timesteps      | 5398528      |
| train/                  |              |
|    approx_kl            | 0.0112648085 |
|    clip_fraction        | 0.357        |
|    clip_range           | 0.1          |
|    entropy_loss         | -4.95        |
|    explained_variance   | 0.459        |
|    learning_rate        | 0.0003       |
|    loss                 | 0.054        |
|    n_updates            | 826          |
|    policy_gradient_loss | 0.0177       |
|    std                  | 0.45         |
|    value_loss           | 0.123        |
------------------------------------------
Early stopping at step 0 due to reaching max kl: 0.03
-----------------------------------------
| rollout/                |             |
|    ep_len_mean          | 675         |
|    ep_rew_mean          | 1.75e+03    |
| time/                   |             |
|    fps                  | 2694        |
|    iterations           | 49          |
|    time_elapsed         | 148         |
|    total_timesteps      | 5406720     |
| train/                  |             |
|    approx_kl            | 0.012907414 |
|    clip_fraction        | 0.371       |
|    clip_range           | 0.1         |
|    entropy_loss         | -4.94       |
|    explained_variance   | 0.559       |
|    learning_rate        | 0.0003      |
|    loss                 | 0.162       |
|    n_updates            | 827         |
|    policy_gradient_loss | 0.0091      |
|    std                  | 0.45        |
|    value_loss           | 0.098       |
-----------------------------------------
Early stopping at step 0 due to reaching max kl: 0.03
-----------------------------------------
| rollout/                |             |
|    ep_len_mean          | 692         |
|    ep_rew_mean          | 1.79e+03    |
| time/                   |             |
|    fps                  | 2697        |
|    iterations           | 50          |
|    time_elapsed         | 151         |
|    total_timesteps      | 5414912     |
| train/                  |             |
|    approx_kl            | 0.012660013 |
|    clip_fraction        | 0.405       |
|    clip_range           | 0.1         |
|    entropy_loss         | -4.94       |
|    explained_variance   | 0.513       |
|    learning_rate        | 0.0003      |
|    loss                 | 0.152       |
|    n_updates            | 828         |
|    policy_gradient_loss | 0.0101      |
|    std                  | 0.45        |
|    value_loss           | 0.132       |
-----------------------------------------
Early stopping at step 0 due to reaching max kl: 0.03
-----------------------------------------
| rollout/                |             |
|    ep_len_mean          | 726         |
|    ep_rew_mean          | 1.87e+03    |
| time/                   |             |
|    fps                  | 2699        |
|    iterations           | 51          |
|    time_elapsed         | 154         |
|    total_timesteps      | 5423104     |
| train/                  |             |
|    approx_kl            | 0.012298618 |
|    clip_fraction        | 0.379       |
|    clip_range           | 0.1         |
|    entropy_loss         | -4.94       |
|    explained_variance   | 0.48        |
|    learning_rate        | 0.0003      |
|    loss                 | 0.0678      |
|    n_updates            | 829         |
|    policy_gradient_loss | 0.0184      |
|    std                  | 0.45        |
|    value_loss           | 0.103       |
-----------------------------------------
Early stopping at step 0 due to reaching max kl: 0.03
-----------------------------------------
| rollout/                |             |
|    ep_len_mean          | 743         |
|    ep_rew_mean          | 1.9e+03     |
| time/                   |             |
|    fps                  | 2701        |
|    iterations           | 52          |
|    time_elapsed         | 157         |
|    total_timesteps      | 5431296     |
| train/                  |             |
|    approx_kl            | 0.014827083 |
|    clip_fraction        | 0.466       |
|    clip_range           | 0.1         |
|    entropy_loss         | -4.93       |
|    explained_variance   | 0.811       |
|    learning_rate        | 0.0003      |
|    loss                 | 0.0656      |
|    n_updates            | 830         |
|    policy_gradient_loss | 0.0177      |
|    std                  | 0.449       |
|    value_loss           | 0.0189      |
-----------------------------------------
Early stopping at step 0 due to reaching max kl: 0.03
------------------------------------------
| rollout/                |              |
|    ep_len_mean          | 743          |
|    ep_rew_mean          | 1.89e+03     |
| time/                   |              |
|    fps                  | 2703         |
|    iterations           | 53           |
|    time_elapsed         | 160          |
|    total_timesteps      | 5439488      |
| train/                  |              |
|    approx_kl            | 0.0124303205 |
|    clip_fraction        | 0.393        |
|    clip_range           | 0.1          |
|    entropy_loss         | -4.92        |
|    explained_variance   | 0.555        |
|    learning_rate        | 0.0003       |
|    loss                 | 0.0354       |
|    n_updates            | 831          |
|    policy_gradient_loss | 0.00967      |
|    std                  | 0.449        |
|    value_loss           | 0.0804       |
------------------------------------------
Early stopping at step 0 due to reaching max kl: 0.03
-----------------------------------------
| rollout/                |             |
|    ep_len_mean          | 750         |
|    ep_rew_mean          | 1.92e+03    |
| time/                   |             |
|    fps                  | 2704        |
|    iterations           | 54          |
|    time_elapsed         | 163         |
|    total_timesteps      | 5447680     |
| train/                  |             |
|    approx_kl            | 0.012447518 |
|    clip_fraction        | 0.406       |
|    clip_range           | 0.1         |
|    entropy_loss         | -4.92       |
|    explained_variance   | 0.622       |
|    learning_rate        | 0.0003      |
|    loss                 | 0.0524      |
|    n_updates            | 832         |
|    policy_gradient_loss | 0.0124      |
|    std                  | 0.449       |
|    value_loss           | 0.0731      |
-----------------------------------------
Early stopping at step 0 due to reaching max kl: 0.03
----------------------------------------
| rollout/                |            |
|    ep_len_mean          | 740        |
|    ep_rew_mean          | 1.89e+03   |
| time/                   |            |
|    fps                  | 2705       |
|    iterations           | 55         |
|    time_elapsed         | 166        |
|    total_timesteps      | 5455872    |
| train/                  |            |
|    approx_kl            | 0.01306579 |
|    clip_fraction        | 0.404      |
|    clip_range           | 0.1        |
|    entropy_loss         | -4.93      |
|    explained_variance   | 0.629      |
|    learning_rate        | 0.0003     |
|    loss                 | 0.0237     |
|    n_updates            | 833        |
|    policy_gradient_loss | 0.0137     |
|    std                  | 0.449      |
|    value_loss           | 0.0304     |
----------------------------------------
Early stopping at step 0 due to reaching max kl: 0.04
-----------------------------------------
| rollout/                |             |
|    ep_len_mean          | 769         |
|    ep_rew_mean          | 1.95e+03    |
| time/                   |             |
|    fps                  | 2707        |
|    iterations           | 56          |
|    time_elapsed         | 169         |
|    total_timesteps      | 5464064     |
| train/                  |             |
|    approx_kl            | 0.009603922 |
|    clip_fraction        | 0.34        |
|    clip_range           | 0.1         |
|    entropy_loss         | -4.93       |
|    explained_variance   | 0.58        |
|    learning_rate        | 0.0003      |
|    loss                 | 0.0255      |
|    n_updates            | 834         |
|    policy_gradient_loss | 0.00456     |
|    std                  | 0.449       |
|    value_loss           | 0.0778      |
-----------------------------------------
Early stopping at step 0 due to reaching max kl: 0.03
-----------------------------------------
| rollout/                |             |
|    ep_len_mean          | 786         |
|    ep_rew_mean          | 1.98e+03    |
| time/                   |             |
|    fps                  | 2710        |
|    iterations           | 57          |
|    time_elapsed         | 172         |
|    total_timesteps      | 5472256     |
| train/                  |             |
|    approx_kl            | 0.012506425 |
|    clip_fraction        | 0.422       |
|    clip_range           | 0.1         |
|    entropy_loss         | -4.92       |
|    explained_variance   | 0.713       |
|    learning_rate        | 0.0003      |
|    loss                 | 0.072       |
|    n_updates            | 835         |
|    policy_gradient_loss | 0.0195      |
|    std                  | 0.449       |
|    value_loss           | 0.0221      |
-----------------------------------------
Early stopping at step 0 due to reaching max kl: 0.03
------------------------------------------
| rollout/                |              |
|    ep_len_mean          | 798          |
|    ep_rew_mean          | 2e+03        |
| time/                   |              |
|    fps                  | 2712         |
|    iterations           | 58           |
|    time_elapsed         | 175          |
|    total_timesteps      | 5480448      |
| train/                  |              |
|    approx_kl            | 0.0134984795 |
|    clip_fraction        | 0.435        |
|    clip_range           | 0.1          |
|    entropy_loss         | -4.92        |
|    explained_variance   | 0.641        |
|    learning_rate        | 0.0003       |
|    loss                 | 0.0498       |
|    n_updates            | 836          |
|    policy_gradient_loss | 0.016        |
|    std                  | 0.449        |
|    value_loss           | 0.054        |
------------------------------------------
Early stopping at step 0 due to reaching max kl: 0.03
-----------------------------------------
| rollout/                |             |
|    ep_len_mean          | 776         |
|    ep_rew_mean          | 1.96e+03    |
| time/                   |             |
|    fps                  | 2714        |
|    iterations           | 59          |
|    time_elapsed         | 178         |
|    total_timesteps      | 5488640     |
| train/                  |             |
|    approx_kl            | 0.012347513 |
|    clip_fraction        | 0.421       |
|    clip_range           | 0.1         |
|    entropy_loss         | -4.92       |
|    explained_variance   | 0.726       |
|    learning_rate        | 0.0003      |
|    loss                 | 0.0462      |
|    n_updates            | 837         |
|    policy_gradient_loss | 0.0161      |
|    std                  | 0.449       |
|    value_loss           | 0.0259      |
-----------------------------------------
Early stopping at step 0 due to reaching max kl: 0.03
-----------------------------------------
| rollout/                |             |
|    ep_len_mean          | 732         |
|    ep_rew_mean          | 1.85e+03    |
| time/                   |             |
|    fps                  | 2716        |
|    iterations           | 60          |
|    time_elapsed         | 180         |
|    total_timesteps      | 5496832     |
| train/                  |             |
|    approx_kl            | 0.013240519 |
|    clip_fraction        | 0.406       |
|    clip_range           | 0.1         |
|    entropy_loss         | -4.91       |
|    explained_variance   | 0.475       |
|    learning_rate        | 0.0003      |
|    loss                 | 0.108       |
|    n_updates            | 838         |
|    policy_gradient_loss | 0.0101      |
|    std                  | 0.449       |
|    value_loss           | 0.138       |
-----------------------------------------
Early stopping at step 0 due to reaching max kl: 0.04
-----------------------------------------
| rollout/                |             |
|    ep_len_mean          | 729         |
|    ep_rew_mean          | 1.84e+03    |
| time/                   |             |
|    fps                  | 2718        |
|    iterations           | 61          |
|    time_elapsed         | 183         |
|    total_timesteps      | 5505024     |
| train/                  |             |
|    approx_kl            | 0.012795215 |
|    clip_fraction        | 0.414       |
|    clip_range           | 0.1         |
|    entropy_loss         | -4.91       |
|    explained_variance   | 0.519       |
|    learning_rate        | 0.0003      |
|    loss                 | 0.1         |
|    n_updates            | 839         |
|    policy_gradient_loss | 0.00609     |
|    std                  | 0.448       |
|    value_loss           | 0.143       |
-----------------------------------------
Early stopping at step 0 due to reaching max kl: 0.03
-----------------------------------------
| rollout/                |             |
|    ep_len_mean          | 755         |
|    ep_rew_mean          | 1.91e+03    |
| time/                   |             |
|    fps                  | 2719        |
|    iterations           | 62          |
|    time_elapsed         | 186         |
|    total_timesteps      | 5513216     |
| train/                  |             |
|    approx_kl            | 0.009756671 |
|    clip_fraction        | 0.351       |
|    clip_range           | 0.1         |
|    entropy_loss         | -4.91       |
|    explained_variance   | 0.578       |
|    learning_rate        | 0.0003      |
|    loss                 | 0.0407      |
|    n_updates            | 840         |
|    policy_gradient_loss | 0.0135      |
|    std                  | 0.448       |
|    value_loss           | 0.0958      |
-----------------------------------------
Early stopping at step 0 due to reaching max kl: 0.04
-----------------------------------------
| rollout/                |             |
|    ep_len_mean          | 739         |
|    ep_rew_mean          | 1.87e+03    |
| time/                   |             |
|    fps                  | 2720        |
|    iterations           | 63          |
|    time_elapsed         | 189         |
|    total_timesteps      | 5521408     |
| train/                  |             |
|    approx_kl            | 0.014073639 |
|    clip_fraction        | 0.439       |
|    clip_range           | 0.1         |
|    entropy_loss         | -4.9        |
|    explained_variance   | 0.84        |
|    learning_rate        | 0.0003      |
|    loss                 | -0.000802   |
|    n_updates            | 841         |
|    policy_gradient_loss | 0.0131      |
|    std                  | 0.447       |
|    value_loss           | 0.0188      |
-----------------------------------------
Early stopping at step 0 due to reaching max kl: 0.03
-----------------------------------------
| rollout/                |             |
|    ep_len_mean          | 748         |
|    ep_rew_mean          | 1.88e+03    |
| time/                   |             |
|    fps                  | 2721        |
|    iterations           | 64          |
|    time_elapsed         | 192         |
|    total_timesteps      | 5529600     |
| train/                  |             |
|    approx_kl            | 0.012473124 |
|    clip_fraction        | 0.401       |
|    clip_range           | 0.1         |
|    entropy_loss         | -4.89       |
|    explained_variance   | 0.615       |
|    learning_rate        | 0.0003      |
|    loss                 | 0.039       |
|    n_updates            | 842         |
|    policy_gradient_loss | 0.00426     |
|    std                  | 0.447       |
|    value_loss           | 0.058       |
-----------------------------------------
Early stopping at step 0 due to reaching max kl: 0.03
-----------------------------------------
| rollout/                |             |
|    ep_len_mean          | 737         |
|    ep_rew_mean          | 1.87e+03    |
| time/                   |             |
|    fps                  | 2723        |
|    iterations           | 65          |
|    time_elapsed         | 195         |
|    total_timesteps      | 5537792     |
| train/                  |             |
|    approx_kl            | 0.012323449 |
|    clip_fraction        | 0.376       |
|    clip_range           | 0.1         |
|    entropy_loss         | -4.89       |
|    explained_variance   | 0.651       |
|    learning_rate        | 0.0003      |
|    loss                 | 0.0541      |
|    n_updates            | 843         |
|    policy_gradient_loss | 0.0185      |
|    std                  | 0.447       |
|    value_loss           | 0.0564      |
-----------------------------------------
Early stopping at step 0 due to reaching max kl: 0.03
------------------------------------------
| rollout/                |              |
|    ep_len_mean          | 689          |
|    ep_rew_mean          | 1.75e+03     |
| time/                   |              |
|    fps                  | 2724         |
|    iterations           | 66           |
|    time_elapsed         | 198          |
|    total_timesteps      | 5545984      |
| train/                  |              |
|    approx_kl            | 0.0142369475 |
|    clip_fraction        | 0.431        |
|    clip_range           | 0.1          |
|    entropy_loss         | -4.89        |
|    explained_variance   | 0.535        |
|    learning_rate        | 0.0003       |
|    loss                 | 0.0626       |
|    n_updates            | 844          |
|    policy_gradient_loss | 0.0158       |
|    std                  | 0.447        |
|    value_loss           | 0.0989       |
------------------------------------------
Early stopping at step 0 due to reaching max kl: 0.04
-----------------------------------------
| rollout/                |             |
|    ep_len_mean          | 687         |
|    ep_rew_mean          | 1.75e+03    |
| time/                   |             |
|    fps                  | 2725        |
|    iterations           | 67          |
|    time_elapsed         | 201         |
|    total_timesteps      | 5554176     |
| train/                  |             |
|    approx_kl            | 0.011843129 |
|    clip_fraction        | 0.397       |
|    clip_range           | 0.1         |
|    entropy_loss         | -4.89       |
|    explained_variance   | 0.507       |
|    learning_rate        | 0.0003      |
|    loss                 | 0.219       |
|    n_updates            | 845         |
|    policy_gradient_loss | 0.013       |
|    std                  | 0.447       |
|    value_loss           | 0.123       |
-----------------------------------------
Early stopping at step 0 due to reaching max kl: 0.04
-----------------------------------------
| rollout/                |             |
|    ep_len_mean          | 710         |
|    ep_rew_mean          | 1.79e+03    |
| time/                   |             |
|    fps                  | 2726        |
|    iterations           | 68          |
|    time_elapsed         | 204         |
|    total_timesteps      | 5562368     |
| train/                  |             |
|    approx_kl            | 0.013358319 |
|    clip_fraction        | 0.432       |
|    clip_range           | 0.1         |
|    entropy_loss         | -4.89       |
|    explained_variance   | 0.408       |
|    learning_rate        | 0.0003      |
|    loss                 | 0.166       |
|    n_updates            | 846         |
|    policy_gradient_loss | 0.0148      |
|    std                  | 0.447       |
|    value_loss           | 0.148       |
-----------------------------------------
Early stopping at step 0 due to reaching max kl: 0.03
-----------------------------------------
| rollout/                |             |
|    ep_len_mean          | 722         |
|    ep_rew_mean          | 1.8e+03     |
| time/                   |             |
|    fps                  | 2727        |
|    iterations           | 69          |
|    time_elapsed         | 207         |
|    total_timesteps      | 5570560     |
| train/                  |             |
|    approx_kl            | 0.011644497 |
|    clip_fraction        | 0.388       |
|    clip_range           | 0.1         |
|    entropy_loss         | -4.89       |
|    explained_variance   | 0.505       |
|    learning_rate        | 0.0003      |
|    loss                 | 0.0919      |
|    n_updates            | 847         |
|    policy_gradient_loss | 0.0179      |
|    std                  | 0.447       |
|    value_loss           | 0.057       |
-----------------------------------------
Early stopping at step 0 due to reaching max kl: 0.03
-----------------------------------------
| rollout/                |             |
|    ep_len_mean          | 713         |
|    ep_rew_mean          | 1.79e+03    |
| time/                   |             |
|    fps                  | 2728        |
|    iterations           | 70          |
|    time_elapsed         | 210         |
|    total_timesteps      | 5578752     |
| train/                  |             |
|    approx_kl            | 0.014094969 |
|    clip_fraction        | 0.434       |
|    clip_range           | 0.1         |
|    entropy_loss         | -4.89       |
|    explained_variance   | 0.478       |
|    learning_rate        | 0.0003      |
|    loss                 | 0.0713      |
|    n_updates            | 848         |
|    policy_gradient_loss | 0.0188      |
|    std                  | 0.447       |
|    value_loss           | 0.0899      |
-----------------------------------------
Early stopping at step 0 due to reaching max kl: 0.03
-----------------------------------------
| rollout/                |             |
|    ep_len_mean          | 698         |
|    ep_rew_mean          | 1.74e+03    |
| time/                   |             |
|    fps                  | 2729        |
|    iterations           | 71          |
|    time_elapsed         | 213         |
|    total_timesteps      | 5586944     |
| train/                  |             |
|    approx_kl            | 0.014614337 |
|    clip_fraction        | 0.414       |
|    clip_range           | 0.1         |
|    entropy_loss         | -4.88       |
|    explained_variance   | 0.595       |
|    learning_rate        | 0.0003      |
|    loss                 | 0.0607      |
|    n_updates            | 849         |
|    policy_gradient_loss | 0.0162      |
|    std                  | 0.447       |
|    value_loss           | 0.0457      |
-----------------------------------------
Early stopping at step 0 due to reaching max kl: 0.04
-----------------------------------------
| rollout/                |             |
|    ep_len_mean          | 703         |
|    ep_rew_mean          | 1.77e+03    |
| time/                   |             |
|    fps                  | 2731        |
|    iterations           | 72          |
|    time_elapsed         | 215         |
|    total_timesteps      | 5595136     |
| train/                  |             |
|    approx_kl            | 0.010887996 |
|    clip_fraction        | 0.31        |
|    clip_range           | 0.1         |
|    entropy_loss         | -4.87       |
|    explained_variance   | 0.498       |
|    learning_rate        | 0.0003      |
|    loss                 | 0.0616      |
|    n_updates            | 850         |
|    policy_gradient_loss | 0.00983     |
|    std                  | 0.446       |
|    value_loss           | 0.0564      |
-----------------------------------------
Early stopping at step 0 due to reaching max kl: 0.03
-----------------------------------------
| rollout/                |             |
|    ep_len_mean          | 708         |
|    ep_rew_mean          | 1.78e+03    |
| time/                   |             |
|    fps                  | 2732        |
|    iterations           | 73          |
|    time_elapsed         | 218         |
|    total_timesteps      | 5603328     |
| train/                  |             |
|    approx_kl            | 0.012967986 |
|    clip_fraction        | 0.413       |
|    clip_range           | 0.1         |
|    entropy_loss         | -4.87       |
|    explained_variance   | 0.533       |
|    learning_rate        | 0.0003      |
|    loss                 | 0.0759      |
|    n_updates            | 851         |
|    policy_gradient_loss | 0.0176      |
|    std                  | 0.446       |
|    value_loss           | 0.0525      |
-----------------------------------------
Early stopping at step 0 due to reaching max kl: 0.03
-----------------------------------------
| rollout/                |             |
|    ep_len_mean          | 708         |
|    ep_rew_mean          | 1.78e+03    |
| time/                   |             |
|    fps                  | 2733        |
|    iterations           | 74          |
|    time_elapsed         | 221         |
|    total_timesteps      | 5611520     |
| train/                  |             |
|    approx_kl            | 0.012670464 |
|    clip_fraction        | 0.407       |
|    clip_range           | 0.1         |
|    entropy_loss         | -4.87       |
|    explained_variance   | 0.691       |
|    learning_rate        | 0.0003      |
|    loss                 | 0.0313      |
|    n_updates            | 852         |
|    policy_gradient_loss | 0.0144      |
|    std                  | 0.446       |
|    value_loss           | 0.0439      |
-----------------------------------------
Early stopping at step 0 due to reaching max kl: 0.03
----------------------------------------
| rollout/                |            |
|    ep_len_mean          | 705        |
|    ep_rew_mean          | 1.77e+03   |
| time/                   |            |
|    fps                  | 2733       |
|    iterations           | 75         |
|    time_elapsed         | 224        |
|    total_timesteps      | 5619712    |
| train/                  |            |
|    approx_kl            | 0.01113724 |
|    clip_fraction        | 0.349      |
|    clip_range           | 0.1        |
|    entropy_loss         | -4.86      |
|    explained_variance   | 0.583      |
|    learning_rate        | 0.0003     |
|    loss                 | 0.0603     |
|    n_updates            | 853        |
|    policy_gradient_loss | 0.0135     |
|    std                  | 0.446      |
|    value_loss           | 0.0719     |
----------------------------------------
Early stopping at step 0 due to reaching max kl: 0.03
-----------------------------------------
| rollout/                |             |
|    ep_len_mean          | 709         |
|    ep_rew_mean          | 1.78e+03    |
| time/                   |             |
|    fps                  | 2734        |
|    iterations           | 76          |
|    time_elapsed         | 227         |
|    total_timesteps      | 5627904     |
| train/                  |             |
|    approx_kl            | 0.012300876 |
|    clip_fraction        | 0.407       |
|    clip_range           | 0.1         |
|    entropy_loss         | -4.87       |
|    explained_variance   | 0.485       |
|    learning_rate        | 0.0003      |
|    loss                 | 0.172       |
|    n_updates            | 854         |
|    policy_gradient_loss | 0.00659     |
|    std                  | 0.446       |
|    value_loss           | 0.151       |
-----------------------------------------
Early stopping at step 0 due to reaching max kl: 0.03
-----------------------------------------
| rollout/                |             |
|    ep_len_mean          | 697         |
|    ep_rew_mean          | 1.78e+03    |
| time/                   |             |
|    fps                  | 2735        |
|    iterations           | 77          |
|    time_elapsed         | 230         |
|    total_timesteps      | 5636096     |
| train/                  |             |
|    approx_kl            | 0.011568995 |
|    clip_fraction        | 0.371       |
|    clip_range           | 0.1         |
|    entropy_loss         | -4.87       |
|    explained_variance   | 0.55        |
|    learning_rate        | 0.0003      |
|    loss                 | 0.0164      |
|    n_updates            | 855         |
|    policy_gradient_loss | 0.0206      |
|    std                  | 0.446       |
|    value_loss           | 0.0471      |
-----------------------------------------
Early stopping at step 0 due to reaching max kl: 0.03
-----------------------------------------
| rollout/                |             |
|    ep_len_mean          | 710         |
|    ep_rew_mean          | 1.8e+03     |
| time/                   |             |
|    fps                  | 2736        |
|    iterations           | 78          |
|    time_elapsed         | 233         |
|    total_timesteps      | 5644288     |
| train/                  |             |
|    approx_kl            | 0.012444308 |
|    clip_fraction        | 0.401       |
|    clip_range           | 0.1         |
|    entropy_loss         | -4.86       |
|    explained_variance   | 0.547       |
|    learning_rate        | 0.0003      |
|    loss                 | 0.0723      |
|    n_updates            | 856         |
|    policy_gradient_loss | 0.00981     |
|    std                  | 0.446       |
|    value_loss           | 0.0917      |
-----------------------------------------
Early stopping at step 0 due to reaching max kl: 0.05
----------------------------------------
| rollout/                |            |
|    ep_len_mean          | 703        |
|    ep_rew_mean          | 1.79e+03   |
| time/                   |            |
|    fps                  | 2736       |
|    iterations           | 79         |
|    time_elapsed         | 236        |
|    total_timesteps      | 5652480    |
| train/                  |            |
|    approx_kl            | 0.01440218 |
|    clip_fraction        | 0.428      |
|    clip_range           | 0.1        |
|    entropy_loss         | -4.86      |
|    explained_variance   | 0.664      |
|    learning_rate        | 0.0003     |
|    loss                 | 0.0814     |
|    n_updates            | 857        |
|    policy_gradient_loss | 0.0201     |
|    std                  | 0.446      |
|    value_loss           | 0.0411     |
----------------------------------------
Early stopping at step 0 due to reaching max kl: 0.04
-----------------------------------------
| rollout/                |             |
|    ep_len_mean          | 705         |
|    ep_rew_mean          | 1.8e+03     |
| time/                   |             |
|    fps                  | 2737        |
|    iterations           | 80          |
|    time_elapsed         | 239         |
|    total_timesteps      | 5660672     |
| train/                  |             |
|    approx_kl            | 0.011041079 |
|    clip_fraction        | 0.37        |
|    clip_range           | 0.1         |
|    entropy_loss         | -4.86       |
|    explained_variance   | 0.468       |
|    learning_rate        | 0.0003      |
|    loss                 | 0.0299      |
|    n_updates            | 858         |
|    policy_gradient_loss | 0.00511     |
|    std                  | 0.446       |
|    value_loss           | 0.0573      |
-----------------------------------------
Early stopping at step 0 due to reaching max kl: 0.03
-----------------------------------------
| rollout/                |             |
|    ep_len_mean          | 705         |
|    ep_rew_mean          | 1.79e+03    |
| time/                   |             |
|    fps                  | 2737        |
|    iterations           | 81          |
|    time_elapsed         | 242         |
|    total_timesteps      | 5668864     |
| train/                  |             |
|    approx_kl            | 0.014905935 |
|    clip_fraction        | 0.459       |
|    clip_range           | 0.1         |
|    entropy_loss         | -4.86       |
|    explained_variance   | 0.54        |
|    learning_rate        | 0.0003      |
|    loss                 | 0.202       |
|    n_updates            | 859         |
|    policy_gradient_loss | 0.0177      |
|    std                  | 0.445       |
|    value_loss           | 0.0995      |
-----------------------------------------
Early stopping at step 0 due to reaching max kl: 0.03
-----------------------------------------
| rollout/                |             |
|    ep_len_mean          | 700         |
|    ep_rew_mean          | 1.78e+03    |
| time/                   |             |
|    fps                  | 2738        |
|    iterations           | 82          |
|    time_elapsed         | 245         |
|    total_timesteps      | 5677056     |
| train/                  |             |
|    approx_kl            | 0.010607201 |
|    clip_fraction        | 0.374       |
|    clip_range           | 0.1         |
|    entropy_loss         | -4.86       |
|    explained_variance   | 0.587       |
|    learning_rate        | 0.0003      |
|    loss                 | 0.023       |
|    n_updates            | 860         |
|    policy_gradient_loss | 0.00946     |
|    std                  | 0.445       |
|    value_loss           | 0.0607      |
-----------------------------------------
Early stopping at step 0 due to reaching max kl: 0.04
-----------------------------------------
| rollout/                |             |
|    ep_len_mean          | 694         |
|    ep_rew_mean          | 1.78e+03    |
| time/                   |             |
|    fps                  | 2739        |
|    iterations           | 83          |
|    time_elapsed         | 248         |
|    total_timesteps      | 5685248     |
| train/                  |             |
|    approx_kl            | 0.013906947 |
|    clip_fraction        | 0.437       |
|    clip_range           | 0.1         |
|    entropy_loss         | -4.86       |
|    explained_variance   | 0.561       |
|    learning_rate        | 0.0003      |
|    loss                 | 0.067       |
|    n_updates            | 861         |
|    policy_gradient_loss | 0.0145      |
|    std                  | 0.445       |
|    value_loss           | 0.0504      |
-----------------------------------------
Early stopping at step 0 due to reaching max kl: 0.03
-----------------------------------------
| rollout/                |             |
|    ep_len_mean          | 714         |
|    ep_rew_mean          | 1.81e+03    |
| time/                   |             |
|    fps                  | 2740        |
|    iterations           | 84          |
|    time_elapsed         | 251         |
|    total_timesteps      | 5693440     |
| train/                  |             |
|    approx_kl            | 0.015712261 |
|    clip_fraction        | 0.444       |
|    clip_range           | 0.1         |
|    entropy_loss         | -4.85       |
|    explained_variance   | 0.447       |
|    learning_rate        | 0.0003      |
|    loss                 | 0.121       |
|    n_updates            | 862         |
|    policy_gradient_loss | 0.0222      |
|    std                  | 0.445       |
|    value_loss           | 0.141       |
-----------------------------------------
Early stopping at step 0 due to reaching max kl: 0.03
-----------------------------------------
| rollout/                |             |
|    ep_len_mean          | 719         |
|    ep_rew_mean          | 1.82e+03    |
| time/                   |             |
|    fps                  | 2740        |
|    iterations           | 85          |
|    time_elapsed         | 254         |
|    total_timesteps      | 5701632     |
| train/                  |             |
|    approx_kl            | 0.015521042 |
|    clip_fraction        | 0.431       |
|    clip_range           | 0.1         |
|    entropy_loss         | -4.85       |
|    explained_variance   | 0.688       |
|    learning_rate        | 0.0003      |
|    loss                 | 0.0375      |
|    n_updates            | 863         |
|    policy_gradient_loss | 0.0145      |
|    std                  | 0.445       |
|    value_loss           | 0.0449      |
-----------------------------------------
Early stopping at step 0 due to reaching max kl: 0.03
-----------------------------------------
| rollout/                |             |
|    ep_len_mean          | 734         |
|    ep_rew_mean          | 1.85e+03    |
| time/                   |             |
|    fps                  | 2741        |
|    iterations           | 86          |
|    time_elapsed         | 256         |
|    total_timesteps      | 5709824     |
| train/                  |             |
|    approx_kl            | 0.011631242 |
|    clip_fraction        | 0.385       |
|    clip_range           | 0.1         |
|    entropy_loss         | -4.84       |
|    explained_variance   | 0.502       |
|    learning_rate        | 0.0003      |
|    loss                 | 0.166       |
|    n_updates            | 864         |
|    policy_gradient_loss | 0.0121      |
|    std                  | 0.445       |
|    value_loss           | 0.107       |
-----------------------------------------
Early stopping at step 0 due to reaching max kl: 0.04
-----------------------------------------
| rollout/                |             |
|    ep_len_mean          | 748         |
|    ep_rew_mean          | 1.89e+03    |
| time/                   |             |
|    fps                  | 2742        |
|    iterations           | 87          |
|    time_elapsed         | 259         |
|    total_timesteps      | 5718016     |
| train/                  |             |
|    approx_kl            | 0.016643899 |
|    clip_fraction        | 0.464       |
|    clip_range           | 0.1         |
|    entropy_loss         | -4.84       |
|    explained_variance   | 0.687       |
|    learning_rate        | 0.0003      |
|    loss                 | 0.258       |
|    n_updates            | 865         |
|    policy_gradient_loss | 0.0252      |
|    std                  | 0.444       |
|    value_loss           | 0.0316      |
-----------------------------------------
Early stopping at step 0 due to reaching max kl: 0.04
-----------------------------------------
| rollout/                |             |
|    ep_len_mean          | 748         |
|    ep_rew_mean          | 1.89e+03    |
| time/                   |             |
|    fps                  | 2743        |
|    iterations           | 88          |
|    time_elapsed         | 262         |
|    total_timesteps      | 5726208     |
| train/                  |             |
|    approx_kl            | 0.014024951 |
|    clip_fraction        | 0.458       |
|    clip_range           | 0.1         |
|    entropy_loss         | -4.84       |
|    explained_variance   | 0.614       |
|    learning_rate        | 0.0003      |
|    loss                 | 0.0498      |
|    n_updates            | 866         |
|    policy_gradient_loss | 0.0139      |
|    std                  | 0.444       |
|    value_loss           | 0.0922      |
-----------------------------------------
Early stopping at step 0 due to reaching max kl: 0.03
-----------------------------------------
| rollout/                |             |
|    ep_len_mean          | 760         |
|    ep_rew_mean          | 1.9e+03     |
| time/                   |             |
|    fps                  | 2744        |
|    iterations           | 89          |
|    time_elapsed         | 265         |
|    total_timesteps      | 5734400     |
| train/                  |             |
|    approx_kl            | 0.011862196 |
|    clip_fraction        | 0.39        |
|    clip_range           | 0.1         |
|    entropy_loss         | -4.83       |
|    explained_variance   | 0.637       |
|    learning_rate        | 0.0003      |
|    loss                 | 0.0698      |
|    n_updates            | 867         |
|    policy_gradient_loss | 0.0184      |
|    std                  | 0.444       |
|    value_loss           | 0.0283      |
-----------------------------------------
Early stopping at step 0 due to reaching max kl: 0.04
-----------------------------------------
| rollout/                |             |
|    ep_len_mean          | 761         |
|    ep_rew_mean          | 1.9e+03     |
| time/                   |             |
|    fps                  | 2746        |
|    iterations           | 90          |
|    time_elapsed         | 268         |
|    total_timesteps      | 5742592     |
| train/                  |             |
|    approx_kl            | 0.011119943 |
|    clip_fraction        | 0.343       |
|    clip_range           | 0.1         |
|    entropy_loss         | -4.84       |
|    explained_variance   | 0.62        |
|    learning_rate        | 0.0003      |
|    loss                 | 0.0591      |
|    n_updates            | 868         |
|    policy_gradient_loss | 0.0129      |
|    std                  | 0.444       |
|    value_loss           | 0.0627      |
-----------------------------------------
Early stopping at step 0 due to reaching max kl: 0.03
-----------------------------------------
| rollout/                |             |
|    ep_len_mean          | 742         |
|    ep_rew_mean          | 1.84e+03    |
| time/                   |             |
|    fps                  | 2747        |
|    iterations           | 91          |
|    time_elapsed         | 271         |
|    total_timesteps      | 5750784     |
| train/                  |             |
|    approx_kl            | 0.009358887 |
|    clip_fraction        | 0.341       |
|    clip_range           | 0.1         |
|    entropy_loss         | -4.83       |
|    explained_variance   | 0.567       |
|    learning_rate        | 0.0003      |
|    loss                 | 0.0188      |
|    n_updates            | 869         |
|    policy_gradient_loss | 0.00748     |
|    std                  | 0.444       |
|    value_loss           | 0.0519      |
-----------------------------------------
Early stopping at step 0 due to reaching max kl: 0.03
------------------------------------------
| rollout/                |              |
|    ep_len_mean          | 773          |
|    ep_rew_mean          | 1.92e+03     |
| time/                   |              |
|    fps                  | 2748         |
|    iterations           | 92           |
|    time_elapsed         | 274          |
|    total_timesteps      | 5758976      |
| train/                  |              |
|    approx_kl            | 0.0114211505 |
|    clip_fraction        | 0.396        |
|    clip_range           | 0.1          |
|    entropy_loss         | -4.83        |
|    explained_variance   | 0.582        |
|    learning_rate        | 0.0003       |
|    loss                 | 0.109        |
|    n_updates            | 870          |
|    policy_gradient_loss | 0.0161       |
|    std                  | 0.444        |
|    value_loss           | 0.0868       |
------------------------------------------
Early stopping at step 0 due to reaching max kl: 0.03
-----------------------------------------
| rollout/                |             |
|    ep_len_mean          | 763         |
|    ep_rew_mean          | 1.9e+03     |
| time/                   |             |
|    fps                  | 2749        |
|    iterations           | 93          |
|    time_elapsed         | 277         |
|    total_timesteps      | 5767168     |
| train/                  |             |
|    approx_kl            | 0.016058845 |
|    clip_fraction        | 0.461       |
|    clip_range           | 0.1         |
|    entropy_loss         | -4.83       |
|    explained_variance   | 0.561       |
|    learning_rate        | 0.0003      |
|    loss                 | 0.0874      |
|    n_updates            | 871         |
|    policy_gradient_loss | 0.0183      |
|    std                  | 0.444       |
|    value_loss           | 0.0496      |
-----------------------------------------
Early stopping at step 0 due to reaching max kl: 0.03
-----------------------------------------
| rollout/                |             |
|    ep_len_mean          | 762         |
|    ep_rew_mean          | 1.91e+03    |
| time/                   |             |
|    fps                  | 2750        |
|    iterations           | 94          |
|    time_elapsed         | 279         |
|    total_timesteps      | 5775360     |
| train/                  |             |
|    approx_kl            | 0.012369738 |
|    clip_fraction        | 0.383       |
|    clip_range           | 0.1         |
|    entropy_loss         | -4.82       |
|    explained_variance   | 0.559       |
|    learning_rate        | 0.0003      |
|    loss                 | 0.0355      |
|    n_updates            | 872         |
|    policy_gradient_loss | 0.0109      |
|    std                  | 0.443       |
|    value_loss           | 0.0839      |
-----------------------------------------
Early stopping at step 0 due to reaching max kl: 0.03
-----------------------------------------
| rollout/                |             |
|    ep_len_mean          | 797         |
|    ep_rew_mean          | 2e+03       |
| time/                   |             |
|    fps                  | 2750        |
|    iterations           | 95          |
|    time_elapsed         | 282         |
|    total_timesteps      | 5783552     |
| train/                  |             |
|    approx_kl            | 0.015064104 |
|    clip_fraction        | 0.434       |
|    clip_range           | 0.1         |
|    entropy_loss         | -4.82       |
|    explained_variance   | 0.6         |
|    learning_rate        | 0.0003      |
|    loss                 | 0.059       |
|    n_updates            | 873         |
|    policy_gradient_loss | 0.0143      |
|    std                  | 0.443       |
|    value_loss           | 0.084       |
-----------------------------------------
Early stopping at step 0 due to reaching max kl: 0.03
-----------------------------------------
| rollout/                |             |
|    ep_len_mean          | 755         |
|    ep_rew_mean          | 1.9e+03     |
| time/                   |             |
|    fps                  | 2750        |
|    iterations           | 96          |
|    time_elapsed         | 285         |
|    total_timesteps      | 5791744     |
| train/                  |             |
|    approx_kl            | 0.015781246 |
|    clip_fraction        | 0.482       |
|    clip_range           | 0.1         |
|    entropy_loss         | -4.82       |
|    explained_variance   | 0.579       |
|    learning_rate        | 0.0003      |
|    loss                 | 0.0163      |
|    n_updates            | 874         |
|    policy_gradient_loss | 0.0135      |
|    std                  | 0.443       |
|    value_loss           | 0.031       |
-----------------------------------------
Early stopping at step 0 due to reaching max kl: 0.03
-----------------------------------------
| rollout/                |             |
|    ep_len_mean          | 754         |
|    ep_rew_mean          | 1.89e+03    |
| time/                   |             |
|    fps                  | 2751        |
|    iterations           | 97          |
|    time_elapsed         | 288         |
|    total_timesteps      | 5799936     |
| train/                  |             |
|    approx_kl            | 0.014284586 |
|    clip_fraction        | 0.426       |
|    clip_range           | 0.1         |
|    entropy_loss         | -4.82       |
|    explained_variance   | 0.488       |
|    learning_rate        | 0.0003      |
|    loss                 | 0.0371      |
|    n_updates            | 875         |
|    policy_gradient_loss | 0.0113      |
|    std                  | 0.443       |
|    value_loss           | 0.0978      |
-----------------------------------------
Early stopping at step 0 due to reaching max kl: 0.03
-----------------------------------------
| rollout/                |             |
|    ep_len_mean          | 769         |
|    ep_rew_mean          | 1.93e+03    |
| time/                   |             |
|    fps                  | 2752        |
|    iterations           | 98          |
|    time_elapsed         | 291         |
|    total_timesteps      | 5808128     |
| train/                  |             |
|    approx_kl            | 0.011313098 |
|    clip_fraction        | 0.363       |
|    clip_range           | 0.1         |
|    entropy_loss         | -4.82       |
|    explained_variance   | 0.603       |
|    learning_rate        | 0.0003      |
|    loss                 | 0.0537      |
|    n_updates            | 876         |
|    policy_gradient_loss | 0.0144      |
|    std                  | 0.443       |
|    value_loss           | 0.0894      |
-----------------------------------------
Early stopping at step 0 due to reaching max kl: 0.03
-----------------------------------------
| rollout/                |             |
|    ep_len_mean          | 761         |
|    ep_rew_mean          | 1.92e+03    |
| time/                   |             |
|    fps                  | 2753        |
|    iterations           | 99          |
|    time_elapsed         | 294         |
|    total_timesteps      | 5816320     |
| train/                  |             |
|    approx_kl            | 0.014716366 |
|    clip_fraction        | 0.432       |
|    clip_range           | 0.1         |
|    entropy_loss         | -4.82       |
|    explained_variance   | 0.649       |
|    learning_rate        | 0.0003      |
|    loss                 | 0.0766      |
|    n_updates            | 877         |
|    policy_gradient_loss | 0.0202      |
|    std                  | 0.443       |
|    value_loss           | 0.0263      |
-----------------------------------------
Early stopping at step 0 due to reaching max kl: 0.03
-----------------------------------------
| rollout/                |             |
|    ep_len_mean          | 763         |
|    ep_rew_mean          | 1.94e+03    |
| time/                   |             |
|    fps                  | 2753        |
|    iterations           | 100         |
|    time_elapsed         | 297         |
|    total_timesteps      | 5824512     |
| train/                  |             |
|    approx_kl            | 0.014170655 |
|    clip_fraction        | 0.456       |
|    clip_range           | 0.1         |
|    entropy_loss         | -4.82       |
|    explained_variance   | 0.402       |
|    learning_rate        | 0.0003      |
|    loss                 | 0.00376     |
|    n_updates            | 878         |
|    policy_gradient_loss | 0.0109      |
|    std                  | 0.443       |
|    value_loss           | 0.0731      |
-----------------------------------------
Early stopping at step 0 due to reaching max kl: 0.03
[Sensitivity progress] lr_3em04_clip_0.1: 826,564/1,007,616 additional steps; ETA 1.1 min
-----------------------------------------
| rollout/                |             |
|    ep_len_mean          | 782         |
|    ep_rew_mean          | 1.99e+03    |
| time/                   |             |
|    fps                  | 2755        |
|    iterations           | 101         |
|    time_elapsed         | 300         |
|    total_timesteps      | 5832704     |
| train/                  |             |
|    approx_kl            | 0.013877374 |
|    clip_fraction        | 0.416       |
|    clip_range           | 0.1         |
|    entropy_loss         | -4.82       |
|    explained_variance   | 0.436       |
|    learning_rate        | 0.0003      |
|    loss                 | 0.0455      |
|    n_updates            | 879         |
|    policy_gradient_loss | 0.0077      |
|    std                  | 0.443       |
|    value_loss           | 0.0427      |
-----------------------------------------
Early stopping at step 0 due to reaching max kl: 0.04
-----------------------------------------
| rollout/                |             |
|    ep_len_mean          | 782         |
|    ep_rew_mean          | 2e+03       |
| time/                   |             |
|    fps                  | 2756        |
|    iterations           | 102         |
|    time_elapsed         | 303         |
|    total_timesteps      | 5840896     |
| train/                  |             |
|    approx_kl            | 0.010101372 |
|    clip_fraction        | 0.351       |
|    clip_range           | 0.1         |
|    entropy_loss         | -4.82       |
|    explained_variance   | 0.562       |
|    learning_rate        | 0.0003      |
|    loss                 | 0.0296      |
|    n_updates            | 880         |
|    policy_gradient_loss | 0.0121      |
|    std                  | 0.443       |
|    value_loss           | 0.0525      |
-----------------------------------------
Early stopping at step 0 due to reaching max kl: 0.03
----------------------------------------
| rollout/                |            |
|    ep_len_mean          | 773        |
|    ep_rew_mean          | 1.98e+03   |
| time/                   |            |
|    fps                  | 2757       |
|    iterations           | 103        |
|    time_elapsed         | 306        |
|    total_timesteps      | 5849088    |
| train/                  |            |
|    approx_kl            | 0.01333796 |
|    clip_fraction        | 0.42       |
|    clip_range           | 0.1        |
|    entropy_loss         | -4.81      |
|    explained_variance   | 0.484      |
|    learning_rate        | 0.0003     |
|    loss                 | 0.0931     |
|    n_updates            | 881        |
|    policy_gradient_loss | 0.0108     |
|    std                  | 0.443      |
|    value_loss           | 0.0571     |
----------------------------------------
Early stopping at step 0 due to reaching max kl: 0.03
-----------------------------------------
| rollout/                |             |
|    ep_len_mean          | 778         |
|    ep_rew_mean          | 2.01e+03    |
| time/                   |             |
|    fps                  | 2758        |
|    iterations           | 104         |
|    time_elapsed         | 308         |
|    total_timesteps      | 5857280     |
| train/                  |             |
|    approx_kl            | 0.013255084 |
|    clip_fraction        | 0.403       |
|    clip_range           | 0.1         |
|    entropy_loss         | -4.81       |
|    explained_variance   | 0.543       |
|    learning_rate        | 0.0003      |
|    loss                 | 0.06        |
|    n_updates            | 882         |
|    policy_gradient_loss | 0.0121      |
|    std                  | 0.443       |
|    value_loss           | 0.0703      |
-----------------------------------------
Early stopping at step 0 due to reaching max kl: 0.03
-----------------------------------------
| rollout/                |             |
|    ep_len_mean          | 789         |
|    ep_rew_mean          | 2.05e+03    |
| time/                   |             |
|    fps                  | 2759        |
|    iterations           | 105         |
|    time_elapsed         | 311         |
|    total_timesteps      | 5865472     |
| train/                  |             |
|    approx_kl            | 0.011446415 |
|    clip_fraction        | 0.422       |
|    clip_range           | 0.1         |
|    entropy_loss         | -4.81       |
|    explained_variance   | 0.468       |
|    learning_rate        | 0.0003      |
|    loss                 | 0.115       |
|    n_updates            | 883         |
|    policy_gradient_loss | 0.0151      |
|    std                  | 0.442       |
|    value_loss           | 0.0707      |
-----------------------------------------
Early stopping at step 0 due to reaching max kl: 0.03
----------------------------------------
| rollout/                |            |
|    ep_len_mean          | 763        |
|    ep_rew_mean          | 1.99e+03   |
| time/                   |            |
|    fps                  | 2760       |
|    iterations           | 106        |
|    time_elapsed         | 314        |
|    total_timesteps      | 5873664    |
| train/                  |            |
|    approx_kl            | 0.01293454 |
|    clip_fraction        | 0.414      |
|    clip_range           | 0.1        |
|    entropy_loss         | -4.8       |
|    explained_variance   | 0.551      |
|    learning_rate        | 0.0003     |
|    loss                 | 0.0777     |
|    n_updates            | 884        |
|    policy_gradient_loss | 0.0125     |
|    std                  | 0.442      |
|    value_loss           | 0.0707     |
----------------------------------------
Early stopping at step 0 due to reaching max kl: 0.03
-----------------------------------------
| rollout/                |             |
|    ep_len_mean          | 729         |
|    ep_rew_mean          | 1.92e+03    |
| time/                   |             |
|    fps                  | 2761        |
|    iterations           | 107         |
|    time_elapsed         | 317         |
|    total_timesteps      | 5881856     |
| train/                  |             |
|    approx_kl            | 0.013328615 |
|    clip_fraction        | 0.415       |
|    clip_range           | 0.1         |
|    entropy_loss         | -4.8        |
|    explained_variance   | 0.37        |
|    learning_rate        | 0.0003      |
|    loss                 | 0.143       |
|    n_updates            | 885         |
|    policy_gradient_loss | 0.0182      |
|    std                  | 0.442       |
|    value_loss           | 0.135       |
-----------------------------------------
Early stopping at step 0 due to reaching max kl: 0.03
-----------------------------------------
| rollout/                |             |
|    ep_len_mean          | 718         |
|    ep_rew_mean          | 1.9e+03     |
| time/                   |             |
|    fps                  | 2762        |
|    iterations           | 108         |
|    time_elapsed         | 320         |
|    total_timesteps      | 5890048     |
| train/                  |             |
|    approx_kl            | 0.014547104 |
|    clip_fraction        | 0.401       |
|    clip_range           | 0.1         |
|    entropy_loss         | -4.8        |
|    explained_variance   | 0.487       |
|    learning_rate        | 0.0003      |
|    loss                 | 0.109       |
|    n_updates            | 886         |
|    policy_gradient_loss | 0.0147      |
|    std                  | 0.442       |
|    value_loss           | 0.119       |
-----------------------------------------
Early stopping at step 0 due to reaching max kl: 0.03
-----------------------------------------
| rollout/                |             |
|    ep_len_mean          | 722         |
|    ep_rew_mean          | 1.91e+03    |
| time/                   |             |
|    fps                  | 2763        |
|    iterations           | 109         |
|    time_elapsed         | 323         |
|    total_timesteps      | 5898240     |
| train/                  |             |
|    approx_kl            | 0.011647431 |
|    clip_fraction        | 0.381       |
|    clip_range           | 0.1         |
|    entropy_loss         | -4.8        |
|    explained_variance   | 0.506       |
|    learning_rate        | 0.0003      |
|    loss                 | 0.147       |
|    n_updates            | 887         |
|    policy_gradient_loss | 0.0159      |
|    std                  | 0.442       |
|    value_loss           | 0.121       |
-----------------------------------------
Early stopping at step 0 due to reaching max kl: 0.04
-----------------------------------------
| rollout/                |             |
|    ep_len_mean          | 733         |
|    ep_rew_mean          | 1.94e+03    |
| time/                   |             |
|    fps                  | 2763        |
|    iterations           | 110         |
|    time_elapsed         | 326         |
|    total_timesteps      | 5906432     |
| train/                  |             |
|    approx_kl            | 0.015227951 |
|    clip_fraction        | 0.399       |
|    clip_range           | 0.1         |
|    entropy_loss         | -4.8        |
|    explained_variance   | 0.607       |
|    learning_rate        | 0.0003      |
|    loss                 | 0.0611      |
|    n_updates            | 888         |
|    policy_gradient_loss | 0.0111      |
|    std                  | 0.442       |
|    value_loss           | 0.0645      |
-----------------------------------------
Early stopping at step 0 due to reaching max kl: 0.04
-----------------------------------------
| rollout/                |             |
|    ep_len_mean          | 732         |
|    ep_rew_mean          | 1.93e+03    |
| time/                   |             |
|    fps                  | 2764        |
|    iterations           | 111         |
|    time_elapsed         | 328         |
|    total_timesteps      | 5914624     |
| train/                  |             |
|    approx_kl            | 0.013107105 |
|    clip_fraction        | 0.408       |
|    clip_range           | 0.1         |
|    entropy_loss         | -4.8        |
|    explained_variance   | 0.654       |
|    learning_rate        | 0.0003      |
|    loss                 | 0.0421      |
|    n_updates            | 889         |
|    policy_gradient_loss | 0.00972     |
|    std                  | 0.442       |
|    value_loss           | 0.0534      |
-----------------------------------------
Early stopping at step 0 due to reaching max kl: 0.03
-----------------------------------------
| rollout/                |             |
|    ep_len_mean          | 738         |
|    ep_rew_mean          | 1.94e+03    |
| time/                   |             |
|    fps                  | 2764        |
|    iterations           | 112         |
|    time_elapsed         | 331         |
|    total_timesteps      | 5922816     |
| train/                  |             |
|    approx_kl            | 0.011823085 |
|    clip_fraction        | 0.373       |
|    clip_range           | 0.1         |
|    entropy_loss         | -4.8        |
|    explained_variance   | 0.558       |
|    learning_rate        | 0.0003      |
|    loss                 | 0.0457      |
|    n_updates            | 890         |
|    policy_gradient_loss | 0.00755     |
|    std                  | 0.442       |
|    value_loss           | 0.066       |
-----------------------------------------
Early stopping at step 0 due to reaching max kl: 0.04
-----------------------------------------
| rollout/                |             |
|    ep_len_mean          | 748         |
|    ep_rew_mean          | 1.97e+03    |
| time/                   |             |
|    fps                  | 2765        |
|    iterations           | 113         |
|    time_elapsed         | 334         |
|    total_timesteps      | 5931008     |
| train/                  |             |
|    approx_kl            | 0.013126365 |
|    clip_fraction        | 0.403       |
|    clip_range           | 0.1         |
|    entropy_loss         | -4.8        |
|    explained_variance   | 0.574       |
|    learning_rate        | 0.0003      |
|    loss                 | 0.00254     |
|    n_updates            | 891         |
|    policy_gradient_loss | 0.0174      |
|    std                  | 0.442       |
|    value_loss           | 0.075       |
-----------------------------------------
Early stopping at step 0 due to reaching max kl: 0.04
-----------------------------------------
| rollout/                |             |
|    ep_len_mean          | 724         |
|    ep_rew_mean          | 1.9e+03     |
| time/                   |             |
|    fps                  | 2765        |
|    iterations           | 114         |
|    time_elapsed         | 337         |
|    total_timesteps      | 5939200     |
| train/                  |             |
|    approx_kl            | 0.012093556 |
|    clip_fraction        | 0.351       |
|    clip_range           | 0.1         |
|    entropy_loss         | -4.8        |
|    explained_variance   | 0.658       |
|    learning_rate        | 0.0003      |
|    loss                 | 0.0668      |
|    n_updates            | 892         |
|    policy_gradient_loss | 0.0111      |
|    std                  | 0.442       |
|    value_loss           | 0.0397      |
-----------------------------------------
Early stopping at step 0 due to reaching max kl: 0.04
-----------------------------------------
| rollout/                |             |
|    ep_len_mean          | 752         |
|    ep_rew_mean          | 1.97e+03    |
| time/                   |             |
|    fps                  | 2766        |
|    iterations           | 115         |
|    time_elapsed         | 340         |
|    total_timesteps      | 5947392     |
| train/                  |             |
|    approx_kl            | 0.012712533 |
|    clip_fraction        | 0.406       |
|    clip_range           | 0.1         |
|    entropy_loss         | -4.8        |
|    explained_variance   | 0.433       |
|    learning_rate        | 0.0003      |
|    loss                 | 0.0529      |
|    n_updates            | 893         |
|    policy_gradient_loss | 0.0163      |
|    std                  | 0.442       |
|    value_loss           | 0.119       |
-----------------------------------------
Early stopping at step 0 due to reaching max kl: 0.03
-----------------------------------------
| rollout/                |             |
|    ep_len_mean          | 751         |
|    ep_rew_mean          | 1.97e+03    |
| time/                   |             |
|    fps                  | 2766        |
|    iterations           | 116         |
|    time_elapsed         | 343         |
|    total_timesteps      | 5955584     |
| train/                  |             |
|    approx_kl            | 0.013549309 |
|    clip_fraction        | 0.41        |
|    clip_range           | 0.1         |
|    entropy_loss         | -4.8        |
|    explained_variance   | 0.53        |
|    learning_rate        | 0.0003      |
|    loss                 | 0.0613      |
|    n_updates            | 894         |
|    policy_gradient_loss | 0.0132      |
|    std                  | 0.442       |
|    value_loss           | 0.107       |
-----------------------------------------
Early stopping at step 0 due to reaching max kl: 0.04
----------------------------------------
| rollout/                |            |
|    ep_len_mean          | 754        |
|    ep_rew_mean          | 1.97e+03   |
| time/                   |            |
|    fps                  | 2766       |
|    iterations           | 117        |
|    time_elapsed         | 346        |
|    total_timesteps      | 5963776    |
| train/                  |            |
|    approx_kl            | 0.01180695 |
|    clip_fraction        | 0.329      |
|    clip_range           | 0.1        |
|    entropy_loss         | -4.8       |
|    explained_variance   | 0.432      |
|    learning_rate        | 0.0003     |
|    loss                 | 0.0606     |
|    n_updates            | 895        |
|    policy_gradient_loss | 0.00114    |
|    std                  | 0.442      |
|    value_loss           | 0.104      |
----------------------------------------
Early stopping at step 0 due to reaching max kl: 0.03
-----------------------------------------
| rollout/                |             |
|    ep_len_mean          | 749         |
|    ep_rew_mean          | 1.96e+03    |
| time/                   |             |
|    fps                  | 2767        |
|    iterations           | 118         |
|    time_elapsed         | 349         |
|    total_timesteps      | 5971968     |
| train/                  |             |
|    approx_kl            | 0.013707347 |
|    clip_fraction        | 0.399       |
|    clip_range           | 0.1         |
|    entropy_loss         | -4.8        |
|    explained_variance   | 0.534       |
|    learning_rate        | 0.0003      |
|    loss                 | 0.0531      |
|    n_updates            | 896         |
|    policy_gradient_loss | 0.0158      |
|    std                  | 0.442       |
|    value_loss           | 0.0481      |
-----------------------------------------
Early stopping at step 0 due to reaching max kl: 0.03
------------------------------------------
| rollout/                |              |
|    ep_len_mean          | 753          |
|    ep_rew_mean          | 1.98e+03     |
| time/                   |              |
|    fps                  | 2767         |
|    iterations           | 119          |
|    time_elapsed         | 352          |
|    total_timesteps      | 5980160      |
| train/                  |              |
|    approx_kl            | 0.0137327155 |
|    clip_fraction        | 0.425        |
|    clip_range           | 0.1          |
|    entropy_loss         | -4.8         |
|    explained_variance   | 0.491        |
|    learning_rate        | 0.0003       |
|    loss                 | 0.0643       |
|    n_updates            | 897          |
|    policy_gradient_loss | 0.0183       |
|    std                  | 0.442        |
|    value_loss           | 0.0545       |
------------------------------------------
Early stopping at step 0 due to reaching max kl: 0.03
------------------------------------------
| rollout/                |              |
|    ep_len_mean          | 753          |
|    ep_rew_mean          | 1.97e+03     |
| time/                   |              |
|    fps                  | 2768         |
|    iterations           | 120          |
|    time_elapsed         | 355          |
|    total_timesteps      | 5988352      |
| train/                  |              |
|    approx_kl            | 0.0124569945 |
|    clip_fraction        | 0.355        |
|    clip_range           | 0.1          |
|    entropy_loss         | -4.79        |
|    explained_variance   | 0.508        |
|    learning_rate        | 0.0003       |
|    loss                 | 0.0292       |
|    n_updates            | 898          |
|    policy_gradient_loss | 0.0146       |
|    std                  | 0.442        |
|    value_loss           | 0.0777       |
------------------------------------------
Early stopping at step 0 due to reaching max kl: 0.04
----------------------------------------
| rollout/                |            |
|    ep_len_mean          | 757        |
|    ep_rew_mean          | 2.01e+03   |
| time/                   |            |
|    fps                  | 2768       |
|    iterations           | 121        |
|    time_elapsed         | 358        |
|    total_timesteps      | 5996544    |
| train/                  |            |
|    approx_kl            | 0.01092308 |
|    clip_fraction        | 0.352      |
|    clip_range           | 0.1        |
|    entropy_loss         | -4.79      |
|    explained_variance   | 0.562      |
|    learning_rate        | 0.0003     |
|    loss                 | 0.0301     |
|    n_updates            | 899        |
|    policy_gradient_loss | 0.0115     |
|    std                  | 0.442      |
|    value_loss           | 0.0642     |
----------------------------------------
Early stopping at step 0 due to reaching max kl: 0.03
-----------------------------------------
| rollout/                |             |
|    ep_len_mean          | 728         |
|    ep_rew_mean          | 1.93e+03    |
| time/                   |             |
|    fps                  | 2768        |
|    iterations           | 122         |
|    time_elapsed         | 360         |
|    total_timesteps      | 6004736     |
| train/                  |             |
|    approx_kl            | 0.014455558 |
|    clip_fraction        | 0.459       |
|    clip_range           | 0.1         |
|    entropy_loss         | -4.79       |
|    explained_variance   | 0.481       |
|    learning_rate        | 0.0003      |
|    loss                 | 0.0512      |
|    n_updates            | 900         |
|    policy_gradient_loss | 0.021       |
|    std                  | 0.442       |
|    value_loss           | 0.0594      |
-----------------------------------------
Early stopping at step 0 due to reaching max kl: 0.03
-----------------------------------------
| rollout/                |             |
|    ep_len_mean          | 735         |
|    ep_rew_mean          | 1.94e+03    |
| time/                   |             |
|    fps                  | 2769        |
|    iterations           | 123         |
|    time_elapsed         | 363         |
|    total_timesteps      | 6012928     |
| train/                  |             |
|    approx_kl            | 0.008959066 |
|    clip_fraction        | 0.312       |
|    clip_range           | 0.1         |
|    entropy_loss         | -4.79       |
|    explained_variance   | 0.549       |
|    learning_rate        | 0.0003      |
|    loss                 | 0.135       |
|    n_updates            | 901         |
|    policy_gradient_loss | 0.00983     |
|    std                  | 0.442       |
|    value_loss           | 0.104       |
-----------------------------------------
Early stopping at step 0 due to reaching max kl: 0.03
-----------------------------------------
| train/                  |             |
|    approx_kl            | 0.010835279 |
|    clip_fraction        | 0.346       |
|    clip_range           | 0.1         |
|    entropy_loss         | -4.79       |
|    explained_variance   | 0.621       |
|    learning_rate        | 0.0003      |
|    loss                 | 0.131       |
|    n_updates            | 902         |
|    policy_gradient_loss | 0.0109      |
|    std                  | 0.442       |
|    value_loss           | 0.0611      |
-----------------------------------------
Evaluated robust policy seed=6 damage_leg=healthy alpha=1.000 episodes=10
mean_return=3189.231 mean_distance=61.568 mean_horizontal_distance=61.692 mean_speed=1.322 mean_horizontal_speed=1.327 mean_length=910.1 early_termination_rate=0.100
Model parameters unchanged: yes
CSV: /home/tommicalzolari/damage-robust-ant-rl/artifacts/sensitivity/robust_seed_6_1m/lr_3em04_clip_0.1/evaluation/episode_results.csv
Evaluated robust policy seed=6 damage_leg=front_left alpha=0.500 episodes=10
mean_return=3326.964 mean_distance=49.231 mean_horizontal_distance=51.089 mean_speed=0.985 mean_horizontal_speed=1.022 mean_length=1000.0 early_termination_rate=0.000
Model parameters unchanged: yes
CSV: /home/tommicalzolari/damage-robust-ant-rl/artifacts/sensitivity/robust_seed_6_1m/lr_3em04_clip_0.1/evaluation/episode_results.csv
Evaluated robust policy seed=6 damage_leg=front_right alpha=0.500 episodes=10
mean_return=3613.779 mean_distance=68.282 mean_horizontal_distance=68.361 mean_speed=1.399 mean_horizontal_speed=1.401 mean_length=973.5 early_termination_rate=0.100
Model parameters unchanged: yes
CSV: /home/tommicalzolari/damage-robust-ant-rl/artifacts/sensitivity/robust_seed_6_1m/lr_3em04_clip_0.1/evaluation/episode_results.csv
Evaluated robust policy seed=6 damage_leg=back_left alpha=0.500 episodes=10
mean_return=3352.049 mean_distance=50.595 mean_horizontal_distance=54.527 mean_speed=1.012 mean_horizontal_speed=1.091 mean_length=1000.0 early_termination_rate=0.000
Model parameters unchanged: yes
CSV: /home/tommicalzolari/damage-robust-ant-rl/artifacts/sensitivity/robust_seed_6_1m/lr_3em04_clip_0.1/evaluation/episode_results.csv
Evaluated robust policy seed=6 damage_leg=back_right alpha=0.500 episodes=10
mean_return=3621.744 mean_distance=68.738 mean_horizontal_distance=68.806 mean_speed=1.375 mean_horizontal_speed=1.376 mean_length=1000.0 early_termination_rate=0.000
Model parameters unchanged: yes
CSV: /home/tommicalzolari/damage-robust-ant-rl/artifacts/sensitivity/robust_seed_6_1m/lr_3em04_clip_0.1/evaluation/episode_results.csv
[Sensitivity 1/4] lr_3em04_clip_0.1: moderate distance=59.212 m, early=0.025
Completed lr_3em04_clip_0.1. Run the remaining variants with --configuration, then use --finalize.
