[Sensitivity 1/4] lr_1em04_clip_0.1: loading robust seed-6 model and training 1,000,000 additional steps
Logging to /home/tommicalzolari/damage-robust-ant-rl/artifacts/sensitivity/robust_seed_6_1m/lr_1em04_clip_0.1/tensorboard/PPO_0
---------------------------------
| rollout/           |          |
|    ep_len_mean     | 695      |
|    ep_rew_mean     | 1.79e+03 |
| time/              |          |
|    fps             | 2500     |
|    iterations      | 1        |
|    time_elapsed    | 3        |
|    total_timesteps | 5013504  |
---------------------------------
-----------------------------------------
| rollout/                |             |
|    ep_len_mean          | 711         |
|    ep_rew_mean          | 1.84e+03    |
| time/                   |             |
|    fps                  | 1683        |
|    iterations           | 2           |
|    time_elapsed         | 9           |
|    total_timesteps      | 5021696     |
| train/                  |             |
|    approx_kl            | 0.009812292 |
|    clip_fraction        | 0.402       |
|    clip_range           | 0.1         |
|    entropy_loss         | -4.98       |
|    explained_variance   | 0.573       |
|    learning_rate        | 0.0001      |
|    loss                 | -0.00732    |
|    n_updates            | 789         |
|    policy_gradient_loss | -0.00869    |
|    std                  | 0.452       |
|    value_loss           | 0.0593      |
-----------------------------------------
-----------------------------------------
| rollout/                |             |
|    ep_len_mean          | 719         |
|    ep_rew_mean          | 1.87e+03    |
| time/                   |             |
|    fps                  | 1509        |
|    iterations           | 3           |
|    time_elapsed         | 16          |
|    total_timesteps      | 5029888     |
| train/                  |             |
|    approx_kl            | 0.011714121 |
|    clip_fraction        | 0.411       |
|    clip_range           | 0.1         |
|    entropy_loss         | -4.95       |
|    explained_variance   | 0.758       |
|    learning_rate        | 0.0001      |
|    loss                 | -0.0195     |
|    n_updates            | 799         |
|    policy_gradient_loss | -0.0112     |
|    std                  | 0.45        |
|    value_loss           | 0.0254      |
-----------------------------------------
-----------------------------------------
| rollout/                |             |
|    ep_len_mean          | 727         |
|    ep_rew_mean          | 1.89e+03    |
| time/                   |             |
|    fps                  | 1431        |
|    iterations           | 4           |
|    time_elapsed         | 22          |
|    total_timesteps      | 5038080     |
| train/                  |             |
|    approx_kl            | 0.010686627 |
|    clip_fraction        | 0.416       |
|    clip_range           | 0.1         |
|    entropy_loss         | -4.9        |
|    explained_variance   | 0.633       |
|    learning_rate        | 0.0001      |
|    loss                 | 0.0342      |
|    n_updates            | 809         |
|    policy_gradient_loss | -0.00837    |
|    std                  | 0.447       |
|    value_loss           | 0.0418      |
-----------------------------------------
------------------------------------------
| rollout/                |              |
|    ep_len_mean          | 718          |
|    ep_rew_mean          | 1.88e+03     |
| time/                   |              |
|    fps                  | 1385         |
|    iterations           | 5            |
|    time_elapsed         | 29           |
|    total_timesteps      | 5046272      |
| train/                  |              |
|    approx_kl            | 0.0118734175 |
|    clip_fraction        | 0.439        |
|    clip_range           | 0.1          |
|    entropy_loss         | -4.86        |
|    explained_variance   | 0.644        |
|    learning_rate        | 0.0001       |
|    loss                 | 0.0139       |
|    n_updates            | 819          |
|    policy_gradient_loss | -0.00918     |
|    std                  | 0.444        |
|    value_loss           | 0.0533       |
------------------------------------------
----------------------------------------
| rollout/                |            |
|    ep_len_mean          | 731        |
|    ep_rew_mean          | 1.91e+03   |
| time/                   |            |
|    fps                  | 1355       |
|    iterations           | 6          |
|    time_elapsed         | 36         |
|    total_timesteps      | 5054464    |
| train/                  |            |
|    approx_kl            | 0.01101457 |
|    clip_fraction        | 0.42       |
|    clip_range           | 0.1        |
|    entropy_loss         | -4.8       |
|    explained_variance   | 0.606      |
|    learning_rate        | 0.0001     |
|    loss                 | 0.0102     |
|    n_updates            | 829        |
|    policy_gradient_loss | -0.00862   |
|    std                  | 0.441      |
|    value_loss           | 0.0726     |
----------------------------------------
-----------------------------------------
| rollout/                |             |
|    ep_len_mean          | 725         |
|    ep_rew_mean          | 1.88e+03    |
| time/                   |             |
|    fps                  | 1340        |
|    iterations           | 7           |
|    time_elapsed         | 42          |
|    total_timesteps      | 5062656     |
| train/                  |             |
|    approx_kl            | 0.012339613 |
|    clip_fraction        | 0.421       |
|    clip_range           | 0.1         |
|    entropy_loss         | -4.77       |
|    explained_variance   | 0.605       |
|    learning_rate        | 0.0001      |
|    loss                 | -0.028      |
|    n_updates            | 839         |
|    policy_gradient_loss | -0.00836    |
|    std                  | 0.44        |
|    value_loss           | 0.0753      |
-----------------------------------------
-----------------------------------------
| rollout/                |             |
|    ep_len_mean          | 718         |
|    ep_rew_mean          | 1.88e+03    |
| time/                   |             |
|    fps                  | 1333        |
|    iterations           | 8           |
|    time_elapsed         | 49          |
|    total_timesteps      | 5070848     |
| train/                  |             |
|    approx_kl            | 0.012258225 |
|    clip_fraction        | 0.447       |
|    clip_range           | 0.1         |
|    entropy_loss         | -4.74       |
|    explained_variance   | 0.491       |
|    learning_rate        | 0.0001      |
|    loss                 | 0.0144      |
|    n_updates            | 849         |
|    policy_gradient_loss | -0.00842    |
|    std                  | 0.439       |
|    value_loss           | 0.134       |
-----------------------------------------
-----------------------------------------
| rollout/                |             |
|    ep_len_mean          | 704         |
|    ep_rew_mean          | 1.86e+03    |
| time/                   |             |
|    fps                  | 1322        |
|    iterations           | 9           |
|    time_elapsed         | 55          |
|    total_timesteps      | 5079040     |
| train/                  |             |
|    approx_kl            | 0.011093974 |
|    clip_fraction        | 0.438       |
|    clip_range           | 0.1         |
|    entropy_loss         | -4.72       |
|    explained_variance   | 0.287       |
|    learning_rate        | 0.0001      |
|    loss                 | 0.0941      |
|    n_updates            | 859         |
|    policy_gradient_loss | -0.0079     |
|    std                  | 0.437       |
|    value_loss           | 0.143       |
-----------------------------------------
-----------------------------------------
| rollout/                |             |
|    ep_len_mean          | 698         |
|    ep_rew_mean          | 1.87e+03    |
| time/                   |             |
|    fps                  | 1314        |
|    iterations           | 10          |
|    time_elapsed         | 62          |
|    total_timesteps      | 5087232     |
| train/                  |             |
|    approx_kl            | 0.012524153 |
|    clip_fraction        | 0.451       |
|    clip_range           | 0.1         |
|    entropy_loss         | -4.7        |
|    explained_variance   | 0.443       |
|    learning_rate        | 0.0001      |
|    loss                 | 0.102       |
|    n_updates            | 869         |
|    policy_gradient_loss | -0.00915    |
|    std                  | 0.436       |
|    value_loss           | 0.151       |
-----------------------------------------
----------------------------------------
| rollout/                |            |
|    ep_len_mean          | 678        |
|    ep_rew_mean          | 1.83e+03   |
| time/                   |            |
|    fps                  | 1311       |
|    iterations           | 11         |
|    time_elapsed         | 68         |
|    total_timesteps      | 5095424    |
| train/                  |            |
|    approx_kl            | 0.01217152 |
|    clip_fraction        | 0.433      |
|    clip_range           | 0.1        |
|    entropy_loss         | -4.68      |
|    explained_variance   | 0.548      |
|    learning_rate        | 0.0001     |
|    loss                 | 0.00525    |
|    n_updates            | 879        |
|    policy_gradient_loss | -0.00839   |
|    std                  | 0.435      |
|    value_loss           | 0.0723     |
----------------------------------------
Early stopping at step 2 due to reaching max kl: 0.04
-----------------------------------------
| rollout/                |             |
|    ep_len_mean          | 665         |
|    ep_rew_mean          | 1.79e+03    |
| time/                   |             |
|    fps                  | 1356        |
|    iterations           | 12          |
|    time_elapsed         | 72          |
|    total_timesteps      | 5103616     |
| train/                  |             |
|    approx_kl            | 0.013845707 |
|    clip_fraction        | 0.403       |
|    clip_range           | 0.1         |
|    entropy_loss         | -4.67       |
|    explained_variance   | 0.647       |
|    learning_rate        | 0.0001      |
|    loss                 | -0.00347    |
|    n_updates            | 882         |
|    policy_gradient_loss | 0.00362     |
|    std                  | 0.435       |
|    value_loss           | 0.0904      |
-----------------------------------------
Early stopping at step 5 due to reaching max kl: 0.05
-----------------------------------------
| rollout/                |             |
|    ep_len_mean          | 656         |
|    ep_rew_mean          | 1.76e+03    |
| time/                   |             |
|    fps                  | 1379        |
|    iterations           | 13          |
|    time_elapsed         | 77          |
|    total_timesteps      | 5111808     |
| train/                  |             |
|    approx_kl            | 0.011842052 |
|    clip_fraction        | 0.429       |
|    clip_range           | 0.1         |
|    entropy_loss         | -4.65       |
|    explained_variance   | 0.616       |
|    learning_rate        | 0.0001      |
|    loss                 | 0.0136      |
|    n_updates            | 888         |
|    policy_gradient_loss | -0.00329    |
|    std                  | 0.434       |
|    value_loss           | 0.0974      |
-----------------------------------------
-----------------------------------------
| rollout/                |             |
|    ep_len_mean          | 651         |
|    ep_rew_mean          | 1.76e+03    |
| time/                   |             |
|    fps                  | 1375        |
|    iterations           | 14          |
|    time_elapsed         | 83          |
|    total_timesteps      | 5120000     |
| train/                  |             |
|    approx_kl            | 0.012524257 |
|    clip_fraction        | 0.436       |
|    clip_range           | 0.1         |
|    entropy_loss         | -4.63       |
|    explained_variance   | 0.631       |
|    learning_rate        | 0.0001      |
|    loss                 | 0.0327      |
|    n_updates            | 898         |
|    policy_gradient_loss | -0.0081     |
|    std                  | 0.433       |
|    value_loss           | 0.0857      |
-----------------------------------------
-----------------------------------------
| rollout/                |             |
|    ep_len_mean          | 661         |
|    ep_rew_mean          | 1.81e+03    |
| time/                   |             |
|    fps                  | 1372        |
|    iterations           | 15          |
|    time_elapsed         | 89          |
|    total_timesteps      | 5128192     |
| train/                  |             |
|    approx_kl            | 0.010575039 |
|    clip_fraction        | 0.417       |
|    clip_range           | 0.1         |
|    entropy_loss         | -4.61       |
|    explained_variance   | 0.42        |
|    learning_rate        | 0.0001      |
|    loss                 | 0.0158      |
|    n_updates            | 908         |
|    policy_gradient_loss | -0.00689    |
|    std                  | 0.431       |
|    value_loss           | 0.0911      |
-----------------------------------------
-----------------------------------------
| rollout/                |             |
|    ep_len_mean          | 704         |
|    ep_rew_mean          | 1.93e+03    |
| time/                   |             |
|    fps                  | 1369        |
|    iterations           | 16          |
|    time_elapsed         | 95          |
|    total_timesteps      | 5136384     |
| train/                  |             |
|    approx_kl            | 0.012260873 |
|    clip_fraction        | 0.452       |
|    clip_range           | 0.1         |
|    entropy_loss         | -4.6        |
|    explained_variance   | 0.469       |
|    learning_rate        | 0.0001      |
|    loss                 | 0.0458      |
|    n_updates            | 918         |
|    policy_gradient_loss | -0.00733    |
|    std                  | 0.431       |
|    value_loss           | 0.114       |
-----------------------------------------
-----------------------------------------
| rollout/                |             |
|    ep_len_mean          | 711         |
|    ep_rew_mean          | 1.93e+03    |
| time/                   |             |
|    fps                  | 1366        |
|    iterations           | 17          |
|    time_elapsed         | 101         |
|    total_timesteps      | 5144576     |
| train/                  |             |
|    approx_kl            | 0.012189172 |
|    clip_fraction        | 0.418       |
|    clip_range           | 0.1         |
|    entropy_loss         | -4.57       |
|    explained_variance   | 0.792       |
|    learning_rate        | 0.0001      |
|    loss                 | 0.00282     |
|    n_updates            | 928         |
|    policy_gradient_loss | -0.0112     |
|    std                  | 0.429       |
|    value_loss           | 0.0188      |
-----------------------------------------
Early stopping at step 1 due to reaching max kl: 0.03
-----------------------------------------
| rollout/                |             |
|    ep_len_mean          | 732         |
|    ep_rew_mean          | 1.99e+03    |
| time/                   |             |
|    fps                  | 1398        |
|    iterations           | 18          |
|    time_elapsed         | 105         |
|    total_timesteps      | 5152768     |
| train/                  |             |
|    approx_kl            | 0.011557919 |
|    clip_fraction        | 0.375       |
|    clip_range           | 0.1         |
|    entropy_loss         | -4.56       |
|    explained_variance   | 0.724       |
|    learning_rate        | 0.0001      |
|    loss                 | 0.0381      |
|    n_updates            | 930         |
|    policy_gradient_loss | 0.00678     |
|    std                  | 0.429       |
|    value_loss           | 0.0654      |
-----------------------------------------
-----------------------------------------
| rollout/                |             |
|    ep_len_mean          | 706         |
|    ep_rew_mean          | 1.92e+03    |
| time/                   |             |
|    fps                  | 1390        |
|    iterations           | 19          |
|    time_elapsed         | 111         |
|    total_timesteps      | 5160960     |
| train/                  |             |
|    approx_kl            | 0.011969582 |
|    clip_fraction        | 0.439       |
|    clip_range           | 0.1         |
|    entropy_loss         | -4.56       |
|    explained_variance   | 0.741       |
|    learning_rate        | 0.0001      |
|    loss                 | -0.0127     |
|    n_updates            | 940         |
|    policy_gradient_loss | -0.011      |
|    std                  | 0.429       |
|    value_loss           | 0.0583      |
-----------------------------------------
-----------------------------------------
| rollout/                |             |
|    ep_len_mean          | 685         |
|    ep_rew_mean          | 1.88e+03    |
| time/                   |             |
|    fps                  | 1386        |
|    iterations           | 20          |
|    time_elapsed         | 118         |
|    total_timesteps      | 5169152     |
| train/                  |             |
|    approx_kl            | 0.013114672 |
|    clip_fraction        | 0.451       |
|    clip_range           | 0.1         |
|    entropy_loss         | -4.53       |
|    explained_variance   | 0.494       |
|    learning_rate        | 0.0001      |
|    loss                 | 0.0234      |
|    n_updates            | 950         |
|    policy_gradient_loss | -0.00767    |
|    std                  | 0.427       |
|    value_loss           | 0.14        |
-----------------------------------------
Early stopping at step 6 due to reaching max kl: 0.03
-----------------------------------------
| rollout/                |             |
|    ep_len_mean          | 686         |
|    ep_rew_mean          | 1.9e+03     |
| time/                   |             |
|    fps                  | 1391        |
|    iterations           | 21          |
|    time_elapsed         | 123         |
|    total_timesteps      | 5177344     |
| train/                  |             |
|    approx_kl            | 0.012373425 |
|    clip_fraction        | 0.435       |
|    clip_range           | 0.1         |
|    entropy_loss         | -4.51       |
|    explained_variance   | 0.518       |
|    learning_rate        | 0.0001      |
|    loss                 | 0.0288      |
|    n_updates            | 957         |
|    policy_gradient_loss | -0.00465    |
|    std                  | 0.426       |
|    value_loss           | 0.145       |
-----------------------------------------
-----------------------------------------
| rollout/                |             |
|    ep_len_mean          | 689         |
|    ep_rew_mean          | 1.92e+03    |
| time/                   |             |
|    fps                  | 1377        |
|    iterations           | 22          |
|    time_elapsed         | 130         |
|    total_timesteps      | 5185536     |
| train/                  |             |
|    approx_kl            | 0.012318851 |
|    clip_fraction        | 0.442       |
|    clip_range           | 0.1         |
|    entropy_loss         | -4.49       |
|    explained_variance   | 0.467       |
|    learning_rate        | 0.0001      |
|    loss                 | 0.0197      |
|    n_updates            | 967         |
|    policy_gradient_loss | -0.00803    |
|    std                  | 0.425       |
|    value_loss           | 0.131       |
-----------------------------------------
Early stopping at step 1 due to reaching max kl: 0.05
-----------------------------------------
| rollout/                |             |
|    ep_len_mean          | 714         |
|    ep_rew_mean          | 1.98e+03    |
| time/                   |             |
|    fps                  | 1390        |
|    iterations           | 23          |
|    time_elapsed         | 135         |
|    total_timesteps      | 5193728     |
| train/                  |             |
|    approx_kl            | 0.010683669 |
|    clip_fraction        | 0.39        |
|    clip_range           | 0.1         |
|    entropy_loss         | -4.48       |
|    explained_variance   | 0.554       |
|    learning_rate        | 0.0001      |
|    loss                 | 0.0527      |
|    n_updates            | 969         |
|    policy_gradient_loss | 0.00474     |
|    std                  | 0.425       |
|    value_loss           | 0.0951      |
-----------------------------------------
Early stopping at step 4 due to reaching max kl: 0.04
-----------------------------------------
| rollout/                |             |
|    ep_len_mean          | 724         |
|    ep_rew_mean          | 2e+03       |
| time/                   |             |
|    fps                  | 1395        |
|    iterations           | 24          |
|    time_elapsed         | 140         |
|    total_timesteps      | 5201920     |
| train/                  |             |
|    approx_kl            | 0.011954863 |
|    clip_fraction        | 0.416       |
|    clip_range           | 0.1         |
|    entropy_loss         | -4.46       |
|    explained_variance   | 0.72        |
|    learning_rate        | 0.0001      |
|    loss                 | 0.0462      |
|    n_updates            | 974         |
|    policy_gradient_loss | -0.00251    |
|    std                  | 0.423       |
|    value_loss           | 0.0527      |
-----------------------------------------
Early stopping at step 3 due to reaching max kl: 0.03
-----------------------------------------
| rollout/                |             |
|    ep_len_mean          | 686         |
|    ep_rew_mean          | 1.91e+03    |
| time/                   |             |
|    fps                  | 1409        |
|    iterations           | 25          |
|    time_elapsed         | 145         |
|    total_timesteps      | 5210112     |
| train/                  |             |
|    approx_kl            | 0.012576499 |
|    clip_fraction        | 0.414       |
|    clip_range           | 0.1         |
|    entropy_loss         | -4.44       |
|    explained_variance   | 0.517       |
|    learning_rate        | 0.0001      |
|    loss                 | 0.00198     |
|    n_updates            | 978         |
|    policy_gradient_loss | 0.00238     |
|    std                  | 0.423       |
|    value_loss           | 0.0884      |
-----------------------------------------
Early stopping at step 5 due to reaching max kl: 0.03
-----------------------------------------
| rollout/                |             |
|    ep_len_mean          | 673         |
|    ep_rew_mean          | 1.88e+03    |
| time/                   |             |
|    fps                  | 1413        |
|    iterations           | 26          |
|    time_elapsed         | 150         |
|    total_timesteps      | 5218304     |
| train/                  |             |
|    approx_kl            | 0.012317282 |
|    clip_fraction        | 0.446       |
|    clip_range           | 0.1         |
|    entropy_loss         | -4.44       |
|    explained_variance   | 0.482       |
|    learning_rate        | 0.0001      |
|    loss                 | 0.0421      |
|    n_updates            | 984         |
|    policy_gradient_loss | -0.0035     |
|    std                  | 0.423       |
|    value_loss           | 0.18        |
-----------------------------------------
Early stopping at step 8 due to reaching max kl: 0.03
----------------------------------------
| rollout/                |            |
|    ep_len_mean          | 671        |
|    ep_rew_mean          | 1.87e+03   |
| time/                   |            |
|    fps                  | 1409       |
|    iterations           | 27         |
|    time_elapsed         | 156        |
|    total_timesteps      | 5226496    |
| train/                  |            |
|    approx_kl            | 0.01365373 |
|    clip_fraction        | 0.451      |
|    clip_range           | 0.1        |
|    entropy_loss         | -4.42      |
|    explained_variance   | 0.584      |
|    learning_rate        | 0.0001     |
|    loss                 | 0.0242     |
|    n_updates            | 993        |
|    policy_gradient_loss | -0.00815   |
|    std                  | 0.421      |
|    value_loss           | 0.0946     |
----------------------------------------
-----------------------------------------
| rollout/                |             |
|    ep_len_mean          | 709         |
|    ep_rew_mean          | 1.98e+03    |
| time/                   |             |
|    fps                  | 1402        |
|    iterations           | 28          |
|    time_elapsed         | 163         |
|    total_timesteps      | 5234688     |
| train/                  |             |
|    approx_kl            | 0.011773543 |
|    clip_fraction        | 0.435       |
|    clip_range           | 0.1         |
|    entropy_loss         | -4.39       |
|    explained_variance   | 0.505       |
|    learning_rate        | 0.0001      |
|    loss                 | -0.00906    |
|    n_updates            | 1003        |
|    policy_gradient_loss | -0.00997    |
|    std                  | 0.419       |
|    value_loss           | 0.0512      |
-----------------------------------------
-----------------------------------------
| rollout/                |             |
|    ep_len_mean          | 720         |
|    ep_rew_mean          | 2.02e+03    |
| time/                   |             |
|    fps                  | 1394        |
|    iterations           | 29          |
|    time_elapsed         | 170         |
|    total_timesteps      | 5242880     |
| train/                  |             |
|    approx_kl            | 0.013342264 |
|    clip_fraction        | 0.448       |
|    clip_range           | 0.1         |
|    entropy_loss         | -4.35       |
|    explained_variance   | 0.665       |
|    learning_rate        | 0.0001      |
|    loss                 | -0.0205     |
|    n_updates            | 1013        |
|    policy_gradient_loss | -0.00955    |
|    std                  | 0.418       |
|    value_loss           | 0.0734      |
-----------------------------------------
------------------------------------------
| rollout/                |              |
|    ep_len_mean          | 756          |
|    ep_rew_mean          | 2.09e+03     |
| time/                   |              |
|    fps                  | 1386         |
|    iterations           | 30           |
|    time_elapsed         | 177          |
|    total_timesteps      | 5251072      |
| train/                  |              |
|    approx_kl            | 0.0125201605 |
|    clip_fraction        | 0.435        |
|    clip_range           | 0.1          |
|    entropy_loss         | -4.33        |
|    explained_variance   | 0.662        |
|    learning_rate        | 0.0001       |
|    loss                 | 0.0366       |
|    n_updates            | 1023         |
|    policy_gradient_loss | -0.00983     |
|    std                  | 0.417        |
|    value_loss           | 0.0538       |
------------------------------------------
Early stopping at step 1 due to reaching max kl: 0.04
-----------------------------------------
| rollout/                |             |
|    ep_len_mean          | 770         |
|    ep_rew_mean          | 2.12e+03    |
| time/                   |             |
|    fps                  | 1393        |
|    iterations           | 31          |
|    time_elapsed         | 182         |
|    total_timesteps      | 5259264     |
| train/                  |             |
|    approx_kl            | 0.011388501 |
|    clip_fraction        | 0.38        |
|    clip_range           | 0.1         |
|    entropy_loss         | -4.31       |
|    explained_variance   | 0.806       |
|    learning_rate        | 0.0001      |
|    loss                 | 0.0367      |
|    n_updates            | 1025        |
|    policy_gradient_loss | 0.0046      |
|    std                  | 0.416       |
|    value_loss           | 0.0388      |
-----------------------------------------
-----------------------------------------
| rollout/                |             |
|    ep_len_mean          | 782         |
|    ep_rew_mean          | 2.16e+03    |
| time/                   |             |
|    fps                  | 1357        |
|    iterations           | 32          |
|    time_elapsed         | 193         |
|    total_timesteps      | 5267456     |
| train/                  |             |
|    approx_kl            | 0.013023846 |
|    clip_fraction        | 0.436       |
|    clip_range           | 0.1         |
|    entropy_loss         | -4.28       |
|    explained_variance   | 0.908       |
|    learning_rate        | 0.0001      |
|    loss                 | -0.0199     |
|    n_updates            | 1035        |
|    policy_gradient_loss | -0.0136     |
|    std                  | 0.414       |
|    value_loss           | 0.0129      |
-----------------------------------------
-----------------------------------------
| rollout/                |             |
|    ep_len_mean          | 796         |
|    ep_rew_mean          | 2.22e+03    |
| time/                   |             |
|    fps                  | 1338        |
|    iterations           | 33          |
|    time_elapsed         | 202         |
|    total_timesteps      | 5275648     |
| train/                  |             |
|    approx_kl            | 0.013327878 |
|    clip_fraction        | 0.444       |
|    clip_range           | 0.1         |
|    entropy_loss         | -4.26       |
|    explained_variance   | 0.744       |
|    learning_rate        | 0.0001      |
|    loss                 | -0.0337     |
|    n_updates            | 1045        |
|    policy_gradient_loss | -0.00903    |
|    std                  | 0.413       |
|    value_loss           | 0.0487      |
-----------------------------------------
-----------------------------------------
| rollout/                |             |
|    ep_len_mean          | 801         |
|    ep_rew_mean          | 2.23e+03    |
| time/                   |             |
|    fps                  | 1331        |
|    iterations           | 34          |
|    time_elapsed         | 209         |
|    total_timesteps      | 5283840     |
| train/                  |             |
|    approx_kl            | 0.011719985 |
|    clip_fraction        | 0.419       |
|    clip_range           | 0.1         |
|    entropy_loss         | -4.21       |
|    explained_variance   | 0.752       |
|    learning_rate        | 0.0001      |
|    loss                 | -0.0198     |
|    n_updates            | 1055        |
|    policy_gradient_loss | -0.0114     |
|    std                  | 0.411       |
|    value_loss           | 0.0186      |
-----------------------------------------
Early stopping at step 4 due to reaching max kl: 0.03
-----------------------------------------
| rollout/                |             |
|    ep_len_mean          | 817         |
|    ep_rew_mean          | 2.28e+03    |
| time/                   |             |
|    fps                  | 1335        |
|    iterations           | 35          |
|    time_elapsed         | 214         |
|    total_timesteps      | 5292032     |
| train/                  |             |
|    approx_kl            | 0.016394844 |
|    clip_fraction        | 0.423       |
|    clip_range           | 0.1         |
|    entropy_loss         | -4.19       |
|    explained_variance   | 0.808       |
|    learning_rate        | 0.0001      |
|    loss                 | -0.0189     |
|    n_updates            | 1060        |
|    policy_gradient_loss | -0.00204    |
|    std                  | 0.41        |
|    value_loss           | 0.0606      |
-----------------------------------------
Early stopping at step 1 due to reaching max kl: 0.05
-----------------------------------------
| rollout/                |             |
|    ep_len_mean          | 835         |
|    ep_rew_mean          | 2.36e+03    |
| time/                   |             |
|    fps                  | 1349        |
|    iterations           | 36          |
|    time_elapsed         | 218         |
|    total_timesteps      | 5300224     |
| train/                  |             |
|    approx_kl            | 0.018091353 |
|    clip_fraction        | 0.355       |
|    clip_range           | 0.1         |
|    entropy_loss         | -4.18       |
|    explained_variance   | 0.711       |
|    learning_rate        | 0.0001      |
|    loss                 | 0.0606      |
|    n_updates            | 1062        |
|    policy_gradient_loss | 0.00882     |
|    std                  | 0.409       |
|    value_loss           | 0.0826      |
-----------------------------------------
-----------------------------------------
| rollout/                |             |
|    ep_len_mean          | 830         |
|    ep_rew_mean          | 2.33e+03    |
| time/                   |             |
|    fps                  | 1349        |
|    iterations           | 37          |
|    time_elapsed         | 224         |
|    total_timesteps      | 5308416     |
| train/                  |             |
|    approx_kl            | 0.013224651 |
|    clip_fraction        | 0.451       |
|    clip_range           | 0.1         |
|    entropy_loss         | -4.17       |
|    explained_variance   | 0.773       |
|    learning_rate        | 0.0001      |
|    loss                 | -0.0105     |
|    n_updates            | 1072        |
|    policy_gradient_loss | -0.0114     |
|    std                  | 0.409       |
|    value_loss           | 0.0448      |
-----------------------------------------
Early stopping at step 1 due to reaching max kl: 0.03
------------------------------------------
| rollout/                |              |
|    ep_len_mean          | 833          |
|    ep_rew_mean          | 2.33e+03     |
| time/                   |              |
|    fps                  | 1364         |
|    iterations           | 38           |
|    time_elapsed         | 228          |
|    total_timesteps      | 5316608      |
| train/                  |              |
|    approx_kl            | 0.0109766135 |
|    clip_fraction        | 0.375        |
|    clip_range           | 0.1          |
|    entropy_loss         | -4.16        |
|    explained_variance   | 0.688        |
|    learning_rate        | 0.0001       |
|    loss                 | 0.0129       |
|    n_updates            | 1074         |
|    policy_gradient_loss | 0.00551      |
|    std                  | 0.409        |
|    value_loss           | 0.083        |
------------------------------------------
Early stopping at step 7 due to reaching max kl: 0.04
-----------------------------------------
| rollout/                |             |
|    ep_len_mean          | 837         |
|    ep_rew_mean          | 2.34e+03    |
| time/                   |             |
|    fps                  | 1368        |
|    iterations           | 39          |
|    time_elapsed         | 233         |
|    total_timesteps      | 5324800     |
| train/                  |             |
|    approx_kl            | 0.012471343 |
|    clip_fraction        | 0.437       |
|    clip_range           | 0.1         |
|    entropy_loss         | -4.16       |
|    explained_variance   | 0.672       |
|    learning_rate        | 0.0001      |
|    loss                 | 0.0123      |
|    n_updates            | 1082        |
|    policy_gradient_loss | -0.00617    |
|    std                  | 0.408       |
|    value_loss           | 0.0666      |
-----------------------------------------
-----------------------------------------
| rollout/                |             |
|    ep_len_mean          | 815         |
|    ep_rew_mean          | 2.28e+03    |
| time/                   |             |
|    fps                  | 1366        |
|    iterations           | 40          |
|    time_elapsed         | 239         |
|    total_timesteps      | 5332992     |
| train/                  |             |
|    approx_kl            | 0.012507496 |
|    clip_fraction        | 0.455       |
|    clip_range           | 0.1         |
|    entropy_loss         | -4.14       |
|    explained_variance   | 0.619       |
|    learning_rate        | 0.0001      |
|    loss                 | 0.0299      |
|    n_updates            | 1092        |
|    policy_gradient_loss | -0.00781    |
|    std                  | 0.406       |
|    value_loss           | 0.0887      |
-----------------------------------------
-----------------------------------------
| rollout/                |             |
|    ep_len_mean          | 804         |
|    ep_rew_mean          | 2.25e+03    |
| time/                   |             |
|    fps                  | 1363        |
|    iterations           | 41          |
|    time_elapsed         | 246         |
|    total_timesteps      | 5341184     |
| train/                  |             |
|    approx_kl            | 0.014298085 |
|    clip_fraction        | 0.455       |
|    clip_range           | 0.1         |
|    entropy_loss         | -4.1        |
|    explained_variance   | 0.588       |
|    learning_rate        | 0.0001      |
|    loss                 | 0.00329     |
|    n_updates            | 1102        |
|    policy_gradient_loss | -0.00861    |
|    std                  | 0.405       |
|    value_loss           | 0.0715      |
-----------------------------------------
-----------------------------------------
| rollout/                |             |
|    ep_len_mean          | 788         |
|    ep_rew_mean          | 2.22e+03    |
| time/                   |             |
|    fps                  | 1359        |
|    iterations           | 42          |
|    time_elapsed         | 253         |
|    total_timesteps      | 5349376     |
| train/                  |             |
|    approx_kl            | 0.014875861 |
|    clip_fraction        | 0.46        |
|    clip_range           | 0.1         |
|    entropy_loss         | -4.07       |
|    explained_variance   | 0.651       |
|    learning_rate        | 0.0001      |
|    loss                 | -0.0156     |
|    n_updates            | 1112        |
|    policy_gradient_loss | -0.0107     |
|    std                  | 0.403       |
|    value_loss           | 0.0517      |
-----------------------------------------
-----------------------------------------
| rollout/                |             |
|    ep_len_mean          | 769         |
|    ep_rew_mean          | 2.16e+03    |
| time/                   |             |
|    fps                  | 1355        |
|    iterations           | 43          |
|    time_elapsed         | 259         |
|    total_timesteps      | 5357568     |
| train/                  |             |
|    approx_kl            | 0.013010832 |
|    clip_fraction        | 0.46        |
|    clip_range           | 0.1         |
|    entropy_loss         | -4.04       |
|    explained_variance   | 0.553       |
|    learning_rate        | 0.0001      |
|    loss                 | 0.0772      |
|    n_updates            | 1122        |
|    policy_gradient_loss | -0.0084     |
|    std                  | 0.402       |
|    value_loss           | 0.0937      |
-----------------------------------------
Early stopping at step 1 due to reaching max kl: 0.03
-----------------------------------------
| rollout/                |             |
|    ep_len_mean          | 767         |
|    ep_rew_mean          | 2.16e+03    |
| time/                   |             |
|    fps                  | 1366        |
|    iterations           | 44          |
|    time_elapsed         | 263         |
|    total_timesteps      | 5365760     |
| train/                  |             |
|    approx_kl            | 0.013827192 |
|    clip_fraction        | 0.366       |
|    clip_range           | 0.1         |
|    entropy_loss         | -4.03       |
|    explained_variance   | 0.725       |
|    learning_rate        | 0.0001      |
|    loss                 | 0.0188      |
|    n_updates            | 1124        |
|    policy_gradient_loss | 0.00833     |
|    std                  | 0.402       |
|    value_loss           | 0.0732      |
-----------------------------------------
-----------------------------------------
| rollout/                |             |
|    ep_len_mean          | 746         |
|    ep_rew_mean          | 2.08e+03    |
| time/                   |             |
|    fps                  | 1363        |
|    iterations           | 45          |
|    time_elapsed         | 270         |
|    total_timesteps      | 5373952     |
| train/                  |             |
|    approx_kl            | 0.013756458 |
|    clip_fraction        | 0.472       |
|    clip_range           | 0.1         |
|    entropy_loss         | -4.01       |
|    explained_variance   | 0.668       |
|    learning_rate        | 0.0001      |
|    loss                 | 0.0794      |
|    n_updates            | 1134        |
|    policy_gradient_loss | -0.00973    |
|    std                  | 0.4         |
|    value_loss           | 0.0743      |
-----------------------------------------
Early stopping at step 3 due to reaching max kl: 0.03
-----------------------------------------
| rollout/                |             |
|    ep_len_mean          | 740         |
|    ep_rew_mean          | 2.1e+03     |
| time/                   |             |
|    fps                  | 1369        |
|    iterations           | 46          |
|    time_elapsed         | 275         |
|    total_timesteps      | 5382144     |
| train/                  |             |
|    approx_kl            | 0.013952452 |
|    clip_fraction        | 0.451       |
|    clip_range           | 0.1         |
|    entropy_loss         | -4          |
|    explained_variance   | 0.615       |
|    learning_rate        | 0.0001      |
|    loss                 | 0.0331      |
|    n_updates            | 1138        |
|    policy_gradient_loss | 0.000519    |
|    std                  | 0.4         |
|    value_loss           | 0.12        |
-----------------------------------------
Early stopping at step 1 due to reaching max kl: 0.03
-----------------------------------------
| rollout/                |             |
|    ep_len_mean          | 730         |
|    ep_rew_mean          | 2.08e+03    |
| time/                   |             |
|    fps                  | 1379        |
|    iterations           | 47          |
|    time_elapsed         | 279         |
|    total_timesteps      | 5390336     |
| train/                  |             |
|    approx_kl            | 0.013592159 |
|    clip_fraction        | 0.408       |
|    clip_range           | 0.1         |
|    entropy_loss         | -4.01       |
|    explained_variance   | 0.681       |
|    learning_rate        | 0.0001      |
|    loss                 | 0.0368      |
|    n_updates            | 1140        |
|    policy_gradient_loss | 0.00664     |
|    std                  | 0.401       |
|    value_loss           | 0.111       |
-----------------------------------------
------------------------------------------
| rollout/                |              |
|    ep_len_mean          | 755          |
|    ep_rew_mean          | 2.15e+03     |
| time/                   |              |
|    fps                  | 1375         |
|    iterations           | 48           |
|    time_elapsed         | 285          |
|    total_timesteps      | 5398528      |
| train/                  |              |
|    approx_kl            | 0.0130715985 |
|    clip_fraction        | 0.454        |
|    clip_range           | 0.1          |
|    entropy_loss         | -4.01        |
|    explained_variance   | 0.552        |
|    learning_rate        | 0.0001       |
|    loss                 | -0.0115      |
|    n_updates            | 1150         |
|    policy_gradient_loss | -0.00884     |
|    std                  | 0.401        |
|    value_loss           | 0.126        |
------------------------------------------
Early stopping at step 9 due to reaching max kl: 0.03
-----------------------------------------
| rollout/                |             |
|    ep_len_mean          | 777         |
|    ep_rew_mean          | 2.22e+03    |
| time/                   |             |
|    fps                  | 1372        |
|    iterations           | 49          |
|    time_elapsed         | 292         |
|    total_timesteps      | 5406720     |
| train/                  |             |
|    approx_kl            | 0.015711505 |
|    clip_fraction        | 0.457       |
|    clip_range           | 0.1         |
|    entropy_loss         | -4          |
|    explained_variance   | 0.831       |
|    learning_rate        | 0.0001      |
|    loss                 | -0.0236     |
|    n_updates            | 1160        |
|    policy_gradient_loss | -0.0121     |
|    std                  | 0.4         |
|    value_loss           | 0.0271      |
-----------------------------------------
Early stopping at step 8 due to reaching max kl: 0.03
-----------------------------------------
| rollout/                |             |
|    ep_len_mean          | 775         |
|    ep_rew_mean          | 2.24e+03    |
| time/                   |             |
|    fps                  | 1370        |
|    iterations           | 50          |
|    time_elapsed         | 298         |
|    total_timesteps      | 5414912     |
| train/                  |             |
|    approx_kl            | 0.014918815 |
|    clip_fraction        | 0.448       |
|    clip_range           | 0.1         |
|    entropy_loss         | -3.97       |
|    explained_variance   | 0.901       |
|    learning_rate        | 0.0001      |
|    loss                 | -0.00588    |
|    n_updates            | 1169        |
|    policy_gradient_loss | -0.0125     |
|    std                  | 0.398       |
|    value_loss           | 0.0142      |
-----------------------------------------
Early stopping at step 1 due to reaching max kl: 0.05
[Sensitivity progress] lr_1em04_clip_0.1: 410,852/1,007,616 additional steps; ETA 7.3 min
-----------------------------------------
| rollout/                |             |
|    ep_len_mean          | 778         |
|    ep_rew_mean          | 2.25e+03    |
| time/                   |             |
|    fps                  | 1380        |
|    iterations           | 51          |
|    time_elapsed         | 302         |
|    total_timesteps      | 5423104     |
| train/                  |             |
|    approx_kl            | 0.012848462 |
|    clip_fraction        | 0.413       |
|    clip_range           | 0.1         |
|    entropy_loss         | -3.96       |
|    explained_variance   | 0.767       |
|    learning_rate        | 0.0001      |
|    loss                 | 0.00762     |
|    n_updates            | 1171        |
|    policy_gradient_loss | 0.00641     |
|    std                  | 0.398       |
|    value_loss           | 0.0492      |
-----------------------------------------
Early stopping at step 7 due to reaching max kl: 0.04
-----------------------------------------
| rollout/                |             |
|    ep_len_mean          | 803         |
|    ep_rew_mean          | 2.33e+03    |
| time/                   |             |
|    fps                  | 1379        |
|    iterations           | 52          |
|    time_elapsed         | 308         |
|    total_timesteps      | 5431296     |
| train/                  |             |
|    approx_kl            | 0.014403294 |
|    clip_fraction        | 0.458       |
|    clip_range           | 0.1         |
|    entropy_loss         | -3.93       |
|    explained_variance   | 0.777       |
|    learning_rate        | 0.0001      |
|    loss                 | -0.00564    |
|    n_updates            | 1179        |
|    policy_gradient_loss | -0.00775    |
|    std                  | 0.396       |
|    value_loss           | 0.0485      |
-----------------------------------------
Early stopping at step 8 due to reaching max kl: 0.03
------------------------------------------
| rollout/                |              |
|    ep_len_mean          | 809          |
|    ep_rew_mean          | 2.36e+03     |
| time/                   |              |
|    fps                  | 1374         |
|    iterations           | 53           |
|    time_elapsed         | 315          |
|    total_timesteps      | 5439488      |
| train/                  |              |
|    approx_kl            | 0.0138674015 |
|    clip_fraction        | 0.44         |
|    clip_range           | 0.1          |
|    entropy_loss         | -3.89        |
|    explained_variance   | 0.773        |
|    learning_rate        | 0.0001       |
|    loss                 | -0.0203      |
|    n_updates            | 1188         |
|    policy_gradient_loss | -0.00959     |
|    std                  | 0.395        |
|    value_loss           | 0.0279       |
------------------------------------------
------------------------------------------
| rollout/                |              |
|    ep_len_mean          | 810          |
|    ep_rew_mean          | 2.36e+03     |
| time/                   |              |
|    fps                  | 1368         |
|    iterations           | 54           |
|    time_elapsed         | 323          |
|    total_timesteps      | 5447680      |
| train/                  |              |
|    approx_kl            | 0.0140162045 |
|    clip_fraction        | 0.447        |
|    clip_range           | 0.1          |
|    entropy_loss         | -3.87        |
|    explained_variance   | 0.914        |
|    learning_rate        | 0.0001       |
|    loss                 | -0.027       |
|    n_updates            | 1198         |
|    policy_gradient_loss | -0.0136      |
|    std                  | 0.393        |
|    value_loss           | 0.017        |
------------------------------------------
Early stopping at step 1 due to reaching max kl: 0.03
----------------------------------------
| rollout/                |            |
|    ep_len_mean          | 827        |
|    ep_rew_mean          | 2.41e+03   |
| time/                   |            |
|    fps                  | 1375       |
|    iterations           | 55         |
|    time_elapsed         | 327        |
|    total_timesteps      | 5455872    |
| train/                  |            |
|    approx_kl            | 0.01238674 |
|    clip_fraction        | 0.393      |
|    clip_range           | 0.1        |
|    entropy_loss         | -3.85      |
|    explained_variance   | 0.79       |
|    learning_rate        | 0.0001     |
|    loss                 | 0.103      |
|    n_updates            | 1200       |
|    policy_gradient_loss | 0.0074     |
|    std                  | 0.393      |
|    value_loss           | 0.0659     |
----------------------------------------
-----------------------------------------
| rollout/                |             |
|    ep_len_mean          | 857         |
|    ep_rew_mean          | 2.49e+03    |
| time/                   |             |
|    fps                  | 1360        |
|    iterations           | 56          |
|    time_elapsed         | 337         |
|    total_timesteps      | 5464064     |
| train/                  |             |
|    approx_kl            | 0.013778583 |
|    clip_fraction        | 0.464       |
|    clip_range           | 0.1         |
|    entropy_loss         | -3.82       |
|    explained_variance   | 0.673       |
|    learning_rate        | 0.0001      |
|    loss                 | 0.00688     |
|    n_updates            | 1210        |
|    policy_gradient_loss | -0.00845    |
|    std                  | 0.391       |
|    value_loss           | 0.061       |
-----------------------------------------
Early stopping at step 1 due to reaching max kl: 0.03
-----------------------------------------
| rollout/                |             |
|    ep_len_mean          | 865         |
|    ep_rew_mean          | 2.51e+03    |
| time/                   |             |
|    fps                  | 1359        |
|    iterations           | 57          |
|    time_elapsed         | 343         |
|    total_timesteps      | 5472256     |
| train/                  |             |
|    approx_kl            | 0.014556026 |
|    clip_fraction        | 0.385       |
|    clip_range           | 0.1         |
|    entropy_loss         | -3.8        |
|    explained_variance   | 0.807       |
|    learning_rate        | 0.0001      |
|    loss                 | 0.000256    |
|    n_updates            | 1212        |
|    policy_gradient_loss | 0.00869     |
|    std                  | 0.39        |
|    value_loss           | 0.059       |
-----------------------------------------
Early stopping at step 3 due to reaching max kl: 0.04
---------------------------------------
| rollout/                |           |
|    ep_len_mean          | 876       |
|    ep_rew_mean          | 2.54e+03  |
| time/                   |           |
|    fps                  | 1354      |
|    iterations           | 58        |
|    time_elapsed         | 350       |
|    total_timesteps      | 5480448   |
| train/                  |           |
|    approx_kl            | 0.0136616 |
|    clip_fraction        | 0.426     |
|    clip_range           | 0.1       |
|    entropy_loss         | -3.8      |
|    explained_variance   | 0.77      |
|    learning_rate        | 0.0001    |
|    loss                 | 0.0122    |
|    n_updates            | 1216      |
|    policy_gradient_loss | -0.00109  |
|    std                  | 0.39      |
|    value_loss           | 0.063     |
---------------------------------------
Early stopping at step 7 due to reaching max kl: 0.03
-----------------------------------------
| rollout/                |             |
|    ep_len_mean          | 836         |
|    ep_rew_mean          | 2.44e+03    |
| time/                   |             |
|    fps                  | 1353        |
|    iterations           | 59          |
|    time_elapsed         | 357         |
|    total_timesteps      | 5488640     |
| train/                  |             |
|    approx_kl            | 0.014536845 |
|    clip_fraction        | 0.456       |
|    clip_range           | 0.1         |
|    entropy_loss         | -3.77       |
|    explained_variance   | 0.786       |
|    learning_rate        | 0.0001      |
|    loss                 | -0.00586    |
|    n_updates            | 1224        |
|    policy_gradient_loss | -0.00754    |
|    std                  | 0.388       |
|    value_loss           | 0.0565      |
-----------------------------------------
Early stopping at step 8 due to reaching max kl: 0.03
-----------------------------------------
| rollout/                |             |
|    ep_len_mean          | 828         |
|    ep_rew_mean          | 2.39e+03    |
| time/                   |             |
|    fps                  | 1349        |
|    iterations           | 60          |
|    time_elapsed         | 364         |
|    total_timesteps      | 5496832     |
| train/                  |             |
|    approx_kl            | 0.016832571 |
|    clip_fraction        | 0.472       |
|    clip_range           | 0.1         |
|    entropy_loss         | -3.76       |
|    explained_variance   | 0.632       |
|    learning_rate        | 0.0001      |
|    loss                 | 0.0761      |
|    n_updates            | 1233        |
|    policy_gradient_loss | -0.00636    |
|    std                  | 0.388       |
|    value_loss           | 0.114       |
-----------------------------------------
Early stopping at step 1 due to reaching max kl: 0.04
-----------------------------------------
| rollout/                |             |
|    ep_len_mean          | 832         |
|    ep_rew_mean          | 2.4e+03     |
| time/                   |             |
|    fps                  | 1356        |
|    iterations           | 61          |
|    time_elapsed         | 368         |
|    total_timesteps      | 5505024     |
| train/                  |             |
|    approx_kl            | 0.017144598 |
|    clip_fraction        | 0.37        |
|    clip_range           | 0.1         |
|    entropy_loss         | -3.74       |
|    explained_variance   | 0.831       |
|    learning_rate        | 0.0001      |
|    loss                 | 0.00144     |
|    n_updates            | 1235        |
|    policy_gradient_loss | 0.0101      |
|    std                  | 0.388       |
|    value_loss           | 0.0458      |
-----------------------------------------
Early stopping at step 6 due to reaching max kl: 0.03
-----------------------------------------
| rollout/                |             |
|    ep_len_mean          | 816         |
|    ep_rew_mean          | 2.35e+03    |
| time/                   |             |
|    fps                  | 1356        |
|    iterations           | 62          |
|    time_elapsed         | 374         |
|    total_timesteps      | 5513216     |
| train/                  |             |
|    approx_kl            | 0.014273712 |
|    clip_fraction        | 0.456       |
|    clip_range           | 0.1         |
|    entropy_loss         | -3.72       |
|    explained_variance   | 0.764       |
|    learning_rate        | 0.0001      |
|    loss                 | 0.0461      |
|    n_updates            | 1242        |
|    policy_gradient_loss | -0.00591    |
|    std                  | 0.386       |
|    value_loss           | 0.0675      |
-----------------------------------------
-----------------------------------------
| rollout/                |             |
|    ep_len_mean          | 802         |
|    ep_rew_mean          | 2.3e+03     |
| time/                   |             |
|    fps                  | 1349        |
|    iterations           | 63          |
|    time_elapsed         | 382         |
|    total_timesteps      | 5521408     |
| train/                  |             |
|    approx_kl            | 0.013692748 |
|    clip_fraction        | 0.47        |
|    clip_range           | 0.1         |
|    entropy_loss         | -3.7        |
|    explained_variance   | 0.693       |
|    learning_rate        | 0.0001      |
|    loss                 | -0.0194     |
|    n_updates            | 1252        |
|    policy_gradient_loss | -0.00891    |
|    std                  | 0.385       |
|    value_loss           | 0.0715      |
-----------------------------------------
Early stopping at step 1 due to reaching max kl: 0.04
-----------------------------------------
| rollout/                |             |
|    ep_len_mean          | 810         |
|    ep_rew_mean          | 2.34e+03    |
| time/                   |             |
|    fps                  | 1358        |
|    iterations           | 64          |
|    time_elapsed         | 386         |
|    total_timesteps      | 5529600     |
| train/                  |             |
|    approx_kl            | 0.013879556 |
|    clip_fraction        | 0.417       |
|    clip_range           | 0.1         |
|    entropy_loss         | -3.69       |
|    explained_variance   | 0.809       |
|    learning_rate        | 0.0001      |
|    loss                 | -0.00631    |
|    n_updates            | 1254        |
|    policy_gradient_loss | 0.00544     |
|    std                  | 0.385       |
|    value_loss           | 0.0559      |
-----------------------------------------
-----------------------------------------
| rollout/                |             |
|    ep_len_mean          | 804         |
|    ep_rew_mean          | 2.33e+03    |
| time/                   |             |
|    fps                  | 1354        |
|    iterations           | 65          |
|    time_elapsed         | 393         |
|    total_timesteps      | 5537792     |
| train/                  |             |
|    approx_kl            | 0.014319068 |
|    clip_fraction        | 0.453       |
|    clip_range           | 0.1         |
|    entropy_loss         | -3.67       |
|    explained_variance   | 0.78        |
|    learning_rate        | 0.0001      |
|    loss                 | 0.00528     |
|    n_updates            | 1264        |
|    policy_gradient_loss | -0.0121     |
|    std                  | 0.384       |
|    value_loss           | 0.0378      |
-----------------------------------------
Early stopping at step 1 due to reaching max kl: 0.03
-----------------------------------------
| rollout/                |             |
|    ep_len_mean          | 774         |
|    ep_rew_mean          | 2.26e+03    |
| time/                   |             |
|    fps                  | 1358        |
|    iterations           | 66          |
|    time_elapsed         | 397         |
|    total_timesteps      | 5545984     |
| train/                  |             |
|    approx_kl            | 0.013028441 |
|    clip_fraction        | 0.409       |
|    clip_range           | 0.1         |
|    entropy_loss         | -3.66       |
|    explained_variance   | 0.73        |
|    learning_rate        | 0.0001      |
|    loss                 | 0.0361      |
|    n_updates            | 1266        |
|    policy_gradient_loss | 0.00439     |
|    std                  | 0.383       |
|    value_loss           | 0.0899      |
-----------------------------------------
-----------------------------------------
| rollout/                |             |
|    ep_len_mean          | 766         |
|    ep_rew_mean          | 2.26e+03    |
| time/                   |             |
|    fps                  | 1353        |
|    iterations           | 67          |
|    time_elapsed         | 405         |
|    total_timesteps      | 5554176     |
| train/                  |             |
|    approx_kl            | 0.015718464 |
|    clip_fraction        | 0.488       |
|    clip_range           | 0.1         |
|    entropy_loss         | -3.63       |
|    explained_variance   | 0.621       |
|    learning_rate        | 0.0001      |
|    loss                 | -0.01       |
|    n_updates            | 1276        |
|    policy_gradient_loss | -0.00881    |
|    std                  | 0.381       |
|    value_loss           | 0.0855      |
-----------------------------------------
Early stopping at step 1 due to reaching max kl: 0.04
-----------------------------------------
| rollout/                |             |
|    ep_len_mean          | 779         |
|    ep_rew_mean          | 2.29e+03    |
| time/                   |             |
|    fps                  | 1360        |
|    iterations           | 68          |
|    time_elapsed         | 409         |
|    total_timesteps      | 5562368     |
| train/                  |             |
|    approx_kl            | 0.013735724 |
|    clip_fraction        | 0.404       |
|    clip_range           | 0.1         |
|    entropy_loss         | -3.61       |
|    explained_variance   | 0.601       |
|    learning_rate        | 0.0001      |
|    loss                 | 0.0269      |
|    n_updates            | 1278        |
|    policy_gradient_loss | 0.00746     |
|    std                  | 0.381       |
|    value_loss           | 0.119       |
-----------------------------------------
Early stopping at step 7 due to reaching max kl: 0.05
----------------------------------------
| rollout/                |            |
|    ep_len_mean          | 778        |
|    ep_rew_mean          | 2.31e+03   |
| time/                   |            |
|    fps                  | 1359       |
|    iterations           | 69         |
|    time_elapsed         | 415        |
|    total_timesteps      | 5570560    |
| train/                  |            |
|    approx_kl            | 0.01541007 |
|    clip_fraction        | 0.478      |
|    clip_range           | 0.1        |
|    entropy_loss         | -3.61      |
|    explained_variance   | 0.647      |
|    learning_rate        | 0.0001     |
|    loss                 | -0.00523   |
|    n_updates            | 1286       |
|    policy_gradient_loss | -0.00782   |
|    std                  | 0.381      |
|    value_loss           | 0.102      |
----------------------------------------
----------------------------------------
| rollout/                |            |
|    ep_len_mean          | 772        |
|    ep_rew_mean          | 2.3e+03    |
| time/                   |            |
|    fps                  | 1357       |
|    iterations           | 70         |
|    time_elapsed         | 422        |
|    total_timesteps      | 5578752    |
| train/                  |            |
|    approx_kl            | 0.01484968 |
|    clip_fraction        | 0.467      |
|    clip_range           | 0.1        |
|    entropy_loss         | -3.58      |
|    explained_variance   | 0.62       |
|    learning_rate        | 0.0001     |
|    loss                 | 0.0354     |
|    n_updates            | 1296       |
|    policy_gradient_loss | -0.0105    |
|    std                  | 0.379      |
|    value_loss           | 0.0511     |
----------------------------------------
Early stopping at step 1 due to reaching max kl: 0.03
-----------------------------------------
| rollout/                |             |
|    ep_len_mean          | 753         |
|    ep_rew_mean          | 2.24e+03    |
| time/                   |             |
|    fps                  | 1363        |
|    iterations           | 71          |
|    time_elapsed         | 426         |
|    total_timesteps      | 5586944     |
| train/                  |             |
|    approx_kl            | 0.013796655 |
|    clip_fraction        | 0.415       |
|    clip_range           | 0.1         |
|    entropy_loss         | -3.57       |
|    explained_variance   | 0.767       |
|    learning_rate        | 0.0001      |
|    loss                 | 0.00335     |
|    n_updates            | 1298        |
|    policy_gradient_loss | 0.00526     |
|    std                  | 0.38        |
|    value_loss           | 0.074       |
-----------------------------------------
Early stopping at step 1 due to reaching max kl: 0.05
----------------------------------------
| rollout/                |            |
|    ep_len_mean          | 777        |
|    ep_rew_mean          | 2.3e+03    |
| time/                   |            |
|    fps                  | 1369       |
|    iterations           | 72         |
|    time_elapsed         | 430        |
|    total_timesteps      | 5595136    |
| train/                  |            |
|    approx_kl            | 0.04829079 |
|    clip_fraction        | 0.375      |
|    clip_range           | 0.1        |
|    entropy_loss         | -3.57      |
|    explained_variance   | 0.711      |
|    learning_rate        | 0.0001     |
|    loss                 | 0.022      |
|    n_updates            | 1300       |
|    policy_gradient_loss | 0.0111     |
|    std                  | 0.379      |
|    value_loss           | 0.0872     |
----------------------------------------
Early stopping at step 3 due to reaching max kl: 0.10
-----------------------------------------
| rollout/                |             |
|    ep_len_mean          | 772         |
|    ep_rew_mean          | 2.25e+03    |
| time/                   |             |
|    fps                  | 1370        |
|    iterations           | 73          |
|    time_elapsed         | 436         |
|    total_timesteps      | 5603328     |
| train/                  |             |
|    approx_kl            | 0.018274087 |
|    clip_fraction        | 0.428       |
|    clip_range           | 0.1         |
|    entropy_loss         | -3.55       |
|    explained_variance   | 0.915       |
|    learning_rate        | 0.0001      |
|    loss                 | -0.00135    |
|    n_updates            | 1304        |
|    policy_gradient_loss | -0.00075    |
|    std                  | 0.378       |
|    value_loss           | 0.0159      |
-----------------------------------------
Early stopping at step 1 due to reaching max kl: 0.07
-----------------------------------------
| rollout/                |             |
|    ep_len_mean          | 763         |
|    ep_rew_mean          | 2.23e+03    |
| time/                   |             |
|    fps                  | 1375        |
|    iterations           | 74          |
|    time_elapsed         | 440         |
|    total_timesteps      | 5611520     |
| train/                  |             |
|    approx_kl            | 0.012243549 |
|    clip_fraction        | 0.396       |
|    clip_range           | 0.1         |
|    entropy_loss         | -3.53       |
|    explained_variance   | 0.827       |
|    learning_rate        | 0.0001      |
|    loss                 | 0.0227      |
|    n_updates            | 1306        |
|    policy_gradient_loss | 0.0049      |
|    std                  | 0.377       |
|    value_loss           | 0.0441      |
-----------------------------------------
Early stopping at step 8 due to reaching max kl: 0.03
-----------------------------------------
| rollout/                |             |
|    ep_len_mean          | 776         |
|    ep_rew_mean          | 2.28e+03    |
| time/                   |             |
|    fps                  | 1371        |
|    iterations           | 75          |
|    time_elapsed         | 448         |
|    total_timesteps      | 5619712     |
| train/                  |             |
|    approx_kl            | 0.013924055 |
|    clip_fraction        | 0.472       |
|    clip_range           | 0.1         |
|    entropy_loss         | -3.52       |
|    explained_variance   | 0.667       |
|    learning_rate        | 0.0001      |
|    loss                 | -0.00605    |
|    n_updates            | 1315        |
|    policy_gradient_loss | -0.00694    |
|    std                  | 0.376       |
|    value_loss           | 0.0832      |
-----------------------------------------
Early stopping at step 1 due to reaching max kl: 0.03
-----------------------------------------
| rollout/                |             |
|    ep_len_mean          | 768         |
|    ep_rew_mean          | 2.26e+03    |
| time/                   |             |
|    fps                  | 1373        |
|    iterations           | 76          |
|    time_elapsed         | 453         |
|    total_timesteps      | 5627904     |
| train/                  |             |
|    approx_kl            | 0.013675224 |
|    clip_fraction        | 0.41        |
|    clip_range           | 0.1         |
|    entropy_loss         | -3.5        |
|    explained_variance   | 0.73        |
|    learning_rate        | 0.0001      |
|    loss                 | 0.0892      |
|    n_updates            | 1317        |
|    policy_gradient_loss | 0.00617     |
|    std                  | 0.376       |
|    value_loss           | 0.0627      |
-----------------------------------------
Early stopping at step 1 due to reaching max kl: 0.03
-----------------------------------------
| rollout/                |             |
|    ep_len_mean          | 785         |
|    ep_rew_mean          | 2.3e+03     |
| time/                   |             |
|    fps                  | 1376        |
|    iterations           | 77          |
|    time_elapsed         | 458         |
|    total_timesteps      | 5636096     |
| train/                  |             |
|    approx_kl            | 0.013848702 |
|    clip_fraction        | 0.45        |
|    clip_range           | 0.1         |
|    entropy_loss         | -3.5        |
|    explained_variance   | 0.386       |
|    learning_rate        | 0.0001      |
|    loss                 | 0.0587      |
|    n_updates            | 1319        |
|    policy_gradient_loss | 0.00706     |
|    std                  | 0.376       |
|    value_loss           | 0.146       |
-----------------------------------------
Early stopping at step 1 due to reaching max kl: 0.03
-----------------------------------------
| rollout/                |             |
|    ep_len_mean          | 785         |
|    ep_rew_mean          | 2.3e+03     |
| time/                   |             |
|    fps                  | 1378        |
|    iterations           | 78          |
|    time_elapsed         | 463         |
|    total_timesteps      | 5644288     |
| train/                  |             |
|    approx_kl            | 0.012912171 |
|    clip_fraction        | 0.409       |
|    clip_range           | 0.1         |
|    entropy_loss         | -3.49       |
|    explained_variance   | 0.871       |
|    learning_rate        | 0.0001      |
|    loss                 | 0.021       |
|    n_updates            | 1321        |
|    policy_gradient_loss | 0.00626     |
|    std                  | 0.376       |
|    value_loss           | 0.0311      |
-----------------------------------------
Early stopping at step 9 due to reaching max kl: 0.03
-----------------------------------------
| rollout/                |             |
|    ep_len_mean          | 773         |
|    ep_rew_mean          | 2.27e+03    |
| time/                   |             |
|    fps                  | 1369        |
|    iterations           | 79          |
|    time_elapsed         | 472         |
|    total_timesteps      | 5652480     |
| train/                  |             |
|    approx_kl            | 0.014937963 |
|    clip_fraction        | 0.476       |
|    clip_range           | 0.1         |
|    entropy_loss         | -3.47       |
|    explained_variance   | 0.695       |
|    learning_rate        | 0.0001      |
|    loss                 | 0.0117      |
|    n_updates            | 1331        |
|    policy_gradient_loss | -0.0108     |
|    std                  | 0.374       |
|    value_loss           | 0.0675      |
-----------------------------------------
Early stopping at step 2 due to reaching max kl: 0.03
-----------------------------------------
| rollout/                |             |
|    ep_len_mean          | 787         |
|    ep_rew_mean          | 2.33e+03    |
| time/                   |             |
|    fps                  | 1373        |
|    iterations           | 80          |
|    time_elapsed         | 477         |
|    total_timesteps      | 5660672     |
| train/                  |             |
|    approx_kl            | 0.015145051 |
|    clip_fraction        | 0.458       |
|    clip_range           | 0.1         |
|    entropy_loss         | -3.45       |
|    explained_variance   | 0.621       |
|    learning_rate        | 0.0001      |
|    loss                 | 0.163       |
|    n_updates            | 1334        |
|    policy_gradient_loss | 0.00492     |
|    std                  | 0.373       |
|    value_loss           | 0.133       |
-----------------------------------------
Early stopping at step 5 due to reaching max kl: 0.03
-----------------------------------------
| rollout/                |             |
|    ep_len_mean          | 791         |
|    ep_rew_mean          | 2.37e+03    |
| time/                   |             |
|    fps                  | 1373        |
|    iterations           | 81          |
|    time_elapsed         | 483         |
|    total_timesteps      | 5668864     |
| train/                  |             |
|    approx_kl            | 0.014853303 |
|    clip_fraction        | 0.443       |
|    clip_range           | 0.1         |
|    entropy_loss         | -3.43       |
|    explained_variance   | 0.831       |
|    learning_rate        | 0.0001      |
|    loss                 | -0.0269     |
|    n_updates            | 1340        |
|    policy_gradient_loss | -0.00365    |
|    std                  | 0.372       |
|    value_loss           | 0.0342      |
-----------------------------------------
Early stopping at step 1 due to reaching max kl: 0.06
----------------------------------------
| rollout/                |            |
|    ep_len_mean          | 760        |
|    ep_rew_mean          | 2.33e+03   |
| time/                   |            |
|    fps                  | 1377       |
|    iterations           | 82         |
|    time_elapsed         | 487        |
|    total_timesteps      | 5677056    |
| train/                  |            |
|    approx_kl            | 0.01259285 |
|    clip_fraction        | 0.413      |
|    clip_range           | 0.1        |
|    entropy_loss         | -3.41      |
|    explained_variance   | 0.696      |
|    learning_rate        | 0.0001     |
|    loss                 | 0.0872     |
|    n_updates            | 1342       |
|    policy_gradient_loss | 0.00594    |
|    std                  | 0.372      |
|    value_loss           | 0.109      |
----------------------------------------
Early stopping at step 6 due to reaching max kl: 0.03
-----------------------------------------
| rollout/                |             |
|    ep_len_mean          | 764         |
|    ep_rew_mean          | 2.35e+03    |
| time/                   |             |
|    fps                  | 1376        |
|    iterations           | 83          |
|    time_elapsed         | 493         |
|    total_timesteps      | 5685248     |
| train/                  |             |
|    approx_kl            | 0.016057663 |
|    clip_fraction        | 0.473       |
|    clip_range           | 0.1         |
|    entropy_loss         | -3.41       |
|    explained_variance   | 0.759       |
|    learning_rate        | 0.0001      |
|    loss                 | 0.00235     |
|    n_updates            | 1349        |
|    policy_gradient_loss | -0.00441    |
|    std                  | 0.372       |
|    value_loss           | 0.077       |
-----------------------------------------
Early stopping at step 8 due to reaching max kl: 0.03
-----------------------------------------
| rollout/                |             |
|    ep_len_mean          | 779         |
|    ep_rew_mean          | 2.4e+03     |
| time/                   |             |
|    fps                  | 1374        |
|    iterations           | 84          |
|    time_elapsed         | 500         |
|    total_timesteps      | 5693440     |
| train/                  |             |
|    approx_kl            | 0.014326088 |
|    clip_fraction        | 0.476       |
|    clip_range           | 0.1         |
|    entropy_loss         | -3.39       |
|    explained_variance   | 0.639       |
|    learning_rate        | 0.0001      |
|    loss                 | 0.0366      |
|    n_updates            | 1358        |
|    policy_gradient_loss | -0.00715    |
|    std                  | 0.371       |
|    value_loss           | 0.0837      |
-----------------------------------------
Early stopping at step 2 due to reaching max kl: 0.03
-----------------------------------------
| rollout/                |             |
|    ep_len_mean          | 772         |
|    ep_rew_mean          | 2.39e+03    |
| time/                   |             |
|    fps                  | 1380        |
|    iterations           | 85          |
|    time_elapsed         | 504         |
|    total_timesteps      | 5701632     |
| train/                  |             |
|    approx_kl            | 0.013437235 |
|    clip_fraction        | 0.442       |
|    clip_range           | 0.1         |
|    entropy_loss         | -3.38       |
|    explained_variance   | 0.839       |
|    learning_rate        | 0.0001      |
|    loss                 | 0.0107      |
|    n_updates            | 1361        |
|    policy_gradient_loss | 0.00157     |
|    std                  | 0.37        |
|    value_loss           | 0.0444      |
-----------------------------------------
Early stopping at step 9 due to reaching max kl: 0.03
------------------------------------------
| rollout/                |              |
|    ep_len_mean          | 771          |
|    ep_rew_mean          | 2.36e+03     |
| time/                   |              |
|    fps                  | 1379         |
|    iterations           | 86           |
|    time_elapsed         | 510          |
|    total_timesteps      | 5709824      |
| train/                  |              |
|    approx_kl            | 0.0154974535 |
|    clip_fraction        | 0.487        |
|    clip_range           | 0.1          |
|    entropy_loss         | -3.35        |
|    explained_variance   | 0.609        |
|    learning_rate        | 0.0001       |
|    loss                 | -0.00388     |
|    n_updates            | 1371         |
|    policy_gradient_loss | -0.00884     |
|    std                  | 0.368        |
|    value_loss           | 0.0908       |
------------------------------------------
Early stopping at step 1 due to reaching max kl: 0.03
-----------------------------------------
| rollout/                |             |
|    ep_len_mean          | 739         |
|    ep_rew_mean          | 2.28e+03    |
| time/                   |             |
|    fps                  | 1385        |
|    iterations           | 87          |
|    time_elapsed         | 514         |
|    total_timesteps      | 5718016     |
| train/                  |             |
|    approx_kl            | 0.015171896 |
|    clip_fraction        | 0.423       |
|    clip_range           | 0.1         |
|    entropy_loss         | -3.33       |
|    explained_variance   | 0.741       |
|    learning_rate        | 0.0001      |
|    loss                 | 0.0333      |
|    n_updates            | 1373        |
|    policy_gradient_loss | 0.00786     |
|    std                  | 0.368       |
|    value_loss           | 0.0832      |
-----------------------------------------
Early stopping at step 1 due to reaching max kl: 0.04
-----------------------------------------
| rollout/                |             |
|    ep_len_mean          | 750         |
|    ep_rew_mean          | 2.31e+03    |
| time/                   |             |
|    fps                  | 1391        |
|    iterations           | 88          |
|    time_elapsed         | 518         |
|    total_timesteps      | 5726208     |
| train/                  |             |
|    approx_kl            | 0.013959967 |
|    clip_fraction        | 0.415       |
|    clip_range           | 0.1         |
|    entropy_loss         | -3.33       |
|    explained_variance   | 0.563       |
|    learning_rate        | 0.0001      |
|    loss                 | 0.0122      |
|    n_updates            | 1375        |
|    policy_gradient_loss | 0.00927     |
|    std                  | 0.368       |
|    value_loss           | 0.136       |
-----------------------------------------
Early stopping at step 1 due to reaching max kl: 0.03
-----------------------------------------
| rollout/                |             |
|    ep_len_mean          | 742         |
|    ep_rew_mean          | 2.27e+03    |
| time/                   |             |
|    fps                  | 1397        |
|    iterations           | 89          |
|    time_elapsed         | 521         |
|    total_timesteps      | 5734400     |
| train/                  |             |
|    approx_kl            | 0.020248298 |
|    clip_fraction        | 0.376       |
|    clip_range           | 0.1         |
|    entropy_loss         | -3.33       |
|    explained_variance   | 0.736       |
|    learning_rate        | 0.0001      |
|    loss                 | 0.0721      |
|    n_updates            | 1377        |
|    policy_gradient_loss | 0.00928     |
|    std                  | 0.368       |
|    value_loss           | 0.0899      |
-----------------------------------------
Early stopping at step 1 due to reaching max kl: 0.03
-----------------------------------------
| rollout/                |             |
|    ep_len_mean          | 728         |
|    ep_rew_mean          | 2.21e+03    |
| time/                   |             |
|    fps                  | 1404        |
|    iterations           | 90          |
|    time_elapsed         | 524         |
|    total_timesteps      | 5742592     |
| train/                  |             |
|    approx_kl            | 0.019311864 |
|    clip_fraction        | 0.356       |
|    clip_range           | 0.1         |
|    entropy_loss         | -3.32       |
|    explained_variance   | 0.892       |
|    learning_rate        | 0.0001      |
|    loss                 | -0.00825    |
|    n_updates            | 1379        |
|    policy_gradient_loss | 0.00943     |
|    std                  | 0.368       |
|    value_loss           | 0.0316      |
-----------------------------------------
Early stopping at step 8 due to reaching max kl: 0.03
-----------------------------------------
| rollout/                |             |
|    ep_len_mean          | 737         |
|    ep_rew_mean          | 2.24e+03    |
| time/                   |             |
|    fps                  | 1404        |
|    iterations           | 91          |
|    time_elapsed         | 530         |
|    total_timesteps      | 5750784     |
| train/                  |             |
|    approx_kl            | 0.014553293 |
|    clip_fraction        | 0.487       |
|    clip_range           | 0.1         |
|    entropy_loss         | -3.3        |
|    explained_variance   | 0.691       |
|    learning_rate        | 0.0001      |
|    loss                 | 0.0466      |
|    n_updates            | 1388        |
|    policy_gradient_loss | -0.00737    |
|    std                  | 0.366       |
|    value_loss           | 0.107       |
-----------------------------------------
Early stopping at step 1 due to reaching max kl: 0.03
-----------------------------------------
| rollout/                |             |
|    ep_len_mean          | 724         |
|    ep_rew_mean          | 2.19e+03    |
| time/                   |             |
|    fps                  | 1409        |
|    iterations           | 92          |
|    time_elapsed         | 534         |
|    total_timesteps      | 5758976     |
| train/                  |             |
|    approx_kl            | 0.014740871 |
|    clip_fraction        | 0.437       |
|    clip_range           | 0.1         |
|    entropy_loss         | -3.29       |
|    explained_variance   | 0.738       |
|    learning_rate        | 0.0001      |
|    loss                 | -0.0133     |
|    n_updates            | 1390        |
|    policy_gradient_loss | 0.00766     |
|    std                  | 0.366       |
|    value_loss           | 0.0919      |
-----------------------------------------
Early stopping at step 3 due to reaching max kl: 0.03
-----------------------------------------
| rollout/                |             |
|    ep_len_mean          | 732         |
|    ep_rew_mean          | 2.23e+03    |
| time/                   |             |
|    fps                  | 1412        |
|    iterations           | 93          |
|    time_elapsed         | 539         |
|    total_timesteps      | 5767168     |
| train/                  |             |
|    approx_kl            | 0.013780773 |
|    clip_fraction        | 0.472       |
|    clip_range           | 0.1         |
|    entropy_loss         | -3.28       |
|    explained_variance   | 0.743       |
|    learning_rate        | 0.0001      |
|    loss                 | 0.000679    |
|    n_updates            | 1394        |
|    policy_gradient_loss | 3.89e-05    |
|    std                  | 0.366       |
|    value_loss           | 0.0901      |
-----------------------------------------
Early stopping at step 6 due to reaching max kl: 0.03
-----------------------------------------
| rollout/                |             |
|    ep_len_mean          | 760         |
|    ep_rew_mean          | 2.3e+03     |
| time/                   |             |
|    fps                  | 1412        |
|    iterations           | 94          |
|    time_elapsed         | 545         |
|    total_timesteps      | 5775360     |
| train/                  |             |
|    approx_kl            | 0.015105245 |
|    clip_fraction        | 0.473       |
|    clip_range           | 0.1         |
|    entropy_loss         | -3.27       |
|    explained_variance   | 0.699       |
|    learning_rate        | 0.0001      |
|    loss                 | -0.00161    |
|    n_updates            | 1401        |
|    policy_gradient_loss | -0.00464    |
|    std                  | 0.365       |
|    value_loss           | 0.0631      |
-----------------------------------------
Early stopping at step 4 due to reaching max kl: 0.04
-----------------------------------------
| rollout/                |             |
|    ep_len_mean          | 763         |
|    ep_rew_mean          | 2.33e+03    |
| time/                   |             |
|    fps                  | 1415        |
|    iterations           | 95          |
|    time_elapsed         | 549         |
|    total_timesteps      | 5783552     |
| train/                  |             |
|    approx_kl            | 0.014802272 |
|    clip_fraction        | 0.453       |
|    clip_range           | 0.1         |
|    entropy_loss         | -3.25       |
|    explained_variance   | 0.914       |
|    learning_rate        | 0.0001      |
|    loss                 | -0.0243     |
|    n_updates            | 1406        |
|    policy_gradient_loss | -0.00295    |
|    std                  | 0.364       |
|    value_loss           | 0.0183      |
-----------------------------------------
Early stopping at step 6 due to reaching max kl: 0.03
-----------------------------------------
| rollout/                |             |
|    ep_len_mean          | 779         |
|    ep_rew_mean          | 2.39e+03    |
| time/                   |             |
|    fps                  | 1414        |
|    iterations           | 96          |
|    time_elapsed         | 555         |
|    total_timesteps      | 5791744     |
| train/                  |             |
|    approx_kl            | 0.016104855 |
|    clip_fraction        | 0.46        |
|    clip_range           | 0.1         |
|    entropy_loss         | -3.24       |
|    explained_variance   | 0.741       |
|    learning_rate        | 0.0001      |
|    loss                 | -0.0231     |
|    n_updates            | 1413        |
|    policy_gradient_loss | -0.0054     |
|    std                  | 0.364       |
|    value_loss           | 0.0492      |
-----------------------------------------
Early stopping at step 1 due to reaching max kl: 0.03
-----------------------------------------
| rollout/                |             |
|    ep_len_mean          | 787         |
|    ep_rew_mean          | 2.41e+03    |
| time/                   |             |
|    fps                  | 1419        |
|    iterations           | 97          |
|    time_elapsed         | 559         |
|    total_timesteps      | 5799936     |
| train/                  |             |
|    approx_kl            | 0.015140504 |
|    clip_fraction        | 0.398       |
|    clip_range           | 0.1         |
|    entropy_loss         | -3.23       |
|    explained_variance   | 0.791       |
|    learning_rate        | 0.0001      |
|    loss                 | -0.00149    |
|    n_updates            | 1415        |
|    policy_gradient_loss | 0.00919     |
|    std                  | 0.364       |
|    value_loss           | 0.0636      |
-----------------------------------------
Early stopping at step 5 due to reaching max kl: 0.03
-----------------------------------------
| rollout/                |             |
|    ep_len_mean          | 800         |
|    ep_rew_mean          | 2.45e+03    |
| time/                   |             |
|    fps                  | 1420        |
|    iterations           | 98          |
|    time_elapsed         | 565         |
|    total_timesteps      | 5808128     |
| train/                  |             |
|    approx_kl            | 0.015804805 |
|    clip_fraction        | 0.47        |
|    clip_range           | 0.1         |
|    entropy_loss         | -3.23       |
|    explained_variance   | 0.706       |
|    learning_rate        | 0.0001      |
|    loss                 | -0.0193     |
|    n_updates            | 1421        |
|    policy_gradient_loss | -0.00093    |
|    std                  | 0.363       |
|    value_loss           | 0.0967      |
-----------------------------------------
Early stopping at step 3 due to reaching max kl: 0.03
-----------------------------------------
| rollout/                |             |
|    ep_len_mean          | 788         |
|    ep_rew_mean          | 2.43e+03    |
| time/                   |             |
|    fps                  | 1422        |
|    iterations           | 99          |
|    time_elapsed         | 570         |
|    total_timesteps      | 5816320     |
| train/                  |             |
|    approx_kl            | 0.014659304 |
|    clip_fraction        | 0.458       |
|    clip_range           | 0.1         |
|    entropy_loss         | -3.22       |
|    explained_variance   | 0.897       |
|    learning_rate        | 0.0001      |
|    loss                 | 0.0181      |
|    n_updates            | 1425        |
|    policy_gradient_loss | -0.00143    |
|    std                  | 0.362       |
|    value_loss           | 0.0333      |
-----------------------------------------
Early stopping at step 3 due to reaching max kl: 0.03
-----------------------------------------
| rollout/                |             |
|    ep_len_mean          | 810         |
|    ep_rew_mean          | 2.49e+03    |
| time/                   |             |
|    fps                  | 1424        |
|    iterations           | 100         |
|    time_elapsed         | 575         |
|    total_timesteps      | 5824512     |
| train/                  |             |
|    approx_kl            | 0.016504962 |
|    clip_fraction        | 0.472       |
|    clip_range           | 0.1         |
|    entropy_loss         | -3.2        |
|    explained_variance   | 0.765       |
|    learning_rate        | 0.0001      |
|    loss                 | 0.133       |
|    n_updates            | 1429        |
|    policy_gradient_loss | 0.00118     |
|    std                  | 0.362       |
|    value_loss           | 0.0945      |
-----------------------------------------
Early stopping at step 1 due to reaching max kl: 0.03
-----------------------------------------
| rollout/                |             |
|    ep_len_mean          | 823         |
|    ep_rew_mean          | 2.53e+03    |
| time/                   |             |
|    fps                  | 1428        |
|    iterations           | 101         |
|    time_elapsed         | 579         |
|    total_timesteps      | 5832704     |
| train/                  |             |
|    approx_kl            | 0.012698804 |
|    clip_fraction        | 0.402       |
|    clip_range           | 0.1         |
|    entropy_loss         | -3.18       |
|    explained_variance   | 0.893       |
|    learning_rate        | 0.0001      |
|    loss                 | 0.0164      |
|    n_updates            | 1431        |
|    policy_gradient_loss | 0.0102      |
|    std                  | 0.361       |
|    value_loss           | 0.0337      |
-----------------------------------------
Early stopping at step 7 due to reaching max kl: 0.03
----------------------------------------
| rollout/                |            |
|    ep_len_mean          | 786        |
|    ep_rew_mean          | 2.42e+03   |
| time/                   |            |
|    fps                  | 1428       |
|    iterations           | 102        |
|    time_elapsed         | 584        |
|    total_timesteps      | 5840896    |
| train/                  |            |
|    approx_kl            | 0.02514702 |
|    clip_fraction        | 0.467      |
|    clip_range           | 0.1        |
|    entropy_loss         | -3.17      |
|    explained_variance   | 0.858      |
|    learning_rate        | 0.0001     |
|    loss                 | -0.00171   |
|    n_updates            | 1439       |
|    policy_gradient_loss | -0.00601   |
|    std                  | 0.36       |
|    value_loss           | 0.0413     |
----------------------------------------
-----------------------------------------
| rollout/                |             |
|    ep_len_mean          | 794         |
|    ep_rew_mean          | 2.45e+03    |
| time/                   |             |
|    fps                  | 1424        |
|    iterations           | 103         |
|    time_elapsed         | 592         |
|    total_timesteps      | 5849088     |
| train/                  |             |
|    approx_kl            | 0.015477225 |
|    clip_fraction        | 0.494       |
|    clip_range           | 0.1         |
|    entropy_loss         | -3.15       |
|    explained_variance   | 0.637       |
|    learning_rate        | 0.0001      |
|    loss                 | 0.0973      |
|    n_updates            | 1449        |
|    policy_gradient_loss | -0.00824    |
|    std                  | 0.36        |
|    value_loss           | 0.149       |
-----------------------------------------
Early stopping at step 1 due to reaching max kl: 0.10
-----------------------------------------
| rollout/                |             |
|    ep_len_mean          | 789         |
|    ep_rew_mean          | 2.44e+03    |
| time/                   |             |
|    fps                  | 1426        |
|    iterations           | 104         |
|    time_elapsed         | 597         |
|    total_timesteps      | 5857280     |
| train/                  |             |
|    approx_kl            | 0.014105747 |
|    clip_fraction        | 0.405       |
|    clip_range           | 0.1         |
|    entropy_loss         | -3.14       |
|    explained_variance   | 0.808       |
|    learning_rate        | 0.0001      |
|    loss                 | 0.00395     |
|    n_updates            | 1451        |
|    policy_gradient_loss | 0.00827     |
|    std                  | 0.359       |
|    value_loss           | 0.0329      |
-----------------------------------------
Early stopping at step 1 due to reaching max kl: 0.03
[Sensitivity progress] lr_1em04_clip_0.1: 854,752/1,007,616 additional steps; ETA 1.8 min
----------------------------------------
| rollout/                |            |
|    ep_len_mean          | 781        |
|    ep_rew_mean          | 2.42e+03   |
| time/                   |            |
|    fps                  | 1426       |
|    iterations           | 105        |
|    time_elapsed         | 603        |
|    total_timesteps      | 5865472    |
| train/                  |            |
|    approx_kl            | 0.01337802 |
|    clip_fraction        | 0.424      |
|    clip_range           | 0.1        |
|    entropy_loss         | -3.13      |
|    explained_variance   | 0.899      |
|    learning_rate        | 0.0001     |
|    loss                 | 0.0162     |
|    n_updates            | 1453       |
|    policy_gradient_loss | 0.00705    |
|    std                  | 0.359      |
|    value_loss           | 0.0334     |
----------------------------------------
Early stopping at step 3 due to reaching max kl: 0.03
-----------------------------------------
| rollout/                |             |
|    ep_len_mean          | 769         |
|    ep_rew_mean          | 2.41e+03    |
| time/                   |             |
|    fps                  | 1423        |
|    iterations           | 106         |
|    time_elapsed         | 610         |
|    total_timesteps      | 5873664     |
| train/                  |             |
|    approx_kl            | 0.014337744 |
|    clip_fraction        | 0.475       |
|    clip_range           | 0.1         |
|    entropy_loss         | -3.12       |
|    explained_variance   | 0.688       |
|    learning_rate        | 0.0001      |
|    loss                 | 0.0803      |
|    n_updates            | 1457        |
|    policy_gradient_loss | 0.00205     |
|    std                  | 0.358       |
|    value_loss           | 0.12        |
-----------------------------------------
-----------------------------------------
| rollout/                |             |
|    ep_len_mean          | 781         |
|    ep_rew_mean          | 2.45e+03    |
| time/                   |             |
|    fps                  | 1411        |
|    iterations           | 107         |
|    time_elapsed         | 620         |
|    total_timesteps      | 5881856     |
| train/                  |             |
|    approx_kl            | 0.015382939 |
|    clip_fraction        | 0.488       |
|    clip_range           | 0.1         |
|    entropy_loss         | -3.1        |
|    explained_variance   | 0.224       |
|    learning_rate        | 0.0001      |
|    loss                 | 0.0243      |
|    n_updates            | 1467        |
|    policy_gradient_loss | -0.00808    |
|    std                  | 0.357       |
|    value_loss           | 0.116       |
-----------------------------------------
Early stopping at step 1 due to reaching max kl: 0.04
-----------------------------------------
| rollout/                |             |
|    ep_len_mean          | 784         |
|    ep_rew_mean          | 2.46e+03    |
| time/                   |             |
|    fps                  | 1411        |
|    iterations           | 108         |
|    time_elapsed         | 626         |
|    total_timesteps      | 5890048     |
| train/                  |             |
|    approx_kl            | 0.018816214 |
|    clip_fraction        | 0.423       |
|    clip_range           | 0.1         |
|    entropy_loss         | -3.08       |
|    explained_variance   | 0.793       |
|    learning_rate        | 0.0001      |
|    loss                 | -0.00807    |
|    n_updates            | 1469        |
|    policy_gradient_loss | 0.00953     |
|    std                  | 0.356       |
|    value_loss           | 0.0702      |
-----------------------------------------
Early stopping at step 1 due to reaching max kl: 0.03
-----------------------------------------
| rollout/                |             |
|    ep_len_mean          | 781         |
|    ep_rew_mean          | 2.46e+03    |
| time/                   |             |
|    fps                  | 1411        |
|    iterations           | 109         |
|    time_elapsed         | 632         |
|    total_timesteps      | 5898240     |
| train/                  |             |
|    approx_kl            | 0.017179566 |
|    clip_fraction        | 0.422       |
|    clip_range           | 0.1         |
|    entropy_loss         | -3.07       |
|    explained_variance   | 0.647       |
|    learning_rate        | 0.0001      |
|    loss                 | 0.0163      |
|    n_updates            | 1471        |
|    policy_gradient_loss | 0.0101      |
|    std                  | 0.356       |
|    value_loss           | 0.0961      |
-----------------------------------------
Early stopping at step 1 due to reaching max kl: 0.04
-----------------------------------------
| rollout/                |             |
|    ep_len_mean          | 777         |
|    ep_rew_mean          | 2.45e+03    |
| time/                   |             |
|    fps                  | 1412        |
|    iterations           | 110         |
|    time_elapsed         | 637         |
|    total_timesteps      | 5906432     |
| train/                  |             |
|    approx_kl            | 0.014464833 |
|    clip_fraction        | 0.403       |
|    clip_range           | 0.1         |
|    entropy_loss         | -3.07       |
|    explained_variance   | 0.842       |
|    learning_rate        | 0.0001      |
|    loss                 | -0.00042    |
|    n_updates            | 1473        |
|    policy_gradient_loss | 0.00643     |
|    std                  | 0.356       |
|    value_loss           | 0.0472      |
-----------------------------------------
Early stopping at step 1 due to reaching max kl: 0.05
-----------------------------------------
| rollout/                |             |
|    ep_len_mean          | 794         |
|    ep_rew_mean          | 2.52e+03    |
| time/                   |             |
|    fps                  | 1412        |
|    iterations           | 111         |
|    time_elapsed         | 643         |
|    total_timesteps      | 5914624     |
| train/                  |             |
|    approx_kl            | 0.013228915 |
|    clip_fraction        | 0.412       |
|    clip_range           | 0.1         |
|    entropy_loss         | -3.07       |
|    explained_variance   | 0.828       |
|    learning_rate        | 0.0001      |
|    loss                 | 0.00157     |
|    n_updates            | 1475        |
|    policy_gradient_loss | 0.00706     |
|    std                  | 0.356       |
|    value_loss           | 0.0397      |
-----------------------------------------
Early stopping at step 3 due to reaching max kl: 0.04
-----------------------------------------
| rollout/                |             |
|    ep_len_mean          | 817         |
|    ep_rew_mean          | 2.59e+03    |
| time/                   |             |
|    fps                  | 1415        |
|    iterations           | 112         |
|    time_elapsed         | 648         |
|    total_timesteps      | 5922816     |
| train/                  |             |
|    approx_kl            | 0.016059402 |
|    clip_fraction        | 0.463       |
|    clip_range           | 0.1         |
|    entropy_loss         | -3.05       |
|    explained_variance   | 0.886       |
|    learning_rate        | 0.0001      |
|    loss                 | -0.00743    |
|    n_updates            | 1479        |
|    policy_gradient_loss | 0.00272     |
|    std                  | 0.355       |
|    value_loss           | 0.0349      |
-----------------------------------------
Early stopping at step 6 due to reaching max kl: 0.03
-----------------------------------------
| rollout/                |             |
|    ep_len_mean          | 795         |
|    ep_rew_mean          | 2.5e+03     |
| time/                   |             |
|    fps                  | 1416        |
|    iterations           | 113         |
|    time_elapsed         | 653         |
|    total_timesteps      | 5931008     |
| train/                  |             |
|    approx_kl            | 0.016272165 |
|    clip_fraction        | 0.484       |
|    clip_range           | 0.1         |
|    entropy_loss         | -3.04       |
|    explained_variance   | 0.785       |
|    learning_rate        | 0.0001      |
|    loss                 | 0.0949      |
|    n_updates            | 1486        |
|    policy_gradient_loss | -0.00594    |
|    std                  | 0.355       |
|    value_loss           | 0.0704      |
-----------------------------------------
Early stopping at step 2 due to reaching max kl: 0.03
-----------------------------------------
| rollout/                |             |
|    ep_len_mean          | 798         |
|    ep_rew_mean          | 2.52e+03    |
| time/                   |             |
|    fps                  | 1419        |
|    iterations           | 114         |
|    time_elapsed         | 658         |
|    total_timesteps      | 5939200     |
| train/                  |             |
|    approx_kl            | 0.013622595 |
|    clip_fraction        | 0.446       |
|    clip_range           | 0.1         |
|    entropy_loss         | -3.03       |
|    explained_variance   | 0.853       |
|    learning_rate        | 0.0001      |
|    loss                 | -0.00349    |
|    n_updates            | 1489        |
|    policy_gradient_loss | 0.00364     |
|    std                  | 0.354       |
|    value_loss           | 0.0523      |
-----------------------------------------
Early stopping at step 2 due to reaching max kl: 0.04
-----------------------------------------
| rollout/                |             |
|    ep_len_mean          | 810         |
|    ep_rew_mean          | 2.55e+03    |
| time/                   |             |
|    fps                  | 1421        |
|    iterations           | 115         |
|    time_elapsed         | 662         |
|    total_timesteps      | 5947392     |
| train/                  |             |
|    approx_kl            | 0.012721938 |
|    clip_fraction        | 0.434       |
|    clip_range           | 0.1         |
|    entropy_loss         | -3.02       |
|    explained_variance   | 0.883       |
|    learning_rate        | 0.0001      |
|    loss                 | -0.0106     |
|    n_updates            | 1492        |
|    policy_gradient_loss | 0.00249     |
|    std                  | 0.354       |
|    value_loss           | 0.0354      |
-----------------------------------------
Early stopping at step 1 due to reaching max kl: 0.03
-----------------------------------------
| rollout/                |             |
|    ep_len_mean          | 819         |
|    ep_rew_mean          | 2.58e+03    |
| time/                   |             |
|    fps                  | 1425        |
|    iterations           | 116         |
|    time_elapsed         | 666         |
|    total_timesteps      | 5955584     |
| train/                  |             |
|    approx_kl            | 0.013335294 |
|    clip_fraction        | 0.422       |
|    clip_range           | 0.1         |
|    entropy_loss         | -3.01       |
|    explained_variance   | 0.773       |
|    learning_rate        | 0.0001      |
|    loss                 | 0.0446      |
|    n_updates            | 1494        |
|    policy_gradient_loss | 0.00749     |
|    std                  | 0.354       |
|    value_loss           | 0.0898      |
-----------------------------------------
Early stopping at step 1 due to reaching max kl: 0.03
-----------------------------------------
| rollout/                |             |
|    ep_len_mean          | 790         |
|    ep_rew_mean          | 2.47e+03    |
| time/                   |             |
|    fps                  | 1428        |
|    iterations           | 117         |
|    time_elapsed         | 671         |
|    total_timesteps      | 5963776     |
| train/                  |             |
|    approx_kl            | 0.014315568 |
|    clip_fraction        | 0.438       |
|    clip_range           | 0.1         |
|    entropy_loss         | -3.01       |
|    explained_variance   | 0.701       |
|    learning_rate        | 0.0001      |
|    loss                 | 0.0463      |
|    n_updates            | 1496        |
|    policy_gradient_loss | 0.00814     |
|    std                  | 0.353       |
|    value_loss           | 0.0929      |
-----------------------------------------
Early stopping at step 4 due to reaching max kl: 0.04
-----------------------------------------
| rollout/                |             |
|    ep_len_mean          | 802         |
|    ep_rew_mean          | 2.51e+03    |
| time/                   |             |
|    fps                  | 1427        |
|    iterations           | 118         |
|    time_elapsed         | 677         |
|    total_timesteps      | 5971968     |
| train/                  |             |
|    approx_kl            | 0.015972894 |
|    clip_fraction        | 0.488       |
|    clip_range           | 0.1         |
|    entropy_loss         | -3          |
|    explained_variance   | 0.732       |
|    learning_rate        | 0.0001      |
|    loss                 | 0.021       |
|    n_updates            | 1501        |
|    policy_gradient_loss | -0.000755   |
|    std                  | 0.353       |
|    value_loss           | 0.0742      |
-----------------------------------------
Early stopping at step 1 due to reaching max kl: 0.03
-----------------------------------------
| rollout/                |             |
|    ep_len_mean          | 781         |
|    ep_rew_mean          | 2.47e+03    |
| time/                   |             |
|    fps                  | 1429        |
|    iterations           | 119         |
|    time_elapsed         | 682         |
|    total_timesteps      | 5980160     |
| train/                  |             |
|    approx_kl            | 0.013378768 |
|    clip_fraction        | 0.431       |
|    clip_range           | 0.1         |
|    entropy_loss         | -2.99       |
|    explained_variance   | 0.781       |
|    learning_rate        | 0.0001      |
|    loss                 | 0.00683     |
|    n_updates            | 1503        |
|    policy_gradient_loss | 0.00559     |
|    std                  | 0.352       |
|    value_loss           | 0.0553      |
-----------------------------------------
Early stopping at step 5 due to reaching max kl: 0.03
-----------------------------------------
| rollout/                |             |
|    ep_len_mean          | 785         |
|    ep_rew_mean          | 2.46e+03    |
| time/                   |             |
|    fps                  | 1426        |
|    iterations           | 120         |
|    time_elapsed         | 688         |
|    total_timesteps      | 5988352     |
| train/                  |             |
|    approx_kl            | 0.015509095 |
|    clip_fraction        | 0.483       |
|    clip_range           | 0.1         |
|    entropy_loss         | -2.98       |
|    explained_variance   | 0.71        |
|    learning_rate        | 0.0001      |
|    loss                 | -0.0111     |
|    n_updates            | 1509        |
|    policy_gradient_loss | -0.00258    |
|    std                  | 0.352       |
|    value_loss           | 0.084       |
-----------------------------------------
Early stopping at step 3 due to reaching max kl: 0.03
-----------------------------------------
| rollout/                |             |
|    ep_len_mean          | 780         |
|    ep_rew_mean          | 2.45e+03    |
| time/                   |             |
|    fps                  | 1428        |
|    iterations           | 121         |
|    time_elapsed         | 693         |
|    total_timesteps      | 5996544     |
| train/                  |             |
|    approx_kl            | 0.018991334 |
|    clip_fraction        | 0.463       |
|    clip_range           | 0.1         |
|    entropy_loss         | -2.97       |
|    explained_variance   | 0.854       |
|    learning_rate        | 0.0001      |
|    loss                 | -0.0157     |
|    n_updates            | 1513        |
|    policy_gradient_loss | 0.00242     |
|    std                  | 0.352       |
|    value_loss           | 0.0419      |
-----------------------------------------
Early stopping at step 3 due to reaching max kl: 0.03
-----------------------------------------
| rollout/                |             |
|    ep_len_mean          | 797         |
|    ep_rew_mean          | 2.51e+03    |
| time/                   |             |
|    fps                  | 1427        |
|    iterations           | 122         |
|    time_elapsed         | 699         |
|    total_timesteps      | 6004736     |
| train/                  |             |
|    approx_kl            | 0.015464362 |
|    clip_fraction        | 0.474       |
|    clip_range           | 0.1         |
|    entropy_loss         | -2.97       |
|    explained_variance   | 0.797       |
|    learning_rate        | 0.0001      |
|    loss                 | -0.0122     |
|    n_updates            | 1517        |
|    policy_gradient_loss | 0.000729    |
|    std                  | 0.351       |
|    value_loss           | 0.0611      |
-----------------------------------------
Early stopping at step 6 due to reaching max kl: 0.03
-----------------------------------------
| rollout/                |             |
|    ep_len_mean          | 812         |
|    ep_rew_mean          | 2.55e+03    |
| time/                   |             |
|    fps                  | 1419        |
|    iterations           | 123         |
|    time_elapsed         | 709         |
|    total_timesteps      | 6012928     |
| train/                  |             |
|    approx_kl            | 0.014833219 |
|    clip_fraction        | 0.478       |
|    clip_range           | 0.1         |
|    entropy_loss         | -2.94       |
|    explained_variance   | 0.538       |
|    learning_rate        | 0.0001      |
|    loss                 | 0.0242      |
|    n_updates            | 1524        |
|    policy_gradient_loss | -0.00455    |
|    std                  | 0.35        |
|    value_loss           | 0.0589      |
-----------------------------------------
Early stopping at step 1 due to reaching max kl: 0.03
-----------------------------------------
| train/                  |             |
|    approx_kl            | 0.014183354 |
|    clip_fraction        | 0.426       |
|    clip_range           | 0.1         |
|    entropy_loss         | -2.93       |
|    explained_variance   | 0.86        |
|    learning_rate        | 0.0001      |
|    loss                 | 0.0039      |
|    n_updates            | 1526        |
|    policy_gradient_loss | 0.00764     |
|    std                  | 0.35        |
|    value_loss           | 0.0483      |
-----------------------------------------
Evaluated robust policy seed=6 damage_leg=healthy alpha=1.000 episodes=10
mean_return=3361.829 mean_distance=61.761 mean_horizontal_distance=62.207 mean_speed=1.441 mean_horizontal_speed=1.454 mean_length=888.4 early_termination_rate=0.200
Model parameters unchanged: yes
CSV: /home/tommicalzolari/damage-robust-ant-rl/artifacts/sensitivity/robust_seed_6_1m/lr_1em04_clip_0.1/evaluation/episode_results.csv
Evaluated robust policy seed=6 damage_leg=front_left alpha=0.500 episodes=10
mean_return=3845.659 mean_distance=72.306 mean_horizontal_distance=75.898 mean_speed=1.446 mean_horizontal_speed=1.518 mean_length=1000.0 early_termination_rate=0.000
Model parameters unchanged: yes
CSV: /home/tommicalzolari/damage-robust-ant-rl/artifacts/sensitivity/robust_seed_6_1m/lr_1em04_clip_0.1/evaluation/episode_results.csv
Evaluated robust policy seed=6 damage_leg=front_right alpha=0.500 episodes=10
mean_return=3568.810 mean_distance=53.019 mean_horizontal_distance=53.681 mean_speed=1.077 mean_horizontal_speed=1.091 mean_length=990.4 early_termination_rate=0.100
Model parameters unchanged: yes
CSV: /home/tommicalzolari/damage-robust-ant-rl/artifacts/sensitivity/robust_seed_6_1m/lr_1em04_clip_0.1/evaluation/episode_results.csv
Evaluated robust policy seed=6 damage_leg=back_left alpha=0.500 episodes=10
mean_return=4032.903 mean_distance=76.874 mean_horizontal_distance=77.806 mean_speed=1.537 mean_horizontal_speed=1.556 mean_length=1000.0 early_termination_rate=0.000
Model parameters unchanged: yes
CSV: /home/tommicalzolari/damage-robust-ant-rl/artifacts/sensitivity/robust_seed_6_1m/lr_1em04_clip_0.1/evaluation/episode_results.csv
Evaluated robust policy seed=6 damage_leg=back_right alpha=0.500 episodes=10
mean_return=3398.632 mean_distance=58.212 mean_horizontal_distance=58.570 mean_speed=1.259 mean_horizontal_speed=1.284 mean_length=903.7 early_termination_rate=0.100
Model parameters unchanged: yes
CSV: /home/tommicalzolari/damage-robust-ant-rl/artifacts/sensitivity/robust_seed_6_1m/lr_1em04_clip_0.1/evaluation/episode_results.csv
[Sensitivity 1/4] lr_1em04_clip_0.1: moderate distance=65.103 m, early=0.050
[Sensitivity 2/4] lr_1em04_clip_0.2: loading robust seed-6 model and training 1,000,000 additional steps
Logging to /home/tommicalzolari/damage-robust-ant-rl/artifacts/sensitivity/robust_seed_6_1m/lr_1em04_clip_0.2/tensorboard/PPO_0
---------------------------------
| rollout/           |          |
|    ep_len_mean     | 695      |
|    ep_rew_mean     | 1.79e+03 |
| time/              |          |
|    fps             | 2262     |
|    iterations      | 1        |
|    time_elapsed    | 3        |
|    total_timesteps | 5013504  |
---------------------------------
Early stopping at step 1 due to reaching max kl: 0.04
-----------------------------------------
| rollout/                |             |
|    ep_len_mean          | 711         |
|    ep_rew_mean          | 1.84e+03    |
| time/                   |             |
|    fps                  | 2177        |
|    iterations           | 2           |
|    time_elapsed         | 7           |
|    total_timesteps      | 5021696     |
| train/                  |             |
|    approx_kl            | 0.017188355 |
|    clip_fraction        | 0.194       |
|    clip_range           | 0.2         |
|    entropy_loss         | -4.99       |
|    explained_variance   | 0.573       |
|    learning_rate        | 0.0001      |
|    loss                 | 0.0222      |
|    n_updates            | 781         |
|    policy_gradient_loss | -0.00129    |
|    std                  | 0.453       |
|    value_loss           | 0.0666      |
-----------------------------------------
Early stopping at step 1 due to reaching max kl: 0.03
-----------------------------------------
| rollout/                |             |
|    ep_len_mean          | 705         |
|    ep_rew_mean          | 1.83e+03    |
| time/                   |             |
|    fps                  | 2128        |
|    iterations           | 3           |
|    time_elapsed         | 11          |
|    total_timesteps      | 5029888     |
| train/                  |             |
|    approx_kl            | 0.015356857 |
|    clip_fraction        | 0.181       |
|    clip_range           | 0.2         |
|    entropy_loss         | -4.98       |
|    explained_variance   | 0.748       |
|    learning_rate        | 0.0001      |
|    loss                 | 0.0316      |
|    n_updates            | 783         |
|    policy_gradient_loss | -0.00131    |
|    std                  | 0.452       |
|    value_loss           | 0.0292      |
-----------------------------------------
Early stopping at step 1 due to reaching max kl: 0.03
-----------------------------------------
| rollout/                |             |
|    ep_len_mean          | 690         |
|    ep_rew_mean          | 1.81e+03    |
| time/                   |             |
|    fps                  | 2136        |
|    iterations           | 4           |
|    time_elapsed         | 15          |
|    total_timesteps      | 5038080     |
| train/                  |             |
|    approx_kl            | 0.015161082 |
|    clip_fraction        | 0.156       |
|    clip_range           | 0.2         |
|    entropy_loss         | -4.97       |
|    explained_variance   | 0.561       |
|    learning_rate        | 0.0001      |
|    loss                 | 0.00108     |
|    n_updates            | 785         |
|    policy_gradient_loss | 0.000434    |
|    std                  | 0.452       |
|    value_loss           | 0.0966      |
-----------------------------------------
Early stopping at step 3 due to reaching max kl: 0.03
-----------------------------------------
| rollout/                |             |
|    ep_len_mean          | 697         |
|    ep_rew_mean          | 1.82e+03    |
| time/                   |             |
|    fps                  | 2068        |
|    iterations           | 5           |
|    time_elapsed         | 19          |
|    total_timesteps      | 5046272     |
| train/                  |             |
|    approx_kl            | 0.020542998 |
|    clip_fraction        | 0.232       |
|    clip_range           | 0.2         |
|    entropy_loss         | -4.95       |
|    explained_variance   | 0.561       |
|    learning_rate        | 0.0001      |
|    loss                 | 0.0171      |
|    n_updates            | 789         |
|    policy_gradient_loss | -0.0092     |
|    std                  | 0.45        |
|    value_loss           | 0.0852      |
-----------------------------------------
Early stopping at step 1 due to reaching max kl: 0.03
----------------------------------------
| rollout/                |            |
|    ep_len_mean          | 683        |
|    ep_rew_mean          | 1.78e+03   |
| time/                   |            |
|    fps                  | 2101       |
|    iterations           | 6          |
|    time_elapsed         | 23         |
|    total_timesteps      | 5054464    |
| train/                  |            |
|    approx_kl            | 0.01691797 |
|    clip_fraction        | 0.16       |
|    clip_range           | 0.2        |
|    entropy_loss         | -4.94      |
|    explained_variance   | 0.608      |
|    learning_rate        | 0.0001     |
|    loss                 | 0.0181     |
|    n_updates            | 791        |
|    policy_gradient_loss | 0.00603    |
|    std                  | 0.45       |
|    value_loss           | 0.0929     |
----------------------------------------
Early stopping at step 2 due to reaching max kl: 0.03
-----------------------------------------
| rollout/                |             |
|    ep_len_mean          | 701         |
|    ep_rew_mean          | 1.82e+03    |
| time/                   |             |
|    fps                  | 2031        |
|    iterations           | 7           |
|    time_elapsed         | 28          |
|    total_timesteps      | 5062656     |
| train/                  |             |
|    approx_kl            | 0.018943412 |
|    clip_fraction        | 0.233       |
|    clip_range           | 0.2         |
|    entropy_loss         | -4.93       |
|    explained_variance   | 0.542       |
|    learning_rate        | 0.0001      |
|    loss                 | 0.0126      |
|    n_updates            | 794         |
|    policy_gradient_loss | -0.00561    |
|    std                  | 0.449       |
|    value_loss           | 0.121       |
-----------------------------------------
Early stopping at step 1 due to reaching max kl: 0.03
-----------------------------------------
| rollout/                |             |
|    ep_len_mean          | 694         |
|    ep_rew_mean          | 1.8e+03     |
| time/                   |             |
|    fps                  | 2029        |
|    iterations           | 8           |
|    time_elapsed         | 32          |
|    total_timesteps      | 5070848     |
| train/                  |             |
|    approx_kl            | 0.015140121 |
|    clip_fraction        | 0.155       |
|    clip_range           | 0.2         |
|    entropy_loss         | -4.91       |
|    explained_variance   | 0.7         |
|    learning_rate        | 0.0001      |
|    loss                 | 0.0571      |
|    n_updates            | 796         |
|    policy_gradient_loss | 0.000791    |
|    std                  | 0.448       |
|    value_loss           | 0.0495      |
-----------------------------------------
Early stopping at step 1 due to reaching max kl: 0.03
-----------------------------------------
| rollout/                |             |
|    ep_len_mean          | 695         |
|    ep_rew_mean          | 1.8e+03     |
| time/                   |             |
|    fps                  | 2007        |
|    iterations           | 9           |
|    time_elapsed         | 36          |
|    total_timesteps      | 5079040     |
| train/                  |             |
|    approx_kl            | 0.017915806 |
|    clip_fraction        | 0.182       |
|    clip_range           | 0.2         |
|    entropy_loss         | -4.9        |
|    explained_variance   | 0.583       |
|    learning_rate        | 0.0001      |
|    loss                 | 0.0126      |
|    n_updates            | 798         |
|    policy_gradient_loss | -0.000339   |
|    std                  | 0.448       |
|    value_loss           | 0.107       |
-----------------------------------------
Early stopping at step 1 due to reaching max kl: 0.03
-----------------------------------------
| rollout/                |             |
|    ep_len_mean          | 679         |
|    ep_rew_mean          | 1.77e+03    |
| time/                   |             |
|    fps                  | 2008        |
|    iterations           | 10          |
|    time_elapsed         | 40          |
|    total_timesteps      | 5087232     |
| train/                  |             |
|    approx_kl            | 0.018031172 |
|    clip_fraction        | 0.188       |
|    clip_range           | 0.2         |
|    entropy_loss         | -4.9        |
|    explained_variance   | 0.493       |
|    learning_rate        | 0.0001      |
|    loss                 | -0.0258     |
|    n_updates            | 800         |
|    policy_gradient_loss | -0.00169    |
|    std                  | 0.448       |
|    value_loss           | 0.12        |
-----------------------------------------
Early stopping at step 2 due to reaching max kl: 0.03
-----------------------------------------
| rollout/                |             |
|    ep_len_mean          | 681         |
|    ep_rew_mean          | 1.79e+03    |
| time/                   |             |
|    fps                  | 2030        |
|    iterations           | 11          |
|    time_elapsed         | 44          |
|    total_timesteps      | 5095424     |
| train/                  |             |
|    approx_kl            | 0.020155737 |
|    clip_fraction        | 0.227       |
|    clip_range           | 0.2         |
|    entropy_loss         | -4.89       |
|    explained_variance   | 0.514       |
|    learning_rate        | 0.0001      |
|    loss                 | 0.033       |
|    n_updates            | 803         |
|    policy_gradient_loss | -0.00154    |
|    std                  | 0.447       |
|    value_loss           | 0.0844      |
-----------------------------------------
Early stopping at step 1 due to reaching max kl: 0.03
-----------------------------------------
| rollout/                |             |
|    ep_len_mean          | 680         |
|    ep_rew_mean          | 1.78e+03    |
| time/                   |             |
|    fps                  | 2055        |
|    iterations           | 12          |
|    time_elapsed         | 47          |
|    total_timesteps      | 5103616     |
| train/                  |             |
|    approx_kl            | 0.016954808 |
|    clip_fraction        | 0.183       |
|    clip_range           | 0.2         |
|    entropy_loss         | -4.88       |
|    explained_variance   | 0.576       |
|    learning_rate        | 0.0001      |
|    loss                 | 0.0701      |
|    n_updates            | 805         |
|    policy_gradient_loss | -0.0004     |
|    std                  | 0.446       |
|    value_loss           | 0.0685      |
-----------------------------------------
Early stopping at step 1 due to reaching max kl: 0.03
-----------------------------------------
| rollout/                |             |
|    ep_len_mean          | 693         |
|    ep_rew_mean          | 1.81e+03    |
| time/                   |             |
|    fps                  | 2073        |
|    iterations           | 13          |
|    time_elapsed         | 51          |
|    total_timesteps      | 5111808     |
| train/                  |             |
|    approx_kl            | 0.016853731 |
|    clip_fraction        | 0.187       |
|    clip_range           | 0.2         |
|    entropy_loss         | -4.88       |
|    explained_variance   | 0.5         |
|    learning_rate        | 0.0001      |
|    loss                 | 0.0822      |
|    n_updates            | 807         |
|    policy_gradient_loss | -0.00105    |
|    std                  | 0.446       |
|    value_loss           | 0.122       |
-----------------------------------------
Early stopping at step 2 due to reaching max kl: 0.03
-----------------------------------------
| rollout/                |             |
|    ep_len_mean          | 715         |
|    ep_rew_mean          | 1.86e+03    |
| time/                   |             |
|    fps                  | 2071        |
|    iterations           | 14          |
|    time_elapsed         | 55          |
|    total_timesteps      | 5120000     |
| train/                  |             |
|    approx_kl            | 0.019247161 |
|    clip_fraction        | 0.22        |
|    clip_range           | 0.2         |
|    entropy_loss         | -4.87       |
|    explained_variance   | 0.631       |
|    learning_rate        | 0.0001      |
|    loss                 | 0.0168      |
|    n_updates            | 810         |
|    policy_gradient_loss | -0.00833    |
|    std                  | 0.445       |
|    value_loss           | 0.0638      |
-----------------------------------------
Early stopping at step 1 due to reaching max kl: 0.03
-----------------------------------------
| rollout/                |             |
|    ep_len_mean          | 730         |
|    ep_rew_mean          | 1.91e+03    |
| time/                   |             |
|    fps                  | 2060        |
|    iterations           | 15          |
|    time_elapsed         | 59          |
|    total_timesteps      | 5128192     |
| train/                  |             |
|    approx_kl            | 0.017986992 |
|    clip_fraction        | 0.199       |
|    clip_range           | 0.2         |
|    entropy_loss         | -4.86       |
|    explained_variance   | 0.554       |
|    learning_rate        | 0.0001      |
|    loss                 | 0.156       |
|    n_updates            | 812         |
|    policy_gradient_loss | -0.00055    |
|    std                  | 0.445       |
|    value_loss           | 0.0865      |
-----------------------------------------
Early stopping at step 3 due to reaching max kl: 0.04
----------------------------------------
| rollout/                |            |
|    ep_len_mean          | 696        |
|    ep_rew_mean          | 1.83e+03   |
| time/                   |            |
|    fps                  | 2044       |
|    iterations           | 16         |
|    time_elapsed         | 64         |
|    total_timesteps      | 5136384    |
| train/                  |            |
|    approx_kl            | 0.03523615 |
|    clip_fraction        | 0.229      |
|    clip_range           | 0.2        |
|    entropy_loss         | -4.84      |
|    explained_variance   | 0.704      |
|    learning_rate        | 0.0001     |
|    loss                 | 0.0407     |
|    n_updates            | 816        |
|    policy_gradient_loss | -0.00765   |
|    std                  | 0.444      |
|    value_loss           | 0.0516     |
----------------------------------------
Early stopping at step 1 due to reaching max kl: 0.04
-----------------------------------------
| rollout/                |             |
|    ep_len_mean          | 712         |
|    ep_rew_mean          | 1.87e+03    |
| time/                   |             |
|    fps                  | 2046        |
|    iterations           | 17          |
|    time_elapsed         | 68          |
|    total_timesteps      | 5144576     |
| train/                  |             |
|    approx_kl            | 0.015692346 |
|    clip_fraction        | 0.151       |
|    clip_range           | 0.2         |
|    entropy_loss         | -4.82       |
|    explained_variance   | 0.508       |
|    learning_rate        | 0.0001      |
|    loss                 | 0.022       |
|    n_updates            | 818         |
|    policy_gradient_loss | 0.00314     |
|    std                  | 0.443       |
|    value_loss           | 0.113       |
-----------------------------------------
Early stopping at step 2 due to reaching max kl: 0.03
-----------------------------------------
| rollout/                |             |
|    ep_len_mean          | 731         |
|    ep_rew_mean          | 1.94e+03    |
| time/                   |             |
|    fps                  | 2046        |
|    iterations           | 18          |
|    time_elapsed         | 72          |
|    total_timesteps      | 5152768     |
| train/                  |             |
|    approx_kl            | 0.034650363 |
|    clip_fraction        | 0.196       |
|    clip_range           | 0.2         |
|    entropy_loss         | -4.81       |
|    explained_variance   | 0.65        |
|    learning_rate        | 0.0001      |
|    loss                 | 0.000517    |
|    n_updates            | 821         |
|    policy_gradient_loss | -0.0011     |
|    std                  | 0.442       |
|    value_loss           | 0.0661      |
-----------------------------------------
Early stopping at step 0 due to reaching max kl: 0.04
-----------------------------------------
| rollout/                |             |
|    ep_len_mean          | 705         |
|    ep_rew_mean          | 1.87e+03    |
| time/                   |             |
|    fps                  | 2058        |
|    iterations           | 19          |
|    time_elapsed         | 75          |
|    total_timesteps      | 5160960     |
| train/                  |             |
|    approx_kl            | 0.009866321 |
|    clip_fraction        | 0.124       |
|    clip_range           | 0.2         |
|    entropy_loss         | -4.79       |
|    explained_variance   | 0.548       |
|    learning_rate        | 0.0001      |
|    loss                 | 0.111       |
|    n_updates            | 822         |
|    policy_gradient_loss | 0.00117     |
|    std                  | 0.442       |
|    value_loss           | 0.102       |
-----------------------------------------
Early stopping at step 1 due to reaching max kl: 0.03
----------------------------------------
| rollout/                |            |
|    ep_len_mean          | 701        |
|    ep_rew_mean          | 1.87e+03   |
| time/                   |            |
|    fps                  | 2062       |
|    iterations           | 20         |
|    time_elapsed         | 79         |
|    total_timesteps      | 5169152    |
| train/                  |            |
|    approx_kl            | 0.01935189 |
|    clip_fraction        | 0.196      |
|    clip_range           | 0.2        |
|    entropy_loss         | -4.79      |
|    explained_variance   | 0.555      |
|    learning_rate        | 0.0001     |
|    loss                 | -0.00614   |
|    n_updates            | 824        |
|    policy_gradient_loss | -0.0007    |
|    std                  | 0.442      |
|    value_loss           | 0.138      |
----------------------------------------
Early stopping at step 2 due to reaching max kl: 0.03
-----------------------------------------
| rollout/                |             |
|    ep_len_mean          | 687         |
|    ep_rew_mean          | 1.85e+03    |
| time/                   |             |
|    fps                  | 2054        |
|    iterations           | 21          |
|    time_elapsed         | 83          |
|    total_timesteps      | 5177344     |
| train/                  |             |
|    approx_kl            | 0.018160675 |
|    clip_fraction        | 0.222       |
|    clip_range           | 0.2         |
|    entropy_loss         | -4.79       |
|    explained_variance   | 0.6         |
|    learning_rate        | 0.0001      |
|    loss                 | -0.00451    |
|    n_updates            | 827         |
|    policy_gradient_loss | -0.00373    |
|    std                  | 0.441       |
|    value_loss           | 0.104       |
-----------------------------------------
Early stopping at step 1 due to reaching max kl: 0.03
----------------------------------------
| rollout/                |            |
|    ep_len_mean          | 686        |
|    ep_rew_mean          | 1.85e+03   |
| time/                   |            |
|    fps                  | 2056       |
|    iterations           | 22         |
|    time_elapsed         | 87         |
|    total_timesteps      | 5185536    |
| train/                  |            |
|    approx_kl            | 0.01732065 |
|    clip_fraction        | 0.208      |
|    clip_range           | 0.2        |
|    entropy_loss         | -4.78      |
|    explained_variance   | 0.473      |
|    learning_rate        | 0.0001     |
|    loss                 | 0.00904    |
|    n_updates            | 829        |
|    policy_gradient_loss | -2.25e-05  |
|    std                  | 0.441      |
|    value_loss           | 0.124      |
----------------------------------------
Early stopping at step 1 due to reaching max kl: 0.04
-----------------------------------------
| rollout/                |             |
|    ep_len_mean          | 670         |
|    ep_rew_mean          | 1.81e+03    |
| time/                   |             |
|    fps                  | 2053        |
|    iterations           | 23          |
|    time_elapsed         | 91          |
|    total_timesteps      | 5193728     |
| train/                  |             |
|    approx_kl            | 0.017022775 |
|    clip_fraction        | 0.172       |
|    clip_range           | 0.2         |
|    entropy_loss         | -4.77       |
|    explained_variance   | 0.601       |
|    learning_rate        | 0.0001      |
|    loss                 | 0.0188      |
|    n_updates            | 831         |
|    policy_gradient_loss | 0.00392     |
|    std                  | 0.44        |
|    value_loss           | 0.103       |
-----------------------------------------
Early stopping at step 0 due to reaching max kl: 0.03
-----------------------------------------
| rollout/                |             |
|    ep_len_mean          | 667         |
|    ep_rew_mean          | 1.82e+03    |
| time/                   |             |
|    fps                  | 2062        |
|    iterations           | 24          |
|    time_elapsed         | 95          |
|    total_timesteps      | 5201920     |
| train/                  |             |
|    approx_kl            | 0.010431387 |
|    clip_fraction        | 0.145       |
|    clip_range           | 0.2         |
|    entropy_loss         | -4.76       |
|    explained_variance   | 0.515       |
|    learning_rate        | 0.0001      |
|    loss                 | 0.033       |
|    n_updates            | 832         |
|    policy_gradient_loss | 0.00403     |
|    std                  | 0.44        |
|    value_loss           | 0.121       |
-----------------------------------------
Early stopping at step 1 due to reaching max kl: 0.03
-----------------------------------------
| rollout/                |             |
|    ep_len_mean          | 650         |
|    ep_rew_mean          | 1.8e+03     |
| time/                   |             |
|    fps                  | 2065        |
|    iterations           | 25          |
|    time_elapsed         | 99          |
|    total_timesteps      | 5210112     |
| train/                  |             |
|    approx_kl            | 0.019776367 |
|    clip_fraction        | 0.199       |
|    clip_range           | 0.2         |
|    entropy_loss         | -4.76       |
|    explained_variance   | 0.501       |
|    learning_rate        | 0.0001      |
|    loss                 | 0.0546      |
|    n_updates            | 834         |
|    policy_gradient_loss | -0.000338   |
|    std                  | 0.44        |
|    value_loss           | 0.117       |
-----------------------------------------
Early stopping at step 0 due to reaching max kl: 0.03
-----------------------------------------
| rollout/                |             |
|    ep_len_mean          | 657         |
|    ep_rew_mean          | 1.81e+03    |
| time/                   |             |
|    fps                  | 2072        |
|    iterations           | 26          |
|    time_elapsed         | 102         |
|    total_timesteps      | 5218304     |
| train/                  |             |
|    approx_kl            | 0.013111516 |
|    clip_fraction        | 0.175       |
|    clip_range           | 0.2         |
|    entropy_loss         | -4.76       |
|    explained_variance   | 0.413       |
|    learning_rate        | 0.0001      |
|    loss                 | 0.0395      |
|    n_updates            | 835         |
|    policy_gradient_loss | 0.00707     |
|    std                  | 0.44        |
|    value_loss           | 0.171       |
-----------------------------------------
Early stopping at step 1 due to reaching max kl: 0.04
-----------------------------------------
| rollout/                |             |
|    ep_len_mean          | 685         |
|    ep_rew_mean          | 1.88e+03    |
| time/                   |             |
|    fps                  | 2075        |
|    iterations           | 27          |
|    time_elapsed         | 106         |
|    total_timesteps      | 5226496     |
| train/                  |             |
|    approx_kl            | 0.016785435 |
|    clip_fraction        | 0.168       |
|    clip_range           | 0.2         |
|    entropy_loss         | -4.75       |
|    explained_variance   | 0.697       |
|    learning_rate        | 0.0001      |
|    loss                 | 0.0934      |
|    n_updates            | 837         |
|    policy_gradient_loss | 0.00128     |
|    std                  | 0.439       |
|    value_loss           | 0.0646      |
-----------------------------------------
Early stopping at step 2 due to reaching max kl: 0.03
-----------------------------------------
| rollout/                |             |
|    ep_len_mean          | 718         |
|    ep_rew_mean          | 1.96e+03    |
| time/                   |             |
|    fps                  | 2071        |
|    iterations           | 28          |
|    time_elapsed         | 110         |
|    total_timesteps      | 5234688     |
| train/                  |             |
|    approx_kl            | 0.019154584 |
|    clip_fraction        | 0.214       |
|    clip_range           | 0.2         |
|    entropy_loss         | -4.73       |
|    explained_variance   | 0.769       |
|    learning_rate        | 0.0001      |
|    loss                 | -0.0164     |
|    n_updates            | 840         |
|    policy_gradient_loss | -0.00644    |
|    std                  | 0.438       |
|    value_loss           | 0.0275      |
-----------------------------------------
Early stopping at step 0 due to reaching max kl: 0.03
-----------------------------------------
| rollout/                |             |
|    ep_len_mean          | 733         |
|    ep_rew_mean          | 1.99e+03    |
| time/                   |             |
|    fps                  | 2077        |
|    iterations           | 29          |
|    time_elapsed         | 114         |
|    total_timesteps      | 5242880     |
| train/                  |             |
|    approx_kl            | 0.012204929 |
|    clip_fraction        | 0.174       |
|    clip_range           | 0.2         |
|    entropy_loss         | -4.71       |
|    explained_variance   | 0.674       |
|    learning_rate        | 0.0001      |
|    loss                 | -0.00564    |
|    n_updates            | 841         |
|    policy_gradient_loss | 0.00207     |
|    std                  | 0.437       |
|    value_loss           | 0.0745      |
-----------------------------------------
Early stopping at step 2 due to reaching max kl: 0.03
-----------------------------------------
| rollout/                |             |
|    ep_len_mean          | 730         |
|    ep_rew_mean          | 1.97e+03    |
| time/                   |             |
|    fps                  | 2075        |
|    iterations           | 30          |
|    time_elapsed         | 118         |
|    total_timesteps      | 5251072     |
| train/                  |             |
|    approx_kl            | 0.019706585 |
|    clip_fraction        | 0.206       |
|    clip_range           | 0.2         |
|    entropy_loss         | -4.69       |
|    explained_variance   | 0.786       |
|    learning_rate        | 0.0001      |
|    loss                 | -0.0526     |
|    n_updates            | 844         |
|    policy_gradient_loss | -0.00448    |
|    std                  | 0.436       |
|    value_loss           | 0.032       |
-----------------------------------------
Early stopping at step 2 due to reaching max kl: 0.03
----------------------------------------
| rollout/                |            |
|    ep_len_mean          | 719        |
|    ep_rew_mean          | 1.95e+03   |
| time/                   |            |
|    fps                  | 2071       |
|    iterations           | 31         |
|    time_elapsed         | 122        |
|    total_timesteps      | 5259264    |
| train/                  |            |
|    approx_kl            | 0.02300936 |
|    clip_fraction        | 0.21       |
|    clip_range           | 0.2        |
|    entropy_loss         | -4.68      |
|    explained_variance   | 0.571      |
|    learning_rate        | 0.0001     |
|    loss                 | 0.0178     |
|    n_updates            | 847        |
|    policy_gradient_loss | 0.000435   |
|    std                  | 0.436      |
|    value_loss           | 0.113      |
----------------------------------------
Early stopping at step 1 due to reaching max kl: 0.04
-----------------------------------------
| rollout/                |             |
|    ep_len_mean          | 733         |
|    ep_rew_mean          | 1.99e+03    |
| time/                   |             |
|    fps                  | 2068        |
|    iterations           | 32          |
|    time_elapsed         | 126         |
|    total_timesteps      | 5267456     |
| train/                  |             |
|    approx_kl            | 0.017899318 |
|    clip_fraction        | 0.21        |
|    clip_range           | 0.2         |
|    entropy_loss         | -4.67       |
|    explained_variance   | 0.542       |
|    learning_rate        | 0.0001      |
|    loss                 | 0.122       |
|    n_updates            | 849         |
|    policy_gradient_loss | -0.00132    |
|    std                  | 0.435       |
|    value_loss           | 0.138       |
-----------------------------------------
Early stopping at step 1 due to reaching max kl: 0.04
---------------------------------------
| rollout/                |           |
|    ep_len_mean          | 726       |
|    ep_rew_mean          | 1.97e+03  |
| time/                   |           |
|    fps                  | 2066      |
|    iterations           | 33        |
|    time_elapsed         | 130       |
|    total_timesteps      | 5275648   |
| train/                  |           |
|    approx_kl            | 0.0170151 |
|    clip_fraction        | 0.186     |
|    clip_range           | 0.2       |
|    entropy_loss         | -4.66     |
|    explained_variance   | 0.599     |
|    learning_rate        | 0.0001    |
|    loss                 | 0.0378    |
|    n_updates            | 851       |
|    policy_gradient_loss | -0.000225 |
|    std                  | 0.434     |
|    value_loss           | 0.0628    |
---------------------------------------
Early stopping at step 2 due to reaching max kl: 0.03
---------------------------------------
| rollout/                |           |
|    ep_len_mean          | 757       |
|    ep_rew_mean          | 2.05e+03  |
| time/                   |           |
|    fps                  | 2056      |
|    iterations           | 34        |
|    time_elapsed         | 135       |
|    total_timesteps      | 5283840   |
| train/                  |           |
|    approx_kl            | 0.0226168 |
|    clip_fraction        | 0.212     |
|    clip_range           | 0.2       |
|    entropy_loss         | -4.64     |
|    explained_variance   | 0.436     |
|    learning_rate        | 0.0001    |
|    loss                 | 0.0817    |
|    n_updates            | 854       |
|    policy_gradient_loss | -0.00139  |
|    std                  | 0.434     |
|    value_loss           | 0.0988    |
---------------------------------------
Early stopping at step 2 due to reaching max kl: 0.04
-----------------------------------------
| rollout/                |             |
|    ep_len_mean          | 757         |
|    ep_rew_mean          | 2.05e+03    |
| time/                   |             |
|    fps                  | 2055        |
|    iterations           | 35          |
|    time_elapsed         | 139         |
|    total_timesteps      | 5292032     |
| train/                  |             |
|    approx_kl            | 0.023793384 |
|    clip_fraction        | 0.218       |
|    clip_range           | 0.2         |
|    entropy_loss         | -4.63       |
|    explained_variance   | 0.591       |
|    learning_rate        | 0.0001      |
|    loss                 | -0.017      |
|    n_updates            | 857         |
|    policy_gradient_loss | -0.00106    |
|    std                  | 0.433       |
|    value_loss           | 0.0749      |
-----------------------------------------
Early stopping at step 1 due to reaching max kl: 0.03
-----------------------------------------
| rollout/                |             |
|    ep_len_mean          | 735         |
|    ep_rew_mean          | 2e+03       |
| time/                   |             |
|    fps                  | 2056        |
|    iterations           | 36          |
|    time_elapsed         | 143         |
|    total_timesteps      | 5300224     |
| train/                  |             |
|    approx_kl            | 0.017289728 |
|    clip_fraction        | 0.187       |
|    clip_range           | 0.2         |
|    entropy_loss         | -4.62       |
|    explained_variance   | 0.605       |
|    learning_rate        | 0.0001      |
|    loss                 | 0.0852      |
|    n_updates            | 859         |
|    policy_gradient_loss | 0.000566    |
|    std                  | 0.433       |
|    value_loss           | 0.0915      |
-----------------------------------------
Early stopping at step 1 due to reaching max kl: 0.03
-----------------------------------------
| rollout/                |             |
|    ep_len_mean          | 755         |
|    ep_rew_mean          | 2.05e+03    |
| time/                   |             |
|    fps                  | 2058        |
|    iterations           | 37          |
|    time_elapsed         | 147         |
|    total_timesteps      | 5308416     |
| train/                  |             |
|    approx_kl            | 0.021000216 |
|    clip_fraction        | 0.178       |
|    clip_range           | 0.2         |
|    entropy_loss         | -4.61       |
|    explained_variance   | 0.427       |
|    learning_rate        | 0.0001      |
|    loss                 | -0.0107     |
|    n_updates            | 861         |
|    policy_gradient_loss | 0.00266     |
|    std                  | 0.432       |
|    value_loss           | 0.0894      |
-----------------------------------------
Early stopping at step 1 due to reaching max kl: 0.03
----------------------------------------
| rollout/                |            |
|    ep_len_mean          | 734        |
|    ep_rew_mean          | 2.03e+03   |
| time/                   |            |
|    fps                  | 2056       |
|    iterations           | 38         |
|    time_elapsed         | 151        |
|    total_timesteps      | 5316608    |
| train/                  |            |
|    approx_kl            | 0.01646499 |
|    clip_fraction        | 0.18       |
|    clip_range           | 0.2        |
|    entropy_loss         | -4.61      |
|    explained_variance   | 0.712      |
|    learning_rate        | 0.0001     |
|    loss                 | 0.0155     |
|    n_updates            | 863        |
|    policy_gradient_loss | -0.00224   |
|    std                  | 0.431      |
|    value_loss           | 0.0329     |
----------------------------------------
Early stopping at step 1 due to reaching max kl: 0.04
----------------------------------------
| rollout/                |            |
|    ep_len_mean          | 738        |
|    ep_rew_mean          | 2.04e+03   |
| time/                   |            |
|    fps                  | 2059       |
|    iterations           | 39         |
|    time_elapsed         | 155        |
|    total_timesteps      | 5324800    |
| train/                  |            |
|    approx_kl            | 0.02003566 |
|    clip_fraction        | 0.19       |
|    clip_range           | 0.2        |
|    entropy_loss         | -4.59      |
|    explained_variance   | 0.609      |
|    learning_rate        | 0.0001     |
|    loss                 | 0.0404     |
|    n_updates            | 865        |
|    policy_gradient_loss | 0.0034     |
|    std                  | 0.431      |
|    value_loss           | 0.086      |
----------------------------------------
Early stopping at step 1 due to reaching max kl: 0.03
-----------------------------------------
| rollout/                |             |
|    ep_len_mean          | 752         |
|    ep_rew_mean          | 2.07e+03    |
| time/                   |             |
|    fps                  | 2049        |
|    iterations           | 40          |
|    time_elapsed         | 159         |
|    total_timesteps      | 5332992     |
| train/                  |             |
|    approx_kl            | 0.028785259 |
|    clip_fraction        | 0.154       |
|    clip_range           | 0.2         |
|    entropy_loss         | -4.59       |
|    explained_variance   | 0.581       |
|    learning_rate        | 0.0001      |
|    loss                 | 0.0854      |
|    n_updates            | 867         |
|    policy_gradient_loss | 0.00796     |
|    std                  | 0.431       |
|    value_loss           | 0.108       |
-----------------------------------------
Early stopping at step 1 due to reaching max kl: 0.03
-----------------------------------------
| rollout/                |             |
|    ep_len_mean          | 740         |
|    ep_rew_mean          | 2.04e+03    |
| time/                   |             |
|    fps                  | 2028        |
|    iterations           | 41          |
|    time_elapsed         | 165         |
|    total_timesteps      | 5341184     |
| train/                  |             |
|    approx_kl            | 0.019466786 |
|    clip_fraction        | 0.18        |
|    clip_range           | 0.2         |
|    entropy_loss         | -4.59       |
|    explained_variance   | 0.598       |
|    learning_rate        | 0.0001      |
|    loss                 | 0.0296      |
|    n_updates            | 869         |
|    policy_gradient_loss | 0.00239     |
|    std                  | 0.431       |
|    value_loss           | 0.11        |
-----------------------------------------
Early stopping at step 1 due to reaching max kl: 0.03
-----------------------------------------
| rollout/                |             |
|    ep_len_mean          | 751         |
|    ep_rew_mean          | 2.06e+03    |
| time/                   |             |
|    fps                  | 2022        |
|    iterations           | 42          |
|    time_elapsed         | 170         |
|    total_timesteps      | 5349376     |
| train/                  |             |
|    approx_kl            | 0.019505648 |
|    clip_fraction        | 0.218       |
|    clip_range           | 0.2         |
|    entropy_loss         | -4.58       |
|    explained_variance   | 0.686       |
|    learning_rate        | 0.0001      |
|    loss                 | 0.0278      |
|    n_updates            | 871         |
|    policy_gradient_loss | -0.00185    |
|    std                  | 0.431       |
|    value_loss           | 0.0722      |
-----------------------------------------
Early stopping at step 1 due to reaching max kl: 0.03
-----------------------------------------
| rollout/                |             |
|    ep_len_mean          | 777         |
|    ep_rew_mean          | 2.13e+03    |
| time/                   |             |
|    fps                  | 2029        |
|    iterations           | 43          |
|    time_elapsed         | 173         |
|    total_timesteps      | 5357568     |
| train/                  |             |
|    approx_kl            | 0.022850214 |
|    clip_fraction        | 0.18        |
|    clip_range           | 0.2         |
|    entropy_loss         | -4.58       |
|    explained_variance   | 0.677       |
|    learning_rate        | 0.0001      |
|    loss                 | -0.0213     |
|    n_updates            | 873         |
|    policy_gradient_loss | 0.00334     |
|    std                  | 0.43        |
|    value_loss           | 0.0904      |
-----------------------------------------
Early stopping at step 2 due to reaching max kl: 0.03
-----------------------------------------
| rollout/                |             |
|    ep_len_mean          | 775         |
|    ep_rew_mean          | 2.13e+03    |
| time/                   |             |
|    fps                  | 2033        |
|    iterations           | 44          |
|    time_elapsed         | 177         |
|    total_timesteps      | 5365760     |
| train/                  |             |
|    approx_kl            | 0.018796083 |
|    clip_fraction        | 0.204       |
|    clip_range           | 0.2         |
|    entropy_loss         | -4.56       |
|    explained_variance   | 0.74        |
|    learning_rate        | 0.0001      |
|    loss                 | 0.00624     |
|    n_updates            | 876         |
|    policy_gradient_loss | -0.00162    |
|    std                  | 0.429       |
|    value_loss           | 0.0449      |
-----------------------------------------
Early stopping at step 3 due to reaching max kl: 0.03
-----------------------------------------
| rollout/                |             |
|    ep_len_mean          | 764         |
|    ep_rew_mean          | 2.1e+03     |
| time/                   |             |
|    fps                  | 2032        |
|    iterations           | 45          |
|    time_elapsed         | 181         |
|    total_timesteps      | 5373952     |
| train/                  |             |
|    approx_kl            | 0.021194328 |
|    clip_fraction        | 0.228       |
|    clip_range           | 0.2         |
|    entropy_loss         | -4.54       |
|    explained_variance   | 0.587       |
|    learning_rate        | 0.0001      |
|    loss                 | 0.0447      |
|    n_updates            | 880         |
|    policy_gradient_loss | -0.00504    |
|    std                  | 0.428       |
|    value_loss           | 0.0596      |
-----------------------------------------
Early stopping at step 1 due to reaching max kl: 0.03
-----------------------------------------
| rollout/                |             |
|    ep_len_mean          | 749         |
|    ep_rew_mean          | 2.06e+03    |
| time/                   |             |
|    fps                  | 2033        |
|    iterations           | 46          |
|    time_elapsed         | 185         |
|    total_timesteps      | 5382144     |
| train/                  |             |
|    approx_kl            | 0.019017776 |
|    clip_fraction        | 0.203       |
|    clip_range           | 0.2         |
|    entropy_loss         | -4.53       |
|    explained_variance   | 0.579       |
|    learning_rate        | 0.0001      |
|    loss                 | 0.172       |
|    n_updates            | 882         |
|    policy_gradient_loss | -0.000685   |
|    std                  | 0.428       |
|    value_loss           | 0.125       |
-----------------------------------------
Early stopping at step 0 due to reaching max kl: 0.03
-----------------------------------------
| rollout/                |             |
|    ep_len_mean          | 766         |
|    ep_rew_mean          | 2.11e+03    |
| time/                   |             |
|    fps                  | 2037        |
|    iterations           | 47          |
|    time_elapsed         | 188         |
|    total_timesteps      | 5390336     |
| train/                  |             |
|    approx_kl            | 0.011036912 |
|    clip_fraction        | 0.157       |
|    clip_range           | 0.2         |
|    entropy_loss         | -4.52       |
|    explained_variance   | 0.598       |
|    learning_rate        | 0.0001      |
|    loss                 | 0.0851      |
|    n_updates            | 883         |
|    policy_gradient_loss | 0.0051      |
|    std                  | 0.427       |
|    value_loss           | 0.105       |
-----------------------------------------
Early stopping at step 1 due to reaching max kl: 0.03
-----------------------------------------
| rollout/                |             |
|    ep_len_mean          | 781         |
|    ep_rew_mean          | 2.13e+03    |
| time/                   |             |
|    fps                  | 2038        |
|    iterations           | 48          |
|    time_elapsed         | 192         |
|    total_timesteps      | 5398528     |
| train/                  |             |
|    approx_kl            | 0.018636366 |
|    clip_fraction        | 0.203       |
|    clip_range           | 0.2         |
|    entropy_loss         | -4.52       |
|    explained_variance   | 0.72        |
|    learning_rate        | 0.0001      |
|    loss                 | 0.0607      |
|    n_updates            | 885         |
|    policy_gradient_loss | -4.55e-05   |
|    std                  | 0.427       |
|    value_loss           | 0.0503      |
-----------------------------------------
Early stopping at step 1 due to reaching max kl: 0.03
-----------------------------------------
| rollout/                |             |
|    ep_len_mean          | 796         |
|    ep_rew_mean          | 2.18e+03    |
| time/                   |             |
|    fps                  | 2038        |
|    iterations           | 49          |
|    time_elapsed         | 196         |
|    total_timesteps      | 5406720     |
| train/                  |             |
|    approx_kl            | 0.019704059 |
|    clip_fraction        | 0.186       |
|    clip_range           | 0.2         |
|    entropy_loss         | -4.5        |
|    explained_variance   | 0.736       |
|    learning_rate        | 0.0001      |
|    loss                 | -0.0107     |
|    n_updates            | 887         |
|    policy_gradient_loss | 0.000738    |
|    std                  | 0.426       |
|    value_loss           | 0.0503      |
-----------------------------------------
Early stopping at step 0 due to reaching max kl: 0.03
-----------------------------------------
| rollout/                |             |
|    ep_len_mean          | 794         |
|    ep_rew_mean          | 2.19e+03    |
| time/                   |             |
|    fps                  | 2042        |
|    iterations           | 50          |
|    time_elapsed         | 200         |
|    total_timesteps      | 5414912     |
| train/                  |             |
|    approx_kl            | 0.012795176 |
|    clip_fraction        | 0.179       |
|    clip_range           | 0.2         |
|    entropy_loss         | -4.5        |
|    explained_variance   | 0.67        |
|    learning_rate        | 0.0001      |
|    loss                 | 0.0367      |
|    n_updates            | 888         |
|    policy_gradient_loss | 0.00244     |
|    std                  | 0.426       |
|    value_loss           | 0.0505      |
-----------------------------------------
Early stopping at step 1 due to reaching max kl: 0.04
-----------------------------------------
| rollout/                |             |
|    ep_len_mean          | 798         |
|    ep_rew_mean          | 2.21e+03    |
| time/                   |             |
|    fps                  | 2046        |
|    iterations           | 51          |
|    time_elapsed         | 204         |
|    total_timesteps      | 5423104     |
| train/                  |             |
|    approx_kl            | 0.019218493 |
|    clip_fraction        | 0.178       |
|    clip_range           | 0.2         |
|    entropy_loss         | -4.5        |
|    explained_variance   | 0.52        |
|    learning_rate        | 0.0001      |
|    loss                 | 0.00873     |
|    n_updates            | 890         |
|    policy_gradient_loss | 0.00262     |
|    std                  | 0.426       |
|    value_loss           | 0.0549      |
-----------------------------------------
Early stopping at step 1 due to reaching max kl: 0.03
-----------------------------------------
| rollout/                |             |
|    ep_len_mean          | 801         |
|    ep_rew_mean          | 2.22e+03    |
| time/                   |             |
|    fps                  | 2049        |
|    iterations           | 52          |
|    time_elapsed         | 207         |
|    total_timesteps      | 5431296     |
| train/                  |             |
|    approx_kl            | 0.016770598 |
|    clip_fraction        | 0.197       |
|    clip_range           | 0.2         |
|    entropy_loss         | -4.49       |
|    explained_variance   | 0.713       |
|    learning_rate        | 0.0001      |
|    loss                 | -0.00963    |
|    n_updates            | 892         |
|    policy_gradient_loss | -0.000149   |
|    std                  | 0.426       |
|    value_loss           | 0.065       |
-----------------------------------------
Early stopping at step 2 due to reaching max kl: 0.03
-----------------------------------------
| rollout/                |             |
|    ep_len_mean          | 775         |
|    ep_rew_mean          | 2.16e+03    |
| time/                   |             |
|    fps                  | 2050        |
|    iterations           | 53          |
|    time_elapsed         | 211         |
|    total_timesteps      | 5439488     |
| train/                  |             |
|    approx_kl            | 0.020896053 |
|    clip_fraction        | 0.231       |
|    clip_range           | 0.2         |
|    entropy_loss         | -4.48       |
|    explained_variance   | 0.677       |
|    learning_rate        | 0.0001      |
|    loss                 | 0.0681      |
|    n_updates            | 895         |
|    policy_gradient_loss | -0.00453    |
|    std                  | 0.425       |
|    value_loss           | 0.0741      |
-----------------------------------------
Early stopping at step 1 due to reaching max kl: 0.03
-----------------------------------------
| rollout/                |             |
|    ep_len_mean          | 796         |
|    ep_rew_mean          | 2.21e+03    |
| time/                   |             |
|    fps                  | 2052        |
|    iterations           | 54          |
|    time_elapsed         | 215         |
|    total_timesteps      | 5447680     |
| train/                  |             |
|    approx_kl            | 0.019460643 |
|    clip_fraction        | 0.209       |
|    clip_range           | 0.2         |
|    entropy_loss         | -4.47       |
|    explained_variance   | 0.605       |
|    learning_rate        | 0.0001      |
|    loss                 | 0.00414     |
|    n_updates            | 897         |
|    policy_gradient_loss | 0.000744    |
|    std                  | 0.424       |
|    value_loss           | 0.103       |
-----------------------------------------
Early stopping at step 1 due to reaching max kl: 0.03
---------------------------------------
| rollout/                |           |
|    ep_len_mean          | 796       |
|    ep_rew_mean          | 2.21e+03  |
| time/                   |           |
|    fps                  | 2052      |
|    iterations           | 55        |
|    time_elapsed         | 219       |
|    total_timesteps      | 5455872   |
| train/                  |           |
|    approx_kl            | 0.0187784 |
|    clip_fraction        | 0.182     |
|    clip_range           | 0.2       |
|    entropy_loss         | -4.46     |
|    explained_variance   | 0.843     |
|    learning_rate        | 0.0001    |
|    loss                 | -0.0134   |
|    n_updates            | 899       |
|    policy_gradient_loss | 0.00072   |
|    std                  | 0.423     |
|    value_loss           | 0.0284    |
---------------------------------------
Early stopping at step 1 due to reaching max kl: 0.03
-----------------------------------------
| rollout/                |             |
|    ep_len_mean          | 807         |
|    ep_rew_mean          | 2.25e+03    |
| time/                   |             |
|    fps                  | 2053        |
|    iterations           | 56          |
|    time_elapsed         | 223         |
|    total_timesteps      | 5464064     |
| train/                  |             |
|    approx_kl            | 0.020051664 |
|    clip_fraction        | 0.194       |
|    clip_range           | 0.2         |
|    entropy_loss         | -4.44       |
|    explained_variance   | 0.473       |
|    learning_rate        | 0.0001      |
|    loss                 | 0.0304      |
|    n_updates            | 901         |
|    policy_gradient_loss | 0.00315     |
|    std                  | 0.423       |
|    value_loss           | 0.106       |
-----------------------------------------
Early stopping at step 1 due to reaching max kl: 0.03
-----------------------------------------
| rollout/                |             |
|    ep_len_mean          | 818         |
|    ep_rew_mean          | 2.28e+03    |
| time/                   |             |
|    fps                  | 2055        |
|    iterations           | 57          |
|    time_elapsed         | 227         |
|    total_timesteps      | 5472256     |
| train/                  |             |
|    approx_kl            | 0.019847361 |
|    clip_fraction        | 0.167       |
|    clip_range           | 0.2         |
|    entropy_loss         | -4.44       |
|    explained_variance   | 0.824       |
|    learning_rate        | 0.0001      |
|    loss                 | 0.0141      |
|    n_updates            | 903         |
|    policy_gradient_loss | 0.00512     |
|    std                  | 0.422       |
|    value_loss           | 0.0316      |
-----------------------------------------
Early stopping at step 1 due to reaching max kl: 0.03
-----------------------------------------
| rollout/                |             |
|    ep_len_mean          | 805         |
|    ep_rew_mean          | 2.27e+03    |
| time/                   |             |
|    fps                  | 2057        |
|    iterations           | 58          |
|    time_elapsed         | 230         |
|    total_timesteps      | 5480448     |
| train/                  |             |
|    approx_kl            | 0.014439665 |
|    clip_fraction        | 0.164       |
|    clip_range           | 0.2         |
|    entropy_loss         | -4.42       |
|    explained_variance   | 0.774       |
|    learning_rate        | 0.0001      |
|    loss                 | -0.0363     |
|    n_updates            | 905         |
|    policy_gradient_loss | 0.00497     |
|    std                  | 0.422       |
|    value_loss           | 0.0308      |
-----------------------------------------
Early stopping at step 0 due to reaching max kl: 0.03
-----------------------------------------
| rollout/                |             |
|    ep_len_mean          | 780         |
|    ep_rew_mean          | 2.19e+03    |
| time/                   |             |
|    fps                  | 2060        |
|    iterations           | 59          |
|    time_elapsed         | 234         |
|    total_timesteps      | 5488640     |
| train/                  |             |
|    approx_kl            | 0.011859862 |
|    clip_fraction        | 0.172       |
|    clip_range           | 0.2         |
|    entropy_loss         | -4.42       |
|    explained_variance   | 0.395       |
|    learning_rate        | 0.0001      |
|    loss                 | 0.0492      |
|    n_updates            | 906         |
|    policy_gradient_loss | 0.00267     |
|    std                  | 0.422       |
|    value_loss           | 0.109       |
-----------------------------------------
Early stopping at step 1 due to reaching max kl: 0.03
-----------------------------------------
| rollout/                |             |
|    ep_len_mean          | 774         |
|    ep_rew_mean          | 2.16e+03    |
| time/                   |             |
|    fps                  | 2063        |
|    iterations           | 60          |
|    time_elapsed         | 238         |
|    total_timesteps      | 5496832     |
| train/                  |             |
|    approx_kl            | 0.021083985 |
|    clip_fraction        | 0.186       |
|    clip_range           | 0.2         |
|    entropy_loss         | -4.41       |
|    explained_variance   | 0.609       |
|    learning_rate        | 0.0001      |
|    loss                 | 0.0979      |
|    n_updates            | 908         |
|    policy_gradient_loss | 0.00322     |
|    std                  | 0.421       |
|    value_loss           | 0.0985      |
-----------------------------------------
Early stopping at step 0 due to reaching max kl: 0.03
-----------------------------------------
| rollout/                |             |
|    ep_len_mean          | 789         |
|    ep_rew_mean          | 2.21e+03    |
| time/                   |             |
|    fps                  | 2067        |
|    iterations           | 61          |
|    time_elapsed         | 241         |
|    total_timesteps      | 5505024     |
| train/                  |             |
|    approx_kl            | 0.010931168 |
|    clip_fraction        | 0.153       |
|    clip_range           | 0.2         |
|    entropy_loss         | -4.4        |
|    explained_variance   | 0.54        |
|    learning_rate        | 0.0001      |
|    loss                 | -0.00715    |
|    n_updates            | 909         |
|    policy_gradient_loss | 0.00325     |
|    std                  | 0.421       |
|    value_loss           | 0.094       |
-----------------------------------------
Early stopping at step 0 due to reaching max kl: 0.03
----------------------------------------
| rollout/                |            |
|    ep_len_mean          | 793        |
|    ep_rew_mean          | 2.22e+03   |
| time/                   |            |
|    fps                  | 2068       |
|    iterations           | 62         |
|    time_elapsed         | 245        |
|    total_timesteps      | 5513216    |
| train/                  |            |
|    approx_kl            | 0.01208747 |
|    clip_fraction        | 0.17       |
|    clip_range           | 0.2        |
|    entropy_loss         | -4.4       |
|    explained_variance   | 0.8        |
|    learning_rate        | 0.0001     |
|    loss                 | -0.00909   |
|    n_updates            | 910        |
|    policy_gradient_loss | 0.0034     |
|    std                  | 0.421      |
|    value_loss           | 0.0308     |
----------------------------------------
Early stopping at step 0 due to reaching max kl: 0.03
----------------------------------------
| rollout/                |            |
|    ep_len_mean          | 778        |
|    ep_rew_mean          | 2.18e+03   |
| time/                   |            |
|    fps                  | 2071       |
|    iterations           | 63         |
|    time_elapsed         | 249        |
|    total_timesteps      | 5521408    |
| train/                  |            |
|    approx_kl            | 0.01014598 |
|    clip_fraction        | 0.14       |
|    clip_range           | 0.2        |
|    entropy_loss         | -4.39      |
|    explained_variance   | 0.745      |
|    learning_rate        | 0.0001     |
|    loss                 | 0.0859     |
|    n_updates            | 911        |
|    policy_gradient_loss | 0.00328    |
|    std                  | 0.42       |
|    value_loss           | 0.0486     |
----------------------------------------
Early stopping at step 1 due to reaching max kl: 0.03
-----------------------------------------
| rollout/                |             |
|    ep_len_mean          | 755         |
|    ep_rew_mean          | 2.11e+03    |
| time/                   |             |
|    fps                  | 2070        |
|    iterations           | 64          |
|    time_elapsed         | 253         |
|    total_timesteps      | 5529600     |
| train/                  |             |
|    approx_kl            | 0.018968284 |
|    clip_fraction        | 0.216       |
|    clip_range           | 0.2         |
|    entropy_loss         | -4.39       |
|    explained_variance   | 0.583       |
|    learning_rate        | 0.0001      |
|    loss                 | 0.089       |
|    n_updates            | 913         |
|    policy_gradient_loss | -0.00101    |
|    std                  | 0.42        |
|    value_loss           | 0.115       |
-----------------------------------------
Early stopping at step 1 due to reaching max kl: 0.04
-----------------------------------------
| rollout/                |             |
|    ep_len_mean          | 754         |
|    ep_rew_mean          | 2.11e+03    |
| time/                   |             |
|    fps                  | 2071        |
|    iterations           | 65          |
|    time_elapsed         | 257         |
|    total_timesteps      | 5537792     |
| train/                  |             |
|    approx_kl            | 0.017035047 |
|    clip_fraction        | 0.188       |
|    clip_range           | 0.2         |
|    entropy_loss         | -4.39       |
|    explained_variance   | 0.561       |
|    learning_rate        | 0.0001      |
|    loss                 | 0.0349      |
|    n_updates            | 915         |
|    policy_gradient_loss | 0.00377     |
|    std                  | 0.42        |
|    value_loss           | 0.123       |
-----------------------------------------
Early stopping at step 1 due to reaching max kl: 0.03
-----------------------------------------
| rollout/                |             |
|    ep_len_mean          | 764         |
|    ep_rew_mean          | 2.13e+03    |
| time/                   |             |
|    fps                  | 2071        |
|    iterations           | 66          |
|    time_elapsed         | 260         |
|    total_timesteps      | 5545984     |
| train/                  |             |
|    approx_kl            | 0.017545018 |
|    clip_fraction        | 0.206       |
|    clip_range           | 0.2         |
|    entropy_loss         | -4.37       |
|    explained_variance   | 0.754       |
|    learning_rate        | 0.0001      |
|    loss                 | 0.0129      |
|    n_updates            | 917         |
|    policy_gradient_loss | -0.00211    |
|    std                  | 0.419       |
|    value_loss           | 0.0347      |
-----------------------------------------
Early stopping at step 2 due to reaching max kl: 0.03
----------------------------------------
| rollout/                |            |
|    ep_len_mean          | 774        |
|    ep_rew_mean          | 2.16e+03   |
| time/                   |            |
|    fps                  | 2069       |
|    iterations           | 67         |
|    time_elapsed         | 265        |
|    total_timesteps      | 5554176    |
| train/                  |            |
|    approx_kl            | 0.01983114 |
|    clip_fraction        | 0.229      |
|    clip_range           | 0.2        |
|    entropy_loss         | -4.36      |
|    explained_variance   | 0.799      |
|    learning_rate        | 0.0001     |
|    loss                 | -0.0249    |
|    n_updates            | 920        |
|    policy_gradient_loss | -0.00564   |
|    std                  | 0.418      |
|    value_loss           | 0.0334     |
----------------------------------------
Early stopping at step 2 due to reaching max kl: 0.03
----------------------------------------
| rollout/                |            |
|    ep_len_mean          | 781        |
|    ep_rew_mean          | 2.18e+03   |
| time/                   |            |
|    fps                  | 2064       |
|    iterations           | 68         |
|    time_elapsed         | 269        |
|    total_timesteps      | 5562368    |
| train/                  |            |
|    approx_kl            | 0.02061127 |
|    clip_fraction        | 0.233      |
|    clip_range           | 0.2        |
|    entropy_loss         | -4.34      |
|    explained_variance   | 0.643      |
|    learning_rate        | 0.0001     |
|    loss                 | 0.0196     |
|    n_updates            | 923        |
|    policy_gradient_loss | -0.00548   |
|    std                  | 0.418      |
|    value_loss           | 0.058      |
----------------------------------------
Early stopping at step 1 due to reaching max kl: 0.03
-----------------------------------------
| rollout/                |             |
|    ep_len_mean          | 801         |
|    ep_rew_mean          | 2.25e+03    |
| time/                   |             |
|    fps                  | 2065        |
|    iterations           | 69          |
|    time_elapsed         | 273         |
|    total_timesteps      | 5570560     |
| train/                  |             |
|    approx_kl            | 0.018066527 |
|    clip_fraction        | 0.202       |
|    clip_range           | 0.2         |
|    entropy_loss         | -4.34       |
|    explained_variance   | 0.496       |
|    learning_rate        | 0.0001      |
|    loss                 | 0.0884      |
|    n_updates            | 925         |
|    policy_gradient_loss | 0.0012      |
|    std                  | 0.418       |
|    value_loss           | 0.102       |
-----------------------------------------
Early stopping at step 0 due to reaching max kl: 0.04
-----------------------------------------
| rollout/                |             |
|    ep_len_mean          | 811         |
|    ep_rew_mean          | 2.27e+03    |
| time/                   |             |
|    fps                  | 2067        |
|    iterations           | 70          |
|    time_elapsed         | 277         |
|    total_timesteps      | 5578752     |
| train/                  |             |
|    approx_kl            | 0.010579314 |
|    clip_fraction        | 0.15        |
|    clip_range           | 0.2         |
|    entropy_loss         | -4.34       |
|    explained_variance   | 0.774       |
|    learning_rate        | 0.0001      |
|    loss                 | 0.121       |
|    n_updates            | 926         |
|    policy_gradient_loss | 0.00257     |
|    std                  | 0.417       |
|    value_loss           | 0.0371      |
-----------------------------------------
Early stopping at step 3 due to reaching max kl: 0.03
-----------------------------------------
| rollout/                |             |
|    ep_len_mean          | 817         |
|    ep_rew_mean          | 2.29e+03    |
| time/                   |             |
|    fps                  | 2062        |
|    iterations           | 71          |
|    time_elapsed         | 282         |
|    total_timesteps      | 5586944     |
| train/                  |             |
|    approx_kl            | 0.020758307 |
|    clip_fraction        | 0.233       |
|    clip_range           | 0.2         |
|    entropy_loss         | -4.31       |
|    explained_variance   | 0.889       |
|    learning_rate        | 0.0001      |
|    loss                 | -0.048      |
|    n_updates            | 930         |
|    policy_gradient_loss | -0.00899    |
|    std                  | 0.415       |
|    value_loss           | 0.0214      |
-----------------------------------------
Early stopping at step 1 due to reaching max kl: 0.04
----------------------------------------
| rollout/                |            |
|    ep_len_mean          | 819        |
|    ep_rew_mean          | 2.3e+03    |
| time/                   |            |
|    fps                  | 2063       |
|    iterations           | 72         |
|    time_elapsed         | 285        |
|    total_timesteps      | 5595136    |
| train/                  |            |
|    approx_kl            | 0.01681837 |
|    clip_fraction        | 0.187      |
|    clip_range           | 0.2        |
|    entropy_loss         | -4.29      |
|    explained_variance   | 0.93       |
|    learning_rate        | 0.0001     |
|    loss                 | -0.00507   |
|    n_updates            | 932        |
|    policy_gradient_loss | -0.00255   |
|    std                  | 0.415      |
|    value_loss           | 0.0148     |
----------------------------------------
Early stopping at step 1 due to reaching max kl: 0.04
-----------------------------------------
| rollout/                |             |
|    ep_len_mean          | 840         |
|    ep_rew_mean          | 2.37e+03    |
| time/                   |             |
|    fps                  | 2064        |
|    iterations           | 73          |
|    time_elapsed         | 289         |
|    total_timesteps      | 5603328     |
| train/                  |             |
|    approx_kl            | 0.019178858 |
|    clip_fraction        | 0.216       |
|    clip_range           | 0.2         |
|    entropy_loss         | -4.28       |
|    explained_variance   | 0.695       |
|    learning_rate        | 0.0001      |
|    loss                 | 0.00286     |
|    n_updates            | 934         |
|    policy_gradient_loss | -0.000722   |
|    std                  | 0.414       |
|    value_loss           | 0.0613      |
-----------------------------------------
Early stopping at step 1 due to reaching max kl: 0.03
-----------------------------------------
| rollout/                |             |
|    ep_len_mean          | 854         |
|    ep_rew_mean          | 2.42e+03    |
| time/                   |             |
|    fps                  | 2064        |
|    iterations           | 74          |
|    time_elapsed         | 293         |
|    total_timesteps      | 5611520     |
| train/                  |             |
|    approx_kl            | 0.017505813 |
|    clip_fraction        | 0.203       |
|    clip_range           | 0.2         |
|    entropy_loss         | -4.27       |
|    explained_variance   | 0.643       |
|    learning_rate        | 0.0001      |
|    loss                 | -0.0163     |
|    n_updates            | 936         |
|    policy_gradient_loss | 0.0022      |
|    std                  | 0.414       |
|    value_loss           | 0.0838      |
-----------------------------------------
Early stopping at step 2 due to reaching max kl: 0.03
-----------------------------------------
| rollout/                |             |
|    ep_len_mean          | 872         |
|    ep_rew_mean          | 2.45e+03    |
| time/                   |             |
|    fps                  | 2064        |
|    iterations           | 75          |
|    time_elapsed         | 297         |
|    total_timesteps      | 5619712     |
| train/                  |             |
|    approx_kl            | 0.021596342 |
|    clip_fraction        | 0.239       |
|    clip_range           | 0.2         |
|    entropy_loss         | -4.26       |
|    explained_variance   | 0.61        |
|    learning_rate        | 0.0001      |
|    loss                 | 0.0176      |
|    n_updates            | 939         |
|    policy_gradient_loss | -0.000495   |
|    std                  | 0.413       |
|    value_loss           | 0.0906      |
-----------------------------------------
Early stopping at step 1 due to reaching max kl: 0.03
[Sensitivity progress] lr_1em04_clip_0.2: 619,184/1,007,616 additional steps; ETA 3.1 min
-----------------------------------------
| rollout/                |             |
|    ep_len_mean          | 866         |
|    ep_rew_mean          | 2.44e+03    |
| time/                   |             |
|    fps                  | 2065        |
|    iterations           | 76          |
|    time_elapsed         | 301         |
|    total_timesteps      | 5627904     |
| train/                  |             |
|    approx_kl            | 0.018743211 |
|    clip_fraction        | 0.198       |
|    clip_range           | 0.2         |
|    entropy_loss         | -4.24       |
|    explained_variance   | 0.881       |
|    learning_rate        | 0.0001      |
|    loss                 | -0.00349    |
|    n_updates            | 941         |
|    policy_gradient_loss | -0.000718   |
|    std                  | 0.412       |
|    value_loss           | 0.0259      |
-----------------------------------------
Early stopping at step 0 due to reaching max kl: 0.03
-----------------------------------------
| rollout/                |             |
|    ep_len_mean          | 867         |
|    ep_rew_mean          | 2.45e+03    |
| time/                   |             |
|    fps                  | 2068        |
|    iterations           | 77          |
|    time_elapsed         | 304         |
|    total_timesteps      | 5636096     |
| train/                  |             |
|    approx_kl            | 0.011564021 |
|    clip_fraction        | 0.164       |
|    clip_range           | 0.2         |
|    entropy_loss         | -4.23       |
|    explained_variance   | 0.694       |
|    learning_rate        | 0.0001      |
|    loss                 | 0.048       |
|    n_updates            | 942         |
|    policy_gradient_loss | 0.00296     |
|    std                  | 0.412       |
|    value_loss           | 0.0639      |
-----------------------------------------
Early stopping at step 1 due to reaching max kl: 0.03
----------------------------------------
| rollout/                |            |
|    ep_len_mean          | 864        |
|    ep_rew_mean          | 2.45e+03   |
| time/                   |            |
|    fps                  | 2070       |
|    iterations           | 78         |
|    time_elapsed         | 308        |
|    total_timesteps      | 5644288    |
| train/                  |            |
|    approx_kl            | 0.01850168 |
|    clip_fraction        | 0.197      |
|    clip_range           | 0.2        |
|    entropy_loss         | -4.22      |
|    explained_variance   | 0.652      |
|    learning_rate        | 0.0001     |
|    loss                 | -0.00385   |
|    n_updates            | 944        |
|    policy_gradient_loss | 0.00261    |
|    std                  | 0.411      |
|    value_loss           | 0.0471     |
----------------------------------------
Early stopping at step 1 due to reaching max kl: 0.03
-----------------------------------------
| rollout/                |             |
|    ep_len_mean          | 881         |
|    ep_rew_mean          | 2.49e+03    |
| time/                   |             |
|    fps                  | 2072        |
|    iterations           | 79          |
|    time_elapsed         | 312         |
|    total_timesteps      | 5652480     |
| train/                  |             |
|    approx_kl            | 0.017961457 |
|    clip_fraction        | 0.194       |
|    clip_range           | 0.2         |
|    entropy_loss         | -4.21       |
|    explained_variance   | 0.779       |
|    learning_rate        | 0.0001      |
|    loss                 | -0.0219     |
|    n_updates            | 946         |
|    policy_gradient_loss | -0.000287   |
|    std                  | 0.411       |
|    value_loss           | 0.0481      |
-----------------------------------------
Early stopping at step 1 due to reaching max kl: 0.04
-----------------------------------------
| rollout/                |             |
|    ep_len_mean          | 854         |
|    ep_rew_mean          | 2.4e+03     |
| time/                   |             |
|    fps                  | 2074        |
|    iterations           | 80          |
|    time_elapsed         | 315         |
|    total_timesteps      | 5660672     |
| train/                  |             |
|    approx_kl            | 0.017515583 |
|    clip_fraction        | 0.215       |
|    clip_range           | 0.2         |
|    entropy_loss         | -4.2        |
|    explained_variance   | 0.843       |
|    learning_rate        | 0.0001      |
|    loss                 | 0.00896     |
|    n_updates            | 948         |
|    policy_gradient_loss | -0.00138    |
|    std                  | 0.41        |
|    value_loss           | 0.034       |
-----------------------------------------
Early stopping at step 0 due to reaching max kl: 0.03
-----------------------------------------
| rollout/                |             |
|    ep_len_mean          | 827         |
|    ep_rew_mean          | 2.35e+03    |
| time/                   |             |
|    fps                  | 2077        |
|    iterations           | 81          |
|    time_elapsed         | 319         |
|    total_timesteps      | 5668864     |
| train/                  |             |
|    approx_kl            | 0.012667094 |
|    clip_fraction        | 0.175       |
|    clip_range           | 0.2         |
|    entropy_loss         | -4.19       |
|    explained_variance   | 0.637       |
|    learning_rate        | 0.0001      |
|    loss                 | 0.0284      |
|    n_updates            | 949         |
|    policy_gradient_loss | 0.00461     |
|    std                  | 0.41        |
|    value_loss           | 0.0853      |
-----------------------------------------
Early stopping at step 0 due to reaching max kl: 0.04
-----------------------------------------
| rollout/                |             |
|    ep_len_mean          | 835         |
|    ep_rew_mean          | 2.37e+03    |
| time/                   |             |
|    fps                  | 2080        |
|    iterations           | 82          |
|    time_elapsed         | 322         |
|    total_timesteps      | 5677056     |
| train/                  |             |
|    approx_kl            | 0.009843777 |
|    clip_fraction        | 0.131       |
|    clip_range           | 0.2         |
|    entropy_loss         | -4.19       |
|    explained_variance   | 0.666       |
|    learning_rate        | 0.0001      |
|    loss                 | 0.0135      |
|    n_updates            | 950         |
|    policy_gradient_loss | 0.00102     |
|    std                  | 0.41        |
|    value_loss           | 0.0836      |
-----------------------------------------
Early stopping at step 1 due to reaching max kl: 0.03
-----------------------------------------
| rollout/                |             |
|    ep_len_mean          | 815         |
|    ep_rew_mean          | 2.31e+03    |
| time/                   |             |
|    fps                  | 2081        |
|    iterations           | 83          |
|    time_elapsed         | 326         |
|    total_timesteps      | 5685248     |
| train/                  |             |
|    approx_kl            | 0.017620312 |
|    clip_fraction        | 0.178       |
|    clip_range           | 0.2         |
|    entropy_loss         | -4.18       |
|    explained_variance   | 0.852       |
|    learning_rate        | 0.0001      |
|    loss                 | 0.0383      |
|    n_updates            | 952         |
|    policy_gradient_loss | 0.000717    |
|    std                  | 0.409       |
|    value_loss           | 0.0287      |
-----------------------------------------
Early stopping at step 1 due to reaching max kl: 0.04
-----------------------------------------
| rollout/                |             |
|    ep_len_mean          | 814         |
|    ep_rew_mean          | 2.3e+03     |
| time/                   |             |
|    fps                  | 2082        |
|    iterations           | 84          |
|    time_elapsed         | 330         |
|    total_timesteps      | 5693440     |
| train/                  |             |
|    approx_kl            | 0.019145101 |
|    clip_fraction        | 0.207       |
|    clip_range           | 0.2         |
|    entropy_loss         | -4.16       |
|    explained_variance   | 0.611       |
|    learning_rate        | 0.0001      |
|    loss                 | 0.0512      |
|    n_updates            | 954         |
|    policy_gradient_loss | 0.0025      |
|    std                  | 0.408       |
|    value_loss           | 0.116       |
-----------------------------------------
Early stopping at step 1 due to reaching max kl: 0.03
-----------------------------------------
| rollout/                |             |
|    ep_len_mean          | 814         |
|    ep_rew_mean          | 2.33e+03    |
| time/                   |             |
|    fps                  | 2082        |
|    iterations           | 85          |
|    time_elapsed         | 334         |
|    total_timesteps      | 5701632     |
| train/                  |             |
|    approx_kl            | 0.020351354 |
|    clip_fraction        | 0.173       |
|    clip_range           | 0.2         |
|    entropy_loss         | -4.15       |
|    explained_variance   | 0.732       |
|    learning_rate        | 0.0001      |
|    loss                 | 0.0375      |
|    n_updates            | 956         |
|    policy_gradient_loss | 0.00567     |
|    std                  | 0.408       |
|    value_loss           | 0.0633      |
-----------------------------------------
Early stopping at step 1 due to reaching max kl: 0.04
----------------------------------------
| rollout/                |            |
|    ep_len_mean          | 803        |
|    ep_rew_mean          | 2.29e+03   |
| time/                   |            |
|    fps                  | 2081       |
|    iterations           | 86         |
|    time_elapsed         | 338        |
|    total_timesteps      | 5709824    |
| train/                  |            |
|    approx_kl            | 0.01890485 |
|    clip_fraction        | 0.217      |
|    clip_range           | 0.2        |
|    entropy_loss         | -4.15      |
|    explained_variance   | 0.668      |
|    learning_rate        | 0.0001     |
|    loss                 | -0.0255    |
|    n_updates            | 958        |
|    policy_gradient_loss | 0.00244    |
|    std                  | 0.408      |
|    value_loss           | 0.0634     |
----------------------------------------
Early stopping at step 1 due to reaching max kl: 0.03
-----------------------------------------
| rollout/                |             |
|    ep_len_mean          | 811         |
|    ep_rew_mean          | 2.29e+03    |
| time/                   |             |
|    fps                  | 2080        |
|    iterations           | 87          |
|    time_elapsed         | 342         |
|    total_timesteps      | 5718016     |
| train/                  |             |
|    approx_kl            | 0.022093352 |
|    clip_fraction        | 0.17        |
|    clip_range           | 0.2         |
|    entropy_loss         | -4.15       |
|    explained_variance   | 0.792       |
|    learning_rate        | 0.0001      |
|    loss                 | 0.0395      |
|    n_updates            | 960         |
|    policy_gradient_loss | 0.00606     |
|    std                  | 0.408       |
|    value_loss           | 0.0561      |
-----------------------------------------
Early stopping at step 2 due to reaching max kl: 0.04
----------------------------------------
| rollout/                |            |
|    ep_len_mean          | 808        |
|    ep_rew_mean          | 2.28e+03   |
| time/                   |            |
|    fps                  | 2077       |
|    iterations           | 88         |
|    time_elapsed         | 346        |
|    total_timesteps      | 5726208    |
| train/                  |            |
|    approx_kl            | 0.02443248 |
|    clip_fraction        | 0.213      |
|    clip_range           | 0.2        |
|    entropy_loss         | -4.13      |
|    explained_variance   | 0.914      |
|    learning_rate        | 0.0001     |
|    loss                 | -0.051     |
|    n_updates            | 963        |
|    policy_gradient_loss | -0.00201   |
|    std                  | 0.407      |
|    value_loss           | 0.0134     |
----------------------------------------
Early stopping at step 1 due to reaching max kl: 0.03
-----------------------------------------
| rollout/                |             |
|    ep_len_mean          | 794         |
|    ep_rew_mean          | 2.24e+03    |
| time/                   |             |
|    fps                  | 2076        |
|    iterations           | 89          |
|    time_elapsed         | 351         |
|    total_timesteps      | 5734400     |
| train/                  |             |
|    approx_kl            | 0.019574562 |
|    clip_fraction        | 0.173       |
|    clip_range           | 0.2         |
|    entropy_loss         | -4.12       |
|    explained_variance   | 0.762       |
|    learning_rate        | 0.0001      |
|    loss                 | 0.0125      |
|    n_updates            | 965         |
|    policy_gradient_loss | 0.0009      |
|    std                  | 0.406       |
|    value_loss           | 0.0527      |
-----------------------------------------
Early stopping at step 2 due to reaching max kl: 0.03
-----------------------------------------
| rollout/                |             |
|    ep_len_mean          | 772         |
|    ep_rew_mean          | 2.16e+03    |
| time/                   |             |
|    fps                  | 2073        |
|    iterations           | 90          |
|    time_elapsed         | 355         |
|    total_timesteps      | 5742592     |
| train/                  |             |
|    approx_kl            | 0.020000363 |
|    clip_fraction        | 0.222       |
|    clip_range           | 0.2         |
|    entropy_loss         | -4.11       |
|    explained_variance   | 0.725       |
|    learning_rate        | 0.0001      |
|    loss                 | 0.0137      |
|    n_updates            | 968         |
|    policy_gradient_loss | -0.0036     |
|    std                  | 0.405       |
|    value_loss           | 0.0707      |
-----------------------------------------
Early stopping at step 0 due to reaching max kl: 0.03
----------------------------------------
| rollout/                |            |
|    ep_len_mean          | 807        |
|    ep_rew_mean          | 2.25e+03   |
| time/                   |            |
|    fps                  | 2074       |
|    iterations           | 91         |
|    time_elapsed         | 359        |
|    total_timesteps      | 5750784    |
| train/                  |            |
|    approx_kl            | 0.01277967 |
|    clip_fraction        | 0.173      |
|    clip_range           | 0.2        |
|    entropy_loss         | -4.1       |
|    explained_variance   | 0.565      |
|    learning_rate        | 0.0001     |
|    loss                 | 0.0647     |
|    n_updates            | 969        |
|    policy_gradient_loss | 0.00534    |
|    std                  | 0.405      |
|    value_loss           | 0.148      |
----------------------------------------
Early stopping at step 0 due to reaching max kl: 0.04
-----------------------------------------
| rollout/                |             |
|    ep_len_mean          | 783         |
|    ep_rew_mean          | 2.19e+03    |
| time/                   |             |
|    fps                  | 2077        |
|    iterations           | 92          |
|    time_elapsed         | 362         |
|    total_timesteps      | 5758976     |
| train/                  |             |
|    approx_kl            | 0.009451201 |
|    clip_fraction        | 0.125       |
|    clip_range           | 0.2         |
|    entropy_loss         | -4.09       |
|    explained_variance   | 0.772       |
|    learning_rate        | 0.0001      |
|    loss                 | 0.0821      |
|    n_updates            | 970         |
|    policy_gradient_loss | 0.00328     |
|    std                  | 0.405       |
|    value_loss           | 0.051       |
-----------------------------------------
Early stopping at step 1 due to reaching max kl: 0.03
-----------------------------------------
| rollout/                |             |
|    ep_len_mean          | 819         |
|    ep_rew_mean          | 2.29e+03    |
| time/                   |             |
|    fps                  | 2078        |
|    iterations           | 93          |
|    time_elapsed         | 366         |
|    total_timesteps      | 5767168     |
| train/                  |             |
|    approx_kl            | 0.018830288 |
|    clip_fraction        | 0.207       |
|    clip_range           | 0.2         |
|    entropy_loss         | -4.09       |
|    explained_variance   | 0.707       |
|    learning_rate        | 0.0001      |
|    loss                 | -0.00185    |
|    n_updates            | 972         |
|    policy_gradient_loss | 0.00324     |
|    std                  | 0.405       |
|    value_loss           | 0.0741      |
-----------------------------------------
Early stopping at step 1 due to reaching max kl: 0.03
-----------------------------------------
| rollout/                |             |
|    ep_len_mean          | 819         |
|    ep_rew_mean          | 2.29e+03    |
| time/                   |             |
|    fps                  | 2080        |
|    iterations           | 94          |
|    time_elapsed         | 370         |
|    total_timesteps      | 5775360     |
| train/                  |             |
|    approx_kl            | 0.022411538 |
|    clip_fraction        | 0.178       |
|    clip_range           | 0.2         |
|    entropy_loss         | -4.08       |
|    explained_variance   | 0.854       |
|    learning_rate        | 0.0001      |
|    loss                 | -0.00421    |
|    n_updates            | 974         |
|    policy_gradient_loss | 0.0017      |
|    std                  | 0.404       |
|    value_loss           | 0.0268      |
-----------------------------------------
Early stopping at step 1 due to reaching max kl: 0.03
----------------------------------------
| rollout/                |            |
|    ep_len_mean          | 788        |
|    ep_rew_mean          | 2.18e+03   |
| time/                   |            |
|    fps                  | 2081       |
|    iterations           | 95         |
|    time_elapsed         | 373        |
|    total_timesteps      | 5783552    |
| train/                  |            |
|    approx_kl            | 0.01757944 |
|    clip_fraction        | 0.202      |
|    clip_range           | 0.2        |
|    entropy_loss         | -4.07      |
|    explained_variance   | 0.785      |
|    learning_rate        | 0.0001     |
|    loss                 | 0.0317     |
|    n_updates            | 976        |
|    policy_gradient_loss | 0.00226    |
|    std                  | 0.404      |
|    value_loss           | 0.0498     |
----------------------------------------
Early stopping at step 0 due to reaching max kl: 0.04
-----------------------------------------
| rollout/                |             |
|    ep_len_mean          | 789         |
|    ep_rew_mean          | 2.19e+03    |
| time/                   |             |
|    fps                  | 2083        |
|    iterations           | 96          |
|    time_elapsed         | 377         |
|    total_timesteps      | 5791744     |
| train/                  |             |
|    approx_kl            | 0.012208221 |
|    clip_fraction        | 0.164       |
|    clip_range           | 0.2         |
|    entropy_loss         | -4.06       |
|    explained_variance   | 0.662       |
|    learning_rate        | 0.0001      |
|    loss                 | 0.0847      |
|    n_updates            | 977         |
|    policy_gradient_loss | 0.00388     |
|    std                  | 0.403       |
|    value_loss           | 0.1         |
-----------------------------------------
Early stopping at step 1 due to reaching max kl: 0.03
----------------------------------------
| rollout/                |            |
|    ep_len_mean          | 794        |
|    ep_rew_mean          | 2.22e+03   |
| time/                   |            |
|    fps                  | 2083       |
|    iterations           | 97         |
|    time_elapsed         | 381        |
|    total_timesteps      | 5799936    |
| train/                  |            |
|    approx_kl            | 0.01845243 |
|    clip_fraction        | 0.22       |
|    clip_range           | 0.2        |
|    entropy_loss         | -4.05      |
|    explained_variance   | 0.773      |
|    learning_rate        | 0.0001     |
|    loss                 | 0.0118     |
|    n_updates            | 979        |
|    policy_gradient_loss | -0.000109  |
|    std                  | 0.403      |
|    value_loss           | 0.0514     |
----------------------------------------
Early stopping at step 2 due to reaching max kl: 0.03
-----------------------------------------
| rollout/                |             |
|    ep_len_mean          | 778         |
|    ep_rew_mean          | 2.18e+03    |
| time/                   |             |
|    fps                  | 2084        |
|    iterations           | 98          |
|    time_elapsed         | 385         |
|    total_timesteps      | 5808128     |
| train/                  |             |
|    approx_kl            | 0.020222686 |
|    clip_fraction        | 0.222       |
|    clip_range           | 0.2         |
|    entropy_loss         | -4.04       |
|    explained_variance   | 0.693       |
|    learning_rate        | 0.0001      |
|    loss                 | 0.0448      |
|    n_updates            | 982         |
|    policy_gradient_loss | -0.000959   |
|    std                  | 0.402       |
|    value_loss           | 0.0591      |
-----------------------------------------
Early stopping at step 1 due to reaching max kl: 0.03
-----------------------------------------
| rollout/                |             |
|    ep_len_mean          | 800         |
|    ep_rew_mean          | 2.24e+03    |
| time/                   |             |
|    fps                  | 2086        |
|    iterations           | 99          |
|    time_elapsed         | 388         |
|    total_timesteps      | 5816320     |
| train/                  |             |
|    approx_kl            | 0.019919598 |
|    clip_fraction        | 0.206       |
|    clip_range           | 0.2         |
|    entropy_loss         | -4.03       |
|    explained_variance   | 0.706       |
|    learning_rate        | 0.0001      |
|    loss                 | 0.0916      |
|    n_updates            | 984         |
|    policy_gradient_loss | 0.0013      |
|    std                  | 0.402       |
|    value_loss           | 0.0796      |
-----------------------------------------
Early stopping at step 1 due to reaching max kl: 0.03
----------------------------------------
| rollout/                |            |
|    ep_len_mean          | 784        |
|    ep_rew_mean          | 2.22e+03   |
| time/                   |            |
|    fps                  | 2087       |
|    iterations           | 100        |
|    time_elapsed         | 392        |
|    total_timesteps      | 5824512    |
| train/                  |            |
|    approx_kl            | 0.01893802 |
|    clip_fraction        | 0.213      |
|    clip_range           | 0.2        |
|    entropy_loss         | -4.02      |
|    explained_variance   | 0.822      |
|    learning_rate        | 0.0001     |
|    loss                 | 0.0162     |
|    n_updates            | 986        |
|    policy_gradient_loss | -0.000941  |
|    std                  | 0.402      |
|    value_loss           | 0.0394     |
----------------------------------------
Early stopping at step 1 due to reaching max kl: 0.03
-----------------------------------------
| rollout/                |             |
|    ep_len_mean          | 767         |
|    ep_rew_mean          | 2.19e+03    |
| time/                   |             |
|    fps                  | 2087        |
|    iterations           | 101         |
|    time_elapsed         | 396         |
|    total_timesteps      | 5832704     |
| train/                  |             |
|    approx_kl            | 0.019005092 |
|    clip_fraction        | 0.183       |
|    clip_range           | 0.2         |
|    entropy_loss         | -4.02       |
|    explained_variance   | 0.619       |
|    learning_rate        | 0.0001      |
|    loss                 | 0.0434      |
|    n_updates            | 988         |
|    policy_gradient_loss | 0.0034      |
|    std                  | 0.401       |
|    value_loss           | 0.111       |
-----------------------------------------
Early stopping at step 0 due to reaching max kl: 0.03
-----------------------------------------
| rollout/                |             |
|    ep_len_mean          | 714         |
|    ep_rew_mean          | 2.05e+03    |
| time/                   |             |
|    fps                  | 2090        |
|    iterations           | 102         |
|    time_elapsed         | 399         |
|    total_timesteps      | 5840896     |
| train/                  |             |
|    approx_kl            | 0.010367038 |
|    clip_fraction        | 0.137       |
|    clip_range           | 0.2         |
|    entropy_loss         | -4.02       |
|    explained_variance   | 0.607       |
|    learning_rate        | 0.0001      |
|    loss                 | 0.0215      |
|    n_updates            | 989         |
|    policy_gradient_loss | 0.00648     |
|    std                  | 0.401       |
|    value_loss           | 0.119       |
-----------------------------------------
Early stopping at step 0 due to reaching max kl: 0.03
-----------------------------------------
| rollout/                |             |
|    ep_len_mean          | 710         |
|    ep_rew_mean          | 2.03e+03    |
| time/                   |             |
|    fps                  | 2088        |
|    iterations           | 103         |
|    time_elapsed         | 404         |
|    total_timesteps      | 5849088     |
| train/                  |             |
|    approx_kl            | 0.015472868 |
|    clip_fraction        | 0.222       |
|    clip_range           | 0.2         |
|    entropy_loss         | -4.02       |
|    explained_variance   | 0.496       |
|    learning_rate        | 0.0001      |
|    loss                 | 0.0207      |
|    n_updates            | 990         |
|    policy_gradient_loss | 0.00815     |
|    std                  | 0.401       |
|    value_loss           | 0.134       |
-----------------------------------------
Early stopping at step 1 due to reaching max kl: 0.04
----------------------------------------
| rollout/                |            |
|    ep_len_mean          | 738        |
|    ep_rew_mean          | 2.13e+03   |
| time/                   |            |
|    fps                  | 2078       |
|    iterations           | 104        |
|    time_elapsed         | 409        |
|    total_timesteps      | 5857280    |
| train/                  |            |
|    approx_kl            | 0.01999624 |
|    clip_fraction        | 0.203      |
|    clip_range           | 0.2        |
|    entropy_loss         | -4.02      |
|    explained_variance   | 0.736      |
|    learning_rate        | 0.0001     |
|    loss                 | -0.00369   |
|    n_updates            | 992        |
|    policy_gradient_loss | 0.00204    |
|    std                  | 0.401      |
|    value_loss           | 0.0649     |
----------------------------------------
Early stopping at step 1 due to reaching max kl: 0.04
-----------------------------------------
| rollout/                |             |
|    ep_len_mean          | 744         |
|    ep_rew_mean          | 2.15e+03    |
| time/                   |             |
|    fps                  | 2072        |
|    iterations           | 105         |
|    time_elapsed         | 414         |
|    total_timesteps      | 5865472     |
| train/                  |             |
|    approx_kl            | 0.018498357 |
|    clip_fraction        | 0.218       |
|    clip_range           | 0.2         |
|    entropy_loss         | -4.01       |
|    explained_variance   | 0.702       |
|    learning_rate        | 0.0001      |
|    loss                 | 0.0632      |
|    n_updates            | 994         |
|    policy_gradient_loss | 0.000726    |
|    std                  | 0.401       |
|    value_loss           | 0.069       |
-----------------------------------------
Early stopping at step 1 due to reaching max kl: 0.03
