[Sensitivity 1/4] lr_1em04_clip_0.2: loading robust seed-6 model and training 1,000,000 additional steps
Logging to /home/tommicalzolari/damage-robust-ant-rl/artifacts/sensitivity/robust_seed_6_1m/lr_1em04_clip_0.2/tensorboard/PPO_0
---------------------------------
| rollout/           |          |
|    ep_len_mean     | 695      |
|    ep_rew_mean     | 1.79e+03 |
| time/              |          |
|    fps             | 2907     |
|    iterations      | 1        |
|    time_elapsed    | 2        |
|    total_timesteps | 5013504  |
---------------------------------
Early stopping at step 1 due to reaching max kl: 0.04
-----------------------------------------
| rollout/                |             |
|    ep_len_mean          | 711         |
|    ep_rew_mean          | 1.84e+03    |
| time/                   |             |
|    fps                  | 2625        |
|    iterations           | 2           |
|    time_elapsed         | 6           |
|    total_timesteps      | 5021696     |
| train/                  |             |
|    approx_kl            | 0.017188355 |
|    clip_fraction        | 0.194       |
|    clip_range           | 0.2         |
|    entropy_loss         | -4.99       |
|    explained_variance   | 0.573       |
|    learning_rate        | 0.0001      |
|    loss                 | 0.0222      |
|    n_updates            | 781         |
|    policy_gradient_loss | -0.00129    |
|    std                  | 0.453       |
|    value_loss           | 0.0666      |
-----------------------------------------
Early stopping at step 1 due to reaching max kl: 0.03
-----------------------------------------
| rollout/                |             |
|    ep_len_mean          | 705         |
|    ep_rew_mean          | 1.83e+03    |
| time/                   |             |
|    fps                  | 2463        |
|    iterations           | 3           |
|    time_elapsed         | 9           |
|    total_timesteps      | 5029888     |
| train/                  |             |
|    approx_kl            | 0.015356857 |
|    clip_fraction        | 0.181       |
|    clip_range           | 0.2         |
|    entropy_loss         | -4.98       |
|    explained_variance   | 0.748       |
|    learning_rate        | 0.0001      |
|    loss                 | 0.0316      |
|    n_updates            | 783         |
|    policy_gradient_loss | -0.00131    |
|    std                  | 0.452       |
|    value_loss           | 0.0292      |
-----------------------------------------
Early stopping at step 1 due to reaching max kl: 0.03
-----------------------------------------
| rollout/                |             |
|    ep_len_mean          | 690         |
|    ep_rew_mean          | 1.81e+03    |
| time/                   |             |
|    fps                  | 2474        |
|    iterations           | 4           |
|    time_elapsed         | 13          |
|    total_timesteps      | 5038080     |
| train/                  |             |
|    approx_kl            | 0.015161082 |
|    clip_fraction        | 0.156       |
|    clip_range           | 0.2         |
|    entropy_loss         | -4.97       |
|    explained_variance   | 0.561       |
|    learning_rate        | 0.0001      |
|    loss                 | 0.00108     |
|    n_updates            | 785         |
|    policy_gradient_loss | 0.000434    |
|    std                  | 0.452       |
|    value_loss           | 0.0966      |
-----------------------------------------
Early stopping at step 3 due to reaching max kl: 0.03
-----------------------------------------
| rollout/                |             |
|    ep_len_mean          | 697         |
|    ep_rew_mean          | 1.82e+03    |
| time/                   |             |
|    fps                  | 2408        |
|    iterations           | 5           |
|    time_elapsed         | 17          |
|    total_timesteps      | 5046272     |
| train/                  |             |
|    approx_kl            | 0.020542998 |
|    clip_fraction        | 0.232       |
|    clip_range           | 0.2         |
|    entropy_loss         | -4.95       |
|    explained_variance   | 0.561       |
|    learning_rate        | 0.0001      |
|    loss                 | 0.0171      |
|    n_updates            | 789         |
|    policy_gradient_loss | -0.0092     |
|    std                  | 0.45        |
|    value_loss           | 0.0852      |
-----------------------------------------
Early stopping at step 1 due to reaching max kl: 0.03
----------------------------------------
| rollout/                |            |
|    ep_len_mean          | 683        |
|    ep_rew_mean          | 1.78e+03   |
| time/                   |            |
|    fps                  | 2443       |
|    iterations           | 6          |
|    time_elapsed         | 20         |
|    total_timesteps      | 5054464    |
| train/                  |            |
|    approx_kl            | 0.01691797 |
|    clip_fraction        | 0.16       |
|    clip_range           | 0.2        |
|    entropy_loss         | -4.94      |
|    explained_variance   | 0.608      |
|    learning_rate        | 0.0001     |
|    loss                 | 0.0181     |
|    n_updates            | 791        |
|    policy_gradient_loss | 0.00603    |
|    std                  | 0.45       |
|    value_loss           | 0.0929     |
----------------------------------------
Early stopping at step 2 due to reaching max kl: 0.03
-----------------------------------------
| rollout/                |             |
|    ep_len_mean          | 701         |
|    ep_rew_mean          | 1.82e+03    |
| time/                   |             |
|    fps                  | 2416        |
|    iterations           | 7           |
|    time_elapsed         | 23          |
|    total_timesteps      | 5062656     |
| train/                  |             |
|    approx_kl            | 0.018943412 |
|    clip_fraction        | 0.233       |
|    clip_range           | 0.2         |
|    entropy_loss         | -4.93       |
|    explained_variance   | 0.542       |
|    learning_rate        | 0.0001      |
|    loss                 | 0.0126      |
|    n_updates            | 794         |
|    policy_gradient_loss | -0.00561    |
|    std                  | 0.449       |
|    value_loss           | 0.121       |
-----------------------------------------
Early stopping at step 1 due to reaching max kl: 0.03
-----------------------------------------
| rollout/                |             |
|    ep_len_mean          | 694         |
|    ep_rew_mean          | 1.8e+03     |
| time/                   |             |
|    fps                  | 2426        |
|    iterations           | 8           |
|    time_elapsed         | 27          |
|    total_timesteps      | 5070848     |
| train/                  |             |
|    approx_kl            | 0.015140121 |
|    clip_fraction        | 0.155       |
|    clip_range           | 0.2         |
|    entropy_loss         | -4.91       |
|    explained_variance   | 0.7         |
|    learning_rate        | 0.0001      |
|    loss                 | 0.0571      |
|    n_updates            | 796         |
|    policy_gradient_loss | 0.000791    |
|    std                  | 0.448       |
|    value_loss           | 0.0495      |
-----------------------------------------
Early stopping at step 1 due to reaching max kl: 0.03
-----------------------------------------
| rollout/                |             |
|    ep_len_mean          | 695         |
|    ep_rew_mean          | 1.8e+03     |
| time/                   |             |
|    fps                  | 2440        |
|    iterations           | 9           |
|    time_elapsed         | 30          |
|    total_timesteps      | 5079040     |
| train/                  |             |
|    approx_kl            | 0.017915806 |
|    clip_fraction        | 0.182       |
|    clip_range           | 0.2         |
|    entropy_loss         | -4.9        |
|    explained_variance   | 0.583       |
|    learning_rate        | 0.0001      |
|    loss                 | 0.0126      |
|    n_updates            | 798         |
|    policy_gradient_loss | -0.000339   |
|    std                  | 0.448       |
|    value_loss           | 0.107       |
-----------------------------------------
Early stopping at step 1 due to reaching max kl: 0.03
-----------------------------------------
| rollout/                |             |
|    ep_len_mean          | 679         |
|    ep_rew_mean          | 1.77e+03    |
| time/                   |             |
|    fps                  | 2438        |
|    iterations           | 10          |
|    time_elapsed         | 33          |
|    total_timesteps      | 5087232     |
| train/                  |             |
|    approx_kl            | 0.018031172 |
|    clip_fraction        | 0.188       |
|    clip_range           | 0.2         |
|    entropy_loss         | -4.9        |
|    explained_variance   | 0.493       |
|    learning_rate        | 0.0001      |
|    loss                 | -0.0258     |
|    n_updates            | 800         |
|    policy_gradient_loss | -0.00169    |
|    std                  | 0.448       |
|    value_loss           | 0.12        |
-----------------------------------------
Early stopping at step 2 due to reaching max kl: 0.03
-----------------------------------------
| rollout/                |             |
|    ep_len_mean          | 681         |
|    ep_rew_mean          | 1.79e+03    |
| time/                   |             |
|    fps                  | 2430        |
|    iterations           | 11          |
|    time_elapsed         | 37          |
|    total_timesteps      | 5095424     |
| train/                  |             |
|    approx_kl            | 0.020155737 |
|    clip_fraction        | 0.227       |
|    clip_range           | 0.2         |
|    entropy_loss         | -4.89       |
|    explained_variance   | 0.514       |
|    learning_rate        | 0.0001      |
|    loss                 | 0.033       |
|    n_updates            | 803         |
|    policy_gradient_loss | -0.00154    |
|    std                  | 0.447       |
|    value_loss           | 0.0844      |
-----------------------------------------
Early stopping at step 1 due to reaching max kl: 0.03
-----------------------------------------
| rollout/                |             |
|    ep_len_mean          | 680         |
|    ep_rew_mean          | 1.78e+03    |
| time/                   |             |
|    fps                  | 2433        |
|    iterations           | 12          |
|    time_elapsed         | 40          |
|    total_timesteps      | 5103616     |
| train/                  |             |
|    approx_kl            | 0.016954808 |
|    clip_fraction        | 0.183       |
|    clip_range           | 0.2         |
|    entropy_loss         | -4.88       |
|    explained_variance   | 0.576       |
|    learning_rate        | 0.0001      |
|    loss                 | 0.0701      |
|    n_updates            | 805         |
|    policy_gradient_loss | -0.0004     |
|    std                  | 0.446       |
|    value_loss           | 0.0685      |
-----------------------------------------
Early stopping at step 1 due to reaching max kl: 0.03
-----------------------------------------
| rollout/                |             |
|    ep_len_mean          | 693         |
|    ep_rew_mean          | 1.81e+03    |
| time/                   |             |
|    fps                  | 2434        |
|    iterations           | 13          |
|    time_elapsed         | 43          |
|    total_timesteps      | 5111808     |
| train/                  |             |
|    approx_kl            | 0.016853731 |
|    clip_fraction        | 0.187       |
|    clip_range           | 0.2         |
|    entropy_loss         | -4.88       |
|    explained_variance   | 0.5         |
|    learning_rate        | 0.0001      |
|    loss                 | 0.0822      |
|    n_updates            | 807         |
|    policy_gradient_loss | -0.00105    |
|    std                  | 0.446       |
|    value_loss           | 0.122       |
-----------------------------------------
Early stopping at step 2 due to reaching max kl: 0.03
-----------------------------------------
| rollout/                |             |
|    ep_len_mean          | 715         |
|    ep_rew_mean          | 1.86e+03    |
| time/                   |             |
|    fps                  | 2421        |
|    iterations           | 14          |
|    time_elapsed         | 47          |
|    total_timesteps      | 5120000     |
| train/                  |             |
|    approx_kl            | 0.019247161 |
|    clip_fraction        | 0.22        |
|    clip_range           | 0.2         |
|    entropy_loss         | -4.87       |
|    explained_variance   | 0.631       |
|    learning_rate        | 0.0001      |
|    loss                 | 0.0168      |
|    n_updates            | 810         |
|    policy_gradient_loss | -0.00833    |
|    std                  | 0.445       |
|    value_loss           | 0.0638      |
-----------------------------------------
Early stopping at step 1 due to reaching max kl: 0.03
-----------------------------------------
| rollout/                |             |
|    ep_len_mean          | 730         |
|    ep_rew_mean          | 1.91e+03    |
| time/                   |             |
|    fps                  | 2424        |
|    iterations           | 15          |
|    time_elapsed         | 50          |
|    total_timesteps      | 5128192     |
| train/                  |             |
|    approx_kl            | 0.017986992 |
|    clip_fraction        | 0.199       |
|    clip_range           | 0.2         |
|    entropy_loss         | -4.86       |
|    explained_variance   | 0.554       |
|    learning_rate        | 0.0001      |
|    loss                 | 0.156       |
|    n_updates            | 812         |
|    policy_gradient_loss | -0.00055    |
|    std                  | 0.445       |
|    value_loss           | 0.0865      |
-----------------------------------------
Early stopping at step 3 due to reaching max kl: 0.04
----------------------------------------
| rollout/                |            |
|    ep_len_mean          | 696        |
|    ep_rew_mean          | 1.83e+03   |
| time/                   |            |
|    fps                  | 2405       |
|    iterations           | 16         |
|    time_elapsed         | 54         |
|    total_timesteps      | 5136384    |
| train/                  |            |
|    approx_kl            | 0.03523615 |
|    clip_fraction        | 0.229      |
|    clip_range           | 0.2        |
|    entropy_loss         | -4.84      |
|    explained_variance   | 0.704      |
|    learning_rate        | 0.0001     |
|    loss                 | 0.0407     |
|    n_updates            | 816        |
|    policy_gradient_loss | -0.00765   |
|    std                  | 0.444      |
|    value_loss           | 0.0516     |
----------------------------------------
Early stopping at step 1 due to reaching max kl: 0.04
-----------------------------------------
| rollout/                |             |
|    ep_len_mean          | 712         |
|    ep_rew_mean          | 1.87e+03    |
| time/                   |             |
|    fps                  | 2410        |
|    iterations           | 17          |
|    time_elapsed         | 57          |
|    total_timesteps      | 5144576     |
| train/                  |             |
|    approx_kl            | 0.015692346 |
|    clip_fraction        | 0.151       |
|    clip_range           | 0.2         |
|    entropy_loss         | -4.82       |
|    explained_variance   | 0.508       |
|    learning_rate        | 0.0001      |
|    loss                 | 0.022       |
|    n_updates            | 818         |
|    policy_gradient_loss | 0.00314     |
|    std                  | 0.443       |
|    value_loss           | 0.113       |
-----------------------------------------
Early stopping at step 2 due to reaching max kl: 0.03
-----------------------------------------
| rollout/                |             |
|    ep_len_mean          | 731         |
|    ep_rew_mean          | 1.94e+03    |
| time/                   |             |
|    fps                  | 2407        |
|    iterations           | 18          |
|    time_elapsed         | 61          |
|    total_timesteps      | 5152768     |
| train/                  |             |
|    approx_kl            | 0.034650363 |
|    clip_fraction        | 0.196       |
|    clip_range           | 0.2         |
|    entropy_loss         | -4.81       |
|    explained_variance   | 0.65        |
|    learning_rate        | 0.0001      |
|    loss                 | 0.000517    |
|    n_updates            | 821         |
|    policy_gradient_loss | -0.0011     |
|    std                  | 0.442       |
|    value_loss           | 0.0661      |
-----------------------------------------
Early stopping at step 0 due to reaching max kl: 0.04
-----------------------------------------
| rollout/                |             |
|    ep_len_mean          | 705         |
|    ep_rew_mean          | 1.87e+03    |
| time/                   |             |
|    fps                  | 2421        |
|    iterations           | 19          |
|    time_elapsed         | 64          |
|    total_timesteps      | 5160960     |
| train/                  |             |
|    approx_kl            | 0.009866321 |
|    clip_fraction        | 0.124       |
|    clip_range           | 0.2         |
|    entropy_loss         | -4.79       |
|    explained_variance   | 0.548       |
|    learning_rate        | 0.0001      |
|    loss                 | 0.111       |
|    n_updates            | 822         |
|    policy_gradient_loss | 0.00117     |
|    std                  | 0.442       |
|    value_loss           | 0.102       |
-----------------------------------------
Early stopping at step 1 due to reaching max kl: 0.03
----------------------------------------
| rollout/                |            |
|    ep_len_mean          | 701        |
|    ep_rew_mean          | 1.87e+03   |
| time/                   |            |
|    fps                  | 2423       |
|    iterations           | 20         |
|    time_elapsed         | 67         |
|    total_timesteps      | 5169152    |
| train/                  |            |
|    approx_kl            | 0.01935189 |
|    clip_fraction        | 0.196      |
|    clip_range           | 0.2        |
|    entropy_loss         | -4.79      |
|    explained_variance   | 0.555      |
|    learning_rate        | 0.0001     |
|    loss                 | -0.00614   |
|    n_updates            | 824        |
|    policy_gradient_loss | -0.0007    |
|    std                  | 0.442      |
|    value_loss           | 0.138      |
----------------------------------------
Early stopping at step 2 due to reaching max kl: 0.03
-----------------------------------------
| rollout/                |             |
|    ep_len_mean          | 687         |
|    ep_rew_mean          | 1.85e+03    |
| time/                   |             |
|    fps                  | 2412        |
|    iterations           | 21          |
|    time_elapsed         | 71          |
|    total_timesteps      | 5177344     |
| train/                  |             |
|    approx_kl            | 0.018160675 |
|    clip_fraction        | 0.222       |
|    clip_range           | 0.2         |
|    entropy_loss         | -4.79       |
|    explained_variance   | 0.6         |
|    learning_rate        | 0.0001      |
|    loss                 | -0.00451    |
|    n_updates            | 827         |
|    policy_gradient_loss | -0.00373    |
|    std                  | 0.441       |
|    value_loss           | 0.104       |
-----------------------------------------
Early stopping at step 1 due to reaching max kl: 0.03
----------------------------------------
| rollout/                |            |
|    ep_len_mean          | 686        |
|    ep_rew_mean          | 1.85e+03   |
| time/                   |            |
|    fps                  | 2410       |
|    iterations           | 22         |
|    time_elapsed         | 74         |
|    total_timesteps      | 5185536    |
| train/                  |            |
|    approx_kl            | 0.01732065 |
|    clip_fraction        | 0.208      |
|    clip_range           | 0.2        |
|    entropy_loss         | -4.78      |
|    explained_variance   | 0.473      |
|    learning_rate        | 0.0001     |
|    loss                 | 0.00904    |
|    n_updates            | 829        |
|    policy_gradient_loss | -2.25e-05  |
|    std                  | 0.441      |
|    value_loss           | 0.124      |
----------------------------------------
Early stopping at step 1 due to reaching max kl: 0.04
-----------------------------------------
| rollout/                |             |
|    ep_len_mean          | 670         |
|    ep_rew_mean          | 1.81e+03    |
| time/                   |             |
|    fps                  | 2414        |
|    iterations           | 23          |
|    time_elapsed         | 78          |
|    total_timesteps      | 5193728     |
| train/                  |             |
|    approx_kl            | 0.017022775 |
|    clip_fraction        | 0.172       |
|    clip_range           | 0.2         |
|    entropy_loss         | -4.77       |
|    explained_variance   | 0.601       |
|    learning_rate        | 0.0001      |
|    loss                 | 0.0188      |
|    n_updates            | 831         |
|    policy_gradient_loss | 0.00392     |
|    std                  | 0.44        |
|    value_loss           | 0.103       |
-----------------------------------------
Early stopping at step 0 due to reaching max kl: 0.03
-----------------------------------------
| rollout/                |             |
|    ep_len_mean          | 667         |
|    ep_rew_mean          | 1.82e+03    |
| time/                   |             |
|    fps                  | 2423        |
|    iterations           | 24          |
|    time_elapsed         | 81          |
|    total_timesteps      | 5201920     |
| train/                  |             |
|    approx_kl            | 0.010431387 |
|    clip_fraction        | 0.145       |
|    clip_range           | 0.2         |
|    entropy_loss         | -4.76       |
|    explained_variance   | 0.515       |
|    learning_rate        | 0.0001      |
|    loss                 | 0.033       |
|    n_updates            | 832         |
|    policy_gradient_loss | 0.00403     |
|    std                  | 0.44        |
|    value_loss           | 0.121       |
-----------------------------------------
Early stopping at step 1 due to reaching max kl: 0.03
-----------------------------------------
| rollout/                |             |
|    ep_len_mean          | 650         |
|    ep_rew_mean          | 1.8e+03     |
| time/                   |             |
|    fps                  | 2425        |
|    iterations           | 25          |
|    time_elapsed         | 84          |
|    total_timesteps      | 5210112     |
| train/                  |             |
|    approx_kl            | 0.019776367 |
|    clip_fraction        | 0.199       |
|    clip_range           | 0.2         |
|    entropy_loss         | -4.76       |
|    explained_variance   | 0.501       |
|    learning_rate        | 0.0001      |
|    loss                 | 0.0546      |
|    n_updates            | 834         |
|    policy_gradient_loss | -0.000338   |
|    std                  | 0.44        |
|    value_loss           | 0.117       |
-----------------------------------------
Early stopping at step 0 due to reaching max kl: 0.03
-----------------------------------------
| rollout/                |             |
|    ep_len_mean          | 657         |
|    ep_rew_mean          | 1.81e+03    |
| time/                   |             |
|    fps                  | 2431        |
|    iterations           | 26          |
|    time_elapsed         | 87          |
|    total_timesteps      | 5218304     |
| train/                  |             |
|    approx_kl            | 0.013111516 |
|    clip_fraction        | 0.175       |
|    clip_range           | 0.2         |
|    entropy_loss         | -4.76       |
|    explained_variance   | 0.413       |
|    learning_rate        | 0.0001      |
|    loss                 | 0.0395      |
|    n_updates            | 835         |
|    policy_gradient_loss | 0.00707     |
|    std                  | 0.44        |
|    value_loss           | 0.171       |
-----------------------------------------
Early stopping at step 1 due to reaching max kl: 0.04
-----------------------------------------
| rollout/                |             |
|    ep_len_mean          | 685         |
|    ep_rew_mean          | 1.88e+03    |
| time/                   |             |
|    fps                  | 2435        |
|    iterations           | 27          |
|    time_elapsed         | 90          |
|    total_timesteps      | 5226496     |
| train/                  |             |
|    approx_kl            | 0.016785435 |
|    clip_fraction        | 0.168       |
|    clip_range           | 0.2         |
|    entropy_loss         | -4.75       |
|    explained_variance   | 0.697       |
|    learning_rate        | 0.0001      |
|    loss                 | 0.0934      |
|    n_updates            | 837         |
|    policy_gradient_loss | 0.00128     |
|    std                  | 0.439       |
|    value_loss           | 0.0646      |
-----------------------------------------
Early stopping at step 2 due to reaching max kl: 0.03
-----------------------------------------
| rollout/                |             |
|    ep_len_mean          | 718         |
|    ep_rew_mean          | 1.96e+03    |
| time/                   |             |
|    fps                  | 2430        |
|    iterations           | 28          |
|    time_elapsed         | 94          |
|    total_timesteps      | 5234688     |
| train/                  |             |
|    approx_kl            | 0.019154584 |
|    clip_fraction        | 0.214       |
|    clip_range           | 0.2         |
|    entropy_loss         | -4.73       |
|    explained_variance   | 0.769       |
|    learning_rate        | 0.0001      |
|    loss                 | -0.0164     |
|    n_updates            | 840         |
|    policy_gradient_loss | -0.00644    |
|    std                  | 0.438       |
|    value_loss           | 0.0275      |
-----------------------------------------
Early stopping at step 0 due to reaching max kl: 0.03
-----------------------------------------
| rollout/                |             |
|    ep_len_mean          | 733         |
|    ep_rew_mean          | 1.99e+03    |
| time/                   |             |
|    fps                  | 2437        |
|    iterations           | 29          |
|    time_elapsed         | 97          |
|    total_timesteps      | 5242880     |
| train/                  |             |
|    approx_kl            | 0.012204929 |
|    clip_fraction        | 0.174       |
|    clip_range           | 0.2         |
|    entropy_loss         | -4.71       |
|    explained_variance   | 0.674       |
|    learning_rate        | 0.0001      |
|    loss                 | -0.00564    |
|    n_updates            | 841         |
|    policy_gradient_loss | 0.00207     |
|    std                  | 0.437       |
|    value_loss           | 0.0745      |
-----------------------------------------
Early stopping at step 2 due to reaching max kl: 0.03
-----------------------------------------
| rollout/                |             |
|    ep_len_mean          | 730         |
|    ep_rew_mean          | 1.97e+03    |
| time/                   |             |
|    fps                  | 2435        |
|    iterations           | 30          |
|    time_elapsed         | 100         |
|    total_timesteps      | 5251072     |
| train/                  |             |
|    approx_kl            | 0.019706585 |
|    clip_fraction        | 0.206       |
|    clip_range           | 0.2         |
|    entropy_loss         | -4.69       |
|    explained_variance   | 0.786       |
|    learning_rate        | 0.0001      |
|    loss                 | -0.0526     |
|    n_updates            | 844         |
|    policy_gradient_loss | -0.00448    |
|    std                  | 0.436       |
|    value_loss           | 0.032       |
-----------------------------------------
Early stopping at step 2 due to reaching max kl: 0.03
----------------------------------------
| rollout/                |            |
|    ep_len_mean          | 719        |
|    ep_rew_mean          | 1.95e+03   |
| time/                   |            |
|    fps                  | 2433       |
|    iterations           | 31         |
|    time_elapsed         | 104        |
|    total_timesteps      | 5259264    |
| train/                  |            |
|    approx_kl            | 0.02300936 |
|    clip_fraction        | 0.21       |
|    clip_range           | 0.2        |
|    entropy_loss         | -4.68      |
|    explained_variance   | 0.571      |
|    learning_rate        | 0.0001     |
|    loss                 | 0.0178     |
|    n_updates            | 847        |
|    policy_gradient_loss | 0.000435   |
|    std                  | 0.436      |
|    value_loss           | 0.113      |
----------------------------------------
Early stopping at step 1 due to reaching max kl: 0.04
-----------------------------------------
| rollout/                |             |
|    ep_len_mean          | 733         |
|    ep_rew_mean          | 1.99e+03    |
| time/                   |             |
|    fps                  | 2433        |
|    iterations           | 32          |
|    time_elapsed         | 107         |
|    total_timesteps      | 5267456     |
| train/                  |             |
|    approx_kl            | 0.017899318 |
|    clip_fraction        | 0.21        |
|    clip_range           | 0.2         |
|    entropy_loss         | -4.67       |
|    explained_variance   | 0.542       |
|    learning_rate        | 0.0001      |
|    loss                 | 0.122       |
|    n_updates            | 849         |
|    policy_gradient_loss | -0.00132    |
|    std                  | 0.435       |
|    value_loss           | 0.138       |
-----------------------------------------
Early stopping at step 1 due to reaching max kl: 0.04
---------------------------------------
| rollout/                |           |
|    ep_len_mean          | 726       |
|    ep_rew_mean          | 1.97e+03  |
| time/                   |           |
|    fps                  | 2435      |
|    iterations           | 33        |
|    time_elapsed         | 111       |
|    total_timesteps      | 5275648   |
| train/                  |           |
|    approx_kl            | 0.0170151 |
|    clip_fraction        | 0.186     |
|    clip_range           | 0.2       |
|    entropy_loss         | -4.66     |
|    explained_variance   | 0.599     |
|    learning_rate        | 0.0001    |
|    loss                 | 0.0378    |
|    n_updates            | 851       |
|    policy_gradient_loss | -0.000225 |
|    std                  | 0.434     |
|    value_loss           | 0.0628    |
---------------------------------------
Early stopping at step 2 due to reaching max kl: 0.03
---------------------------------------
| rollout/                |           |
|    ep_len_mean          | 757       |
|    ep_rew_mean          | 2.05e+03  |
| time/                   |           |
|    fps                  | 2433      |
|    iterations           | 34        |
|    time_elapsed         | 114       |
|    total_timesteps      | 5283840   |
| train/                  |           |
|    approx_kl            | 0.0226168 |
|    clip_fraction        | 0.212     |
|    clip_range           | 0.2       |
|    entropy_loss         | -4.64     |
|    explained_variance   | 0.436     |
|    learning_rate        | 0.0001    |
|    loss                 | 0.0817    |
|    n_updates            | 854       |
|    policy_gradient_loss | -0.00139  |
|    std                  | 0.434     |
|    value_loss           | 0.0988    |
---------------------------------------
Early stopping at step 2 due to reaching max kl: 0.04
-----------------------------------------
| rollout/                |             |
|    ep_len_mean          | 757         |
|    ep_rew_mean          | 2.05e+03    |
| time/                   |             |
|    fps                  | 2431        |
|    iterations           | 35          |
|    time_elapsed         | 117         |
|    total_timesteps      | 5292032     |
| train/                  |             |
|    approx_kl            | 0.023793384 |
|    clip_fraction        | 0.218       |
|    clip_range           | 0.2         |
|    entropy_loss         | -4.63       |
|    explained_variance   | 0.591       |
|    learning_rate        | 0.0001      |
|    loss                 | -0.017      |
|    n_updates            | 857         |
|    policy_gradient_loss | -0.00106    |
|    std                  | 0.433       |
|    value_loss           | 0.0749      |
-----------------------------------------
Early stopping at step 1 due to reaching max kl: 0.03
-----------------------------------------
| rollout/                |             |
|    ep_len_mean          | 735         |
|    ep_rew_mean          | 2e+03       |
| time/                   |             |
|    fps                  | 2433        |
|    iterations           | 36          |
|    time_elapsed         | 121         |
|    total_timesteps      | 5300224     |
| train/                  |             |
|    approx_kl            | 0.017289728 |
|    clip_fraction        | 0.187       |
|    clip_range           | 0.2         |
|    entropy_loss         | -4.62       |
|    explained_variance   | 0.605       |
|    learning_rate        | 0.0001      |
|    loss                 | 0.0852      |
|    n_updates            | 859         |
|    policy_gradient_loss | 0.000566    |
|    std                  | 0.433       |
|    value_loss           | 0.0915      |
-----------------------------------------
Early stopping at step 1 due to reaching max kl: 0.03
-----------------------------------------
| rollout/                |             |
|    ep_len_mean          | 755         |
|    ep_rew_mean          | 2.05e+03    |
| time/                   |             |
|    fps                  | 2437        |
|    iterations           | 37          |
|    time_elapsed         | 124         |
|    total_timesteps      | 5308416     |
| train/                  |             |
|    approx_kl            | 0.021000216 |
|    clip_fraction        | 0.178       |
|    clip_range           | 0.2         |
|    entropy_loss         | -4.61       |
|    explained_variance   | 0.427       |
|    learning_rate        | 0.0001      |
|    loss                 | -0.0107     |
|    n_updates            | 861         |
|    policy_gradient_loss | 0.00266     |
|    std                  | 0.432       |
|    value_loss           | 0.0894      |
-----------------------------------------
Early stopping at step 1 due to reaching max kl: 0.03
----------------------------------------
| rollout/                |            |
|    ep_len_mean          | 734        |
|    ep_rew_mean          | 2.03e+03   |
| time/                   |            |
|    fps                  | 2436       |
|    iterations           | 38         |
|    time_elapsed         | 127        |
|    total_timesteps      | 5316608    |
| train/                  |            |
|    approx_kl            | 0.01646499 |
|    clip_fraction        | 0.18       |
|    clip_range           | 0.2        |
|    entropy_loss         | -4.61      |
|    explained_variance   | 0.712      |
|    learning_rate        | 0.0001     |
|    loss                 | 0.0155     |
|    n_updates            | 863        |
|    policy_gradient_loss | -0.00224   |
|    std                  | 0.431      |
|    value_loss           | 0.0329     |
----------------------------------------
Early stopping at step 1 due to reaching max kl: 0.04
----------------------------------------
| rollout/                |            |
|    ep_len_mean          | 738        |
|    ep_rew_mean          | 2.04e+03   |
| time/                   |            |
|    fps                  | 2439       |
|    iterations           | 39         |
|    time_elapsed         | 130        |
|    total_timesteps      | 5324800    |
| train/                  |            |
|    approx_kl            | 0.02003566 |
|    clip_fraction        | 0.19       |
|    clip_range           | 0.2        |
|    entropy_loss         | -4.59      |
|    explained_variance   | 0.609      |
|    learning_rate        | 0.0001     |
|    loss                 | 0.0404     |
|    n_updates            | 865        |
|    policy_gradient_loss | 0.0034     |
|    std                  | 0.431      |
|    value_loss           | 0.086      |
----------------------------------------
Early stopping at step 1 due to reaching max kl: 0.03
-----------------------------------------
| rollout/                |             |
|    ep_len_mean          | 752         |
|    ep_rew_mean          | 2.07e+03    |
| time/                   |             |
|    fps                  | 2443        |
|    iterations           | 40          |
|    time_elapsed         | 134         |
|    total_timesteps      | 5332992     |
| train/                  |             |
|    approx_kl            | 0.028785259 |
|    clip_fraction        | 0.154       |
|    clip_range           | 0.2         |
|    entropy_loss         | -4.59       |
|    explained_variance   | 0.581       |
|    learning_rate        | 0.0001      |
|    loss                 | 0.0854      |
|    n_updates            | 867         |
|    policy_gradient_loss | 0.00796     |
|    std                  | 0.431       |
|    value_loss           | 0.108       |
-----------------------------------------
Early stopping at step 1 due to reaching max kl: 0.03
-----------------------------------------
| rollout/                |             |
|    ep_len_mean          | 740         |
|    ep_rew_mean          | 2.04e+03    |
| time/                   |             |
|    fps                  | 2446        |
|    iterations           | 41          |
|    time_elapsed         | 137         |
|    total_timesteps      | 5341184     |
| train/                  |             |
|    approx_kl            | 0.019466786 |
|    clip_fraction        | 0.18        |
|    clip_range           | 0.2         |
|    entropy_loss         | -4.59       |
|    explained_variance   | 0.598       |
|    learning_rate        | 0.0001      |
|    loss                 | 0.0296      |
|    n_updates            | 869         |
|    policy_gradient_loss | 0.00239     |
|    std                  | 0.431       |
|    value_loss           | 0.11        |
-----------------------------------------
Early stopping at step 1 due to reaching max kl: 0.03
-----------------------------------------
| rollout/                |             |
|    ep_len_mean          | 751         |
|    ep_rew_mean          | 2.06e+03    |
| time/                   |             |
|    fps                  | 2444        |
|    iterations           | 42          |
|    time_elapsed         | 140         |
|    total_timesteps      | 5349376     |
| train/                  |             |
|    approx_kl            | 0.019505648 |
|    clip_fraction        | 0.218       |
|    clip_range           | 0.2         |
|    entropy_loss         | -4.58       |
|    explained_variance   | 0.686       |
|    learning_rate        | 0.0001      |
|    loss                 | 0.0278      |
|    n_updates            | 871         |
|    policy_gradient_loss | -0.00185    |
|    std                  | 0.431       |
|    value_loss           | 0.0722      |
-----------------------------------------
Early stopping at step 1 due to reaching max kl: 0.03
-----------------------------------------
| rollout/                |             |
|    ep_len_mean          | 777         |
|    ep_rew_mean          | 2.13e+03    |
| time/                   |             |
|    fps                  | 2447        |
|    iterations           | 43          |
|    time_elapsed         | 143         |
|    total_timesteps      | 5357568     |
| train/                  |             |
|    approx_kl            | 0.022850214 |
|    clip_fraction        | 0.18        |
|    clip_range           | 0.2         |
|    entropy_loss         | -4.58       |
|    explained_variance   | 0.677       |
|    learning_rate        | 0.0001      |
|    loss                 | -0.0213     |
|    n_updates            | 873         |
|    policy_gradient_loss | 0.00334     |
|    std                  | 0.43        |
|    value_loss           | 0.0904      |
-----------------------------------------
Early stopping at step 2 due to reaching max kl: 0.03
-----------------------------------------
| rollout/                |             |
|    ep_len_mean          | 775         |
|    ep_rew_mean          | 2.13e+03    |
| time/                   |             |
|    fps                  | 2446        |
|    iterations           | 44          |
|    time_elapsed         | 147         |
|    total_timesteps      | 5365760     |
| train/                  |             |
|    approx_kl            | 0.018796083 |
|    clip_fraction        | 0.204       |
|    clip_range           | 0.2         |
|    entropy_loss         | -4.56       |
|    explained_variance   | 0.74        |
|    learning_rate        | 0.0001      |
|    loss                 | 0.00624     |
|    n_updates            | 876         |
|    policy_gradient_loss | -0.00162    |
|    std                  | 0.429       |
|    value_loss           | 0.0449      |
-----------------------------------------
Early stopping at step 3 due to reaching max kl: 0.03
-----------------------------------------
| rollout/                |             |
|    ep_len_mean          | 764         |
|    ep_rew_mean          | 2.1e+03     |
| time/                   |             |
|    fps                  | 2439        |
|    iterations           | 45          |
|    time_elapsed         | 151         |
|    total_timesteps      | 5373952     |
| train/                  |             |
|    approx_kl            | 0.021194328 |
|    clip_fraction        | 0.228       |
|    clip_range           | 0.2         |
|    entropy_loss         | -4.54       |
|    explained_variance   | 0.587       |
|    learning_rate        | 0.0001      |
|    loss                 | 0.0447      |
|    n_updates            | 880         |
|    policy_gradient_loss | -0.00504    |
|    std                  | 0.428       |
|    value_loss           | 0.0596      |
-----------------------------------------
Early stopping at step 1 due to reaching max kl: 0.03
-----------------------------------------
| rollout/                |             |
|    ep_len_mean          | 749         |
|    ep_rew_mean          | 2.06e+03    |
| time/                   |             |
|    fps                  | 2440        |
|    iterations           | 46          |
|    time_elapsed         | 154         |
|    total_timesteps      | 5382144     |
| train/                  |             |
|    approx_kl            | 0.019017776 |
|    clip_fraction        | 0.203       |
|    clip_range           | 0.2         |
|    entropy_loss         | -4.53       |
|    explained_variance   | 0.579       |
|    learning_rate        | 0.0001      |
|    loss                 | 0.172       |
|    n_updates            | 882         |
|    policy_gradient_loss | -0.000685   |
|    std                  | 0.428       |
|    value_loss           | 0.125       |
-----------------------------------------
Early stopping at step 0 due to reaching max kl: 0.03
-----------------------------------------
| rollout/                |             |
|    ep_len_mean          | 766         |
|    ep_rew_mean          | 2.11e+03    |
| time/                   |             |
|    fps                  | 2443        |
|    iterations           | 47          |
|    time_elapsed         | 157         |
|    total_timesteps      | 5390336     |
| train/                  |             |
|    approx_kl            | 0.011036912 |
|    clip_fraction        | 0.157       |
|    clip_range           | 0.2         |
|    entropy_loss         | -4.52       |
|    explained_variance   | 0.598       |
|    learning_rate        | 0.0001      |
|    loss                 | 0.0851      |
|    n_updates            | 883         |
|    policy_gradient_loss | 0.0051      |
|    std                  | 0.427       |
|    value_loss           | 0.105       |
-----------------------------------------
Early stopping at step 1 due to reaching max kl: 0.03
-----------------------------------------
| rollout/                |             |
|    ep_len_mean          | 781         |
|    ep_rew_mean          | 2.13e+03    |
| time/                   |             |
|    fps                  | 2445        |
|    iterations           | 48          |
|    time_elapsed         | 160         |
|    total_timesteps      | 5398528     |
| train/                  |             |
|    approx_kl            | 0.018636366 |
|    clip_fraction        | 0.203       |
|    clip_range           | 0.2         |
|    entropy_loss         | -4.52       |
|    explained_variance   | 0.72        |
|    learning_rate        | 0.0001      |
|    loss                 | 0.0607      |
|    n_updates            | 885         |
|    policy_gradient_loss | -4.55e-05   |
|    std                  | 0.427       |
|    value_loss           | 0.0503      |
-----------------------------------------
Early stopping at step 1 due to reaching max kl: 0.03
-----------------------------------------
| rollout/                |             |
|    ep_len_mean          | 796         |
|    ep_rew_mean          | 2.18e+03    |
| time/                   |             |
|    fps                  | 2446        |
|    iterations           | 49          |
|    time_elapsed         | 164         |
|    total_timesteps      | 5406720     |
| train/                  |             |
|    approx_kl            | 0.019704059 |
|    clip_fraction        | 0.186       |
|    clip_range           | 0.2         |
|    entropy_loss         | -4.5        |
|    explained_variance   | 0.736       |
|    learning_rate        | 0.0001      |
|    loss                 | -0.0107     |
|    n_updates            | 887         |
|    policy_gradient_loss | 0.000738    |
|    std                  | 0.426       |
|    value_loss           | 0.0503      |
-----------------------------------------
Early stopping at step 0 due to reaching max kl: 0.03
-----------------------------------------
| rollout/                |             |
|    ep_len_mean          | 794         |
|    ep_rew_mean          | 2.19e+03    |
| time/                   |             |
|    fps                  | 2449        |
|    iterations           | 50          |
|    time_elapsed         | 167         |
|    total_timesteps      | 5414912     |
| train/                  |             |
|    approx_kl            | 0.012795176 |
|    clip_fraction        | 0.179       |
|    clip_range           | 0.2         |
|    entropy_loss         | -4.5        |
|    explained_variance   | 0.67        |
|    learning_rate        | 0.0001      |
|    loss                 | 0.0367      |
|    n_updates            | 888         |
|    policy_gradient_loss | 0.00244     |
|    std                  | 0.426       |
|    value_loss           | 0.0505      |
-----------------------------------------
Early stopping at step 1 due to reaching max kl: 0.04
-----------------------------------------
| rollout/                |             |
|    ep_len_mean          | 798         |
|    ep_rew_mean          | 2.21e+03    |
| time/                   |             |
|    fps                  | 2451        |
|    iterations           | 51          |
|    time_elapsed         | 170         |
|    total_timesteps      | 5423104     |
| train/                  |             |
|    approx_kl            | 0.019218493 |
|    clip_fraction        | 0.178       |
|    clip_range           | 0.2         |
|    entropy_loss         | -4.5        |
|    explained_variance   | 0.52        |
|    learning_rate        | 0.0001      |
|    loss                 | 0.00873     |
|    n_updates            | 890         |
|    policy_gradient_loss | 0.00262     |
|    std                  | 0.426       |
|    value_loss           | 0.0549      |
-----------------------------------------
Early stopping at step 1 due to reaching max kl: 0.03
-----------------------------------------
| rollout/                |             |
|    ep_len_mean          | 801         |
|    ep_rew_mean          | 2.22e+03    |
| time/                   |             |
|    fps                  | 2451        |
|    iterations           | 52          |
|    time_elapsed         | 173         |
|    total_timesteps      | 5431296     |
| train/                  |             |
|    approx_kl            | 0.016770598 |
|    clip_fraction        | 0.197       |
|    clip_range           | 0.2         |
|    entropy_loss         | -4.49       |
|    explained_variance   | 0.713       |
|    learning_rate        | 0.0001      |
|    loss                 | -0.00963    |
|    n_updates            | 892         |
|    policy_gradient_loss | -0.000149   |
|    std                  | 0.426       |
|    value_loss           | 0.065       |
-----------------------------------------
Early stopping at step 2 due to reaching max kl: 0.03
-----------------------------------------
| rollout/                |             |
|    ep_len_mean          | 775         |
|    ep_rew_mean          | 2.16e+03    |
| time/                   |             |
|    fps                  | 2448        |
|    iterations           | 53          |
|    time_elapsed         | 177         |
|    total_timesteps      | 5439488     |
| train/                  |             |
|    approx_kl            | 0.020896053 |
|    clip_fraction        | 0.231       |
|    clip_range           | 0.2         |
|    entropy_loss         | -4.48       |
|    explained_variance   | 0.677       |
|    learning_rate        | 0.0001      |
|    loss                 | 0.0681      |
|    n_updates            | 895         |
|    policy_gradient_loss | -0.00453    |
|    std                  | 0.425       |
|    value_loss           | 0.0741      |
-----------------------------------------
Early stopping at step 1 due to reaching max kl: 0.03
-----------------------------------------
| rollout/                |             |
|    ep_len_mean          | 796         |
|    ep_rew_mean          | 2.21e+03    |
| time/                   |             |
|    fps                  | 2448        |
|    iterations           | 54          |
|    time_elapsed         | 180         |
|    total_timesteps      | 5447680     |
| train/                  |             |
|    approx_kl            | 0.019460643 |
|    clip_fraction        | 0.209       |
|    clip_range           | 0.2         |
|    entropy_loss         | -4.47       |
|    explained_variance   | 0.605       |
|    learning_rate        | 0.0001      |
|    loss                 | 0.00414     |
|    n_updates            | 897         |
|    policy_gradient_loss | 0.000744    |
|    std                  | 0.424       |
|    value_loss           | 0.103       |
-----------------------------------------
Early stopping at step 1 due to reaching max kl: 0.03
---------------------------------------
| rollout/                |           |
|    ep_len_mean          | 796       |
|    ep_rew_mean          | 2.21e+03  |
| time/                   |           |
|    fps                  | 2450      |
|    iterations           | 55        |
|    time_elapsed         | 183       |
|    total_timesteps      | 5455872   |
| train/                  |           |
|    approx_kl            | 0.0187784 |
|    clip_fraction        | 0.182     |
|    clip_range           | 0.2       |
|    entropy_loss         | -4.46     |
|    explained_variance   | 0.843     |
|    learning_rate        | 0.0001    |
|    loss                 | -0.0134   |
|    n_updates            | 899       |
|    policy_gradient_loss | 0.00072   |
|    std                  | 0.423     |
|    value_loss           | 0.0284    |
---------------------------------------
Early stopping at step 1 due to reaching max kl: 0.03
-----------------------------------------
| rollout/                |             |
|    ep_len_mean          | 807         |
|    ep_rew_mean          | 2.25e+03    |
| time/                   |             |
|    fps                  | 2452        |
|    iterations           | 56          |
|    time_elapsed         | 187         |
|    total_timesteps      | 5464064     |
| train/                  |             |
|    approx_kl            | 0.020051664 |
|    clip_fraction        | 0.194       |
|    clip_range           | 0.2         |
|    entropy_loss         | -4.44       |
|    explained_variance   | 0.473       |
|    learning_rate        | 0.0001      |
|    loss                 | 0.0304      |
|    n_updates            | 901         |
|    policy_gradient_loss | 0.00315     |
|    std                  | 0.423       |
|    value_loss           | 0.106       |
-----------------------------------------
Early stopping at step 1 due to reaching max kl: 0.03
-----------------------------------------
| rollout/                |             |
|    ep_len_mean          | 818         |
|    ep_rew_mean          | 2.28e+03    |
| time/                   |             |
|    fps                  | 2455        |
|    iterations           | 57          |
|    time_elapsed         | 190         |
|    total_timesteps      | 5472256     |
| train/                  |             |
|    approx_kl            | 0.019847361 |
|    clip_fraction        | 0.167       |
|    clip_range           | 0.2         |
|    entropy_loss         | -4.44       |
|    explained_variance   | 0.824       |
|    learning_rate        | 0.0001      |
|    loss                 | 0.0141      |
|    n_updates            | 903         |
|    policy_gradient_loss | 0.00512     |
|    std                  | 0.422       |
|    value_loss           | 0.0316      |
-----------------------------------------
Early stopping at step 1 due to reaching max kl: 0.03
-----------------------------------------
| rollout/                |             |
|    ep_len_mean          | 805         |
|    ep_rew_mean          | 2.27e+03    |
| time/                   |             |
|    fps                  | 2457        |
|    iterations           | 58          |
|    time_elapsed         | 193         |
|    total_timesteps      | 5480448     |
| train/                  |             |
|    approx_kl            | 0.014439665 |
|    clip_fraction        | 0.164       |
|    clip_range           | 0.2         |
|    entropy_loss         | -4.42       |
|    explained_variance   | 0.774       |
|    learning_rate        | 0.0001      |
|    loss                 | -0.0363     |
|    n_updates            | 905         |
|    policy_gradient_loss | 0.00497     |
|    std                  | 0.422       |
|    value_loss           | 0.0308      |
-----------------------------------------
Early stopping at step 0 due to reaching max kl: 0.03
-----------------------------------------
| rollout/                |             |
|    ep_len_mean          | 780         |
|    ep_rew_mean          | 2.19e+03    |
| time/                   |             |
|    fps                  | 2459        |
|    iterations           | 59          |
|    time_elapsed         | 196         |
|    total_timesteps      | 5488640     |
| train/                  |             |
|    approx_kl            | 0.011859862 |
|    clip_fraction        | 0.172       |
|    clip_range           | 0.2         |
|    entropy_loss         | -4.42       |
|    explained_variance   | 0.395       |
|    learning_rate        | 0.0001      |
|    loss                 | 0.0492      |
|    n_updates            | 906         |
|    policy_gradient_loss | 0.00267     |
|    std                  | 0.422       |
|    value_loss           | 0.109       |
-----------------------------------------
Early stopping at step 1 due to reaching max kl: 0.03
-----------------------------------------
| rollout/                |             |
|    ep_len_mean          | 774         |
|    ep_rew_mean          | 2.16e+03    |
| time/                   |             |
|    fps                  | 2461        |
|    iterations           | 60          |
|    time_elapsed         | 199         |
|    total_timesteps      | 5496832     |
| train/                  |             |
|    approx_kl            | 0.021083985 |
|    clip_fraction        | 0.186       |
|    clip_range           | 0.2         |
|    entropy_loss         | -4.41       |
|    explained_variance   | 0.609       |
|    learning_rate        | 0.0001      |
|    loss                 | 0.0979      |
|    n_updates            | 908         |
|    policy_gradient_loss | 0.00322     |
|    std                  | 0.421       |
|    value_loss           | 0.0985      |
-----------------------------------------
Early stopping at step 0 due to reaching max kl: 0.03
-----------------------------------------
| rollout/                |             |
|    ep_len_mean          | 789         |
|    ep_rew_mean          | 2.21e+03    |
| time/                   |             |
|    fps                  | 2465        |
|    iterations           | 61          |
|    time_elapsed         | 202         |
|    total_timesteps      | 5505024     |
| train/                  |             |
|    approx_kl            | 0.010931168 |
|    clip_fraction        | 0.153       |
|    clip_range           | 0.2         |
|    entropy_loss         | -4.4        |
|    explained_variance   | 0.54        |
|    learning_rate        | 0.0001      |
|    loss                 | -0.00715    |
|    n_updates            | 909         |
|    policy_gradient_loss | 0.00325     |
|    std                  | 0.421       |
|    value_loss           | 0.094       |
-----------------------------------------
Early stopping at step 0 due to reaching max kl: 0.03
----------------------------------------
| rollout/                |            |
|    ep_len_mean          | 793        |
|    ep_rew_mean          | 2.22e+03   |
| time/                   |            |
|    fps                  | 2468       |
|    iterations           | 62         |
|    time_elapsed         | 205        |
|    total_timesteps      | 5513216    |
| train/                  |            |
|    approx_kl            | 0.01208747 |
|    clip_fraction        | 0.17       |
|    clip_range           | 0.2        |
|    entropy_loss         | -4.4       |
|    explained_variance   | 0.8        |
|    learning_rate        | 0.0001     |
|    loss                 | -0.00909   |
|    n_updates            | 910        |
|    policy_gradient_loss | 0.0034     |
|    std                  | 0.421      |
|    value_loss           | 0.0308     |
----------------------------------------
Early stopping at step 0 due to reaching max kl: 0.03
----------------------------------------
| rollout/                |            |
|    ep_len_mean          | 778        |
|    ep_rew_mean          | 2.18e+03   |
| time/                   |            |
|    fps                  | 2472       |
|    iterations           | 63         |
|    time_elapsed         | 208        |
|    total_timesteps      | 5521408    |
| train/                  |            |
|    approx_kl            | 0.01014598 |
|    clip_fraction        | 0.14       |
|    clip_range           | 0.2        |
|    entropy_loss         | -4.39      |
|    explained_variance   | 0.745      |
|    learning_rate        | 0.0001     |
|    loss                 | 0.0859     |
|    n_updates            | 911        |
|    policy_gradient_loss | 0.00328    |
|    std                  | 0.42       |
|    value_loss           | 0.0486     |
----------------------------------------
Early stopping at step 1 due to reaching max kl: 0.03
-----------------------------------------
| rollout/                |             |
|    ep_len_mean          | 755         |
|    ep_rew_mean          | 2.11e+03    |
| time/                   |             |
|    fps                  | 2472        |
|    iterations           | 64          |
|    time_elapsed         | 212         |
|    total_timesteps      | 5529600     |
| train/                  |             |
|    approx_kl            | 0.018968284 |
|    clip_fraction        | 0.216       |
|    clip_range           | 0.2         |
|    entropy_loss         | -4.39       |
|    explained_variance   | 0.583       |
|    learning_rate        | 0.0001      |
|    loss                 | 0.089       |
|    n_updates            | 913         |
|    policy_gradient_loss | -0.00101    |
|    std                  | 0.42        |
|    value_loss           | 0.115       |
-----------------------------------------
Early stopping at step 1 due to reaching max kl: 0.04
-----------------------------------------
| rollout/                |             |
|    ep_len_mean          | 754         |
|    ep_rew_mean          | 2.11e+03    |
| time/                   |             |
|    fps                  | 2473        |
|    iterations           | 65          |
|    time_elapsed         | 215         |
|    total_timesteps      | 5537792     |
| train/                  |             |
|    approx_kl            | 0.017035047 |
|    clip_fraction        | 0.188       |
|    clip_range           | 0.2         |
|    entropy_loss         | -4.39       |
|    explained_variance   | 0.561       |
|    learning_rate        | 0.0001      |
|    loss                 | 0.0349      |
|    n_updates            | 915         |
|    policy_gradient_loss | 0.00377     |
|    std                  | 0.42        |
|    value_loss           | 0.123       |
-----------------------------------------
Early stopping at step 1 due to reaching max kl: 0.03
-----------------------------------------
| rollout/                |             |
|    ep_len_mean          | 764         |
|    ep_rew_mean          | 2.13e+03    |
| time/                   |             |
|    fps                  | 2472        |
|    iterations           | 66          |
|    time_elapsed         | 218         |
|    total_timesteps      | 5545984     |
| train/                  |             |
|    approx_kl            | 0.017545018 |
|    clip_fraction        | 0.206       |
|    clip_range           | 0.2         |
|    entropy_loss         | -4.37       |
|    explained_variance   | 0.754       |
|    learning_rate        | 0.0001      |
|    loss                 | 0.0129      |
|    n_updates            | 917         |
|    policy_gradient_loss | -0.00211    |
|    std                  | 0.419       |
|    value_loss           | 0.0347      |
-----------------------------------------
Early stopping at step 2 due to reaching max kl: 0.03
----------------------------------------
| rollout/                |            |
|    ep_len_mean          | 774        |
|    ep_rew_mean          | 2.16e+03   |
| time/                   |            |
|    fps                  | 2470       |
|    iterations           | 67         |
|    time_elapsed         | 222        |
|    total_timesteps      | 5554176    |
| train/                  |            |
|    approx_kl            | 0.01983114 |
|    clip_fraction        | 0.229      |
|    clip_range           | 0.2        |
|    entropy_loss         | -4.36      |
|    explained_variance   | 0.799      |
|    learning_rate        | 0.0001     |
|    loss                 | -0.0249    |
|    n_updates            | 920        |
|    policy_gradient_loss | -0.00564   |
|    std                  | 0.418      |
|    value_loss           | 0.0334     |
----------------------------------------
Early stopping at step 2 due to reaching max kl: 0.03
----------------------------------------
| rollout/                |            |
|    ep_len_mean          | 781        |
|    ep_rew_mean          | 2.18e+03   |
| time/                   |            |
|    fps                  | 2463       |
|    iterations           | 68         |
|    time_elapsed         | 226        |
|    total_timesteps      | 5562368    |
| train/                  |            |
|    approx_kl            | 0.02061127 |
|    clip_fraction        | 0.233      |
|    clip_range           | 0.2        |
|    entropy_loss         | -4.34      |
|    explained_variance   | 0.643      |
|    learning_rate        | 0.0001     |
|    loss                 | 0.0196     |
|    n_updates            | 923        |
|    policy_gradient_loss | -0.00548   |
|    std                  | 0.418      |
|    value_loss           | 0.058      |
----------------------------------------
Early stopping at step 1 due to reaching max kl: 0.03
-----------------------------------------
| rollout/                |             |
|    ep_len_mean          | 801         |
|    ep_rew_mean          | 2.25e+03    |
| time/                   |             |
|    fps                  | 2460        |
|    iterations           | 69          |
|    time_elapsed         | 229         |
|    total_timesteps      | 5570560     |
| train/                  |             |
|    approx_kl            | 0.018066527 |
|    clip_fraction        | 0.202       |
|    clip_range           | 0.2         |
|    entropy_loss         | -4.34       |
|    explained_variance   | 0.496       |
|    learning_rate        | 0.0001      |
|    loss                 | 0.0884      |
|    n_updates            | 925         |
|    policy_gradient_loss | 0.0012      |
|    std                  | 0.418       |
|    value_loss           | 0.102       |
-----------------------------------------
Early stopping at step 0 due to reaching max kl: 0.04
-----------------------------------------
| rollout/                |             |
|    ep_len_mean          | 811         |
|    ep_rew_mean          | 2.27e+03    |
| time/                   |             |
|    fps                  | 2454        |
|    iterations           | 70          |
|    time_elapsed         | 233         |
|    total_timesteps      | 5578752     |
| train/                  |             |
|    approx_kl            | 0.010579314 |
|    clip_fraction        | 0.15        |
|    clip_range           | 0.2         |
|    entropy_loss         | -4.34       |
|    explained_variance   | 0.774       |
|    learning_rate        | 0.0001      |
|    loss                 | 0.121       |
|    n_updates            | 926         |
|    policy_gradient_loss | 0.00257     |
|    std                  | 0.417       |
|    value_loss           | 0.0371      |
-----------------------------------------
Early stopping at step 3 due to reaching max kl: 0.03
-----------------------------------------
| rollout/                |             |
|    ep_len_mean          | 817         |
|    ep_rew_mean          | 2.29e+03    |
| time/                   |             |
|    fps                  | 2441        |
|    iterations           | 71          |
|    time_elapsed         | 238         |
|    total_timesteps      | 5586944     |
| train/                  |             |
|    approx_kl            | 0.020758307 |
|    clip_fraction        | 0.233       |
|    clip_range           | 0.2         |
|    entropy_loss         | -4.31       |
|    explained_variance   | 0.889       |
|    learning_rate        | 0.0001      |
|    loss                 | -0.048      |
|    n_updates            | 930         |
|    policy_gradient_loss | -0.00899    |
|    std                  | 0.415       |
|    value_loss           | 0.0214      |
-----------------------------------------
Early stopping at step 1 due to reaching max kl: 0.04
----------------------------------------
| rollout/                |            |
|    ep_len_mean          | 819        |
|    ep_rew_mean          | 2.3e+03    |
| time/                   |            |
|    fps                  | 2438       |
|    iterations           | 72         |
|    time_elapsed         | 241        |
|    total_timesteps      | 5595136    |
| train/                  |            |
|    approx_kl            | 0.01681837 |
|    clip_fraction        | 0.187      |
|    clip_range           | 0.2        |
|    entropy_loss         | -4.29      |
|    explained_variance   | 0.93       |
|    learning_rate        | 0.0001     |
|    loss                 | -0.00507   |
|    n_updates            | 932        |
|    policy_gradient_loss | -0.00255   |
|    std                  | 0.415      |
|    value_loss           | 0.0148     |
----------------------------------------
Early stopping at step 1 due to reaching max kl: 0.04
-----------------------------------------
| rollout/                |             |
|    ep_len_mean          | 840         |
|    ep_rew_mean          | 2.37e+03    |
| time/                   |             |
|    fps                  | 2435        |
|    iterations           | 73          |
|    time_elapsed         | 245         |
|    total_timesteps      | 5603328     |
| train/                  |             |
|    approx_kl            | 0.019178858 |
|    clip_fraction        | 0.216       |
|    clip_range           | 0.2         |
|    entropy_loss         | -4.28       |
|    explained_variance   | 0.695       |
|    learning_rate        | 0.0001      |
|    loss                 | 0.00286     |
|    n_updates            | 934         |
|    policy_gradient_loss | -0.000722   |
|    std                  | 0.414       |
|    value_loss           | 0.0613      |
-----------------------------------------
Early stopping at step 1 due to reaching max kl: 0.03
-----------------------------------------
| rollout/                |             |
|    ep_len_mean          | 854         |
|    ep_rew_mean          | 2.42e+03    |
| time/                   |             |
|    fps                  | 2433        |
|    iterations           | 74          |
|    time_elapsed         | 249         |
|    total_timesteps      | 5611520     |
| train/                  |             |
|    approx_kl            | 0.017505813 |
|    clip_fraction        | 0.203       |
|    clip_range           | 0.2         |
|    entropy_loss         | -4.27       |
|    explained_variance   | 0.643       |
|    learning_rate        | 0.0001      |
|    loss                 | -0.0163     |
|    n_updates            | 936         |
|    policy_gradient_loss | 0.0022      |
|    std                  | 0.414       |
|    value_loss           | 0.0838      |
-----------------------------------------
Early stopping at step 2 due to reaching max kl: 0.03
-----------------------------------------
| rollout/                |             |
|    ep_len_mean          | 872         |
|    ep_rew_mean          | 2.45e+03    |
| time/                   |             |
|    fps                  | 2430        |
|    iterations           | 75          |
|    time_elapsed         | 252         |
|    total_timesteps      | 5619712     |
| train/                  |             |
|    approx_kl            | 0.021596342 |
|    clip_fraction        | 0.239       |
|    clip_range           | 0.2         |
|    entropy_loss         | -4.26       |
|    explained_variance   | 0.61        |
|    learning_rate        | 0.0001      |
|    loss                 | 0.0176      |
|    n_updates            | 939         |
|    policy_gradient_loss | -0.000495   |
|    std                  | 0.413       |
|    value_loss           | 0.0906      |
-----------------------------------------
Early stopping at step 1 due to reaching max kl: 0.03
-----------------------------------------
| rollout/                |             |
|    ep_len_mean          | 866         |
|    ep_rew_mean          | 2.44e+03    |
| time/                   |             |
|    fps                  | 2429        |
|    iterations           | 76          |
|    time_elapsed         | 256         |
|    total_timesteps      | 5627904     |
| train/                  |             |
|    approx_kl            | 0.018743211 |
|    clip_fraction        | 0.198       |
|    clip_range           | 0.2         |
|    entropy_loss         | -4.24       |
|    explained_variance   | 0.881       |
|    learning_rate        | 0.0001      |
|    loss                 | -0.00349    |
|    n_updates            | 941         |
|    policy_gradient_loss | -0.000718   |
|    std                  | 0.412       |
|    value_loss           | 0.0259      |
-----------------------------------------
Early stopping at step 0 due to reaching max kl: 0.03
-----------------------------------------
| rollout/                |             |
|    ep_len_mean          | 867         |
|    ep_rew_mean          | 2.45e+03    |
| time/                   |             |
|    fps                  | 2431        |
|    iterations           | 77          |
|    time_elapsed         | 259         |
|    total_timesteps      | 5636096     |
| train/                  |             |
|    approx_kl            | 0.011564021 |
|    clip_fraction        | 0.164       |
|    clip_range           | 0.2         |
|    entropy_loss         | -4.23       |
|    explained_variance   | 0.694       |
|    learning_rate        | 0.0001      |
|    loss                 | 0.048       |
|    n_updates            | 942         |
|    policy_gradient_loss | 0.00296     |
|    std                  | 0.412       |
|    value_loss           | 0.0639      |
-----------------------------------------
Early stopping at step 1 due to reaching max kl: 0.03
----------------------------------------
| rollout/                |            |
|    ep_len_mean          | 864        |
|    ep_rew_mean          | 2.45e+03   |
| time/                   |            |
|    fps                  | 2430       |
|    iterations           | 78         |
|    time_elapsed         | 262        |
|    total_timesteps      | 5644288    |
| train/                  |            |
|    approx_kl            | 0.01850168 |
|    clip_fraction        | 0.197      |
|    clip_range           | 0.2        |
|    entropy_loss         | -4.22      |
|    explained_variance   | 0.652      |
|    learning_rate        | 0.0001     |
|    loss                 | -0.00385   |
|    n_updates            | 944        |
|    policy_gradient_loss | 0.00261    |
|    std                  | 0.411      |
|    value_loss           | 0.0471     |
----------------------------------------
Early stopping at step 1 due to reaching max kl: 0.03
-----------------------------------------
| rollout/                |             |
|    ep_len_mean          | 881         |
|    ep_rew_mean          | 2.49e+03    |
| time/                   |             |
|    fps                  | 2428        |
|    iterations           | 79          |
|    time_elapsed         | 266         |
|    total_timesteps      | 5652480     |
| train/                  |             |
|    approx_kl            | 0.017961457 |
|    clip_fraction        | 0.194       |
|    clip_range           | 0.2         |
|    entropy_loss         | -4.21       |
|    explained_variance   | 0.779       |
|    learning_rate        | 0.0001      |
|    loss                 | -0.0219     |
|    n_updates            | 946         |
|    policy_gradient_loss | -0.000287   |
|    std                  | 0.411       |
|    value_loss           | 0.0481      |
-----------------------------------------
Early stopping at step 1 due to reaching max kl: 0.04
-----------------------------------------
| rollout/                |             |
|    ep_len_mean          | 854         |
|    ep_rew_mean          | 2.4e+03     |
| time/                   |             |
|    fps                  | 2425        |
|    iterations           | 80          |
|    time_elapsed         | 270         |
|    total_timesteps      | 5660672     |
| train/                  |             |
|    approx_kl            | 0.017515583 |
|    clip_fraction        | 0.215       |
|    clip_range           | 0.2         |
|    entropy_loss         | -4.2        |
|    explained_variance   | 0.843       |
|    learning_rate        | 0.0001      |
|    loss                 | 0.00896     |
|    n_updates            | 948         |
|    policy_gradient_loss | -0.00138    |
|    std                  | 0.41        |
|    value_loss           | 0.034       |
-----------------------------------------
Early stopping at step 0 due to reaching max kl: 0.03
-----------------------------------------
| rollout/                |             |
|    ep_len_mean          | 827         |
|    ep_rew_mean          | 2.35e+03    |
| time/                   |             |
|    fps                  | 2425        |
|    iterations           | 81          |
|    time_elapsed         | 273         |
|    total_timesteps      | 5668864     |
| train/                  |             |
|    approx_kl            | 0.012667094 |
|    clip_fraction        | 0.175       |
|    clip_range           | 0.2         |
|    entropy_loss         | -4.19       |
|    explained_variance   | 0.637       |
|    learning_rate        | 0.0001      |
|    loss                 | 0.0284      |
|    n_updates            | 949         |
|    policy_gradient_loss | 0.00461     |
|    std                  | 0.41        |
|    value_loss           | 0.0853      |
-----------------------------------------
Early stopping at step 0 due to reaching max kl: 0.04
-----------------------------------------
| rollout/                |             |
|    ep_len_mean          | 835         |
|    ep_rew_mean          | 2.37e+03    |
| time/                   |             |
|    fps                  | 2427        |
|    iterations           | 82          |
|    time_elapsed         | 276         |
|    total_timesteps      | 5677056     |
| train/                  |             |
|    approx_kl            | 0.009843777 |
|    clip_fraction        | 0.131       |
|    clip_range           | 0.2         |
|    entropy_loss         | -4.19       |
|    explained_variance   | 0.666       |
|    learning_rate        | 0.0001      |
|    loss                 | 0.0135      |
|    n_updates            | 950         |
|    policy_gradient_loss | 0.00102     |
|    std                  | 0.41        |
|    value_loss           | 0.0836      |
-----------------------------------------
Early stopping at step 1 due to reaching max kl: 0.03
-----------------------------------------
| rollout/                |             |
|    ep_len_mean          | 815         |
|    ep_rew_mean          | 2.31e+03    |
| time/                   |             |
|    fps                  | 2425        |
|    iterations           | 83          |
|    time_elapsed         | 280         |
|    total_timesteps      | 5685248     |
| train/                  |             |
|    approx_kl            | 0.017620312 |
|    clip_fraction        | 0.178       |
|    clip_range           | 0.2         |
|    entropy_loss         | -4.18       |
|    explained_variance   | 0.852       |
|    learning_rate        | 0.0001      |
|    loss                 | 0.0383      |
|    n_updates            | 952         |
|    policy_gradient_loss | 0.000717    |
|    std                  | 0.409       |
|    value_loss           | 0.0287      |
-----------------------------------------
Early stopping at step 1 due to reaching max kl: 0.04
-----------------------------------------
| rollout/                |             |
|    ep_len_mean          | 814         |
|    ep_rew_mean          | 2.3e+03     |
| time/                   |             |
|    fps                  | 2424        |
|    iterations           | 84          |
|    time_elapsed         | 283         |
|    total_timesteps      | 5693440     |
| train/                  |             |
|    approx_kl            | 0.019145101 |
|    clip_fraction        | 0.207       |
|    clip_range           | 0.2         |
|    entropy_loss         | -4.16       |
|    explained_variance   | 0.611       |
|    learning_rate        | 0.0001      |
|    loss                 | 0.0512      |
|    n_updates            | 954         |
|    policy_gradient_loss | 0.0025      |
|    std                  | 0.408       |
|    value_loss           | 0.116       |
-----------------------------------------
Early stopping at step 1 due to reaching max kl: 0.03
-----------------------------------------
| rollout/                |             |
|    ep_len_mean          | 814         |
|    ep_rew_mean          | 2.33e+03    |
| time/                   |             |
|    fps                  | 2423        |
|    iterations           | 85          |
|    time_elapsed         | 287         |
|    total_timesteps      | 5701632     |
| train/                  |             |
|    approx_kl            | 0.020351354 |
|    clip_fraction        | 0.173       |
|    clip_range           | 0.2         |
|    entropy_loss         | -4.15       |
|    explained_variance   | 0.732       |
|    learning_rate        | 0.0001      |
|    loss                 | 0.0375      |
|    n_updates            | 956         |
|    policy_gradient_loss | 0.00567     |
|    std                  | 0.408       |
|    value_loss           | 0.0633      |
-----------------------------------------
Early stopping at step 1 due to reaching max kl: 0.04
----------------------------------------
| rollout/                |            |
|    ep_len_mean          | 803        |
|    ep_rew_mean          | 2.29e+03   |
| time/                   |            |
|    fps                  | 2422       |
|    iterations           | 86         |
|    time_elapsed         | 290        |
|    total_timesteps      | 5709824    |
| train/                  |            |
|    approx_kl            | 0.01890485 |
|    clip_fraction        | 0.217      |
|    clip_range           | 0.2        |
|    entropy_loss         | -4.15      |
|    explained_variance   | 0.668      |
|    learning_rate        | 0.0001     |
|    loss                 | -0.0255    |
|    n_updates            | 958        |
|    policy_gradient_loss | 0.00244    |
|    std                  | 0.408      |
|    value_loss           | 0.0634     |
----------------------------------------
Early stopping at step 1 due to reaching max kl: 0.03
-----------------------------------------
| rollout/                |             |
|    ep_len_mean          | 811         |
|    ep_rew_mean          | 2.29e+03    |
| time/                   |             |
|    fps                  | 2423        |
|    iterations           | 87          |
|    time_elapsed         | 294         |
|    total_timesteps      | 5718016     |
| train/                  |             |
|    approx_kl            | 0.022093352 |
|    clip_fraction        | 0.17        |
|    clip_range           | 0.2         |
|    entropy_loss         | -4.15       |
|    explained_variance   | 0.792       |
|    learning_rate        | 0.0001      |
|    loss                 | 0.0395      |
|    n_updates            | 960         |
|    policy_gradient_loss | 0.00606     |
|    std                  | 0.408       |
|    value_loss           | 0.0561      |
-----------------------------------------
Early stopping at step 2 due to reaching max kl: 0.04
----------------------------------------
| rollout/                |            |
|    ep_len_mean          | 808        |
|    ep_rew_mean          | 2.28e+03   |
| time/                   |            |
|    fps                  | 2420       |
|    iterations           | 88         |
|    time_elapsed         | 297        |
|    total_timesteps      | 5726208    |
| train/                  |            |
|    approx_kl            | 0.02443248 |
|    clip_fraction        | 0.213      |
|    clip_range           | 0.2        |
|    entropy_loss         | -4.13      |
|    explained_variance   | 0.914      |
|    learning_rate        | 0.0001     |
|    loss                 | -0.051     |
|    n_updates            | 963        |
|    policy_gradient_loss | -0.00201   |
|    std                  | 0.407      |
|    value_loss           | 0.0134     |
----------------------------------------
Early stopping at step 1 due to reaching max kl: 0.03
[Sensitivity progress] lr_1em04_clip_0.2: 725,964/1,007,616 additional steps; ETA 1.9 min
-----------------------------------------
| rollout/                |             |
|    ep_len_mean          | 794         |
|    ep_rew_mean          | 2.24e+03    |
| time/                   |             |
|    fps                  | 2420        |
|    iterations           | 89          |
|    time_elapsed         | 301         |
|    total_timesteps      | 5734400     |
| train/                  |             |
|    approx_kl            | 0.019574562 |
|    clip_fraction        | 0.173       |
|    clip_range           | 0.2         |
|    entropy_loss         | -4.12       |
|    explained_variance   | 0.762       |
|    learning_rate        | 0.0001      |
|    loss                 | 0.0125      |
|    n_updates            | 965         |
|    policy_gradient_loss | 0.0009      |
|    std                  | 0.406       |
|    value_loss           | 0.0527      |
-----------------------------------------
Early stopping at step 2 due to reaching max kl: 0.03
-----------------------------------------
| rollout/                |             |
|    ep_len_mean          | 772         |
|    ep_rew_mean          | 2.16e+03    |
| time/                   |             |
|    fps                  | 2418        |
|    iterations           | 90          |
|    time_elapsed         | 304         |
|    total_timesteps      | 5742592     |
| train/                  |             |
|    approx_kl            | 0.020000363 |
|    clip_fraction        | 0.222       |
|    clip_range           | 0.2         |
|    entropy_loss         | -4.11       |
|    explained_variance   | 0.725       |
|    learning_rate        | 0.0001      |
|    loss                 | 0.0137      |
|    n_updates            | 968         |
|    policy_gradient_loss | -0.0036     |
|    std                  | 0.405       |
|    value_loss           | 0.0707      |
-----------------------------------------
Early stopping at step 0 due to reaching max kl: 0.03
----------------------------------------
| rollout/                |            |
|    ep_len_mean          | 807        |
|    ep_rew_mean          | 2.25e+03   |
| time/                   |            |
|    fps                  | 2418       |
|    iterations           | 91         |
|    time_elapsed         | 308        |
|    total_timesteps      | 5750784    |
| train/                  |            |
|    approx_kl            | 0.01277967 |
|    clip_fraction        | 0.173      |
|    clip_range           | 0.2        |
|    entropy_loss         | -4.1       |
|    explained_variance   | 0.565      |
|    learning_rate        | 0.0001     |
|    loss                 | 0.0647     |
|    n_updates            | 969        |
|    policy_gradient_loss | 0.00534    |
|    std                  | 0.405      |
|    value_loss           | 0.148      |
----------------------------------------
Early stopping at step 0 due to reaching max kl: 0.04
-----------------------------------------
| rollout/                |             |
|    ep_len_mean          | 783         |
|    ep_rew_mean          | 2.19e+03    |
| time/                   |             |
|    fps                  | 2420        |
|    iterations           | 92          |
|    time_elapsed         | 311         |
|    total_timesteps      | 5758976     |
| train/                  |             |
|    approx_kl            | 0.009451201 |
|    clip_fraction        | 0.125       |
|    clip_range           | 0.2         |
|    entropy_loss         | -4.09       |
|    explained_variance   | 0.772       |
|    learning_rate        | 0.0001      |
|    loss                 | 0.0821      |
|    n_updates            | 970         |
|    policy_gradient_loss | 0.00328     |
|    std                  | 0.405       |
|    value_loss           | 0.051       |
-----------------------------------------
Early stopping at step 1 due to reaching max kl: 0.03
-----------------------------------------
| rollout/                |             |
|    ep_len_mean          | 819         |
|    ep_rew_mean          | 2.29e+03    |
| time/                   |             |
|    fps                  | 2420        |
|    iterations           | 93          |
|    time_elapsed         | 314         |
|    total_timesteps      | 5767168     |
| train/                  |             |
|    approx_kl            | 0.018830288 |
|    clip_fraction        | 0.207       |
|    clip_range           | 0.2         |
|    entropy_loss         | -4.09       |
|    explained_variance   | 0.707       |
|    learning_rate        | 0.0001      |
|    loss                 | -0.00185    |
|    n_updates            | 972         |
|    policy_gradient_loss | 0.00324     |
|    std                  | 0.405       |
|    value_loss           | 0.0741      |
-----------------------------------------
Early stopping at step 1 due to reaching max kl: 0.03
-----------------------------------------
| rollout/                |             |
|    ep_len_mean          | 819         |
|    ep_rew_mean          | 2.29e+03    |
| time/                   |             |
|    fps                  | 2421        |
|    iterations           | 94          |
|    time_elapsed         | 317         |
|    total_timesteps      | 5775360     |
| train/                  |             |
|    approx_kl            | 0.022411538 |
|    clip_fraction        | 0.178       |
|    clip_range           | 0.2         |
|    entropy_loss         | -4.08       |
|    explained_variance   | 0.854       |
|    learning_rate        | 0.0001      |
|    loss                 | -0.00421    |
|    n_updates            | 974         |
|    policy_gradient_loss | 0.0017      |
|    std                  | 0.404       |
|    value_loss           | 0.0268      |
-----------------------------------------
Early stopping at step 1 due to reaching max kl: 0.03
----------------------------------------
| rollout/                |            |
|    ep_len_mean          | 788        |
|    ep_rew_mean          | 2.18e+03   |
| time/                   |            |
|    fps                  | 2419       |
|    iterations           | 95         |
|    time_elapsed         | 321        |
|    total_timesteps      | 5783552    |
| train/                  |            |
|    approx_kl            | 0.01757944 |
|    clip_fraction        | 0.202      |
|    clip_range           | 0.2        |
|    entropy_loss         | -4.07      |
|    explained_variance   | 0.785      |
|    learning_rate        | 0.0001     |
|    loss                 | 0.0317     |
|    n_updates            | 976        |
|    policy_gradient_loss | 0.00226    |
|    std                  | 0.404      |
|    value_loss           | 0.0498     |
----------------------------------------
Early stopping at step 0 due to reaching max kl: 0.04
-----------------------------------------
| rollout/                |             |
|    ep_len_mean          | 789         |
|    ep_rew_mean          | 2.19e+03    |
| time/                   |             |
|    fps                  | 2421        |
|    iterations           | 96          |
|    time_elapsed         | 324         |
|    total_timesteps      | 5791744     |
| train/                  |             |
|    approx_kl            | 0.012208221 |
|    clip_fraction        | 0.164       |
|    clip_range           | 0.2         |
|    entropy_loss         | -4.06       |
|    explained_variance   | 0.662       |
|    learning_rate        | 0.0001      |
|    loss                 | 0.0847      |
|    n_updates            | 977         |
|    policy_gradient_loss | 0.00388     |
|    std                  | 0.403       |
|    value_loss           | 0.1         |
-----------------------------------------
Early stopping at step 1 due to reaching max kl: 0.03
----------------------------------------
| rollout/                |            |
|    ep_len_mean          | 794        |
|    ep_rew_mean          | 2.22e+03   |
| time/                   |            |
|    fps                  | 2420       |
|    iterations           | 97         |
|    time_elapsed         | 328        |
|    total_timesteps      | 5799936    |
| train/                  |            |
|    approx_kl            | 0.01845243 |
|    clip_fraction        | 0.22       |
|    clip_range           | 0.2        |
|    entropy_loss         | -4.05      |
|    explained_variance   | 0.773      |
|    learning_rate        | 0.0001     |
|    loss                 | 0.0118     |
|    n_updates            | 979        |
|    policy_gradient_loss | -0.000109  |
|    std                  | 0.403      |
|    value_loss           | 0.0514     |
----------------------------------------
Early stopping at step 2 due to reaching max kl: 0.03
-----------------------------------------
| rollout/                |             |
|    ep_len_mean          | 778         |
|    ep_rew_mean          | 2.18e+03    |
| time/                   |             |
|    fps                  | 2419        |
|    iterations           | 98          |
|    time_elapsed         | 331         |
|    total_timesteps      | 5808128     |
| train/                  |             |
|    approx_kl            | 0.020222686 |
|    clip_fraction        | 0.222       |
|    clip_range           | 0.2         |
|    entropy_loss         | -4.04       |
|    explained_variance   | 0.693       |
|    learning_rate        | 0.0001      |
|    loss                 | 0.0448      |
|    n_updates            | 982         |
|    policy_gradient_loss | -0.000959   |
|    std                  | 0.402       |
|    value_loss           | 0.0591      |
-----------------------------------------
Early stopping at step 1 due to reaching max kl: 0.03
-----------------------------------------
| rollout/                |             |
|    ep_len_mean          | 800         |
|    ep_rew_mean          | 2.24e+03    |
| time/                   |             |
|    fps                  | 2420        |
|    iterations           | 99          |
|    time_elapsed         | 335         |
|    total_timesteps      | 5816320     |
| train/                  |             |
|    approx_kl            | 0.019919598 |
|    clip_fraction        | 0.206       |
|    clip_range           | 0.2         |
|    entropy_loss         | -4.03       |
|    explained_variance   | 0.706       |
|    learning_rate        | 0.0001      |
|    loss                 | 0.0916      |
|    n_updates            | 984         |
|    policy_gradient_loss | 0.0013      |
|    std                  | 0.402       |
|    value_loss           | 0.0796      |
-----------------------------------------
Early stopping at step 1 due to reaching max kl: 0.03
----------------------------------------
| rollout/                |            |
|    ep_len_mean          | 784        |
|    ep_rew_mean          | 2.22e+03   |
| time/                   |            |
|    fps                  | 2421       |
|    iterations           | 100        |
|    time_elapsed         | 338        |
|    total_timesteps      | 5824512    |
| train/                  |            |
|    approx_kl            | 0.01893802 |
|    clip_fraction        | 0.213      |
|    clip_range           | 0.2        |
|    entropy_loss         | -4.02      |
|    explained_variance   | 0.822      |
|    learning_rate        | 0.0001     |
|    loss                 | 0.0162     |
|    n_updates            | 986        |
|    policy_gradient_loss | -0.000941  |
|    std                  | 0.402      |
|    value_loss           | 0.0394     |
----------------------------------------
Early stopping at step 1 due to reaching max kl: 0.03
-----------------------------------------
| rollout/                |             |
|    ep_len_mean          | 767         |
|    ep_rew_mean          | 2.19e+03    |
| time/                   |             |
|    fps                  | 2422        |
|    iterations           | 101         |
|    time_elapsed         | 341         |
|    total_timesteps      | 5832704     |
| train/                  |             |
|    approx_kl            | 0.019005092 |
|    clip_fraction        | 0.183       |
|    clip_range           | 0.2         |
|    entropy_loss         | -4.02       |
|    explained_variance   | 0.619       |
|    learning_rate        | 0.0001      |
|    loss                 | 0.0434      |
|    n_updates            | 988         |
|    policy_gradient_loss | 0.0034      |
|    std                  | 0.401       |
|    value_loss           | 0.111       |
-----------------------------------------
Early stopping at step 0 due to reaching max kl: 0.03
-----------------------------------------
| rollout/                |             |
|    ep_len_mean          | 714         |
|    ep_rew_mean          | 2.05e+03    |
| time/                   |             |
|    fps                  | 2424        |
|    iterations           | 102         |
|    time_elapsed         | 344         |
|    total_timesteps      | 5840896     |
| train/                  |             |
|    approx_kl            | 0.010367038 |
|    clip_fraction        | 0.137       |
|    clip_range           | 0.2         |
|    entropy_loss         | -4.02       |
|    explained_variance   | 0.607       |
|    learning_rate        | 0.0001      |
|    loss                 | 0.0215      |
|    n_updates            | 989         |
|    policy_gradient_loss | 0.00648     |
|    std                  | 0.401       |
|    value_loss           | 0.119       |
-----------------------------------------
Early stopping at step 0 due to reaching max kl: 0.03
-----------------------------------------
| rollout/                |             |
|    ep_len_mean          | 710         |
|    ep_rew_mean          | 2.03e+03    |
| time/                   |             |
|    fps                  | 2425        |
|    iterations           | 103         |
|    time_elapsed         | 347         |
|    total_timesteps      | 5849088     |
| train/                  |             |
|    approx_kl            | 0.015472868 |
|    clip_fraction        | 0.222       |
|    clip_range           | 0.2         |
|    entropy_loss         | -4.02       |
|    explained_variance   | 0.496       |
|    learning_rate        | 0.0001      |
|    loss                 | 0.0207      |
|    n_updates            | 990         |
|    policy_gradient_loss | 0.00815     |
|    std                  | 0.401       |
|    value_loss           | 0.134       |
-----------------------------------------
Early stopping at step 1 due to reaching max kl: 0.04
----------------------------------------
| rollout/                |            |
|    ep_len_mean          | 738        |
|    ep_rew_mean          | 2.13e+03   |
| time/                   |            |
|    fps                  | 2427       |
|    iterations           | 104        |
|    time_elapsed         | 351        |
|    total_timesteps      | 5857280    |
| train/                  |            |
|    approx_kl            | 0.01999624 |
|    clip_fraction        | 0.203      |
|    clip_range           | 0.2        |
|    entropy_loss         | -4.02      |
|    explained_variance   | 0.736      |
|    learning_rate        | 0.0001     |
|    loss                 | -0.00369   |
|    n_updates            | 992        |
|    policy_gradient_loss | 0.00204    |
|    std                  | 0.401      |
|    value_loss           | 0.0649     |
----------------------------------------
Early stopping at step 1 due to reaching max kl: 0.04
-----------------------------------------
| rollout/                |             |
|    ep_len_mean          | 744         |
|    ep_rew_mean          | 2.15e+03    |
| time/                   |             |
|    fps                  | 2427        |
|    iterations           | 105         |
|    time_elapsed         | 354         |
|    total_timesteps      | 5865472     |
| train/                  |             |
|    approx_kl            | 0.018498357 |
|    clip_fraction        | 0.218       |
|    clip_range           | 0.2         |
|    entropy_loss         | -4.01       |
|    explained_variance   | 0.702       |
|    learning_rate        | 0.0001      |
|    loss                 | 0.0632      |
|    n_updates            | 994         |
|    policy_gradient_loss | 0.000726    |
|    std                  | 0.401       |
|    value_loss           | 0.069       |
-----------------------------------------
Early stopping at step 1 due to reaching max kl: 0.03
-----------------------------------------
| rollout/                |             |
|    ep_len_mean          | 726         |
|    ep_rew_mean          | 2.09e+03    |
| time/                   |             |
|    fps                  | 2428        |
|    iterations           | 106         |
|    time_elapsed         | 357         |
|    total_timesteps      | 5873664     |
| train/                  |             |
|    approx_kl            | 0.020507446 |
|    clip_fraction        | 0.203       |
|    clip_range           | 0.2         |
|    entropy_loss         | -4          |
|    explained_variance   | 0.803       |
|    learning_rate        | 0.0001      |
|    loss                 | 0.043       |
|    n_updates            | 996         |
|    policy_gradient_loss | 0.0018      |
|    std                  | 0.401       |
|    value_loss           | 0.0441      |
-----------------------------------------
Early stopping at step 0 due to reaching max kl: 0.03
-----------------------------------------
| rollout/                |             |
|    ep_len_mean          | 733         |
|    ep_rew_mean          | 2.11e+03    |
| time/                   |             |
|    fps                  | 2430        |
|    iterations           | 107         |
|    time_elapsed         | 360         |
|    total_timesteps      | 5881856     |
| train/                  |             |
|    approx_kl            | 0.012418384 |
|    clip_fraction        | 0.173       |
|    clip_range           | 0.2         |
|    entropy_loss         | -4          |
|    explained_variance   | 0.566       |
|    learning_rate        | 0.0001      |
|    loss                 | 0.0879      |
|    n_updates            | 997         |
|    policy_gradient_loss | 0.00584     |
|    std                  | 0.4         |
|    value_loss           | 0.112       |
-----------------------------------------
Early stopping at step 1 due to reaching max kl: 0.04
-----------------------------------------
| rollout/                |             |
|    ep_len_mean          | 733         |
|    ep_rew_mean          | 2.12e+03    |
| time/                   |             |
|    fps                  | 2431        |
|    iterations           | 108         |
|    time_elapsed         | 363         |
|    total_timesteps      | 5890048     |
| train/                  |             |
|    approx_kl            | 0.020495176 |
|    clip_fraction        | 0.189       |
|    clip_range           | 0.2         |
|    entropy_loss         | -3.99       |
|    explained_variance   | 0.867       |
|    learning_rate        | 0.0001      |
|    loss                 | 0.0738      |
|    n_updates            | 999         |
|    policy_gradient_loss | 0.00323     |
|    std                  | 0.4         |
|    value_loss           | 0.0308      |
-----------------------------------------
Early stopping at step 0 due to reaching max kl: 0.03
-----------------------------------------
| rollout/                |             |
|    ep_len_mean          | 740         |
|    ep_rew_mean          | 2.14e+03    |
| time/                   |             |
|    fps                  | 2433        |
|    iterations           | 109         |
|    time_elapsed         | 366         |
|    total_timesteps      | 5898240     |
| train/                  |             |
|    approx_kl            | 0.011420845 |
|    clip_fraction        | 0.15        |
|    clip_range           | 0.2         |
|    entropy_loss         | -3.99       |
|    explained_variance   | 0.703       |
|    learning_rate        | 0.0001      |
|    loss                 | 0.0293      |
|    n_updates            | 1000        |
|    policy_gradient_loss | 0.00348     |
|    std                  | 0.4         |
|    value_loss           | 0.0753      |
-----------------------------------------
Early stopping at step 0 due to reaching max kl: 0.03
-----------------------------------------
| rollout/                |             |
|    ep_len_mean          | 762         |
|    ep_rew_mean          | 2.18e+03    |
| time/                   |             |
|    fps                  | 2435        |
|    iterations           | 110         |
|    time_elapsed         | 370         |
|    total_timesteps      | 5906432     |
| train/                  |             |
|    approx_kl            | 0.009160554 |
|    clip_fraction        | 0.122       |
|    clip_range           | 0.2         |
|    entropy_loss         | -3.99       |
|    explained_variance   | 0.704       |
|    learning_rate        | 0.0001      |
|    loss                 | 0.121       |
|    n_updates            | 1001        |
|    policy_gradient_loss | 0.00412     |
|    std                  | 0.4         |
|    value_loss           | 0.0887      |
-----------------------------------------
Early stopping at step 0 due to reaching max kl: 0.03
-----------------------------------------
| rollout/                |             |
|    ep_len_mean          | 782         |
|    ep_rew_mean          | 2.25e+03    |
| time/                   |             |
|    fps                  | 2436        |
|    iterations           | 111         |
|    time_elapsed         | 373         |
|    total_timesteps      | 5914624     |
| train/                  |             |
|    approx_kl            | 0.012232503 |
|    clip_fraction        | 0.157       |
|    clip_range           | 0.2         |
|    entropy_loss         | -3.99       |
|    explained_variance   | 0.68        |
|    learning_rate        | 0.0001      |
|    loss                 | 0.178       |
|    n_updates            | 1002        |
|    policy_gradient_loss | 0.00615     |
|    std                  | 0.4         |
|    value_loss           | 0.0808      |
-----------------------------------------
Early stopping at step 0 due to reaching max kl: 0.03
-----------------------------------------
| rollout/                |             |
|    ep_len_mean          | 765         |
|    ep_rew_mean          | 2.19e+03    |
| time/                   |             |
|    fps                  | 2438        |
|    iterations           | 112         |
|    time_elapsed         | 376         |
|    total_timesteps      | 5922816     |
| train/                  |             |
|    approx_kl            | 0.011694946 |
|    clip_fraction        | 0.161       |
|    clip_range           | 0.2         |
|    entropy_loss         | -3.98       |
|    explained_variance   | 0.76        |
|    learning_rate        | 0.0001      |
|    loss                 | 0.0625      |
|    n_updates            | 1003        |
|    policy_gradient_loss | 0.00707     |
|    std                  | 0.399       |
|    value_loss           | 0.037       |
-----------------------------------------
Early stopping at step 0 due to reaching max kl: 0.04
-----------------------------------------
| rollout/                |             |
|    ep_len_mean          | 772         |
|    ep_rew_mean          | 2.22e+03    |
| time/                   |             |
|    fps                  | 2440        |
|    iterations           | 113         |
|    time_elapsed         | 379         |
|    total_timesteps      | 5931008     |
| train/                  |             |
|    approx_kl            | 0.010869438 |
|    clip_fraction        | 0.143       |
|    clip_range           | 0.2         |
|    entropy_loss         | -3.98       |
|    explained_variance   | 0.599       |
|    learning_rate        | 0.0001      |
|    loss                 | 0.0323      |
|    n_updates            | 1004        |
|    policy_gradient_loss | 0.00395     |
|    std                  | 0.399       |
|    value_loss           | 0.13        |
-----------------------------------------
Early stopping at step 0 due to reaching max kl: 0.03
-----------------------------------------
| rollout/                |             |
|    ep_len_mean          | 771         |
|    ep_rew_mean          | 2.21e+03    |
| time/                   |             |
|    fps                  | 2441        |
|    iterations           | 114         |
|    time_elapsed         | 382         |
|    total_timesteps      | 5939200     |
| train/                  |             |
|    approx_kl            | 0.009517859 |
|    clip_fraction        | 0.134       |
|    clip_range           | 0.2         |
|    entropy_loss         | -3.98       |
|    explained_variance   | 0.894       |
|    learning_rate        | 0.0001      |
|    loss                 | 0.0683      |
|    n_updates            | 1005        |
|    policy_gradient_loss | 0.00305     |
|    std                  | 0.399       |
|    value_loss           | 0.0202      |
-----------------------------------------
Early stopping at step 1 due to reaching max kl: 0.04
-----------------------------------------
| rollout/                |             |
|    ep_len_mean          | 779         |
|    ep_rew_mean          | 2.23e+03    |
| time/                   |             |
|    fps                  | 2442        |
|    iterations           | 115         |
|    time_elapsed         | 385         |
|    total_timesteps      | 5947392     |
| train/                  |             |
|    approx_kl            | 0.019600151 |
|    clip_fraction        | 0.203       |
|    clip_range           | 0.2         |
|    entropy_loss         | -3.97       |
|    explained_variance   | 0.796       |
|    learning_rate        | 0.0001      |
|    loss                 | 0.035       |
|    n_updates            | 1007        |
|    policy_gradient_loss | 0.00267     |
|    std                  | 0.399       |
|    value_loss           | 0.0553      |
-----------------------------------------
Early stopping at step 0 due to reaching max kl: 0.03
-----------------------------------------
| rollout/                |             |
|    ep_len_mean          | 791         |
|    ep_rew_mean          | 2.27e+03    |
| time/                   |             |
|    fps                  | 2443        |
|    iterations           | 116         |
|    time_elapsed         | 388         |
|    total_timesteps      | 5955584     |
| train/                  |             |
|    approx_kl            | 0.010917546 |
|    clip_fraction        | 0.141       |
|    clip_range           | 0.2         |
|    entropy_loss         | -3.96       |
|    explained_variance   | 0.774       |
|    learning_rate        | 0.0001      |
|    loss                 | 0.0246      |
|    n_updates            | 1008        |
|    policy_gradient_loss | 0.00375     |
|    std                  | 0.399       |
|    value_loss           | 0.0661      |
-----------------------------------------
Early stopping at step 1 due to reaching max kl: 0.03
-----------------------------------------
| rollout/                |             |
|    ep_len_mean          | 783         |
|    ep_rew_mean          | 2.25e+03    |
| time/                   |             |
|    fps                  | 2444        |
|    iterations           | 117         |
|    time_elapsed         | 392         |
|    total_timesteps      | 5963776     |
| train/                  |             |
|    approx_kl            | 0.019600302 |
|    clip_fraction        | 0.203       |
|    clip_range           | 0.2         |
|    entropy_loss         | -3.96       |
|    explained_variance   | 0.785       |
|    learning_rate        | 0.0001      |
|    loss                 | 0.0804      |
|    n_updates            | 1010        |
|    policy_gradient_loss | 0.001       |
|    std                  | 0.398       |
|    value_loss           | 0.0566      |
-----------------------------------------
Early stopping at step 1 due to reaching max kl: 0.03
-----------------------------------------
| rollout/                |             |
|    ep_len_mean          | 773         |
|    ep_rew_mean          | 2.2e+03     |
| time/                   |             |
|    fps                  | 2445        |
|    iterations           | 118         |
|    time_elapsed         | 395         |
|    total_timesteps      | 5971968     |
| train/                  |             |
|    approx_kl            | 0.018845556 |
|    clip_fraction        | 0.215       |
|    clip_range           | 0.2         |
|    entropy_loss         | -3.95       |
|    explained_variance   | 0.624       |
|    learning_rate        | 0.0001      |
|    loss                 | 0.0127      |
|    n_updates            | 1012        |
|    policy_gradient_loss | 0.000523    |
|    std                  | 0.398       |
|    value_loss           | 0.08        |
-----------------------------------------
Early stopping at step 0 due to reaching max kl: 0.03
-----------------------------------------
| rollout/                |             |
|    ep_len_mean          | 770         |
|    ep_rew_mean          | 2.19e+03    |
| time/                   |             |
|    fps                  | 2446        |
|    iterations           | 119         |
|    time_elapsed         | 398         |
|    total_timesteps      | 5980160     |
| train/                  |             |
|    approx_kl            | 0.011366939 |
|    clip_fraction        | 0.159       |
|    clip_range           | 0.2         |
|    entropy_loss         | -3.94       |
|    explained_variance   | 0.749       |
|    learning_rate        | 0.0001      |
|    loss                 | 0.062       |
|    n_updates            | 1013        |
|    policy_gradient_loss | 0.00616     |
|    std                  | 0.398       |
|    value_loss           | 0.0685      |
-----------------------------------------
Early stopping at step 1 due to reaching max kl: 0.03
-----------------------------------------
| rollout/                |             |
|    ep_len_mean          | 799         |
|    ep_rew_mean          | 2.28e+03    |
| time/                   |             |
|    fps                  | 2447        |
|    iterations           | 120         |
|    time_elapsed         | 401         |
|    total_timesteps      | 5988352     |
| train/                  |             |
|    approx_kl            | 0.021644056 |
|    clip_fraction        | 0.176       |
|    clip_range           | 0.2         |
|    entropy_loss         | -3.94       |
|    explained_variance   | 0.715       |
|    learning_rate        | 0.0001      |
|    loss                 | -0.0297     |
|    n_updates            | 1015        |
|    policy_gradient_loss | 0.00306     |
|    std                  | 0.397       |
|    value_loss           | 0.0678      |
-----------------------------------------
Early stopping at step 1 due to reaching max kl: 0.03
----------------------------------------
| rollout/                |            |
|    ep_len_mean          | 792        |
|    ep_rew_mean          | 2.24e+03   |
| time/                   |            |
|    fps                  | 2446       |
|    iterations           | 121        |
|    time_elapsed         | 405        |
|    total_timesteps      | 5996544    |
| train/                  |            |
|    approx_kl            | 0.01913664 |
|    clip_fraction        | 0.22       |
|    clip_range           | 0.2        |
|    entropy_loss         | -3.93      |
|    explained_variance   | 0.785      |
|    learning_rate        | 0.0001     |
|    loss                 | 0.028      |
|    n_updates            | 1017       |
|    policy_gradient_loss | 0.000844   |
|    std                  | 0.396      |
|    value_loss           | 0.0466     |
----------------------------------------
Early stopping at step 1 due to reaching max kl: 0.03
-----------------------------------------
| rollout/                |             |
|    ep_len_mean          | 787         |
|    ep_rew_mean          | 2.22e+03    |
| time/                   |             |
|    fps                  | 2447        |
|    iterations           | 122         |
|    time_elapsed         | 408         |
|    total_timesteps      | 6004736     |
| train/                  |             |
|    approx_kl            | 0.020770388 |
|    clip_fraction        | 0.188       |
|    clip_range           | 0.2         |
|    entropy_loss         | -3.92       |
|    explained_variance   | 0.75        |
|    learning_rate        | 0.0001      |
|    loss                 | -0.00994    |
|    n_updates            | 1019        |
|    policy_gradient_loss | 0.00555     |
|    std                  | 0.396       |
|    value_loss           | 0.0689      |
-----------------------------------------
Early stopping at step 0 due to reaching max kl: 0.03
-----------------------------------------
| rollout/                |             |
|    ep_len_mean          | 773         |
|    ep_rew_mean          | 2.18e+03    |
| time/                   |             |
|    fps                  | 2448        |
|    iterations           | 123         |
|    time_elapsed         | 411         |
|    total_timesteps      | 6012928     |
| train/                  |             |
|    approx_kl            | 0.011412259 |
|    clip_fraction        | 0.155       |
|    clip_range           | 0.2         |
|    entropy_loss         | -3.92       |
|    explained_variance   | 0.693       |
|    learning_rate        | 0.0001      |
|    loss                 | 0.0421      |
|    n_updates            | 1020        |
|    policy_gradient_loss | 0.00126     |
|    std                  | 0.396       |
|    value_loss           | 0.0603      |
-----------------------------------------
Early stopping at step 1 due to reaching max kl: 0.04
-----------------------------------------
| train/                  |             |
|    approx_kl            | 0.018727912 |
|    clip_fraction        | 0.207       |
|    clip_range           | 0.2         |
|    entropy_loss         | -3.91       |
|    explained_variance   | 0.712       |
|    learning_rate        | 0.0001      |
|    loss                 | -0.00782    |
|    n_updates            | 1022        |
|    policy_gradient_loss | 0.00209     |
|    std                  | 0.396       |
|    value_loss           | 0.064       |
-----------------------------------------
Evaluated robust policy seed=6 damage_leg=healthy alpha=1.000 episodes=10
mean_return=2050.351 mean_distance=43.481 mean_horizontal_distance=43.797 mean_speed=1.827 mean_horizontal_speed=1.837 mean_length=516.7 early_termination_rate=0.600
Model parameters unchanged: yes
CSV: /home/tommicalzolari/damage-robust-ant-rl/artifacts/sensitivity/robust_seed_6_1m/lr_1em04_clip_0.2/evaluation/episode_results.csv
Evaluated robust policy seed=6 damage_leg=front_left alpha=0.500 episodes=10
mean_return=3505.538 mean_distance=56.049 mean_horizontal_distance=59.038 mean_speed=1.121 mean_horizontal_speed=1.181 mean_length=1000.0 early_termination_rate=0.000
Model parameters unchanged: yes
CSV: /home/tommicalzolari/damage-robust-ant-rl/artifacts/sensitivity/robust_seed_6_1m/lr_1em04_clip_0.2/evaluation/episode_results.csv
Evaluated robust policy seed=6 damage_leg=front_right alpha=0.500 episodes=10
mean_return=3432.443 mean_distance=59.659 mean_horizontal_distance=60.970 mean_speed=1.258 mean_horizontal_speed=1.287 mean_length=903.2 early_termination_rate=0.100
Model parameters unchanged: yes
CSV: /home/tommicalzolari/damage-robust-ant-rl/artifacts/sensitivity/robust_seed_6_1m/lr_1em04_clip_0.2/evaluation/episode_results.csv
Evaluated robust policy seed=6 damage_leg=back_left alpha=0.500 episodes=10
mean_return=3853.047 mean_distance=70.236 mean_horizontal_distance=70.713 mean_speed=1.405 mean_horizontal_speed=1.414 mean_length=1000.0 early_termination_rate=0.000
Model parameters unchanged: yes
CSV: /home/tommicalzolari/damage-robust-ant-rl/artifacts/sensitivity/robust_seed_6_1m/lr_1em04_clip_0.2/evaluation/episode_results.csv
Evaluated robust policy seed=6 damage_leg=back_right alpha=0.500 episodes=10
mean_return=3469.382 mean_distance=55.327 mean_horizontal_distance=56.245 mean_speed=1.209 mean_horizontal_speed=1.228 mean_length=946.6 early_termination_rate=0.100
Model parameters unchanged: yes
CSV: /home/tommicalzolari/damage-robust-ant-rl/artifacts/sensitivity/robust_seed_6_1m/lr_1em04_clip_0.2/evaluation/episode_results.csv
[Sensitivity 1/4] lr_1em04_clip_0.2: moderate distance=60.318 m, early=0.050
Completed lr_1em04_clip_0.2. Run the remaining variants with --configuration, then use --finalize.
